"time","B1.T_K","B1.m","B1.mSalt","B2.T_K","B2.m","B2.mSalt","B3.T_K","B3.m","B3.mSalt","B4.T_K","B4.m","B4.mSalt","B5K1.T_K","B5K1.m","B5K1.mSalt","B6.T_K","B6.m","B6.mSalt","B7.T_K","B7.m","B7.mSalt","der(B1.T_K)","der(B1.m)","der(B1.mSalt)","der(B2.T_K)","der(B2.m)","der(B2.mSalt)","der(B3.T_K)","der(B3.m)","der(B3.mSalt)","der(B4.T_K)","der(B4.m)","der(B4.mSalt)","der(B5K1.T_K)","der(B5K1.m)","der(B5K1.mSalt)","der(B6.T_K)","der(B6.m)","der(B6.mSalt)","der(B7.T_K)","der(B7.m)","der(B7.mSalt)","B1.heatFlow_W","B1.level_m","B1.qOutCmd_kg_s","B1.qOutLimited_kg_s","B1.temp_C","B1.w","B1.wIn_kg_kg","B2.heatFlow_W","B2.level_m","B2.qOutCmd_kg_s","B2.qOutLimited_kg_s","B2.temp_C","B2.w","B3.heatFlow_W","B3.qIn_kg_s","B3.qOutCmd_kg_s","B3.qOutLimited_kg_s","B3.temp_C","B3.wIn_kg_kg","B3_level_m","B3_w_NaCl","B4.heatFlow_W","B4.qOutCmd_kg_s","B4.qOutLimited_kg_s","B4.temp_C","B4.w","B4_level_m","B5K1.appliedHeat_W","B5K1.evap_kg_s","B5K1.toB7_kg_s","B5K1.transferToB7Cmd_kg_s","B5_heater_cmd","B5_level_m","B5_temp_C","B5_w_NaCl","B6.heatFlow_W","B6.qOutCmd_kg_s","B6.qOutLimited_kg_s","B6.w","B6.wIn_kg_kg","B6_cooler_cmd","B6_level_m","B6_temp_C","B7.heatFlow_W","B7.qOutCmd_kg_s","B7.qOutLimited_kg_s","B7.w","B7_cooler_cmd","B7_level_m","B7_temp_C","P1_cmd","P2_cmd","V11_open","V12_open","V15_open","V18_open","V1_open","V20_open","V22_open","V23_open","V24_open","V25_open","V3_open","V5_open","V6_open","V8_open","V9_open","controller_state","region","time_s","controller.mode","B5K1.heaterCmd","B5K1.heaterPermissive","controller.CoolerB6","controller.CoolerB7","controller.V11","controller.V12","controller.V15","controller.V23","controller.V25","controller.V8","controller.V9","controller.branchADone","controller.branchBDone","B1.qIn_kg_s","B1.qOut_kg_s","B1.w_NaCl","B2.qIn_kg_s","B2.qOut_kg_s","B2.wIn_kg_kg","B2.w_NaCl","B3.level_m","B3.qOut_kg_s","B3.w","B3.w_NaCl","B4.level_m","B4.qIn_kg_s","B4.qOut_kg_s","B4.wIn_kg_kg","B4.w_NaCl","B5K1.concentrateToB7_kg_s","B5K1.condensateToB6_kg_s","B5K1.feed_kg_s","B5K1.feed_w_kg_kg","B5K1.level_m","B5K1.temp_C","B5K1.w","B5K1.w_NaCl","B6.level_m","B6.qIn_kg_s","B6.qOut_kg_s","B6.temp_C","B6.w_NaCl","B7.level_m","B7.qIn_kg_s","B7.qOut_kg_s","B7.temp_C","B7.wIn_kg_kg","B7.w_NaCl","C6r.y","C7r.y","Htr.y","P1r.y","P2r.y","V11r.y","V12r.y","V15r.y","V18r.y","V1r.y","V20r.y","V22r.y","V23r.y","V24r.y","V25r.y","V3r.y","V5r.y","V6r.y","V8r.y","V9r.y","controller.LIS_301","controller.LIS_501","controller.LIS_601","controller.LIS_701","controller.QIS_502","controller.QI_302","controller.TIS_602","controller.TIS_702","controller.controller_state","controller.region","C6r.u","C7r.u","Htr.u","P1r.u","P2r.u","V11r.u","V12r.u","V15r.u","V18r.u","V1r.u","V20r.u","V22r.u","V23r.u","V24r.u","V25r.u","V3r.u","V5r.u","V6r.u","V8r.u","V9r.u","controller.HeaterB5","controller.P1","controller.P2","controller.V1","controller.V18","controller.V20","controller.V22","controller.V24","controller.V3","controller.V5","controller.V6"
0,293.15,35,0,293.15,24.5,6.125,293.15,0.5,0,293.15,0.55,0,293.15,0.6,0,350.15,0.5,0,360.15,0.5,0,0,0,-0,0,0,0,0,0,0,0,0,0,0,0,0,0,0,-0,0,0,0,0,0.5,0,0,20,0,0,0,0.35,0,0,20,0.25,0,0,0,0,20,0,0.01,0,0,0,0,20,0,0.01,0,0,0,0,0,0.01,20,0,0,0,0,0,0,0,0.01,77,0,0,0,0,0,0.01,87,0,0,0,0,0,0,0,0,0,0,0,0,0,0,0,0,0,1,1,0,1,0,0,0,0,0,0,0,0,0,0,0,0,0,0,0,0,0,0,0,0.25,0.01,0,0,0,0.01,0,0,0,0,0,0,0,0,0.01,20,0,0,0.01,0,0,77,0,0.01,0,0,87,0,0,0,0,0,0,0,0,0,0,0,0,0,0,0,0,0,0,0,0,0,0,0.01,0.01,0.01,0.01,0,0,77,87,1,1,0,0,0,0,0,0,0,0,0,0,0,0,0,0,0,0,0,0,0,0,0,0,0,0,0,0,0,0,0,0,0
5,293.15,35,0,293.15,24.5,6.125,293.15,0.5,0,293.15,0.55,0,293.15,0.6,0,350.15,0.5,0,360.15,0.5,0,0,0,-0,0,0,0,0,0,0,0,0,0,0,0,0,0,0,-0,0,0,0,0,0.5,0,0,20,0,0,0,0.35,0,0,20,0.25,0,0,0,0,20,0,0.01,0,0,0,0,20,0,0.01,0,0,0,0,0,0.01,20,0,0,0,0,0,0,0,0.01,77,0,0,0,0,0,0.01,87,0,0,0,0,0,0,0,0,0,0,0,0,0,0,0,0,0,1,1,5,1,0,0,0,0,0,0,0,0,0,0,0,0,0,0,0,0,0,0,0,0.25,0.01,0,0,0,0.01,0,0,0,0,0,0,0,0,0.01,20,0,0,0.01,0,0,77,0,0.01,0,0,87,0,0,0,0,0,0,0,0,0,0,0,0,0,0,0,0,0,0,0,0,0,0,0.01,0.01,0.01,0.01,0,0,77,87,1,1,0,0,0,0,0,0,0,0,0,0,0,0,0,0,0,0,0,0,0,0,0,0,0,0,0,0,0,0,0,0,0
10,293.15,35,0,293.15,24.5,6.125,293.15,0.5,0,293.15,0.55,0,293.15,0.6,0,350.15,0.5,0,360.15,0.5,0,0,0,-0,0,0,0,0,0,0,0,0,0,0,0,0,0,0,-0,0,0,0,0,0.5,0,0,20,0,0,0,0.35,0,0,20,0.25,0,0,0,0,20,0,0.01,0,0,0,0,20,0,0.01,0,0,0,0,0,0.01,20,0,0,0,0,0,0,0,0.01,77,0,0,0,0,0,0.01,87,0,0,0,0,0,0,0,0,0,0,0,0,0,0,0,0,0,1,1,10,1,0,0,0,0,0,0,0,0,0,0,0,0,0,0,0,0,0,0,0,0.25,0.01,0,0,0,0.01,0,0,0,0,0,0,0,0,0.01,20,0,0,0.01,0,0,77,0,0.01,0,0,87,0,0,0,0,0,0,0,0,0,0,0,0,0,0,0,0,0,0,0,0,0,0,0.01,0.01,0.01,0.01,0,0,77,87,1,1,0,0,0,0,0,0,0,0,0,0,0,0,0,0,0,0,0,0,0,0,0,0,0,0,0,0,0,0,0,0,0
15,293.15,35,0,293.15,24.5,6.125,293.15,0.5,0,293.15,0.55,0,293.15,0.6,0,350.15,0.5,0,360.15,0.5,0,0,0,-0,0,0,0,0,0,0,0,0,0,0,0,0,0,0,-0,0,0,0,0,0.5,0,0,20,0,0,0,0.35,0,0,20,0.25,0,0,0,0,20,0,0.01,0,0,0,0,20,0,0.01,0,0,0,0,0,0.01,20,0,0,0,0,0,0,0,0.01,77,0,0,0,0,0,0.01,87,0,0,0,0,0,0,0,0,0,0,0,0,0,0,0,0,0,1,1,15,1,0,0,0,0,0,0,0,0,0,0,0,0,0,0,0,0,0,0,0,0.25,0.01,0,0,0,0.01,0,0,0,0,0,0,0,0,0.01,20,0,0,0.01,0,0,77,0,0.01,0,0,87,0,0,0,0,0,0,0,0,0,0,0,0,0,0,0,0,0,0,0,0,0,0,0.01,0.01,0.01,0.01,0,0,77,87,1,1,0,0,0,0,0,0,0,0,0,0,0,0,0,0,0,0,0,0,0,0,0,0,0,0,0,0,0,0,0,0,0
20,293.15,35,0,293.15,24.5,6.125,293.15,0.5,0,293.15,0.55,0,293.15,0.6,0,350.15,0.5,0,360.15,0.5,0,0,0,-0,0,0,0,0,0,0,0,0,0,0,0,0,0,0,-0,0,0,0,0,0.5,0,0,20,0,0,0,0.35,0,0,20,0.25,0,0,0,0,20,0,0.01,0,0,0,0,20,0,0.01,0,0,0,0,0,0.01,20,0,0,0,0,0,0,0,0.01,77,0,0,0,0,0,0.01,87,0,0,0,0,0,0,0,0,0,0,0,0,0,0,0,0,0,1,1,20,1,0,0,0,0,0,0,0,0,0,0,0,0,0,0,0,0,0,0,0,0.25,0.01,0,0,0,0.01,0,0,0,0,0,0,0,0,0.01,20,0,0,0.01,0,0,77,0,0.01,0,0,87,0,0,0,0,0,0,0,0,0,0,0,0,0,0,0,0,0,0,0,0,0,0,0.01,0.01,0.01,0.01,0,0,77,87,1,1,0,0,0,0,0,0,0,0,0,0,0,0,0,0,0,0,0,0,0,0,0,0,0,0,0,0,0,0,0,0,0
25,293.15,35,0,293.15,24.5,6.125,293.15,0.5,0,293.15,0.55,0,293.15,0.6,0,350.15,0.5,0,360.15,0.5,0,0,0,-0,0,0,0,0,0,0,0,0,0,0,0,0,0,0,-0,0,0,0,0,0.5,0,0,20,0,0,0,0.35,0,0,20,0.25,0,0,0,0,20,0,0.01,0,0,0,0,20,0,0.01,0,0,0,0,0,0.01,20,0,0,0,0,0,0,0,0.01,77,0,0,0,0,0,0.01,87,0,0,0,0,0,0,0,0,0,0,0,0,0,0,0,0,0,1,1,25,1,0,0,0,0,0,0,0,0,0,0,0,0,0,0,0,0,0,0,0,0.25,0.01,0,0,0,0.01,0,0,0,0,0,0,0,0,0.01,20,0,0,0.01,0,0,77,0,0.01,0,0,87,0,0,0,0,0,0,0,0,0,0,0,0,0,0,0,0,0,0,0,0,0,0,0.01,0.01,0.01,0.01,0,0,77,87,1,1,0,0,0,0,0,0,0,0,0,0,0,0,0,0,0,0,0,0,0,0,0,0,0,0,0,0,0,0,0,0,0
30,293.15,35,0,293.15,24.5,6.125,293.15,0.5,0,293.15,0.55,0,293.15,0.6,0,350.15,0.5,0,360.15,0.5,0,0,0,-0,0,0,0,0,0,0,0,0,0,0,0,0,0,0,-0,0,0,0,0,0.5,0,0,20,0,0,0,0.35,0,0,20,0.25,0,0,0,0,20,0,0.01,0,0,0,0,20,0,0.01,0,0,0,0,0,0.01,20,0,0,0,0,0,0,0,0.01,77,0,0,0,0,0,0.01,87,0,0,0,0,0,0,0,0,0,0,0,0,0,0,0,0,0,1,1,30,1,0,0,0,0,0,0,0,0,0,0,0,0,0,0,0,0,0,0,0,0.25,0.01,0,0,0,0.01,0,0,0,0,0,0,0,0,0.01,20,0,0,0.01,0,0,77,0,0.01,0,0,87,0,0,0,0,0,0,0,0,0,0,0,0,0,0,0,0,0,0,0,0,0,0,0.01,0.01,0.01,0.01,0,0,77,87,1,1,0,0,0,0,0,0,0,0,0,0,0,0,0,0,0,0,0,0,0,0,0,0,0,0,0,0,0,0,0,0,0
35,293.15,35,0,293.15,24.5,6.125,293.15,0.5,0,293.15,0.55,0,293.15,0.6,0,350.15,0.5,0,360.15,0.5,0,0,0,-0,0,0,0,0,0,0,0,0,0,0,0,0,0,0,-0,0,0,0,0,0.5,0,0,20,0,0,0,0.35,0,0,20,0.25,0,0,0,0,20,0,0.01,0,0,0,0,20,0,0.01,0,0,0,0,0,0.01,20,0,0,0,0,0,0,0,0.01,77,0,0,0,0,0,0.01,87,0,0,0,0,0,0,0,0,0,0,0,0,0,0,0,0,0,1,1,35,1,0,0,0,0,0,0,0,0,0,0,0,0,0,0,0,0,0,0,0,0.25,0.01,0,0,0,0.01,0,0,0,0,0,0,0,0,0.01,20,0,0,0.01,0,0,77,0,0.01,0,0,87,0,0,0,0,0,0,0,0,0,0,0,0,0,0,0,0,0,0,0,0,0,0,0.01,0.01,0.01,0.01,0,0,77,87,1,1,0,0,0,0,0,0,0,0,0,0,0,0,0,0,0,0,0,0,0,0,0,0,0,0,0,0,0,0,0,0,0
40,293.15,35,0,293.15,24.5,6.125,293.15,0.5,0,293.15,0.55,0,293.15,0.6,0,350.15,0.5,0,360.15,0.5,0,0,0,-0,0,0,0,0,0,0,0,0,0,0,0,0,0,0,-0,0,0,0,0,0.5,0,0,20,0,0,0,0.35,0,0,20,0.25,0,0,0,0,20,0,0.01,0,0,0,0,20,0,0.01,0,0,0,0,0,0.01,20,0,0,0,0,0,0,0,0.01,77,0,0,0,0,0,0.01,87,0,0,0,0,0,0,0,0,0,0,0,0,0,0,0,0,0,1,1,40,1,0,0,0,0,0,0,0,0,0,0,0,0,0,0,0,0,0,0,0,0.25,0.01,0,0,0,0.01,0,0,0,0,0,0,0,0,0.01,20,0,0,0.01,0,0,77,0,0.01,0,0,87,0,0,0,0,0,0,0,0,0,0,0,0,0,0,0,0,0,0,0,0,0,0,0.01,0.01,0.01,0.01,0,0,77,87,1,1,0,0,0,0,0,0,0,0,0,0,0,0,0,0,0,0,0,0,0,0,0,0,0,0,0,0,0,0,0,0,0
45,293.15,35,0,293.15,24.5,6.125,293.15,0.5,0,293.15,0.55,0,293.15,0.6,0,350.15,0.5,0,360.15,0.5,0,0,0,-0,0,0,0,0,0,0,0,0,0,0,0,0,0,0,-0,0,0,0,0,0.5,0,0,20,0,0,0,0.35,0,0,20,0.25,0,0,0,0,20,0,0.01,0,0,0,0,20,0,0.01,0,0,0,0,0,0.01,20,0,0,0,0,0,0,0,0.01,77,0,0,0,0,0,0.01,87,0,0,0,0,0,0,0,0,0,0,0,0,0,0,0,0,0,1,1,45,1,0,0,0,0,0,0,0,0,0,0,0,0,0,0,0,0,0,0,0,0.25,0.01,0,0,0,0.01,0,0,0,0,0,0,0,0,0.01,20,0,0,0.01,0,0,77,0,0.01,0,0,87,0,0,0,0,0,0,0,0,0,0,0,0,0,0,0,0,0,0,0,0,0,0,0.01,0.01,0.01,0.01,0,0,77,87,1,1,0,0,0,0,0,0,0,0,0,0,0,0,0,0,0,0,0,0,0,0,0,0,0,0,0,0,0,0,0,0,0
50,293.15,35,0,293.15,24.5,6.125,293.15,0.5,0,293.15,0.55,0,293.15,0.6,0,350.15,0.5,0,360.15,0.5,0,0,0,-0,0,0,0,0,0,0,0,0,0,0,0,0,0,0,-0,0,0,0,0,0.5,0,0,20,0,0,0,0.35,0,0,20,0.25,0,0,0,0,20,0,0.01,0,0,0,0,20,0,0.01,0,0,0,0,0,0.01,20,0,0,0,0,0,0,0,0.01,77,0,0,0,0,0,0.01,87,0,0,0,0,0,0,0,0,0,0,0,0,0,0,0,0,0,1,1,50,1,0,0,0,0,0,0,0,0,0,0,0,0,0,0,0,0,0,0,0,0.25,0.01,0,0,0,0.01,0,0,0,0,0,0,0,0,0.01,20,0,0,0.01,0,0,77,0,0.01,0,0,87,0,0,0,0,0,0,0,0,0,0,0,0,0,0,0,0,0,0,0,0,0,0,0.01,0.01,0.01,0.01,0,0,77,87,1,1,0,0,0,0,0,0,0,0,0,0,0,0,0,0,0,0,0,0,0,0,0,0,0,0,0,0,0,0,0,0,0
55,293.15,35,0,293.15,24.5,6.125,293.15,0.5,0,293.15,0.55,0,293.15,0.6,0,350.15,0.5,0,360.15,0.5,0,0,0,-0,0,0,0,0,0,0,0,0,0,0,0,0,0,0,-0,0,0,0,0,0.5,0,0,20,0,0,0,0.35,0,0,20,0.25,0,0,0,0,20,0,0.01,0,0,0,0,20,0,0.01,0,0,0,0,0,0.01,20,0,0,0,0,0,0,0,0.01,77,0,0,0,0,0,0.01,87,0,0,0,0,0,0,0,0,0,0,0,0,0,0,0,0,0,1,1,55,1,0,0,0,0,0,0,0,0,0,0,0,0,0,0,0,0,0,0,0,0.25,0.01,0,0,0,0.01,0,0,0,0,0,0,0,0,0.01,20,0,0,0.01,0,0,77,0,0.01,0,0,87,0,0,0,0,0,0,0,0,0,0,0,0,0,0,0,0,0,0,0,0,0,0,0.01,0.01,0.01,0.01,0,0,77,87,1,1,0,0,0,0,0,0,0,0,0,0,0,0,0,0,0,0,0,0,0,0,0,0,0,0,0,0,0,0,0,0,0
60,293.15,35,0,293.15,24.5,6.125,293.15,0.5,0,293.15,0.55,0,293.15,0.6,0,350.15,0.5,0,360.15,0.5,0,0,0,-0,0,0,0,0,0,0,0,0,0,0,0,0,0,0,-0,0,0,0,0,0.5,0,0,20,0,0,0,0.35,0,0,20,0.25,0,0,0,0,20,0,0.01,0,0,0,0,20,0,0.01,0,0,0,0,0,0.01,20,0,0,0,0,0,0,0,0.01,77,0,0,0,0,0,0.01,87,0,0,0,0,0,0,0,0,0,0,0,0,0,0,0,0,0,1,1,60,1,0,0,0,0,0,0,0,0,0,0,0,0,0,0,0,0,0,0,0,0.25,0.01,0,0,0,0.01,0,0,0,0,0,0,0,0,0.01,20,0,0,0.01,0,0,77,0,0.01,0,0,87,0,0,0,0,0,0,0,0,0,0,0,0,0,0,0,0,0,0,0,0,0,0,0.01,0.01,0.01,0.01,0,0,77,87,1,1,0,0,0,0,0,0,0,0,0,0,0,0,0,0,0,0,0,0,0,0,0,0,0,0,0,0,0,0,0,0,0
65,293.15,35,0,293.15,24.5,6.125,293.15,0.5,0,293.15,0.55,0,293.15,0.6,0,350.15,0.5,0,360.15,0.5,0,0,0,-0,0,0,0,0,0,0,0,0,0,0,0,0,0,0,-0,0,0,0,0,0.5,0,0,20,0,0,0,0.35,0,0,20,0.25,0,0,0,0,20,0,0.01,0,0,0,0,20,0,0.01,0,0,0,0,0,0.01,20,0,0,0,0,0,0,0,0.01,77,0,0,0,0,0,0.01,87,0,0,0,0,0,0,0,0,0,0,0,0,0,0,0,0,0,1,1,65,1,0,0,0,0,0,0,0,0,0,0,0,0,0,0,0,0,0,0,0,0.25,0.01,0,0,0,0.01,0,0,0,0,0,0,0,0,0.01,20,0,0,0.01,0,0,77,0,0.01,0,0,87,0,0,0,0,0,0,0,0,0,0,0,0,0,0,0,0,0,0,0,0,0,0,0.01,0.01,0.01,0.01,0,0,77,87,1,1,0,0,0,0,0,0,0,0,0,0,0,0,0,0,0,0,0,0,0,0,0,0,0,0,0,0,0,0,0,0,0
70,293.15,35,0,293.15,24.5,6.125,293.15,0.5,0,293.15,0.55,0,293.15,0.6,0,350.15,0.5,0,360.15,0.5,0,0,0,-0,0,0,0,0,0,0,0,0,0,0,0,0,0,0,-0,0,0,0,0,0.5,0,0,20,0,0,0,0.35,0,0,20,0.25,0,0,0,0,20,0,0.01,0,0,0,0,20,0,0.01,0,0,0,0,0,0.01,20,0,0,0,0,0,0,0,0.01,77,0,0,0,0,0,0.01,87,0,0,0,0,0,0,0,0,0,0,0,0,0,0,0,0,0,1,1,70,1,0,0,0,0,0,0,0,0,0,0,0,0,0,0,0,0,0,0,0,0.25,0.01,0,0,0,0.01,0,0,0,0,0,0,0,0,0.01,20,0,0,0.01,0,0,77,0,0.01,0,0,87,0,0,0,0,0,0,0,0,0,0,0,0,0,0,0,0,0,0,0,0,0,0,0.01,0.01,0.01,0.01,0,0,77,87,1,1,0,0,0,0,0,0,0,0,0,0,0,0,0,0,0,0,0,0,0,0,0,0,0,0,0,0,0,0,0,0,0
75,293.15,35,0,293.15,24.5,6.125,293.15,0.5,0,293.15,0.55,0,293.15,0.6,0,350.15,0.5,0,360.15,0.5,0,0,0,-0,0,0,0,0,0,0,0,0,0,0,0,0,0,0,-0,0,0,0,0,0.5,0,0,20,0,0,0,0.35,0,0,20,0.25,0,0,0,0,20,0,0.01,0,0,0,0,20,0,0.01,0,0,0,0,0,0.01,20,0,0,0,0,0,0,0,0.01,77,0,0,0,0,0,0.01,87,0,0,0,0,0,0,0,0,0,0,0,0,0,0,0,0,0,1,1,75,1,0,0,0,0,0,0,0,0,0,0,0,0,0,0,0,0,0,0,0,0.25,0.01,0,0,0,0.01,0,0,0,0,0,0,0,0,0.01,20,0,0,0.01,0,0,77,0,0.01,0,0,87,0,0,0,0,0,0,0,0,0,0,0,0,0,0,0,0,0,0,0,0,0,0,0.01,0.01,0.01,0.01,0,0,77,87,1,1,0,0,0,0,0,0,0,0,0,0,0,0,0,0,0,0,0,0,0,0,0,0,0,0,0,0,0,0,0,0,0
80,293.15,35,0,293.15,24.5,6.125,293.15,0.5,0,293.15,0.55,0,293.15,0.6,0,350.15,0.5,0,360.15,0.5,0,0,0,-0,0,0,0,0,0,0,0,0,0,0,0,0,0,0,-0,0,0,0,0,0.5,0,0,20,0,0,0,0.35,0,0,20,0.25,0,0,0,0,20,0,0.01,0,0,0,0,20,0,0.01,0,0,0,0,0,0.01,20,0,0,0,0,0,0,0,0.01,77,0,0,0,0,0,0.01,87,0,0,0,0,0,0,0,0,0,0,0,0,0,0,0,0,0,1,1,80,1,0,0,0,0,0,0,0,0,0,0,0,0,0,0,0,0,0,0,0,0.25,0.01,0,0,0,0.01,0,0,0,0,0,0,0,0,0.01,20,0,0,0.01,0,0,77,0,0.01,0,0,87,0,0,0,0,0,0,0,0,0,0,0,0,0,0,0,0,0,0,0,0,0,0,0.01,0.01,0.01,0.01,0,0,77,87,1,1,0,0,0,0,0,0,0,0,0,0,0,0,0,0,0,0,0,0,0,0,0,0,0,0,0,0,0,0,0,0,0
85,293.15,35,0,293.15,24.5,6.125,293.15,0.5,0,293.15,0.55,0,293.15,0.6,0,350.15,0.5,0,360.15,0.5,0,0,0,-0,0,0,0,0,0,0,0,0,0,0,0,0,0,0,-0,0,0,0,0,0.5,0,0,20,0,0,0,0.35,0,0,20,0.25,0,0,0,0,20,0,0.01,0,0,0,0,20,0,0.01,0,0,0,0,0,0.01,20,0,0,0,0,0,0,0,0.01,77,0,0,0,0,0,0.01,87,0,0,0,0,0,0,0,0,0,0,0,0,0,0,0,0,0,1,1,85,1,0,0,0,0,0,0,0,0,0,0,0,0,0,0,0,0,0,0,0,0.25,0.01,0,0,0,0.01,0,0,0,0,0,0,0,0,0.01,20,0,0,0.01,0,0,77,0,0.01,0,0,87,0,0,0,0,0,0,0,0,0,0,0,0,0,0,0,0,0,0,0,0,0,0,0.01,0.01,0.01,0.01,0,0,77,87,1,1,0,0,0,0,0,0,0,0,0,0,0,0,0,0,0,0,0,0,0,0,0,0,0,0,0,0,0,0,0,0,0
90,293.15,35,0,293.15,24.5,6.125,293.15,0.5,0,293.15,0.55,0,293.15,0.6,0,350.15,0.5,0,360.15,0.5,0,0,0,-0,0,0,0,0,0,0,0,0,0,0,0,0,0,0,-0,0,0,0,0,0.5,0,0,20,0,0,0,0.35,0,0,20,0.25,0,0,0,0,20,0,0.01,0,0,0,0,20,0,0.01,0,0,0,0,0,0.01,20,0,0,0,0,0,0,0,0.01,77,0,0,0,0,0,0.01,87,0,0,0,0,0,0,0,0,0,0,0,0,0,0,0,0,0,1,1,90,1,0,0,0,0,0,0,0,0,0,0,0,0,0,0,0,0,0,0,0,0.25,0.01,0,0,0,0.01,0,0,0,0,0,0,0,0,0.01,20,0,0,0.01,0,0,77,0,0.01,0,0,87,0,0,0,0,0,0,0,0,0,0,0,0,0,0,0,0,0,0,0,0,0,0,0.01,0.01,0.01,0.01,0,0,77,87,1,1,0,0,0,0,0,0,0,0,0,0,0,0,0,0,0,0,0,0,0,0,0,0,0,0,0,0,0,0,0,0,0
95,293.15,35,0,293.15,24.5,6.125,293.15,0.5,0,293.15,0.55,0,293.15,0.6,0,350.15,0.5,0,360.15,0.5,0,0,0,-0,0,0,0,0,0,0,0,0,0,0,0,0,0,0,-0,0,0,0,0,0.5,0,0,20,0,0,0,0.35,0,0,20,0.25,0,0,0,0,20,0,0.01,0,0,0,0,20,0,0.01,0,0,0,0,0,0.01,20,0,0,0,0,0,0,0,0.01,77,0,0,0,0,0,0.01,87,0,0,0,0,0,0,0,0,0,0,0,0,0,0,0,0,0,1,1,95,1,0,0,0,0,0,0,0,0,0,0,0,0,0,0,0,0,0,0,0,0.25,0.01,0,0,0,0.01,0,0,0,0,0,0,0,0,0.01,20,0,0,0.01,0,0,77,0,0.01,0,0,87,0,0,0,0,0,0,0,0,0,0,0,0,0,0,0,0,0,0,0,0,0,0,0.01,0.01,0.01,0.01,0,0,77,87,1,1,0,0,0,0,0,0,0,0,0,0,0,0,0,0,0,0,0,0,0,0,0,0,0,0,0,0,0,0,0,0,0
100,293.15,35,0,293.15,24.5,6.125,293.15,0.5,0,293.15,0.55,0,293.15,0.6,0,350.15,0.5,0,360.15,0.5,0,0,0,-0,0,0,0,0,0,0,0,0,0,0,0,0,0,0,-0,0,0,0,0,0.5,0,0,20,0,0,0,0.35,0,0,20,0.25,0,0,0,0,20,0,0.01,0,0,0,0,20,0,0.01,0,0,0,0,0,0.01,20,0,0,0,0,0,0,0,0.01,77,0,0,0,0,0,0.01,87,0,0,0,0,0,0,0,0,0,0,0,0,0,0,0,0,0,1,1,100,1,0,0,0,0,0,0,0,0,0,0,0,0,0,0,0,0,0,0,0,0.25,0.01,0,0,0,0.01,0,0,0,0,0,0,0,0,0.01,20,0,0,0.01,0,0,77,0,0.01,0,0,87,0,0,0,0,0,0,0,0,0,0,0,0,0,0,0,0,0,0,0,0,0,0,0.01,0.01,0.01,0.01,0,0,77,87,1,1,0,0,0,0,0,0,0,0,0,0,0,0,0,0,0,0,0,0,0,0,0,0,0,0,0,0,0,0,0,0,0
105,293.15,35,0,293.15,24.5,6.125,293.15,0.5,0,293.15,0.55,0,293.15,0.6,0,350.15,0.5,0,360.15,0.5,0,0,0,-0,0,0,0,0,0,0,0,0,0,0,0,0,0,0,-0,0,0,0,0,0.5,0,0,20,0,0,0,0.35,0,0,20,0.25,0,0,0,0,20,0,0.01,0,0,0,0,20,0,0.01,0,0,0,0,0,0.01,20,0,0,0,0,0,0,0,0.01,77,0,0,0,0,0,0.01,87,0,0,0,0,0,0,0,0,0,0,0,0,0,0,0,0,0,1,1,105,1,0,0,0,0,0,0,0,0,0,0,0,0,0,0,0,0,0,0,0,0.25,0.01,0,0,0,0.01,0,0,0,0,0,0,0,0,0.01,20,0,0,0.01,0,0,77,0,0.01,0,0,87,0,0,0,0,0,0,0,0,0,0,0,0,0,0,0,0,0,0,0,0,0,0,0.01,0.01,0.01,0.01,0,0,77,87,1,1,0,0,0,0,0,0,0,0,0,0,0,0,0,0,0,0,0,0,0,0,0,0,0,0,0,0,0,0,0,0,0
110,293.15,35,0,293.15,24.5,6.125,293.15,0.5,0,293.15,0.55,0,293.15,0.6,0,350.15,0.5,0,360.15,0.5,0,0,0,-0,0,0,0,0,0,0,0,0,0,0,0,0,0,0,-0,0,0,0,0,0.5,0,0,20,0,0,0,0.35,0,0,20,0.25,0,0,0,0,20,0,0.01,0,0,0,0,20,0,0.01,0,0,0,0,0,0.01,20,0,0,0,0,0,0,0,0.01,77,0,0,0,0,0,0.01,87,0,0,0,0,0,0,0,0,0,0,0,0,0,0,0,0,0,1,1,110,1,0,0,0,0,0,0,0,0,0,0,0,0,0,0,0,0,0,0,0,0.25,0.01,0,0,0,0.01,0,0,0,0,0,0,0,0,0.01,20,0,0,0.01,0,0,77,0,0.01,0,0,87,0,0,0,0,0,0,0,0,0,0,0,0,0,0,0,0,0,0,0,0,0,0,0.01,0.01,0.01,0.01,0,0,77,87,1,1,0,0,0,0,0,0,0,0,0,0,0,0,0,0,0,0,0,0,0,0,0,0,0,0,0,0,0,0,0,0,0
115,293.15,35,0,293.15,24.5,6.125,293.15,0.5,0,293.15,0.55,0,293.15,0.6,0,350.15,0.5,0,360.15,0.5,0,0,0,-0,0,0,0,0,0,0,0,0,0,0,0,0,0,0,-0,0,0,0,0,0.5,0,0,20,0,0,0,0.35,0,0,20,0.25,0,0,0,0,20,0,0.01,0,0,0,0,20,0,0.01,0,0,0,0,0,0.01,20,0,0,0,0,0,0,0,0.01,77,0,0,0,0,0,0.01,87,0,0,0,0,0,0,0,0,0,0,0,0,0,0,0,0,0,1,1,115,1,0,0,0,0,0,0,0,0,0,0,0,0,0,0,0,0,0,0,0,0.25,0.01,0,0,0,0.01,0,0,0,0,0,0,0,0,0.01,20,0,0,0.01,0,0,77,0,0.01,0,0,87,0,0,0,0,0,0,0,0,0,0,0,0,0,0,0,0,0,0,0,0,0,0,0.01,0.01,0.01,0.01,0,0,77,87,1,1,0,0,0,0,0,0,0,0,0,0,0,0,0,0,0,0,0,0,0,0,0,0,0,0,0,0,0,0,0,0,0
120,293.15,35,0,293.15,24.5,6.125,293.15,0.5,0,293.15,0.55,0,293.15,0.6,0,350.15,0.5,0,360.15,0.5,0,0,0,-0,0,0,0,0,0,0,0,0,0,0,0,0,0,0,-0,0,0,0,0,0.5,0,0,20,0,0,0,0.35,0,0,20,0.25,0,0,0,0,20,0,0.01,0,0,0,0,20,0,0.01,0,0,0,0,0,0.01,20,0,0,0,0,0,0,0,0.01,77,0,0,0,0,0,0.01,87,0,0,0,0,0,0,0,0,0,0,0,0,0,0,0,0,0,1,1,120,1,0,0,0,0,0,0,0,0,0,0,0,0,0,0,0,0,0,0,0,0.25,0.01,0,0,0,0.01,0,0,0,0,0,0,0,0,0.01,20,0,0,0.01,0,0,77,0,0.01,0,0,87,0,0,0,0,0,0,0,0,0,0,0,0,0,0,0,0,0,0,0,0,0,0,0.01,0.01,0.01,0.01,0,0,77,87,1,1,0,0,0,0,0,0,0,0,0,0,0,0,0,0,0,0,0,0,0,0,0,0,0,0,0,0,0,0,0,0,0
125,293.15,35,0,293.15,24.5,6.125,293.15,0.5,0,293.15,0.55,0,293.15,0.6,0,350.15,0.5,0,360.15,0.5,0,0,0,-0,0,0,0,0,0,0,0,0,0,0,0,0,0,0,-0,0,0,0,0,0.5,0,0,20,0,0,0,0.35,0,0,20,0.25,0,0,0,0,20,0,0.01,0,0,0,0,20,0,0.01,0,0,0,0,0,0.01,20,0,0,0,0,0,0,0,0.01,77,0,0,0,0,0,0.01,87,0,0,0,0,0,0,0,0,0,0,0,0,0,0,0,0,0,1,1,125,1,0,0,0,0,0,0,0,0,0,0,0,0,0,0,0,0,0,0,0,0.25,0.01,0,0,0,0.01,0,0,0,0,0,0,0,0,0.01,20,0,0,0.01,0,0,77,0,0.01,0,0,87,0,0,0,0,0,0,0,0,0,0,0,0,0,0,0,0,0,0,0,0,0,0,0.01,0.01,0.01,0.01,0,0,77,87,1,1,0,0,0,0,0,0,0,0,0,0,0,0,0,0,0,0,0,0,0,0,0,0,0,0,0,0,0,0,0,0,0
130,293.15,35,0,293.15,24.5,6.125,293.15,0.5,0,293.15,0.55,0,293.15,0.6,0,350.15,0.5,0,360.15,0.5,0,0,0,-0,0,0,0,0,0,0,0,0,0,0,0,0,0,0,-0,0,0,0,0,0.5,0,0,20,0,0,0,0.35,0,0,20,0.25,0,0,0,0,20,0,0.01,0,0,0,0,20,0,0.01,0,0,0,0,0,0.01,20,0,0,0,0,0,0,0,0.01,77,0,0,0,0,0,0.01,87,0,0,0,0,0,0,0,0,0,0,0,0,0,0,0,0,0,1,1,130,1,0,0,0,0,0,0,0,0,0,0,0,0,0,0,0,0,0,0,0,0.25,0.01,0,0,0,0.01,0,0,0,0,0,0,0,0,0.01,20,0,0,0.01,0,0,77,0,0.01,0,0,87,0,0,0,0,0,0,0,0,0,0,0,0,0,0,0,0,0,0,0,0,0,0,0.01,0.01,0.01,0.01,0,0,77,87,1,1,0,0,0,0,0,0,0,0,0,0,0,0,0,0,0,0,0,0,0,0,0,0,0,0,0,0,0,0,0,0,0
135,293.15,35,0,293.15,24.5,6.125,293.15,0.5,0,293.15,0.55,0,293.15,0.6,0,350.15,0.5,0,360.15,0.5,0,0,0,-0,0,0,0,0,0,0,0,0,0,0,0,0,0,0,-0,0,0,0,0,0.5,0,0,20,0,0,0,0.35,0,0,20,0.25,0,0,0,0,20,0,0.01,0,0,0,0,20,0,0.01,0,0,0,0,0,0.01,20,0,0,0,0,0,0,0,0.01,77,0,0,0,0,0,0.01,87,0,0,0,0,0,0,0,0,0,0,0,0,0,0,0,0,0,1,1,135,1,0,0,0,0,0,0,0,0,0,0,0,0,0,0,0,0,0,0,0,0.25,0.01,0,0,0,0.01,0,0,0,0,0,0,0,0,0.01,20,0,0,0.01,0,0,77,0,0.01,0,0,87,0,0,0,0,0,0,0,0,0,0,0,0,0,0,0,0,0,0,0,0,0,0,0.01,0.01,0.01,0.01,0,0,77,87,1,1,0,0,0,0,0,0,0,0,0,0,0,0,0,0,0,0,0,0,0,0,0,0,0,0,0,0,0,0,0,0,0
140,293.15,35,0,293.15,24.5,6.125,293.15,0.5,0,293.15,0.55,0,293.15,0.6,0,350.15,0.5,0,360.15,0.5,0,0,0,-0,0,0,0,0,0,0,0,0,0,0,0,0,0,0,-0,0,0,0,0,0.5,0,0,20,0,0,0,0.35,0,0,20,0.25,0,0,0,0,20,0,0.01,0,0,0,0,20,0,0.01,0,0,0,0,0,0.01,20,0,0,0,0,0,0,0,0.01,77,0,0,0,0,0,0.01,87,0,0,0,0,0,0,0,0,0,0,0,0,0,0,0,0,0,1,1,140,1,0,0,0,0,0,0,0,0,0,0,0,0,0,0,0,0,0,0,0,0.25,0.01,0,0,0,0.01,0,0,0,0,0,0,0,0,0.01,20,0,0,0.01,0,0,77,0,0.01,0,0,87,0,0,0,0,0,0,0,0,0,0,0,0,0,0,0,0,0,0,0,0,0,0,0.01,0.01,0.01,0.01,0,0,77,87,1,1,0,0,0,0,0,0,0,0,0,0,0,0,0,0,0,0,0,0,0,0,0,0,0,0,0,0,0,0,0,0,0
145,293.15,35,0,293.15,24.5,6.125,293.15,0.5,0,293.15,0.55,0,293.15,0.6,0,350.15,0.5,0,360.15,0.5,0,0,0,-0,0,0,0,0,0,0,0,0,0,0,0,0,0,0,-0,0,0,0,0,0.5,0,0,20,0,0,0,0.35,0,0,20,0.25,0,0,0,0,20,0,0.01,0,0,0,0,20,0,0.01,0,0,0,0,0,0.01,20,0,0,0,0,0,0,0,0.01,77,0,0,0,0,0,0.01,87,0,0,0,0,0,0,0,0,0,0,0,0,0,0,0,0,0,1,1,145,1,0,0,0,0,0,0,0,0,0,0,0,0,0,0,0,0,0,0,0,0.25,0.01,0,0,0,0.01,0,0,0,0,0,0,0,0,0.01,20,0,0,0.01,0,0,77,0,0.01,0,0,87,0,0,0,0,0,0,0,0,0,0,0,0,0,0,0,0,0,0,0,0,0,0,0.01,0.01,0.01,0.01,0,0,77,87,1,1,0,0,0,0,0,0,0,0,0,0,0,0,0,0,0,0,0,0,0,0,0,0,0,0,0,0,0,0,0,0,0
150,293.15,35,0,293.15,24.5,6.125,293.15,0.5,0,293.15,0.55,0,293.15,0.6,0,350.15,0.5,0,360.15,0.5,0,0,0,-0,0,0,0,0,0,0,0,0,0,0,0,0,0,0,-0,0,0,0,0,0.5,0,0,20,0,0,0,0.35,0,0,20,0.25,0,0,0,0,20,0,0.01,0,0,0,0,20,0,0.01,0,0,0,0,0,0.01,20,0,0,0,0,0,0,0,0.01,77,0,0,0,0,0,0.01,87,0,0,0,0,0,0,0,0,0,0,0,0,0,0,0,0,0,1,1,150,1,0,0,0,0,0,0,0,0,0,0,0,0,0,0,0,0,0,0,0,0.25,0.01,0,0,0,0.01,0,0,0,0,0,0,0,0,0.01,20,0,0,0.01,0,0,77,0,0.01,0,0,87,0,0,0,0,0,0,0,0,0,0,0,0,0,0,0,0,0,0,0,0,0,0,0.01,0.01,0.01,0.01,0,0,77,87,1,1,0,0,0,0,0,0,0,0,0,0,0,0,0,0,0,0,0,0,0,0,0,0,0,0,0,0,0,0,0,0,0
155,293.15,35,0,293.15,24.5,6.125,293.15,0.5,0,293.15,0.55,0,293.15,0.6,0,350.15,0.5,0,360.15,0.5,0,0,0,-0,0,0,0,0,0,0,0,0,0,0,0,0,0,0,-0,0,0,0,0,0.5,0,0,20,0,0,0,0.35,0,0,20,0.25,0,0,0,0,20,0,0.01,0,0,0,0,20,0,0.01,0,0,0,0,0,0.01,20,0,0,0,0,0,0,0,0.01,77,0,0,0,0,0,0.01,87,0,0,0,0,0,0,0,0,0,0,0,0,0,0,0,0,0,1,1,155,1,0,0,0,0,0,0,0,0,0,0,0,0,0,0,0,0,0,0,0,0.25,0.01,0,0,0,0.01,0,0,0,0,0,0,0,0,0.01,20,0,0,0.01,0,0,77,0,0.01,0,0,87,0,0,0,0,0,0,0,0,0,0,0,0,0,0,0,0,0,0,0,0,0,0,0.01,0.01,0.01,0.01,0,0,77,87,1,1,0,0,0,0,0,0,0,0,0,0,0,0,0,0,0,0,0,0,0,0,0,0,0,0,0,0,0,0,0,0,0
160,293.15,35,0,293.15,24.5,6.125,293.15,0.5,0,293.15,0.55,0,293.15,0.6,0,350.15,0.5,0,360.15,0.5,0,0,0,-0,0,0,0,0,0,0,0,0,0,0,0,0,0,0,-0,0,0,0,0,0.5,0,0,20,0,0,0,0.35,0,0,20,0.25,0,0,0,0,20,0,0.01,0,0,0,0,20,0,0.01,0,0,0,0,0,0.01,20,0,0,0,0,0,0,0,0.01,77,0,0,0,0,0,0.01,87,0,0,0,0,0,0,0,0,0,0,0,0,0,0,0,0,0,1,1,160,1,0,0,0,0,0,0,0,0,0,0,0,0,0,0,0,0,0,0,0,0.25,0.01,0,0,0,0.01,0,0,0,0,0,0,0,0,0.01,20,0,0,0.01,0,0,77,0,0.01,0,0,87,0,0,0,0,0,0,0,0,0,0,0,0,0,0,0,0,0,0,0,0,0,0,0.01,0.01,0.01,0.01,0,0,77,87,1,1,0,0,0,0,0,0,0,0,0,0,0,0,0,0,0,0,0,0,0,0,0,0,0,0,0,0,0,0,0,0,0
165,293.15,35,0,293.15,24.5,6.125,293.15,0.5,0,293.15,0.55,0,293.15,0.6,0,350.15,0.5,0,360.15,0.5,0,0,0,-0,0,0,0,0,0,0,0,0,0,0,0,0,0,0,-0,0,0,0,0,0.5,0,0,20,0,0,0,0.35,0,0,20,0.25,0,0,0,0,20,0,0.01,0,0,0,0,20,0,0.01,0,0,0,0,0,0.01,20,0,0,0,0,0,0,0,0.01,77,0,0,0,0,0,0.01,87,0,0,0,0,0,0,0,0,0,0,0,0,0,0,0,0,0,1,1,165,1,0,0,0,0,0,0,0,0,0,0,0,0,0,0,0,0,0,0,0,0.25,0.01,0,0,0,0.01,0,0,0,0,0,0,0,0,0.01,20,0,0,0.01,0,0,77,0,0.01,0,0,87,0,0,0,0,0,0,0,0,0,0,0,0,0,0,0,0,0,0,0,0,0,0,0.01,0.01,0.01,0.01,0,0,77,87,1,1,0,0,0,0,0,0,0,0,0,0,0,0,0,0,0,0,0,0,0,0,0,0,0,0,0,0,0,0,0,0,0
170,293.15,35,0,293.15,24.5,6.125,293.15,0.5,0,293.15,0.55,0,293.15,0.6,0,350.15,0.5,0,360.15,0.5,0,0,0,-0,0,0,0,0,0,0,0,0,0,0,0,0,0,0,-0,0,0,0,0,0.5,0,0,20,0,0,0,0.35,0,0,20,0.25,0,0,0,0,20,0,0.01,0,0,0,0,20,0,0.01,0,0,0,0,0,0.01,20,0,0,0,0,0,0,0,0.01,77,0,0,0,0,0,0.01,87,0,0,0,0,0,0,0,0,0,0,0,0,0,0,0,0,0,1,1,170,1,0,0,0,0,0,0,0,0,0,0,0,0,0,0,0,0,0,0,0,0.25,0.01,0,0,0,0.01,0,0,0,0,0,0,0,0,0.01,20,0,0,0.01,0,0,77,0,0.01,0,0,87,0,0,0,0,0,0,0,0,0,0,0,0,0,0,0,0,0,0,0,0,0,0,0.01,0.01,0.01,0.01,0,0,77,87,1,1,0,0,0,0,0,0,0,0,0,0,0,0,0,0,0,0,0,0,0,0,0,0,0,0,0,0,0,0,0,0,0
175,293.15,35,0,293.15,24.5,6.125,293.15,0.5,0,293.15,0.55,0,293.15,0.6,0,350.15,0.5,0,360.15,0.5,0,0,0,-0,0,0,0,0,0,0,0,0,0,0,0,0,0,0,-0,0,0,0,0,0.5,0,0,20,0,0,0,0.35,0,0,20,0.25,0,0,0,0,20,0,0.01,0,0,0,0,20,0,0.01,0,0,0,0,0,0.01,20,0,0,0,0,0,0,0,0.01,77,0,0,0,0,0,0.01,87,0,0,0,0,0,0,0,0,0,0,0,0,0,0,0,0,0,1,1,175,1,0,0,0,0,0,0,0,0,0,0,0,0,0,0,0,0,0,0,0,0.25,0.01,0,0,0,0.01,0,0,0,0,0,0,0,0,0.01,20,0,0,0.01,0,0,77,0,0.01,0,0,87,0,0,0,0,0,0,0,0,0,0,0,0,0,0,0,0,0,0,0,0,0,0,0.01,0.01,0.01,0.01,0,0,77,87,1,1,0,0,0,0,0,0,0,0,0,0,0,0,0,0,0,0,0,0,0,0,0,0,0,0,0,0,0,0,0,0,0
180,293.15,35,0,293.15,24.5,6.125,293.15,0.5,0,293.15,0.55,0,293.15,0.6,0,350.15,0.5,0,360.15,0.5,0,0,0,-0,0,0,0,0,0,0,0,0,0,0,0,0,0,0,-0,0,0,0,0,0.5,0,0,20,0,0,0,0.35,0,0,20,0.25,0,0,0,0,20,0,0.01,0,0,0,0,20,0,0.01,0,0,0,0,0,0.01,20,0,0,0,0,0,0,0,0.01,77,0,0,0,0,0,0.01,87,0,0,0,0,0,0,0,0,0,0,0,0,0,0,0,0,0,1,1,180,1,0,0,0,0,0,0,0,0,0,0,0,0,0,0,0,0,0,0,0,0.25,0.01,0,0,0,0.01,0,0,0,0,0,0,0,0,0.01,20,0,0,0.01,0,0,77,0,0.01,0,0,87,0,0,0,0,0,0,0,0,0,0,0,0,0,0,0,0,0,0,0,0,0,0,0.01,0.01,0.01,0.01,0,0,77,87,1,1,0,0,0,0,0,0,0,0,0,0,0,0,0,0,0,0,0,0,0,0,0,0,0,0,0,0,0,0,0,0,0
185,293.15,35,0,293.15,24.5,6.125,293.15,0.5,0,293.15,0.55,0,293.15,0.6,0,350.15,0.5,0,360.15,0.5,0,0,0,-0,0,0,0,0,0,0,0,0,0,0,0,0,0,0,-0,0,0,0,0,0.5,0,0,20,0,0,0,0.35,0,0,20,0.25,0,0,0,0,20,0,0.01,0,0,0,0,20,0,0.01,0,0,0,0,0,0.01,20,0,0,0,0,0,0,0,0.01,77,0,0,0,0,0,0.01,87,0,0,0,0,0,0,0,0,0,0,0,0,0,0,0,0,0,1,1,185,1,0,0,0,0,0,0,0,0,0,0,0,0,0,0,0,0,0,0,0,0.25,0.01,0,0,0,0.01,0,0,0,0,0,0,0,0,0.01,20,0,0,0.01,0,0,77,0,0.01,0,0,87,0,0,0,0,0,0,0,0,0,0,0,0,0,0,0,0,0,0,0,0,0,0,0.01,0.01,0.01,0.01,0,0,77,87,1,1,0,0,0,0,0,0,0,0,0,0,0,0,0,0,0,0,0,0,0,0,0,0,0,0,0,0,0,0,0,0,0
190,293.15,35,0,293.15,24.5,6.125,293.15,0.5,0,293.15,0.55,0,293.15,0.6,0,350.15,0.5,0,360.15,0.5,0,0,0,-0,0,0,0,0,0,0,0,0,0,0,0,0,0,0,-0,0,0,0,0,0.5,0,0,20,0,0,0,0.35,0,0,20,0.25,0,0,0,0,20,0,0.01,0,0,0,0,20,0,0.01,0,0,0,0,0,0.01,20,0,0,0,0,0,0,0,0.01,77,0,0,0,0,0,0.01,87,0,0,0,0,0,0,0,0,0,0,0,0,0,0,0,0,0,1,1,190,1,0,0,0,0,0,0,0,0,0,0,0,0,0,0,0,0,0,0,0,0.25,0.01,0,0,0,0.01,0,0,0,0,0,0,0,0,0.01,20,0,0,0.01,0,0,77,0,0.01,0,0,87,0,0,0,0,0,0,0,0,0,0,0,0,0,0,0,0,0,0,0,0,0,0,0.01,0.01,0.01,0.01,0,0,77,87,1,1,0,0,0,0,0,0,0,0,0,0,0,0,0,0,0,0,0,0,0,0,0,0,0,0,0,0,0,0,0,0,0
195,293.15,35,0,293.15,24.5,6.125,293.15,0.5,0,293.15,0.55,0,293.15,0.6,0,350.15,0.5,0,360.15,0.5,0,0,0,-0,0,0,0,0,0,0,0,0,0,0,0,0,0,0,-0,0,0,0,0,0.5,0,0,20,0,0,0,0.35,0,0,20,0.25,0,0,0,0,20,0,0.01,0,0,0,0,20,0,0.01,0,0,0,0,0,0.01,20,0,0,0,0,0,0,0,0.01,77,0,0,0,0,0,0.01,87,0,0,0,0,0,0,0,0,0,0,0,0,0,0,0,0,0,1,1,195,1,0,0,0,0,0,0,0,0,0,0,0,0,0,0,0,0,0,0,0,0.25,0.01,0,0,0,0.01,0,0,0,0,0,0,0,0,0.01,20,0,0,0.01,0,0,77,0,0.01,0,0,87,0,0,0,0,0,0,0,0,0,0,0,0,0,0,0,0,0,0,0,0,0,0,0.01,0.01,0.01,0.01,0,0,77,87,1,1,0,0,0,0,0,0,0,0,0,0,0,0,0,0,0,0,0,0,0,0,0,0,0,0,0,0,0,0,0,0,0
200,293.15,35,0,293.15,24.5,6.125,293.15,0.5,0,293.15,0.55,0,293.15,0.6,0,350.15,0.5,0,360.15,0.5,0,0,0,-0,0,0,0,0,0,0,0,0,0,0,0,0,0,0,-0,0,0,0,0,0.5,0,0,20,0,0,0,0.35,0,0,20,0.25,0,0,0,0,20,0,0.01,0,0,0,0,20,0,0.01,0,0,0,0,0,0.01,20,0,0,0,0,0,0,0,0.01,77,0,0,0,0,0,0.01,87,0,0,0,0,0,0,0,0,0,0,0,0,0,0,0,0,0,1,1,200,1,0,0,0,0,0,0,0,0,0,0,0,0,0,0,0,0,0,0,0,0.25,0.01,0,0,0,0.01,0,0,0,0,0,0,0,0,0.01,20,0,0,0.01,0,0,77,0,0.01,0,0,87,0,0,0,0,0,0,0,0,0,0,0,0,0,0,0,0,0,0,0,0,0,0,0.01,0.01,0.01,0.01,0,0,77,87,1,1,0,0,0,0,0,0,0,0,0,0,0,0,0,0,0,0,0,0,0,0,0,0,0,0,0,0,0,0,0,0,0
205,293.15,35,0,293.15,24.5,6.125,293.15,0.5,0,293.15,0.55,0,293.15,0.6,0,350.15,0.5,0,360.15,0.5,0,0,0,-0,0,0,0,0,0,0,0,0,0,0,0,0,0,0,-0,0,0,0,0,0.5,0,0,20,0,0,0,0.35,0,0,20,0.25,0,0,0,0,20,0,0.01,0,0,0,0,20,0,0.01,0,0,0,0,0,0.01,20,0,0,0,0,0,0,0,0.01,77,0,0,0,0,0,0.01,87,0,0,0,0,0,0,0,0,0,0,0,0,0,0,0,0,0,1,1,205,1,0,0,0,0,0,0,0,0,0,0,0,0,0,0,0,0,0,0,0,0.25,0.01,0,0,0,0.01,0,0,0,0,0,0,0,0,0.01,20,0,0,0.01,0,0,77,0,0.01,0,0,87,0,0,0,0,0,0,0,0,0,0,0,0,0,0,0,0,0,0,0,0,0,0,0.01,0.01,0.01,0.01,0,0,77,87,1,1,0,0,0,0,0,0,0,0,0,0,0,0,0,0,0,0,0,0,0,0,0,0,0,0,0,0,0,0,0,0,0
210,293.15,35,0,293.15,24.5,6.125,293.15,0.5,0,293.15,0.55,0,293.15,0.6,0,350.15,0.5,0,360.15,0.5,0,0,0,-0,0,0,0,0,0,0,0,0,0,0,0,0,0,0,-0,0,0,0,0,0.5,0,0,20,0,0,0,0.35,0,0,20,0.25,0,0,0,0,20,0,0.01,0,0,0,0,20,0,0.01,0,0,0,0,0,0.01,20,0,0,0,0,0,0,0,0.01,77,0,0,0,0,0,0.01,87,0,0,0,0,0,0,0,0,0,0,0,0,0,0,0,0,0,1,1,210,1,0,0,0,0,0,0,0,0,0,0,0,0,0,0,0,0,0,0,0,0.25,0.01,0,0,0,0.01,0,0,0,0,0,0,0,0,0.01,20,0,0,0.01,0,0,77,0,0.01,0,0,87,0,0,0,0,0,0,0,0,0,0,0,0,0,0,0,0,0,0,0,0,0,0,0.01,0.01,0.01,0.01,0,0,77,87,1,1,0,0,0,0,0,0,0,0,0,0,0,0,0,0,0,0,0,0,0,0,0,0,0,0,0,0,0,0,0,0,0
215,293.15,35,0,293.15,24.5,6.125,293.15,0.5,0,293.15,0.55,0,293.15,0.6,0,350.15,0.5,0,360.15,0.5,0,0,0,-0,0,0,0,0,0,0,0,0,0,0,0,0,0,0,-0,0,0,0,0,0.5,0,0,20,0,0,0,0.35,0,0,20,0.25,0,0,0,0,20,0,0.01,0,0,0,0,20,0,0.01,0,0,0,0,0,0.01,20,0,0,0,0,0,0,0,0.01,77,0,0,0,0,0,0.01,87,0,0,0,0,0,0,0,0,0,0,0,0,0,0,0,0,0,1,1,215,1,0,0,0,0,0,0,0,0,0,0,0,0,0,0,0,0,0,0,0,0.25,0.01,0,0,0,0.01,0,0,0,0,0,0,0,0,0.01,20,0,0,0.01,0,0,77,0,0.01,0,0,87,0,0,0,0,0,0,0,0,0,0,0,0,0,0,0,0,0,0,0,0,0,0,0.01,0.01,0.01,0.01,0,0,77,87,1,1,0,0,0,0,0,0,0,0,0,0,0,0,0,0,0,0,0,0,0,0,0,0,0,0,0,0,0,0,0,0,0
220,293.15,35,0,293.15,24.5,6.125,293.15,0.5,0,293.15,0.55,0,293.15,0.6,0,350.15,0.5,0,360.15,0.5,0,0,0,-0,0,0,0,0,0,0,0,0,0,0,0,0,0,0,-0,0,0,0,0,0.5,0,0,20,0,0,0,0.35,0,0,20,0.25,0,0,0,0,20,0,0.01,0,0,0,0,20,0,0.01,0,0,0,0,0,0.01,20,0,0,0,0,0,0,0,0.01,77,0,0,0,0,0,0.01,87,0,0,0,0,0,0,0,0,0,0,0,0,0,0,0,0,0,1,1,220,1,0,0,0,0,0,0,0,0,0,0,0,0,0,0,0,0,0,0,0,0.25,0.01,0,0,0,0.01,0,0,0,0,0,0,0,0,0.01,20,0,0,0.01,0,0,77,0,0.01,0,0,87,0,0,0,0,0,0,0,0,0,0,0,0,0,0,0,0,0,0,0,0,0,0,0.01,0.01,0.01,0.01,0,0,77,87,1,1,0,0,0,0,0,0,0,0,0,0,0,0,0,0,0,0,0,0,0,0,0,0,0,0,0,0,0,0,0,0,0
225,293.15,35,0,293.15,24.5,6.125,293.15,0.5,0,293.15,0.55,0,293.15,0.6,0,350.15,0.5,0,360.15,0.5,0,0,0,-0,0,0,0,0,0,0,0,0,0,0,0,0,0,0,-0,0,0,0,0,0.5,0,0,20,0,0,0,0.35,0,0,20,0.25,0,0,0,0,20,0,0.01,0,0,0,0,20,0,0.01,0,0,0,0,0,0.01,20,0,0,0,0,0,0,0,0.01,77,0,0,0,0,0,0.01,87,0,0,0,0,0,0,0,0,0,0,0,0,0,0,0,0,0,1,1,225,1,0,0,0,0,0,0,0,0,0,0,0,0,0,0,0,0,0,0,0,0.25,0.01,0,0,0,0.01,0,0,0,0,0,0,0,0,0.01,20,0,0,0.01,0,0,77,0,0.01,0,0,87,0,0,0,0,0,0,0,0,0,0,0,0,0,0,0,0,0,0,0,0,0,0,0.01,0.01,0.01,0.01,0,0,77,87,1,1,0,0,0,0,0,0,0,0,0,0,0,0,0,0,0,0,0,0,0,0,0,0,0,0,0,0,0,0,0,0,0
230,293.15,35,0,293.15,24.5,6.125,293.15,0.5,0,293.15,0.55,0,293.15,0.6,0,350.15,0.5,0,360.15,0.5,0,0,0,-0,0,0,0,0,0,0,0,0,0,0,0,0,0,0,-0,0,0,0,0,0.5,0,0,20,0,0,0,0.35,0,0,20,0.25,0,0,0,0,20,0,0.01,0,0,0,0,20,0,0.01,0,0,0,0,0,0.01,20,0,0,0,0,0,0,0,0.01,77,0,0,0,0,0,0.01,87,0,0,0,0,0,0,0,0,0,0,0,0,0,0,0,0,0,1,1,230,1,0,0,0,0,0,0,0,0,0,0,0,0,0,0,0,0,0,0,0,0.25,0.01,0,0,0,0.01,0,0,0,0,0,0,0,0,0.01,20,0,0,0.01,0,0,77,0,0.01,0,0,87,0,0,0,0,0,0,0,0,0,0,0,0,0,0,0,0,0,0,0,0,0,0,0.01,0.01,0.01,0.01,0,0,77,87,1,1,0,0,0,0,0,0,0,0,0,0,0,0,0,0,0,0,0,0,0,0,0,0,0,0,0,0,0,0,0,0,0
235,293.15,35,0,293.15,24.5,6.125,293.15,0.5,0,293.15,0.55,0,293.15,0.6,0,350.15,0.5,0,360.15,0.5,0,0,0,-0,0,0,0,0,0,0,0,0,0,0,0,0,0,0,-0,0,0,0,0,0.5,0,0,20,0,0,0,0.35,0,0,20,0.25,0,0,0,0,20,0,0.01,0,0,0,0,20,0,0.01,0,0,0,0,0,0.01,20,0,0,0,0,0,0,0,0.01,77,0,0,0,0,0,0.01,87,0,0,0,0,0,0,0,0,0,0,0,0,0,0,0,0,0,1,1,235,1,0,0,0,0,0,0,0,0,0,0,0,0,0,0,0,0,0,0,0,0.25,0.01,0,0,0,0.01,0,0,0,0,0,0,0,0,0.01,20,0,0,0.01,0,0,77,0,0.01,0,0,87,0,0,0,0,0,0,0,0,0,0,0,0,0,0,0,0,0,0,0,0,0,0,0.01,0.01,0.01,0.01,0,0,77,87,1,1,0,0,0,0,0,0,0,0,0,0,0,0,0,0,0,0,0,0,0,0,0,0,0,0,0,0,0,0,0,0,0
240,293.15,35,0,293.15,24.5,6.125,293.15,0.5,0,293.15,0.55,0,293.15,0.6,0,350.15,0.5,0,360.15,0.5,0,0,0,-0,0,0,0,0,0,0,0,0,0,0,0,0,0,0,-0,0,0,0,0,0.5,0,0,20,0,0,0,0.35,0,0,20,0.25,0,0,0,0,20,0,0.01,0,0,0,0,20,0,0.01,0,0,0,0,0,0.01,20,0,0,0,0,0,0,0,0.01,77,0,0,0,0,0,0.01,87,0,0,0,0,0,0,0,0,0,0,0,0,0,0,0,0,0,1,1,240,1,0,0,0,0,0,0,0,0,0,0,0,0,0,0,0,0,0,0,0,0.25,0.01,0,0,0,0.01,0,0,0,0,0,0,0,0,0.01,20,0,0,0.01,0,0,77,0,0.01,0,0,87,0,0,0,0,0,0,0,0,0,0,0,0,0,0,0,0,0,0,0,0,0,0,0.01,0.01,0.01,0.01,0,0,77,87,1,1,0,0,0,0,0,0,0,0,0,0,0,0,0,0,0,0,0,0,0,0,0,0,0,0,0,0,0,0,0,0,0
245,293.15,35,0,293.15,24.5,6.125,293.15,0.5,0,293.15,0.55,0,293.15,0.6,0,350.15,0.5,0,360.15,0.5,0,0,0,-0,0,0,0,0,0,0,0,0,0,0,0,0,0,0,-0,0,0,0,0,0.5,0,0,20,0,0,0,0.35,0,0,20,0.25,0,0,0,0,20,0,0.01,0,0,0,0,20,0,0.01,0,0,0,0,0,0.01,20,0,0,0,0,0,0,0,0.01,77,0,0,0,0,0,0.01,87,0,0,0,0,0,0,0,0,0,0,0,0,0,0,0,0,0,1,1,245,1,0,0,0,0,0,0,0,0,0,0,0,0,0,0,0,0,0,0,0,0.25,0.01,0,0,0,0.01,0,0,0,0,0,0,0,0,0.01,20,0,0,0.01,0,0,77,0,0.01,0,0,87,0,0,0,0,0,0,0,0,0,0,0,0,0,0,0,0,0,0,0,0,0,0,0.01,0.01,0.01,0.01,0,0,77,87,1,1,0,0,0,0,0,0,0,0,0,0,0,0,0,0,0,0,0,0,0,0,0,0,0,0,0,0,0,0,0,0,0
250,293.15,35,0,293.15,24.5,6.125,293.15,0.5,0,293.15,0.55,0,293.15,0.6,0,350.15,0.5,0,360.15,0.5,0,0,0,-0,0,0,0,0,0,0,0,0,0,0,0,0,0,0,-0,0,0,0,0,0.5,0,0,20,0,0,0,0.35,0,0,20,0.25,0,0,0,0,20,0,0.01,0,0,0,0,20,0,0.01,0,0,0,0,0,0.01,20,0,0,0,0,0,0,0,0.01,77,0,0,0,0,0,0.01,87,0,0,0,0,0,0,0,0,0,0,0,0,0,0,0,0,0,1,1,250,1,0,0,0,0,0,0,0,0,0,0,0,0,0,0,0,0,0,0,0,0.25,0.01,0,0,0,0.01,0,0,0,0,0,0,0,0,0.01,20,0,0,0.01,0,0,77,0,0.01,0,0,87,0,0,0,0,0,0,0,0,0,0,0,0,0,0,0,0,0,0,0,0,0,0,0.01,0.01,0.01,0.01,0,0,77,87,1,1,0,0,0,0,0,0,0,0,0,0,0,0,0,0,0,0,0,0,0,0,0,0,0,0,0,0,0,0,0,0,0
255,293.15,35,0,293.15,24.5,6.125,293.15,0.5,0,293.15,0.55,0,293.15,0.6,0,350.15,0.5,0,360.15,0.5,0,0,0,-0,0,0,0,0,0,0,0,0,0,0,0,0,0,0,-0,0,0,0,0,0.5,0,0,20,0,0,0,0.35,0,0,20,0.25,0,0,0,0,20,0,0.01,0,0,0,0,20,0,0.01,0,0,0,0,0,0.01,20,0,0,0,0,0,0,0,0.01,77,0,0,0,0,0,0.01,87,0,0,0,0,0,0,0,0,0,0,0,0,0,0,0,0,0,1,1,255,1,0,0,0,0,0,0,0,0,0,0,0,0,0,0,0,0,0,0,0,0.25,0.01,0,0,0,0.01,0,0,0,0,0,0,0,0,0.01,20,0,0,0.01,0,0,77,0,0.01,0,0,87,0,0,0,0,0,0,0,0,0,0,0,0,0,0,0,0,0,0,0,0,0,0,0.01,0.01,0.01,0.01,0,0,77,87,1,1,0,0,0,0,0,0,0,0,0,0,0,0,0,0,0,0,0,0,0,0,0,0,0,0,0,0,0,0,0,0,0
260,293.15,35,0,293.15,24.5,6.125,293.15,0.5,0,293.15,0.55,0,293.15,0.6,0,350.15,0.5,0,360.15,0.5,0,0,0,-0,0,0,0,0,0,0,0,0,0,0,0,0,0,0,-0,0,0,0,0,0.5,0,0,20,0,0,0,0.35,0,0,20,0.25,0,0,0,0,20,0,0.01,0,0,0,0,20,0,0.01,0,0,0,0,0,0.01,20,0,0,0,0,0,0,0,0.01,77,0,0,0,0,0,0.01,87,0,0,0,0,0,0,0,0,0,0,0,0,0,0,0,0,0,1,1,260,1,0,0,0,0,0,0,0,0,0,0,0,0,0,0,0,0,0,0,0,0.25,0.01,0,0,0,0.01,0,0,0,0,0,0,0,0,0.01,20,0,0,0.01,0,0,77,0,0.01,0,0,87,0,0,0,0,0,0,0,0,0,0,0,0,0,0,0,0,0,0,0,0,0,0,0.01,0.01,0.01,0.01,0,0,77,87,1,1,0,0,0,0,0,0,0,0,0,0,0,0,0,0,0,0,0,0,0,0,0,0,0,0,0,0,0,0,0,0,0
265,293.15,35,0,293.15,24.5,6.125,293.15,0.5,0,293.15,0.55,0,293.15,0.6,0,350.15,0.5,0,360.15,0.5,0,0,0,-0,0,0,0,0,0,0,0,0,0,0,0,0,0,0,-0,0,0,0,0,0.5,0,0,20,0,0,0,0.35,0,0,20,0.25,0,0,0,0,20,0,0.01,0,0,0,0,20,0,0.01,0,0,0,0,0,0.01,20,0,0,0,0,0,0,0,0.01,77,0,0,0,0,0,0.01,87,0,0,0,0,0,0,0,0,0,0,0,0,0,0,0,0,0,1,1,265,1,0,0,0,0,0,0,0,0,0,0,0,0,0,0,0,0,0,0,0,0.25,0.01,0,0,0,0.01,0,0,0,0,0,0,0,0,0.01,20,0,0,0.01,0,0,77,0,0.01,0,0,87,0,0,0,0,0,0,0,0,0,0,0,0,0,0,0,0,0,0,0,0,0,0,0.01,0.01,0.01,0.01,0,0,77,87,1,1,0,0,0,0,0,0,0,0,0,0,0,0,0,0,0,0,0,0,0,0,0,0,0,0,0,0,0,0,0,0,0
270,293.15,35,0,293.15,24.5,6.125,293.15,0.5,0,293.15,0.55,0,293.15,0.6,0,350.15,0.5,0,360.15,0.5,0,0,0,-0,0,0,0,0,0,0,0,0,0,0,0,0,0,0,-0,0,0,0,0,0.5,0,0,20,0,0,0,0.35,0,0,20,0.25,0,0,0,0,20,0,0.01,0,0,0,0,20,0,0.01,0,0,0,0,0,0.01,20,0,0,0,0,0,0,0,0.01,77,0,0,0,0,0,0.01,87,0,0,0,0,0,0,0,0,0,0,0,0,0,0,0,0,0,1,1,270,1,0,0,0,0,0,0,0,0,0,0,0,0,0,0,0,0,0,0,0,0.25,0.01,0,0,0,0.01,0,0,0,0,0,0,0,0,0.01,20,0,0,0.01,0,0,77,0,0.01,0,0,87,0,0,0,0,0,0,0,0,0,0,0,0,0,0,0,0,0,0,0,0,0,0,0.01,0.01,0.01,0.01,0,0,77,87,1,1,0,0,0,0,0,0,0,0,0,0,0,0,0,0,0,0,0,0,0,0,0,0,0,0,0,0,0,0,0,0,0
275,293.15,35,0,293.15,24.5,6.125,293.15,0.5,0,293.15,0.55,0,293.15,0.6,0,350.15,0.5,0,360.15,0.5,0,0,0,-0,0,0,0,0,0,0,0,0,0,0,0,0,0,0,-0,0,0,0,0,0.5,0,0,20,0,0,0,0.35,0,0,20,0.25,0,0,0,0,20,0,0.01,0,0,0,0,20,0,0.01,0,0,0,0,0,0.01,20,0,0,0,0,0,0,0,0.01,77,0,0,0,0,0,0.01,87,0,0,0,0,0,0,0,0,0,0,0,0,0,0,0,0,0,1,1,275,1,0,0,0,0,0,0,0,0,0,0,0,0,0,0,0,0,0,0,0,0.25,0.01,0,0,0,0.01,0,0,0,0,0,0,0,0,0.01,20,0,0,0.01,0,0,77,0,0.01,0,0,87,0,0,0,0,0,0,0,0,0,0,0,0,0,0,0,0,0,0,0,0,0,0,0.01,0.01,0.01,0.01,0,0,77,87,1,1,0,0,0,0,0,0,0,0,0,0,0,0,0,0,0,0,0,0,0,0,0,0,0,0,0,0,0,0,0,0,0
280,293.15,35,0,293.15,24.5,6.125,293.15,0.5,0,293.15,0.55,0,293.15,0.6,0,350.15,0.5,0,360.15,0.5,0,0,0,-0,0,0,0,0,0,0,0,0,0,0,0,0,0,0,-0,0,0,0,0,0.5,0,0,20,0,0,0,0.35,0,0,20,0.25,0,0,0,0,20,0,0.01,0,0,0,0,20,0,0.01,0,0,0,0,0,0.01,20,0,0,0,0,0,0,0,0.01,77,0,0,0,0,0,0.01,87,0,0,0,0,0,0,0,0,0,0,0,0,0,0,0,0,0,1,1,280,1,0,0,0,0,0,0,0,0,0,0,0,0,0,0,0,0,0,0,0,0.25,0.01,0,0,0,0.01,0,0,0,0,0,0,0,0,0.01,20,0,0,0.01,0,0,77,0,0.01,0,0,87,0,0,0,0,0,0,0,0,0,0,0,0,0,0,0,0,0,0,0,0,0,0,0.01,0.01,0.01,0.01,0,0,77,87,1,1,0,0,0,0,0,0,0,0,0,0,0,0,0,0,0,0,0,0,0,0,0,0,0,0,0,0,0,0,0,0,0
285,293.15,35,0,293.15,24.5,6.125,293.15,0.5,0,293.15,0.55,0,293.15,0.6,0,350.15,0.5,0,360.15,0.5,0,0,0,-0,0,0,0,0,0,0,0,0,0,0,0,0,0,0,-0,0,0,0,0,0.5,0,0,20,0,0,0,0.35,0,0,20,0.25,0,0,0,0,20,0,0.01,0,0,0,0,20,0,0.01,0,0,0,0,0,0.01,20,0,0,0,0,0,0,0,0.01,77,0,0,0,0,0,0.01,87,0,0,0,0,0,0,0,0,0,0,0,0,0,0,0,0,0,1,1,285,1,0,0,0,0,0,0,0,0,0,0,0,0,0,0,0,0,0,0,0,0.25,0.01,0,0,0,0.01,0,0,0,0,0,0,0,0,0.01,20,0,0,0.01,0,0,77,0,0.01,0,0,87,0,0,0,0,0,0,0,0,0,0,0,0,0,0,0,0,0,0,0,0,0,0,0.01,0.01,0.01,0.01,0,0,77,87,1,1,0,0,0,0,0,0,0,0,0,0,0,0,0,0,0,0,0,0,0,0,0,0,0,0,0,0,0,0,0,0,0
290,293.15,35,0,293.15,24.5,6.125,293.15,0.5,0,293.15,0.55,0,293.15,0.6,0,350.15,0.5,0,360.15,0.5,0,0,0,-0,0,0,0,0,0,0,0,0,0,0,0,0,0,0,-0,0,0,0,0,0.5,0,0,20,0,0,0,0.35,0,0,20,0.25,0,0,0,0,20,0,0.01,0,0,0,0,20,0,0.01,0,0,0,0,0,0.01,20,0,0,0,0,0,0,0,0.01,77,0,0,0,0,0,0.01,87,0,0,0,0,0,0,0,0,0,0,0,0,0,0,0,0,0,1,1,290,1,0,0,0,0,0,0,0,0,0,0,0,0,0,0,0,0,0,0,0,0.25,0.01,0,0,0,0.01,0,0,0,0,0,0,0,0,0.01,20,0,0,0.01,0,0,77,0,0.01,0,0,87,0,0,0,0,0,0,0,0,0,0,0,0,0,0,0,0,0,0,0,0,0,0,0.01,0.01,0.01,0.01,0,0,77,87,1,1,0,0,0,0,0,0,0,0,0,0,0,0,0,0,0,0,0,0,0,0,0,0,0,0,0,0,0,0,0,0,0
295,293.15,35,0,293.15,24.5,6.125,293.15,0.5,0,293.15,0.55,0,293.15,0.6,0,350.15,0.5,0,360.15,0.5,0,0,0,-0,0,0,0,0,0,0,0,0,0,0,0,0,0,0,-0,0,0,0,0,0.5,0,0,20,0,0,0,0.35,0,0,20,0.25,0,0,0,0,20,0,0.01,0,0,0,0,20,0,0.01,0,0,0,0,0,0.01,20,0,0,0,0,0,0,0,0.01,77,0,0,0,0,0,0.01,87,0,0,0,0,0,0,0,0,0,0,0,0,0,0,0,0,0,1,1,295,1,0,0,0,0,0,0,0,0,0,0,0,0,0,0,0,0,0,0,0,0.25,0.01,0,0,0,0.01,0,0,0,0,0,0,0,0,0.01,20,0,0,0.01,0,0,77,0,0.01,0,0,87,0,0,0,0,0,0,0,0,0,0,0,0,0,0,0,0,0,0,0,0,0,0,0.01,0.01,0.01,0.01,0,0,77,87,1,1,0,0,0,0,0,0,0,0,0,0,0,0,0,0,0,0,0,0,0,0,0,0,0,0,0,0,0,0,0,0,0
300,293.15,35,0,293.15,24.5,6.125,293.15,0.5,0,293.15,0.55,0,293.15,0.6,0,350.15,0.5,0,360.15,0.5,0,0,0,-0,0,0,0,0,0,0,0,0,0,0,0,0,0,0,-0,0,0,0,0,0.5,0,0,20,0,0,0,0.35,0,0,20,0.25,0,0,0,0,20,0,0.01,0,0,0,0,20,0,0.01,0,0,0,0,0,0.01,20,0,0,0,0,0,0,0,0.01,77,0,0,0,0,0,0.01,87,0,0,0,0,0,0,0,0,0,0,0,0,0,0,0,0,0,1,1,300,1,0,0,0,0,0,0,0,0,0,0,0,0,0,0,0,0,0,0,0,0.25,0.01,0,0,0,0.01,0,0,0,0,0,0,0,0,0.01,20,0,0,0.01,0,0,77,0,0.01,0,0,87,0,0,0,0,0,0,0,0,0,0,0,0,0,0,0,0,0,0,0,0,0,0,0.01,0.01,0.01,0.01,0,0,77,87,1,1,0,0,0,0,0,0,0,0,0,0,0,0,0,0,0,0,0,0,0,0,0,0,0,0,0,0,0,0,0,0,0
305,293.15,35,0,293.15,24.5,6.125,293.15,0.5,0,293.15,0.55,0,293.15,0.6,0,350.15,0.5,0,360.15,0.5,0,0,0,-0,0,0,0,0,0,0,0,0,0,0,0,0,0,0,-0,0,0,0,0,0.5,0,0,20,0,0,0,0.35,0,0,20,0.25,0,0,0,0,20,0,0.01,0,0,0,0,20,0,0.01,0,0,0,0,0,0.01,20,0,0,0,0,0,0,0,0.01,77,0,0,0,0,0,0.01,87,0,0,0,0,0,0,0,0,0,0,0,0,0,0,0,0,0,1,1,305,1,0,0,0,0,0,0,0,0,0,0,0,0,0,0,0,0,0,0,0,0.25,0.01,0,0,0,0.01,0,0,0,0,0,0,0,0,0.01,20,0,0,0.01,0,0,77,0,0.01,0,0,87,0,0,0,0,0,0,0,0,0,0,0,0,0,0,0,0,0,0,0,0,0,0,0.01,0.01,0.01,0.01,0,0,77,87,1,1,0,0,0,0,0,0,0,0,0,0,0,0,0,0,0,0,0,0,0,0,0,0,0,0,0,0,0,0,0,0,0
310,293.15,35,0,293.15,24.5,6.125,293.15,0.5,0,293.15,0.55,0,293.15,0.6,0,350.15,0.5,0,360.15,0.5,0,0,0,-0,0,0,0,0,0,0,0,0,0,0,0,0,0,0,-0,0,0,0,0,0.5,0,0,20,0,0,0,0.35,0,0,20,0.25,0,0,0,0,20,0,0.01,0,0,0,0,20,0,0.01,0,0,0,0,0,0.01,20,0,0,0,0,0,0,0,0.01,77,0,0,0,0,0,0.01,87,0,0,0,0,0,0,0,0,0,0,0,0,0,0,0,0,0,1,1,310,1,0,0,0,0,0,0,0,0,0,0,0,0,0,0,0,0,0,0,0,0.25,0.01,0,0,0,0.01,0,0,0,0,0,0,0,0,0.01,20,0,0,0.01,0,0,77,0,0.01,0,0,87,0,0,0,0,0,0,0,0,0,0,0,0,0,0,0,0,0,0,0,0,0,0,0.01,0.01,0.01,0.01,0,0,77,87,1,1,0,0,0,0,0,0,0,0,0,0,0,0,0,0,0,0,0,0,0,0,0,0,0,0,0,0,0,0,0,0,0
315,293.15,35,0,293.15,24.5,6.125,293.15,0.5,0,293.15,0.55,0,293.15,0.6,0,350.15,0.5,0,360.15,0.5,0,0,0,-0,0,0,0,0,0,0,0,0,0,0,0,0,0,0,-0,0,0,0,0,0.5,0,0,20,0,0,0,0.35,0,0,20,0.25,0,0,0,0,20,0,0.01,0,0,0,0,20,0,0.01,0,0,0,0,0,0.01,20,0,0,0,0,0,0,0,0.01,77,0,0,0,0,0,0.01,87,0,0,0,0,0,0,0,0,0,0,0,0,0,0,0,0,0,1,1,315,1,0,0,0,0,0,0,0,0,0,0,0,0,0,0,0,0,0,0,0,0.25,0.01,0,0,0,0.01,0,0,0,0,0,0,0,0,0.01,20,0,0,0.01,0,0,77,0,0.01,0,0,87,0,0,0,0,0,0,0,0,0,0,0,0,0,0,0,0,0,0,0,0,0,0,0.01,0.01,0.01,0.01,0,0,77,87,1,1,0,0,0,0,0,0,0,0,0,0,0,0,0,0,0,0,0,0,0,0,0,0,0,0,0,0,0,0,0,0,0
320,293.15,35,0,293.15,24.5,6.125,293.15,0.5,0,293.15,0.55,0,293.15,0.6,0,350.15,0.5,0,360.15,0.5,0,0,0,-0,0,0,0,0,0,0,0,0,0,0,0,0,0,0,-0,0,0,0,0,0.5,0,0,20,0,0,0,0.35,0,0,20,0.25,0,0,0,0,20,0,0.01,0,0,0,0,20,0,0.01,0,0,0,0,0,0.01,20,0,0,0,0,0,0,0,0.01,77,0,0,0,0,0,0.01,87,0,0,0,0,0,0,0,0,0,0,0,0,0,0,0,0,0,1,1,320,1,0,0,0,0,0,0,0,0,0,0,0,0,0,0,0,0,0,0,0,0.25,0.01,0,0,0,0.01,0,0,0,0,0,0,0,0,0.01,20,0,0,0.01,0,0,77,0,0.01,0,0,87,0,0,0,0,0,0,0,0,0,0,0,0,0,0,0,0,0,0,0,0,0,0,0.01,0.01,0.01,0.01,0,0,77,87,1,1,0,0,0,0,0,0,0,0,0,0,0,0,0,0,0,0,0,0,0,0,0,0,0,0,0,0,0,0,0,0,0
325,293.15,35,0,293.15,24.5,6.125,293.15,0.5,0,293.15,0.55,0,293.15,0.6,0,350.15,0.5,0,360.15,0.5,0,0,0,-0,0,0,0,0,0,0,0,0,0,0,0,0,0,0,-0,0,0,0,0,0.5,0,0,20,0,0,0,0.35,0,0,20,0.25,0,0,0,0,20,0,0.01,0,0,0,0,20,0,0.01,0,0,0,0,0,0.01,20,0,0,0,0,0,0,0,0.01,77,0,0,0,0,0,0.01,87,0,0,0,0,0,0,0,0,0,0,0,0,0,0,0,0,0,1,1,325,1,0,0,0,0,0,0,0,0,0,0,0,0,0,0,0,0,0,0,0,0.25,0.01,0,0,0,0.01,0,0,0,0,0,0,0,0,0.01,20,0,0,0.01,0,0,77,0,0.01,0,0,87,0,0,0,0,0,0,0,0,0,0,0,0,0,0,0,0,0,0,0,0,0,0,0.01,0.01,0.01,0.01,0,0,77,87,1,1,0,0,0,0,0,0,0,0,0,0,0,0,0,0,0,0,0,0,0,0,0,0,0,0,0,0,0,0,0,0,0
330,293.15,35,0,293.15,24.5,6.125,293.15,0.5,0,293.15,0.55,0,293.15,0.6,0,350.15,0.5,0,360.15,0.5,0,0,0,-0,0,0,0,0,0,0,0,0,0,0,0,0,0,0,-0,0,0,0,0,0.5,0,0,20,0,0,0,0.35,0,0,20,0.25,0,0,0,0,20,0,0.01,0,0,0,0,20,0,0.01,0,0,0,0,0,0.01,20,0,0,0,0,0,0,0,0.01,77,0,0,0,0,0,0.01,87,0,0,0,0,0,0,0,0,0,0,0,0,0,0,0,0,0,1,1,330,1,0,0,0,0,0,0,0,0,0,0,0,0,0,0,0,0,0,0,0,0.25,0.01,0,0,0,0.01,0,0,0,0,0,0,0,0,0.01,20,0,0,0.01,0,0,77,0,0.01,0,0,87,0,0,0,0,0,0,0,0,0,0,0,0,0,0,0,0,0,0,0,0,0,0,0.01,0.01,0.01,0.01,0,0,77,87,1,1,0,0,0,0,0,0,0,0,0,0,0,0,0,0,0,0,0,0,0,0,0,0,0,0,0,0,0,0,0,0,0
335,293.15,35,0,293.15,24.5,6.125,293.15,0.5,0,293.15,0.55,0,293.15,0.6,0,350.15,0.5,0,360.15,0.5,0,0,0,-0,0,0,0,0,0,0,0,0,0,0,0,0,0,0,-0,0,0,0,0,0.5,0,0,20,0,0,0,0.35,0,0,20,0.25,0,0,0,0,20,0,0.01,0,0,0,0,20,0,0.01,0,0,0,0,0,0.01,20,0,0,0,0,0,0,0,0.01,77,0,0,0,0,0,0.01,87,0,0,0,0,0,0,0,0,0,0,0,0,0,0,0,0,0,1,1,335,1,0,0,0,0,0,0,0,0,0,0,0,0,0,0,0,0,0,0,0,0.25,0.01,0,0,0,0.01,0,0,0,0,0,0,0,0,0.01,20,0,0,0.01,0,0,77,0,0.01,0,0,87,0,0,0,0,0,0,0,0,0,0,0,0,0,0,0,0,0,0,0,0,0,0,0.01,0.01,0.01,0.01,0,0,77,87,1,1,0,0,0,0,0,0,0,0,0,0,0,0,0,0,0,0,0,0,0,0,0,0,0,0,0,0,0,0,0,0,0
340,293.15,35,0,293.15,24.5,6.125,293.15,0.5,0,293.15,0.55,0,293.15,0.6,0,350.15,0.5,0,360.15,0.5,0,0,0,-0,0,0,0,0,0,0,0,0,0,0,0,0,0,0,-0,0,0,0,0,0.5,0,0,20,0,0,0,0.35,0,0,20,0.25,0,0,0,0,20,0,0.01,0,0,0,0,20,0,0.01,0,0,0,0,0,0.01,20,0,0,0,0,0,0,0,0.01,77,0,0,0,0,0,0.01,87,0,0,0,0,0,0,0,0,0,0,0,0,0,0,0,0,0,1,1,340,1,0,0,0,0,0,0,0,0,0,0,0,0,0,0,0,0,0,0,0,0.25,0.01,0,0,0,0.01,0,0,0,0,0,0,0,0,0.01,20,0,0,0.01,0,0,77,0,0.01,0,0,87,0,0,0,0,0,0,0,0,0,0,0,0,0,0,0,0,0,0,0,0,0,0,0.01,0.01,0.01,0.01,0,0,77,87,1,1,0,0,0,0,0,0,0,0,0,0,0,0,0,0,0,0,0,0,0,0,0,0,0,0,0,0,0,0,0,0,0
345,293.15,35,0,293.15,24.5,6.125,293.15,0.5,0,293.15,0.55,0,293.15,0.6,0,350.15,0.5,0,360.15,0.5,0,0,0,-0,0,0,0,0,0,0,0,0,0,0,0,0,0,0,-0,0,0,0,0,0.5,0,0,20,0,0,0,0.35,0,0,20,0.25,0,0,0,0,20,0,0.01,0,0,0,0,20,0,0.01,0,0,0,0,0,0.01,20,0,0,0,0,0,0,0,0.01,77,0,0,0,0,0,0.01,87,0,0,0,0,0,0,0,0,0,0,0,0,0,0,0,0,0,1,1,345,1,0,0,0,0,0,0,0,0,0,0,0,0,0,0,0,0,0,0,0,0.25,0.01,0,0,0,0.01,0,0,0,0,0,0,0,0,0.01,20,0,0,0.01,0,0,77,0,0.01,0,0,87,0,0,0,0,0,0,0,0,0,0,0,0,0,0,0,0,0,0,0,0,0,0,0.01,0.01,0.01,0.01,0,0,77,87,1,1,0,0,0,0,0,0,0,0,0,0,0,0,0,0,0,0,0,0,0,0,0,0,0,0,0,0,0,0,0,0,0
350,293.15,35,0,293.15,24.5,6.125,293.15,0.5,0,293.15,0.55,0,293.15,0.6,0,350.15,0.5,0,360.15,0.5,0,0,0,-0,0,0,0,0,0,0,0,0,0,0,0,0,0,0,-0,0,0,0,0,0.5,0,0,20,0,0,0,0.35,0,0,20,0.25,0,0,0,0,20,0,0.01,0,0,0,0,20,0,0.01,0,0,0,0,0,0.01,20,0,0,0,0,0,0,0,0.01,77,0,0,0,0,0,0.01,87,0,0,0,0,0,0,0,0,0,0,0,0,0,0,0,0,0,1,1,350,1,0,0,0,0,0,0,0,0,0,0,0,0,0,0,0,0,0,0,0,0.25,0.01,0,0,0,0.01,0,0,0,0,0,0,0,0,0.01,20,0,0,0.01,0,0,77,0,0.01,0,0,87,0,0,0,0,0,0,0,0,0,0,0,0,0,0,0,0,0,0,0,0,0,0,0.01,0.01,0.01,0.01,0,0,77,87,1,1,0,0,0,0,0,0,0,0,0,0,0,0,0,0,0,0,0,0,0,0,0,0,0,0,0,0,0,0,0,0,0
355,293.15,35,0,293.15,24.5,6.125,293.15,0.5,0,293.15,0.55,0,293.15,0.6,0,350.15,0.5,0,360.15,0.5,0,0,0,-0,0,0,0,0,0,0,0,0,0,0,0,0,0,0,-0,0,0,0,0,0.5,0,0,20,0,0,0,0.35,0,0,20,0.25,0,0,0,0,20,0,0.01,0,0,0,0,20,0,0.01,0,0,0,0,0,0.01,20,0,0,0,0,0,0,0,0.01,77,0,0,0,0,0,0.01,87,0,0,0,0,0,0,0,0,0,0,0,0,0,0,0,0,0,1,1,355,1,0,0,0,0,0,0,0,0,0,0,0,0,0,0,0,0,0,0,0,0.25,0.01,0,0,0,0.01,0,0,0,0,0,0,0,0,0.01,20,0,0,0.01,0,0,77,0,0.01,0,0,87,0,0,0,0,0,0,0,0,0,0,0,0,0,0,0,0,0,0,0,0,0,0,0.01,0.01,0.01,0.01,0,0,77,87,1,1,0,0,0,0,0,0,0,0,0,0,0,0,0,0,0,0,0,0,0,0,0,0,0,0,0,0,0,0,0,0,0
360,293.15,35,0,293.15,24.5,6.125,293.15,0.5,0,293.15,0.55,0,293.15,0.6,0,350.15,0.5,0,360.15,0.5,0,0,0,-0,0,0,0,0,0,0,0,0,0,0,0,0,0,0,-0,0,0,0,0,0.5,0,0,20,0,0,0,0.35,0,0,20,0.25,0,0,0,0,20,0,0.01,0,0,0,0,20,0,0.01,0,0,0,0,0,0.01,20,0,0,0,0,0,0,0,0.01,77,0,0,0,0,0,0.01,87,0,0,0,0,0,0,0,0,0,0,0,0,0,0,0,0,0,1,1,360,1,0,0,0,0,0,0,0,0,0,0,0,0,0,0,0,0,0,0,0,0.25,0.01,0,0,0,0.01,0,0,0,0,0,0,0,0,0.01,20,0,0,0.01,0,0,77,0,0.01,0,0,87,0,0,0,0,0,0,0,0,0,0,0,0,0,0,0,0,0,0,0,0,0,0,0.01,0.01,0.01,0.01,0,0,77,87,1,1,0,0,0,0,0,0,0,0,0,0,0,0,0,0,0,0,0,0,0,0,0,0,0,0,0,0,0,0,0,0,0
365,293.15,35,0,293.15,24.5,6.125,293.15,0.5,0,293.15,0.55,0,293.15,0.6,0,350.15,0.5,0,360.15,0.5,0,0,0,-0,0,0,0,0,0,0,0,0,0,0,0,0,0,0,-0,0,0,0,0,0.5,0,0,20,0,0,0,0.35,0,0,20,0.25,0,0,0,0,20,0,0.01,0,0,0,0,20,0,0.01,0,0,0,0,0,0.01,20,0,0,0,0,0,0,0,0.01,77,0,0,0,0,0,0.01,87,0,0,0,0,0,0,0,0,0,0,0,0,0,0,0,0,0,1,1,365,1,0,0,0,0,0,0,0,0,0,0,0,0,0,0,0,0,0,0,0,0.25,0.01,0,0,0,0.01,0,0,0,0,0,0,0,0,0.01,20,0,0,0.01,0,0,77,0,0.01,0,0,87,0,0,0,0,0,0,0,0,0,0,0,0,0,0,0,0,0,0,0,0,0,0,0.01,0.01,0.01,0.01,0,0,77,87,1,1,0,0,0,0,0,0,0,0,0,0,0,0,0,0,0,0,0,0,0,0,0,0,0,0,0,0,0,0,0,0,0
370,293.15,35,0,293.15,24.5,6.125,293.15,0.5,0,293.15,0.55,0,293.15,0.6,0,350.15,0.5,0,360.15,0.5,0,0,0,-0,0,0,0,0,0,0,0,0,0,0,0,0,0,0,-0,0,0,0,0,0.5,0,0,20,0,0,0,0.35,0,0,20,0.25,0,0,0,0,20,0,0.01,0,0,0,0,20,0,0.01,0,0,0,0,0,0.01,20,0,0,0,0,0,0,0,0.01,77,0,0,0,0,0,0.01,87,0,0,0,0,0,0,0,0,0,0,0,0,0,0,0,0,0,1,1,370,1,0,0,0,0,0,0,0,0,0,0,0,0,0,0,0,0,0,0,0,0.25,0.01,0,0,0,0.01,0,0,0,0,0,0,0,0,0.01,20,0,0,0.01,0,0,77,0,0.01,0,0,87,0,0,0,0,0,0,0,0,0,0,0,0,0,0,0,0,0,0,0,0,0,0,0.01,0.01,0.01,0.01,0,0,77,87,1,1,0,0,0,0,0,0,0,0,0,0,0,0,0,0,0,0,0,0,0,0,0,0,0,0,0,0,0,0,0,0,0
375,293.15,35,0,293.15,24.5,6.125,293.15,0.5,0,293.15,0.55,0,293.15,0.6,0,350.15,0.5,0,360.15,0.5,0,0,0,-0,0,0,0,0,0,0,0,0,0,0,0,0,0,0,-0,0,0,0,0,0.5,0,0,20,0,0,0,0.35,0,0,20,0.25,0,0,0,0,20,0,0.01,0,0,0,0,20,0,0.01,0,0,0,0,0,0.01,20,0,0,0,0,0,0,0,0.01,77,0,0,0,0,0,0.01,87,0,0,0,0,0,0,0,0,0,0,0,0,0,0,0,0,0,1,1,375,1,0,0,0,0,0,0,0,0,0,0,0,0,0,0,0,0,0,0,0,0.25,0.01,0,0,0,0.01,0,0,0,0,0,0,0,0,0.01,20,0,0,0.01,0,0,77,0,0.01,0,0,87,0,0,0,0,0,0,0,0,0,0,0,0,0,0,0,0,0,0,0,0,0,0,0.01,0.01,0.01,0.01,0,0,77,87,1,1,0,0,0,0,0,0,0,0,0,0,0,0,0,0,0,0,0,0,0,0,0,0,0,0,0,0,0,0,0,0,0
380,293.15,35,0,293.15,24.5,6.125,293.15,0.5,0,293.15,0.55,0,293.15,0.6,0,350.15,0.5,0,360.15,0.5,0,0,0,-0,0,0,0,0,0,0,0,0,0,0,0,0,0,0,-0,0,0,0,0,0.5,0,0,20,0,0,0,0.35,0,0,20,0.25,0,0,0,0,20,0,0.01,0,0,0,0,20,0,0.01,0,0,0,0,0,0.01,20,0,0,0,0,0,0,0,0.01,77,0,0,0,0,0,0.01,87,0,0,0,0,0,0,0,0,0,0,0,0,0,0,0,0,0,1,1,380,1,0,0,0,0,0,0,0,0,0,0,0,0,0,0,0,0,0,0,0,0.25,0.01,0,0,0,0.01,0,0,0,0,0,0,0,0,0.01,20,0,0,0.01,0,0,77,0,0.01,0,0,87,0,0,0,0,0,0,0,0,0,0,0,0,0,0,0,0,0,0,0,0,0,0,0.01,0.01,0.01,0.01,0,0,77,87,1,1,0,0,0,0,0,0,0,0,0,0,0,0,0,0,0,0,0,0,0,0,0,0,0,0,0,0,0,0,0,0,0
385,293.15,35,0,293.15,24.5,6.125,293.15,0.5,0,293.15,0.55,0,293.15,0.6,0,350.15,0.5,0,360.15,0.5,0,0,0,-0,0,0,0,0,0,0,0,0,0,0,0,0,0,0,-0,0,0,0,0,0.5,0,0,20,0,0,0,0.35,0,0,20,0.25,0,0,0,0,20,0,0.01,0,0,0,0,20,0,0.01,0,0,0,0,0,0.01,20,0,0,0,0,0,0,0,0.01,77,0,0,0,0,0,0.01,87,0,0,0,0,0,0,0,0,0,0,0,0,0,0,0,0,0,1,1,385,1,0,0,0,0,0,0,0,0,0,0,0,0,0,0,0,0,0,0,0,0.25,0.01,0,0,0,0.01,0,0,0,0,0,0,0,0,0.01,20,0,0,0.01,0,0,77,0,0.01,0,0,87,0,0,0,0,0,0,0,0,0,0,0,0,0,0,0,0,0,0,0,0,0,0,0.01,0.01,0.01,0.01,0,0,77,87,1,1,0,0,0,0,0,0,0,0,0,0,0,0,0,0,0,0,0,0,0,0,0,0,0,0,0,0,0,0,0,0,0
390,293.15,35,0,293.15,24.5,6.125,293.15,0.5,0,293.15,0.55,0,293.15,0.6,0,350.15,0.5,0,360.15,0.5,0,0,0,-0,0,0,0,0,0,0,0,0,0,0,0,0,0,0,-0,0,0,0,0,0.5,0,0,20,0,0,0,0.35,0,0,20,0.25,0,0,0,0,20,0,0.01,0,0,0,0,20,0,0.01,0,0,0,0,0,0.01,20,0,0,0,0,0,0,0,0.01,77,0,0,0,0,0,0.01,87,0,0,0,0,0,0,0,0,0,0,0,0,0,0,0,0,0,1,1,390,1,0,0,0,0,0,0,0,0,0,0,0,0,0,0,0,0,0,0,0,0.25,0.01,0,0,0,0.01,0,0,0,0,0,0,0,0,0.01,20,0,0,0.01,0,0,77,0,0.01,0,0,87,0,0,0,0,0,0,0,0,0,0,0,0,0,0,0,0,0,0,0,0,0,0,0.01,0.01,0.01,0.01,0,0,77,87,1,1,0,0,0,0,0,0,0,0,0,0,0,0,0,0,0,0,0,0,0,0,0,0,0,0,0,0,0,0,0,0,0
395,293.15,35,0,293.15,24.5,6.125,293.15,0.5,0,293.15,0.55,0,293.15,0.6,0,350.15,0.5,0,360.15,0.5,0,0,0,-0,0,0,0,0,0,0,0,0,0,0,0,0,0,0,-0,0,0,0,0,0.5,0,0,20,0,0,0,0.35,0,0,20,0.25,0,0,0,0,20,0,0.01,0,0,0,0,20,0,0.01,0,0,0,0,0,0.01,20,0,0,0,0,0,0,0,0.01,77,0,0,0,0,0,0.01,87,0,0,0,0,0,0,0,0,0,0,0,0,0,0,0,0,0,1,1,395,1,0,0,0,0,0,0,0,0,0,0,0,0,0,0,0,0,0,0,0,0.25,0.01,0,0,0,0.01,0,0,0,0,0,0,0,0,0.01,20,0,0,0.01,0,0,77,0,0.01,0,0,87,0,0,0,0,0,0,0,0,0,0,0,0,0,0,0,0,0,0,0,0,0,0,0.01,0.01,0.01,0.01,0,0,77,87,1,1,0,0,0,0,0,0,0,0,0,0,0,0,0,0,0,0,0,0,0,0,0,0,0,0,0,0,0,0,0,0,0
400,293.15,35,0,293.15,24.5,6.125,293.15,0.5,0,293.15,0.55,0,293.15,0.6,0,350.15,0.5,0,360.15,0.5,0,0,0,-0,0,0,0,0,0,0,0,0,0,0,0,0,0,0,-0,0,0,0,0,0.5,0,0,20,0,0,0,0.35,0,0,20,0.25,0,0,0,0,20,0,0.01,0,0,0,0,20,0,0.01,0,0,0,0,0,0.01,20,0,0,0,0,0,0,0,0.01,77,0,0,0,0,0,0.01,87,0,0,0,0,0,0,0,0,0,0,0,0,0,0,0,0,0,1,1,400,1,0,0,0,0,0,0,0,0,0,0,0,0,0,0,0,0,0,0,0,0.25,0.01,0,0,0,0.01,0,0,0,0,0,0,0,0,0.01,20,0,0,0.01,0,0,77,0,0.01,0,0,87,0,0,0,0,0,0,0,0,0,0,0,0,0,0,0,0,0,0,0,0,0,0,0.01,0.01,0.01,0.01,0,0,77,87,1,1,0,0,0,0,0,0,0,0,0,0,0,0,0,0,0,0,0,0,0,0,0,0,0,0,0,0,0,0,0,0,0
405,293.15,35,0,293.15,24.5,6.125,293.15,0.5,0,293.15,0.55,0,293.15,0.6,0,350.15,0.5,0,360.15,0.5,0,0,0,-0,0,0,0,0,0,0,0,0,0,0,0,0,0,0,-0,0,0,0,0,0.5,0,0,20,0,0,0,0.35,0,0,20,0.25,0,0,0,0,20,0,0.01,0,0,0,0,20,0,0.01,0,0,0,0,0,0.01,20,0,0,0,0,0,0,0,0.01,77,0,0,0,0,0,0.01,87,0,0,0,0,0,0,0,0,0,0,0,0,0,0,0,0,0,1,1,405,1,0,0,0,0,0,0,0,0,0,0,0,0,0,0,0,0,0,0,0,0.25,0.01,0,0,0,0.01,0,0,0,0,0,0,0,0,0.01,20,0,0,0.01,0,0,77,0,0.01,0,0,87,0,0,0,0,0,0,0,0,0,0,0,0,0,0,0,0,0,0,0,0,0,0,0.01,0.01,0.01,0.01,0,0,77,87,1,1,0,0,0,0,0,0,0,0,0,0,0,0,0,0,0,0,0,0,0,0,0,0,0,0,0,0,0,0,0,0,0
410,293.15,35,0,293.15,24.5,6.125,293.15,0.5,0,293.15,0.55,0,293.15,0.6,0,350.15,0.5,0,360.15,0.5,0,0,0,-0,0,0,0,0,0,0,0,0,0,0,0,0,0,0,-0,0,0,0,0,0.5,0,0,20,0,0,0,0.35,0,0,20,0.25,0,0,0,0,20,0,0.01,0,0,0,0,20,0,0.01,0,0,0,0,0,0.01,20,0,0,0,0,0,0,0,0.01,77,0,0,0,0,0,0.01,87,0,0,0,0,0,0,0,0,0,0,0,0,0,0,0,0,0,1,1,410,1,0,0,0,0,0,0,0,0,0,0,0,0,0,0,0,0,0,0,0,0.25,0.01,0,0,0,0.01,0,0,0,0,0,0,0,0,0.01,20,0,0,0.01,0,0,77,0,0.01,0,0,87,0,0,0,0,0,0,0,0,0,0,0,0,0,0,0,0,0,0,0,0,0,0,0.01,0.01,0.01,0.01,0,0,77,87,1,1,0,0,0,0,0,0,0,0,0,0,0,0,0,0,0,0,0,0,0,0,0,0,0,0,0,0,0,0,0,0,0
415,293.15,35,0,293.15,24.5,6.125,293.15,0.5,0,293.15,0.55,0,293.15,0.6,0,350.15,0.5,0,360.15,0.5,0,0,0,-0,0,0,0,0,0,0,0,0,0,0,0,0,0,0,-0,0,0,0,0,0.5,0,0,20,0,0,0,0.35,0,0,20,0.25,0,0,0,0,20,0,0.01,0,0,0,0,20,0,0.01,0,0,0,0,0,0.01,20,0,0,0,0,0,0,0,0.01,77,0,0,0,0,0,0.01,87,0,0,0,0,0,0,0,0,0,0,0,0,0,0,0,0,0,1,1,415,1,0,0,0,0,0,0,0,0,0,0,0,0,0,0,0,0,0,0,0,0.25,0.01,0,0,0,0.01,0,0,0,0,0,0,0,0,0.01,20,0,0,0.01,0,0,77,0,0.01,0,0,87,0,0,0,0,0,0,0,0,0,0,0,0,0,0,0,0,0,0,0,0,0,0,0.01,0.01,0.01,0.01,0,0,77,87,1,1,0,0,0,0,0,0,0,0,0,0,0,0,0,0,0,0,0,0,0,0,0,0,0,0,0,0,0,0,0,0,0
420,293.15,35,0,293.15,24.5,6.125,293.15,0.5,0,293.15,0.55,0,293.15,0.6,0,350.15,0.5,0,360.15,0.5,0,0,0,-0,0,0,0,0,0,0,0,0,0,0,0,0,0,0,-0,0,0,0,0,0.5,0,0,20,0,0,0,0.35,0,0,20,0.25,0,0,0,0,20,0,0.01,0,0,0,0,20,0,0.01,0,0,0,0,0,0.01,20,0,0,0,0,0,0,0,0.01,77,0,0,0,0,0,0.01,87,0,0,0,0,0,0,0,0,0,0,0,0,0,0,0,0,0,1,1,420,1,0,0,0,0,0,0,0,0,0,0,0,0,0,0,0,0,0,0,0,0.25,0.01,0,0,0,0.01,0,0,0,0,0,0,0,0,0.01,20,0,0,0.01,0,0,77,0,0.01,0,0,87,0,0,0,0,0,0,0,0,0,0,0,0,0,0,0,0,0,0,0,0,0,0,0.01,0.01,0.01,0.01,0,0,77,87,1,1,0,0,0,0,0,0,0,0,0,0,0,0,0,0,0,0,0,0,0,0,0,0,0,0,0,0,0,0,0,0,0
425,293.15,35,0,293.15,24.5,6.125,293.15,0.5,0,293.15,0.55,0,293.15,0.6,0,350.15,0.5,0,360.15,0.5,0,0,0,-0,0,0,0,0,0,0,0,0,0,0,0,0,0,0,-0,0,0,0,0,0.5,0,0,20,0,0,0,0.35,0,0,20,0.25,0,0,0,0,20,0,0.01,0,0,0,0,20,0,0.01,0,0,0,0,0,0.01,20,0,0,0,0,0,0,0,0.01,77,0,0,0,0,0,0.01,87,0,0,0,0,0,0,0,0,0,0,0,0,0,0,0,0,0,1,1,425,1,0,0,0,0,0,0,0,0,0,0,0,0,0,0,0,0,0,0,0,0.25,0.01,0,0,0,0.01,0,0,0,0,0,0,0,0,0.01,20,0,0,0.01,0,0,77,0,0.01,0,0,87,0,0,0,0,0,0,0,0,0,0,0,0,0,0,0,0,0,0,0,0,0,0,0.01,0.01,0.01,0.01,0,0,77,87,1,1,0,0,0,0,0,0,0,0,0,0,0,0,0,0,0,0,0,0,0,0,0,0,0,0,0,0,0,0,0,0,0
430,293.15,35,0,293.15,24.5,6.125,293.15,0.5,0,293.15,0.55,0,293.15,0.6,0,350.15,0.5,0,360.15,0.5,0,0,0,-0,0,0,0,0,0,0,0,0,0,0,0,0,0,0,-0,0,0,0,0,0.5,0,0,20,0,0,0,0.35,0,0,20,0.25,0,0,0,0,20,0,0.01,0,0,0,0,20,0,0.01,0,0,0,0,0,0.01,20,0,0,0,0,0,0,0,0.01,77,0,0,0,0,0,0.01,87,0,0,0,0,0,0,0,0,0,0,0,0,0,0,0,0,0,1,1,430,1,0,0,0,0,0,0,0,0,0,0,0,0,0,0,0,0,0,0,0,0.25,0.01,0,0,0,0.01,0,0,0,0,0,0,0,0,0.01,20,0,0,0.01,0,0,77,0,0.01,0,0,87,0,0,0,0,0,0,0,0,0,0,0,0,0,0,0,0,0,0,0,0,0,0,0.01,0.01,0.01,0.01,0,0,77,87,1,1,0,0,0,0,0,0,0,0,0,0,0,0,0,0,0,0,0,0,0,0,0,0,0,0,0,0,0,0,0,0,0
435,293.15,35,0,293.15,24.5,6.125,293.15,0.5,0,293.15,0.55,0,293.15,0.6,0,350.15,0.5,0,360.15,0.5,0,0,0,-0,0,0,0,0,0,0,0,0,0,0,0,0,0,0,-0,0,0,0,0,0.5,0,0,20,0,0,0,0.35,0,0,20,0.25,0,0,0,0,20,0,0.01,0,0,0,0,20,0,0.01,0,0,0,0,0,0.01,20,0,0,0,0,0,0,0,0.01,77,0,0,0,0,0,0.01,87,0,0,0,0,0,0,0,0,0,0,0,0,0,0,0,0,0,1,1,435,1,0,0,0,0,0,0,0,0,0,0,0,0,0,0,0,0,0,0,0,0.25,0.01,0,0,0,0.01,0,0,0,0,0,0,0,0,0.01,20,0,0,0.01,0,0,77,0,0.01,0,0,87,0,0,0,0,0,0,0,0,0,0,0,0,0,0,0,0,0,0,0,0,0,0,0.01,0.01,0.01,0.01,0,0,77,87,1,1,0,0,0,0,0,0,0,0,0,0,0,0,0,0,0,0,0,0,0,0,0,0,0,0,0,0,0,0,0,0,0
440,293.15,35,0,293.15,24.5,6.125,293.15,0.5,0,293.15,0.55,0,293.15,0.6,0,350.15,0.5,0,360.15,0.5,0,0,0,-0,0,0,0,0,0,0,0,0,0,0,0,0,0,0,-0,0,0,0,0,0.5,0,0,20,0,0,0,0.35,0,0,20,0.25,0,0,0,0,20,0,0.01,0,0,0,0,20,0,0.01,0,0,0,0,0,0.01,20,0,0,0,0,0,0,0,0.01,77,0,0,0,0,0,0.01,87,0,0,0,0,0,0,0,0,0,0,0,0,0,0,0,0,0,1,1,440,1,0,0,0,0,0,0,0,0,0,0,0,0,0,0,0,0,0,0,0,0.25,0.01,0,0,0,0.01,0,0,0,0,0,0,0,0,0.01,20,0,0,0.01,0,0,77,0,0.01,0,0,87,0,0,0,0,0,0,0,0,0,0,0,0,0,0,0,0,0,0,0,0,0,0,0.01,0.01,0.01,0.01,0,0,77,87,1,1,0,0,0,0,0,0,0,0,0,0,0,0,0,0,0,0,0,0,0,0,0,0,0,0,0,0,0,0,0,0,0
445,293.15,35,0,293.15,24.5,6.125,293.15,0.5,0,293.15,0.55,0,293.15,0.6,0,350.15,0.5,0,360.15,0.5,0,0,0,-0,0,0,0,0,0,0,0,0,0,0,0,0,0,0,-0,0,0,0,0,0.5,0,0,20,0,0,0,0.35,0,0,20,0.25,0,0,0,0,20,0,0.01,0,0,0,0,20,0,0.01,0,0,0,0,0,0.01,20,0,0,0,0,0,0,0,0.01,77,0,0,0,0,0,0.01,87,0,0,0,0,0,0,0,0,0,0,0,0,0,0,0,0,0,1,1,445,1,0,0,0,0,0,0,0,0,0,0,0,0,0,0,0,0,0,0,0,0.25,0.01,0,0,0,0.01,0,0,0,0,0,0,0,0,0.01,20,0,0,0.01,0,0,77,0,0.01,0,0,87,0,0,0,0,0,0,0,0,0,0,0,0,0,0,0,0,0,0,0,0,0,0,0.01,0.01,0.01,0.01,0,0,77,87,1,1,0,0,0,0,0,0,0,0,0,0,0,0,0,0,0,0,0,0,0,0,0,0,0,0,0,0,0,0,0,0,0
450,293.15,35,0,293.15,24.5,6.125,293.15,0.5,0,293.15,0.55,0,293.15,0.6,0,350.15,0.5,0,360.15,0.5,0,0,0,-0,0,0,0,0,0,0,0,0,0,0,0,0,0,0,-0,0,0,0,0,0.5,0,0,20,0,0,0,0.35,0,0,20,0.25,0,0,0,0,20,0,0.01,0,0,0,0,20,0,0.01,0,0,0,0,0,0.01,20,0,0,0,0,0,0,0,0.01,77,0,0,0,0,0,0.01,87,0,0,0,0,0,0,0,0,0,0,0,0,0,0,0,0,0,1,1,450,1,0,0,0,0,0,0,0,0,0,0,0,0,0,0,0,0,0,0,0,0.25,0.01,0,0,0,0.01,0,0,0,0,0,0,0,0,0.01,20,0,0,0.01,0,0,77,0,0.01,0,0,87,0,0,0,0,0,0,0,0,0,0,0,0,0,0,0,0,0,0,0,0,0,0,0.01,0.01,0.01,0.01,0,0,77,87,1,1,0,0,0,0,0,0,0,0,0,0,0,0,0,0,0,0,0,0,0,0,0,0,0,0,0,0,0,0,0,0,0
455,293.15,35,0,293.15,24.5,6.125,293.15,0.5,0,293.15,0.55,0,293.15,0.6,0,350.15,0.5,0,360.15,0.5,0,0,0,-0,0,0,0,0,0,0,0,0,0,0,0,0,0,0,-0,0,0,0,0,0.5,0,0,20,0,0,0,0.35,0,0,20,0.25,0,0,0,0,20,0,0.01,0,0,0,0,20,0,0.01,0,0,0,0,0,0.01,20,0,0,0,0,0,0,0,0.01,77,0,0,0,0,0,0.01,87,0,0,0,0,0,0,0,0,0,0,0,0,0,0,0,0,0,1,1,455,1,0,0,0,0,0,0,0,0,0,0,0,0,0,0,0,0,0,0,0,0.25,0.01,0,0,0,0.01,0,0,0,0,0,0,0,0,0.01,20,0,0,0.01,0,0,77,0,0.01,0,0,87,0,0,0,0,0,0,0,0,0,0,0,0,0,0,0,0,0,0,0,0,0,0,0.01,0.01,0.01,0.01,0,0,77,87,1,1,0,0,0,0,0,0,0,0,0,0,0,0,0,0,0,0,0,0,0,0,0,0,0,0,0,0,0,0,0,0,0
460,293.15,35,0,293.15,24.5,6.125,293.15,0.5,0,293.15,0.55,0,293.15,0.6,0,350.15,0.5,0,360.15,0.5,0,0,0,-0,0,0,0,0,0,0,0,0,0,0,0,0,0,0,-0,0,0,0,0,0.5,0,0,20,0,0,0,0.35,0,0,20,0.25,0,0,0,0,20,0,0.01,0,0,0,0,20,0,0.01,0,0,0,0,0,0.01,20,0,0,0,0,0,0,0,0.01,77,0,0,0,0,0,0.01,87,0,0,0,0,0,0,0,0,0,0,0,0,0,0,0,0,0,1,1,460,1,0,0,0,0,0,0,0,0,0,0,0,0,0,0,0,0,0,0,0,0.25,0.01,0,0,0,0.01,0,0,0,0,0,0,0,0,0.01,20,0,0,0.01,0,0,77,0,0.01,0,0,87,0,0,0,0,0,0,0,0,0,0,0,0,0,0,0,0,0,0,0,0,0,0,0.01,0.01,0.01,0.01,0,0,77,87,1,1,0,0,0,0,0,0,0,0,0,0,0,0,0,0,0,0,0,0,0,0,0,0,0,0,0,0,0,0,0,0,0
465,293.15,35,0,293.15,24.5,6.125,293.15,0.5,0,293.15,0.55,0,293.15,0.6,0,350.15,0.5,0,360.15,0.5,0,0,0,-0,0,0,0,0,0,0,0,0,0,0,0,0,0,0,-0,0,0,0,0,0.5,0,0,20,0,0,0,0.35,0,0,20,0.25,0,0,0,0,20,0,0.01,0,0,0,0,20,0,0.01,0,0,0,0,0,0.01,20,0,0,0,0,0,0,0,0.01,77,0,0,0,0,0,0.01,87,0,0,0,0,0,0,0,0,0,0,0,0,0,0,0,0,0,1,1,465,1,0,0,0,0,0,0,0,0,0,0,0,0,0,0,0,0,0,0,0,0.25,0.01,0,0,0,0.01,0,0,0,0,0,0,0,0,0.01,20,0,0,0.01,0,0,77,0,0.01,0,0,87,0,0,0,0,0,0,0,0,0,0,0,0,0,0,0,0,0,0,0,0,0,0,0.01,0.01,0.01,0.01,0,0,77,87,1,1,0,0,0,0,0,0,0,0,0,0,0,0,0,0,0,0,0,0,0,0,0,0,0,0,0,0,0,0,0,0,0
470,293.15,35,0,293.15,24.5,6.125,293.15,0.5,0,293.15,0.55,0,293.15,0.6,0,350.15,0.5,0,360.15,0.5,0,0,0,-0,0,0,0,0,0,0,0,0,0,0,0,0,0,0,-0,0,0,0,0,0.5,0,0,20,0,0,0,0.35,0,0,20,0.25,0,0,0,0,20,0,0.01,0,0,0,0,20,0,0.01,0,0,0,0,0,0.01,20,0,0,0,0,0,0,0,0.01,77,0,0,0,0,0,0.01,87,0,0,0,0,0,0,0,0,0,0,0,0,0,0,0,0,0,1,1,470,1,0,0,0,0,0,0,0,0,0,0,0,0,0,0,0,0,0,0,0,0.25,0.01,0,0,0,0.01,0,0,0,0,0,0,0,0,0.01,20,0,0,0.01,0,0,77,0,0.01,0,0,87,0,0,0,0,0,0,0,0,0,0,0,0,0,0,0,0,0,0,0,0,0,0,0.01,0.01,0.01,0.01,0,0,77,87,1,1,0,0,0,0,0,0,0,0,0,0,0,0,0,0,0,0,0,0,0,0,0,0,0,0,0,0,0,0,0,0,0
475,293.15,35,0,293.15,24.5,6.125,293.15,0.5,0,293.15,0.55,0,293.15,0.6,0,350.15,0.5,0,360.15,0.5,0,0,0,-0,0,0,0,0,0,0,0,0,0,0,0,0,0,0,-0,0,0,0,0,0.5,0,0,20,0,0,0,0.35,0,0,20,0.25,0,0,0,0,20,0,0.01,0,0,0,0,20,0,0.01,0,0,0,0,0,0.01,20,0,0,0,0,0,0,0,0.01,77,0,0,0,0,0,0.01,87,0,0,0,0,0,0,0,0,0,0,0,0,0,0,0,0,0,1,1,475,1,0,0,0,0,0,0,0,0,0,0,0,0,0,0,0,0,0,0,0,0.25,0.01,0,0,0,0.01,0,0,0,0,0,0,0,0,0.01,20,0,0,0.01,0,0,77,0,0.01,0,0,87,0,0,0,0,0,0,0,0,0,0,0,0,0,0,0,0,0,0,0,0,0,0,0.01,0.01,0.01,0.01,0,0,77,87,1,1,0,0,0,0,0,0,0,0,0,0,0,0,0,0,0,0,0,0,0,0,0,0,0,0,0,0,0,0,0,0,0
480,293.15,35,0,293.15,24.5,6.125,293.15,0.5,0,293.15,0.55,0,293.15,0.6,0,350.15,0.5,0,360.15,0.5,0,0,0,-0,0,0,0,0,0,0,0,0,0,0,0,0,0,0,-0,0,0,0,0,0.5,0,0,20,0,0,0,0.35,0,0,20,0.25,0,0,0,0,20,0,0.01,0,0,0,0,20,0,0.01,0,0,0,0,0,0.01,20,0,0,0,0,0,0,0,0.01,77,0,0,0,0,0,0.01,87,0,0,0,0,0,0,0,0,0,0,0,0,0,0,0,0,0,1,1,480,1,0,0,0,0,0,0,0,0,0,0,0,0,0,0,0,0,0,0,0,0.25,0.01,0,0,0,0.01,0,0,0,0,0,0,0,0,0.01,20,0,0,0.01,0,0,77,0,0.01,0,0,87,0,0,0,0,0,0,0,0,0,0,0,0,0,0,0,0,0,0,0,0,0,0,0.01,0.01,0.01,0.01,0,0,77,87,1,1,0,0,0,0,0,0,0,0,0,0,0,0,0,0,0,0,0,0,0,0,0,0,0,0,0,0,0,0,0,0,0
485,293.15,35,0,293.15,24.5,6.125,293.15,0.5,0,293.15,0.55,0,293.15,0.6,0,350.15,0.5,0,360.15,0.5,0,0,0,-0,0,0,0,0,0,0,0,0,0,0,0,0,0,0,-0,0,0,0,0,0.5,0,0,20,0,0,0,0.35,0,0,20,0.25,0,0,0,0,20,0,0.01,0,0,0,0,20,0,0.01,0,0,0,0,0,0.01,20,0,0,0,0,0,0,0,0.01,77,0,0,0,0,0,0.01,87,0,0,0,0,0,0,0,0,0,0,0,0,0,0,0,0,0,1,1,485,1,0,0,0,0,0,0,0,0,0,0,0,0,0,0,0,0,0,0,0,0.25,0.01,0,0,0,0.01,0,0,0,0,0,0,0,0,0.01,20,0,0,0.01,0,0,77,0,0.01,0,0,87,0,0,0,0,0,0,0,0,0,0,0,0,0,0,0,0,0,0,0,0,0,0,0.01,0.01,0.01,0.01,0,0,77,87,1,1,0,0,0,0,0,0,0,0,0,0,0,0,0,0,0,0,0,0,0,0,0,0,0,0,0,0,0,0,0,0,0
490,293.15,35,0,293.15,24.5,6.125,293.15,0.5,0,293.15,0.55,0,293.15,0.6,0,350.15,0.5,0,360.15,0.5,0,0,0,-0,0,0,0,0,0,0,0,0,0,0,0,0,0,0,-0,0,0,0,0,0.5,0,0,20,0,0,0,0.35,0,0,20,0.25,0,0,0,0,20,0,0.01,0,0,0,0,20,0,0.01,0,0,0,0,0,0.01,20,0,0,0,0,0,0,0,0.01,77,0,0,0,0,0,0.01,87,0,0,0,0,0,0,0,0,0,0,0,0,0,0,0,0,0,1,1,490,1,0,0,0,0,0,0,0,0,0,0,0,0,0,0,0,0,0,0,0,0.25,0.01,0,0,0,0.01,0,0,0,0,0,0,0,0,0.01,20,0,0,0.01,0,0,77,0,0.01,0,0,87,0,0,0,0,0,0,0,0,0,0,0,0,0,0,0,0,0,0,0,0,0,0,0.01,0.01,0.01,0.01,0,0,77,87,1,1,0,0,0,0,0,0,0,0,0,0,0,0,0,0,0,0,0,0,0,0,0,0,0,0,0,0,0,0,0,0,0
495,293.15,35,0,293.15,24.5,6.125,293.15,0.5,0,293.15,0.55,0,293.15,0.6,0,350.15,0.5,0,360.15,0.5,0,0,0,-0,0,0,0,0,0,0,0,0,0,0,0,0,0,0,-0,0,0,0,0,0.5,0,0,20,0,0,0,0.35,0,0,20,0.25,0,0,0,0,20,0,0.01,0,0,0,0,20,0,0.01,0,0,0,0,0,0.01,20,0,0,0,0,0,0,0,0.01,77,0,0,0,0,0,0.01,87,0,0,0,0,0,0,0,0,0,0,0,0,0,0,0,0,0,1,1,495,1,0,0,0,0,0,0,0,0,0,0,0,0,0,0,0,0,0,0,0,0.25,0.01,0,0,0,0.01,0,0,0,0,0,0,0,0,0.01,20,0,0,0.01,0,0,77,0,0.01,0,0,87,0,0,0,0,0,0,0,0,0,0,0,0,0,0,0,0,0,0,0,0,0,0,0.01,0.01,0.01,0.01,0,0,77,87,1,1,0,0,0,0,0,0,0,0,0,0,0,0,0,0,0,0,0,0,0,0,0,0,0,0,0,0,0,0,0,0,0
500,293.15,35,0,293.15,24.5,6.125,293.15,0.5,0,293.15,0.55,0,293.15,0.6,0,350.15,0.5,0,360.15,0.5,0,0,0,-0,0,0,0,0,0,0,0,0,0,0,0,0,0,0,-0,0,0,0,0,0.5,0,0,20,0,0,0,0.35,0,0,20,0.25,0,0,0,0,20,0,0.01,0,0,0,0,20,0,0.01,0,0,0,0,0,0.01,20,0,0,0,0,0,0,0,0.01,77,0,0,0,0,0,0.01,87,0,0,0,0,0,0,0,0,0,0,0,0,0,0,0,0,0,1,1,500,1,0,0,0,0,0,0,0,0,0,0,0,0,0,0,0,0,0,0,0,0.25,0.01,0,0,0,0.01,0,0,0,0,0,0,0,0,0.01,20,0,0,0.01,0,0,77,0,0.01,0,0,87,0,0,0,0,0,0,0,0,0,0,0,0,0,0,0,0,0,0,0,0,0,0,0.01,0.01,0.01,0.01,0,0,77,87,1,1,0,0,0,0,0,0,0,0,0,0,0,0,0,0,0,0,0,0,0,0,0,0,0,0,0,0,0,0,0,0,0
505,293.15,35,0,293.15,24.5,6.125,293.15,0.5,0,293.15,0.55,0,293.15,0.6,0,350.15,0.5,0,360.15,0.5,0,0,0,-0,0,0,0,0,0,0,0,0,0,0,0,0,0,0,-0,0,0,0,0,0.5,0,0,20,0,0,0,0.35,0,0,20,0.25,0,0,0,0,20,0,0.01,0,0,0,0,20,0,0.01,0,0,0,0,0,0.01,20,0,0,0,0,0,0,0,0.01,77,0,0,0,0,0,0.01,87,0,0,0,0,0,0,0,0,0,0,0,0,0,0,0,0,0,1,1,505,1,0,0,0,0,0,0,0,0,0,0,0,0,0,0,0,0,0,0,0,0.25,0.01,0,0,0,0.01,0,0,0,0,0,0,0,0,0.01,20,0,0,0.01,0,0,77,0,0.01,0,0,87,0,0,0,0,0,0,0,0,0,0,0,0,0,0,0,0,0,0,0,0,0,0,0.01,0.01,0.01,0.01,0,0,77,87,1,1,0,0,0,0,0,0,0,0,0,0,0,0,0,0,0,0,0,0,0,0,0,0,0,0,0,0,0,0,0,0,0
510,293.15,35,0,293.15,24.5,6.125,293.15,0.5,0,293.15,0.55,0,293.15,0.6,0,350.15,0.5,0,360.15,0.5,0,0,0,-0,0,0,0,0,0,0,0,0,0,0,0,0,0,0,-0,0,0,0,0,0.5,0,0,20,0,0,0,0.35,0,0,20,0.25,0,0,0,0,20,0,0.01,0,0,0,0,20,0,0.01,0,0,0,0,0,0.01,20,0,0,0,0,0,0,0,0.01,77,0,0,0,0,0,0.01,87,0,0,0,0,0,0,0,0,0,0,0,0,0,0,0,0,0,1,1,510,1,0,0,0,0,0,0,0,0,0,0,0,0,0,0,0,0,0,0,0,0.25,0.01,0,0,0,0.01,0,0,0,0,0,0,0,0,0.01,20,0,0,0.01,0,0,77,0,0.01,0,0,87,0,0,0,0,0,0,0,0,0,0,0,0,0,0,0,0,0,0,0,0,0,0,0.01,0.01,0.01,0.01,0,0,77,87,1,1,0,0,0,0,0,0,0,0,0,0,0,0,0,0,0,0,0,0,0,0,0,0,0,0,0,0,0,0,0,0,0
515,293.15,35,0,293.15,24.5,6.125,293.15,0.5,0,293.15,0.55,0,293.15,0.6,0,350.15,0.5,0,360.15,0.5,0,0,0,-0,0,0,0,0,0,0,0,0,0,0,0,0,0,0,-0,0,0,0,0,0.5,0,0,20,0,0,0,0.35,0,0,20,0.25,0,0,0,0,20,0,0.01,0,0,0,0,20,0,0.01,0,0,0,0,0,0.01,20,0,0,0,0,0,0,0,0.01,77,0,0,0,0,0,0.01,87,0,0,0,0,0,0,0,0,0,0,0,0,0,0,0,0,0,1,1,515,1,0,0,0,0,0,0,0,0,0,0,0,0,0,0,0,0,0,0,0,0.25,0.01,0,0,0,0.01,0,0,0,0,0,0,0,0,0.01,20,0,0,0.01,0,0,77,0,0.01,0,0,87,0,0,0,0,0,0,0,0,0,0,0,0,0,0,0,0,0,0,0,0,0,0,0.01,0.01,0.01,0.01,0,0,77,87,1,1,0,0,0,0,0,0,0,0,0,0,0,0,0,0,0,0,0,0,0,0,0,0,0,0,0,0,0,0,0,0,0
520,293.15,35,0,293.15,24.5,6.125,293.15,0.5,0,293.15,0.55,0,293.15,0.6,0,350.15,0.5,0,360.15,0.5,0,0,0,-0,0,0,0,0,0,0,0,0,0,0,0,0,0,0,-0,0,0,0,0,0.5,0,0,20,0,0,0,0.35,0,0,20,0.25,0,0,0,0,20,0,0.01,0,0,0,0,20,0,0.01,0,0,0,0,0,0.01,20,0,0,0,0,0,0,0,0.01,77,0,0,0,0,0,0.01,87,0,0,0,0,0,0,0,0,0,0,0,0,0,0,0,0,0,1,1,520,1,0,0,0,0,0,0,0,0,0,0,0,0,0,0,0,0,0,0,0,0.25,0.01,0,0,0,0.01,0,0,0,0,0,0,0,0,0.01,20,0,0,0.01,0,0,77,0,0.01,0,0,87,0,0,0,0,0,0,0,0,0,0,0,0,0,0,0,0,0,0,0,0,0,0,0.01,0.01,0.01,0.01,0,0,77,87,1,1,0,0,0,0,0,0,0,0,0,0,0,0,0,0,0,0,0,0,0,0,0,0,0,0,0,0,0,0,0,0,0
525,293.15,35,0,293.15,24.5,6.125,293.15,0.5,0,293.15,0.55,0,293.15,0.6,0,350.15,0.5,0,360.15,0.5,0,0,0,-0,0,0,0,0,0,0,0,0,0,0,0,0,0,0,-0,0,0,0,0,0.5,0,0,20,0,0,0,0.35,0,0,20,0.25,0,0,0,0,20,0,0.01,0,0,0,0,20,0,0.01,0,0,0,0,0,0.01,20,0,0,0,0,0,0,0,0.01,77,0,0,0,0,0,0.01,87,0,0,0,0,0,0,0,0,0,0,0,0,0,0,0,0,0,1,1,525,1,0,0,0,0,0,0,0,0,0,0,0,0,0,0,0,0,0,0,0,0.25,0.01,0,0,0,0.01,0,0,0,0,0,0,0,0,0.01,20,0,0,0.01,0,0,77,0,0.01,0,0,87,0,0,0,0,0,0,0,0,0,0,0,0,0,0,0,0,0,0,0,0,0,0,0.01,0.01,0.01,0.01,0,0,77,87,1,1,0,0,0,0,0,0,0,0,0,0,0,0,0,0,0,0,0,0,0,0,0,0,0,0,0,0,0,0,0,0,0
530,293.15,35,0,293.15,24.5,6.125,293.15,0.5,0,293.15,0.55,0,293.15,0.6,0,350.15,0.5,0,360.15,0.5,0,0,0,-0,0,0,0,0,0,0,0,0,0,0,0,0,0,0,-0,0,0,0,0,0.5,0,0,20,0,0,0,0.35,0,0,20,0.25,0,0,0,0,20,0,0.01,0,0,0,0,20,0,0.01,0,0,0,0,0,0.01,20,0,0,0,0,0,0,0,0.01,77,0,0,0,0,0,0.01,87,0,0,0,0,0,0,0,0,0,0,0,0,0,0,0,0,0,1,1,530,1,0,0,0,0,0,0,0,0,0,0,0,0,0,0,0,0,0,0,0,0.25,0.01,0,0,0,0.01,0,0,0,0,0,0,0,0,0.01,20,0,0,0.01,0,0,77,0,0.01,0,0,87,0,0,0,0,0,0,0,0,0,0,0,0,0,0,0,0,0,0,0,0,0,0,0.01,0.01,0.01,0.01,0,0,77,87,1,1,0,0,0,0,0,0,0,0,0,0,0,0,0,0,0,0,0,0,0,0,0,0,0,0,0,0,0,0,0,0,0
535,293.15,35,0,293.15,24.5,6.125,293.15,0.5,0,293.15,0.55,0,293.15,0.6,0,350.15,0.5,0,360.15,0.5,0,0,0,-0,0,0,0,0,0,0,0,0,0,0,0,0,0,0,-0,0,0,0,0,0.5,0,0,20,0,0,0,0.35,0,0,20,0.25,0,0,0,0,20,0,0.01,0,0,0,0,20,0,0.01,0,0,0,0,0,0.01,20,0,0,0,0,0,0,0,0.01,77,0,0,0,0,0,0.01,87,0,0,0,0,0,0,0,0,0,0,0,0,0,0,0,0,0,1,1,535,1,0,0,0,0,0,0,0,0,0,0,0,0,0,0,0,0,0,0,0,0.25,0.01,0,0,0,0.01,0,0,0,0,0,0,0,0,0.01,20,0,0,0.01,0,0,77,0,0.01,0,0,87,0,0,0,0,0,0,0,0,0,0,0,0,0,0,0,0,0,0,0,0,0,0,0.01,0.01,0.01,0.01,0,0,77,87,1,1,0,0,0,0,0,0,0,0,0,0,0,0,0,0,0,0,0,0,0,0,0,0,0,0,0,0,0,0,0,0,0
540,293.15,35,0,293.15,24.5,6.125,293.15,0.5,0,293.15,0.55,0,293.15,0.6,0,350.15,0.5,0,360.15,0.5,0,0,0,-0,0,0,0,0,0,0,0,0,0,0,0,0,0,0,-0,0,0,0,0,0.5,0,0,20,0,0,0,0.35,0,0,20,0.25,0,0,0,0,20,0,0.01,0,0,0,0,20,0,0.01,0,0,0,0,0,0.01,20,0,0,0,0,0,0,0,0.01,77,0,0,0,0,0,0.01,87,0,0,0,0,0,0,0,0,0,0,0,0,0,0,0,0,0,1,1,540,1,0,0,0,0,0,0,0,0,0,0,0,0,0,0,0,0,0,0,0,0.25,0.01,0,0,0,0.01,0,0,0,0,0,0,0,0,0.01,20,0,0,0.01,0,0,77,0,0.01,0,0,87,0,0,0,0,0,0,0,0,0,0,0,0,0,0,0,0,0,0,0,0,0,0,0.01,0.01,0.01,0.01,0,0,77,87,1,1,0,0,0,0,0,0,0,0,0,0,0,0,0,0,0,0,0,0,0,0,0,0,0,0,0,0,0,0,0,0,0
545,293.15,35,0,293.15,24.5,6.125,293.15,0.5,0,293.15,0.55,0,293.15,0.6,0,350.15,0.5,0,360.15,0.5,0,0,0,-0,0,0,0,0,0,0,0,0,0,0,0,0,0,0,-0,0,0,0,0,0.5,0,0,20,0,0,0,0.35,0,0,20,0.25,0,0,0,0,20,0,0.01,0,0,0,0,20,0,0.01,0,0,0,0,0,0.01,20,0,0,0,0,0,0,0,0.01,77,0,0,0,0,0,0.01,87,0,0,0,0,0,0,0,0,0,0,0,0,0,0,0,0,0,1,1,545,1,0,0,0,0,0,0,0,0,0,0,0,0,0,0,0,0,0,0,0,0.25,0.01,0,0,0,0.01,0,0,0,0,0,0,0,0,0.01,20,0,0,0.01,0,0,77,0,0.01,0,0,87,0,0,0,0,0,0,0,0,0,0,0,0,0,0,0,0,0,0,0,0,0,0,0.01,0.01,0.01,0.01,0,0,77,87,1,1,0,0,0,0,0,0,0,0,0,0,0,0,0,0,0,0,0,0,0,0,0,0,0,0,0,0,0,0,0,0,0
550,293.15,35,0,293.15,24.5,6.125,293.15,0.5,0,293.15,0.55,0,293.15,0.6,0,350.15,0.5,0,360.15,0.5,0,0,0,-0,0,0,0,0,0,0,0,0,0,0,0,0,0,0,-0,0,0,0,0,0.5,0,0,20,0,0,0,0.35,0,0,20,0.25,0,0,0,0,20,0,0.01,0,0,0,0,20,0,0.01,0,0,0,0,0,0.01,20,0,0,0,0,0,0,0,0.01,77,0,0,0,0,0,0.01,87,0,0,0,0,0,0,0,0,0,0,0,0,0,0,0,0,0,1,1,550,1,0,0,0,0,0,0,0,0,0,0,0,0,0,0,0,0,0,0,0,0.25,0.01,0,0,0,0.01,0,0,0,0,0,0,0,0,0.01,20,0,0,0.01,0,0,77,0,0.01,0,0,87,0,0,0,0,0,0,0,0,0,0,0,0,0,0,0,0,0,0,0,0,0,0,0.01,0.01,0.01,0.01,0,0,77,87,1,1,0,0,0,0,0,0,0,0,0,0,0,0,0,0,0,0,0,0,0,0,0,0,0,0,0,0,0,0,0,0,0
555,293.15,35,0,293.15,24.5,6.125,293.15,0.5,0,293.15,0.55,0,293.15,0.6,0,350.15,0.5,0,360.15,0.5,0,0,0,-0,0,0,0,0,0,0,0,0,0,0,0,0,0,0,-0,0,0,0,0,0.5,0,0,20,0,0,0,0.35,0,0,20,0.25,0,0,0,0,20,0,0.01,0,0,0,0,20,0,0.01,0,0,0,0,0,0.01,20,0,0,0,0,0,0,0,0.01,77,0,0,0,0,0,0.01,87,0,0,0,0,0,0,0,0,0,0,0,0,0,0,0,0,0,1,1,555,1,0,0,0,0,0,0,0,0,0,0,0,0,0,0,0,0,0,0,0,0.25,0.01,0,0,0,0.01,0,0,0,0,0,0,0,0,0.01,20,0,0,0.01,0,0,77,0,0.01,0,0,87,0,0,0,0,0,0,0,0,0,0,0,0,0,0,0,0,0,0,0,0,0,0,0.01,0.01,0.01,0.01,0,0,77,87,1,1,0,0,0,0,0,0,0,0,0,0,0,0,0,0,0,0,0,0,0,0,0,0,0,0,0,0,0,0,0,0,0
560,293.15,35,0,293.15,24.5,6.125,293.15,0.5,0,293.15,0.55,0,293.15,0.6,0,350.15,0.5,0,360.15,0.5,0,0,0,-0,0,0,0,0,0,0,0,0,0,0,0,0,0,0,-0,0,0,0,0,0.5,0,0,20,0,0,0,0.35,0,0,20,0.25,0,0,0,0,20,0,0.01,0,0,0,0,20,0,0.01,0,0,0,0,0,0.01,20,0,0,0,0,0,0,0,0.01,77,0,0,0,0,0,0.01,87,0,0,0,0,0,0,0,0,0,0,0,0,0,0,0,0,0,1,1,560,1,0,0,0,0,0,0,0,0,0,0,0,0,0,0,0,0,0,0,0,0.25,0.01,0,0,0,0.01,0,0,0,0,0,0,0,0,0.01,20,0,0,0.01,0,0,77,0,0.01,0,0,87,0,0,0,0,0,0,0,0,0,0,0,0,0,0,0,0,0,0,0,0,0,0,0.01,0.01,0.01,0.01,0,0,77,87,1,1,0,0,0,0,0,0,0,0,0,0,0,0,0,0,0,0,0,0,0,0,0,0,0,0,0,0,0,0,0,0,0
565,293.15,35,0,293.15,24.5,6.125,293.15,0.5,0,293.15,0.55,0,293.15,0.6,0,350.15,0.5,0,360.15,0.5,0,0,0,-0,0,0,0,0,0,0,0,0,0,0,0,0,0,0,-0,0,0,0,0,0.5,0,0,20,0,0,0,0.35,0,0,20,0.25,0,0,0,0,20,0,0.01,0,0,0,0,20,0,0.01,0,0,0,0,0,0.01,20,0,0,0,0,0,0,0,0.01,77,0,0,0,0,0,0.01,87,0,0,0,0,0,0,0,0,0,0,0,0,0,0,0,0,0,1,1,565,1,0,0,0,0,0,0,0,0,0,0,0,0,0,0,0,0,0,0,0,0.25,0.01,0,0,0,0.01,0,0,0,0,0,0,0,0,0.01,20,0,0,0.01,0,0,77,0,0.01,0,0,87,0,0,0,0,0,0,0,0,0,0,0,0,0,0,0,0,0,0,0,0,0,0,0.01,0.01,0.01,0.01,0,0,77,87,1,1,0,0,0,0,0,0,0,0,0,0,0,0,0,0,0,0,0,0,0,0,0,0,0,0,0,0,0,0,0,0,0
570,293.15,35,0,293.15,24.5,6.125,293.15,0.5,0,293.15,0.55,0,293.15,0.6,0,350.15,0.5,0,360.15,0.5,0,0,0,-0,0,0,0,0,0,0,0,0,0,0,0,0,0,0,-0,0,0,0,0,0.5,0,0,20,0,0,0,0.35,0,0,20,0.25,0,0,0,0,20,0,0.01,0,0,0,0,20,0,0.01,0,0,0,0,0,0.01,20,0,0,0,0,0,0,0,0.01,77,0,0,0,0,0,0.01,87,0,0,0,0,0,0,0,0,0,0,0,0,0,0,0,0,0,1,1,570,1,0,0,0,0,0,0,0,0,0,0,0,0,0,0,0,0,0,0,0,0.25,0.01,0,0,0,0.01,0,0,0,0,0,0,0,0,0.01,20,0,0,0.01,0,0,77,0,0.01,0,0,87,0,0,0,0,0,0,0,0,0,0,0,0,0,0,0,0,0,0,0,0,0,0,0.01,0.01,0.01,0.01,0,0,77,87,1,1,0,0,0,0,0,0,0,0,0,0,0,0,0,0,0,0,0,0,0,0,0,0,0,0,0,0,0,0,0,0,0
575,293.15,35,0,293.15,24.5,6.125,293.15,0.5,0,293.15,0.55,0,293.15,0.6,0,350.15,0.5,0,360.15,0.5,0,0,0,-0,0,0,0,0,0,0,0,0,0,0,0,0,0,0,-0,0,0,0,0,0.5,0,0,20,0,0,0,0.35,0,0,20,0.25,0,0,0,0,20,0,0.01,0,0,0,0,20,0,0.01,0,0,0,0,0,0.01,20,0,0,0,0,0,0,0,0.01,77,0,0,0,0,0,0.01,87,0,0,0,0,0,0,0,0,0,0,0,0,0,0,0,0,0,1,1,575,1,0,0,0,0,0,0,0,0,0,0,0,0,0,0,0,0,0,0,0,0.25,0.01,0,0,0,0.01,0,0,0,0,0,0,0,0,0.01,20,0,0,0.01,0,0,77,0,0.01,0,0,87,0,0,0,0,0,0,0,0,0,0,0,0,0,0,0,0,0,0,0,0,0,0,0.01,0.01,0.01,0.01,0,0,77,87,1,1,0,0,0,0,0,0,0,0,0,0,0,0,0,0,0,0,0,0,0,0,0,0,0,0,0,0,0,0,0,0,0
580,293.15,35,0,293.15,24.5,6.125,293.15,0.5,0,293.15,0.55,0,293.15,0.6,0,350.15,0.5,0,360.15,0.5,0,0,0,-0,0,0,0,0,0,0,0,0,0,0,0,0,0,0,-0,0,0,0,0,0.5,0,0,20,0,0,0,0.35,0,0,20,0.25,0,0,0,0,20,0,0.01,0,0,0,0,20,0,0.01,0,0,0,0,0,0.01,20,0,0,0,0,0,0,0,0.01,77,0,0,0,0,0,0.01,87,0,0,0,0,0,0,0,0,0,0,0,0,0,0,0,0,0,1,1,580,1,0,0,0,0,0,0,0,0,0,0,0,0,0,0,0,0,0,0,0,0.25,0.01,0,0,0,0.01,0,0,0,0,0,0,0,0,0.01,20,0,0,0.01,0,0,77,0,0.01,0,0,87,0,0,0,0,0,0,0,0,0,0,0,0,0,0,0,0,0,0,0,0,0,0,0.01,0.01,0.01,0.01,0,0,77,87,1,1,0,0,0,0,0,0,0,0,0,0,0,0,0,0,0,0,0,0,0,0,0,0,0,0,0,0,0,0,0,0,0
585,293.15,35,0,293.15,24.5,6.125,293.15,0.5,0,293.15,0.55,0,293.15,0.6,0,350.15,0.5,0,360.15,0.5,0,0,0,-0,0,0,0,0,0,0,0,0,0,0,0,0,0,0,-0,0,0,0,0,0.5,0,0,20,0,0,0,0.35,0,0,20,0.25,0,0,0,0,20,0,0.01,0,0,0,0,20,0,0.01,0,0,0,0,0,0.01,20,0,0,0,0,0,0,0,0.01,77,0,0,0,0,0,0.01,87,0,0,0,0,0,0,0,0,0,0,0,0,0,0,0,0,0,1,1,585,1,0,0,0,0,0,0,0,0,0,0,0,0,0,0,0,0,0,0,0,0.25,0.01,0,0,0,0.01,0,0,0,0,0,0,0,0,0.01,20,0,0,0.01,0,0,77,0,0.01,0,0,87,0,0,0,0,0,0,0,0,0,0,0,0,0,0,0,0,0,0,0,0,0,0,0.01,0.01,0.01,0.01,0,0,77,87,1,1,0,0,0,0,0,0,0,0,0,0,0,0,0,0,0,0,0,0,0,0,0,0,0,0,0,0,0,0,0,0,0
590,293.15,35,0,293.15,24.5,6.125,293.15,0.5,0,293.15,0.55,0,293.15,0.6,0,350.15,0.5,0,360.15,0.5,0,0,0,-0,0,0,0,0,0,0,0,0,0,0,0,0,0,0,-0,0,0,0,0,0.5,0,0,20,0,0,0,0.35,0,0,20,0.25,0,0,0,0,20,0,0.01,0,0,0,0,20,0,0.01,0,0,0,0,0,0.01,20,0,0,0,0,0,0,0,0.01,77,0,0,0,0,0,0.01,87,0,0,0,0,0,0,0,0,0,0,0,0,0,0,0,0,0,1,1,590,1,0,0,0,0,0,0,0,0,0,0,0,0,0,0,0,0,0,0,0,0.25,0.01,0,0,0,0.01,0,0,0,0,0,0,0,0,0.01,20,0,0,0.01,0,0,77,0,0.01,0,0,87,0,0,0,0,0,0,0,0,0,0,0,0,0,0,0,0,0,0,0,0,0,0,0.01,0.01,0.01,0.01,0,0,77,87,1,1,0,0,0,0,0,0,0,0,0,0,0,0,0,0,0,0,0,0,0,0,0,0,0,0,0,0,0,0,0,0,0
595,293.15,35,0,293.15,24.5,6.125,293.15,0.5,0,293.15,0.55,0,293.15,0.6,0,350.15,0.5,0,360.15,0.5,0,0,0,-0,0,0,0,0,0,0,0,0,0,0,0,0,0,0,-0,0,0,0,0,0.5,0,0,20,0,0,0,0.35,0,0,20,0.25,0,0,0,0,20,0,0.01,0,0,0,0,20,0,0.01,0,0,0,0,0,0.01,20,0,0,0,0,0,0,0,0.01,77,0,0,0,0,0,0.01,87,0,0,0,0,0,0,0,0,0,0,0,0,0,0,0,0,0,1,1,595,1,0,0,0,0,0,0,0,0,0,0,0,0,0,0,0,0,0,0,0,0.25,0.01,0,0,0,0.01,0,0,0,0,0,0,0,0,0.01,20,0,0,0.01,0,0,77,0,0.01,0,0,87,0,0,0,0,0,0,0,0,0,0,0,0,0,0,0,0,0,0,0,0,0,0,0.01,0.01,0.01,0.01,0,0,77,87,1,1,0,0,0,0,0,0,0,0,0,0,0,0,0,0,0,0,0,0,0,0,0,0,0,0,0,0,0,0,0,0,0
600,293.15,35,0,293.15,24.5,6.125,293.15,0.5,0,293.15,0.55,0,293.15,0.6,0,350.15,0.5,0,360.15,0.5,0,0,0,-0,0,0,0,0,0,0,0,0,0,0,0,0,0,0,-0,0,0,0,0,0.5,0,0,20,0,0,0,0.35,0,0,20,0.25,0,0,0,0,20,0,0.01,0,0,0,0,20,0,0.01,0,0,0,0,0,0.01,20,0,0,0,0,0,0,0,0.01,77,0,0,0,0,0,0.01,87,0,0,0,0,0,0,0,0,0,0,0,0,0,0,0,0,0,1,1,600,1,0,0,0,0,0,0,0,0,0,0,0,0,0,0,0,0,0,0,0,0.25,0.01,0,0,0,0.01,0,0,0,0,0,0,0,0,0.01,20,0,0,0.01,0,0,77,0,0.01,0,0,87,0,0,0,0,0,0,0,0,0,0,0,0,0,0,0,0,0,0,0,0,0,0,0.01,0.01,0.01,0.01,0,0,77,87,1,1,0,0,0,0,0,0,0,0,0,0,0,0,0,0,0,0,0,0,0,0,0,0,0,0,0,0,0,0,0,0,0
605,293.15,35,0,293.15,24.5,6.125,293.15,0.5,0,293.15,0.55,0,293.15,0.6,0,350.15,0.5,0,360.15,0.5,0,0,0,-0,0,0,0,0,0,0,0,0,0,0,0,0,0,0,-0,0,0,0,0,0.5,0,0,20,0,0,0,0.35,0,0,20,0.25,0,0,0,0,20,0,0.01,0,0,0,0,20,0,0.01,0,0,0,0,0,0.01,20,0,0,0,0,0,0,0,0.01,77,0,0,0,0,0,0.01,87,0,0,0,0,0,0,0,0,0,0,0,0,0,0,0,0,0,1,1,605,1,0,0,0,0,0,0,0,0,0,0,0,0,0,0,0,0,0,0,0,0.25,0.01,0,0,0,0.01,0,0,0,0,0,0,0,0,0.01,20,0,0,0.01,0,0,77,0,0.01,0,0,87,0,0,0,0,0,0,0,0,0,0,0,0,0,0,0,0,0,0,0,0,0,0,0.01,0.01,0.01,0.01,0,0,77,87,1,1,0,0,0,0,0,0,0,0,0,0,0,0,0,0,0,0,0,0,0,0,0,0,0,0,0,0,0,0,0,0,0
610,293.15,35,0,293.15,24.5,6.125,293.15,0.5,0,293.15,0.55,0,293.15,0.6,0,350.15,0.5,0,360.15,0.5,0,0,0,-0,0,0,0,0,0,0,0,0,0,0,0,0,0,0,-0,0,0,0,0,0.5,0,0,20,0,0,0,0.35,0,0,20,0.25,0,0,0,0,20,0,0.01,0,0,0,0,20,0,0.01,0,0,0,0,0,0.01,20,0,0,0,0,0,0,0,0.01,77,0,0,0,0,0,0.01,87,0,0,0,0,0,0,0,0,0,0,0,0,0,0,0,0,0,1,1,610,1,0,0,0,0,0,0,0,0,0,0,0,0,0,0,0,0,0,0,0,0.25,0.01,0,0,0,0.01,0,0,0,0,0,0,0,0,0.01,20,0,0,0.01,0,0,77,0,0.01,0,0,87,0,0,0,0,0,0,0,0,0,0,0,0,0,0,0,0,0,0,0,0,0,0,0.01,0.01,0.01,0.01,0,0,77,87,1,1,0,0,0,0,0,0,0,0,0,0,0,0,0,0,0,0,0,0,0,0,0,0,0,0,0,0,0,0,0,0,0
615,293.15,35,0,293.15,24.5,6.125,293.15,0.5,0,293.15,0.55,0,293.15,0.6,0,350.15,0.5,0,360.15,0.5,0,0,0,-0,0,0,0,0,0,0,0,0,0,0,0,0,0,0,-0,0,0,0,0,0.5,0,0,20,0,0,0,0.35,0,0,20,0.25,0,0,0,0,20,0,0.01,0,0,0,0,20,0,0.01,0,0,0,0,0,0.01,20,0,0,0,0,0,0,0,0.01,77,0,0,0,0,0,0.01,87,0,0,0,0,0,0,0,0,0,0,0,0,0,0,0,0,0,1,1,615,1,0,0,0,0,0,0,0,0,0,0,0,0,0,0,0,0,0,0,0,0.25,0.01,0,0,0,0.01,0,0,0,0,0,0,0,0,0.01,20,0,0,0.01,0,0,77,0,0.01,0,0,87,0,0,0,0,0,0,0,0,0,0,0,0,0,0,0,0,0,0,0,0,0,0,0.01,0.01,0.01,0.01,0,0,77,87,1,1,0,0,0,0,0,0,0,0,0,0,0,0,0,0,0,0,0,0,0,0,0,0,0,0,0,0,0,0,0,0,0
620,293.15,35,0,293.15,24.5,6.125,293.15,0.5,0,293.15,0.55,0,293.15,0.6,0,350.15,0.5,0,360.15,0.5,0,0,0,-0,0,0,0,0,0,0,0,0,0,0,0,0,0,0,-0,0,0,0,0,0.5,0,0,20,0,0,0,0.35,0,0,20,0.25,0,0,0,0,20,0,0.01,0,0,0,0,20,0,0.01,0,0,0,0,0,0.01,20,0,0,0,0,0,0,0,0.01,77,0,0,0,0,0,0.01,87,0,0,0,0,0,0,0,0,0,0,0,0,0,0,0,0,0,1,1,620,1,0,0,0,0,0,0,0,0,0,0,0,0,0,0,0,0,0,0,0,0.25,0.01,0,0,0,0.01,0,0,0,0,0,0,0,0,0.01,20,0,0,0.01,0,0,77,0,0.01,0,0,87,0,0,0,0,0,0,0,0,0,0,0,0,0,0,0,0,0,0,0,0,0,0,0.01,0.01,0.01,0.01,0,0,77,87,1,1,0,0,0,0,0,0,0,0,0,0,0,0,0,0,0,0,0,0,0,0,0,0,0,0,0,0,0,0,0,0,0
625,293.15,35,0,293.15,24.5,6.125,293.15,0.5,0,293.15,0.55,0,293.15,0.6,0,350.15,0.5,0,360.15,0.5,0,0,0,-0,0,0,0,0,0,0,0,0,0,0,0,0,0,0,-0,0,0,0,0,0.5,0,0,20,0,0,0,0.35,0,0,20,0.25,0,0,0,0,20,0,0.01,0,0,0,0,20,0,0.01,0,0,0,0,0,0.01,20,0,0,0,0,0,0,0,0.01,77,0,0,0,0,0,0.01,87,0,0,0,0,0,0,0,0,0,0,0,0,0,0,0,0,0,1,1,625,1,0,0,0,0,0,0,0,0,0,0,0,0,0,0,0,0,0,0,0,0.25,0.01,0,0,0,0.01,0,0,0,0,0,0,0,0,0.01,20,0,0,0.01,0,0,77,0,0.01,0,0,87,0,0,0,0,0,0,0,0,0,0,0,0,0,0,0,0,0,0,0,0,0,0,0.01,0.01,0.01,0.01,0,0,77,87,1,1,0,0,0,0,0,0,0,0,0,0,0,0,0,0,0,0,0,0,0,0,0,0,0,0,0,0,0,0,0,0,0
630,293.15,35,0,293.15,24.5,6.125,293.15,0.5,0,293.15,0.55,0,293.15,0.6,0,350.15,0.5,0,360.15,0.5,0,0,0,-0,0,0,0,0,0,0,0,0,0,0,0,0,0,0,-0,0,0,0,0,0.5,0,0,20,0,0,0,0.35,0,0,20,0.25,0,0,0,0,20,0,0.01,0,0,0,0,20,0,0.01,0,0,0,0,0,0.01,20,0,0,0,0,0,0,0,0.01,77,0,0,0,0,0,0.01,87,0,0,0,0,0,0,0,0,0,0,0,0,0,0,0,0,0,1,1,630,1,0,0,0,0,0,0,0,0,0,0,0,0,0,0,0,0,0,0,0,0.25,0.01,0,0,0,0.01,0,0,0,0,0,0,0,0,0.01,20,0,0,0.01,0,0,77,0,0.01,0,0,87,0,0,0,0,0,0,0,0,0,0,0,0,0,0,0,0,0,0,0,0,0,0,0.01,0.01,0.01,0.01,0,0,77,87,1,1,0,0,0,0,0,0,0,0,0,0,0,0,0,0,0,0,0,0,0,0,0,0,0,0,0,0,0,0,0,0,0
635,293.15,35,0,293.15,24.5,6.125,293.15,0.5,0,293.15,0.55,0,293.15,0.6,0,350.15,0.5,0,360.15,0.5,0,0,0,-0,0,0,0,0,0,0,0,0,0,0,0,0,0,0,-0,0,0,0,0,0.5,0,0,20,0,0,0,0.35,0,0,20,0.25,0,0,0,0,20,0,0.01,0,0,0,0,20,0,0.01,0,0,0,0,0,0.01,20,0,0,0,0,0,0,0,0.01,77,0,0,0,0,0,0.01,87,0,0,0,0,0,0,0,0,0,0,0,0,0,0,0,0,0,1,1,635,1,0,0,0,0,0,0,0,0,0,0,0,0,0,0,0,0,0,0,0,0.25,0.01,0,0,0,0.01,0,0,0,0,0,0,0,0,0.01,20,0,0,0.01,0,0,77,0,0.01,0,0,87,0,0,0,0,0,0,0,0,0,0,0,0,0,0,0,0,0,0,0,0,0,0,0.01,0.01,0.01,0.01,0,0,77,87,1,1,0,0,0,0,0,0,0,0,0,0,0,0,0,0,0,0,0,0,0,0,0,0,0,0,0,0,0,0,0,0,0
640,293.15,35,0,293.15,24.5,6.125,293.15,0.5,0,293.15,0.55,0,293.15,0.6,0,350.15,0.5,0,360.15,0.5,0,0,0,-0,0,0,0,0,0,0,0,0,0,0,0,0,0,0,-0,0,0,0,0,0.5,0,0,20,0,0,0,0.35,0,0,20,0.25,0,0,0,0,20,0,0.01,0,0,0,0,20,0,0.01,0,0,0,0,0,0.01,20,0,0,0,0,0,0,0,0.01,77,0,0,0,0,0,0.01,87,0,0,0,0,0,0,0,0,0,0,0,0,0,0,0,0,0,1,1,640,1,0,0,0,0,0,0,0,0,0,0,0,0,0,0,0,0,0,0,0,0.25,0.01,0,0,0,0.01,0,0,0,0,0,0,0,0,0.01,20,0,0,0.01,0,0,77,0,0.01,0,0,87,0,0,0,0,0,0,0,0,0,0,0,0,0,0,0,0,0,0,0,0,0,0,0.01,0.01,0.01,0.01,0,0,77,87,1,1,0,0,0,0,0,0,0,0,0,0,0,0,0,0,0,0,0,0,0,0,0,0,0,0,0,0,0,0,0,0,0
645,293.15,35,0,293.15,24.5,6.125,293.15,0.5,0,293.15,0.55,0,293.15,0.6,0,350.15,0.5,0,360.15,0.5,0,0,0,-0,0,0,0,0,0,0,0,0,0,0,0,0,0,0,-0,0,0,0,0,0.5,0,0,20,0,0,0,0.35,0,0,20,0.25,0,0,0,0,20,0,0.01,0,0,0,0,20,0,0.01,0,0,0,0,0,0.01,20,0,0,0,0,0,0,0,0.01,77,0,0,0,0,0,0.01,87,0,0,0,0,0,0,0,0,0,0,0,0,0,0,0,0,0,1,1,645,1,0,0,0,0,0,0,0,0,0,0,0,0,0,0,0,0,0,0,0,0.25,0.01,0,0,0,0.01,0,0,0,0,0,0,0,0,0.01,20,0,0,0.01,0,0,77,0,0.01,0,0,87,0,0,0,0,0,0,0,0,0,0,0,0,0,0,0,0,0,0,0,0,0,0,0.01,0.01,0.01,0.01,0,0,77,87,1,1,0,0,0,0,0,0,0,0,0,0,0,0,0,0,0,0,0,0,0,0,0,0,0,0,0,0,0,0,0,0,0
650,293.15,35,0,293.15,24.5,6.125,293.15,0.5,0,293.15,0.55,0,293.15,0.6,0,350.15,0.5,0,360.15,0.5,0,0,0,-0,0,0,0,0,0,0,0,0,0,0,0,0,0,0,-0,0,0,0,0,0.5,0,0,20,0,0,0,0.35,0,0,20,0.25,0,0,0,0,20,0,0.01,0,0,0,0,20,0,0.01,0,0,0,0,0,0.01,20,0,0,0,0,0,0,0,0.01,77,0,0,0,0,0,0.01,87,0,0,0,0,0,0,0,0,0,0,0,0,0,0,0,0,0,1,1,650,1,0,0,0,0,0,0,0,0,0,0,0,0,0,0,0,0,0,0,0,0.25,0.01,0,0,0,0.01,0,0,0,0,0,0,0,0,0.01,20,0,0,0.01,0,0,77,0,0.01,0,0,87,0,0,0,0,0,0,0,0,0,0,0,0,0,0,0,0,0,0,0,0,0,0,0.01,0.01,0.01,0.01,0,0,77,87,1,1,0,0,0,0,0,0,0,0,0,0,0,0,0,0,0,0,0,0,0,0,0,0,0,0,0,0,0,0,0,0,0
655,293.15,35,0,293.15,24.5,6.125,293.15,0.5,0,293.15,0.55,0,293.15,0.6,0,350.15,0.5,0,360.15,0.5,0,0,0,-0,0,0,0,0,0,0,0,0,0,0,0,0,0,0,-0,0,0,0,0,0.5,0,0,20,0,0,0,0.35,0,0,20,0.25,0,0,0,0,20,0,0.01,0,0,0,0,20,0,0.01,0,0,0,0,0,0.01,20,0,0,0,0,0,0,0,0.01,77,0,0,0,0,0,0.01,87,0,0,0,0,0,0,0,0,0,0,0,0,0,0,0,0,0,1,1,655,1,0,0,0,0,0,0,0,0,0,0,0,0,0,0,0,0,0,0,0,0.25,0.01,0,0,0,0.01,0,0,0,0,0,0,0,0,0.01,20,0,0,0.01,0,0,77,0,0.01,0,0,87,0,0,0,0,0,0,0,0,0,0,0,0,0,0,0,0,0,0,0,0,0,0,0.01,0.01,0.01,0.01,0,0,77,87,1,1,0,0,0,0,0,0,0,0,0,0,0,0,0,0,0,0,0,0,0,0,0,0,0,0,0,0,0,0,0,0,0
660,293.15,35,0,293.15,24.5,6.125,293.15,0.5,0,293.15,0.55,0,293.15,0.6,0,350.15,0.5,0,360.15,0.5,0,0,0,-0,0,0,0,0,0,0,0,0,0,0,0,0,0,0,-0,0,0,0,0,0.5,0,0,20,0,0,0,0.35,0,0,20,0.25,0,0,0,0,20,0,0.01,0,0,0,0,20,0,0.01,0,0,0,0,0,0.01,20,0,0,0,0,0,0,0,0.01,77,0,0,0,0,0,0.01,87,0,0,0,0,0,0,0,0,0,0,0,0,0,0,0,0,0,1,1,660,1,0,0,0,0,0,0,0,0,0,0,0,0,0,0,0,0,0,0,0,0.25,0.01,0,0,0,0.01,0,0,0,0,0,0,0,0,0.01,20,0,0,0.01,0,0,77,0,0.01,0,0,87,0,0,0,0,0,0,0,0,0,0,0,0,0,0,0,0,0,0,0,0,0,0,0.01,0.01,0.01,0.01,0,0,77,87,1,1,0,0,0,0,0,0,0,0,0,0,0,0,0,0,0,0,0,0,0,0,0,0,0,0,0,0,0,0,0,0,0
665,293.15,35,0,293.15,24.5,6.125,293.15,0.5,0,293.15,0.55,0,293.15,0.6,0,350.15,0.5,0,360.15,0.5,0,0,0,-0,0,0,0,0,0,0,0,0,0,0,0,0,0,0,-0,0,0,0,0,0.5,0,0,20,0,0,0,0.35,0,0,20,0.25,0,0,0,0,20,0,0.01,0,0,0,0,20,0,0.01,0,0,0,0,0,0.01,20,0,0,0,0,0,0,0,0.01,77,0,0,0,0,0,0.01,87,0,0,0,0,0,0,0,0,0,0,0,0,0,0,0,0,0,1,1,665,1,0,0,0,0,0,0,0,0,0,0,0,0,0,0,0,0,0,0,0,0.25,0.01,0,0,0,0.01,0,0,0,0,0,0,0,0,0.01,20,0,0,0.01,0,0,77,0,0.01,0,0,87,0,0,0,0,0,0,0,0,0,0,0,0,0,0,0,0,0,0,0,0,0,0,0.01,0.01,0.01,0.01,0,0,77,87,1,1,0,0,0,0,0,0,0,0,0,0,0,0,0,0,0,0,0,0,0,0,0,0,0,0,0,0,0,0,0,0,0
670,293.15,35,0,293.15,24.5,6.125,293.15,0.5,0,293.15,0.55,0,293.15,0.6,0,350.15,0.5,0,360.15,0.5,0,0,0,-0,0,0,0,0,0,0,0,0,0,0,0,0,0,0,-0,0,0,0,0,0.5,0,0,20,0,0,0,0.35,0,0,20,0.25,0,0,0,0,20,0,0.01,0,0,0,0,20,0,0.01,0,0,0,0,0,0.01,20,0,0,0,0,0,0,0,0.01,77,0,0,0,0,0,0.01,87,0,0,0,0,0,0,0,0,0,0,0,0,0,0,0,0,0,1,1,670,1,0,0,0,0,0,0,0,0,0,0,0,0,0,0,0,0,0,0,0,0.25,0.01,0,0,0,0.01,0,0,0,0,0,0,0,0,0.01,20,0,0,0.01,0,0,77,0,0.01,0,0,87,0,0,0,0,0,0,0,0,0,0,0,0,0,0,0,0,0,0,0,0,0,0,0.01,0.01,0.01,0.01,0,0,77,87,1,1,0,0,0,0,0,0,0,0,0,0,0,0,0,0,0,0,0,0,0,0,0,0,0,0,0,0,0,0,0,0,0
675,293.15,35,0,293.15,24.5,6.125,293.15,0.5,0,293.15,0.55,0,293.15,0.6,0,350.15,0.5,0,360.15,0.5,0,0,0,-0,0,0,0,0,0,0,0,0,0,0,0,0,0,0,-0,0,0,0,0,0.5,0,0,20,0,0,0,0.35,0,0,20,0.25,0,0,0,0,20,0,0.01,0,0,0,0,20,0,0.01,0,0,0,0,0,0.01,20,0,0,0,0,0,0,0,0.01,77,0,0,0,0,0,0.01,87,0,0,0,0,0,0,0,0,0,0,0,0,0,0,0,0,0,1,1,675,1,0,0,0,0,0,0,0,0,0,0,0,0,0,0,0,0,0,0,0,0.25,0.01,0,0,0,0.01,0,0,0,0,0,0,0,0,0.01,20,0,0,0.01,0,0,77,0,0.01,0,0,87,0,0,0,0,0,0,0,0,0,0,0,0,0,0,0,0,0,0,0,0,0,0,0.01,0.01,0.01,0.01,0,0,77,87,1,1,0,0,0,0,0,0,0,0,0,0,0,0,0,0,0,0,0,0,0,0,0,0,0,0,0,0,0,0,0,0,0
680,293.15,35,0,293.15,24.5,6.125,293.15,0.5,0,293.15,0.55,0,293.15,0.6,0,350.15,0.5,0,360.15,0.5,0,0,0,-0,0,0,0,0,0,0,0,0,0,0,0,0,0,0,-0,0,0,0,0,0.5,0,0,20,0,0,0,0.35,0,0,20,0.25,0,0,0,0,20,0,0.01,0,0,0,0,20,0,0.01,0,0,0,0,0,0.01,20,0,0,0,0,0,0,0,0.01,77,0,0,0,0,0,0.01,87,0,0,0,0,0,0,0,0,0,0,0,0,0,0,0,0,0,1,1,680,1,0,0,0,0,0,0,0,0,0,0,0,0,0,0,0,0,0,0,0,0.25,0.01,0,0,0,0.01,0,0,0,0,0,0,0,0,0.01,20,0,0,0.01,0,0,77,0,0.01,0,0,87,0,0,0,0,0,0,0,0,0,0,0,0,0,0,0,0,0,0,0,0,0,0,0.01,0.01,0.01,0.01,0,0,77,87,1,1,0,0,0,0,0,0,0,0,0,0,0,0,0,0,0,0,0,0,0,0,0,0,0,0,0,0,0,0,0,0,0
685,293.15,35,0,293.15,24.5,6.125,293.15,0.5,0,293.15,0.55,0,293.15,0.6,0,350.15,0.5,0,360.15,0.5,0,0,0,-0,0,0,0,0,0,0,0,0,0,0,0,0,0,0,-0,0,0,0,0,0.5,0,0,20,0,0,0,0.35,0,0,20,0.25,0,0,0,0,20,0,0.01,0,0,0,0,20,0,0.01,0,0,0,0,0,0.01,20,0,0,0,0,0,0,0,0.01,77,0,0,0,0,0,0.01,87,0,0,0,0,0,0,0,0,0,0,0,0,0,0,0,0,0,1,1,685,1,0,0,0,0,0,0,0,0,0,0,0,0,0,0,0,0,0,0,0,0.25,0.01,0,0,0,0.01,0,0,0,0,0,0,0,0,0.01,20,0,0,0.01,0,0,77,0,0.01,0,0,87,0,0,0,0,0,0,0,0,0,0,0,0,0,0,0,0,0,0,0,0,0,0,0.01,0.01,0.01,0.01,0,0,77,87,1,1,0,0,0,0,0,0,0,0,0,0,0,0,0,0,0,0,0,0,0,0,0,0,0,0,0,0,0,0,0,0,0
690,293.15,35,0,293.15,24.5,6.125,293.15,0.5,0,293.15,0.55,0,293.15,0.6,0,350.15,0.5,0,360.15,0.5,0,0,0,-0,0,0,0,0,0,0,0,0,0,0,0,0,0,0,-0,0,0,0,0,0.5,0,0,20,0,0,0,0.35,0,0,20,0.25,0,0,0,0,20,0,0.01,0,0,0,0,20,0,0.01,0,0,0,0,0,0.01,20,0,0,0,0,0,0,0,0.01,77,0,0,0,0,0,0.01,87,0,0,0,0,0,0,0,0,0,0,0,0,0,0,0,0,0,1,1,690,1,0,0,0,0,0,0,0,0,0,0,0,0,0,0,0,0,0,0,0,0.25,0.01,0,0,0,0.01,0,0,0,0,0,0,0,0,0.01,20,0,0,0.01,0,0,77,0,0.01,0,0,87,0,0,0,0,0,0,0,0,0,0,0,0,0,0,0,0,0,0,0,0,0,0,0.01,0.01,0.01,0.01,0,0,77,87,1,1,0,0,0,0,0,0,0,0,0,0,0,0,0,0,0,0,0,0,0,0,0,0,0,0,0,0,0,0,0,0,0
695,293.15,35,0,293.15,24.5,6.125,293.15,0.5,0,293.15,0.55,0,293.15,0.6,0,350.15,0.5,0,360.15,0.5,0,0,0,-0,0,0,0,0,0,0,0,0,0,0,0,0,0,0,-0,0,0,0,0,0.5,0,0,20,0,0,0,0.35,0,0,20,0.25,0,0,0,0,20,0,0.01,0,0,0,0,20,0,0.01,0,0,0,0,0,0.01,20,0,0,0,0,0,0,0,0.01,77,0,0,0,0,0,0.01,87,0,0,0,0,0,0,0,0,0,0,0,0,0,0,0,0,0,1,1,695,1,0,0,0,0,0,0,0,0,0,0,0,0,0,0,0,0,0,0,0,0.25,0.01,0,0,0,0.01,0,0,0,0,0,0,0,0,0.01,20,0,0,0.01,0,0,77,0,0.01,0,0,87,0,0,0,0,0,0,0,0,0,0,0,0,0,0,0,0,0,0,0,0,0,0,0.01,0.01,0.01,0.01,0,0,77,87,1,1,0,0,0,0,0,0,0,0,0,0,0,0,0,0,0,0,0,0,0,0,0,0,0,0,0,0,0,0,0,0,0
700,293.15,35,0,293.15,24.5,6.125,293.15,0.5,0,293.15,0.55,0,293.15,0.6,0,350.15,0.5,0,360.15,0.5,0,0,0,-0,0,0,0,0,0,0,0,0,0,0,0,0,0,0,-0,0,0,0,0,0.5,0,0,20,0,0,0,0.35,0,0,20,0.25,0,0,0,0,20,0,0.01,0,0,0,0,20,0,0.01,0,0,0,0,0,0.01,20,0,0,0,0,0,0,0,0.01,77,0,0,0,0,0,0.01,87,0,0,0,0,0,0,0,0,0,0,0,0,0,0,0,0,0,1,1,700,1,0,0,0,0,0,0,0,0,0,0,0,0,0,0,0,0,0,0,0,0.25,0.01,0,0,0,0.01,0,0,0,0,0,0,0,0,0.01,20,0,0,0.01,0,0,77,0,0.01,0,0,87,0,0,0,0,0,0,0,0,0,0,0,0,0,0,0,0,0,0,0,0,0,0,0.01,0.01,0.01,0.01,0,0,77,87,1,1,0,0,0,0,0,0,0,0,0,0,0,0,0,0,0,0,0,0,0,0,0,0,0,0,0,0,0,0,0,0,0
705,293.15,35,0,293.15,24.5,6.125,293.15,0.5,0,293.15,0.55,0,293.15,0.6,0,350.15,0.5,0,360.15,0.5,0,0,0,-0,0,0,0,0,0,0,0,0,0,0,0,0,0,0,-0,0,0,0,0,0.5,0,0,20,0,0,0,0.35,0,0,20,0.25,0,0,0,0,20,0,0.01,0,0,0,0,20,0,0.01,0,0,0,0,0,0.01,20,0,0,0,0,0,0,0,0.01,77,0,0,0,0,0,0.01,87,0,0,0,0,0,0,0,0,0,0,0,0,0,0,0,0,0,1,1,705,1,0,0,0,0,0,0,0,0,0,0,0,0,0,0,0,0,0,0,0,0.25,0.01,0,0,0,0.01,0,0,0,0,0,0,0,0,0.01,20,0,0,0.01,0,0,77,0,0.01,0,0,87,0,0,0,0,0,0,0,0,0,0,0,0,0,0,0,0,0,0,0,0,0,0,0.01,0.01,0.01,0.01,0,0,77,87,1,1,0,0,0,0,0,0,0,0,0,0,0,0,0,0,0,0,0,0,0,0,0,0,0,0,0,0,0,0,0,0,0
710,293.15,35,0,293.15,24.5,6.125,293.15,0.5,0,293.15,0.55,0,293.15,0.6,0,350.15,0.5,0,360.15,0.5,0,0,0,-0,0,0,0,0,0,0,0,0,0,0,0,0,0,0,-0,0,0,0,0,0.5,0,0,20,0,0,0,0.35,0,0,20,0.25,0,0,0,0,20,0,0.01,0,0,0,0,20,0,0.01,0,0,0,0,0,0.01,20,0,0,0,0,0,0,0,0.01,77,0,0,0,0,0,0.01,87,0,0,0,0,0,0,0,0,0,0,0,0,0,0,0,0,0,1,1,710,1,0,0,0,0,0,0,0,0,0,0,0,0,0,0,0,0,0,0,0,0.25,0.01,0,0,0,0.01,0,0,0,0,0,0,0,0,0.01,20,0,0,0.01,0,0,77,0,0.01,0,0,87,0,0,0,0,0,0,0,0,0,0,0,0,0,0,0,0,0,0,0,0,0,0,0.01,0.01,0.01,0.01,0,0,77,87,1,1,0,0,0,0,0,0,0,0,0,0,0,0,0,0,0,0,0,0,0,0,0,0,0,0,0,0,0,0,0,0,0
715,293.15,35,0,293.15,24.5,6.125,293.15,0.5,0,293.15,0.55,0,293.15,0.6,0,350.15,0.5,0,360.15,0.5,0,0,0,-0,0,0,0,0,0,0,0,0,0,0,0,0,0,0,-0,0,0,0,0,0.5,0,0,20,0,0,0,0.35,0,0,20,0.25,0,0,0,0,20,0,0.01,0,0,0,0,20,0,0.01,0,0,0,0,0,0.01,20,0,0,0,0,0,0,0,0.01,77,0,0,0,0,0,0.01,87,0,0,0,0,0,0,0,0,0,0,0,0,0,0,0,0,0,1,1,715,1,0,0,0,0,0,0,0,0,0,0,0,0,0,0,0,0,0,0,0,0.25,0.01,0,0,0,0.01,0,0,0,0,0,0,0,0,0.01,20,0,0,0.01,0,0,77,0,0.01,0,0,87,0,0,0,0,0,0,0,0,0,0,0,0,0,0,0,0,0,0,0,0,0,0,0.01,0.01,0.01,0.01,0,0,77,87,1,1,0,0,0,0,0,0,0,0,0,0,0,0,0,0,0,0,0,0,0,0,0,0,0,0,0,0,0,0,0,0,0
720,293.15,35,0,293.15,24.5,6.125,293.15,0.5,0,293.15,0.55,0,293.15,0.6,0,350.15,0.5,0,360.15,0.5,0,0,0,-0,0,0,0,0,0,0,0,0,0,0,0,0,0,0,-0,0,0,0,0,0.5,0,0,20,0,0,0,0.35,0,0,20,0.25,0,0,0,0,20,0,0.01,0,0,0,0,20,0,0.01,0,0,0,0,0,0.01,20,0,0,0,0,0,0,0,0.01,77,0,0,0,0,0,0.01,87,0,0,0,0,0,0,0,0,0,0,0,0,0,0,0,0,0,1,1,720,1,0,0,0,0,0,0,0,0,0,0,0,0,0,0,0,0,0,0,0,0.25,0.01,0,0,0,0.01,0,0,0,0,0,0,0,0,0.01,20,0,0,0.01,0,0,77,0,0.01,0,0,87,0,0,0,0,0,0,0,0,0,0,0,0,0,0,0,0,0,0,0,0,0,0,0.01,0.01,0.01,0.01,0,0,77,87,1,1,0,0,0,0,0,0,0,0,0,0,0,0,0,0,0,0,0,0,0,0,0,0,0,0,0,0,0,0,0,0,0
725,293.15,35,0,293.15,24.5,6.125,293.15,0.5,0,293.15,0.55,0,293.15,0.6,0,350.15,0.5,0,360.15,0.5,0,0,0,-0,0,0,0,0,0,0,0,0,0,0,0,0,0,0,-0,0,0,0,0,0.5,0,0,20,0,0,0,0.35,0,0,20,0.25,0,0,0,0,20,0,0.01,0,0,0,0,20,0,0.01,0,0,0,0,0,0.01,20,0,0,0,0,0,0,0,0.01,77,0,0,0,0,0,0.01,87,0,0,0,0,0,0,0,0,0,0,0,0,0,0,0,0,0,1,1,725,1,0,0,0,0,0,0,0,0,0,0,0,0,0,0,0,0,0,0,0,0.25,0.01,0,0,0,0.01,0,0,0,0,0,0,0,0,0.01,20,0,0,0.01,0,0,77,0,0.01,0,0,87,0,0,0,0,0,0,0,0,0,0,0,0,0,0,0,0,0,0,0,0,0,0,0.01,0.01,0.01,0.01,0,0,77,87,1,1,0,0,0,0,0,0,0,0,0,0,0,0,0,0,0,0,0,0,0,0,0,0,0,0,0,0,0,0,0,0,0
730,293.15,35,0,293.15,24.5,6.125,293.15,0.5,0,293.15,0.55,0,293.15,0.6,0,350.15,0.5,0,360.15,0.5,0,0,0,-0,0,0,0,0,0,0,0,0,0,0,0,0,0,0,-0,0,0,0,0,0.5,0,0,20,0,0,0,0.35,0,0,20,0.25,0,0,0,0,20,0,0.01,0,0,0,0,20,0,0.01,0,0,0,0,0,0.01,20,0,0,0,0,0,0,0,0.01,77,0,0,0,0,0,0.01,87,0,0,0,0,0,0,0,0,0,0,0,0,0,0,0,0,0,1,1,730,1,0,0,0,0,0,0,0,0,0,0,0,0,0,0,0,0,0,0,0,0.25,0.01,0,0,0,0.01,0,0,0,0,0,0,0,0,0.01,20,0,0,0.01,0,0,77,0,0.01,0,0,87,0,0,0,0,0,0,0,0,0,0,0,0,0,0,0,0,0,0,0,0,0,0,0.01,0.01,0.01,0.01,0,0,77,87,1,1,0,0,0,0,0,0,0,0,0,0,0,0,0,0,0,0,0,0,0,0,0,0,0,0,0,0,0,0,0,0,0
735,293.15,35,0,293.15,24.5,6.125,293.15,0.5,0,293.15,0.55,0,293.15,0.6,0,350.15,0.5,0,360.15,0.5,0,0,0,-0,0,0,0,0,0,0,0,0,0,0,0,0,0,0,-0,0,0,0,0,0.5,0,0,20,0,0,0,0.35,0,0,20,0.25,0,0,0,0,20,0,0.01,0,0,0,0,20,0,0.01,0,0,0,0,0,0.01,20,0,0,0,0,0,0,0,0.01,77,0,0,0,0,0,0.01,87,0,0,0,0,0,0,0,0,0,0,0,0,0,0,0,0,0,1,1,735,1,0,0,0,0,0,0,0,0,0,0,0,0,0,0,0,0,0,0,0,0.25,0.01,0,0,0,0.01,0,0,0,0,0,0,0,0,0.01,20,0,0,0.01,0,0,77,0,0.01,0,0,87,0,0,0,0,0,0,0,0,0,0,0,0,0,0,0,0,0,0,0,0,0,0,0.01,0.01,0.01,0.01,0,0,77,87,1,1,0,0,0,0,0,0,0,0,0,0,0,0,0,0,0,0,0,0,0,0,0,0,0,0,0,0,0,0,0,0,0
740,293.15,35,0,293.15,24.5,6.125,293.15,0.5,0,293.15,0.55,0,293.15,0.6,0,350.15,0.5,0,360.15,0.5,0,0,0,-0,0,0,0,0,0,0,0,0,0,0,0,0,0,0,-0,0,0,0,0,0.5,0,0,20,0,0,0,0.35,0,0,20,0.25,0,0,0,0,20,0,0.01,0,0,0,0,20,0,0.01,0,0,0,0,0,0.01,20,0,0,0,0,0,0,0,0.01,77,0,0,0,0,0,0.01,87,0,0,0,0,0,0,0,0,0,0,0,0,0,0,0,0,0,1,1,740,1,0,0,0,0,0,0,0,0,0,0,0,0,0,0,0,0,0,0,0,0.25,0.01,0,0,0,0.01,0,0,0,0,0,0,0,0,0.01,20,0,0,0.01,0,0,77,0,0.01,0,0,87,0,0,0,0,0,0,0,0,0,0,0,0,0,0,0,0,0,0,0,0,0,0,0.01,0.01,0.01,0.01,0,0,77,87,1,1,0,0,0,0,0,0,0,0,0,0,0,0,0,0,0,0,0,0,0,0,0,0,0,0,0,0,0,0,0,0,0
745,293.15,35,0,293.15,24.5,6.125,293.15,0.5,0,293.15,0.55,0,293.15,0.6,0,350.15,0.5,0,360.15,0.5,0,0,0,-0,0,0,0,0,0,0,0,0,0,0,0,0,0,0,-0,0,0,0,0,0.5,0,0,20,0,0,0,0.35,0,0,20,0.25,0,0,0,0,20,0,0.01,0,0,0,0,20,0,0.01,0,0,0,0,0,0.01,20,0,0,0,0,0,0,0,0.01,77,0,0,0,0,0,0.01,87,0,0,0,0,0,0,0,0,0,0,0,0,0,0,0,0,0,1,1,745,1,0,0,0,0,0,0,0,0,0,0,0,0,0,0,0,0,0,0,0,0.25,0.01,0,0,0,0.01,0,0,0,0,0,0,0,0,0.01,20,0,0,0.01,0,0,77,0,0.01,0,0,87,0,0,0,0,0,0,0,0,0,0,0,0,0,0,0,0,0,0,0,0,0,0,0.01,0.01,0.01,0.01,0,0,77,87,1,1,0,0,0,0,0,0,0,0,0,0,0,0,0,0,0,0,0,0,0,0,0,0,0,0,0,0,0,0,0,0,0
750,293.15,35,0,293.15,24.5,6.125,293.15,0.5,0,293.15,0.55,0,293.15,0.6,0,350.15,0.5,0,360.15,0.5,0,0,0,-0,0,0,0,0,0,0,0,0,0,0,0,0,0,0,-0,0,0,0,0,0.5,0,0,20,0,0,0,0.35,0,0,20,0.25,0,0,0,0,20,0,0.01,0,0,0,0,20,0,0.01,0,0,0,0,0,0.01,20,0,0,0,0,0,0,0,0.01,77,0,0,0,0,0,0.01,87,0,0,0,0,0,0,0,0,0,0,0,0,0,0,0,0,0,1,1,750,1,0,0,0,0,0,0,0,0,0,0,0,0,0,0,0,0,0,0,0,0.25,0.01,0,0,0,0.01,0,0,0,0,0,0,0,0,0.01,20,0,0,0.01,0,0,77,0,0.01,0,0,87,0,0,0,0,0,0,0,0,0,0,0,0,0,0,0,0,0,0,0,0,0,0,0.01,0.01,0.01,0.01,0,0,77,87,1,1,0,0,0,0,0,0,0,0,0,0,0,0,0,0,0,0,0,0,0,0,0,0,0,0,0,0,0,0,0,0,0
755,293.15,35,0,293.15,24.5,6.125,293.15,0.5,0,293.15,0.55,0,293.15,0.6,0,350.15,0.5,0,360.15,0.5,0,0,0,-0,0,0,0,0,0,0,0,0,0,0,0,0,0,0,-0,0,0,0,0,0.5,0,0,20,0,0,0,0.35,0,0,20,0.25,0,0,0,0,20,0,0.01,0,0,0,0,20,0,0.01,0,0,0,0,0,0.01,20,0,0,0,0,0,0,0,0.01,77,0,0,0,0,0,0.01,87,0,0,0,0,0,0,0,0,0,0,0,0,0,0,0,0,0,1,1,755,1,0,0,0,0,0,0,0,0,0,0,0,0,0,0,0,0,0,0,0,0.25,0.01,0,0,0,0.01,0,0,0,0,0,0,0,0,0.01,20,0,0,0.01,0,0,77,0,0.01,0,0,87,0,0,0,0,0,0,0,0,0,0,0,0,0,0,0,0,0,0,0,0,0,0,0.01,0.01,0.01,0.01,0,0,77,87,1,1,0,0,0,0,0,0,0,0,0,0,0,0,0,0,0,0,0,0,0,0,0,0,0,0,0,0,0,0,0,0,0
760,293.15,35,0,293.15,24.5,6.125,293.15,0.5,0,293.15,0.55,0,293.15,0.6,0,350.15,0.5,0,360.15,0.5,0,0,0,-0,0,0,0,0,0,0,0,0,0,0,0,0,0,0,-0,0,0,0,0,0.5,0,0,20,0,0,0,0.35,0,0,20,0.25,0,0,0,0,20,0,0.01,0,0,0,0,20,0,0.01,0,0,0,0,0,0.01,20,0,0,0,0,0,0,0,0.01,77,0,0,0,0,0,0.01,87,0,0,0,0,0,0,0,0,0,0,0,0,0,0,0,0,0,1,1,760,1,0,0,0,0,0,0,0,0,0,0,0,0,0,0,0,0,0,0,0,0.25,0.01,0,0,0,0.01,0,0,0,0,0,0,0,0,0.01,20,0,0,0.01,0,0,77,0,0.01,0,0,87,0,0,0,0,0,0,0,0,0,0,0,0,0,0,0,0,0,0,0,0,0,0,0.01,0.01,0.01,0.01,0,0,77,87,1,1,0,0,0,0,0,0,0,0,0,0,0,0,0,0,0,0,0,0,0,0,0,0,0,0,0,0,0,0,0,0,0
765,293.15,35,0,293.15,24.5,6.125,293.15,0.5,0,293.15,0.55,0,293.15,0.6,0,350.15,0.5,0,360.15,0.5,0,0,0,-0,0,0,0,0,0,0,0,0,0,0,0,0,0,0,-0,0,0,0,0,0.5,0,0,20,0,0,0,0.35,0,0,20,0.25,0,0,0,0,20,0,0.01,0,0,0,0,20,0,0.01,0,0,0,0,0,0.01,20,0,0,0,0,0,0,0,0.01,77,0,0,0,0,0,0.01,87,0,0,0,0,0,0,0,0,0,0,0,0,0,0,0,0,0,1,1,765,1,0,0,0,0,0,0,0,0,0,0,0,0,0,0,0,0,0,0,0,0.25,0.01,0,0,0,0.01,0,0,0,0,0,0,0,0,0.01,20,0,0,0.01,0,0,77,0,0.01,0,0,87,0,0,0,0,0,0,0,0,0,0,0,0,0,0,0,0,0,0,0,0,0,0,0.01,0.01,0.01,0.01,0,0,77,87,1,1,0,0,0,0,0,0,0,0,0,0,0,0,0,0,0,0,0,0,0,0,0,0,0,0,0,0,0,0,0,0,0
770,293.15,35,0,293.15,24.5,6.125,293.15,0.5,0,293.15,0.55,0,293.15,0.6,0,350.15,0.5,0,360.15,0.5,0,0,0,-0,0,0,0,0,0,0,0,0,0,0,0,0,0,0,-0,0,0,0,0,0.5,0,0,20,0,0,0,0.35,0,0,20,0.25,0,0,0,0,20,0,0.01,0,0,0,0,20,0,0.01,0,0,0,0,0,0.01,20,0,0,0,0,0,0,0,0.01,77,0,0,0,0,0,0.01,87,0,0,0,0,0,0,0,0,0,0,0,0,0,0,0,0,0,1,1,770,1,0,0,0,0,0,0,0,0,0,0,0,0,0,0,0,0,0,0,0,0.25,0.01,0,0,0,0.01,0,0,0,0,0,0,0,0,0.01,20,0,0,0.01,0,0,77,0,0.01,0,0,87,0,0,0,0,0,0,0,0,0,0,0,0,0,0,0,0,0,0,0,0,0,0,0.01,0.01,0.01,0.01,0,0,77,87,1,1,0,0,0,0,0,0,0,0,0,0,0,0,0,0,0,0,0,0,0,0,0,0,0,0,0,0,0,0,0,0,0
775,293.15,35,0,293.15,24.5,6.125,293.15,0.5,0,293.15,0.55,0,293.15,0.6,0,350.15,0.5,0,360.15,0.5,0,0,0,-0,0,0,0,0,0,0,0,0,0,0,0,0,0,0,-0,0,0,0,0,0.5,0,0,20,0,0,0,0.35,0,0,20,0.25,0,0,0,0,20,0,0.01,0,0,0,0,20,0,0.01,0,0,0,0,0,0.01,20,0,0,0,0,0,0,0,0.01,77,0,0,0,0,0,0.01,87,0,0,0,0,0,0,0,0,0,0,0,0,0,0,0,0,0,1,1,775,1,0,0,0,0,0,0,0,0,0,0,0,0,0,0,0,0,0,0,0,0.25,0.01,0,0,0,0.01,0,0,0,0,0,0,0,0,0.01,20,0,0,0.01,0,0,77,0,0.01,0,0,87,0,0,0,0,0,0,0,0,0,0,0,0,0,0,0,0,0,0,0,0,0,0,0.01,0.01,0.01,0.01,0,0,77,87,1,1,0,0,0,0,0,0,0,0,0,0,0,0,0,0,0,0,0,0,0,0,0,0,0,0,0,0,0,0,0,0,0
780,293.15,35,0,293.15,24.5,6.125,293.15,0.5,0,293.15,0.55,0,293.15,0.6,0,350.15,0.5,0,360.15,0.5,0,0,0,-0,0,0,0,0,0,0,0,0,0,0,0,0,0,0,-0,0,0,0,0,0.5,0,0,20,0,0,0,0.35,0,0,20,0.25,0,0,0,0,20,0,0.01,0,0,0,0,20,0,0.01,0,0,0,0,0,0.01,20,0,0,0,0,0,0,0,0.01,77,0,0,0,0,0,0.01,87,0,0,0,0,0,0,0,0,0,0,0,0,0,0,0,0,0,1,1,780,1,0,0,0,0,0,0,0,0,0,0,0,0,0,0,0,0,0,0,0,0.25,0.01,0,0,0,0.01,0,0,0,0,0,0,0,0,0.01,20,0,0,0.01,0,0,77,0,0.01,0,0,87,0,0,0,0,0,0,0,0,0,0,0,0,0,0,0,0,0,0,0,0,0,0,0.01,0.01,0.01,0.01,0,0,77,87,1,1,0,0,0,0,0,0,0,0,0,0,0,0,0,0,0,0,0,0,0,0,0,0,0,0,0,0,0,0,0,0,0
785,293.15,35,0,293.15,24.5,6.125,293.15,0.5,0,293.15,0.55,0,293.15,0.6,0,350.15,0.5,0,360.15,0.5,0,0,0,-0,0,0,0,0,0,0,0,0,0,0,0,0,0,0,-0,0,0,0,0,0.5,0,0,20,0,0,0,0.35,0,0,20,0.25,0,0,0,0,20,0,0.01,0,0,0,0,20,0,0.01,0,0,0,0,0,0.01,20,0,0,0,0,0,0,0,0.01,77,0,0,0,0,0,0.01,87,0,0,0,0,0,0,0,0,0,0,0,0,0,0,0,0,0,1,1,785,1,0,0,0,0,0,0,0,0,0,0,0,0,0,0,0,0,0,0,0,0.25,0.01,0,0,0,0.01,0,0,0,0,0,0,0,0,0.01,20,0,0,0.01,0,0,77,0,0.01,0,0,87,0,0,0,0,0,0,0,0,0,0,0,0,0,0,0,0,0,0,0,0,0,0,0.01,0.01,0.01,0.01,0,0,77,87,1,1,0,0,0,0,0,0,0,0,0,0,0,0,0,0,0,0,0,0,0,0,0,0,0,0,0,0,0,0,0,0,0
790,293.15,35,0,293.15,24.5,6.125,293.15,0.5,0,293.15,0.55,0,293.15,0.6,0,350.15,0.5,0,360.15,0.5,0,0,0,-0,0,0,0,0,0,0,0,0,0,0,0,0,0,0,-0,0,0,0,0,0.5,0,0,20,0,0,0,0.35,0,0,20,0.25,0,0,0,0,20,0,0.01,0,0,0,0,20,0,0.01,0,0,0,0,0,0.01,20,0,0,0,0,0,0,0,0.01,77,0,0,0,0,0,0.01,87,0,0,0,0,0,0,0,0,0,0,0,0,0,0,0,0,0,1,1,790,1,0,0,0,0,0,0,0,0,0,0,0,0,0,0,0,0,0,0,0,0.25,0.01,0,0,0,0.01,0,0,0,0,0,0,0,0,0.01,20,0,0,0.01,0,0,77,0,0.01,0,0,87,0,0,0,0,0,0,0,0,0,0,0,0,0,0,0,0,0,0,0,0,0,0,0.01,0.01,0.01,0.01,0,0,77,87,1,1,0,0,0,0,0,0,0,0,0,0,0,0,0,0,0,0,0,0,0,0,0,0,0,0,0,0,0,0,0,0,0
795,293.15,35,0,293.15,24.5,6.125,293.15,0.5,0,293.15,0.55,0,293.15,0.6,0,350.15,0.5,0,360.15,0.5,0,0,0,-0,0,0,0,0,0,0,0,0,0,0,0,0,0,0,-0,0,0,0,0,0.5,0,0,20,0,0,0,0.35,0,0,20,0.25,0,0,0,0,20,0,0.01,0,0,0,0,20,0,0.01,0,0,0,0,0,0.01,20,0,0,0,0,0,0,0,0.01,77,0,0,0,0,0,0.01,87,0,0,0,0,0,0,0,0,0,0,0,0,0,0,0,0,0,1,1,795,1,0,0,0,0,0,0,0,0,0,0,0,0,0,0,0,0,0,0,0,0.25,0.01,0,0,0,0.01,0,0,0,0,0,0,0,0,0.01,20,0,0,0.01,0,0,77,0,0.01,0,0,87,0,0,0,0,0,0,0,0,0,0,0,0,0,0,0,0,0,0,0,0,0,0,0.01,0.01,0.01,0.01,0,0,77,87,1,1,0,0,0,0,0,0,0,0,0,0,0,0,0,0,0,0,0,0,0,0,0,0,0,0,0,0,0,0,0,0,0
800,293.15,35,0,293.15,24.5,6.125,293.15,0.5,0,293.15,0.55,0,293.15,0.6,0,350.15,0.5,0,360.15,0.5,0,0,0,-0,0,0,0,0,0,0,0,0,0,0,0,0,0,0,-0,0,0,0,0,0.5,0,0,20,0,0,0,0.35,0,0,20,0.25,0,0,0,0,20,0,0.01,0,0,0,0,20,0,0.01,0,0,0,0,0,0.01,20,0,0,0,0,0,0,0,0.01,77,0,0,0,0,0,0.01,87,0,0,0,0,0,0,0,0,0,0,0,0,0,0,0,0,0,1,1,800,1,0,0,0,0,0,0,0,0,0,0,0,0,0,0,0,0,0,0,0,0.25,0.01,0,0,0,0.01,0,0,0,0,0,0,0,0,0.01,20,0,0,0.01,0,0,77,0,0.01,0,0,87,0,0,0,0,0,0,0,0,0,0,0,0,0,0,0,0,0,0,0,0,0,0,0.01,0.01,0.01,0.01,0,0,77,87,1,1,0,0,0,0,0,0,0,0,0,0,0,0,0,0,0,0,0,0,0,0,0,0,0,0,0,0,0,0,0,0,0
805,293.15,35,0,293.15,24.5,6.125,293.15,0.5,0,293.15,0.55,0,293.15,0.6,0,350.15,0.5,0,360.15,0.5,0,0,0,-0,0,0,0,0,0,0,0,0,0,0,0,0,0,0,-0,0,0,0,0,0.5,0,0,20,0,0,0,0.35,0,0,20,0.25,0,0,0,0,20,0,0.01,0,0,0,0,20,0,0.01,0,0,0,0,0,0.01,20,0,0,0,0,0,0,0,0.01,77,0,0,0,0,0,0.01,87,0,0,0,0,0,0,0,0,0,0,0,0,0,0,0,0,0,1,1,805,1,0,0,0,0,0,0,0,0,0,0,0,0,0,0,0,0,0,0,0,0.25,0.01,0,0,0,0.01,0,0,0,0,0,0,0,0,0.01,20,0,0,0.01,0,0,77,0,0.01,0,0,87,0,0,0,0,0,0,0,0,0,0,0,0,0,0,0,0,0,0,0,0,0,0,0.01,0.01,0.01,0.01,0,0,77,87,1,1,0,0,0,0,0,0,0,0,0,0,0,0,0,0,0,0,0,0,0,0,0,0,0,0,0,0,0,0,0,0,0
810,293.15,35,0,293.15,24.5,6.125,293.15,0.5,0,293.15,0.55,0,293.15,0.6,0,350.15,0.5,0,360.15,0.5,0,0,0,-0,0,0,0,0,0,0,0,0,0,0,0,0,0,0,-0,0,0,0,0,0.5,0,0,20,0,0,0,0.35,0,0,20,0.25,0,0,0,0,20,0,0.01,0,0,0,0,20,0,0.01,0,0,0,0,0,0.01,20,0,0,0,0,0,0,0,0.01,77,0,0,0,0,0,0.01,87,0,0,0,0,0,0,0,0,0,0,0,0,0,0,0,0,0,1,1,810,1,0,0,0,0,0,0,0,0,0,0,0,0,0,0,0,0,0,0,0,0.25,0.01,0,0,0,0.01,0,0,0,0,0,0,0,0,0.01,20,0,0,0.01,0,0,77,0,0.01,0,0,87,0,0,0,0,0,0,0,0,0,0,0,0,0,0,0,0,0,0,0,0,0,0,0.01,0.01,0.01,0.01,0,0,77,87,1,1,0,0,0,0,0,0,0,0,0,0,0,0,0,0,0,0,0,0,0,0,0,0,0,0,0,0,0,0,0,0,0
815,293.15,35,0,293.15,24.5,6.125,293.15,0.5,0,293.15,0.55,0,293.15,0.6,0,350.15,0.5,0,360.15,0.5,0,0,0,-0,0,0,0,0,0,0,0,0,0,0,0,0,0,0,-0,0,0,0,0,0.5,0,0,20,0,0,0,0.35,0,0,20,0.25,0,0,0,0,20,0,0.01,0,0,0,0,20,0,0.01,0,0,0,0,0,0.01,20,0,0,0,0,0,0,0,0.01,77,0,0,0,0,0,0.01,87,0,0,0,0,0,0,0,0,0,0,0,0,0,0,0,0,0,1,1,815,1,0,0,0,0,0,0,0,0,0,0,0,0,0,0,0,0,0,0,0,0.25,0.01,0,0,0,0.01,0,0,0,0,0,0,0,0,0.01,20,0,0,0.01,0,0,77,0,0.01,0,0,87,0,0,0,0,0,0,0,0,0,0,0,0,0,0,0,0,0,0,0,0,0,0,0.01,0.01,0.01,0.01,0,0,77,87,1,1,0,0,0,0,0,0,0,0,0,0,0,0,0,0,0,0,0,0,0,0,0,0,0,0,0,0,0,0,0,0,0
820,293.15,35,0,293.15,24.5,6.125,293.15,0.5,0,293.15,0.55,0,293.15,0.6,0,350.15,0.5,0,360.15,0.5,0,0,0,-0,0,0,0,0,0,0,0,0,0,0,0,0,0,0,-0,0,0,0,0,0.5,0,0,20,0,0,0,0.35,0,0,20,0.25,0,0,0,0,20,0,0.01,0,0,0,0,20,0,0.01,0,0,0,0,0,0.01,20,0,0,0,0,0,0,0,0.01,77,0,0,0,0,0,0.01,87,0,0,0,0,0,0,0,0,0,0,0,0,0,0,0,0,0,1,1,820,1,0,0,0,0,0,0,0,0,0,0,0,0,0,0,0,0,0,0,0,0.25,0.01,0,0,0,0.01,0,0,0,0,0,0,0,0,0.01,20,0,0,0.01,0,0,77,0,0.01,0,0,87,0,0,0,0,0,0,0,0,0,0,0,0,0,0,0,0,0,0,0,0,0,0,0.01,0.01,0.01,0.01,0,0,77,87,1,1,0,0,0,0,0,0,0,0,0,0,0,0,0,0,0,0,0,0,0,0,0,0,0,0,0,0,0,0,0,0,0
825,293.15,35,0,293.15,24.5,6.125,293.15,0.5,0,293.15,0.55,0,293.15,0.6,0,350.15,0.5,0,360.15,0.5,0,0,0,-0,0,0,0,0,0,0,0,0,0,0,0,0,0,0,-0,0,0,0,0,0.5,0,0,20,0,0,0,0.35,0,0,20,0.25,0,0,0,0,20,0,0.01,0,0,0,0,20,0,0.01,0,0,0,0,0,0.01,20,0,0,0,0,0,0,0,0.01,77,0,0,0,0,0,0.01,87,0,0,0,0,0,0,0,0,0,0,0,0,0,0,0,0,0,1,1,825,1,0,0,0,0,0,0,0,0,0,0,0,0,0,0,0,0,0,0,0,0.25,0.01,0,0,0,0.01,0,0,0,0,0,0,0,0,0.01,20,0,0,0.01,0,0,77,0,0.01,0,0,87,0,0,0,0,0,0,0,0,0,0,0,0,0,0,0,0,0,0,0,0,0,0,0.01,0.01,0.01,0.01,0,0,77,87,1,1,0,0,0,0,0,0,0,0,0,0,0,0,0,0,0,0,0,0,0,0,0,0,0,0,0,0,0,0,0,0,0
830,293.15,35,0,293.15,24.5,6.125,293.15,0.5,0,293.15,0.55,0,293.15,0.6,0,350.15,0.5,0,360.15,0.5,0,0,0,-0,0,0,0,0,0,0,0,0,0,0,0,0,0,0,-0,0,0,0,0,0.5,0,0,20,0,0,0,0.35,0,0,20,0.25,0,0,0,0,20,0,0.01,0,0,0,0,20,0,0.01,0,0,0,0,0,0.01,20,0,0,0,0,0,0,0,0.01,77,0,0,0,0,0,0.01,87,0,0,0,0,0,0,0,0,0,0,0,0,0,0,0,0,0,1,1,830,1,0,0,0,0,0,0,0,0,0,0,0,0,0,0,0,0,0,0,0,0.25,0.01,0,0,0,0.01,0,0,0,0,0,0,0,0,0.01,20,0,0,0.01,0,0,77,0,0.01,0,0,87,0,0,0,0,0,0,0,0,0,0,0,0,0,0,0,0,0,0,0,0,0,0,0.01,0.01,0.01,0.01,0,0,77,87,1,1,0,0,0,0,0,0,0,0,0,0,0,0,0,0,0,0,0,0,0,0,0,0,0,0,0,0,0,0,0,0,0
835,293.15,35,0,293.15,24.5,6.125,293.15,0.5,0,293.15,0.55,0,293.15,0.6,0,350.15,0.5,0,360.15,0.5,0,0,0,-0,0,0,0,0,0,0,0,0,0,0,0,0,0,0,-0,0,0,0,0,0.5,0,0,20,0,0,0,0.35,0,0,20,0.25,0,0,0,0,20,0,0.01,0,0,0,0,20,0,0.01,0,0,0,0,0,0.01,20,0,0,0,0,0,0,0,0.01,77,0,0,0,0,0,0.01,87,0,0,0,0,0,0,0,0,0,0,0,0,0,0,0,0,0,1,1,835,1,0,0,0,0,0,0,0,0,0,0,0,0,0,0,0,0,0,0,0,0.25,0.01,0,0,0,0.01,0,0,0,0,0,0,0,0,0.01,20,0,0,0.01,0,0,77,0,0.01,0,0,87,0,0,0,0,0,0,0,0,0,0,0,0,0,0,0,0,0,0,0,0,0,0,0.01,0.01,0.01,0.01,0,0,77,87,1,1,0,0,0,0,0,0,0,0,0,0,0,0,0,0,0,0,0,0,0,0,0,0,0,0,0,0,0,0,0,0,0
840,293.15,35,0,293.15,24.5,6.125,293.15,0.5,0,293.15,0.55,0,293.15,0.6,0,350.15,0.5,0,360.15,0.5,0,0,0,-0,0,0,0,0,0,0,0,0,0,0,0,0,0,0,-0,0,0,0,0,0.5,0,0,20,0,0,0,0.35,0,0,20,0.25,0,0,0,0,20,0,0.01,0,0,0,0,20,0,0.01,0,0,0,0,0,0.01,20,0,0,0,0,0,0,0,0.01,77,0,0,0,0,0,0.01,87,0,0,0,0,0,0,0,0,0,0,0,0,0,0,0,0,0,1,1,840,1,0,0,0,0,0,0,0,0,0,0,0,0,0,0,0,0,0,0,0,0.25,0.01,0,0,0,0.01,0,0,0,0,0,0,0,0,0.01,20,0,0,0.01,0,0,77,0,0.01,0,0,87,0,0,0,0,0,0,0,0,0,0,0,0,0,0,0,0,0,0,0,0,0,0,0.01,0.01,0.01,0.01,0,0,77,87,1,1,0,0,0,0,0,0,0,0,0,0,0,0,0,0,0,0,0,0,0,0,0,0,0,0,0,0,0,0,0,0,0
845,293.15,35,0,293.15,24.5,6.125,293.15,0.5,0,293.15,0.55,0,293.15,0.6,0,350.15,0.5,0,360.15,0.5,0,0,0,-0,0,0,0,0,0,0,0,0,0,0,0,0,0,0,-0,0,0,0,0,0.5,0,0,20,0,0,0,0.35,0,0,20,0.25,0,0,0,0,20,0,0.01,0,0,0,0,20,0,0.01,0,0,0,0,0,0.01,20,0,0,0,0,0,0,0,0.01,77,0,0,0,0,0,0.01,87,0,0,0,0,0,0,0,0,0,0,0,0,0,0,0,0,0,1,1,845,1,0,0,0,0,0,0,0,0,0,0,0,0,0,0,0,0,0,0,0,0.25,0.01,0,0,0,0.01,0,0,0,0,0,0,0,0,0.01,20,0,0,0.01,0,0,77,0,0.01,0,0,87,0,0,0,0,0,0,0,0,0,0,0,0,0,0,0,0,0,0,0,0,0,0,0.01,0.01,0.01,0.01,0,0,77,87,1,1,0,0,0,0,0,0,0,0,0,0,0,0,0,0,0,0,0,0,0,0,0,0,0,0,0,0,0,0,0,0,0
850,293.15,35,0,293.15,24.5,6.125,293.15,0.5,0,293.15,0.55,0,293.15,0.6,0,350.15,0.5,0,360.15,0.5,0,0,0,-0,0,0,0,0,0,0,0,0,0,0,0,0,0,0,-0,0,0,0,0,0.5,0,0,20,0,0,0,0.35,0,0,20,0.25,0,0,0,0,20,0,0.01,0,0,0,0,20,0,0.01,0,0,0,0,0,0.01,20,0,0,0,0,0,0,0,0.01,77,0,0,0,0,0,0.01,87,0,0,0,0,0,0,0,0,0,0,0,0,0,0,0,0,0,1,1,850,1,0,0,0,0,0,0,0,0,0,0,0,0,0,0,0,0,0,0,0,0.25,0.01,0,0,0,0.01,0,0,0,0,0,0,0,0,0.01,20,0,0,0.01,0,0,77,0,0.01,0,0,87,0,0,0,0,0,0,0,0,0,0,0,0,0,0,0,0,0,0,0,0,0,0,0.01,0.01,0.01,0.01,0,0,77,87,1,1,0,0,0,0,0,0,0,0,0,0,0,0,0,0,0,0,0,0,0,0,0,0,0,0,0,0,0,0,0,0,0
855,293.15,35,0,293.15,24.5,6.125,293.15,0.5,0,293.15,0.55,0,293.15,0.6,0,350.15,0.5,0,360.15,0.5,0,0,0,-0,0,0,0,0,0,0,0,0,0,0,0,0,0,0,-0,0,0,0,0,0.5,0,0,20,0,0,0,0.35,0,0,20,0.25,0,0,0,0,20,0,0.01,0,0,0,0,20,0,0.01,0,0,0,0,0,0.01,20,0,0,0,0,0,0,0,0.01,77,0,0,0,0,0,0.01,87,0,0,0,0,0,0,0,0,0,0,0,0,0,0,0,0,0,1,1,855,1,0,0,0,0,0,0,0,0,0,0,0,0,0,0,0,0,0,0,0,0.25,0.01,0,0,0,0.01,0,0,0,0,0,0,0,0,0.01,20,0,0,0.01,0,0,77,0,0.01,0,0,87,0,0,0,0,0,0,0,0,0,0,0,0,0,0,0,0,0,0,0,0,0,0,0.01,0.01,0.01,0.01,0,0,77,87,1,1,0,0,0,0,0,0,0,0,0,0,0,0,0,0,0,0,0,0,0,0,0,0,0,0,0,0,0,0,0,0,0
860,293.15,35,0,293.15,24.5,6.125,293.15,0.5,0,293.15,0.55,0,293.15,0.6,0,350.15,0.5,0,360.15,0.5,0,0,0,-0,0,0,0,0,0,0,0,0,0,0,0,0,0,0,-0,0,0,0,0,0.5,0,0,20,0,0,0,0.35,0,0,20,0.25,0,0,0,0,20,0,0.01,0,0,0,0,20,0,0.01,0,0,0,0,0,0.01,20,0,0,0,0,0,0,0,0.01,77,0,0,0,0,0,0.01,87,0,0,0,0,0,0,0,0,0,0,0,0,0,0,0,0,0,1,1,860,1,0,0,0,0,0,0,0,0,0,0,0,0,0,0,0,0,0,0,0,0.25,0.01,0,0,0,0.01,0,0,0,0,0,0,0,0,0.01,20,0,0,0.01,0,0,77,0,0.01,0,0,87,0,0,0,0,0,0,0,0,0,0,0,0,0,0,0,0,0,0,0,0,0,0,0.01,0.01,0.01,0.01,0,0,77,87,1,1,0,0,0,0,0,0,0,0,0,0,0,0,0,0,0,0,0,0,0,0,0,0,0,0,0,0,0,0,0,0,0
865,293.15,35,0,293.15,24.5,6.125,293.15,0.5,0,293.15,0.55,0,293.15,0.6,0,350.15,0.5,0,360.15,0.5,0,0,0,-0,0,0,0,0,0,0,0,0,0,0,0,0,0,0,-0,0,0,0,0,0.5,0,0,20,0,0,0,0.35,0,0,20,0.25,0,0,0,0,20,0,0.01,0,0,0,0,20,0,0.01,0,0,0,0,0,0.01,20,0,0,0,0,0,0,0,0.01,77,0,0,0,0,0,0.01,87,0,0,0,0,0,0,0,0,0,0,0,0,0,0,0,0,0,1,1,865,1,0,0,0,0,0,0,0,0,0,0,0,0,0,0,0,0,0,0,0,0.25,0.01,0,0,0,0.01,0,0,0,0,0,0,0,0,0.01,20,0,0,0.01,0,0,77,0,0.01,0,0,87,0,0,0,0,0,0,0,0,0,0,0,0,0,0,0,0,0,0,0,0,0,0,0.01,0.01,0.01,0.01,0,0,77,87,1,1,0,0,0,0,0,0,0,0,0,0,0,0,0,0,0,0,0,0,0,0,0,0,0,0,0,0,0,0,0,0,0
870,293.15,35,0,293.15,24.5,6.125,293.15,0.5,0,293.15,0.55,0,293.15,0.6,0,350.15,0.5,0,360.15,0.5,0,0,0,-0,0,0,0,0,0,0,0,0,0,0,0,0,0,0,-0,0,0,0,0,0.5,0,0,20,0,0,0,0.35,0,0,20,0.25,0,0,0,0,20,0,0.01,0,0,0,0,20,0,0.01,0,0,0,0,0,0.01,20,0,0,0,0,0,0,0,0.01,77,0,0,0,0,0,0.01,87,0,0,0,0,0,0,0,0,0,0,0,0,0,0,0,0,0,1,1,870,1,0,0,0,0,0,0,0,0,0,0,0,0,0,0,0,0,0,0,0,0.25,0.01,0,0,0,0.01,0,0,0,0,0,0,0,0,0.01,20,0,0,0.01,0,0,77,0,0.01,0,0,87,0,0,0,0,0,0,0,0,0,0,0,0,0,0,0,0,0,0,0,0,0,0,0.01,0.01,0.01,0.01,0,0,77,87,1,1,0,0,0,0,0,0,0,0,0,0,0,0,0,0,0,0,0,0,0,0,0,0,0,0,0,0,0,0,0,0,0
875,293.15,35,0,293.15,24.5,6.125,293.15,0.5,0,293.15,0.55,0,293.15,0.6,0,350.15,0.5,0,360.15,0.5,0,0,0,-0,0,0,0,0,0,0,0,0,0,0,0,0,0,0,-0,0,0,0,0,0.5,0,0,20,0,0,0,0.35,0,0,20,0.25,0,0,0,0,20,0,0.01,0,0,0,0,20,0,0.01,0,0,0,0,0,0.01,20,0,0,0,0,0,0,0,0.01,77,0,0,0,0,0,0.01,87,0,0,0,0,0,0,0,0,0,0,0,0,0,0,0,0,0,1,1,875,1,0,0,0,0,0,0,0,0,0,0,0,0,0,0,0,0,0,0,0,0.25,0.01,0,0,0,0.01,0,0,0,0,0,0,0,0,0.01,20,0,0,0.01,0,0,77,0,0.01,0,0,87,0,0,0,0,0,0,0,0,0,0,0,0,0,0,0,0,0,0,0,0,0,0,0.01,0.01,0.01,0.01,0,0,77,87,1,1,0,0,0,0,0,0,0,0,0,0,0,0,0,0,0,0,0,0,0,0,0,0,0,0,0,0,0,0,0,0,0
880,293.15,35,0,293.15,24.5,6.125,293.15,0.5,0,293.15,0.55,0,293.15,0.6,0,350.15,0.5,0,360.15,0.5,0,0,0,-0,0,0,0,0,0,0,0,0,0,0,0,0,0,0,-0,0,0,0,0,0.5,0,0,20,0,0,0,0.35,0,0,20,0.25,0,0,0,0,20,0,0.01,0,0,0,0,20,0,0.01,0,0,0,0,0,0.01,20,0,0,0,0,0,0,0,0.01,77,0,0,0,0,0,0.01,87,0,0,0,0,0,0,0,0,0,0,0,0,0,0,0,0,0,1,1,880,1,0,0,0,0,0,0,0,0,0,0,0,0,0,0,0,0,0,0,0,0.25,0.01,0,0,0,0.01,0,0,0,0,0,0,0,0,0.01,20,0,0,0.01,0,0,77,0,0.01,0,0,87,0,0,0,0,0,0,0,0,0,0,0,0,0,0,0,0,0,0,0,0,0,0,0.01,0.01,0.01,0.01,0,0,77,87,1,1,0,0,0,0,0,0,0,0,0,0,0,0,0,0,0,0,0,0,0,0,0,0,0,0,0,0,0,0,0,0,0
885,293.15,35,0,293.15,24.5,6.125,293.15,0.5,0,293.15,0.55,0,293.15,0.6,0,350.15,0.5,0,360.15,0.5,0,0,0,-0,0,0,0,0,0,0,0,0,0,0,0,0,0,0,-0,0,0,0,0,0.5,0,0,20,0,0,0,0.35,0,0,20,0.25,0,0,0,0,20,0,0.01,0,0,0,0,20,0,0.01,0,0,0,0,0,0.01,20,0,0,0,0,0,0,0,0.01,77,0,0,0,0,0,0.01,87,0,0,0,0,0,0,0,0,0,0,0,0,0,0,0,0,0,1,1,885,1,0,0,0,0,0,0,0,0,0,0,0,0,0,0,0,0,0,0,0,0.25,0.01,0,0,0,0.01,0,0,0,0,0,0,0,0,0.01,20,0,0,0.01,0,0,77,0,0.01,0,0,87,0,0,0,0,0,0,0,0,0,0,0,0,0,0,0,0,0,0,0,0,0,0,0.01,0.01,0.01,0.01,0,0,77,87,1,1,0,0,0,0,0,0,0,0,0,0,0,0,0,0,0,0,0,0,0,0,0,0,0,0,0,0,0,0,0,0,0
890,293.15,35,0,293.15,24.5,6.125,293.15,0.5,0,293.15,0.55,0,293.15,0.6,0,350.15,0.5,0,360.15,0.5,0,0,0,-0,0,0,0,0,0,0,0,0,0,0,0,0,0,0,-0,0,0,0,0,0.5,0,0,20,0,0,0,0.35,0,0,20,0.25,0,0,0,0,20,0,0.01,0,0,0,0,20,0,0.01,0,0,0,0,0,0.01,20,0,0,0,0,0,0,0,0.01,77,0,0,0,0,0,0.01,87,0,0,0,0,0,0,0,0,0,0,0,0,0,0,0,0,0,1,1,890,1,0,0,0,0,0,0,0,0,0,0,0,0,0,0,0,0,0,0,0,0.25,0.01,0,0,0,0.01,0,0,0,0,0,0,0,0,0.01,20,0,0,0.01,0,0,77,0,0.01,0,0,87,0,0,0,0,0,0,0,0,0,0,0,0,0,0,0,0,0,0,0,0,0,0,0.01,0.01,0.01,0.01,0,0,77,87,1,1,0,0,0,0,0,0,0,0,0,0,0,0,0,0,0,0,0,0,0,0,0,0,0,0,0,0,0,0,0,0,0
895,293.15,35,0,293.15,24.5,6.125,293.15,0.5,0,293.15,0.55,0,293.15,0.6,0,350.15,0.5,0,360.15,0.5,0,0,0,-0,0,0,0,0,0,0,0,0,0,0,0,0,0,0,-0,0,0,0,0,0.5,0,0,20,0,0,0,0.35,0,0,20,0.25,0,0,0,0,20,0,0.01,0,0,0,0,20,0,0.01,0,0,0,0,0,0.01,20,0,0,0,0,0,0,0,0.01,77,0,0,0,0,0,0.01,87,0,0,0,0,0,0,0,0,0,0,0,0,0,0,0,0,0,1,1,895,1,0,0,0,0,0,0,0,0,0,0,0,0,0,0,0,0,0,0,0,0.25,0.01,0,0,0,0.01,0,0,0,0,0,0,0,0,0.01,20,0,0,0.01,0,0,77,0,0.01,0,0,87,0,0,0,0,0,0,0,0,0,0,0,0,0,0,0,0,0,0,0,0,0,0,0.01,0.01,0.01,0.01,0,0,77,87,1,1,0,0,0,0,0,0,0,0,0,0,0,0,0,0,0,0,0,0,0,0,0,0,0,0,0,0,0,0,0,0,0
900,293.15,35,0,293.15,24.5,6.125,293.15,0.5,0,293.15,0.55,0,293.15,0.6,0,350.15,0.5,0,360.15,0.5,0,0,0,-0,0,0,0,0,0,0,0,0,0,0,0,0,0,0,-0,0,0,0,0,0.5,0,0,20,0,0,0,0.35,0,0,20,0.25,0,0,0,0,20,0,0.01,0,0,0,0,20,0,0.01,0,0,0,0,0,0.01,20,0,0,0,0,0,0,0,0.01,77,0,0,0,0,0,0.01,87,0,0,0,0,0,0,0,0,0,0,0,0,0,0,0,0,0,1,1,900,1,0,0,0,0,0,0,0,0,0,0,0,0,0,0,0,0,0,0,0,0.25,0.01,0,0,0,0.01,0,0,0,0,0,0,0,0,0.01,20,0,0,0.01,0,0,77,0,0.01,0,0,87,0,0,0,0,0,0,0,0,0,0,0,0,0,0,0,0,0,0,0,0,0,0,0.01,0.01,0.01,0.01,0,0,77,87,1,1,0,0,0,0,0,0,0,0,0,0,0,0,0,0,0,0,0,0,0,0,0,0,0,0,0,0,0,0,0,0,0
905,293.15,35,0,293.15,24.5,6.125,293.15,0.5,0,293.15,0.55,0,293.15,0.6,0,350.15,0.5,0,360.15,0.5,0,0,0,-0,0,0,0,0,0,0,0,0,0,0,0,0,0,0,-0,0,0,0,0,0.5,0,0,20,0,0,0,0.35,0,0,20,0.25,0,0,0,0,20,0,0.01,0,0,0,0,20,0,0.01,0,0,0,0,0,0.01,20,0,0,0,0,0,0,0,0.01,77,0,0,0,0,0,0.01,87,0,0,0,0,0,0,0,0,0,0,0,0,0,0,0,0,0,1,1,905,1,0,0,0,0,0,0,0,0,0,0,0,0,0,0,0,0,0,0,0,0.25,0.01,0,0,0,0.01,0,0,0,0,0,0,0,0,0.01,20,0,0,0.01,0,0,77,0,0.01,0,0,87,0,0,0,0,0,0,0,0,0,0,0,0,0,0,0,0,0,0,0,0,0,0,0.01,0.01,0.01,0.01,0,0,77,87,1,1,0,0,0,0,0,0,0,0,0,0,0,0,0,0,0,0,0,0,0,0,0,0,0,0,0,0,0,0,0,0,0
910,293.15,35,0,293.15,24.5,6.125,293.15,0.5,0,293.15,0.55,0,293.15,0.6,0,350.15,0.5,0,360.15,0.5,0,0,0,-0,0,0,0,0,0,0,0,0,0,0,0,0,0,0,-0,0,0,0,0,0.5,0,0,20,0,0,0,0.35,0,0,20,0.25,0,0,0,0,20,0,0.01,0,0,0,0,20,0,0.01,0,0,0,0,0,0.01,20,0,0,0,0,0,0,0,0.01,77,0,0,0,0,0,0.01,87,0,0,0,0,0,0,0,0,0,0,0,0,0,0,0,0,0,1,1,910,1,0,0,0,0,0,0,0,0,0,0,0,0,0,0,0,0,0,0,0,0.25,0.01,0,0,0,0.01,0,0,0,0,0,0,0,0,0.01,20,0,0,0.01,0,0,77,0,0.01,0,0,87,0,0,0,0,0,0,0,0,0,0,0,0,0,0,0,0,0,0,0,0,0,0,0.01,0.01,0.01,0.01,0,0,77,87,1,1,0,0,0,0,0,0,0,0,0,0,0,0,0,0,0,0,0,0,0,0,0,0,0,0,0,0,0,0,0,0,0
915,293.15,35,0,293.15,24.5,6.125,293.15,0.5,0,293.15,0.55,0,293.15,0.6,0,350.15,0.5,0,360.15,0.5,0,0,0,-0,0,0,0,0,0,0,0,0,0,0,0,0,0,0,-0,0,0,0,0,0.5,0,0,20,0,0,0,0.35,0,0,20,0.25,0,0,0,0,20,0,0.01,0,0,0,0,20,0,0.01,0,0,0,0,0,0.01,20,0,0,0,0,0,0,0,0.01,77,0,0,0,0,0,0.01,87,0,0,0,0,0,0,0,0,0,0,0,0,0,0,0,0,0,1,1,915,1,0,0,0,0,0,0,0,0,0,0,0,0,0,0,0,0,0,0,0,0.25,0.01,0,0,0,0.01,0,0,0,0,0,0,0,0,0.01,20,0,0,0.01,0,0,77,0,0.01,0,0,87,0,0,0,0,0,0,0,0,0,0,0,0,0,0,0,0,0,0,0,0,0,0,0.01,0.01,0.01,0.01,0,0,77,87,1,1,0,0,0,0,0,0,0,0,0,0,0,0,0,0,0,0,0,0,0,0,0,0,0,0,0,0,0,0,0,0,0
920,293.15,35,0,293.15,24.5,6.125,293.15,0.5,0,293.15,0.55,0,293.15,0.6,0,350.15,0.5,0,360.15,0.5,0,0,0,-0,0,0,0,0,0,0,0,0,0,0,0,0,0,0,-0,0,0,0,0,0.5,0,0,20,0,0,0,0.35,0,0,20,0.25,0,0,0,0,20,0,0.01,0,0,0,0,20,0,0.01,0,0,0,0,0,0.01,20,0,0,0,0,0,0,0,0.01,77,0,0,0,0,0,0.01,87,0,0,0,0,0,0,0,0,0,0,0,0,0,0,0,0,0,1,1,920,1,0,0,0,0,0,0,0,0,0,0,0,0,0,0,0,0,0,0,0,0.25,0.01,0,0,0,0.01,0,0,0,0,0,0,0,0,0.01,20,0,0,0.01,0,0,77,0,0.01,0,0,87,0,0,0,0,0,0,0,0,0,0,0,0,0,0,0,0,0,0,0,0,0,0,0.01,0.01,0.01,0.01,0,0,77,87,1,1,0,0,0,0,0,0,0,0,0,0,0,0,0,0,0,0,0,0,0,0,0,0,0,0,0,0,0,0,0,0,0
925,293.15,35,0,293.15,24.5,6.125,293.15,0.5,0,293.15,0.55,0,293.15,0.6,0,350.15,0.5,0,360.15,0.5,0,0,0,-0,0,0,0,0,0,0,0,0,0,0,0,0,0,0,-0,0,0,0,0,0.5,0,0,20,0,0,0,0.35,0,0,20,0.25,0,0,0,0,20,0,0.01,0,0,0,0,20,0,0.01,0,0,0,0,0,0.01,20,0,0,0,0,0,0,0,0.01,77,0,0,0,0,0,0.01,87,0,0,0,0,0,0,0,0,0,0,0,0,0,0,0,0,0,1,1,925,1,0,0,0,0,0,0,0,0,0,0,0,0,0,0,0,0,0,0,0,0.25,0.01,0,0,0,0.01,0,0,0,0,0,0,0,0,0.01,20,0,0,0.01,0,0,77,0,0.01,0,0,87,0,0,0,0,0,0,0,0,0,0,0,0,0,0,0,0,0,0,0,0,0,0,0.01,0.01,0.01,0.01,0,0,77,87,1,1,0,0,0,0,0,0,0,0,0,0,0,0,0,0,0,0,0,0,0,0,0,0,0,0,0,0,0,0,0,0,0
930,293.15,35,0,293.15,24.5,6.125,293.15,0.5,0,293.15,0.55,0,293.15,0.6,0,350.15,0.5,0,360.15,0.5,0,0,0,-0,0,0,0,0,0,0,0,0,0,0,0,0,0,0,-0,0,0,0,0,0.5,0,0,20,0,0,0,0.35,0,0,20,0.25,0,0,0,0,20,0,0.01,0,0,0,0,20,0,0.01,0,0,0,0,0,0.01,20,0,0,0,0,0,0,0,0.01,77,0,0,0,0,0,0.01,87,0,0,0,0,0,0,0,0,0,0,0,0,0,0,0,0,0,1,1,930,1,0,0,0,0,0,0,0,0,0,0,0,0,0,0,0,0,0,0,0,0.25,0.01,0,0,0,0.01,0,0,0,0,0,0,0,0,0.01,20,0,0,0.01,0,0,77,0,0.01,0,0,87,0,0,0,0,0,0,0,0,0,0,0,0,0,0,0,0,0,0,0,0,0,0,0.01,0.01,0.01,0.01,0,0,77,87,1,1,0,0,0,0,0,0,0,0,0,0,0,0,0,0,0,0,0,0,0,0,0,0,0,0,0,0,0,0,0,0,0
935,293.15,35,0,293.15,24.5,6.125,293.15,0.5,0,293.15,0.55,0,293.15,0.6,0,350.15,0.5,0,360.15,0.5,0,0,0,-0,0,0,0,0,0,0,0,0,0,0,0,0,0,0,-0,0,0,0,0,0.5,0,0,20,0,0,0,0.35,0,0,20,0.25,0,0,0,0,20,0,0.01,0,0,0,0,20,0,0.01,0,0,0,0,0,0.01,20,0,0,0,0,0,0,0,0.01,77,0,0,0,0,0,0.01,87,0,0,0,0,0,0,0,0,0,0,0,0,0,0,0,0,0,1,1,935,1,0,0,0,0,0,0,0,0,0,0,0,0,0,0,0,0,0,0,0,0.25,0.01,0,0,0,0.01,0,0,0,0,0,0,0,0,0.01,20,0,0,0.01,0,0,77,0,0.01,0,0,87,0,0,0,0,0,0,0,0,0,0,0,0,0,0,0,0,0,0,0,0,0,0,0.01,0.01,0.01,0.01,0,0,77,87,1,1,0,0,0,0,0,0,0,0,0,0,0,0,0,0,0,0,0,0,0,0,0,0,0,0,0,0,0,0,0,0,0
940,293.15,35,0,293.15,24.5,6.125,293.15,0.5,0,293.15,0.55,0,293.15,0.6,0,350.15,0.5,0,360.15,0.5,0,0,0,-0,0,0,0,0,0,0,0,0,0,0,0,0,0,0,-0,0,0,0,0,0.5,0,0,20,0,0,0,0.35,0,0,20,0.25,0,0,0,0,20,0,0.01,0,0,0,0,20,0,0.01,0,0,0,0,0,0.01,20,0,0,0,0,0,0,0,0.01,77,0,0,0,0,0,0.01,87,0,0,0,0,0,0,0,0,0,0,0,0,0,0,0,0,0,1,1,940,1,0,0,0,0,0,0,0,0,0,0,0,0,0,0,0,0,0,0,0,0.25,0.01,0,0,0,0.01,0,0,0,0,0,0,0,0,0.01,20,0,0,0.01,0,0,77,0,0.01,0,0,87,0,0,0,0,0,0,0,0,0,0,0,0,0,0,0,0,0,0,0,0,0,0,0.01,0.01,0.01,0.01,0,0,77,87,1,1,0,0,0,0,0,0,0,0,0,0,0,0,0,0,0,0,0,0,0,0,0,0,0,0,0,0,0,0,0,0,0
945,293.15,35,0,293.15,24.5,6.125,293.15,0.5,0,293.15,0.55,0,293.15,0.6,0,350.15,0.5,0,360.15,0.5,0,0,0,-0,0,0,0,0,0,0,0,0,0,0,0,0,0,0,-0,0,0,0,0,0.5,0,0,20,0,0,0,0.35,0,0,20,0.25,0,0,0,0,20,0,0.01,0,0,0,0,20,0,0.01,0,0,0,0,0,0.01,20,0,0,0,0,0,0,0,0.01,77,0,0,0,0,0,0.01,87,0,0,0,0,0,0,0,0,0,0,0,0,0,0,0,0,0,1,1,945,1,0,0,0,0,0,0,0,0,0,0,0,0,0,0,0,0,0,0,0,0.25,0.01,0,0,0,0.01,0,0,0,0,0,0,0,0,0.01,20,0,0,0.01,0,0,77,0,0.01,0,0,87,0,0,0,0,0,0,0,0,0,0,0,0,0,0,0,0,0,0,0,0,0,0,0.01,0.01,0.01,0.01,0,0,77,87,1,1,0,0,0,0,0,0,0,0,0,0,0,0,0,0,0,0,0,0,0,0,0,0,0,0,0,0,0,0,0,0,0
950,293.15,35,0,293.15,24.5,6.125,293.15,0.5,0,293.15,0.55,0,293.15,0.6,0,350.15,0.5,0,360.15,0.5,0,0,0,-0,0,0,0,0,0,0,0,0,0,0,0,0,0,0,-0,0,0,0,0,0.5,0,0,20,0,0,0,0.35,0,0,20,0.25,0,0,0,0,20,0,0.01,0,0,0,0,20,0,0.01,0,0,0,0,0,0.01,20,0,0,0,0,0,0,0,0.01,77,0,0,0,0,0,0.01,87,0,0,0,0,0,0,0,0,0,0,0,0,0,0,0,0,0,1,1,950,1,0,0,0,0,0,0,0,0,0,0,0,0,0,0,0,0,0,0,0,0.25,0.01,0,0,0,0.01,0,0,0,0,0,0,0,0,0.01,20,0,0,0.01,0,0,77,0,0.01,0,0,87,0,0,0,0,0,0,0,0,0,0,0,0,0,0,0,0,0,0,0,0,0,0,0.01,0.01,0.01,0.01,0,0,77,87,1,1,0,0,0,0,0,0,0,0,0,0,0,0,0,0,0,0,0,0,0,0,0,0,0,0,0,0,0,0,0,0,0
955,293.15,35,0,293.15,24.5,6.125,293.15,0.5,0,293.15,0.55,0,293.15,0.6,0,350.15,0.5,0,360.15,0.5,0,0,0,-0,0,0,0,0,0,0,0,0,0,0,0,0,0,0,-0,0,0,0,0,0.5,0,0,20,0,0,0,0.35,0,0,20,0.25,0,0,0,0,20,0,0.01,0,0,0,0,20,0,0.01,0,0,0,0,0,0.01,20,0,0,0,0,0,0,0,0.01,77,0,0,0,0,0,0.01,87,0,0,0,0,0,0,0,0,0,0,0,0,0,0,0,0,0,1,1,955,1,0,0,0,0,0,0,0,0,0,0,0,0,0,0,0,0,0,0,0,0.25,0.01,0,0,0,0.01,0,0,0,0,0,0,0,0,0.01,20,0,0,0.01,0,0,77,0,0.01,0,0,87,0,0,0,0,0,0,0,0,0,0,0,0,0,0,0,0,0,0,0,0,0,0,0.01,0.01,0.01,0.01,0,0,77,87,1,1,0,0,0,0,0,0,0,0,0,0,0,0,0,0,0,0,0,0,0,0,0,0,0,0,0,0,0,0,0,0,0
960,293.15,35,0,293.15,24.5,6.125,293.15,0.5,0,293.15,0.55,0,293.15,0.6,0,350.15,0.5,0,360.15,0.5,0,0,0,-0,0,0,0,0,0,0,0,0,0,0,0,0,0,0,-0,0,0,0,0,0.5,0,0,20,0,0,0,0.35,0,0,20,0.25,0,0,0,0,20,0,0.01,0,0,0,0,20,0,0.01,0,0,0,0,0,0.01,20,0,0,0,0,0,0,0,0.01,77,0,0,0,0,0,0.01,87,0,0,0,0,0,0,0,0,0,0,0,0,0,0,0,0,0,1,1,960,1,0,0,0,0,0,0,0,0,0,0,0,0,0,0,0,0,0,0,0,0.25,0.01,0,0,0,0.01,0,0,0,0,0,0,0,0,0.01,20,0,0,0.01,0,0,77,0,0.01,0,0,87,0,0,0,0,0,0,0,0,0,0,0,0,0,0,0,0,0,0,0,0,0,0,0.01,0.01,0.01,0.01,0,0,77,87,1,1,0,0,0,0,0,0,0,0,0,0,0,0,0,0,0,0,0,0,0,0,0,0,0,0,0,0,0,0,0,0,0
965,293.15,35,0,293.15,24.5,6.125,293.15,0.5,0,293.15,0.55,0,293.15,0.6,0,350.15,0.5,0,360.15,0.5,0,0,0,-0,0,0,0,0,0,0,0,0,0,0,0,0,0,0,-0,0,0,0,0,0.5,0,0,20,0,0,0,0.35,0,0,20,0.25,0,0,0,0,20,0,0.01,0,0,0,0,20,0,0.01,0,0,0,0,0,0.01,20,0,0,0,0,0,0,0,0.01,77,0,0,0,0,0,0.01,87,0,0,0,0,0,0,0,0,0,0,0,0,0,0,0,0,0,1,1,965,1,0,0,0,0,0,0,0,0,0,0,0,0,0,0,0,0,0,0,0,0.25,0.01,0,0,0,0.01,0,0,0,0,0,0,0,0,0.01,20,0,0,0.01,0,0,77,0,0.01,0,0,87,0,0,0,0,0,0,0,0,0,0,0,0,0,0,0,0,0,0,0,0,0,0,0.01,0.01,0.01,0.01,0,0,77,87,1,1,0,0,0,0,0,0,0,0,0,0,0,0,0,0,0,0,0,0,0,0,0,0,0,0,0,0,0,0,0,0,0
970,293.15,35,0,293.15,24.5,6.125,293.15,0.5,0,293.15,0.55,0,293.15,0.6,0,350.15,0.5,0,360.15,0.5,0,0,0,-0,0,0,0,0,0,0,0,0,0,0,0,0,0,0,-0,0,0,0,0,0.5,0,0,20,0,0,0,0.35,0,0,20,0.25,0,0,0,0,20,0,0.01,0,0,0,0,20,0,0.01,0,0,0,0,0,0.01,20,0,0,0,0,0,0,0,0.01,77,0,0,0,0,0,0.01,87,0,0,0,0,0,0,0,0,0,0,0,0,0,0,0,0,0,1,1,970,1,0,0,0,0,0,0,0,0,0,0,0,0,0,0,0,0,0,0,0,0.25,0.01,0,0,0,0.01,0,0,0,0,0,0,0,0,0.01,20,0,0,0.01,0,0,77,0,0.01,0,0,87,0,0,0,0,0,0,0,0,0,0,0,0,0,0,0,0,0,0,0,0,0,0,0.01,0.01,0.01,0.01,0,0,77,87,1,1,0,0,0,0,0,0,0,0,0,0,0,0,0,0,0,0,0,0,0,0,0,0,0,0,0,0,0,0,0,0,0
975,293.15,35,0,293.15,24.5,6.125,293.15,0.5,0,293.15,0.55,0,293.15,0.6,0,350.15,0.5,0,360.15,0.5,0,0,0,-0,0,0,0,0,0,0,0,0,0,0,0,0,0,0,-0,0,0,0,0,0.5,0,0,20,0,0,0,0.35,0,0,20,0.25,0,0,0,0,20,0,0.01,0,0,0,0,20,0,0.01,0,0,0,0,0,0.01,20,0,0,0,0,0,0,0,0.01,77,0,0,0,0,0,0.01,87,0,0,0,0,0,0,0,0,0,0,0,0,0,0,0,0,0,1,1,975,1,0,0,0,0,0,0,0,0,0,0,0,0,0,0,0,0,0,0,0,0.25,0.01,0,0,0,0.01,0,0,0,0,0,0,0,0,0.01,20,0,0,0.01,0,0,77,0,0.01,0,0,87,0,0,0,0,0,0,0,0,0,0,0,0,0,0,0,0,0,0,0,0,0,0,0.01,0.01,0.01,0.01,0,0,77,87,1,1,0,0,0,0,0,0,0,0,0,0,0,0,0,0,0,0,0,0,0,0,0,0,0,0,0,0,0,0,0,0,0
980,293.15,35,0,293.15,24.5,6.125,293.15,0.5,0,293.15,0.55,0,293.15,0.6,0,350.15,0.5,0,360.15,0.5,0,0,0,-0,0,0,0,0,0,0,0,0,0,0,0,0,0,0,-0,0,0,0,0,0.5,0,0,20,0,0,0,0.35,0,0,20,0.25,0,0,0,0,20,0,0.01,0,0,0,0,20,0,0.01,0,0,0,0,0,0.01,20,0,0,0,0,0,0,0,0.01,77,0,0,0,0,0,0.01,87,0,0,0,0,0,0,0,0,0,0,0,0,0,0,0,0,0,1,1,980,1,0,0,0,0,0,0,0,0,0,0,0,0,0,0,0,0,0,0,0,0.25,0.01,0,0,0,0.01,0,0,0,0,0,0,0,0,0.01,20,0,0,0.01,0,0,77,0,0.01,0,0,87,0,0,0,0,0,0,0,0,0,0,0,0,0,0,0,0,0,0,0,0,0,0,0.01,0.01,0.01,0.01,0,0,77,87,1,1,0,0,0,0,0,0,0,0,0,0,0,0,0,0,0,0,0,0,0,0,0,0,0,0,0,0,0,0,0,0,0
985,293.15,35,0,293.15,24.5,6.125,293.15,0.5,0,293.15,0.55,0,293.15,0.6,0,350.15,0.5,0,360.15,0.5,0,0,0,-0,0,0,0,0,0,0,0,0,0,0,0,0,0,0,-0,0,0,0,0,0.5,0,0,20,0,0,0,0.35,0,0,20,0.25,0,0,0,0,20,0,0.01,0,0,0,0,20,0,0.01,0,0,0,0,0,0.01,20,0,0,0,0,0,0,0,0.01,77,0,0,0,0,0,0.01,87,0,0,0,0,0,0,0,0,0,0,0,0,0,0,0,0,0,1,1,985,1,0,0,0,0,0,0,0,0,0,0,0,0,0,0,0,0,0,0,0,0.25,0.01,0,0,0,0.01,0,0,0,0,0,0,0,0,0.01,20,0,0,0.01,0,0,77,0,0.01,0,0,87,0,0,0,0,0,0,0,0,0,0,0,0,0,0,0,0,0,0,0,0,0,0,0.01,0.01,0.01,0.01,0,0,77,87,1,1,0,0,0,0,0,0,0,0,0,0,0,0,0,0,0,0,0,0,0,0,0,0,0,0,0,0,0,0,0,0,0
990,293.15,35,0,293.15,24.5,6.125,293.15,0.5,0,293.15,0.55,0,293.15,0.6,0,350.15,0.5,0,360.15,0.5,0,0,0,-0,0,0,0,0,0,0,0,0,0,0,0,0,0,0,-0,0,0,0,0,0.5,0,0,20,0,0,0,0.35,0,0,20,0.25,0,0,0,0,20,0,0.01,0,0,0,0,20,0,0.01,0,0,0,0,0,0.01,20,0,0,0,0,0,0,0,0.01,77,0,0,0,0,0,0.01,87,0,0,0,0,0,0,0,0,0,0,0,0,0,0,0,0,0,1,1,990,1,0,0,0,0,0,0,0,0,0,0,0,0,0,0,0,0,0,0,0,0.25,0.01,0,0,0,0.01,0,0,0,0,0,0,0,0,0.01,20,0,0,0.01,0,0,77,0,0.01,0,0,87,0,0,0,0,0,0,0,0,0,0,0,0,0,0,0,0,0,0,0,0,0,0,0.01,0.01,0.01,0.01,0,0,77,87,1,1,0,0,0,0,0,0,0,0,0,0,0,0,0,0,0,0,0,0,0,0,0,0,0,0,0,0,0,0,0,0,0
995,293.15,35,0,293.15,24.5,6.125,293.15,0.5,0,293.15,0.55,0,293.15,0.6,0,350.15,0.5,0,360.15,0.5,0,0,0,-0,0,0,0,0,0,0,0,0,0,0,0,0,0,0,-0,0,0,0,0,0.5,0,0,20,0,0,0,0.35,0,0,20,0.25,0,0,0,0,20,0,0.01,0,0,0,0,20,0,0.01,0,0,0,0,0,0.01,20,0,0,0,0,0,0,0,0.01,77,0,0,0,0,0,0.01,87,0,0,0,0,0,0,0,0,0,0,0,0,0,0,0,0,0,1,1,995,1,0,0,0,0,0,0,0,0,0,0,0,0,0,0,0,0,0,0,0,0.25,0.01,0,0,0,0.01,0,0,0,0,0,0,0,0,0.01,20,0,0,0.01,0,0,77,0,0.01,0,0,87,0,0,0,0,0,0,0,0,0,0,0,0,0,0,0,0,0,0,0,0,0,0,0.01,0.01,0.01,0.01,0,0,77,87,1,1,0,0,0,0,0,0,0,0,0,0,0,0,0,0,0,0,0,0,0,0,0,0,0,0,0,0,0,0,0,0,0
1000,293.15,35,0,293.15,24.5,6.125,293.15,0.5,0,293.15,0.55,0,293.15,0.6,0,350.15,0.5,0,360.15,0.5,0,0,0,-0,0,0,0,0,0,0,0,0,0,0,0,0,0,0,-0,0,0,0,0,0.5,0,0,20,0,0,0,0.35,0,0,20,0.25,0,0,0,0,20,0,0.01,0,0,0,0,20,0,0.01,0,0,0,0,0,0.01,20,0,0,0,0,0,0,0,0.01,77,0,0,0,0,0,0.01,87,0,0,0,0,0,0,0,0,0,0,0,0,0,0,0,0,0,1,1,1000,1,0,0,0,0,0,0,0,0,0,0,0,0,0,0,0,0,0,0,0,0.25,0.01,0,0,0,0.01,0,0,0,0,0,0,0,0,0.01,20,0,0,0.01,0,0,77,0,0.01,0,0,87,0,0,0,0,0,0,0,0,0,0,0,0,0,0,0,0,0,0,0,0,0,0,0.01,0.01,0.01,0.01,0,0,77,87,1,1,0,0,0,0,0,0,0,0,0,0,0,0,0,0,0,0,0,0,0,0,0,0,0,0,0,0,0,0,0,0,0
1005,293.15,35,0,293.15,24.5,6.125,293.15,0.5,0,293.15,0.55,0,293.15,0.6,0,350.15,0.5,0,360.15,0.5,0,0,0,-0,0,0,0,0,0,0,0,0,0,0,0,0,0,0,-0,0,0,0,0,0.5,0,0,20,0,0,0,0.35,0,0,20,0.25,0,0,0,0,20,0,0.01,0,0,0,0,20,0,0.01,0,0,0,0,0,0.01,20,0,0,0,0,0,0,0,0.01,77,0,0,0,0,0,0.01,87,0,0,0,0,0,0,0,0,0,0,0,0,0,0,0,0,0,1,1,1005,1,0,0,0,0,0,0,0,0,0,0,0,0,0,0,0,0,0,0,0,0.25,0.01,0,0,0,0.01,0,0,0,0,0,0,0,0,0.01,20,0,0,0.01,0,0,77,0,0.01,0,0,87,0,0,0,0,0,0,0,0,0,0,0,0,0,0,0,0,0,0,0,0,0,0,0.01,0.01,0.01,0.01,0,0,77,87,1,1,0,0,0,0,0,0,0,0,0,0,0,0,0,0,0,0,0,0,0,0,0,0,0,0,0,0,0,0,0,0,0
1010,293.15,35,0,293.15,24.5,6.125,293.15,0.5,0,293.15,0.55,0,293.15,0.6,0,350.15,0.5,0,360.15,0.5,0,0,0,-0,0,0,0,0,0,0,0,0,0,0,0,0,0,0,-0,0,0,0,0,0.5,0,0,20,0,0,0,0.35,0,0,20,0.25,0,0,0,0,20,0,0.01,0,0,0,0,20,0,0.01,0,0,0,0,0,0.01,20,0,0,0,0,0,0,0,0.01,77,0,0,0,0,0,0.01,87,0,0,0,0,0,0,0,0,0,0,0,0,0,0,0,0,0,1,1,1010,1,0,0,0,0,0,0,0,0,0,0,0,0,0,0,0,0,0,0,0,0.25,0.01,0,0,0,0.01,0,0,0,0,0,0,0,0,0.01,20,0,0,0.01,0,0,77,0,0.01,0,0,87,0,0,0,0,0,0,0,0,0,0,0,0,0,0,0,0,0,0,0,0,0,0,0.01,0.01,0.01,0.01,0,0,77,87,1,1,0,0,0,0,0,0,0,0,0,0,0,0,0,0,0,0,0,0,0,0,0,0,0,0,0,0,0,0,0,0,0
1015,293.15,35,0,293.15,24.5,6.125,293.15,0.5,0,293.15,0.55,0,293.15,0.6,0,350.15,0.5,0,360.15,0.5,0,0,0,-0,0,0,0,0,0,0,0,0,0,0,0,0,0,0,-0,0,0,0,0,0.5,0,0,20,0,0,0,0.35,0,0,20,0.25,0,0,0,0,20,0,0.01,0,0,0,0,20,0,0.01,0,0,0,0,0,0.01,20,0,0,0,0,0,0,0,0.01,77,0,0,0,0,0,0.01,87,0,0,0,0,0,0,0,0,0,0,0,0,0,0,0,0,0,1,1,1015,1,0,0,0,0,0,0,0,0,0,0,0,0,0,0,0,0,0,0,0,0.25,0.01,0,0,0,0.01,0,0,0,0,0,0,0,0,0.01,20,0,0,0.01,0,0,77,0,0.01,0,0,87,0,0,0,0,0,0,0,0,0,0,0,0,0,0,0,0,0,0,0,0,0,0,0.01,0.01,0.01,0.01,0,0,77,87,1,1,0,0,0,0,0,0,0,0,0,0,0,0,0,0,0,0,0,0,0,0,0,0,0,0,0,0,0,0,0,0,0
1020,293.15,35,0,293.15,24.5,6.125,293.15,0.5,0,293.15,0.55,0,293.15,0.6,0,350.15,0.5,0,360.15,0.5,0,0,0,-0,0,0,0,0,0,0,0,0,0,0,0,0,0,0,-0,0,0,0,0,0.5,0,0,20,0,0,0,0.35,0,0,20,0.25,0,0,0,0,20,0,0.01,0,0,0,0,20,0,0.01,0,0,0,0,0,0.01,20,0,0,0,0,0,0,0,0.01,77,0,0,0,0,0,0.01,87,0,0,0,0,0,0,0,0,0,0,0,0,0,0,0,0,0,1,1,1020,1,0,0,0,0,0,0,0,0,0,0,0,0,0,0,0,0,0,0,0,0.25,0.01,0,0,0,0.01,0,0,0,0,0,0,0,0,0.01,20,0,0,0.01,0,0,77,0,0.01,0,0,87,0,0,0,0,0,0,0,0,0,0,0,0,0,0,0,0,0,0,0,0,0,0,0.01,0.01,0.01,0.01,0,0,77,87,1,1,0,0,0,0,0,0,0,0,0,0,0,0,0,0,0,0,0,0,0,0,0,0,0,0,0,0,0,0,0,0,0
1025,293.15,35,0,293.15,24.5,6.125,293.15,0.5,0,293.15,0.55,0,293.15,0.6,0,350.15,0.5,0,360.15,0.5,0,0,0,-0,0,0,0,0,0,0,0,0,0,0,0,0,0,0,-0,0,0,0,0,0.5,0,0,20,0,0,0,0.35,0,0,20,0.25,0,0,0,0,20,0,0.01,0,0,0,0,20,0,0.01,0,0,0,0,0,0.01,20,0,0,0,0,0,0,0,0.01,77,0,0,0,0,0,0.01,87,0,0,0,0,0,0,0,0,0,0,0,0,0,0,0,0,0,1,1,1025,1,0,0,0,0,0,0,0,0,0,0,0,0,0,0,0,0,0,0,0,0.25,0.01,0,0,0,0.01,0,0,0,0,0,0,0,0,0.01,20,0,0,0.01,0,0,77,0,0.01,0,0,87,0,0,0,0,0,0,0,0,0,0,0,0,0,0,0,0,0,0,0,0,0,0,0.01,0.01,0.01,0.01,0,0,77,87,1,1,0,0,0,0,0,0,0,0,0,0,0,0,0,0,0,0,0,0,0,0,0,0,0,0,0,0,0,0,0,0,0
1030,293.15,35,0,293.15,24.5,6.125,293.15,0.5,0,293.15,0.55,0,293.15,0.6,0,350.15,0.5,0,360.15,0.5,0,0,0,-0,0,0,0,0,0,0,0,0,0,0,0,0,0,0,-0,0,0,0,0,0.5,0,0,20,0,0,0,0.35,0,0,20,0.25,0,0,0,0,20,0,0.01,0,0,0,0,20,0,0.01,0,0,0,0,0,0.01,20,0,0,0,0,0,0,0,0.01,77,0,0,0,0,0,0.01,87,0,0,0,0,0,0,0,0,0,0,0,0,0,0,0,0,0,1,1,1030,1,0,0,0,0,0,0,0,0,0,0,0,0,0,0,0,0,0,0,0,0.25,0.01,0,0,0,0.01,0,0,0,0,0,0,0,0,0.01,20,0,0,0.01,0,0,77,0,0.01,0,0,87,0,0,0,0,0,0,0,0,0,0,0,0,0,0,0,0,0,0,0,0,0,0,0.01,0.01,0.01,0.01,0,0,77,87,1,1,0,0,0,0,0,0,0,0,0,0,0,0,0,0,0,0,0,0,0,0,0,0,0,0,0,0,0,0,0,0,0
1035,293.15,35,0,293.15,24.5,6.125,293.15,0.5,0,293.15,0.55,0,293.15,0.6,0,350.15,0.5,0,360.15,0.5,0,0,0,-0,0,0,0,0,0,0,0,0,0,0,0,0,0,0,-0,0,0,0,0,0.5,0,0,20,0,0,0,0.35,0,0,20,0.25,0,0,0,0,20,0,0.01,0,0,0,0,20,0,0.01,0,0,0,0,0,0.01,20,0,0,0,0,0,0,0,0.01,77,0,0,0,0,0,0.01,87,0,0,0,0,0,0,0,0,0,0,0,0,0,0,0,0,0,1,1,1035,1,0,0,0,0,0,0,0,0,0,0,0,0,0,0,0,0,0,0,0,0.25,0.01,0,0,0,0.01,0,0,0,0,0,0,0,0,0.01,20,0,0,0.01,0,0,77,0,0.01,0,0,87,0,0,0,0,0,0,0,0,0,0,0,0,0,0,0,0,0,0,0,0,0,0,0.01,0.01,0.01,0.01,0,0,77,87,1,1,0,0,0,0,0,0,0,0,0,0,0,0,0,0,0,0,0,0,0,0,0,0,0,0,0,0,0,0,0,0,0
1040,293.15,35,0,293.15,24.5,6.125,293.15,0.5,0,293.15,0.55,0,293.15,0.6,0,350.15,0.5,0,360.15,0.5,0,0,0,-0,0,0,0,0,0,0,0,0,0,0,0,0,0,0,-0,0,0,0,0,0.5,0,0,20,0,0,0,0.35,0,0,20,0.25,0,0,0,0,20,0,0.01,0,0,0,0,20,0,0.01,0,0,0,0,0,0.01,20,0,0,0,0,0,0,0,0.01,77,0,0,0,0,0,0.01,87,0,0,0,0,0,0,0,0,0,0,0,0,0,0,0,0,0,1,1,1040,1,0,0,0,0,0,0,0,0,0,0,0,0,0,0,0,0,0,0,0,0.25,0.01,0,0,0,0.01,0,0,0,0,0,0,0,0,0.01,20,0,0,0.01,0,0,77,0,0.01,0,0,87,0,0,0,0,0,0,0,0,0,0,0,0,0,0,0,0,0,0,0,0,0,0,0.01,0.01,0.01,0.01,0,0,77,87,1,1,0,0,0,0,0,0,0,0,0,0,0,0,0,0,0,0,0,0,0,0,0,0,0,0,0,0,0,0,0,0,0
1045,293.15,35,0,293.15,24.5,6.125,293.15,0.5,0,293.15,0.55,0,293.15,0.6,0,350.15,0.5,0,360.15,0.5,0,0,0,-0,0,0,0,0,0,0,0,0,0,0,0,0,0,0,-0,0,0,0,0,0.5,0,0,20,0,0,0,0.35,0,0,20,0.25,0,0,0,0,20,0,0.01,0,0,0,0,20,0,0.01,0,0,0,0,0,0.01,20,0,0,0,0,0,0,0,0.01,77,0,0,0,0,0,0.01,87,0,0,0,0,0,0,0,0,0,0,0,0,0,0,0,0,0,1,1,1045,1,0,0,0,0,0,0,0,0,0,0,0,0,0,0,0,0,0,0,0,0.25,0.01,0,0,0,0.01,0,0,0,0,0,0,0,0,0.01,20,0,0,0.01,0,0,77,0,0.01,0,0,87,0,0,0,0,0,0,0,0,0,0,0,0,0,0,0,0,0,0,0,0,0,0,0.01,0.01,0.01,0.01,0,0,77,87,1,1,0,0,0,0,0,0,0,0,0,0,0,0,0,0,0,0,0,0,0,0,0,0,0,0,0,0,0,0,0,0,0
1050,293.15,35,0,293.15,24.5,6.125,293.15,0.5,0,293.15,0.55,0,293.15,0.6,0,350.15,0.5,0,360.15,0.5,0,0,0,-0,0,0,0,0,0,0,0,0,0,0,0,0,0,0,-0,0,0,0,0,0.5,0,0,20,0,0,0,0.35,0,0,20,0.25,0,0,0,0,20,0,0.01,0,0,0,0,20,0,0.01,0,0,0,0,0,0.01,20,0,0,0,0,0,0,0,0.01,77,0,0,0,0,0,0.01,87,0,0,0,0,0,0,0,0,0,0,0,0,0,0,0,0,0,1,1,1050,1,0,0,0,0,0,0,0,0,0,0,0,0,0,0,0,0,0,0,0,0.25,0.01,0,0,0,0.01,0,0,0,0,0,0,0,0,0.01,20,0,0,0.01,0,0,77,0,0.01,0,0,87,0,0,0,0,0,0,0,0,0,0,0,0,0,0,0,0,0,0,0,0,0,0,0.01,0.01,0.01,0.01,0,0,77,87,1,1,0,0,0,0,0,0,0,0,0,0,0,0,0,0,0,0,0,0,0,0,0,0,0,0,0,0,0,0,0,0,0
1055,293.15,35,0,293.15,24.5,6.125,293.15,0.5,0,293.15,0.55,0,293.15,0.6,0,350.15,0.5,0,360.15,0.5,0,0,0,-0,0,0,0,0,0,0,0,0,0,0,0,0,0,0,-0,0,0,0,0,0.5,0,0,20,0,0,0,0.35,0,0,20,0.25,0,0,0,0,20,0,0.01,0,0,0,0,20,0,0.01,0,0,0,0,0,0.01,20,0,0,0,0,0,0,0,0.01,77,0,0,0,0,0,0.01,87,0,0,0,0,0,0,0,0,0,0,0,0,0,0,0,0,0,1,1,1055,1,0,0,0,0,0,0,0,0,0,0,0,0,0,0,0,0,0,0,0,0.25,0.01,0,0,0,0.01,0,0,0,0,0,0,0,0,0.01,20,0,0,0.01,0,0,77,0,0.01,0,0,87,0,0,0,0,0,0,0,0,0,0,0,0,0,0,0,0,0,0,0,0,0,0,0.01,0.01,0.01,0.01,0,0,77,87,1,1,0,0,0,0,0,0,0,0,0,0,0,0,0,0,0,0,0,0,0,0,0,0,0,0,0,0,0,0,0,0,0
1060,293.15,35,0,293.15,24.5,6.125,293.15,0.5,0,293.15,0.55,0,293.15,0.6,0,350.15,0.5,0,360.15,0.5,0,0,0,-0,0,0,0,0,0,0,0,0,0,0,0,0,0,0,-0,0,0,0,0,0.5,0,0,20,0,0,0,0.35,0,0,20,0.25,0,0,0,0,20,0,0.01,0,0,0,0,20,0,0.01,0,0,0,0,0,0.01,20,0,0,0,0,0,0,0,0.01,77,0,0,0,0,0,0.01,87,0,0,0,0,0,0,0,0,0,0,0,0,0,0,0,0,0,1,1,1060,1,0,0,0,0,0,0,0,0,0,0,0,0,0,0,0,0,0,0,0,0.25,0.01,0,0,0,0.01,0,0,0,0,0,0,0,0,0.01,20,0,0,0.01,0,0,77,0,0.01,0,0,87,0,0,0,0,0,0,0,0,0,0,0,0,0,0,0,0,0,0,0,0,0,0,0.01,0.01,0.01,0.01,0,0,77,87,1,1,0,0,0,0,0,0,0,0,0,0,0,0,0,0,0,0,0,0,0,0,0,0,0,0,0,0,0,0,0,0,0
1065,293.15,35,0,293.15,24.5,6.125,293.15,0.5,0,293.15,0.55,0,293.15,0.6,0,350.15,0.5,0,360.15,0.5,0,0,0,-0,0,0,0,0,0,0,0,0,0,0,0,0,0,0,-0,0,0,0,0,0.5,0,0,20,0,0,0,0.35,0,0,20,0.25,0,0,0,0,20,0,0.01,0,0,0,0,20,0,0.01,0,0,0,0,0,0.01,20,0,0,0,0,0,0,0,0.01,77,0,0,0,0,0,0.01,87,0,0,0,0,0,0,0,0,0,0,0,0,0,0,0,0,0,1,1,1065,1,0,0,0,0,0,0,0,0,0,0,0,0,0,0,0,0,0,0,0,0.25,0.01,0,0,0,0.01,0,0,0,0,0,0,0,0,0.01,20,0,0,0.01,0,0,77,0,0.01,0,0,87,0,0,0,0,0,0,0,0,0,0,0,0,0,0,0,0,0,0,0,0,0,0,0.01,0.01,0.01,0.01,0,0,77,87,1,1,0,0,0,0,0,0,0,0,0,0,0,0,0,0,0,0,0,0,0,0,0,0,0,0,0,0,0,0,0,0,0
1070,293.15,35,0,293.15,24.5,6.125,293.15,0.5,0,293.15,0.55,0,293.15,0.6,0,350.15,0.5,0,360.15,0.5,0,0,0,-0,0,0,0,0,0,0,0,0,0,0,0,0,0,0,-0,0,0,0,0,0.5,0,0,20,0,0,0,0.35,0,0,20,0.25,0,0,0,0,20,0,0.01,0,0,0,0,20,0,0.01,0,0,0,0,0,0.01,20,0,0,0,0,0,0,0,0.01,77,0,0,0,0,0,0.01,87,0,0,0,0,0,0,0,0,0,0,0,0,0,0,0,0,0,1,1,1070,1,0,0,0,0,0,0,0,0,0,0,0,0,0,0,0,0,0,0,0,0.25,0.01,0,0,0,0.01,0,0,0,0,0,0,0,0,0.01,20,0,0,0.01,0,0,77,0,0.01,0,0,87,0,0,0,0,0,0,0,0,0,0,0,0,0,0,0,0,0,0,0,0,0,0,0.01,0.01,0.01,0.01,0,0,77,87,1,1,0,0,0,0,0,0,0,0,0,0,0,0,0,0,0,0,0,0,0,0,0,0,0,0,0,0,0,0,0,0,0
1075,293.15,35,0,293.15,24.5,6.125,293.15,0.5,0,293.15,0.55,0,293.15,0.6,0,350.15,0.5,0,360.15,0.5,0,0,0,-0,0,0,0,0,0,0,0,0,0,0,0,0,0,0,-0,0,0,0,0,0.5,0,0,20,0,0,0,0.35,0,0,20,0.25,0,0,0,0,20,0,0.01,0,0,0,0,20,0,0.01,0,0,0,0,0,0.01,20,0,0,0,0,0,0,0,0.01,77,0,0,0,0,0,0.01,87,0,0,0,0,0,0,0,0,0,0,0,0,0,0,0,0,0,1,1,1075,1,0,0,0,0,0,0,0,0,0,0,0,0,0,0,0,0,0,0,0,0.25,0.01,0,0,0,0.01,0,0,0,0,0,0,0,0,0.01,20,0,0,0.01,0,0,77,0,0.01,0,0,87,0,0,0,0,0,0,0,0,0,0,0,0,0,0,0,0,0,0,0,0,0,0,0.01,0.01,0.01,0.01,0,0,77,87,1,1,0,0,0,0,0,0,0,0,0,0,0,0,0,0,0,0,0,0,0,0,0,0,0,0,0,0,0,0,0,0,0
1080,293.15,35,0,293.15,24.5,6.125,293.15,0.5,0,293.15,0.55,0,293.15,0.6,0,350.15,0.5,0,360.15,0.5,0,0,0,-0,0,0,0,0,0,0,0,0,0,0,0,0,0,0,-0,0,0,0,0,0.5,0,0,20,0,0,0,0.35,0,0,20,0.25,0,0,0,0,20,0,0.01,0,0,0,0,20,0,0.01,0,0,0,0,0,0.01,20,0,0,0,0,0,0,0,0.01,77,0,0,0,0,0,0.01,87,0,0,0,0,0,0,0,0,0,0,0,0,0,0,0,0,0,1,1,1080,1,0,0,0,0,0,0,0,0,0,0,0,0,0,0,0,0,0,0,0,0.25,0.01,0,0,0,0.01,0,0,0,0,0,0,0,0,0.01,20,0,0,0.01,0,0,77,0,0.01,0,0,87,0,0,0,0,0,0,0,0,0,0,0,0,0,0,0,0,0,0,0,0,0,0,0.01,0.01,0.01,0.01,0,0,77,87,1,1,0,0,0,0,0,0,0,0,0,0,0,0,0,0,0,0,0,0,0,0,0,0,0,0,0,0,0,0,0,0,0
1085,293.15,35,0,293.15,24.5,6.125,293.15,0.5,0,293.15,0.55,0,293.15,0.6,0,350.15,0.5,0,360.15,0.5,0,0,0,-0,0,0,0,0,0,0,0,0,0,0,0,0,0,0,-0,0,0,0,0,0.5,0,0,20,0,0,0,0.35,0,0,20,0.25,0,0,0,0,20,0,0.01,0,0,0,0,20,0,0.01,0,0,0,0,0,0.01,20,0,0,0,0,0,0,0,0.01,77,0,0,0,0,0,0.01,87,0,0,0,0,0,0,0,0,0,0,0,0,0,0,0,0,0,1,1,1085,1,0,0,0,0,0,0,0,0,0,0,0,0,0,0,0,0,0,0,0,0.25,0.01,0,0,0,0.01,0,0,0,0,0,0,0,0,0.01,20,0,0,0.01,0,0,77,0,0.01,0,0,87,0,0,0,0,0,0,0,0,0,0,0,0,0,0,0,0,0,0,0,0,0,0,0.01,0.01,0.01,0.01,0,0,77,87,1,1,0,0,0,0,0,0,0,0,0,0,0,0,0,0,0,0,0,0,0,0,0,0,0,0,0,0,0,0,0,0,0
1090,293.15,35,0,293.15,24.5,6.125,293.15,0.5,0,293.15,0.55,0,293.15,0.6,0,350.15,0.5,0,360.15,0.5,0,0,0,-0,0,0,0,0,0,0,0,0,0,0,0,0,0,0,-0,0,0,0,0,0.5,0,0,20,0,0,0,0.35,0,0,20,0.25,0,0,0,0,20,0,0.01,0,0,0,0,20,0,0.01,0,0,0,0,0,0.01,20,0,0,0,0,0,0,0,0.01,77,0,0,0,0,0,0.01,87,0,0,0,0,0,0,0,0,0,0,0,0,0,0,0,0,0,1,1,1090,1,0,0,0,0,0,0,0,0,0,0,0,0,0,0,0,0,0,0,0,0.25,0.01,0,0,0,0.01,0,0,0,0,0,0,0,0,0.01,20,0,0,0.01,0,0,77,0,0.01,0,0,87,0,0,0,0,0,0,0,0,0,0,0,0,0,0,0,0,0,0,0,0,0,0,0.01,0.01,0.01,0.01,0,0,77,87,1,1,0,0,0,0,0,0,0,0,0,0,0,0,0,0,0,0,0,0,0,0,0,0,0,0,0,0,0,0,0,0,0
1095,293.15,35,0,293.15,24.5,6.125,293.15,0.5,0,293.15,0.55,0,293.15,0.6,0,350.15,0.5,0,360.15,0.5,0,0,0,-0,0,0,0,0,0,0,0,0,0,0,0,0,0,0,-0,0,0,0,0,0.5,0,0,20,0,0,0,0.35,0,0,20,0.25,0,0,0,0,20,0,0.01,0,0,0,0,20,0,0.01,0,0,0,0,0,0.01,20,0,0,0,0,0,0,0,0.01,77,0,0,0,0,0,0.01,87,0,0,0,0,0,0,0,0,0,0,0,0,0,0,0,0,0,1,1,1095,1,0,0,0,0,0,0,0,0,0,0,0,0,0,0,0,0,0,0,0,0.25,0.01,0,0,0,0.01,0,0,0,0,0,0,0,0,0.01,20,0,0,0.01,0,0,77,0,0.01,0,0,87,0,0,0,0,0,0,0,0,0,0,0,0,0,0,0,0,0,0,0,0,0,0,0.01,0.01,0.01,0.01,0,0,77,87,1,1,0,0,0,0,0,0,0,0,0,0,0,0,0,0,0,0,0,0,0,0,0,0,0,0,0,0,0,0,0,0,0
1100,293.15,35,0,293.15,24.5,6.125,293.15,0.5,0,293.15,0.55,0,293.15,0.6,0,350.15,0.5,0,360.15,0.5,0,0,0,-0,0,0,0,0,0,0,0,0,0,0,0,0,0,0,-0,0,0,0,0,0.5,0,0,20,0,0,0,0.35,0,0,20,0.25,0,0,0,0,20,0,0.01,0,0,0,0,20,0,0.01,0,0,0,0,0,0.01,20,0,0,0,0,0,0,0,0.01,77,0,0,0,0,0,0.01,87,0,0,0,0,0,0,0,0,0,0,0,0,0,0,0,0,0,1,1,1100,1,0,0,0,0,0,0,0,0,0,0,0,0,0,0,0,0,0,0,0,0.25,0.01,0,0,0,0.01,0,0,0,0,0,0,0,0,0.01,20,0,0,0.01,0,0,77,0,0.01,0,0,87,0,0,0,0,0,0,0,0,0,0,0,0,0,0,0,0,0,0,0,0,0,0,0.01,0.01,0.01,0.01,0,0,77,87,1,1,0,0,0,0,0,0,0,0,0,0,0,0,0,0,0,0,0,0,0,0,0,0,0,0,0,0,0,0,0,0,0
1105,293.15,35,0,293.15,24.5,6.125,293.15,0.5,0,293.15,0.55,0,293.15,0.6,0,350.15,0.5,0,360.15,0.5,0,0,0,-0,0,0,0,0,0,0,0,0,0,0,0,0,0,0,-0,0,0,0,0,0.5,0,0,20,0,0,0,0.35,0,0,20,0.25,0,0,0,0,20,0,0.01,0,0,0,0,20,0,0.01,0,0,0,0,0,0.01,20,0,0,0,0,0,0,0,0.01,77,0,0,0,0,0,0.01,87,0,0,0,0,0,0,0,0,0,0,0,0,0,0,0,0,0,1,1,1105,1,0,0,0,0,0,0,0,0,0,0,0,0,0,0,0,0,0,0,0,0.25,0.01,0,0,0,0.01,0,0,0,0,0,0,0,0,0.01,20,0,0,0.01,0,0,77,0,0.01,0,0,87,0,0,0,0,0,0,0,0,0,0,0,0,0,0,0,0,0,0,0,0,0,0,0.01,0.01,0.01,0.01,0,0,77,87,1,1,0,0,0,0,0,0,0,0,0,0,0,0,0,0,0,0,0,0,0,0,0,0,0,0,0,0,0,0,0,0,0
1110,293.15,35,0,293.15,24.5,6.125,293.15,0.5,0,293.15,0.55,0,293.15,0.6,0,350.15,0.5,0,360.15,0.5,0,0,0,-0,0,0,0,0,0,0,0,0,0,0,0,0,0,0,-0,0,0,0,0,0.5,0,0,20,0,0,0,0.35,0,0,20,0.25,0,0,0,0,20,0,0.01,0,0,0,0,20,0,0.01,0,0,0,0,0,0.01,20,0,0,0,0,0,0,0,0.01,77,0,0,0,0,0,0.01,87,0,0,0,0,0,0,0,0,0,0,0,0,0,0,0,0,0,1,1,1110,1,0,0,0,0,0,0,0,0,0,0,0,0,0,0,0,0,0,0,0,0.25,0.01,0,0,0,0.01,0,0,0,0,0,0,0,0,0.01,20,0,0,0.01,0,0,77,0,0.01,0,0,87,0,0,0,0,0,0,0,0,0,0,0,0,0,0,0,0,0,0,0,0,0,0,0.01,0.01,0.01,0.01,0,0,77,87,1,1,0,0,0,0,0,0,0,0,0,0,0,0,0,0,0,0,0,0,0,0,0,0,0,0,0,0,0,0,0,0,0
1115,293.15,35,0,293.15,24.5,6.125,293.15,0.5,0,293.15,0.55,0,293.15,0.6,0,350.15,0.5,0,360.15,0.5,0,0,0,-0,0,0,0,0,0,0,0,0,0,0,0,0,0,0,-0,0,0,0,0,0.5,0,0,20,0,0,0,0.35,0,0,20,0.25,0,0,0,0,20,0,0.01,0,0,0,0,20,0,0.01,0,0,0,0,0,0.01,20,0,0,0,0,0,0,0,0.01,77,0,0,0,0,0,0.01,87,0,0,0,0,0,0,0,0,0,0,0,0,0,0,0,0,0,1,1,1115,1,0,0,0,0,0,0,0,0,0,0,0,0,0,0,0,0,0,0,0,0.25,0.01,0,0,0,0.01,0,0,0,0,0,0,0,0,0.01,20,0,0,0.01,0,0,77,0,0.01,0,0,87,0,0,0,0,0,0,0,0,0,0,0,0,0,0,0,0,0,0,0,0,0,0,0.01,0.01,0.01,0.01,0,0,77,87,1,1,0,0,0,0,0,0,0,0,0,0,0,0,0,0,0,0,0,0,0,0,0,0,0,0,0,0,0,0,0,0,0
1120,293.15,35,0,293.15,24.5,6.125,293.15,0.5,0,293.15,0.55,0,293.15,0.6,0,350.15,0.5,0,360.15,0.5,0,0,0,-0,0,0,0,0,0,0,0,0,0,0,0,0,0,0,-0,0,0,0,0,0.5,0,0,20,0,0,0,0.35,0,0,20,0.25,0,0,0,0,20,0,0.01,0,0,0,0,20,0,0.01,0,0,0,0,0,0.01,20,0,0,0,0,0,0,0,0.01,77,0,0,0,0,0,0.01,87,0,0,0,0,0,0,0,0,0,0,0,0,0,0,0,0,0,1,1,1120,1,0,0,0,0,0,0,0,0,0,0,0,0,0,0,0,0,0,0,0,0.25,0.01,0,0,0,0.01,0,0,0,0,0,0,0,0,0.01,20,0,0,0.01,0,0,77,0,0.01,0,0,87,0,0,0,0,0,0,0,0,0,0,0,0,0,0,0,0,0,0,0,0,0,0,0.01,0.01,0.01,0.01,0,0,77,87,1,1,0,0,0,0,0,0,0,0,0,0,0,0,0,0,0,0,0,0,0,0,0,0,0,0,0,0,0,0,0,0,0
1125,293.15,35,0,293.15,24.5,6.125,293.15,0.5,0,293.15,0.55,0,293.15,0.6,0,350.15,0.5,0,360.15,0.5,0,0,0,-0,0,0,0,0,0,0,0,0,0,0,0,0,0,0,-0,0,0,0,0,0.5,0,0,20,0,0,0,0.35,0,0,20,0.25,0,0,0,0,20,0,0.01,0,0,0,0,20,0,0.01,0,0,0,0,0,0.01,20,0,0,0,0,0,0,0,0.01,77,0,0,0,0,0,0.01,87,0,0,0,0,0,0,0,0,0,0,0,0,0,0,0,0,0,1,1,1125,1,0,0,0,0,0,0,0,0,0,0,0,0,0,0,0,0,0,0,0,0.25,0.01,0,0,0,0.01,0,0,0,0,0,0,0,0,0.01,20,0,0,0.01,0,0,77,0,0.01,0,0,87,0,0,0,0,0,0,0,0,0,0,0,0,0,0,0,0,0,0,0,0,0,0,0.01,0.01,0.01,0.01,0,0,77,87,1,1,0,0,0,0,0,0,0,0,0,0,0,0,0,0,0,0,0,0,0,0,0,0,0,0,0,0,0,0,0,0,0
1130,293.15,35,0,293.15,24.5,6.125,293.15,0.5,0,293.15,0.55,0,293.15,0.6,0,350.15,0.5,0,360.15,0.5,0,0,0,-0,0,0,0,0,0,0,0,0,0,0,0,0,0,0,-0,0,0,0,0,0.5,0,0,20,0,0,0,0.35,0,0,20,0.25,0,0,0,0,20,0,0.01,0,0,0,0,20,0,0.01,0,0,0,0,0,0.01,20,0,0,0,0,0,0,0,0.01,77,0,0,0,0,0,0.01,87,0,0,0,0,0,0,0,0,0,0,0,0,0,0,0,0,0,1,1,1130,1,0,0,0,0,0,0,0,0,0,0,0,0,0,0,0,0,0,0,0,0.25,0.01,0,0,0,0.01,0,0,0,0,0,0,0,0,0.01,20,0,0,0.01,0,0,77,0,0.01,0,0,87,0,0,0,0,0,0,0,0,0,0,0,0,0,0,0,0,0,0,0,0,0,0,0.01,0.01,0.01,0.01,0,0,77,87,1,1,0,0,0,0,0,0,0,0,0,0,0,0,0,0,0,0,0,0,0,0,0,0,0,0,0,0,0,0,0,0,0
1135,293.15,35,0,293.15,24.5,6.125,293.15,0.5,0,293.15,0.55,0,293.15,0.6,0,350.15,0.5,0,360.15,0.5,0,0,0,-0,0,0,0,0,0,0,0,0,0,0,0,0,0,0,-0,0,0,0,0,0.5,0,0,20,0,0,0,0.35,0,0,20,0.25,0,0,0,0,20,0,0.01,0,0,0,0,20,0,0.01,0,0,0,0,0,0.01,20,0,0,0,0,0,0,0,0.01,77,0,0,0,0,0,0.01,87,0,0,0,0,0,0,0,0,0,0,0,0,0,0,0,0,0,1,1,1135,1,0,0,0,0,0,0,0,0,0,0,0,0,0,0,0,0,0,0,0,0.25,0.01,0,0,0,0.01,0,0,0,0,0,0,0,0,0.01,20,0,0,0.01,0,0,77,0,0.01,0,0,87,0,0,0,0,0,0,0,0,0,0,0,0,0,0,0,0,0,0,0,0,0,0,0.01,0.01,0.01,0.01,0,0,77,87,1,1,0,0,0,0,0,0,0,0,0,0,0,0,0,0,0,0,0,0,0,0,0,0,0,0,0,0,0,0,0,0,0
1140,293.15,35,0,293.15,24.5,6.125,293.15,0.5,0,293.15,0.55,0,293.15,0.6,0,350.15,0.5,0,360.15,0.5,0,0,0,-0,0,0,0,0,0,0,0,0,0,0,0,0,0,0,-0,0,0,0,0,0.5,0,0,20,0,0,0,0.35,0,0,20,0.25,0,0,0,0,20,0,0.01,0,0,0,0,20,0,0.01,0,0,0,0,0,0.01,20,0,0,0,0,0,0,0,0.01,77,0,0,0,0,0,0.01,87,0,0,0,0,0,0,0,0,0,0,0,0,0,0,0,0,0,1,1,1140,1,0,0,0,0,0,0,0,0,0,0,0,0,0,0,0,0,0,0,0,0.25,0.01,0,0,0,0.01,0,0,0,0,0,0,0,0,0.01,20,0,0,0.01,0,0,77,0,0.01,0,0,87,0,0,0,0,0,0,0,0,0,0,0,0,0,0,0,0,0,0,0,0,0,0,0.01,0.01,0.01,0.01,0,0,77,87,1,1,0,0,0,0,0,0,0,0,0,0,0,0,0,0,0,0,0,0,0,0,0,0,0,0,0,0,0,0,0,0,0
1145,293.15,35,0,293.15,24.5,6.125,293.15,0.5,0,293.15,0.55,0,293.15,0.6,0,350.15,0.5,0,360.15,0.5,0,0,0,-0,0,0,0,0,0,0,0,0,0,0,0,0,0,0,-0,0,0,0,0,0.5,0,0,20,0,0,0,0.35,0,0,20,0.25,0,0,0,0,20,0,0.01,0,0,0,0,20,0,0.01,0,0,0,0,0,0.01,20,0,0,0,0,0,0,0,0.01,77,0,0,0,0,0,0.01,87,0,0,0,0,0,0,0,0,0,0,0,0,0,0,0,0,0,1,1,1145,1,0,0,0,0,0,0,0,0,0,0,0,0,0,0,0,0,0,0,0,0.25,0.01,0,0,0,0.01,0,0,0,0,0,0,0,0,0.01,20,0,0,0.01,0,0,77,0,0.01,0,0,87,0,0,0,0,0,0,0,0,0,0,0,0,0,0,0,0,0,0,0,0,0,0,0.01,0.01,0.01,0.01,0,0,77,87,1,1,0,0,0,0,0,0,0,0,0,0,0,0,0,0,0,0,0,0,0,0,0,0,0,0,0,0,0,0,0,0,0
1150,293.15,35,0,293.15,24.5,6.125,293.15,0.5,0,293.15,0.55,0,293.15,0.6,0,350.15,0.5,0,360.15,0.5,0,0,0,-0,0,0,0,0,0,0,0,0,0,0,0,0,0,0,-0,0,0,0,0,0.5,0,0,20,0,0,0,0.35,0,0,20,0.25,0,0,0,0,20,0,0.01,0,0,0,0,20,0,0.01,0,0,0,0,0,0.01,20,0,0,0,0,0,0,0,0.01,77,0,0,0,0,0,0.01,87,0,0,0,0,0,0,0,0,0,0,0,0,0,0,0,0,0,1,1,1150,1,0,0,0,0,0,0,0,0,0,0,0,0,0,0,0,0,0,0,0,0.25,0.01,0,0,0,0.01,0,0,0,0,0,0,0,0,0.01,20,0,0,0.01,0,0,77,0,0.01,0,0,87,0,0,0,0,0,0,0,0,0,0,0,0,0,0,0,0,0,0,0,0,0,0,0.01,0.01,0.01,0.01,0,0,77,87,1,1,0,0,0,0,0,0,0,0,0,0,0,0,0,0,0,0,0,0,0,0,0,0,0,0,0,0,0,0,0,0,0
1155,293.15,35,0,293.15,24.5,6.125,293.15,0.5,0,293.15,0.55,0,293.15,0.6,0,350.15,0.5,0,360.15,0.5,0,0,0,-0,0,0,0,0,0,0,0,0,0,0,0,0,0,0,-0,0,0,0,0,0.5,0,0,20,0,0,0,0.35,0,0,20,0.25,0,0,0,0,20,0,0.01,0,0,0,0,20,0,0.01,0,0,0,0,0,0.01,20,0,0,0,0,0,0,0,0.01,77,0,0,0,0,0,0.01,87,0,0,0,0,0,0,0,0,0,0,0,0,0,0,0,0,0,1,1,1155,1,0,0,0,0,0,0,0,0,0,0,0,0,0,0,0,0,0,0,0,0.25,0.01,0,0,0,0.01,0,0,0,0,0,0,0,0,0.01,20,0,0,0.01,0,0,77,0,0.01,0,0,87,0,0,0,0,0,0,0,0,0,0,0,0,0,0,0,0,0,0,0,0,0,0,0.01,0.01,0.01,0.01,0,0,77,87,1,1,0,0,0,0,0,0,0,0,0,0,0,0,0,0,0,0,0,0,0,0,0,0,0,0,0,0,0,0,0,0,0
1160,293.15,35,0,293.15,24.5,6.125,293.15,0.5,0,293.15,0.55,0,293.15,0.6,0,350.15,0.5,0,360.15,0.5,0,0,0,-0,0,0,0,0,0,0,0,0,0,0,0,0,0,0,-0,0,0,0,0,0.5,0,0,20,0,0,0,0.35,0,0,20,0.25,0,0,0,0,20,0,0.01,0,0,0,0,20,0,0.01,0,0,0,0,0,0.01,20,0,0,0,0,0,0,0,0.01,77,0,0,0,0,0,0.01,87,0,0,0,0,0,0,0,0,0,0,0,0,0,0,0,0,0,1,1,1160,1,0,0,0,0,0,0,0,0,0,0,0,0,0,0,0,0,0,0,0,0.25,0.01,0,0,0,0.01,0,0,0,0,0,0,0,0,0.01,20,0,0,0.01,0,0,77,0,0.01,0,0,87,0,0,0,0,0,0,0,0,0,0,0,0,0,0,0,0,0,0,0,0,0,0,0.01,0.01,0.01,0.01,0,0,77,87,1,1,0,0,0,0,0,0,0,0,0,0,0,0,0,0,0,0,0,0,0,0,0,0,0,0,0,0,0,0,0,0,0
1165,293.15,35,0,293.15,24.5,6.125,293.15,0.5,0,293.15,0.55,0,293.15,0.6,0,350.15,0.5,0,360.15,0.5,0,0,0,-0,0,0,0,0,0,0,0,0,0,0,0,0,0,0,-0,0,0,0,0,0.5,0,0,20,0,0,0,0.35,0,0,20,0.25,0,0,0,0,20,0,0.01,0,0,0,0,20,0,0.01,0,0,0,0,0,0.01,20,0,0,0,0,0,0,0,0.01,77,0,0,0,0,0,0.01,87,0,0,0,0,0,0,0,0,0,0,0,0,0,0,0,0,0,1,1,1165,1,0,0,0,0,0,0,0,0,0,0,0,0,0,0,0,0,0,0,0,0.25,0.01,0,0,0,0.01,0,0,0,0,0,0,0,0,0.01,20,0,0,0.01,0,0,77,0,0.01,0,0,87,0,0,0,0,0,0,0,0,0,0,0,0,0,0,0,0,0,0,0,0,0,0,0.01,0.01,0.01,0.01,0,0,77,87,1,1,0,0,0,0,0,0,0,0,0,0,0,0,0,0,0,0,0,0,0,0,0,0,0,0,0,0,0,0,0,0,0
1170,293.15,35,0,293.15,24.5,6.125,293.15,0.5,0,293.15,0.55,0,293.15,0.6,0,350.15,0.5,0,360.15,0.5,0,0,0,-0,0,0,0,0,0,0,0,0,0,0,0,0,0,0,-0,0,0,0,0,0.5,0,0,20,0,0,0,0.35,0,0,20,0.25,0,0,0,0,20,0,0.01,0,0,0,0,20,0,0.01,0,0,0,0,0,0.01,20,0,0,0,0,0,0,0,0.01,77,0,0,0,0,0,0.01,87,0,0,0,0,0,0,0,0,0,0,0,0,0,0,0,0,0,1,1,1170,1,0,0,0,0,0,0,0,0,0,0,0,0,0,0,0,0,0,0,0,0.25,0.01,0,0,0,0.01,0,0,0,0,0,0,0,0,0.01,20,0,0,0.01,0,0,77,0,0.01,0,0,87,0,0,0,0,0,0,0,0,0,0,0,0,0,0,0,0,0,0,0,0,0,0,0.01,0.01,0.01,0.01,0,0,77,87,1,1,0,0,0,0,0,0,0,0,0,0,0,0,0,0,0,0,0,0,0,0,0,0,0,0,0,0,0,0,0,0,0
1175,293.15,35,0,293.15,24.5,6.125,293.15,0.5,0,293.15,0.55,0,293.15,0.6,0,350.15,0.5,0,360.15,0.5,0,0,0,-0,0,0,0,0,0,0,0,0,0,0,0,0,0,0,-0,0,0,0,0,0.5,0,0,20,0,0,0,0.35,0,0,20,0.25,0,0,0,0,20,0,0.01,0,0,0,0,20,0,0.01,0,0,0,0,0,0.01,20,0,0,0,0,0,0,0,0.01,77,0,0,0,0,0,0.01,87,0,0,0,0,0,0,0,0,0,0,0,0,0,0,0,0,0,1,1,1175,1,0,0,0,0,0,0,0,0,0,0,0,0,0,0,0,0,0,0,0,0.25,0.01,0,0,0,0.01,0,0,0,0,0,0,0,0,0.01,20,0,0,0.01,0,0,77,0,0.01,0,0,87,0,0,0,0,0,0,0,0,0,0,0,0,0,0,0,0,0,0,0,0,0,0,0.01,0.01,0.01,0.01,0,0,77,87,1,1,0,0,0,0,0,0,0,0,0,0,0,0,0,0,0,0,0,0,0,0,0,0,0,0,0,0,0,0,0,0,0
1180,293.15,35,0,293.15,24.5,6.125,293.15,0.5,0,293.15,0.55,0,293.15,0.6,0,350.15,0.5,0,360.15,0.5,0,0,0,-0,0,0,0,0,0,0,0,0,0,0,0,0,0,0,-0,0,0,0,0,0.5,0,0,20,0,0,0,0.35,0,0,20,0.25,0,0,0,0,20,0,0.01,0,0,0,0,20,0,0.01,0,0,0,0,0,0.01,20,0,0,0,0,0,0,0,0.01,77,0,0,0,0,0,0.01,87,0,0,0,0,0,0,0,0,0,0,0,0,0,0,0,0,0,1,1,1180,1,0,0,0,0,0,0,0,0,0,0,0,0,0,0,0,0,0,0,0,0.25,0.01,0,0,0,0.01,0,0,0,0,0,0,0,0,0.01,20,0,0,0.01,0,0,77,0,0.01,0,0,87,0,0,0,0,0,0,0,0,0,0,0,0,0,0,0,0,0,0,0,0,0,0,0.01,0.01,0.01,0.01,0,0,77,87,1,1,0,0,0,0,0,0,0,0,0,0,0,0,0,0,0,0,0,0,0,0,0,0,0,0,0,0,0,0,0,0,0
1185,293.15,35,0,293.15,24.5,6.125,293.15,0.5,0,293.15,0.55,0,293.15,0.6,0,350.15,0.5,0,360.15,0.5,0,0,0,-0,0,0,0,0,0,0,0,0,0,0,0,0,0,0,-0,0,0,0,0,0.5,0,0,20,0,0,0,0.35,0,0,20,0.25,0,0,0,0,20,0,0.01,0,0,0,0,20,0,0.01,0,0,0,0,0,0.01,20,0,0,0,0,0,0,0,0.01,77,0,0,0,0,0,0.01,87,0,0,0,0,0,0,0,0,0,0,0,0,0,0,0,0,0,1,1,1185,1,0,0,0,0,0,0,0,0,0,0,0,0,0,0,0,0,0,0,0,0.25,0.01,0,0,0,0.01,0,0,0,0,0,0,0,0,0.01,20,0,0,0.01,0,0,77,0,0.01,0,0,87,0,0,0,0,0,0,0,0,0,0,0,0,0,0,0,0,0,0,0,0,0,0,0.01,0.01,0.01,0.01,0,0,77,87,1,1,0,0,0,0,0,0,0,0,0,0,0,0,0,0,0,0,0,0,0,0,0,0,0,0,0,0,0,0,0,0,0
1190,293.15,35,0,293.15,24.5,6.125,293.15,0.5,0,293.15,0.55,0,293.15,0.6,0,350.15,0.5,0,360.15,0.5,0,0,0,-0,0,0,0,0,0,0,0,0,0,0,0,0,0,0,-0,0,0,0,0,0.5,0,0,20,0,0,0,0.35,0,0,20,0.25,0,0,0,0,20,0,0.01,0,0,0,0,20,0,0.01,0,0,0,0,0,0.01,20,0,0,0,0,0,0,0,0.01,77,0,0,0,0,0,0.01,87,0,0,0,0,0,0,0,0,0,0,0,0,0,0,0,0,0,1,1,1190,1,0,0,0,0,0,0,0,0,0,0,0,0,0,0,0,0,0,0,0,0.25,0.01,0,0,0,0.01,0,0,0,0,0,0,0,0,0.01,20,0,0,0.01,0,0,77,0,0.01,0,0,87,0,0,0,0,0,0,0,0,0,0,0,0,0,0,0,0,0,0,0,0,0,0,0.01,0.01,0.01,0.01,0,0,77,87,1,1,0,0,0,0,0,0,0,0,0,0,0,0,0,0,0,0,0,0,0,0,0,0,0,0,0,0,0,0,0,0,0
1195,293.15,35,0,293.15,24.5,6.125,293.15,0.5,0,293.15,0.55,0,293.15,0.6,0,350.15,0.5,0,360.15,0.5,0,0,0,-0,0,0,0,0,0,0,0,0,0,0,0,0,0,0,-0,0,0,0,0,0.5,0,0,20,0,0,0,0.35,0,0,20,0.25,0,0,0,0,20,0,0.01,0,0,0,0,20,0,0.01,0,0,0,0,0,0.01,20,0,0,0,0,0,0,0,0.01,77,0,0,0,0,0,0.01,87,0,0,0,0,0,0,0,0,0,0,0,0,0,0,0,0,0,1,1,1195,1,0,0,0,0,0,0,0,0,0,0,0,0,0,0,0,0,0,0,0,0.25,0.01,0,0,0,0.01,0,0,0,0,0,0,0,0,0.01,20,0,0,0.01,0,0,77,0,0.01,0,0,87,0,0,0,0,0,0,0,0,0,0,0,0,0,0,0,0,0,0,0,0,0,0,0.01,0.01,0.01,0.01,0,0,77,87,1,1,0,0,0,0,0,0,0,0,0,0,0,0,0,0,0,0,0,0,0,0,0,0,0,0,0,0,0,0,0,0,0
1200,293.15,35,0,293.15,24.5,6.125,293.15,0.5,0,293.15,0.55,0,293.15,0.6,0,350.15,0.5,0,360.15,0.5,0,0,0,-0,0,0,0,0,0,0,0,0,0,0,0,0,0,0,-0,0,0,0,0,0.5,0,0,20,0,0,0,0.35,0,0,20,0.25,0,0,0,0,20,0,0.01,0,0,0,0,20,0,0.01,0,0,0,0,0,0.01,20,0,0,0,0,0,0,0,0.01,77,0,0,0,0,0,0.01,87,0,0,0,0,0,0,0,0,0,0,0,0,0,0,0,0,0,1,1,1200,1,0,0,0,0,0,0,0,0,0,0,0,0,0,0,0,0,0,0,0,0.25,0.01,0,0,0,0.01,0,0,0,0,0,0,0,0,0.01,20,0,0,0.01,0,0,77,0,0.01,0,0,87,0,0,0,0,0,0,0,0,0,0,0,0,0,0,0,0,0,0,0,0,0,0,0.01,0.01,0.01,0.01,0,0,77,87,1,1,0,0,0,0,0,0,0,0,0,0,0,0,0,0,0,0,0,0,0,0,0,0,0,0,0,0,0,0,0,0,0
1205,293.15,35,0,293.15,24.5,6.125,293.15,0.5,0,293.15,0.55,0,293.15,0.6,0,350.15,0.5,0,360.15,0.5,0,0,0,-0,0,0,0,0,0,0,0,0,0,0,0,0,0,0,-0,0,0,0,0,0.5,0,0,20,0,0,0,0.35,0,0,20,0.25,0,0,0,0,20,0,0.01,0,0,0,0,20,0,0.01,0,0,0,0,0,0.01,20,0,0,0,0,0,0,0,0.01,77,0,0,0,0,0,0.01,87,0,0,0,0,0,0,0,0,0,0,0,0,0,0,0,0,0,1,1,1205,1,0,0,0,0,0,0,0,0,0,0,0,0,0,0,0,0,0,0,0,0.25,0.01,0,0,0,0.01,0,0,0,0,0,0,0,0,0.01,20,0,0,0.01,0,0,77,0,0.01,0,0,87,0,0,0,0,0,0,0,0,0,0,0,0,0,0,0,0,0,0,0,0,0,0,0.01,0.01,0.01,0.01,0,0,77,87,1,1,0,0,0,0,0,0,0,0,0,0,0,0,0,0,0,0,0,0,0,0,0,0,0,0,0,0,0,0,0,0,0
1210,293.15,35,0,293.15,24.5,6.125,293.15,0.5,0,293.15,0.55,0,293.15,0.6,0,350.15,0.5,0,360.15,0.5,0,0,0,-0,0,0,0,0,0,0,0,0,0,0,0,0,0,0,-0,0,0,0,0,0.5,0,0,20,0,0,0,0.35,0,0,20,0.25,0,0,0,0,20,0,0.01,0,0,0,0,20,0,0.01,0,0,0,0,0,0.01,20,0,0,0,0,0,0,0,0.01,77,0,0,0,0,0,0.01,87,0,0,0,0,0,0,0,0,0,0,0,0,0,0,0,0,0,1,1,1210,1,0,0,0,0,0,0,0,0,0,0,0,0,0,0,0,0,0,0,0,0.25,0.01,0,0,0,0.01,0,0,0,0,0,0,0,0,0.01,20,0,0,0.01,0,0,77,0,0.01,0,0,87,0,0,0,0,0,0,0,0,0,0,0,0,0,0,0,0,0,0,0,0,0,0,0.01,0.01,0.01,0.01,0,0,77,87,1,1,0,0,0,0,0,0,0,0,0,0,0,0,0,0,0,0,0,0,0,0,0,0,0,0,0,0,0,0,0,0,0
1215,293.15,35,0,293.15,24.5,6.125,293.15,0.5,0,293.15,0.55,0,293.15,0.6,0,350.15,0.5,0,360.15,0.5,0,0,0,-0,0,0,0,0,0,0,0,0,0,0,0,0,0,0,-0,0,0,0,0,0.5,0,0,20,0,0,0,0.35,0,0,20,0.25,0,0,0,0,20,0,0.01,0,0,0,0,20,0,0.01,0,0,0,0,0,0.01,20,0,0,0,0,0,0,0,0.01,77,0,0,0,0,0,0.01,87,0,0,0,0,0,0,0,0,0,0,0,0,0,0,0,0,0,1,1,1215,1,0,0,0,0,0,0,0,0,0,0,0,0,0,0,0,0,0,0,0,0.25,0.01,0,0,0,0.01,0,0,0,0,0,0,0,0,0.01,20,0,0,0.01,0,0,77,0,0.01,0,0,87,0,0,0,0,0,0,0,0,0,0,0,0,0,0,0,0,0,0,0,0,0,0,0.01,0.01,0.01,0.01,0,0,77,87,1,1,0,0,0,0,0,0,0,0,0,0,0,0,0,0,0,0,0,0,0,0,0,0,0,0,0,0,0,0,0,0,0
1220,293.15,35,0,293.15,24.5,6.125,293.15,0.5,0,293.15,0.55,0,293.15,0.6,0,350.15,0.5,0,360.15,0.5,0,0,0,-0,0,0,0,0,0,0,0,0,0,0,0,0,0,0,-0,0,0,0,0,0.5,0,0,20,0,0,0,0.35,0,0,20,0.25,0,0,0,0,20,0,0.01,0,0,0,0,20,0,0.01,0,0,0,0,0,0.01,20,0,0,0,0,0,0,0,0.01,77,0,0,0,0,0,0.01,87,0,0,0,0,0,0,0,0,0,0,0,0,0,0,0,0,0,1,1,1220,1,0,0,0,0,0,0,0,0,0,0,0,0,0,0,0,0,0,0,0,0.25,0.01,0,0,0,0.01,0,0,0,0,0,0,0,0,0.01,20,0,0,0.01,0,0,77,0,0.01,0,0,87,0,0,0,0,0,0,0,0,0,0,0,0,0,0,0,0,0,0,0,0,0,0,0.01,0.01,0.01,0.01,0,0,77,87,1,1,0,0,0,0,0,0,0,0,0,0,0,0,0,0,0,0,0,0,0,0,0,0,0,0,0,0,0,0,0,0,0
1225,293.15,35,0,293.15,24.5,6.125,293.15,0.5,0,293.15,0.55,0,293.15,0.6,0,350.15,0.5,0,360.15,0.5,0,0,0,-0,0,0,0,0,0,0,0,0,0,0,0,0,0,0,-0,0,0,0,0,0.5,0,0,20,0,0,0,0.35,0,0,20,0.25,0,0,0,0,20,0,0.01,0,0,0,0,20,0,0.01,0,0,0,0,0,0.01,20,0,0,0,0,0,0,0,0.01,77,0,0,0,0,0,0.01,87,0,0,0,0,0,0,0,0,0,0,0,0,0,0,0,0,0,1,1,1225,1,0,0,0,0,0,0,0,0,0,0,0,0,0,0,0,0,0,0,0,0.25,0.01,0,0,0,0.01,0,0,0,0,0,0,0,0,0.01,20,0,0,0.01,0,0,77,0,0.01,0,0,87,0,0,0,0,0,0,0,0,0,0,0,0,0,0,0,0,0,0,0,0,0,0,0.01,0.01,0.01,0.01,0,0,77,87,1,1,0,0,0,0,0,0,0,0,0,0,0,0,0,0,0,0,0,0,0,0,0,0,0,0,0,0,0,0,0,0,0
1230,293.15,35,0,293.15,24.5,6.125,293.15,0.5,0,293.15,0.55,0,293.15,0.6,0,350.15,0.5,0,360.15,0.5,0,0,0,-0,0,0,0,0,0,0,0,0,0,0,0,0,0,0,-0,0,0,0,0,0.5,0,0,20,0,0,0,0.35,0,0,20,0.25,0,0,0,0,20,0,0.01,0,0,0,0,20,0,0.01,0,0,0,0,0,0.01,20,0,0,0,0,0,0,0,0.01,77,0,0,0,0,0,0.01,87,0,0,0,0,0,0,0,0,0,0,0,0,0,0,0,0,0,1,1,1230,1,0,0,0,0,0,0,0,0,0,0,0,0,0,0,0,0,0,0,0,0.25,0.01,0,0,0,0.01,0,0,0,0,0,0,0,0,0.01,20,0,0,0.01,0,0,77,0,0.01,0,0,87,0,0,0,0,0,0,0,0,0,0,0,0,0,0,0,0,0,0,0,0,0,0,0.01,0.01,0.01,0.01,0,0,77,87,1,1,0,0,0,0,0,0,0,0,0,0,0,0,0,0,0,0,0,0,0,0,0,0,0,0,0,0,0,0,0,0,0
1235,293.15,35,0,293.15,24.5,6.125,293.15,0.5,0,293.15,0.55,0,293.15,0.6,0,350.15,0.5,0,360.15,0.5,0,0,0,-0,0,0,0,0,0,0,0,0,0,0,0,0,0,0,-0,0,0,0,0,0.5,0,0,20,0,0,0,0.35,0,0,20,0.25,0,0,0,0,20,0,0.01,0,0,0,0,20,0,0.01,0,0,0,0,0,0.01,20,0,0,0,0,0,0,0,0.01,77,0,0,0,0,0,0.01,87,0,0,0,0,0,0,0,0,0,0,0,0,0,0,0,0,0,1,1,1235,1,0,0,0,0,0,0,0,0,0,0,0,0,0,0,0,0,0,0,0,0.25,0.01,0,0,0,0.01,0,0,0,0,0,0,0,0,0.01,20,0,0,0.01,0,0,77,0,0.01,0,0,87,0,0,0,0,0,0,0,0,0,0,0,0,0,0,0,0,0,0,0,0,0,0,0.01,0.01,0.01,0.01,0,0,77,87,1,1,0,0,0,0,0,0,0,0,0,0,0,0,0,0,0,0,0,0,0,0,0,0,0,0,0,0,0,0,0,0,0
1240,293.15,35,0,293.15,24.5,6.125,293.15,0.5,0,293.15,0.55,0,293.15,0.6,0,350.15,0.5,0,360.15,0.5,0,0,0,-0,0,0,0,0,0,0,0,0,0,0,0,0,0,0,-0,0,0,0,0,0.5,0,0,20,0,0,0,0.35,0,0,20,0.25,0,0,0,0,20,0,0.01,0,0,0,0,20,0,0.01,0,0,0,0,0,0.01,20,0,0,0,0,0,0,0,0.01,77,0,0,0,0,0,0.01,87,0,0,0,0,0,0,0,0,0,0,0,0,0,0,0,0,0,1,1,1240,1,0,0,0,0,0,0,0,0,0,0,0,0,0,0,0,0,0,0,0,0.25,0.01,0,0,0,0.01,0,0,0,0,0,0,0,0,0.01,20,0,0,0.01,0,0,77,0,0.01,0,0,87,0,0,0,0,0,0,0,0,0,0,0,0,0,0,0,0,0,0,0,0,0,0,0.01,0.01,0.01,0.01,0,0,77,87,1,1,0,0,0,0,0,0,0,0,0,0,0,0,0,0,0,0,0,0,0,0,0,0,0,0,0,0,0,0,0,0,0
1245,293.15,35,0,293.15,24.5,6.125,293.15,0.5,0,293.15,0.55,0,293.15,0.6,0,350.15,0.5,0,360.15,0.5,0,0,0,-0,0,0,0,0,0,0,0,0,0,0,0,0,0,0,-0,0,0,0,0,0.5,0,0,20,0,0,0,0.35,0,0,20,0.25,0,0,0,0,20,0,0.01,0,0,0,0,20,0,0.01,0,0,0,0,0,0.01,20,0,0,0,0,0,0,0,0.01,77,0,0,0,0,0,0.01,87,0,0,0,0,0,0,0,0,0,0,0,0,0,0,0,0,0,1,1,1245,1,0,0,0,0,0,0,0,0,0,0,0,0,0,0,0,0,0,0,0,0.25,0.01,0,0,0,0.01,0,0,0,0,0,0,0,0,0.01,20,0,0,0.01,0,0,77,0,0.01,0,0,87,0,0,0,0,0,0,0,0,0,0,0,0,0,0,0,0,0,0,0,0,0,0,0.01,0.01,0.01,0.01,0,0,77,87,1,1,0,0,0,0,0,0,0,0,0,0,0,0,0,0,0,0,0,0,0,0,0,0,0,0,0,0,0,0,0,0,0
1250,293.15,35,0,293.15,24.5,6.125,293.15,0.5,0,293.15,0.55,0,293.15,0.6,0,350.15,0.5,0,360.15,0.5,0,0,0,-0,0,0,0,0,0,0,0,0,0,0,0,0,0,0,-0,0,0,0,0,0.5,0,0,20,0,0,0,0.35,0,0,20,0.25,0,0,0,0,20,0,0.01,0,0,0,0,20,0,0.01,0,0,0,0,0,0.01,20,0,0,0,0,0,0,0,0.01,77,0,0,0,0,0,0.01,87,0,0,0,0,0,0,0,0,0,0,0,0,0,0,0,0,0,1,1,1250,1,0,0,0,0,0,0,0,0,0,0,0,0,0,0,0,0,0,0,0,0.25,0.01,0,0,0,0.01,0,0,0,0,0,0,0,0,0.01,20,0,0,0.01,0,0,77,0,0.01,0,0,87,0,0,0,0,0,0,0,0,0,0,0,0,0,0,0,0,0,0,0,0,0,0,0.01,0.01,0.01,0.01,0,0,77,87,1,1,0,0,0,0,0,0,0,0,0,0,0,0,0,0,0,0,0,0,0,0,0,0,0,0,0,0,0,0,0,0,0
1255,293.15,35,0,293.15,24.5,6.125,293.15,0.5,0,293.15,0.55,0,293.15,0.6,0,350.15,0.5,0,360.15,0.5,0,0,0,-0,0,0,0,0,0,0,0,0,0,0,0,0,0,0,-0,0,0,0,0,0.5,0,0,20,0,0,0,0.35,0,0,20,0.25,0,0,0,0,20,0,0.01,0,0,0,0,20,0,0.01,0,0,0,0,0,0.01,20,0,0,0,0,0,0,0,0.01,77,0,0,0,0,0,0.01,87,0,0,0,0,0,0,0,0,0,0,0,0,0,0,0,0,0,1,1,1255,1,0,0,0,0,0,0,0,0,0,0,0,0,0,0,0,0,0,0,0,0.25,0.01,0,0,0,0.01,0,0,0,0,0,0,0,0,0.01,20,0,0,0.01,0,0,77,0,0.01,0,0,87,0,0,0,0,0,0,0,0,0,0,0,0,0,0,0,0,0,0,0,0,0,0,0.01,0.01,0.01,0.01,0,0,77,87,1,1,0,0,0,0,0,0,0,0,0,0,0,0,0,0,0,0,0,0,0,0,0,0,0,0,0,0,0,0,0,0,0
1260,293.15,35,0,293.15,24.5,6.125,293.15,0.5,0,293.15,0.55,0,293.15,0.6,0,350.15,0.5,0,360.15,0.5,0,0,0,-0,0,0,0,0,0,0,0,0,0,0,0,0,0,0,-0,0,0,0,0,0.5,0,0,20,0,0,0,0.35,0,0,20,0.25,0,0,0,0,20,0,0.01,0,0,0,0,20,0,0.01,0,0,0,0,0,0.01,20,0,0,0,0,0,0,0,0.01,77,0,0,0,0,0,0.01,87,0,0,0,0,0,0,0,0,0,0,0,0,0,0,0,0,0,1,1,1260,1,0,0,0,0,0,0,0,0,0,0,0,0,0,0,0,0,0,0,0,0.25,0.01,0,0,0,0.01,0,0,0,0,0,0,0,0,0.01,20,0,0,0.01,0,0,77,0,0.01,0,0,87,0,0,0,0,0,0,0,0,0,0,0,0,0,0,0,0,0,0,0,0,0,0,0.01,0.01,0.01,0.01,0,0,77,87,1,1,0,0,0,0,0,0,0,0,0,0,0,0,0,0,0,0,0,0,0,0,0,0,0,0,0,0,0,0,0,0,0
1265,293.15,35,0,293.15,24.5,6.125,293.15,0.5,0,293.15,0.55,0,293.15,0.6,0,350.15,0.5,0,360.15,0.5,0,0,0,-0,0,0,0,0,0,0,0,0,0,0,0,0,0,0,-0,0,0,0,0,0.5,0,0,20,0,0,0,0.35,0,0,20,0.25,0,0,0,0,20,0,0.01,0,0,0,0,20,0,0.01,0,0,0,0,0,0.01,20,0,0,0,0,0,0,0,0.01,77,0,0,0,0,0,0.01,87,0,0,0,0,0,0,0,0,0,0,0,0,0,0,0,0,0,1,1,1265,1,0,0,0,0,0,0,0,0,0,0,0,0,0,0,0,0,0,0,0,0.25,0.01,0,0,0,0.01,0,0,0,0,0,0,0,0,0.01,20,0,0,0.01,0,0,77,0,0.01,0,0,87,0,0,0,0,0,0,0,0,0,0,0,0,0,0,0,0,0,0,0,0,0,0,0.01,0.01,0.01,0.01,0,0,77,87,1,1,0,0,0,0,0,0,0,0,0,0,0,0,0,0,0,0,0,0,0,0,0,0,0,0,0,0,0,0,0,0,0
1270,293.15,35,0,293.15,24.5,6.125,293.15,0.5,0,293.15,0.55,0,293.15,0.6,0,350.15,0.5,0,360.15,0.5,0,0,0,-0,0,0,0,0,0,0,0,0,0,0,0,0,0,0,-0,0,0,0,0,0.5,0,0,20,0,0,0,0.35,0,0,20,0.25,0,0,0,0,20,0,0.01,0,0,0,0,20,0,0.01,0,0,0,0,0,0.01,20,0,0,0,0,0,0,0,0.01,77,0,0,0,0,0,0.01,87,0,0,0,0,0,0,0,0,0,0,0,0,0,0,0,0,0,1,1,1270,1,0,0,0,0,0,0,0,0,0,0,0,0,0,0,0,0,0,0,0,0.25,0.01,0,0,0,0.01,0,0,0,0,0,0,0,0,0.01,20,0,0,0.01,0,0,77,0,0.01,0,0,87,0,0,0,0,0,0,0,0,0,0,0,0,0,0,0,0,0,0,0,0,0,0,0.01,0.01,0.01,0.01,0,0,77,87,1,1,0,0,0,0,0,0,0,0,0,0,0,0,0,0,0,0,0,0,0,0,0,0,0,0,0,0,0,0,0,0,0
1275,293.15,35,0,293.15,24.5,6.125,293.15,0.5,0,293.15,0.55,0,293.15,0.6,0,350.15,0.5,0,360.15,0.5,0,0,0,-0,0,0,0,0,0,0,0,0,0,0,0,0,0,0,-0,0,0,0,0,0.5,0,0,20,0,0,0,0.35,0,0,20,0.25,0,0,0,0,20,0,0.01,0,0,0,0,20,0,0.01,0,0,0,0,0,0.01,20,0,0,0,0,0,0,0,0.01,77,0,0,0,0,0,0.01,87,0,0,0,0,0,0,0,0,0,0,0,0,0,0,0,0,0,1,1,1275,1,0,0,0,0,0,0,0,0,0,0,0,0,0,0,0,0,0,0,0,0.25,0.01,0,0,0,0.01,0,0,0,0,0,0,0,0,0.01,20,0,0,0.01,0,0,77,0,0.01,0,0,87,0,0,0,0,0,0,0,0,0,0,0,0,0,0,0,0,0,0,0,0,0,0,0.01,0.01,0.01,0.01,0,0,77,87,1,1,0,0,0,0,0,0,0,0,0,0,0,0,0,0,0,0,0,0,0,0,0,0,0,0,0,0,0,0,0,0,0
1280,293.15,35,0,293.15,24.5,6.125,293.15,0.5,0,293.15,0.55,0,293.15,0.6,0,350.15,0.5,0,360.15,0.5,0,0,0,-0,0,0,0,0,0,0,0,0,0,0,0,0,0,0,-0,0,0,0,0,0.5,0,0,20,0,0,0,0.35,0,0,20,0.25,0,0,0,0,20,0,0.01,0,0,0,0,20,0,0.01,0,0,0,0,0,0.01,20,0,0,0,0,0,0,0,0.01,77,0,0,0,0,0,0.01,87,0,0,0,0,0,0,0,0,0,0,0,0,0,0,0,0,0,1,1,1280,1,0,0,0,0,0,0,0,0,0,0,0,0,0,0,0,0,0,0,0,0.25,0.01,0,0,0,0.01,0,0,0,0,0,0,0,0,0.01,20,0,0,0.01,0,0,77,0,0.01,0,0,87,0,0,0,0,0,0,0,0,0,0,0,0,0,0,0,0,0,0,0,0,0,0,0.01,0.01,0.01,0.01,0,0,77,87,1,1,0,0,0,0,0,0,0,0,0,0,0,0,0,0,0,0,0,0,0,0,0,0,0,0,0,0,0,0,0,0,0
1285,293.15,35,0,293.15,24.5,6.125,293.15,0.5,0,293.15,0.55,0,293.15,0.6,0,350.15,0.5,0,360.15,0.5,0,0,0,-0,0,0,0,0,0,0,0,0,0,0,0,0,0,0,-0,0,0,0,0,0.5,0,0,20,0,0,0,0.35,0,0,20,0.25,0,0,0,0,20,0,0.01,0,0,0,0,20,0,0.01,0,0,0,0,0,0.01,20,0,0,0,0,0,0,0,0.01,77,0,0,0,0,0,0.01,87,0,0,0,0,0,0,0,0,0,0,0,0,0,0,0,0,0,1,1,1285,1,0,0,0,0,0,0,0,0,0,0,0,0,0,0,0,0,0,0,0,0.25,0.01,0,0,0,0.01,0,0,0,0,0,0,0,0,0.01,20,0,0,0.01,0,0,77,0,0.01,0,0,87,0,0,0,0,0,0,0,0,0,0,0,0,0,0,0,0,0,0,0,0,0,0,0.01,0.01,0.01,0.01,0,0,77,87,1,1,0,0,0,0,0,0,0,0,0,0,0,0,0,0,0,0,0,0,0,0,0,0,0,0,0,0,0,0,0,0,0
1290,293.15,35,0,293.15,24.5,6.125,293.15,0.5,0,293.15,0.55,0,293.15,0.6,0,350.15,0.5,0,360.15,0.5,0,0,0,-0,0,0,0,0,0,0,0,0,0,0,0,0,0,0,-0,0,0,0,0,0.5,0,0,20,0,0,0,0.35,0,0,20,0.25,0,0,0,0,20,0,0.01,0,0,0,0,20,0,0.01,0,0,0,0,0,0.01,20,0,0,0,0,0,0,0,0.01,77,0,0,0,0,0,0.01,87,0,0,0,0,0,0,0,0,0,0,0,0,0,0,0,0,0,1,1,1290,1,0,0,0,0,0,0,0,0,0,0,0,0,0,0,0,0,0,0,0,0.25,0.01,0,0,0,0.01,0,0,0,0,0,0,0,0,0.01,20,0,0,0.01,0,0,77,0,0.01,0,0,87,0,0,0,0,0,0,0,0,0,0,0,0,0,0,0,0,0,0,0,0,0,0,0.01,0.01,0.01,0.01,0,0,77,87,1,1,0,0,0,0,0,0,0,0,0,0,0,0,0,0,0,0,0,0,0,0,0,0,0,0,0,0,0,0,0,0,0
1295,293.15,35,0,293.15,24.5,6.125,293.15,0.5,0,293.15,0.55,0,293.15,0.6,0,350.15,0.5,0,360.15,0.5,0,0,0,-0,0,0,0,0,0,0,0,0,0,0,0,0,0,0,-0,0,0,0,0,0.5,0,0,20,0,0,0,0.35,0,0,20,0.25,0,0,0,0,20,0,0.01,0,0,0,0,20,0,0.01,0,0,0,0,0,0.01,20,0,0,0,0,0,0,0,0.01,77,0,0,0,0,0,0.01,87,0,0,0,0,0,0,0,0,0,0,0,0,0,0,0,0,0,1,1,1295,1,0,0,0,0,0,0,0,0,0,0,0,0,0,0,0,0,0,0,0,0.25,0.01,0,0,0,0.01,0,0,0,0,0,0,0,0,0.01,20,0,0,0.01,0,0,77,0,0.01,0,0,87,0,0,0,0,0,0,0,0,0,0,0,0,0,0,0,0,0,0,0,0,0,0,0.01,0.01,0.01,0.01,0,0,77,87,1,1,0,0,0,0,0,0,0,0,0,0,0,0,0,0,0,0,0,0,0,0,0,0,0,0,0,0,0,0,0,0,0
1300,293.15,35,0,293.15,24.5,6.125,293.15,0.5,0,293.15,0.55,0,293.15,0.6,0,350.15,0.5,0,360.15,0.5,0,0,0,-0,0,0,0,0,0,0,0,0,0,0,0,0,0,0,-0,0,0,0,0,0.5,0,0,20,0,0,0,0.35,0,0,20,0.25,0,0,0,0,20,0,0.01,0,0,0,0,20,0,0.01,0,0,0,0,0,0.01,20,0,0,0,0,0,0,0,0.01,77,0,0,0,0,0,0.01,87,0,0,0,0,0,0,0,0,0,0,0,0,0,0,0,0,0,1,1,1300,1,0,0,0,0,0,0,0,0,0,0,0,0,0,0,0,0,0,0,0,0.25,0.01,0,0,0,0.01,0,0,0,0,0,0,0,0,0.01,20,0,0,0.01,0,0,77,0,0.01,0,0,87,0,0,0,0,0,0,0,0,0,0,0,0,0,0,0,0,0,0,0,0,0,0,0.01,0.01,0.01,0.01,0,0,77,87,1,1,0,0,0,0,0,0,0,0,0,0,0,0,0,0,0,0,0,0,0,0,0,0,0,0,0,0,0,0,0,0,0
1305,293.15,35,0,293.15,24.5,6.125,293.15,0.5,0,293.15,0.55,0,293.15,0.6,0,350.15,0.5,0,360.15,0.5,0,0,0,-0,0,0,0,0,0,0,0,0,0,0,0,0,0,0,-0,0,0,0,0,0.5,0,0,20,0,0,0,0.35,0,0,20,0.25,0,0,0,0,20,0,0.01,0,0,0,0,20,0,0.01,0,0,0,0,0,0.01,20,0,0,0,0,0,0,0,0.01,77,0,0,0,0,0,0.01,87,0,0,0,0,0,0,0,0,0,0,0,0,0,0,0,0,0,1,1,1305,1,0,0,0,0,0,0,0,0,0,0,0,0,0,0,0,0,0,0,0,0.25,0.01,0,0,0,0.01,0,0,0,0,0,0,0,0,0.01,20,0,0,0.01,0,0,77,0,0.01,0,0,87,0,0,0,0,0,0,0,0,0,0,0,0,0,0,0,0,0,0,0,0,0,0,0.01,0.01,0.01,0.01,0,0,77,87,1,1,0,0,0,0,0,0,0,0,0,0,0,0,0,0,0,0,0,0,0,0,0,0,0,0,0,0,0,0,0,0,0
1310,293.15,35,0,293.15,24.5,6.125,293.15,0.5,0,293.15,0.55,0,293.15,0.6,0,350.15,0.5,0,360.15,0.5,0,0,0,-0,0,0,0,0,0,0,0,0,0,0,0,0,0,0,-0,0,0,0,0,0.5,0,0,20,0,0,0,0.35,0,0,20,0.25,0,0,0,0,20,0,0.01,0,0,0,0,20,0,0.01,0,0,0,0,0,0.01,20,0,0,0,0,0,0,0,0.01,77,0,0,0,0,0,0.01,87,0,0,0,0,0,0,0,0,0,0,0,0,0,0,0,0,0,1,1,1310,1,0,0,0,0,0,0,0,0,0,0,0,0,0,0,0,0,0,0,0,0.25,0.01,0,0,0,0.01,0,0,0,0,0,0,0,0,0.01,20,0,0,0.01,0,0,77,0,0.01,0,0,87,0,0,0,0,0,0,0,0,0,0,0,0,0,0,0,0,0,0,0,0,0,0,0.01,0.01,0.01,0.01,0,0,77,87,1,1,0,0,0,0,0,0,0,0,0,0,0,0,0,0,0,0,0,0,0,0,0,0,0,0,0,0,0,0,0,0,0
1315,293.15,35,0,293.15,24.5,6.125,293.15,0.5,0,293.15,0.55,0,293.15,0.6,0,350.15,0.5,0,360.15,0.5,0,0,0,-0,0,0,0,0,0,0,0,0,0,0,0,0,0,0,-0,0,0,0,0,0.5,0,0,20,0,0,0,0.35,0,0,20,0.25,0,0,0,0,20,0,0.01,0,0,0,0,20,0,0.01,0,0,0,0,0,0.01,20,0,0,0,0,0,0,0,0.01,77,0,0,0,0,0,0.01,87,0,0,0,0,0,0,0,0,0,0,0,0,0,0,0,0,0,1,1,1315,1,0,0,0,0,0,0,0,0,0,0,0,0,0,0,0,0,0,0,0,0.25,0.01,0,0,0,0.01,0,0,0,0,0,0,0,0,0.01,20,0,0,0.01,0,0,77,0,0.01,0,0,87,0,0,0,0,0,0,0,0,0,0,0,0,0,0,0,0,0,0,0,0,0,0,0.01,0.01,0.01,0.01,0,0,77,87,1,1,0,0,0,0,0,0,0,0,0,0,0,0,0,0,0,0,0,0,0,0,0,0,0,0,0,0,0,0,0,0,0
1320,293.15,35,0,293.15,24.5,6.125,293.15,0.5,0,293.15,0.55,0,293.15,0.6,0,350.15,0.5,0,360.15,0.5,0,0,0,-0,0,0,0,0,0,0,0,0,0,0,0,0,0,0,-0,0,0,0,0,0.5,0,0,20,0,0,0,0.35,0,0,20,0.25,0,0,0,0,20,0,0.01,0,0,0,0,20,0,0.01,0,0,0,0,0,0.01,20,0,0,0,0,0,0,0,0.01,77,0,0,0,0,0,0.01,87,0,0,0,0,0,0,0,0,0,0,0,0,0,0,0,0,0,1,1,1320,1,0,0,0,0,0,0,0,0,0,0,0,0,0,0,0,0,0,0,0,0.25,0.01,0,0,0,0.01,0,0,0,0,0,0,0,0,0.01,20,0,0,0.01,0,0,77,0,0.01,0,0,87,0,0,0,0,0,0,0,0,0,0,0,0,0,0,0,0,0,0,0,0,0,0,0.01,0.01,0.01,0.01,0,0,77,87,1,1,0,0,0,0,0,0,0,0,0,0,0,0,0,0,0,0,0,0,0,0,0,0,0,0,0,0,0,0,0,0,0
1325,293.15,35,0,293.15,24.5,6.125,293.15,0.5,0,293.15,0.55,0,293.15,0.6,0,350.15,0.5,0,360.15,0.5,0,0,0,-0,0,0,0,0,0,0,0,0,0,0,0,0,0,0,-0,0,0,0,0,0.5,0,0,20,0,0,0,0.35,0,0,20,0.25,0,0,0,0,20,0,0.01,0,0,0,0,20,0,0.01,0,0,0,0,0,0.01,20,0,0,0,0,0,0,0,0.01,77,0,0,0,0,0,0.01,87,0,0,0,0,0,0,0,0,0,0,0,0,0,0,0,0,0,1,1,1325,1,0,0,0,0,0,0,0,0,0,0,0,0,0,0,0,0,0,0,0,0.25,0.01,0,0,0,0.01,0,0,0,0,0,0,0,0,0.01,20,0,0,0.01,0,0,77,0,0.01,0,0,87,0,0,0,0,0,0,0,0,0,0,0,0,0,0,0,0,0,0,0,0,0,0,0.01,0.01,0.01,0.01,0,0,77,87,1,1,0,0,0,0,0,0,0,0,0,0,0,0,0,0,0,0,0,0,0,0,0,0,0,0,0,0,0,0,0,0,0
1330,293.15,35,0,293.15,24.5,6.125,293.15,0.5,0,293.15,0.55,0,293.15,0.6,0,350.15,0.5,0,360.15,0.5,0,0,0,-0,0,0,0,0,0,0,0,0,0,0,0,0,0,0,-0,0,0,0,0,0.5,0,0,20,0,0,0,0.35,0,0,20,0.25,0,0,0,0,20,0,0.01,0,0,0,0,20,0,0.01,0,0,0,0,0,0.01,20,0,0,0,0,0,0,0,0.01,77,0,0,0,0,0,0.01,87,0,0,0,0,0,0,0,0,0,0,0,0,0,0,0,0,0,1,1,1330,1,0,0,0,0,0,0,0,0,0,0,0,0,0,0,0,0,0,0,0,0.25,0.01,0,0,0,0.01,0,0,0,0,0,0,0,0,0.01,20,0,0,0.01,0,0,77,0,0.01,0,0,87,0,0,0,0,0,0,0,0,0,0,0,0,0,0,0,0,0,0,0,0,0,0,0.01,0.01,0.01,0.01,0,0,77,87,1,1,0,0,0,0,0,0,0,0,0,0,0,0,0,0,0,0,0,0,0,0,0,0,0,0,0,0,0,0,0,0,0
1335,293.15,35,0,293.15,24.5,6.125,293.15,0.5,0,293.15,0.55,0,293.15,0.6,0,350.15,0.5,0,360.15,0.5,0,0,0,-0,0,0,0,0,0,0,0,0,0,0,0,0,0,0,-0,0,0,0,0,0.5,0,0,20,0,0,0,0.35,0,0,20,0.25,0,0,0,0,20,0,0.01,0,0,0,0,20,0,0.01,0,0,0,0,0,0.01,20,0,0,0,0,0,0,0,0.01,77,0,0,0,0,0,0.01,87,0,0,0,0,0,0,0,0,0,0,0,0,0,0,0,0,0,1,1,1335,1,0,0,0,0,0,0,0,0,0,0,0,0,0,0,0,0,0,0,0,0.25,0.01,0,0,0,0.01,0,0,0,0,0,0,0,0,0.01,20,0,0,0.01,0,0,77,0,0.01,0,0,87,0,0,0,0,0,0,0,0,0,0,0,0,0,0,0,0,0,0,0,0,0,0,0.01,0.01,0.01,0.01,0,0,77,87,1,1,0,0,0,0,0,0,0,0,0,0,0,0,0,0,0,0,0,0,0,0,0,0,0,0,0,0,0,0,0,0,0
1340,293.15,35,0,293.15,24.5,6.125,293.15,0.5,0,293.15,0.55,0,293.15,0.6,0,350.15,0.5,0,360.15,0.5,0,0,0,-0,0,0,0,0,0,0,0,0,0,0,0,0,0,0,-0,0,0,0,0,0.5,0,0,20,0,0,0,0.35,0,0,20,0.25,0,0,0,0,20,0,0.01,0,0,0,0,20,0,0.01,0,0,0,0,0,0.01,20,0,0,0,0,0,0,0,0.01,77,0,0,0,0,0,0.01,87,0,0,0,0,0,0,0,0,0,0,0,0,0,0,0,0,0,1,1,1340,1,0,0,0,0,0,0,0,0,0,0,0,0,0,0,0,0,0,0,0,0.25,0.01,0,0,0,0.01,0,0,0,0,0,0,0,0,0.01,20,0,0,0.01,0,0,77,0,0.01,0,0,87,0,0,0,0,0,0,0,0,0,0,0,0,0,0,0,0,0,0,0,0,0,0,0.01,0.01,0.01,0.01,0,0,77,87,1,1,0,0,0,0,0,0,0,0,0,0,0,0,0,0,0,0,0,0,0,0,0,0,0,0,0,0,0,0,0,0,0
1345,293.15,35,0,293.15,24.5,6.125,293.15,0.5,0,293.15,0.55,0,293.15,0.6,0,350.15,0.5,0,360.15,0.5,0,0,0,-0,0,0,0,0,0,0,0,0,0,0,0,0,0,0,-0,0,0,0,0,0.5,0,0,20,0,0,0,0.35,0,0,20,0.25,0,0,0,0,20,0,0.01,0,0,0,0,20,0,0.01,0,0,0,0,0,0.01,20,0,0,0,0,0,0,0,0.01,77,0,0,0,0,0,0.01,87,0,0,0,0,0,0,0,0,0,0,0,0,0,0,0,0,0,1,1,1345,1,0,0,0,0,0,0,0,0,0,0,0,0,0,0,0,0,0,0,0,0.25,0.01,0,0,0,0.01,0,0,0,0,0,0,0,0,0.01,20,0,0,0.01,0,0,77,0,0.01,0,0,87,0,0,0,0,0,0,0,0,0,0,0,0,0,0,0,0,0,0,0,0,0,0,0.01,0.01,0.01,0.01,0,0,77,87,1,1,0,0,0,0,0,0,0,0,0,0,0,0,0,0,0,0,0,0,0,0,0,0,0,0,0,0,0,0,0,0,0
1350,293.15,35,0,293.15,24.5,6.125,293.15,0.5,0,293.15,0.55,0,293.15,0.6,0,350.15,0.5,0,360.15,0.5,0,0,0,-0,0,0,0,0,0,0,0,0,0,0,0,0,0,0,-0,0,0,0,0,0.5,0,0,20,0,0,0,0.35,0,0,20,0.25,0,0,0,0,20,0,0.01,0,0,0,0,20,0,0.01,0,0,0,0,0,0.01,20,0,0,0,0,0,0,0,0.01,77,0,0,0,0,0,0.01,87,0,0,0,0,0,0,0,0,0,0,0,0,0,0,0,0,0,1,1,1350,1,0,0,0,0,0,0,0,0,0,0,0,0,0,0,0,0,0,0,0,0.25,0.01,0,0,0,0.01,0,0,0,0,0,0,0,0,0.01,20,0,0,0.01,0,0,77,0,0.01,0,0,87,0,0,0,0,0,0,0,0,0,0,0,0,0,0,0,0,0,0,0,0,0,0,0.01,0.01,0.01,0.01,0,0,77,87,1,1,0,0,0,0,0,0,0,0,0,0,0,0,0,0,0,0,0,0,0,0,0,0,0,0,0,0,0,0,0,0,0
1355,293.15,35,0,293.15,24.5,6.125,293.15,0.5,0,293.15,0.55,0,293.15,0.6,0,350.15,0.5,0,360.15,0.5,0,0,0,-0,0,0,0,0,0,0,0,0,0,0,0,0,0,0,-0,0,0,0,0,0.5,0,0,20,0,0,0,0.35,0,0,20,0.25,0,0,0,0,20,0,0.01,0,0,0,0,20,0,0.01,0,0,0,0,0,0.01,20,0,0,0,0,0,0,0,0.01,77,0,0,0,0,0,0.01,87,0,0,0,0,0,0,0,0,0,0,0,0,0,0,0,0,0,1,1,1355,1,0,0,0,0,0,0,0,0,0,0,0,0,0,0,0,0,0,0,0,0.25,0.01,0,0,0,0.01,0,0,0,0,0,0,0,0,0.01,20,0,0,0.01,0,0,77,0,0.01,0,0,87,0,0,0,0,0,0,0,0,0,0,0,0,0,0,0,0,0,0,0,0,0,0,0.01,0.01,0.01,0.01,0,0,77,87,1,1,0,0,0,0,0,0,0,0,0,0,0,0,0,0,0,0,0,0,0,0,0,0,0,0,0,0,0,0,0,0,0
1360,293.15,35,0,293.15,24.5,6.125,293.15,0.5,0,293.15,0.55,0,293.15,0.6,0,350.15,0.5,0,360.15,0.5,0,0,0,-0,0,0,0,0,0,0,0,0,0,0,0,0,0,0,-0,0,0,0,0,0.5,0,0,20,0,0,0,0.35,0,0,20,0.25,0,0,0,0,20,0,0.01,0,0,0,0,20,0,0.01,0,0,0,0,0,0.01,20,0,0,0,0,0,0,0,0.01,77,0,0,0,0,0,0.01,87,0,0,0,0,0,0,0,0,0,0,0,0,0,0,0,0,0,1,1,1360,1,0,0,0,0,0,0,0,0,0,0,0,0,0,0,0,0,0,0,0,0.25,0.01,0,0,0,0.01,0,0,0,0,0,0,0,0,0.01,20,0,0,0.01,0,0,77,0,0.01,0,0,87,0,0,0,0,0,0,0,0,0,0,0,0,0,0,0,0,0,0,0,0,0,0,0.01,0.01,0.01,0.01,0,0,77,87,1,1,0,0,0,0,0,0,0,0,0,0,0,0,0,0,0,0,0,0,0,0,0,0,0,0,0,0,0,0,0,0,0
1365,293.15,35,0,293.15,24.5,6.125,293.15,0.5,0,293.15,0.55,0,293.15,0.6,0,350.15,0.5,0,360.15,0.5,0,0,0,-0,0,0,0,0,0,0,0,0,0,0,0,0,0,0,-0,0,0,0,0,0.5,0,0,20,0,0,0,0.35,0,0,20,0.25,0,0,0,0,20,0,0.01,0,0,0,0,20,0,0.01,0,0,0,0,0,0.01,20,0,0,0,0,0,0,0,0.01,77,0,0,0,0,0,0.01,87,0,0,0,0,0,0,0,0,0,0,0,0,0,0,0,0,0,1,1,1365,1,0,0,0,0,0,0,0,0,0,0,0,0,0,0,0,0,0,0,0,0.25,0.01,0,0,0,0.01,0,0,0,0,0,0,0,0,0.01,20,0,0,0.01,0,0,77,0,0.01,0,0,87,0,0,0,0,0,0,0,0,0,0,0,0,0,0,0,0,0,0,0,0,0,0,0.01,0.01,0.01,0.01,0,0,77,87,1,1,0,0,0,0,0,0,0,0,0,0,0,0,0,0,0,0,0,0,0,0,0,0,0,0,0,0,0,0,0,0,0
1370,293.15,35,0,293.15,24.5,6.125,293.15,0.5,0,293.15,0.55,0,293.15,0.6,0,350.15,0.5,0,360.15,0.5,0,0,0,-0,0,0,0,0,0,0,0,0,0,0,0,0,0,0,-0,0,0,0,0,0.5,0,0,20,0,0,0,0.35,0,0,20,0.25,0,0,0,0,20,0,0.01,0,0,0,0,20,0,0.01,0,0,0,0,0,0.01,20,0,0,0,0,0,0,0,0.01,77,0,0,0,0,0,0.01,87,0,0,0,0,0,0,0,0,0,0,0,0,0,0,0,0,0,1,1,1370,1,0,0,0,0,0,0,0,0,0,0,0,0,0,0,0,0,0,0,0,0.25,0.01,0,0,0,0.01,0,0,0,0,0,0,0,0,0.01,20,0,0,0.01,0,0,77,0,0.01,0,0,87,0,0,0,0,0,0,0,0,0,0,0,0,0,0,0,0,0,0,0,0,0,0,0.01,0.01,0.01,0.01,0,0,77,87,1,1,0,0,0,0,0,0,0,0,0,0,0,0,0,0,0,0,0,0,0,0,0,0,0,0,0,0,0,0,0,0,0
1375,293.15,35,0,293.15,24.5,6.125,293.15,0.5,0,293.15,0.55,0,293.15,0.6,0,350.15,0.5,0,360.15,0.5,0,0,0,-0,0,0,0,0,0,0,0,0,0,0,0,0,0,0,-0,0,0,0,0,0.5,0,0,20,0,0,0,0.35,0,0,20,0.25,0,0,0,0,20,0,0.01,0,0,0,0,20,0,0.01,0,0,0,0,0,0.01,20,0,0,0,0,0,0,0,0.01,77,0,0,0,0,0,0.01,87,0,0,0,0,0,0,0,0,0,0,0,0,0,0,0,0,0,1,1,1375,1,0,0,0,0,0,0,0,0,0,0,0,0,0,0,0,0,0,0,0,0.25,0.01,0,0,0,0.01,0,0,0,0,0,0,0,0,0.01,20,0,0,0.01,0,0,77,0,0.01,0,0,87,0,0,0,0,0,0,0,0,0,0,0,0,0,0,0,0,0,0,0,0,0,0,0.01,0.01,0.01,0.01,0,0,77,87,1,1,0,0,0,0,0,0,0,0,0,0,0,0,0,0,0,0,0,0,0,0,0,0,0,0,0,0,0,0,0,0,0
1380,293.15,35,0,293.15,24.5,6.125,293.15,0.5,0,293.15,0.55,0,293.15,0.6,0,350.15,0.5,0,360.15,0.5,0,0,0,-0,0,0,0,0,0,0,0,0,0,0,0,0,0,0,-0,0,0,0,0,0.5,0,0,20,0,0,0,0.35,0,0,20,0.25,0,0,0,0,20,0,0.01,0,0,0,0,20,0,0.01,0,0,0,0,0,0.01,20,0,0,0,0,0,0,0,0.01,77,0,0,0,0,0,0.01,87,0,0,0,0,0,0,0,0,0,0,0,0,0,0,0,0,0,1,1,1380,1,0,0,0,0,0,0,0,0,0,0,0,0,0,0,0,0,0,0,0,0.25,0.01,0,0,0,0.01,0,0,0,0,0,0,0,0,0.01,20,0,0,0.01,0,0,77,0,0.01,0,0,87,0,0,0,0,0,0,0,0,0,0,0,0,0,0,0,0,0,0,0,0,0,0,0.01,0.01,0.01,0.01,0,0,77,87,1,1,0,0,0,0,0,0,0,0,0,0,0,0,0,0,0,0,0,0,0,0,0,0,0,0,0,0,0,0,0,0,0
1385,293.15,35,0,293.15,24.5,6.125,293.15,0.5,0,293.15,0.55,0,293.15,0.6,0,350.15,0.5,0,360.15,0.5,0,0,0,-0,0,0,0,0,0,0,0,0,0,0,0,0,0,0,-0,0,0,0,0,0.5,0,0,20,0,0,0,0.35,0,0,20,0.25,0,0,0,0,20,0,0.01,0,0,0,0,20,0,0.01,0,0,0,0,0,0.01,20,0,0,0,0,0,0,0,0.01,77,0,0,0,0,0,0.01,87,0,0,0,0,0,0,0,0,0,0,0,0,0,0,0,0,0,1,1,1385,1,0,0,0,0,0,0,0,0,0,0,0,0,0,0,0,0,0,0,0,0.25,0.01,0,0,0,0.01,0,0,0,0,0,0,0,0,0.01,20,0,0,0.01,0,0,77,0,0.01,0,0,87,0,0,0,0,0,0,0,0,0,0,0,0,0,0,0,0,0,0,0,0,0,0,0.01,0.01,0.01,0.01,0,0,77,87,1,1,0,0,0,0,0,0,0,0,0,0,0,0,0,0,0,0,0,0,0,0,0,0,0,0,0,0,0,0,0,0,0
1390,293.15,35,0,293.15,24.5,6.125,293.15,0.5,0,293.15,0.55,0,293.15,0.6,0,350.15,0.5,0,360.15,0.5,0,0,0,-0,0,0,0,0,0,0,0,0,0,0,0,0,0,0,-0,0,0,0,0,0.5,0,0,20,0,0,0,0.35,0,0,20,0.25,0,0,0,0,20,0,0.01,0,0,0,0,20,0,0.01,0,0,0,0,0,0.01,20,0,0,0,0,0,0,0,0.01,77,0,0,0,0,0,0.01,87,0,0,0,0,0,0,0,0,0,0,0,0,0,0,0,0,0,1,1,1390,1,0,0,0,0,0,0,0,0,0,0,0,0,0,0,0,0,0,0,0,0.25,0.01,0,0,0,0.01,0,0,0,0,0,0,0,0,0.01,20,0,0,0.01,0,0,77,0,0.01,0,0,87,0,0,0,0,0,0,0,0,0,0,0,0,0,0,0,0,0,0,0,0,0,0,0.01,0.01,0.01,0.01,0,0,77,87,1,1,0,0,0,0,0,0,0,0,0,0,0,0,0,0,0,0,0,0,0,0,0,0,0,0,0,0,0,0,0,0,0
1395,293.15,35,0,293.15,24.5,6.125,293.15,0.5,0,293.15,0.55,0,293.15,0.6,0,350.15,0.5,0,360.15,0.5,0,0,0,-0,0,0,0,0,0,0,0,0,0,0,0,0,0,0,-0,0,0,0,0,0.5,0,0,20,0,0,0,0.35,0,0,20,0.25,0,0,0,0,20,0,0.01,0,0,0,0,20,0,0.01,0,0,0,0,0,0.01,20,0,0,0,0,0,0,0,0.01,77,0,0,0,0,0,0.01,87,0,0,0,0,0,0,0,0,0,0,0,0,0,0,0,0,0,1,1,1395,1,0,0,0,0,0,0,0,0,0,0,0,0,0,0,0,0,0,0,0,0.25,0.01,0,0,0,0.01,0,0,0,0,0,0,0,0,0.01,20,0,0,0.01,0,0,77,0,0.01,0,0,87,0,0,0,0,0,0,0,0,0,0,0,0,0,0,0,0,0,0,0,0,0,0,0.01,0.01,0.01,0.01,0,0,77,87,1,1,0,0,0,0,0,0,0,0,0,0,0,0,0,0,0,0,0,0,0,0,0,0,0,0,0,0,0,0,0,0,0
1400,293.15,35,0,293.15,24.5,6.125,293.15,0.5,0,293.15,0.55,0,293.15,0.6,0,350.15,0.5,0,360.15,0.5,0,0,0,-0,0,0,0,0,0,0,0,0,0,0,0,0,0,0,-0,0,0,0,0,0.5,0,0,20,0,0,0,0.35,0,0,20,0.25,0,0,0,0,20,0,0.01,0,0,0,0,20,0,0.01,0,0,0,0,0,0.01,20,0,0,0,0,0,0,0,0.01,77,0,0,0,0,0,0.01,87,0,0,0,0,0,0,0,0,0,0,0,0,0,0,0,0,0,1,1,1400,1,0,0,0,0,0,0,0,0,0,0,0,0,0,0,0,0,0,0,0,0.25,0.01,0,0,0,0.01,0,0,0,0,0,0,0,0,0.01,20,0,0,0.01,0,0,77,0,0.01,0,0,87,0,0,0,0,0,0,0,0,0,0,0,0,0,0,0,0,0,0,0,0,0,0,0.01,0.01,0.01,0.01,0,0,77,87,1,1,0,0,0,0,0,0,0,0,0,0,0,0,0,0,0,0,0,0,0,0,0,0,0,0,0,0,0,0,0,0,0
1405,293.15,35,0,293.15,24.5,6.125,293.15,0.5,0,293.15,0.55,0,293.15,0.6,0,350.15,0.5,0,360.15,0.5,0,0,0,-0,0,0,0,0,0,0,0,0,0,0,0,0,0,0,-0,0,0,0,0,0.5,0,0,20,0,0,0,0.35,0,0,20,0.25,0,0,0,0,20,0,0.01,0,0,0,0,20,0,0.01,0,0,0,0,0,0.01,20,0,0,0,0,0,0,0,0.01,77,0,0,0,0,0,0.01,87,0,0,0,0,0,0,0,0,0,0,0,0,0,0,0,0,0,1,1,1405,1,0,0,0,0,0,0,0,0,0,0,0,0,0,0,0,0,0,0,0,0.25,0.01,0,0,0,0.01,0,0,0,0,0,0,0,0,0.01,20,0,0,0.01,0,0,77,0,0.01,0,0,87,0,0,0,0,0,0,0,0,0,0,0,0,0,0,0,0,0,0,0,0,0,0,0.01,0.01,0.01,0.01,0,0,77,87,1,1,0,0,0,0,0,0,0,0,0,0,0,0,0,0,0,0,0,0,0,0,0,0,0,0,0,0,0,0,0,0,0
1410,293.15,35,0,293.15,24.5,6.125,293.15,0.5,0,293.15,0.55,0,293.15,0.6,0,350.15,0.5,0,360.15,0.5,0,0,0,-0,0,0,0,0,0,0,0,0,0,0,0,0,0,0,-0,0,0,0,0,0.5,0,0,20,0,0,0,0.35,0,0,20,0.25,0,0,0,0,20,0,0.01,0,0,0,0,20,0,0.01,0,0,0,0,0,0.01,20,0,0,0,0,0,0,0,0.01,77,0,0,0,0,0,0.01,87,0,0,0,0,0,0,0,0,0,0,0,0,0,0,0,0,0,1,1,1410,1,0,0,0,0,0,0,0,0,0,0,0,0,0,0,0,0,0,0,0,0.25,0.01,0,0,0,0.01,0,0,0,0,0,0,0,0,0.01,20,0,0,0.01,0,0,77,0,0.01,0,0,87,0,0,0,0,0,0,0,0,0,0,0,0,0,0,0,0,0,0,0,0,0,0,0.01,0.01,0.01,0.01,0,0,77,87,1,1,0,0,0,0,0,0,0,0,0,0,0,0,0,0,0,0,0,0,0,0,0,0,0,0,0,0,0,0,0,0,0
1415,293.15,35,0,293.15,24.5,6.125,293.15,0.5,0,293.15,0.55,0,293.15,0.6,0,350.15,0.5,0,360.15,0.5,0,0,0,-0,0,0,0,0,0,0,0,0,0,0,0,0,0,0,-0,0,0,0,0,0.5,0,0,20,0,0,0,0.35,0,0,20,0.25,0,0,0,0,20,0,0.01,0,0,0,0,20,0,0.01,0,0,0,0,0,0.01,20,0,0,0,0,0,0,0,0.01,77,0,0,0,0,0,0.01,87,0,0,0,0,0,0,0,0,0,0,0,0,0,0,0,0,0,1,1,1415,1,0,0,0,0,0,0,0,0,0,0,0,0,0,0,0,0,0,0,0,0.25,0.01,0,0,0,0.01,0,0,0,0,0,0,0,0,0.01,20,0,0,0.01,0,0,77,0,0.01,0,0,87,0,0,0,0,0,0,0,0,0,0,0,0,0,0,0,0,0,0,0,0,0,0,0.01,0.01,0.01,0.01,0,0,77,87,1,1,0,0,0,0,0,0,0,0,0,0,0,0,0,0,0,0,0,0,0,0,0,0,0,0,0,0,0,0,0,0,0
1420,293.15,35,0,293.15,24.5,6.125,293.15,0.5,0,293.15,0.55,0,293.15,0.6,0,350.15,0.5,0,360.15,0.5,0,0,0,-0,0,0,0,0,0,0,0,0,0,0,0,0,0,0,-0,0,0,0,0,0.5,0,0,20,0,0,0,0.35,0,0,20,0.25,0,0,0,0,20,0,0.01,0,0,0,0,20,0,0.01,0,0,0,0,0,0.01,20,0,0,0,0,0,0,0,0.01,77,0,0,0,0,0,0.01,87,0,0,0,0,0,0,0,0,0,0,0,0,0,0,0,0,0,1,1,1420,1,0,0,0,0,0,0,0,0,0,0,0,0,0,0,0,0,0,0,0,0.25,0.01,0,0,0,0.01,0,0,0,0,0,0,0,0,0.01,20,0,0,0.01,0,0,77,0,0.01,0,0,87,0,0,0,0,0,0,0,0,0,0,0,0,0,0,0,0,0,0,0,0,0,0,0.01,0.01,0.01,0.01,0,0,77,87,1,1,0,0,0,0,0,0,0,0,0,0,0,0,0,0,0,0,0,0,0,0,0,0,0,0,0,0,0,0,0,0,0
1425,293.15,35,0,293.15,24.5,6.125,293.15,0.5,0,293.15,0.55,0,293.15,0.6,0,350.15,0.5,0,360.15,0.5,0,0,0,-0,0,0,0,0,0,0,0,0,0,0,0,0,0,0,-0,0,0,0,0,0.5,0,0,20,0,0,0,0.35,0,0,20,0.25,0,0,0,0,20,0,0.01,0,0,0,0,20,0,0.01,0,0,0,0,0,0.01,20,0,0,0,0,0,0,0,0.01,77,0,0,0,0,0,0.01,87,0,0,0,0,0,0,0,0,0,0,0,0,0,0,0,0,0,1,1,1425,1,0,0,0,0,0,0,0,0,0,0,0,0,0,0,0,0,0,0,0,0.25,0.01,0,0,0,0.01,0,0,0,0,0,0,0,0,0.01,20,0,0,0.01,0,0,77,0,0.01,0,0,87,0,0,0,0,0,0,0,0,0,0,0,0,0,0,0,0,0,0,0,0,0,0,0.01,0.01,0.01,0.01,0,0,77,87,1,1,0,0,0,0,0,0,0,0,0,0,0,0,0,0,0,0,0,0,0,0,0,0,0,0,0,0,0,0,0,0,0
1430,293.15,35,0,293.15,24.5,6.125,293.15,0.5,0,293.15,0.55,0,293.15,0.6,0,350.15,0.5,0,360.15,0.5,0,0,0,-0,0,0,0,0,0,0,0,0,0,0,0,0,0,0,-0,0,0,0,0,0.5,0,0,20,0,0,0,0.35,0,0,20,0.25,0,0,0,0,20,0,0.01,0,0,0,0,20,0,0.01,0,0,0,0,0,0.01,20,0,0,0,0,0,0,0,0.01,77,0,0,0,0,0,0.01,87,0,0,0,0,0,0,0,0,0,0,0,0,0,0,0,0,0,1,1,1430,1,0,0,0,0,0,0,0,0,0,0,0,0,0,0,0,0,0,0,0,0.25,0.01,0,0,0,0.01,0,0,0,0,0,0,0,0,0.01,20,0,0,0.01,0,0,77,0,0.01,0,0,87,0,0,0,0,0,0,0,0,0,0,0,0,0,0,0,0,0,0,0,0,0,0,0.01,0.01,0.01,0.01,0,0,77,87,1,1,0,0,0,0,0,0,0,0,0,0,0,0,0,0,0,0,0,0,0,0,0,0,0,0,0,0,0,0,0,0,0
1435,293.15,35,0,293.15,24.5,6.125,293.15,0.5,0,293.15,0.55,0,293.15,0.6,0,350.15,0.5,0,360.15,0.5,0,0,0,-0,0,0,0,0,0,0,0,0,0,0,0,0,0,0,-0,0,0,0,0,0.5,0,0,20,0,0,0,0.35,0,0,20,0.25,0,0,0,0,20,0,0.01,0,0,0,0,20,0,0.01,0,0,0,0,0,0.01,20,0,0,0,0,0,0,0,0.01,77,0,0,0,0,0,0.01,87,0,0,0,0,0,0,0,0,0,0,0,0,0,0,0,0,0,1,1,1435,1,0,0,0,0,0,0,0,0,0,0,0,0,0,0,0,0,0,0,0,0.25,0.01,0,0,0,0.01,0,0,0,0,0,0,0,0,0.01,20,0,0,0.01,0,0,77,0,0.01,0,0,87,0,0,0,0,0,0,0,0,0,0,0,0,0,0,0,0,0,0,0,0,0,0,0.01,0.01,0.01,0.01,0,0,77,87,1,1,0,0,0,0,0,0,0,0,0,0,0,0,0,0,0,0,0,0,0,0,0,0,0,0,0,0,0,0,0,0,0
1440,293.15,35,0,293.15,24.5,6.125,293.15,0.5,0,293.15,0.55,0,293.15,0.6,0,350.15,0.5,0,360.15,0.5,0,0,0,-0,0,0,0,0,0,0,0,0,0,0,0,0,0,0,-0,0,0,0,0,0.5,0,0,20,0,0,0,0.35,0,0,20,0.25,0,0,0,0,20,0,0.01,0,0,0,0,20,0,0.01,0,0,0,0,0,0.01,20,0,0,0,0,0,0,0,0.01,77,0,0,0,0,0,0.01,87,0,0,0,0,0,0,0,0,0,0,0,0,0,0,0,0,0,1,1,1440,1,0,0,0,0,0,0,0,0,0,0,0,0,0,0,0,0,0,0,0,0.25,0.01,0,0,0,0.01,0,0,0,0,0,0,0,0,0.01,20,0,0,0.01,0,0,77,0,0.01,0,0,87,0,0,0,0,0,0,0,0,0,0,0,0,0,0,0,0,0,0,0,0,0,0,0.01,0.01,0.01,0.01,0,0,77,87,1,1,0,0,0,0,0,0,0,0,0,0,0,0,0,0,0,0,0,0,0,0,0,0,0,0,0,0,0,0,0,0,0
1445,293.15,35,0,293.15,24.5,6.125,293.15,0.5,0,293.15,0.55,0,293.15,0.6,0,350.15,0.5,0,360.15,0.5,0,0,0,-0,0,0,0,0,0,0,0,0,0,0,0,0,0,0,-0,0,0,0,0,0.5,0,0,20,0,0,0,0.35,0,0,20,0.25,0,0,0,0,20,0,0.01,0,0,0,0,20,0,0.01,0,0,0,0,0,0.01,20,0,0,0,0,0,0,0,0.01,77,0,0,0,0,0,0.01,87,0,0,0,0,0,0,0,0,0,0,0,0,0,0,0,0,0,1,1,1445,1,0,0,0,0,0,0,0,0,0,0,0,0,0,0,0,0,0,0,0,0.25,0.01,0,0,0,0.01,0,0,0,0,0,0,0,0,0.01,20,0,0,0.01,0,0,77,0,0.01,0,0,87,0,0,0,0,0,0,0,0,0,0,0,0,0,0,0,0,0,0,0,0,0,0,0.01,0.01,0.01,0.01,0,0,77,87,1,1,0,0,0,0,0,0,0,0,0,0,0,0,0,0,0,0,0,0,0,0,0,0,0,0,0,0,0,0,0,0,0
1450,293.15,35,0,293.15,24.5,6.125,293.15,0.5,0,293.15,0.55,0,293.15,0.6,0,350.15,0.5,0,360.15,0.5,0,0,0,-0,0,0,0,0,0,0,0,0,0,0,0,0,0,0,-0,0,0,0,0,0.5,0,0,20,0,0,0,0.35,0,0,20,0.25,0,0,0,0,20,0,0.01,0,0,0,0,20,0,0.01,0,0,0,0,0,0.01,20,0,0,0,0,0,0,0,0.01,77,0,0,0,0,0,0.01,87,0,0,0,0,0,0,0,0,0,0,0,0,0,0,0,0,0,1,1,1450,1,0,0,0,0,0,0,0,0,0,0,0,0,0,0,0,0,0,0,0,0.25,0.01,0,0,0,0.01,0,0,0,0,0,0,0,0,0.01,20,0,0,0.01,0,0,77,0,0.01,0,0,87,0,0,0,0,0,0,0,0,0,0,0,0,0,0,0,0,0,0,0,0,0,0,0.01,0.01,0.01,0.01,0,0,77,87,1,1,0,0,0,0,0,0,0,0,0,0,0,0,0,0,0,0,0,0,0,0,0,0,0,0,0,0,0,0,0,0,0
1455,293.15,35,0,293.15,24.5,6.125,293.15,0.5,0,293.15,0.55,0,293.15,0.6,0,350.15,0.5,0,360.15,0.5,0,0,0,-0,0,0,0,0,0,0,0,0,0,0,0,0,0,0,-0,0,0,0,0,0.5,0,0,20,0,0,0,0.35,0,0,20,0.25,0,0,0,0,20,0,0.01,0,0,0,0,20,0,0.01,0,0,0,0,0,0.01,20,0,0,0,0,0,0,0,0.01,77,0,0,0,0,0,0.01,87,0,0,0,0,0,0,0,0,0,0,0,0,0,0,0,0,0,1,1,1455,1,0,0,0,0,0,0,0,0,0,0,0,0,0,0,0,0,0,0,0,0.25,0.01,0,0,0,0.01,0,0,0,0,0,0,0,0,0.01,20,0,0,0.01,0,0,77,0,0.01,0,0,87,0,0,0,0,0,0,0,0,0,0,0,0,0,0,0,0,0,0,0,0,0,0,0.01,0.01,0.01,0.01,0,0,77,87,1,1,0,0,0,0,0,0,0,0,0,0,0,0,0,0,0,0,0,0,0,0,0,0,0,0,0,0,0,0,0,0,0
1460,293.15,35,0,293.15,24.5,6.125,293.15,0.5,0,293.15,0.55,0,293.15,0.6,0,350.15,0.5,0,360.15,0.5,0,0,0,-0,0,0,0,0,0,0,0,0,0,0,0,0,0,0,-0,0,0,0,0,0.5,0,0,20,0,0,0,0.35,0,0,20,0.25,0,0,0,0,20,0,0.01,0,0,0,0,20,0,0.01,0,0,0,0,0,0.01,20,0,0,0,0,0,0,0,0.01,77,0,0,0,0,0,0.01,87,0,0,0,0,0,0,0,0,0,0,0,0,0,0,0,0,0,1,1,1460,1,0,0,0,0,0,0,0,0,0,0,0,0,0,0,0,0,0,0,0,0.25,0.01,0,0,0,0.01,0,0,0,0,0,0,0,0,0.01,20,0,0,0.01,0,0,77,0,0.01,0,0,87,0,0,0,0,0,0,0,0,0,0,0,0,0,0,0,0,0,0,0,0,0,0,0.01,0.01,0.01,0.01,0,0,77,87,1,1,0,0,0,0,0,0,0,0,0,0,0,0,0,0,0,0,0,0,0,0,0,0,0,0,0,0,0,0,0,0,0
1465,293.15,35,0,293.15,24.5,6.125,293.15,0.5,0,293.15,0.55,0,293.15,0.6,0,350.15,0.5,0,360.15,0.5,0,0,0,-0,0,0,0,0,0,0,0,0,0,0,0,0,0,0,-0,0,0,0,0,0.5,0,0,20,0,0,0,0.35,0,0,20,0.25,0,0,0,0,20,0,0.01,0,0,0,0,20,0,0.01,0,0,0,0,0,0.01,20,0,0,0,0,0,0,0,0.01,77,0,0,0,0,0,0.01,87,0,0,0,0,0,0,0,0,0,0,0,0,0,0,0,0,0,1,1,1465,1,0,0,0,0,0,0,0,0,0,0,0,0,0,0,0,0,0,0,0,0.25,0.01,0,0,0,0.01,0,0,0,0,0,0,0,0,0.01,20,0,0,0.01,0,0,77,0,0.01,0,0,87,0,0,0,0,0,0,0,0,0,0,0,0,0,0,0,0,0,0,0,0,0,0,0.01,0.01,0.01,0.01,0,0,77,87,1,1,0,0,0,0,0,0,0,0,0,0,0,0,0,0,0,0,0,0,0,0,0,0,0,0,0,0,0,0,0,0,0
1470,293.15,35,0,293.15,24.5,6.125,293.15,0.5,0,293.15,0.55,0,293.15,0.6,0,350.15,0.5,0,360.15,0.5,0,0,0,-0,0,0,0,0,0,0,0,0,0,0,0,0,0,0,-0,0,0,0,0,0.5,0,0,20,0,0,0,0.35,0,0,20,0.25,0,0,0,0,20,0,0.01,0,0,0,0,20,0,0.01,0,0,0,0,0,0.01,20,0,0,0,0,0,0,0,0.01,77,0,0,0,0,0,0.01,87,0,0,0,0,0,0,0,0,0,0,0,0,0,0,0,0,0,1,1,1470,1,0,0,0,0,0,0,0,0,0,0,0,0,0,0,0,0,0,0,0,0.25,0.01,0,0,0,0.01,0,0,0,0,0,0,0,0,0.01,20,0,0,0.01,0,0,77,0,0.01,0,0,87,0,0,0,0,0,0,0,0,0,0,0,0,0,0,0,0,0,0,0,0,0,0,0.01,0.01,0.01,0.01,0,0,77,87,1,1,0,0,0,0,0,0,0,0,0,0,0,0,0,0,0,0,0,0,0,0,0,0,0,0,0,0,0,0,0,0,0
1475,293.15,35,0,293.15,24.5,6.125,293.15,0.5,0,293.15,0.55,0,293.15,0.6,0,350.15,0.5,0,360.15,0.5,0,0,0,-0,0,0,0,0,0,0,0,0,0,0,0,0,0,0,-0,0,0,0,0,0.5,0,0,20,0,0,0,0.35,0,0,20,0.25,0,0,0,0,20,0,0.01,0,0,0,0,20,0,0.01,0,0,0,0,0,0.01,20,0,0,0,0,0,0,0,0.01,77,0,0,0,0,0,0.01,87,0,0,0,0,0,0,0,0,0,0,0,0,0,0,0,0,0,1,1,1475,1,0,0,0,0,0,0,0,0,0,0,0,0,0,0,0,0,0,0,0,0.25,0.01,0,0,0,0.01,0,0,0,0,0,0,0,0,0.01,20,0,0,0.01,0,0,77,0,0.01,0,0,87,0,0,0,0,0,0,0,0,0,0,0,0,0,0,0,0,0,0,0,0,0,0,0.01,0.01,0.01,0.01,0,0,77,87,1,1,0,0,0,0,0,0,0,0,0,0,0,0,0,0,0,0,0,0,0,0,0,0,0,0,0,0,0,0,0,0,0
1480,293.15,35,0,293.15,24.5,6.125,293.15,0.5,0,293.15,0.55,0,293.15,0.6,0,350.15,0.5,0,360.15,0.5,0,0,0,-0,0,0,0,0,0,0,0,0,0,0,0,0,0,0,-0,0,0,0,0,0.5,0,0,20,0,0,0,0.35,0,0,20,0.25,0,0,0,0,20,0,0.01,0,0,0,0,20,0,0.01,0,0,0,0,0,0.01,20,0,0,0,0,0,0,0,0.01,77,0,0,0,0,0,0.01,87,0,0,0,0,0,0,0,0,0,0,0,0,0,0,0,0,0,1,1,1480,1,0,0,0,0,0,0,0,0,0,0,0,0,0,0,0,0,0,0,0,0.25,0.01,0,0,0,0.01,0,0,0,0,0,0,0,0,0.01,20,0,0,0.01,0,0,77,0,0.01,0,0,87,0,0,0,0,0,0,0,0,0,0,0,0,0,0,0,0,0,0,0,0,0,0,0.01,0.01,0.01,0.01,0,0,77,87,1,1,0,0,0,0,0,0,0,0,0,0,0,0,0,0,0,0,0,0,0,0,0,0,0,0,0,0,0,0,0,0,0
1485,293.15,35,0,293.15,24.5,6.125,293.15,0.5,0,293.15,0.55,0,293.15,0.6,0,350.15,0.5,0,360.15,0.5,0,0,0,-0,0,0,0,0,0,0,0,0,0,0,0,0,0,0,-0,0,0,0,0,0.5,0,0,20,0,0,0,0.35,0,0,20,0.25,0,0,0,0,20,0,0.01,0,0,0,0,20,0,0.01,0,0,0,0,0,0.01,20,0,0,0,0,0,0,0,0.01,77,0,0,0,0,0,0.01,87,0,0,0,0,0,0,0,0,0,0,0,0,0,0,0,0,0,1,1,1485,1,0,0,0,0,0,0,0,0,0,0,0,0,0,0,0,0,0,0,0,0.25,0.01,0,0,0,0.01,0,0,0,0,0,0,0,0,0.01,20,0,0,0.01,0,0,77,0,0.01,0,0,87,0,0,0,0,0,0,0,0,0,0,0,0,0,0,0,0,0,0,0,0,0,0,0.01,0.01,0.01,0.01,0,0,77,87,1,1,0,0,0,0,0,0,0,0,0,0,0,0,0,0,0,0,0,0,0,0,0,0,0,0,0,0,0,0,0,0,0
1490,293.15,35,0,293.15,24.5,6.125,293.15,0.5,0,293.15,0.55,0,293.15,0.6,0,350.15,0.5,0,360.15,0.5,0,0,0,-0,0,0,0,0,0,0,0,0,0,0,0,0,0,0,-0,0,0,0,0,0.5,0,0,20,0,0,0,0.35,0,0,20,0.25,0,0,0,0,20,0,0.01,0,0,0,0,20,0,0.01,0,0,0,0,0,0.01,20,0,0,0,0,0,0,0,0.01,77,0,0,0,0,0,0.01,87,0,0,0,0,0,0,0,0,0,0,0,0,0,0,0,0,0,1,1,1490,1,0,0,0,0,0,0,0,0,0,0,0,0,0,0,0,0,0,0,0,0.25,0.01,0,0,0,0.01,0,0,0,0,0,0,0,0,0.01,20,0,0,0.01,0,0,77,0,0.01,0,0,87,0,0,0,0,0,0,0,0,0,0,0,0,0,0,0,0,0,0,0,0,0,0,0.01,0.01,0.01,0.01,0,0,77,87,1,1,0,0,0,0,0,0,0,0,0,0,0,0,0,0,0,0,0,0,0,0,0,0,0,0,0,0,0,0,0,0,0
1495,293.15,35,0,293.15,24.5,6.125,293.15,0.5,0,293.15,0.55,0,293.15,0.6,0,350.15,0.5,0,360.15,0.5,0,0,0,-0,0,0,0,0,0,0,0,0,0,0,0,0,0,0,-0,0,0,0,0,0.5,0,0,20,0,0,0,0.35,0,0,20,0.25,0,0,0,0,20,0,0.01,0,0,0,0,20,0,0.01,0,0,0,0,0,0.01,20,0,0,0,0,0,0,0,0.01,77,0,0,0,0,0,0.01,87,0,0,0,0,0,0,0,0,0,0,0,0,0,0,0,0,0,1,1,1495,1,0,0,0,0,0,0,0,0,0,0,0,0,0,0,0,0,0,0,0,0.25,0.01,0,0,0,0.01,0,0,0,0,0,0,0,0,0.01,20,0,0,0.01,0,0,77,0,0.01,0,0,87,0,0,0,0,0,0,0,0,0,0,0,0,0,0,0,0,0,0,0,0,0,0,0.01,0.01,0.01,0.01,0,0,77,87,1,1,0,0,0,0,0,0,0,0,0,0,0,0,0,0,0,0,0,0,0,0,0,0,0,0,0,0,0,0,0,0,0
1500,293.15,35,0,293.15,24.5,6.125,293.15,0.5,0,293.15,0.55,0,293.15,0.6,0,350.15,0.5,0,360.15,0.5,0,0,0,-0,0,0,0,0,0,0,0,0,0,0,0,0,0,0,-0,0,0,0,0,0.5,0,0,20,0,0,0,0.35,0,0,20,0.25,0,0,0,0,20,0,0.01,0,0,0,0,20,0,0.01,0,0,0,0,0,0.01,20,0,0,0,0,0,0,0,0.01,77,0,0,0,0,0,0.01,87,0,0,0,0,0,0,0,0,0,0,0,0,0,0,0,0,0,1,1,1500,1,0,0,0,0,0,0,0,0,0,0,0,0,0,0,0,0,0,0,0,0.25,0.01,0,0,0,0.01,0,0,0,0,0,0,0,0,0.01,20,0,0,0.01,0,0,77,0,0.01,0,0,87,0,0,0,0,0,0,0,0,0,0,0,0,0,0,0,0,0,0,0,0,0,0,0.01,0.01,0.01,0.01,0,0,77,87,1,1,0,0,0,0,0,0,0,0,0,0,0,0,0,0,0,0,0,0,0,0,0,0,0,0,0,0,0,0,0,0,0
1505,293.15,35,0,293.15,24.5,6.125,293.15,0.5,0,293.15,0.55,0,293.15,0.6,0,350.15,0.5,0,360.15,0.5,0,0,0,-0,0,0,0,0,0,0,0,0,0,0,0,0,0,0,-0,0,0,0,0,0.5,0,0,20,0,0,0,0.35,0,0,20,0.25,0,0,0,0,20,0,0.01,0,0,0,0,20,0,0.01,0,0,0,0,0,0.01,20,0,0,0,0,0,0,0,0.01,77,0,0,0,0,0,0.01,87,0,0,0,0,0,0,0,0,0,0,0,0,0,0,0,0,0,1,1,1505,1,0,0,0,0,0,0,0,0,0,0,0,0,0,0,0,0,0,0,0,0.25,0.01,0,0,0,0.01,0,0,0,0,0,0,0,0,0.01,20,0,0,0.01,0,0,77,0,0.01,0,0,87,0,0,0,0,0,0,0,0,0,0,0,0,0,0,0,0,0,0,0,0,0,0,0.01,0.01,0.01,0.01,0,0,77,87,1,1,0,0,0,0,0,0,0,0,0,0,0,0,0,0,0,0,0,0,0,0,0,0,0,0,0,0,0,0,0,0,0
1510,293.15,35,0,293.15,24.5,6.125,293.15,0.5,0,293.15,0.55,0,293.15,0.6,0,350.15,0.5,0,360.15,0.5,0,0,0,-0,0,0,0,0,0,0,0,0,0,0,0,0,0,0,-0,0,0,0,0,0.5,0,0,20,0,0,0,0.35,0,0,20,0.25,0,0,0,0,20,0,0.01,0,0,0,0,20,0,0.01,0,0,0,0,0,0.01,20,0,0,0,0,0,0,0,0.01,77,0,0,0,0,0,0.01,87,0,0,0,0,0,0,0,0,0,0,0,0,0,0,0,0,0,1,1,1510,1,0,0,0,0,0,0,0,0,0,0,0,0,0,0,0,0,0,0,0,0.25,0.01,0,0,0,0.01,0,0,0,0,0,0,0,0,0.01,20,0,0,0.01,0,0,77,0,0.01,0,0,87,0,0,0,0,0,0,0,0,0,0,0,0,0,0,0,0,0,0,0,0,0,0,0.01,0.01,0.01,0.01,0,0,77,87,1,1,0,0,0,0,0,0,0,0,0,0,0,0,0,0,0,0,0,0,0,0,0,0,0,0,0,0,0,0,0,0,0
1515,293.15,35,0,293.15,24.5,6.125,293.15,0.5,0,293.15,0.55,0,293.15,0.6,0,350.15,0.5,0,360.15,0.5,0,0,0,-0,0,0,0,0,0,0,0,0,0,0,0,0,0,0,-0,0,0,0,0,0.5,0,0,20,0,0,0,0.35,0,0,20,0.25,0,0,0,0,20,0,0.01,0,0,0,0,20,0,0.01,0,0,0,0,0,0.01,20,0,0,0,0,0,0,0,0.01,77,0,0,0,0,0,0.01,87,0,0,0,0,0,0,0,0,0,0,0,0,0,0,0,0,0,1,1,1515,1,0,0,0,0,0,0,0,0,0,0,0,0,0,0,0,0,0,0,0,0.25,0.01,0,0,0,0.01,0,0,0,0,0,0,0,0,0.01,20,0,0,0.01,0,0,77,0,0.01,0,0,87,0,0,0,0,0,0,0,0,0,0,0,0,0,0,0,0,0,0,0,0,0,0,0.01,0.01,0.01,0.01,0,0,77,87,1,1,0,0,0,0,0,0,0,0,0,0,0,0,0,0,0,0,0,0,0,0,0,0,0,0,0,0,0,0,0,0,0
1520,293.15,35,0,293.15,24.5,6.125,293.15,0.5,0,293.15,0.55,0,293.15,0.6,0,350.15,0.5,0,360.15,0.5,0,0,0,-0,0,0,0,0,0,0,0,0,0,0,0,0,0,0,-0,0,0,0,0,0.5,0,0,20,0,0,0,0.35,0,0,20,0.25,0,0,0,0,20,0,0.01,0,0,0,0,20,0,0.01,0,0,0,0,0,0.01,20,0,0,0,0,0,0,0,0.01,77,0,0,0,0,0,0.01,87,0,0,0,0,0,0,0,0,0,0,0,0,0,0,0,0,0,1,1,1520,1,0,0,0,0,0,0,0,0,0,0,0,0,0,0,0,0,0,0,0,0.25,0.01,0,0,0,0.01,0,0,0,0,0,0,0,0,0.01,20,0,0,0.01,0,0,77,0,0.01,0,0,87,0,0,0,0,0,0,0,0,0,0,0,0,0,0,0,0,0,0,0,0,0,0,0.01,0.01,0.01,0.01,0,0,77,87,1,1,0,0,0,0,0,0,0,0,0,0,0,0,0,0,0,0,0,0,0,0,0,0,0,0,0,0,0,0,0,0,0
1525,293.15,35,0,293.15,24.5,6.125,293.15,0.5,0,293.15,0.55,0,293.15,0.6,0,350.15,0.5,0,360.15,0.5,0,0,0,-0,0,0,0,0,0,0,0,0,0,0,0,0,0,0,-0,0,0,0,0,0.5,0,0,20,0,0,0,0.35,0,0,20,0.25,0,0,0,0,20,0,0.01,0,0,0,0,20,0,0.01,0,0,0,0,0,0.01,20,0,0,0,0,0,0,0,0.01,77,0,0,0,0,0,0.01,87,0,0,0,0,0,0,0,0,0,0,0,0,0,0,0,0,0,1,1,1525,1,0,0,0,0,0,0,0,0,0,0,0,0,0,0,0,0,0,0,0,0.25,0.01,0,0,0,0.01,0,0,0,0,0,0,0,0,0.01,20,0,0,0.01,0,0,77,0,0.01,0,0,87,0,0,0,0,0,0,0,0,0,0,0,0,0,0,0,0,0,0,0,0,0,0,0.01,0.01,0.01,0.01,0,0,77,87,1,1,0,0,0,0,0,0,0,0,0,0,0,0,0,0,0,0,0,0,0,0,0,0,0,0,0,0,0,0,0,0,0
1530,293.15,35,0,293.15,24.5,6.125,293.15,0.5,0,293.15,0.55,0,293.15,0.6,0,350.15,0.5,0,360.15,0.5,0,0,0,-0,0,0,0,0,0,0,0,0,0,0,0,0,0,0,-0,0,0,0,0,0.5,0,0,20,0,0,0,0.35,0,0,20,0.25,0,0,0,0,20,0,0.01,0,0,0,0,20,0,0.01,0,0,0,0,0,0.01,20,0,0,0,0,0,0,0,0.01,77,0,0,0,0,0,0.01,87,0,0,0,0,0,0,0,0,0,0,0,0,0,0,0,0,0,1,1,1530,1,0,0,0,0,0,0,0,0,0,0,0,0,0,0,0,0,0,0,0,0.25,0.01,0,0,0,0.01,0,0,0,0,0,0,0,0,0.01,20,0,0,0.01,0,0,77,0,0.01,0,0,87,0,0,0,0,0,0,0,0,0,0,0,0,0,0,0,0,0,0,0,0,0,0,0.01,0.01,0.01,0.01,0,0,77,87,1,1,0,0,0,0,0,0,0,0,0,0,0,0,0,0,0,0,0,0,0,0,0,0,0,0,0,0,0,0,0,0,0
1535,293.15,35,0,293.15,24.5,6.125,293.15,0.5,0,293.15,0.55,0,293.15,0.6,0,350.15,0.5,0,360.15,0.5,0,0,0,-0,0,0,0,0,0,0,0,0,0,0,0,0,0,0,-0,0,0,0,0,0.5,0,0,20,0,0,0,0.35,0,0,20,0.25,0,0,0,0,20,0,0.01,0,0,0,0,20,0,0.01,0,0,0,0,0,0.01,20,0,0,0,0,0,0,0,0.01,77,0,0,0,0,0,0.01,87,0,0,0,0,0,0,0,0,0,0,0,0,0,0,0,0,0,1,1,1535,1,0,0,0,0,0,0,0,0,0,0,0,0,0,0,0,0,0,0,0,0.25,0.01,0,0,0,0.01,0,0,0,0,0,0,0,0,0.01,20,0,0,0.01,0,0,77,0,0.01,0,0,87,0,0,0,0,0,0,0,0,0,0,0,0,0,0,0,0,0,0,0,0,0,0,0.01,0.01,0.01,0.01,0,0,77,87,1,1,0,0,0,0,0,0,0,0,0,0,0,0,0,0,0,0,0,0,0,0,0,0,0,0,0,0,0,0,0,0,0
1540,293.15,35,0,293.15,24.5,6.125,293.15,0.5,0,293.15,0.55,0,293.15,0.6,0,350.15,0.5,0,360.15,0.5,0,0,0,-0,0,0,0,0,0,0,0,0,0,0,0,0,0,0,-0,0,0,0,0,0.5,0,0,20,0,0,0,0.35,0,0,20,0.25,0,0,0,0,20,0,0.01,0,0,0,0,20,0,0.01,0,0,0,0,0,0.01,20,0,0,0,0,0,0,0,0.01,77,0,0,0,0,0,0.01,87,0,0,0,0,0,0,0,0,0,0,0,0,0,0,0,0,0,1,1,1540,1,0,0,0,0,0,0,0,0,0,0,0,0,0,0,0,0,0,0,0,0.25,0.01,0,0,0,0.01,0,0,0,0,0,0,0,0,0.01,20,0,0,0.01,0,0,77,0,0.01,0,0,87,0,0,0,0,0,0,0,0,0,0,0,0,0,0,0,0,0,0,0,0,0,0,0.01,0.01,0.01,0.01,0,0,77,87,1,1,0,0,0,0,0,0,0,0,0,0,0,0,0,0,0,0,0,0,0,0,0,0,0,0,0,0,0,0,0,0,0
1545,293.15,35,0,293.15,24.5,6.125,293.15,0.5,0,293.15,0.55,0,293.15,0.6,0,350.15,0.5,0,360.15,0.5,0,0,0,-0,0,0,0,0,0,0,0,0,0,0,0,0,0,0,-0,0,0,0,0,0.5,0,0,20,0,0,0,0.35,0,0,20,0.25,0,0,0,0,20,0,0.01,0,0,0,0,20,0,0.01,0,0,0,0,0,0.01,20,0,0,0,0,0,0,0,0.01,77,0,0,0,0,0,0.01,87,0,0,0,0,0,0,0,0,0,0,0,0,0,0,0,0,0,1,1,1545,1,0,0,0,0,0,0,0,0,0,0,0,0,0,0,0,0,0,0,0,0.25,0.01,0,0,0,0.01,0,0,0,0,0,0,0,0,0.01,20,0,0,0.01,0,0,77,0,0.01,0,0,87,0,0,0,0,0,0,0,0,0,0,0,0,0,0,0,0,0,0,0,0,0,0,0.01,0.01,0.01,0.01,0,0,77,87,1,1,0,0,0,0,0,0,0,0,0,0,0,0,0,0,0,0,0,0,0,0,0,0,0,0,0,0,0,0,0,0,0
1550,293.15,35,0,293.15,24.5,6.125,293.15,0.5,0,293.15,0.55,0,293.15,0.6,0,350.15,0.5,0,360.15,0.5,0,0,0,-0,0,0,0,0,0,0,0,0,0,0,0,0,0,0,-0,0,0,0,0,0.5,0,0,20,0,0,0,0.35,0,0,20,0.25,0,0,0,0,20,0,0.01,0,0,0,0,20,0,0.01,0,0,0,0,0,0.01,20,0,0,0,0,0,0,0,0.01,77,0,0,0,0,0,0.01,87,0,0,0,0,0,0,0,0,0,0,0,0,0,0,0,0,0,1,1,1550,1,0,0,0,0,0,0,0,0,0,0,0,0,0,0,0,0,0,0,0,0.25,0.01,0,0,0,0.01,0,0,0,0,0,0,0,0,0.01,20,0,0,0.01,0,0,77,0,0.01,0,0,87,0,0,0,0,0,0,0,0,0,0,0,0,0,0,0,0,0,0,0,0,0,0,0.01,0.01,0.01,0.01,0,0,77,87,1,1,0,0,0,0,0,0,0,0,0,0,0,0,0,0,0,0,0,0,0,0,0,0,0,0,0,0,0,0,0,0,0
1555,293.15,35,0,293.15,24.5,6.125,293.15,0.5,0,293.15,0.55,0,293.15,0.6,0,350.15,0.5,0,360.15,0.5,0,0,0,-0,0,0,0,0,0,0,0,0,0,0,0,0,0,0,-0,0,0,0,0,0.5,0,0,20,0,0,0,0.35,0,0,20,0.25,0,0,0,0,20,0,0.01,0,0,0,0,20,0,0.01,0,0,0,0,0,0.01,20,0,0,0,0,0,0,0,0.01,77,0,0,0,0,0,0.01,87,0,0,0,0,0,0,0,0,0,0,0,0,0,0,0,0,0,1,1,1555,1,0,0,0,0,0,0,0,0,0,0,0,0,0,0,0,0,0,0,0,0.25,0.01,0,0,0,0.01,0,0,0,0,0,0,0,0,0.01,20,0,0,0.01,0,0,77,0,0.01,0,0,87,0,0,0,0,0,0,0,0,0,0,0,0,0,0,0,0,0,0,0,0,0,0,0.01,0.01,0.01,0.01,0,0,77,87,1,1,0,0,0,0,0,0,0,0,0,0,0,0,0,0,0,0,0,0,0,0,0,0,0,0,0,0,0,0,0,0,0
1560,293.15,35,0,293.15,24.5,6.125,293.15,0.5,0,293.15,0.55,0,293.15,0.6,0,350.15,0.5,0,360.15,0.5,0,0,0,-0,0,0,0,0,0,0,0,0,0,0,0,0,0,0,-0,0,0,0,0,0.5,0,0,20,0,0,0,0.35,0,0,20,0.25,0,0,0,0,20,0,0.01,0,0,0,0,20,0,0.01,0,0,0,0,0,0.01,20,0,0,0,0,0,0,0,0.01,77,0,0,0,0,0,0.01,87,0,0,0,0,0,0,0,0,0,0,0,0,0,0,0,0,0,1,1,1560,1,0,0,0,0,0,0,0,0,0,0,0,0,0,0,0,0,0,0,0,0.25,0.01,0,0,0,0.01,0,0,0,0,0,0,0,0,0.01,20,0,0,0.01,0,0,77,0,0.01,0,0,87,0,0,0,0,0,0,0,0,0,0,0,0,0,0,0,0,0,0,0,0,0,0,0.01,0.01,0.01,0.01,0,0,77,87,1,1,0,0,0,0,0,0,0,0,0,0,0,0,0,0,0,0,0,0,0,0,0,0,0,0,0,0,0,0,0,0,0
1565,293.15,35,0,293.15,24.5,6.125,293.15,0.5,0,293.15,0.55,0,293.15,0.6,0,350.15,0.5,0,360.15,0.5,0,0,0,-0,0,0,0,0,0,0,0,0,0,0,0,0,0,0,-0,0,0,0,0,0.5,0,0,20,0,0,0,0.35,0,0,20,0.25,0,0,0,0,20,0,0.01,0,0,0,0,20,0,0.01,0,0,0,0,0,0.01,20,0,0,0,0,0,0,0,0.01,77,0,0,0,0,0,0.01,87,0,0,0,0,0,0,0,0,0,0,0,0,0,0,0,0,0,1,1,1565,1,0,0,0,0,0,0,0,0,0,0,0,0,0,0,0,0,0,0,0,0.25,0.01,0,0,0,0.01,0,0,0,0,0,0,0,0,0.01,20,0,0,0.01,0,0,77,0,0.01,0,0,87,0,0,0,0,0,0,0,0,0,0,0,0,0,0,0,0,0,0,0,0,0,0,0.01,0.01,0.01,0.01,0,0,77,87,1,1,0,0,0,0,0,0,0,0,0,0,0,0,0,0,0,0,0,0,0,0,0,0,0,0,0,0,0,0,0,0,0
1570,293.15,35,0,293.15,24.5,6.125,293.15,0.5,0,293.15,0.55,0,293.15,0.6,0,350.15,0.5,0,360.15,0.5,0,0,0,-0,0,0,0,0,0,0,0,0,0,0,0,0,0,0,-0,0,0,0,0,0.5,0,0,20,0,0,0,0.35,0,0,20,0.25,0,0,0,0,20,0,0.01,0,0,0,0,20,0,0.01,0,0,0,0,0,0.01,20,0,0,0,0,0,0,0,0.01,77,0,0,0,0,0,0.01,87,0,0,0,0,0,0,0,0,0,0,0,0,0,0,0,0,0,1,1,1570,1,0,0,0,0,0,0,0,0,0,0,0,0,0,0,0,0,0,0,0,0.25,0.01,0,0,0,0.01,0,0,0,0,0,0,0,0,0.01,20,0,0,0.01,0,0,77,0,0.01,0,0,87,0,0,0,0,0,0,0,0,0,0,0,0,0,0,0,0,0,0,0,0,0,0,0.01,0.01,0.01,0.01,0,0,77,87,1,1,0,0,0,0,0,0,0,0,0,0,0,0,0,0,0,0,0,0,0,0,0,0,0,0,0,0,0,0,0,0,0
1575,293.15,35,0,293.15,24.5,6.125,293.15,0.5,0,293.15,0.55,0,293.15,0.6,0,350.15,0.5,0,360.15,0.5,0,0,0,-0,0,0,0,0,0,0,0,0,0,0,0,0,0,0,-0,0,0,0,0,0.5,0,0,20,0,0,0,0.35,0,0,20,0.25,0,0,0,0,20,0,0.01,0,0,0,0,20,0,0.01,0,0,0,0,0,0.01,20,0,0,0,0,0,0,0,0.01,77,0,0,0,0,0,0.01,87,0,0,0,0,0,0,0,0,0,0,0,0,0,0,0,0,0,1,1,1575,1,0,0,0,0,0,0,0,0,0,0,0,0,0,0,0,0,0,0,0,0.25,0.01,0,0,0,0.01,0,0,0,0,0,0,0,0,0.01,20,0,0,0.01,0,0,77,0,0.01,0,0,87,0,0,0,0,0,0,0,0,0,0,0,0,0,0,0,0,0,0,0,0,0,0,0.01,0.01,0.01,0.01,0,0,77,87,1,1,0,0,0,0,0,0,0,0,0,0,0,0,0,0,0,0,0,0,0,0,0,0,0,0,0,0,0,0,0,0,0
1580,293.15,35,0,293.15,24.5,6.125,293.15,0.5,0,293.15,0.55,0,293.15,0.6,0,350.15,0.5,0,360.15,0.5,0,0,0,-0,0,0,0,0,0,0,0,0,0,0,0,0,0,0,-0,0,0,0,0,0.5,0,0,20,0,0,0,0.35,0,0,20,0.25,0,0,0,0,20,0,0.01,0,0,0,0,20,0,0.01,0,0,0,0,0,0.01,20,0,0,0,0,0,0,0,0.01,77,0,0,0,0,0,0.01,87,0,0,0,0,0,0,0,0,0,0,0,0,0,0,0,0,0,1,1,1580,1,0,0,0,0,0,0,0,0,0,0,0,0,0,0,0,0,0,0,0,0.25,0.01,0,0,0,0.01,0,0,0,0,0,0,0,0,0.01,20,0,0,0.01,0,0,77,0,0.01,0,0,87,0,0,0,0,0,0,0,0,0,0,0,0,0,0,0,0,0,0,0,0,0,0,0.01,0.01,0.01,0.01,0,0,77,87,1,1,0,0,0,0,0,0,0,0,0,0,0,0,0,0,0,0,0,0,0,0,0,0,0,0,0,0,0,0,0,0,0
1585,293.15,35,0,293.15,24.5,6.125,293.15,0.5,0,293.15,0.55,0,293.15,0.6,0,350.15,0.5,0,360.15,0.5,0,0,0,-0,0,0,0,0,0,0,0,0,0,0,0,0,0,0,-0,0,0,0,0,0.5,0,0,20,0,0,0,0.35,0,0,20,0.25,0,0,0,0,20,0,0.01,0,0,0,0,20,0,0.01,0,0,0,0,0,0.01,20,0,0,0,0,0,0,0,0.01,77,0,0,0,0,0,0.01,87,0,0,0,0,0,0,0,0,0,0,0,0,0,0,0,0,0,1,1,1585,1,0,0,0,0,0,0,0,0,0,0,0,0,0,0,0,0,0,0,0,0.25,0.01,0,0,0,0.01,0,0,0,0,0,0,0,0,0.01,20,0,0,0.01,0,0,77,0,0.01,0,0,87,0,0,0,0,0,0,0,0,0,0,0,0,0,0,0,0,0,0,0,0,0,0,0.01,0.01,0.01,0.01,0,0,77,87,1,1,0,0,0,0,0,0,0,0,0,0,0,0,0,0,0,0,0,0,0,0,0,0,0,0,0,0,0,0,0,0,0
1590,293.15,35,0,293.15,24.5,6.125,293.15,0.5,0,293.15,0.55,0,293.15,0.6,0,350.15,0.5,0,360.15,0.5,0,0,0,-0,0,0,0,0,0,0,0,0,0,0,0,0,0,0,-0,0,0,0,0,0.5,0,0,20,0,0,0,0.35,0,0,20,0.25,0,0,0,0,20,0,0.01,0,0,0,0,20,0,0.01,0,0,0,0,0,0.01,20,0,0,0,0,0,0,0,0.01,77,0,0,0,0,0,0.01,87,0,0,0,0,0,0,0,0,0,0,0,0,0,0,0,0,0,1,1,1590,1,0,0,0,0,0,0,0,0,0,0,0,0,0,0,0,0,0,0,0,0.25,0.01,0,0,0,0.01,0,0,0,0,0,0,0,0,0.01,20,0,0,0.01,0,0,77,0,0.01,0,0,87,0,0,0,0,0,0,0,0,0,0,0,0,0,0,0,0,0,0,0,0,0,0,0.01,0.01,0.01,0.01,0,0,77,87,1,1,0,0,0,0,0,0,0,0,0,0,0,0,0,0,0,0,0,0,0,0,0,0,0,0,0,0,0,0,0,0,0
1595,293.15,35,0,293.15,24.5,6.125,293.15,0.5,0,293.15,0.55,0,293.15,0.6,0,350.15,0.5,0,360.15,0.5,0,0,0,-0,0,0,0,0,0,0,0,0,0,0,0,0,0,0,-0,0,0,0,0,0.5,0,0,20,0,0,0,0.35,0,0,20,0.25,0,0,0,0,20,0,0.01,0,0,0,0,20,0,0.01,0,0,0,0,0,0.01,20,0,0,0,0,0,0,0,0.01,77,0,0,0,0,0,0.01,87,0,0,0,0,0,0,0,0,0,0,0,0,0,0,0,0,0,1,1,1595,1,0,0,0,0,0,0,0,0,0,0,0,0,0,0,0,0,0,0,0,0.25,0.01,0,0,0,0.01,0,0,0,0,0,0,0,0,0.01,20,0,0,0.01,0,0,77,0,0.01,0,0,87,0,0,0,0,0,0,0,0,0,0,0,0,0,0,0,0,0,0,0,0,0,0,0.01,0.01,0.01,0.01,0,0,77,87,1,1,0,0,0,0,0,0,0,0,0,0,0,0,0,0,0,0,0,0,0,0,0,0,0,0,0,0,0,0,0,0,0
1600,293.15,35,0,293.15,24.5,6.125,293.15,0.5,0,293.15,0.55,0,293.15,0.6,0,350.15,0.5,0,360.15,0.5,0,0,0,-0,0,0,0,0,0,0,0,0,0,0,0,0,0,0,-0,0,0,0,0,0.5,0,0,20,0,0,0,0.35,0,0,20,0.25,0,0,0,0,20,0,0.01,0,0,0,0,20,0,0.01,0,0,0,0,0,0.01,20,0,0,0,0,0,0,0,0.01,77,0,0,0,0,0,0.01,87,0,0,0,0,0,0,0,0,0,0,0,0,0,0,0,0,0,1,1,1600,1,0,0,0,0,0,0,0,0,0,0,0,0,0,0,0,0,0,0,0,0.25,0.01,0,0,0,0.01,0,0,0,0,0,0,0,0,0.01,20,0,0,0.01,0,0,77,0,0.01,0,0,87,0,0,0,0,0,0,0,0,0,0,0,0,0,0,0,0,0,0,0,0,0,0,0.01,0.01,0.01,0.01,0,0,77,87,1,1,0,0,0,0,0,0,0,0,0,0,0,0,0,0,0,0,0,0,0,0,0,0,0,0,0,0,0,0,0,0,0
1605,293.15,35,0,293.15,24.5,6.125,293.15,0.5,0,293.15,0.55,0,293.15,0.6,0,350.15,0.5,0,360.15,0.5,0,0,0,-0,0,0,0,0,0,0,0,0,0,0,0,0,0,0,-0,0,0,0,0,0.5,0,0,20,0,0,0,0.35,0,0,20,0.25,0,0,0,0,20,0,0.01,0,0,0,0,20,0,0.01,0,0,0,0,0,0.01,20,0,0,0,0,0,0,0,0.01,77,0,0,0,0,0,0.01,87,0,0,0,0,0,0,0,0,0,0,0,0,0,0,0,0,0,1,1,1605,1,0,0,0,0,0,0,0,0,0,0,0,0,0,0,0,0,0,0,0,0.25,0.01,0,0,0,0.01,0,0,0,0,0,0,0,0,0.01,20,0,0,0.01,0,0,77,0,0.01,0,0,87,0,0,0,0,0,0,0,0,0,0,0,0,0,0,0,0,0,0,0,0,0,0,0.01,0.01,0.01,0.01,0,0,77,87,1,1,0,0,0,0,0,0,0,0,0,0,0,0,0,0,0,0,0,0,0,0,0,0,0,0,0,0,0,0,0,0,0
1610,293.15,35,0,293.15,24.5,6.125,293.15,0.5,0,293.15,0.55,0,293.15,0.6,0,350.15,0.5,0,360.15,0.5,0,0,0,-0,0,0,0,0,0,0,0,0,0,0,0,0,0,0,-0,0,0,0,0,0.5,0,0,20,0,0,0,0.35,0,0,20,0.25,0,0,0,0,20,0,0.01,0,0,0,0,20,0,0.01,0,0,0,0,0,0.01,20,0,0,0,0,0,0,0,0.01,77,0,0,0,0,0,0.01,87,0,0,0,0,0,0,0,0,0,0,0,0,0,0,0,0,0,1,1,1610,1,0,0,0,0,0,0,0,0,0,0,0,0,0,0,0,0,0,0,0,0.25,0.01,0,0,0,0.01,0,0,0,0,0,0,0,0,0.01,20,0,0,0.01,0,0,77,0,0.01,0,0,87,0,0,0,0,0,0,0,0,0,0,0,0,0,0,0,0,0,0,0,0,0,0,0.01,0.01,0.01,0.01,0,0,77,87,1,1,0,0,0,0,0,0,0,0,0,0,0,0,0,0,0,0,0,0,0,0,0,0,0,0,0,0,0,0,0,0,0
1615,293.15,35,0,293.15,24.5,6.125,293.15,0.5,0,293.15,0.55,0,293.15,0.6,0,350.15,0.5,0,360.15,0.5,0,0,0,-0,0,0,0,0,0,0,0,0,0,0,0,0,0,0,-0,0,0,0,0,0.5,0,0,20,0,0,0,0.35,0,0,20,0.25,0,0,0,0,20,0,0.01,0,0,0,0,20,0,0.01,0,0,0,0,0,0.01,20,0,0,0,0,0,0,0,0.01,77,0,0,0,0,0,0.01,87,0,0,0,0,0,0,0,0,0,0,0,0,0,0,0,0,0,1,1,1615,1,0,0,0,0,0,0,0,0,0,0,0,0,0,0,0,0,0,0,0,0.25,0.01,0,0,0,0.01,0,0,0,0,0,0,0,0,0.01,20,0,0,0.01,0,0,77,0,0.01,0,0,87,0,0,0,0,0,0,0,0,0,0,0,0,0,0,0,0,0,0,0,0,0,0,0.01,0.01,0.01,0.01,0,0,77,87,1,1,0,0,0,0,0,0,0,0,0,0,0,0,0,0,0,0,0,0,0,0,0,0,0,0,0,0,0,0,0,0,0
1620,293.15,35,0,293.15,24.5,6.125,293.15,0.5,0,293.15,0.55,0,293.15,0.6,0,350.15,0.5,0,360.15,0.5,0,0,0,-0,0,0,0,0,0,0,0,0,0,0,0,0,0,0,-0,0,0,0,0,0.5,0,0,20,0,0,0,0.35,0,0,20,0.25,0,0,0,0,20,0,0.01,0,0,0,0,20,0,0.01,0,0,0,0,0,0.01,20,0,0,0,0,0,0,0,0.01,77,0,0,0,0,0,0.01,87,0,0,0,0,0,0,0,0,0,0,0,0,0,0,0,0,0,1,1,1620,1,0,0,0,0,0,0,0,0,0,0,0,0,0,0,0,0,0,0,0,0.25,0.01,0,0,0,0.01,0,0,0,0,0,0,0,0,0.01,20,0,0,0.01,0,0,77,0,0.01,0,0,87,0,0,0,0,0,0,0,0,0,0,0,0,0,0,0,0,0,0,0,0,0,0,0.01,0.01,0.01,0.01,0,0,77,87,1,1,0,0,0,0,0,0,0,0,0,0,0,0,0,0,0,0,0,0,0,0,0,0,0,0,0,0,0,0,0,0,0
1625,293.15,35,0,293.15,24.5,6.125,293.15,0.5,0,293.15,0.55,0,293.15,0.6,0,350.15,0.5,0,360.15,0.5,0,0,0,-0,0,0,0,0,0,0,0,0,0,0,0,0,0,0,-0,0,0,0,0,0.5,0,0,20,0,0,0,0.35,0,0,20,0.25,0,0,0,0,20,0,0.01,0,0,0,0,20,0,0.01,0,0,0,0,0,0.01,20,0,0,0,0,0,0,0,0.01,77,0,0,0,0,0,0.01,87,0,0,0,0,0,0,0,0,0,0,0,0,0,0,0,0,0,1,1,1625,1,0,0,0,0,0,0,0,0,0,0,0,0,0,0,0,0,0,0,0,0.25,0.01,0,0,0,0.01,0,0,0,0,0,0,0,0,0.01,20,0,0,0.01,0,0,77,0,0.01,0,0,87,0,0,0,0,0,0,0,0,0,0,0,0,0,0,0,0,0,0,0,0,0,0,0.01,0.01,0.01,0.01,0,0,77,87,1,1,0,0,0,0,0,0,0,0,0,0,0,0,0,0,0,0,0,0,0,0,0,0,0,0,0,0,0,0,0,0,0
1630,293.15,35,0,293.15,24.5,6.125,293.15,0.5,0,293.15,0.55,0,293.15,0.6,0,350.15,0.5,0,360.15,0.5,0,0,0,-0,0,0,0,0,0,0,0,0,0,0,0,0,0,0,-0,0,0,0,0,0.5,0,0,20,0,0,0,0.35,0,0,20,0.25,0,0,0,0,20,0,0.01,0,0,0,0,20,0,0.01,0,0,0,0,0,0.01,20,0,0,0,0,0,0,0,0.01,77,0,0,0,0,0,0.01,87,0,0,0,0,0,0,0,0,0,0,0,0,0,0,0,0,0,1,1,1630,1,0,0,0,0,0,0,0,0,0,0,0,0,0,0,0,0,0,0,0,0.25,0.01,0,0,0,0.01,0,0,0,0,0,0,0,0,0.01,20,0,0,0.01,0,0,77,0,0.01,0,0,87,0,0,0,0,0,0,0,0,0,0,0,0,0,0,0,0,0,0,0,0,0,0,0.01,0.01,0.01,0.01,0,0,77,87,1,1,0,0,0,0,0,0,0,0,0,0,0,0,0,0,0,0,0,0,0,0,0,0,0,0,0,0,0,0,0,0,0
1635,293.15,35,0,293.15,24.5,6.125,293.15,0.5,0,293.15,0.55,0,293.15,0.6,0,350.15,0.5,0,360.15,0.5,0,0,0,-0,0,0,0,0,0,0,0,0,0,0,0,0,0,0,-0,0,0,0,0,0.5,0,0,20,0,0,0,0.35,0,0,20,0.25,0,0,0,0,20,0,0.01,0,0,0,0,20,0,0.01,0,0,0,0,0,0.01,20,0,0,0,0,0,0,0,0.01,77,0,0,0,0,0,0.01,87,0,0,0,0,0,0,0,0,0,0,0,0,0,0,0,0,0,1,1,1635,1,0,0,0,0,0,0,0,0,0,0,0,0,0,0,0,0,0,0,0,0.25,0.01,0,0,0,0.01,0,0,0,0,0,0,0,0,0.01,20,0,0,0.01,0,0,77,0,0.01,0,0,87,0,0,0,0,0,0,0,0,0,0,0,0,0,0,0,0,0,0,0,0,0,0,0.01,0.01,0.01,0.01,0,0,77,87,1,1,0,0,0,0,0,0,0,0,0,0,0,0,0,0,0,0,0,0,0,0,0,0,0,0,0,0,0,0,0,0,0
1640,293.15,35,0,293.15,24.5,6.125,293.15,0.5,0,293.15,0.55,0,293.15,0.6,0,350.15,0.5,0,360.15,0.5,0,0,0,-0,0,0,0,0,0,0,0,0,0,0,0,0,0,0,-0,0,0,0,0,0.5,0,0,20,0,0,0,0.35,0,0,20,0.25,0,0,0,0,20,0,0.01,0,0,0,0,20,0,0.01,0,0,0,0,0,0.01,20,0,0,0,0,0,0,0,0.01,77,0,0,0,0,0,0.01,87,0,0,0,0,0,0,0,0,0,0,0,0,0,0,0,0,0,1,1,1640,1,0,0,0,0,0,0,0,0,0,0,0,0,0,0,0,0,0,0,0,0.25,0.01,0,0,0,0.01,0,0,0,0,0,0,0,0,0.01,20,0,0,0.01,0,0,77,0,0.01,0,0,87,0,0,0,0,0,0,0,0,0,0,0,0,0,0,0,0,0,0,0,0,0,0,0.01,0.01,0.01,0.01,0,0,77,87,1,1,0,0,0,0,0,0,0,0,0,0,0,0,0,0,0,0,0,0,0,0,0,0,0,0,0,0,0,0,0,0,0
1645,293.15,35,0,293.15,24.5,6.125,293.15,0.5,0,293.15,0.55,0,293.15,0.6,0,350.15,0.5,0,360.15,0.5,0,0,0,-0,0,0,0,0,0,0,0,0,0,0,0,0,0,0,-0,0,0,0,0,0.5,0,0,20,0,0,0,0.35,0,0,20,0.25,0,0,0,0,20,0,0.01,0,0,0,0,20,0,0.01,0,0,0,0,0,0.01,20,0,0,0,0,0,0,0,0.01,77,0,0,0,0,0,0.01,87,0,0,0,0,0,0,0,0,0,0,0,0,0,0,0,0,0,1,1,1645,1,0,0,0,0,0,0,0,0,0,0,0,0,0,0,0,0,0,0,0,0.25,0.01,0,0,0,0.01,0,0,0,0,0,0,0,0,0.01,20,0,0,0.01,0,0,77,0,0.01,0,0,87,0,0,0,0,0,0,0,0,0,0,0,0,0,0,0,0,0,0,0,0,0,0,0.01,0.01,0.01,0.01,0,0,77,87,1,1,0,0,0,0,0,0,0,0,0,0,0,0,0,0,0,0,0,0,0,0,0,0,0,0,0,0,0,0,0,0,0
1650,293.15,35,0,293.15,24.5,6.125,293.15,0.5,0,293.15,0.55,0,293.15,0.6,0,350.15,0.5,0,360.15,0.5,0,0,0,-0,0,0,0,0,0,0,0,0,0,0,0,0,0,0,-0,0,0,0,0,0.5,0,0,20,0,0,0,0.35,0,0,20,0.25,0,0,0,0,20,0,0.01,0,0,0,0,20,0,0.01,0,0,0,0,0,0.01,20,0,0,0,0,0,0,0,0.01,77,0,0,0,0,0,0.01,87,0,0,0,0,0,0,0,0,0,0,0,0,0,0,0,0,0,1,1,1650,1,0,0,0,0,0,0,0,0,0,0,0,0,0,0,0,0,0,0,0,0.25,0.01,0,0,0,0.01,0,0,0,0,0,0,0,0,0.01,20,0,0,0.01,0,0,77,0,0.01,0,0,87,0,0,0,0,0,0,0,0,0,0,0,0,0,0,0,0,0,0,0,0,0,0,0.01,0.01,0.01,0.01,0,0,77,87,1,1,0,0,0,0,0,0,0,0,0,0,0,0,0,0,0,0,0,0,0,0,0,0,0,0,0,0,0,0,0,0,0
1655,293.15,35,0,293.15,24.5,6.125,293.15,0.5,0,293.15,0.55,0,293.15,0.6,0,350.15,0.5,0,360.15,0.5,0,0,0,-0,0,0,0,0,0,0,0,0,0,0,0,0,0,0,-0,0,0,0,0,0.5,0,0,20,0,0,0,0.35,0,0,20,0.25,0,0,0,0,20,0,0.01,0,0,0,0,20,0,0.01,0,0,0,0,0,0.01,20,0,0,0,0,0,0,0,0.01,77,0,0,0,0,0,0.01,87,0,0,0,0,0,0,0,0,0,0,0,0,0,0,0,0,0,1,1,1655,1,0,0,0,0,0,0,0,0,0,0,0,0,0,0,0,0,0,0,0,0.25,0.01,0,0,0,0.01,0,0,0,0,0,0,0,0,0.01,20,0,0,0.01,0,0,77,0,0.01,0,0,87,0,0,0,0,0,0,0,0,0,0,0,0,0,0,0,0,0,0,0,0,0,0,0.01,0.01,0.01,0.01,0,0,77,87,1,1,0,0,0,0,0,0,0,0,0,0,0,0,0,0,0,0,0,0,0,0,0,0,0,0,0,0,0,0,0,0,0
1660,293.15,35,0,293.15,24.5,6.125,293.15,0.5,0,293.15,0.55,0,293.15,0.6,0,350.15,0.5,0,360.15,0.5,0,0,0,-0,0,0,0,0,0,0,0,0,0,0,0,0,0,0,-0,0,0,0,0,0.5,0,0,20,0,0,0,0.35,0,0,20,0.25,0,0,0,0,20,0,0.01,0,0,0,0,20,0,0.01,0,0,0,0,0,0.01,20,0,0,0,0,0,0,0,0.01,77,0,0,0,0,0,0.01,87,0,0,0,0,0,0,0,0,0,0,0,0,0,0,0,0,0,1,1,1660,1,0,0,0,0,0,0,0,0,0,0,0,0,0,0,0,0,0,0,0,0.25,0.01,0,0,0,0.01,0,0,0,0,0,0,0,0,0.01,20,0,0,0.01,0,0,77,0,0.01,0,0,87,0,0,0,0,0,0,0,0,0,0,0,0,0,0,0,0,0,0,0,0,0,0,0.01,0.01,0.01,0.01,0,0,77,87,1,1,0,0,0,0,0,0,0,0,0,0,0,0,0,0,0,0,0,0,0,0,0,0,0,0,0,0,0,0,0,0,0
1665,293.15,35,0,293.15,24.5,6.125,293.15,0.5,0,293.15,0.55,0,293.15,0.6,0,350.15,0.5,0,360.15,0.5,0,0,0,-0,0,0,0,0,0,0,0,0,0,0,0,0,0,0,-0,0,0,0,0,0.5,0,0,20,0,0,0,0.35,0,0,20,0.25,0,0,0,0,20,0,0.01,0,0,0,0,20,0,0.01,0,0,0,0,0,0.01,20,0,0,0,0,0,0,0,0.01,77,0,0,0,0,0,0.01,87,0,0,0,0,0,0,0,0,0,0,0,0,0,0,0,0,0,1,1,1665,1,0,0,0,0,0,0,0,0,0,0,0,0,0,0,0,0,0,0,0,0.25,0.01,0,0,0,0.01,0,0,0,0,0,0,0,0,0.01,20,0,0,0.01,0,0,77,0,0.01,0,0,87,0,0,0,0,0,0,0,0,0,0,0,0,0,0,0,0,0,0,0,0,0,0,0.01,0.01,0.01,0.01,0,0,77,87,1,1,0,0,0,0,0,0,0,0,0,0,0,0,0,0,0,0,0,0,0,0,0,0,0,0,0,0,0,0,0,0,0
1670,293.15,35,0,293.15,24.5,6.125,293.15,0.5,0,293.15,0.55,0,293.15,0.6,0,350.15,0.5,0,360.15,0.5,0,0,0,-0,0,0,0,0,0,0,0,0,0,0,0,0,0,0,-0,0,0,0,0,0.5,0,0,20,0,0,0,0.35,0,0,20,0.25,0,0,0,0,20,0,0.01,0,0,0,0,20,0,0.01,0,0,0,0,0,0.01,20,0,0,0,0,0,0,0,0.01,77,0,0,0,0,0,0.01,87,0,0,0,0,0,0,0,0,0,0,0,0,0,0,0,0,0,1,1,1670,1,0,0,0,0,0,0,0,0,0,0,0,0,0,0,0,0,0,0,0,0.25,0.01,0,0,0,0.01,0,0,0,0,0,0,0,0,0.01,20,0,0,0.01,0,0,77,0,0.01,0,0,87,0,0,0,0,0,0,0,0,0,0,0,0,0,0,0,0,0,0,0,0,0,0,0.01,0.01,0.01,0.01,0,0,77,87,1,1,0,0,0,0,0,0,0,0,0,0,0,0,0,0,0,0,0,0,0,0,0,0,0,0,0,0,0,0,0,0,0
1675,293.15,35,0,293.15,24.5,6.125,293.15,0.5,0,293.15,0.55,0,293.15,0.6,0,350.15,0.5,0,360.15,0.5,0,0,0,-0,0,0,0,0,0,0,0,0,0,0,0,0,0,0,-0,0,0,0,0,0.5,0,0,20,0,0,0,0.35,0,0,20,0.25,0,0,0,0,20,0,0.01,0,0,0,0,20,0,0.01,0,0,0,0,0,0.01,20,0,0,0,0,0,0,0,0.01,77,0,0,0,0,0,0.01,87,0,0,0,0,0,0,0,0,0,0,0,0,0,0,0,0,0,1,1,1675,1,0,0,0,0,0,0,0,0,0,0,0,0,0,0,0,0,0,0,0,0.25,0.01,0,0,0,0.01,0,0,0,0,0,0,0,0,0.01,20,0,0,0.01,0,0,77,0,0.01,0,0,87,0,0,0,0,0,0,0,0,0,0,0,0,0,0,0,0,0,0,0,0,0,0,0.01,0.01,0.01,0.01,0,0,77,87,1,1,0,0,0,0,0,0,0,0,0,0,0,0,0,0,0,0,0,0,0,0,0,0,0,0,0,0,0,0,0,0,0
1680,293.15,35,0,293.15,24.5,6.125,293.15,0.5,0,293.15,0.55,0,293.15,0.6,0,350.15,0.5,0,360.15,0.5,0,0,0,-0,0,0,0,0,0,0,0,0,0,0,0,0,0,0,-0,0,0,0,0,0.5,0,0,20,0,0,0,0.35,0,0,20,0.25,0,0,0,0,20,0,0.01,0,0,0,0,20,0,0.01,0,0,0,0,0,0.01,20,0,0,0,0,0,0,0,0.01,77,0,0,0,0,0,0.01,87,0,0,0,0,0,0,0,0,0,0,0,0,0,0,0,0,0,1,1,1680,1,0,0,0,0,0,0,0,0,0,0,0,0,0,0,0,0,0,0,0,0.25,0.01,0,0,0,0.01,0,0,0,0,0,0,0,0,0.01,20,0,0,0.01,0,0,77,0,0.01,0,0,87,0,0,0,0,0,0,0,0,0,0,0,0,0,0,0,0,0,0,0,0,0,0,0.01,0.01,0.01,0.01,0,0,77,87,1,1,0,0,0,0,0,0,0,0,0,0,0,0,0,0,0,0,0,0,0,0,0,0,0,0,0,0,0,0,0,0,0
1685,293.15,35,0,293.15,24.5,6.125,293.15,0.5,0,293.15,0.55,0,293.15,0.6,0,350.15,0.5,0,360.15,0.5,0,0,0,-0,0,0,0,0,0,0,0,0,0,0,0,0,0,0,-0,0,0,0,0,0.5,0,0,20,0,0,0,0.35,0,0,20,0.25,0,0,0,0,20,0,0.01,0,0,0,0,20,0,0.01,0,0,0,0,0,0.01,20,0,0,0,0,0,0,0,0.01,77,0,0,0,0,0,0.01,87,0,0,0,0,0,0,0,0,0,0,0,0,0,0,0,0,0,1,1,1685,1,0,0,0,0,0,0,0,0,0,0,0,0,0,0,0,0,0,0,0,0.25,0.01,0,0,0,0.01,0,0,0,0,0,0,0,0,0.01,20,0,0,0.01,0,0,77,0,0.01,0,0,87,0,0,0,0,0,0,0,0,0,0,0,0,0,0,0,0,0,0,0,0,0,0,0.01,0.01,0.01,0.01,0,0,77,87,1,1,0,0,0,0,0,0,0,0,0,0,0,0,0,0,0,0,0,0,0,0,0,0,0,0,0,0,0,0,0,0,0
1690,293.15,35,0,293.15,24.5,6.125,293.15,0.5,0,293.15,0.55,0,293.15,0.6,0,350.15,0.5,0,360.15,0.5,0,0,0,-0,0,0,0,0,0,0,0,0,0,0,0,0,0,0,-0,0,0,0,0,0.5,0,0,20,0,0,0,0.35,0,0,20,0.25,0,0,0,0,20,0,0.01,0,0,0,0,20,0,0.01,0,0,0,0,0,0.01,20,0,0,0,0,0,0,0,0.01,77,0,0,0,0,0,0.01,87,0,0,0,0,0,0,0,0,0,0,0,0,0,0,0,0,0,1,1,1690,1,0,0,0,0,0,0,0,0,0,0,0,0,0,0,0,0,0,0,0,0.25,0.01,0,0,0,0.01,0,0,0,0,0,0,0,0,0.01,20,0,0,0.01,0,0,77,0,0.01,0,0,87,0,0,0,0,0,0,0,0,0,0,0,0,0,0,0,0,0,0,0,0,0,0,0.01,0.01,0.01,0.01,0,0,77,87,1,1,0,0,0,0,0,0,0,0,0,0,0,0,0,0,0,0,0,0,0,0,0,0,0,0,0,0,0,0,0,0,0
1695,293.15,35,0,293.15,24.5,6.125,293.15,0.5,0,293.15,0.55,0,293.15,0.6,0,350.15,0.5,0,360.15,0.5,0,0,0,-0,0,0,0,0,0,0,0,0,0,0,0,0,0,0,-0,0,0,0,0,0.5,0,0,20,0,0,0,0.35,0,0,20,0.25,0,0,0,0,20,0,0.01,0,0,0,0,20,0,0.01,0,0,0,0,0,0.01,20,0,0,0,0,0,0,0,0.01,77,0,0,0,0,0,0.01,87,0,0,0,0,0,0,0,0,0,0,0,0,0,0,0,0,0,1,1,1695,1,0,0,0,0,0,0,0,0,0,0,0,0,0,0,0,0,0,0,0,0.25,0.01,0,0,0,0.01,0,0,0,0,0,0,0,0,0.01,20,0,0,0.01,0,0,77,0,0.01,0,0,87,0,0,0,0,0,0,0,0,0,0,0,0,0,0,0,0,0,0,0,0,0,0,0.01,0.01,0.01,0.01,0,0,77,87,1,1,0,0,0,0,0,0,0,0,0,0,0,0,0,0,0,0,0,0,0,0,0,0,0,0,0,0,0,0,0,0,0
1700,293.15,35,0,293.15,24.5,6.125,293.15,0.5,0,293.15,0.55,0,293.15,0.6,0,350.15,0.5,0,360.15,0.5,0,0,0,-0,0,0,0,0,0,0,0,0,0,0,0,0,0,0,-0,0,0,0,0,0.5,0,0,20,0,0,0,0.35,0,0,20,0.25,0,0,0,0,20,0,0.01,0,0,0,0,20,0,0.01,0,0,0,0,0,0.01,20,0,0,0,0,0,0,0,0.01,77,0,0,0,0,0,0.01,87,0,0,0,0,0,0,0,0,0,0,0,0,0,0,0,0,0,1,1,1700,1,0,0,0,0,0,0,0,0,0,0,0,0,0,0,0,0,0,0,0,0.25,0.01,0,0,0,0.01,0,0,0,0,0,0,0,0,0.01,20,0,0,0.01,0,0,77,0,0.01,0,0,87,0,0,0,0,0,0,0,0,0,0,0,0,0,0,0,0,0,0,0,0,0,0,0.01,0.01,0.01,0.01,0,0,77,87,1,1,0,0,0,0,0,0,0,0,0,0,0,0,0,0,0,0,0,0,0,0,0,0,0,0,0,0,0,0,0,0,0
1705,293.15,35,0,293.15,24.5,6.125,293.15,0.5,0,293.15,0.55,0,293.15,0.6,0,350.15,0.5,0,360.15,0.5,0,0,0,-0,0,0,0,0,0,0,0,0,0,0,0,0,0,0,-0,0,0,0,0,0.5,0,0,20,0,0,0,0.35,0,0,20,0.25,0,0,0,0,20,0,0.01,0,0,0,0,20,0,0.01,0,0,0,0,0,0.01,20,0,0,0,0,0,0,0,0.01,77,0,0,0,0,0,0.01,87,0,0,0,0,0,0,0,0,0,0,0,0,0,0,0,0,0,1,1,1705,1,0,0,0,0,0,0,0,0,0,0,0,0,0,0,0,0,0,0,0,0.25,0.01,0,0,0,0.01,0,0,0,0,0,0,0,0,0.01,20,0,0,0.01,0,0,77,0,0.01,0,0,87,0,0,0,0,0,0,0,0,0,0,0,0,0,0,0,0,0,0,0,0,0,0,0.01,0.01,0.01,0.01,0,0,77,87,1,1,0,0,0,0,0,0,0,0,0,0,0,0,0,0,0,0,0,0,0,0,0,0,0,0,0,0,0,0,0,0,0
1710,293.15,35,0,293.15,24.5,6.125,293.15,0.5,0,293.15,0.55,0,293.15,0.6,0,350.15,0.5,0,360.15,0.5,0,0,0,-0,0,0,0,0,0,0,0,0,0,0,0,0,0,0,-0,0,0,0,0,0.5,0,0,20,0,0,0,0.35,0,0,20,0.25,0,0,0,0,20,0,0.01,0,0,0,0,20,0,0.01,0,0,0,0,0,0.01,20,0,0,0,0,0,0,0,0.01,77,0,0,0,0,0,0.01,87,0,0,0,0,0,0,0,0,0,0,0,0,0,0,0,0,0,1,1,1710,1,0,0,0,0,0,0,0,0,0,0,0,0,0,0,0,0,0,0,0,0.25,0.01,0,0,0,0.01,0,0,0,0,0,0,0,0,0.01,20,0,0,0.01,0,0,77,0,0.01,0,0,87,0,0,0,0,0,0,0,0,0,0,0,0,0,0,0,0,0,0,0,0,0,0,0.01,0.01,0.01,0.01,0,0,77,87,1,1,0,0,0,0,0,0,0,0,0,0,0,0,0,0,0,0,0,0,0,0,0,0,0,0,0,0,0,0,0,0,0
1715,293.15,35,0,293.15,24.5,6.125,293.15,0.5,0,293.15,0.55,0,293.15,0.6,0,350.15,0.5,0,360.15,0.5,0,0,0,-0,0,0,0,0,0,0,0,0,0,0,0,0,0,0,-0,0,0,0,0,0.5,0,0,20,0,0,0,0.35,0,0,20,0.25,0,0,0,0,20,0,0.01,0,0,0,0,20,0,0.01,0,0,0,0,0,0.01,20,0,0,0,0,0,0,0,0.01,77,0,0,0,0,0,0.01,87,0,0,0,0,0,0,0,0,0,0,0,0,0,0,0,0,0,1,1,1715,1,0,0,0,0,0,0,0,0,0,0,0,0,0,0,0,0,0,0,0,0.25,0.01,0,0,0,0.01,0,0,0,0,0,0,0,0,0.01,20,0,0,0.01,0,0,77,0,0.01,0,0,87,0,0,0,0,0,0,0,0,0,0,0,0,0,0,0,0,0,0,0,0,0,0,0.01,0.01,0.01,0.01,0,0,77,87,1,1,0,0,0,0,0,0,0,0,0,0,0,0,0,0,0,0,0,0,0,0,0,0,0,0,0,0,0,0,0,0,0
1720,293.15,35,0,293.15,24.5,6.125,293.15,0.5,0,293.15,0.55,0,293.15,0.6,0,350.15,0.5,0,360.15,0.5,0,0,0,-0,0,0,0,0,0,0,0,0,0,0,0,0,0,0,-0,0,0,0,0,0.5,0,0,20,0,0,0,0.35,0,0,20,0.25,0,0,0,0,20,0,0.01,0,0,0,0,20,0,0.01,0,0,0,0,0,0.01,20,0,0,0,0,0,0,0,0.01,77,0,0,0,0,0,0.01,87,0,0,0,0,0,0,0,0,0,0,0,0,0,0,0,0,0,1,1,1720,1,0,0,0,0,0,0,0,0,0,0,0,0,0,0,0,0,0,0,0,0.25,0.01,0,0,0,0.01,0,0,0,0,0,0,0,0,0.01,20,0,0,0.01,0,0,77,0,0.01,0,0,87,0,0,0,0,0,0,0,0,0,0,0,0,0,0,0,0,0,0,0,0,0,0,0.01,0.01,0.01,0.01,0,0,77,87,1,1,0,0,0,0,0,0,0,0,0,0,0,0,0,0,0,0,0,0,0,0,0,0,0,0,0,0,0,0,0,0,0
1725,293.15,35,0,293.15,24.5,6.125,293.15,0.5,0,293.15,0.55,0,293.15,0.6,0,350.15,0.5,0,360.15,0.5,0,0,0,-0,0,0,0,0,0,0,0,0,0,0,0,0,0,0,-0,0,0,0,0,0.5,0,0,20,0,0,0,0.35,0,0,20,0.25,0,0,0,0,20,0,0.01,0,0,0,0,20,0,0.01,0,0,0,0,0,0.01,20,0,0,0,0,0,0,0,0.01,77,0,0,0,0,0,0.01,87,0,0,0,0,0,0,0,0,0,0,0,0,0,0,0,0,0,1,1,1725,1,0,0,0,0,0,0,0,0,0,0,0,0,0,0,0,0,0,0,0,0.25,0.01,0,0,0,0.01,0,0,0,0,0,0,0,0,0.01,20,0,0,0.01,0,0,77,0,0.01,0,0,87,0,0,0,0,0,0,0,0,0,0,0,0,0,0,0,0,0,0,0,0,0,0,0.01,0.01,0.01,0.01,0,0,77,87,1,1,0,0,0,0,0,0,0,0,0,0,0,0,0,0,0,0,0,0,0,0,0,0,0,0,0,0,0,0,0,0,0
1730,293.15,35,0,293.15,24.5,6.125,293.15,0.5,0,293.15,0.55,0,293.15,0.6,0,350.15,0.5,0,360.15,0.5,0,0,0,-0,0,0,0,0,0,0,0,0,0,0,0,0,0,0,-0,0,0,0,0,0.5,0,0,20,0,0,0,0.35,0,0,20,0.25,0,0,0,0,20,0,0.01,0,0,0,0,20,0,0.01,0,0,0,0,0,0.01,20,0,0,0,0,0,0,0,0.01,77,0,0,0,0,0,0.01,87,0,0,0,0,0,0,0,0,0,0,0,0,0,0,0,0,0,1,1,1730,1,0,0,0,0,0,0,0,0,0,0,0,0,0,0,0,0,0,0,0,0.25,0.01,0,0,0,0.01,0,0,0,0,0,0,0,0,0.01,20,0,0,0.01,0,0,77,0,0.01,0,0,87,0,0,0,0,0,0,0,0,0,0,0,0,0,0,0,0,0,0,0,0,0,0,0.01,0.01,0.01,0.01,0,0,77,87,1,1,0,0,0,0,0,0,0,0,0,0,0,0,0,0,0,0,0,0,0,0,0,0,0,0,0,0,0,0,0,0,0
1735,293.15,35,0,293.15,24.5,6.125,293.15,0.5,0,293.15,0.55,0,293.15,0.6,0,350.15,0.5,0,360.15,0.5,0,0,0,-0,0,0,0,0,0,0,0,0,0,0,0,0,0,0,-0,0,0,0,0,0.5,0,0,20,0,0,0,0.35,0,0,20,0.25,0,0,0,0,20,0,0.01,0,0,0,0,20,0,0.01,0,0,0,0,0,0.01,20,0,0,0,0,0,0,0,0.01,77,0,0,0,0,0,0.01,87,0,0,0,0,0,0,0,0,0,0,0,0,0,0,0,0,0,1,1,1735,1,0,0,0,0,0,0,0,0,0,0,0,0,0,0,0,0,0,0,0,0.25,0.01,0,0,0,0.01,0,0,0,0,0,0,0,0,0.01,20,0,0,0.01,0,0,77,0,0.01,0,0,87,0,0,0,0,0,0,0,0,0,0,0,0,0,0,0,0,0,0,0,0,0,0,0.01,0.01,0.01,0.01,0,0,77,87,1,1,0,0,0,0,0,0,0,0,0,0,0,0,0,0,0,0,0,0,0,0,0,0,0,0,0,0,0,0,0,0,0
1740,293.15,35,0,293.15,24.5,6.125,293.15,0.5,0,293.15,0.55,0,293.15,0.6,0,350.15,0.5,0,360.15,0.5,0,0,0,-0,0,0,0,0,0,0,0,0,0,0,0,0,0,0,-0,0,0,0,0,0.5,0,0,20,0,0,0,0.35,0,0,20,0.25,0,0,0,0,20,0,0.01,0,0,0,0,20,0,0.01,0,0,0,0,0,0.01,20,0,0,0,0,0,0,0,0.01,77,0,0,0,0,0,0.01,87,0,0,0,0,0,0,0,0,0,0,0,0,0,0,0,0,0,1,1,1740,1,0,0,0,0,0,0,0,0,0,0,0,0,0,0,0,0,0,0,0,0.25,0.01,0,0,0,0.01,0,0,0,0,0,0,0,0,0.01,20,0,0,0.01,0,0,77,0,0.01,0,0,87,0,0,0,0,0,0,0,0,0,0,0,0,0,0,0,0,0,0,0,0,0,0,0.01,0.01,0.01,0.01,0,0,77,87,1,1,0,0,0,0,0,0,0,0,0,0,0,0,0,0,0,0,0,0,0,0,0,0,0,0,0,0,0,0,0,0,0
1745,293.15,35,0,293.15,24.5,6.125,293.15,0.5,0,293.15,0.55,0,293.15,0.6,0,350.15,0.5,0,360.15,0.5,0,0,0,-0,0,0,0,0,0,0,0,0,0,0,0,0,0,0,-0,0,0,0,0,0.5,0,0,20,0,0,0,0.35,0,0,20,0.25,0,0,0,0,20,0,0.01,0,0,0,0,20,0,0.01,0,0,0,0,0,0.01,20,0,0,0,0,0,0,0,0.01,77,0,0,0,0,0,0.01,87,0,0,0,0,0,0,0,0,0,0,0,0,0,0,0,0,0,1,1,1745,1,0,0,0,0,0,0,0,0,0,0,0,0,0,0,0,0,0,0,0,0.25,0.01,0,0,0,0.01,0,0,0,0,0,0,0,0,0.01,20,0,0,0.01,0,0,77,0,0.01,0,0,87,0,0,0,0,0,0,0,0,0,0,0,0,0,0,0,0,0,0,0,0,0,0,0.01,0.01,0.01,0.01,0,0,77,87,1,1,0,0,0,0,0,0,0,0,0,0,0,0,0,0,0,0,0,0,0,0,0,0,0,0,0,0,0,0,0,0,0
1750,293.15,35,0,293.15,24.5,6.125,293.15,0.5,0,293.15,0.55,0,293.15,0.6,0,350.15,0.5,0,360.15,0.5,0,0,0,-0,0,0,0,0,0,0,0,0,0,0,0,0,0,0,-0,0,0,0,0,0.5,0,0,20,0,0,0,0.35,0,0,20,0.25,0,0,0,0,20,0,0.01,0,0,0,0,20,0,0.01,0,0,0,0,0,0.01,20,0,0,0,0,0,0,0,0.01,77,0,0,0,0,0,0.01,87,0,0,0,0,0,0,0,0,0,0,0,0,0,0,0,0,0,1,1,1750,1,0,0,0,0,0,0,0,0,0,0,0,0,0,0,0,0,0,0,0,0.25,0.01,0,0,0,0.01,0,0,0,0,0,0,0,0,0.01,20,0,0,0.01,0,0,77,0,0.01,0,0,87,0,0,0,0,0,0,0,0,0,0,0,0,0,0,0,0,0,0,0,0,0,0,0.01,0.01,0.01,0.01,0,0,77,87,1,1,0,0,0,0,0,0,0,0,0,0,0,0,0,0,0,0,0,0,0,0,0,0,0,0,0,0,0,0,0,0,0
1755,293.15,35,0,293.15,24.5,6.125,293.15,0.5,0,293.15,0.55,0,293.15,0.6,0,350.15,0.5,0,360.15,0.5,0,0,0,-0,0,0,0,0,0,0,0,0,0,0,0,0,0,0,-0,0,0,0,0,0.5,0,0,20,0,0,0,0.35,0,0,20,0.25,0,0,0,0,20,0,0.01,0,0,0,0,20,0,0.01,0,0,0,0,0,0.01,20,0,0,0,0,0,0,0,0.01,77,0,0,0,0,0,0.01,87,0,0,0,0,0,0,0,0,0,0,0,0,0,0,0,0,0,1,1,1755,1,0,0,0,0,0,0,0,0,0,0,0,0,0,0,0,0,0,0,0,0.25,0.01,0,0,0,0.01,0,0,0,0,0,0,0,0,0.01,20,0,0,0.01,0,0,77,0,0.01,0,0,87,0,0,0,0,0,0,0,0,0,0,0,0,0,0,0,0,0,0,0,0,0,0,0.01,0.01,0.01,0.01,0,0,77,87,1,1,0,0,0,0,0,0,0,0,0,0,0,0,0,0,0,0,0,0,0,0,0,0,0,0,0,0,0,0,0,0,0
1760,293.15,35,0,293.15,24.5,6.125,293.15,0.5,0,293.15,0.55,0,293.15,0.6,0,350.15,0.5,0,360.15,0.5,0,0,0,-0,0,0,0,0,0,0,0,0,0,0,0,0,0,0,-0,0,0,0,0,0.5,0,0,20,0,0,0,0.35,0,0,20,0.25,0,0,0,0,20,0,0.01,0,0,0,0,20,0,0.01,0,0,0,0,0,0.01,20,0,0,0,0,0,0,0,0.01,77,0,0,0,0,0,0.01,87,0,0,0,0,0,0,0,0,0,0,0,0,0,0,0,0,0,1,1,1760,1,0,0,0,0,0,0,0,0,0,0,0,0,0,0,0,0,0,0,0,0.25,0.01,0,0,0,0.01,0,0,0,0,0,0,0,0,0.01,20,0,0,0.01,0,0,77,0,0.01,0,0,87,0,0,0,0,0,0,0,0,0,0,0,0,0,0,0,0,0,0,0,0,0,0,0.01,0.01,0.01,0.01,0,0,77,87,1,1,0,0,0,0,0,0,0,0,0,0,0,0,0,0,0,0,0,0,0,0,0,0,0,0,0,0,0,0,0,0,0
1765,293.15,35,0,293.15,24.5,6.125,293.15,0.5,0,293.15,0.55,0,293.15,0.6,0,350.15,0.5,0,360.15,0.5,0,0,0,-0,0,0,0,0,0,0,0,0,0,0,0,0,0,0,-0,0,0,0,0,0.5,0,0,20,0,0,0,0.35,0,0,20,0.25,0,0,0,0,20,0,0.01,0,0,0,0,20,0,0.01,0,0,0,0,0,0.01,20,0,0,0,0,0,0,0,0.01,77,0,0,0,0,0,0.01,87,0,0,0,0,0,0,0,0,0,0,0,0,0,0,0,0,0,1,1,1765,1,0,0,0,0,0,0,0,0,0,0,0,0,0,0,0,0,0,0,0,0.25,0.01,0,0,0,0.01,0,0,0,0,0,0,0,0,0.01,20,0,0,0.01,0,0,77,0,0.01,0,0,87,0,0,0,0,0,0,0,0,0,0,0,0,0,0,0,0,0,0,0,0,0,0,0.01,0.01,0.01,0.01,0,0,77,87,1,1,0,0,0,0,0,0,0,0,0,0,0,0,0,0,0,0,0,0,0,0,0,0,0,0,0,0,0,0,0,0,0
1770,293.15,35,0,293.15,24.5,6.125,293.15,0.5,0,293.15,0.55,0,293.15,0.6,0,350.15,0.5,0,360.15,0.5,0,0,0,-0,0,0,0,0,0,0,0,0,0,0,0,0,0,0,-0,0,0,0,0,0.5,0,0,20,0,0,0,0.35,0,0,20,0.25,0,0,0,0,20,0,0.01,0,0,0,0,20,0,0.01,0,0,0,0,0,0.01,20,0,0,0,0,0,0,0,0.01,77,0,0,0,0,0,0.01,87,0,0,0,0,0,0,0,0,0,0,0,0,0,0,0,0,0,1,1,1770,1,0,0,0,0,0,0,0,0,0,0,0,0,0,0,0,0,0,0,0,0.25,0.01,0,0,0,0.01,0,0,0,0,0,0,0,0,0.01,20,0,0,0.01,0,0,77,0,0.01,0,0,87,0,0,0,0,0,0,0,0,0,0,0,0,0,0,0,0,0,0,0,0,0,0,0.01,0.01,0.01,0.01,0,0,77,87,1,1,0,0,0,0,0,0,0,0,0,0,0,0,0,0,0,0,0,0,0,0,0,0,0,0,0,0,0,0,0,0,0
1775,293.15,35,0,293.15,24.5,6.125,293.15,0.5,0,293.15,0.55,0,293.15,0.6,0,350.15,0.5,0,360.15,0.5,0,0,0,-0,0,0,0,0,0,0,0,0,0,0,0,0,0,0,-0,0,0,0,0,0.5,0,0,20,0,0,0,0.35,0,0,20,0.25,0,0,0,0,20,0,0.01,0,0,0,0,20,0,0.01,0,0,0,0,0,0.01,20,0,0,0,0,0,0,0,0.01,77,0,0,0,0,0,0.01,87,0,0,0,0,0,0,0,0,0,0,0,0,0,0,0,0,0,1,1,1775,1,0,0,0,0,0,0,0,0,0,0,0,0,0,0,0,0,0,0,0,0.25,0.01,0,0,0,0.01,0,0,0,0,0,0,0,0,0.01,20,0,0,0.01,0,0,77,0,0.01,0,0,87,0,0,0,0,0,0,0,0,0,0,0,0,0,0,0,0,0,0,0,0,0,0,0.01,0.01,0.01,0.01,0,0,77,87,1,1,0,0,0,0,0,0,0,0,0,0,0,0,0,0,0,0,0,0,0,0,0,0,0,0,0,0,0,0,0,0,0
1780,293.15,35,0,293.15,24.5,6.125,293.15,0.5,0,293.15,0.55,0,293.15,0.6,0,350.15,0.5,0,360.15,0.5,0,0,0,-0,0,0,0,0,0,0,0,0,0,0,0,0,0,0,-0,0,0,0,0,0.5,0,0,20,0,0,0,0.35,0,0,20,0.25,0,0,0,0,20,0,0.01,0,0,0,0,20,0,0.01,0,0,0,0,0,0.01,20,0,0,0,0,0,0,0,0.01,77,0,0,0,0,0,0.01,87,0,0,0,0,0,0,0,0,0,0,0,0,0,0,0,0,0,1,1,1780,1,0,0,0,0,0,0,0,0,0,0,0,0,0,0,0,0,0,0,0,0.25,0.01,0,0,0,0.01,0,0,0,0,0,0,0,0,0.01,20,0,0,0.01,0,0,77,0,0.01,0,0,87,0,0,0,0,0,0,0,0,0,0,0,0,0,0,0,0,0,0,0,0,0,0,0.01,0.01,0.01,0.01,0,0,77,87,1,1,0,0,0,0,0,0,0,0,0,0,0,0,0,0,0,0,0,0,0,0,0,0,0,0,0,0,0,0,0,0,0
1785,293.15,35,0,293.15,24.5,6.125,293.15,0.5,0,293.15,0.55,0,293.15,0.6,0,350.15,0.5,0,360.15,0.5,0,0,0,-0,0,0,0,0,0,0,0,0,0,0,0,0,0,0,-0,0,0,0,0,0.5,0,0,20,0,0,0,0.35,0,0,20,0.25,0,0,0,0,20,0,0.01,0,0,0,0,20,0,0.01,0,0,0,0,0,0.01,20,0,0,0,0,0,0,0,0.01,77,0,0,0,0,0,0.01,87,0,0,0,0,0,0,0,0,0,0,0,0,0,0,0,0,0,1,1,1785,1,0,0,0,0,0,0,0,0,0,0,0,0,0,0,0,0,0,0,0,0.25,0.01,0,0,0,0.01,0,0,0,0,0,0,0,0,0.01,20,0,0,0.01,0,0,77,0,0.01,0,0,87,0,0,0,0,0,0,0,0,0,0,0,0,0,0,0,0,0,0,0,0,0,0,0.01,0.01,0.01,0.01,0,0,77,87,1,1,0,0,0,0,0,0,0,0,0,0,0,0,0,0,0,0,0,0,0,0,0,0,0,0,0,0,0,0,0,0,0
1790,293.15,35,0,293.15,24.5,6.125,293.15,0.5,0,293.15,0.55,0,293.15,0.6,0,350.15,0.5,0,360.15,0.5,0,0,0,-0,0,0,0,0,0,0,0,0,0,0,0,0,0,0,-0,0,0,0,0,0.5,0,0,20,0,0,0,0.35,0,0,20,0.25,0,0,0,0,20,0,0.01,0,0,0,0,20,0,0.01,0,0,0,0,0,0.01,20,0,0,0,0,0,0,0,0.01,77,0,0,0,0,0,0.01,87,0,0,0,0,0,0,0,0,0,0,0,0,0,0,0,0,0,1,1,1790,1,0,0,0,0,0,0,0,0,0,0,0,0,0,0,0,0,0,0,0,0.25,0.01,0,0,0,0.01,0,0,0,0,0,0,0,0,0.01,20,0,0,0.01,0,0,77,0,0.01,0,0,87,0,0,0,0,0,0,0,0,0,0,0,0,0,0,0,0,0,0,0,0,0,0,0.01,0.01,0.01,0.01,0,0,77,87,1,1,0,0,0,0,0,0,0,0,0,0,0,0,0,0,0,0,0,0,0,0,0,0,0,0,0,0,0,0,0,0,0
1795,293.15,35,0,293.15,24.5,6.125,293.15,0.5,0,293.15,0.55,0,293.15,0.6,0,350.15,0.5,0,360.15,0.5,0,0,0,-0,0,0,0,0,0,0,0,0,0,0,0,0,0,0,-0,0,0,0,0,0.5,0,0,20,0,0,0,0.35,0,0,20,0.25,0,0,0,0,20,0,0.01,0,0,0,0,20,0,0.01,0,0,0,0,0,0.01,20,0,0,0,0,0,0,0,0.01,77,0,0,0,0,0,0.01,87,0,0,0,0,0,0,0,0,0,0,0,0,0,0,0,0,0,1,1,1795,1,0,0,0,0,0,0,0,0,0,0,0,0,0,0,0,0,0,0,0,0.25,0.01,0,0,0,0.01,0,0,0,0,0,0,0,0,0.01,20,0,0,0.01,0,0,77,0,0.01,0,0,87,0,0,0,0,0,0,0,0,0,0,0,0,0,0,0,0,0,0,0,0,0,0,0.01,0.01,0.01,0.01,0,0,77,87,1,1,0,0,0,0,0,0,0,0,0,0,0,0,0,0,0,0,0,0,0,0,0,0,0,0,0,0,0,0,0,0,0
1800,293.15,35,0,293.15,24.5,6.125,293.15,0.5,0,293.15,0.55,0,293.15,0.6,0,350.15,0.5,0,360.15,0.5,0,0,0,-0,0,0,0,0,0,0,0,0,0,0,0,0,0,0,-0,0,0,0,0,0.5,0,0,20,0,0,0,0.35,0,0,20,0.25,0,0,0,0,20,0,0.01,0,0,0,0,20,0,0.01,0,0,0,0,0,0.01,20,0,0,0,0,0,0,0,0.01,77,0,0,0,0,0,0.01,87,0,0,0,0,0,0,0,0,0,0,0,0,0,0,0,0,0,1,1,1800,1,0,0,0,0,0,0,0,0,0,0,0,0,0,0,0,0,0,0,0,0.25,0.01,0,0,0,0.01,0,0,0,0,0,0,0,0,0.01,20,0,0,0.01,0,0,77,0,0.01,0,0,87,0,0,0,0,0,0,0,0,0,0,0,0,0,0,0,0,0,0,0,0,0,0,0.01,0.01,0.01,0.01,0,0,77,87,1,1,0,0,0,0,0,0,0,0,0,0,0,0,0,0,0,0,0,0,0,0,0,0,0,0,0,0,0,0,0,0,0
1805,293.15,35,0,293.15,24.5,6.125,293.15,0.5,0,293.15,0.55,0,293.15,0.6,0,350.15,0.5,0,360.15,0.5,0,0,0,-0,0,0,0,0,0,0,0,0,0,0,0,0,0,0,-0,0,0,0,0,0.5,0,0,20,0,0,0,0.35,0,0,20,0.25,0,0,0,0,20,0,0.01,0,0,0,0,20,0,0.01,0,0,0,0,0,0.01,20,0,0,0,0,0,0,0,0.01,77,0,0,0,0,0,0.01,87,0,0,0,0,0,0,0,0,0,0,0,0,0,0,0,0,0,1,1,1805,1,0,0,0,0,0,0,0,0,0,0,0,0,0,0,0,0,0,0,0,0.25,0.01,0,0,0,0.01,0,0,0,0,0,0,0,0,0.01,20,0,0,0.01,0,0,77,0,0.01,0,0,87,0,0,0,0,0,0,0,0,0,0,0,0,0,0,0,0,0,0,0,0,0,0,0.01,0.01,0.01,0.01,0,0,77,87,1,1,0,0,0,0,0,0,0,0,0,0,0,0,0,0,0,0,0,0,0,0,0,0,0,0,0,0,0,0,0,0,0
1810,293.15,35,0,293.15,24.5,6.125,293.15,0.5,0,293.15,0.55,0,293.15,0.6,0,350.15,0.5,0,360.15,0.5,0,0,0,-0,0,0,0,0,0,0,0,0,0,0,0,0,0,0,-0,0,0,0,0,0.5,0,0,20,0,0,0,0.35,0,0,20,0.25,0,0,0,0,20,0,0.01,0,0,0,0,20,0,0.01,0,0,0,0,0,0.01,20,0,0,0,0,0,0,0,0.01,77,0,0,0,0,0,0.01,87,0,0,0,0,0,0,0,0,0,0,0,0,0,0,0,0,0,1,1,1810,1,0,0,0,0,0,0,0,0,0,0,0,0,0,0,0,0,0,0,0,0.25,0.01,0,0,0,0.01,0,0,0,0,0,0,0,0,0.01,20,0,0,0.01,0,0,77,0,0.01,0,0,87,0,0,0,0,0,0,0,0,0,0,0,0,0,0,0,0,0,0,0,0,0,0,0.01,0.01,0.01,0.01,0,0,77,87,1,1,0,0,0,0,0,0,0,0,0,0,0,0,0,0,0,0,0,0,0,0,0,0,0,0,0,0,0,0,0,0,0
1815,293.15,35,0,293.15,24.5,6.125,293.15,0.5,0,293.15,0.55,0,293.15,0.6,0,350.15,0.5,0,360.15,0.5,0,0,0,-0,0,0,0,0,0,0,0,0,0,0,0,0,0,0,-0,0,0,0,0,0.5,0,0,20,0,0,0,0.35,0,0,20,0.25,0,0,0,0,20,0,0.01,0,0,0,0,20,0,0.01,0,0,0,0,0,0.01,20,0,0,0,0,0,0,0,0.01,77,0,0,0,0,0,0.01,87,0,0,0,0,0,0,0,0,0,0,0,0,0,0,0,0,0,1,1,1815,1,0,0,0,0,0,0,0,0,0,0,0,0,0,0,0,0,0,0,0,0.25,0.01,0,0,0,0.01,0,0,0,0,0,0,0,0,0.01,20,0,0,0.01,0,0,77,0,0.01,0,0,87,0,0,0,0,0,0,0,0,0,0,0,0,0,0,0,0,0,0,0,0,0,0,0.01,0.01,0.01,0.01,0,0,77,87,1,1,0,0,0,0,0,0,0,0,0,0,0,0,0,0,0,0,0,0,0,0,0,0,0,0,0,0,0,0,0,0,0
1820,293.15,35,0,293.15,24.5,6.125,293.15,0.5,0,293.15,0.55,0,293.15,0.6,0,350.15,0.5,0,360.15,0.5,0,0,0,-0,0,0,0,0,0,0,0,0,0,0,0,0,0,0,-0,0,0,0,0,0.5,0,0,20,0,0,0,0.35,0,0,20,0.25,0,0,0,0,20,0,0.01,0,0,0,0,20,0,0.01,0,0,0,0,0,0.01,20,0,0,0,0,0,0,0,0.01,77,0,0,0,0,0,0.01,87,0,0,0,0,0,0,0,0,0,0,0,0,0,0,0,0,0,1,1,1820,1,0,0,0,0,0,0,0,0,0,0,0,0,0,0,0,0,0,0,0,0.25,0.01,0,0,0,0.01,0,0,0,0,0,0,0,0,0.01,20,0,0,0.01,0,0,77,0,0.01,0,0,87,0,0,0,0,0,0,0,0,0,0,0,0,0,0,0,0,0,0,0,0,0,0,0.01,0.01,0.01,0.01,0,0,77,87,1,1,0,0,0,0,0,0,0,0,0,0,0,0,0,0,0,0,0,0,0,0,0,0,0,0,0,0,0,0,0,0,0
1825,293.15,35,0,293.15,24.5,6.125,293.15,0.5,0,293.15,0.55,0,293.15,0.6,0,350.15,0.5,0,360.15,0.5,0,0,0,-0,0,0,0,0,0,0,0,0,0,0,0,0,0,0,-0,0,0,0,0,0.5,0,0,20,0,0,0,0.35,0,0,20,0.25,0,0,0,0,20,0,0.01,0,0,0,0,20,0,0.01,0,0,0,0,0,0.01,20,0,0,0,0,0,0,0,0.01,77,0,0,0,0,0,0.01,87,0,0,0,0,0,0,0,0,0,0,0,0,0,0,0,0,0,1,1,1825,1,0,0,0,0,0,0,0,0,0,0,0,0,0,0,0,0,0,0,0,0.25,0.01,0,0,0,0.01,0,0,0,0,0,0,0,0,0.01,20,0,0,0.01,0,0,77,0,0.01,0,0,87,0,0,0,0,0,0,0,0,0,0,0,0,0,0,0,0,0,0,0,0,0,0,0.01,0.01,0.01,0.01,0,0,77,87,1,1,0,0,0,0,0,0,0,0,0,0,0,0,0,0,0,0,0,0,0,0,0,0,0,0,0,0,0,0,0,0,0
1830,293.15,35,0,293.15,24.5,6.125,293.15,0.5,0,293.15,0.55,0,293.15,0.6,0,350.15,0.5,0,360.15,0.5,0,0,0,-0,0,0,0,0,0,0,0,0,0,0,0,0,0,0,-0,0,0,0,0,0.5,0,0,20,0,0,0,0.35,0,0,20,0.25,0,0,0,0,20,0,0.01,0,0,0,0,20,0,0.01,0,0,0,0,0,0.01,20,0,0,0,0,0,0,0,0.01,77,0,0,0,0,0,0.01,87,0,0,0,0,0,0,0,0,0,0,0,0,0,0,0,0,0,1,1,1830,1,0,0,0,0,0,0,0,0,0,0,0,0,0,0,0,0,0,0,0,0.25,0.01,0,0,0,0.01,0,0,0,0,0,0,0,0,0.01,20,0,0,0.01,0,0,77,0,0.01,0,0,87,0,0,0,0,0,0,0,0,0,0,0,0,0,0,0,0,0,0,0,0,0,0,0.01,0.01,0.01,0.01,0,0,77,87,1,1,0,0,0,0,0,0,0,0,0,0,0,0,0,0,0,0,0,0,0,0,0,0,0,0,0,0,0,0,0,0,0
1835,293.15,35,0,293.15,24.5,6.125,293.15,0.5,0,293.15,0.55,0,293.15,0.6,0,350.15,0.5,0,360.15,0.5,0,0,0,-0,0,0,0,0,0,0,0,0,0,0,0,0,0,0,-0,0,0,0,0,0.5,0,0,20,0,0,0,0.35,0,0,20,0.25,0,0,0,0,20,0,0.01,0,0,0,0,20,0,0.01,0,0,0,0,0,0.01,20,0,0,0,0,0,0,0,0.01,77,0,0,0,0,0,0.01,87,0,0,0,0,0,0,0,0,0,0,0,0,0,0,0,0,0,1,1,1835,1,0,0,0,0,0,0,0,0,0,0,0,0,0,0,0,0,0,0,0,0.25,0.01,0,0,0,0.01,0,0,0,0,0,0,0,0,0.01,20,0,0,0.01,0,0,77,0,0.01,0,0,87,0,0,0,0,0,0,0,0,0,0,0,0,0,0,0,0,0,0,0,0,0,0,0.01,0.01,0.01,0.01,0,0,77,87,1,1,0,0,0,0,0,0,0,0,0,0,0,0,0,0,0,0,0,0,0,0,0,0,0,0,0,0,0,0,0,0,0
1840,293.15,35,0,293.15,24.5,6.125,293.15,0.5,0,293.15,0.55,0,293.15,0.6,0,350.15,0.5,0,360.15,0.5,0,0,0,-0,0,0,0,0,0,0,0,0,0,0,0,0,0,0,-0,0,0,0,0,0.5,0,0,20,0,0,0,0.35,0,0,20,0.25,0,0,0,0,20,0,0.01,0,0,0,0,20,0,0.01,0,0,0,0,0,0.01,20,0,0,0,0,0,0,0,0.01,77,0,0,0,0,0,0.01,87,0,0,0,0,0,0,0,0,0,0,0,0,0,0,0,0,0,1,1,1840,1,0,0,0,0,0,0,0,0,0,0,0,0,0,0,0,0,0,0,0,0.25,0.01,0,0,0,0.01,0,0,0,0,0,0,0,0,0.01,20,0,0,0.01,0,0,77,0,0.01,0,0,87,0,0,0,0,0,0,0,0,0,0,0,0,0,0,0,0,0,0,0,0,0,0,0.01,0.01,0.01,0.01,0,0,77,87,1,1,0,0,0,0,0,0,0,0,0,0,0,0,0,0,0,0,0,0,0,0,0,0,0,0,0,0,0,0,0,0,0
1845,293.15,35,0,293.15,24.5,6.125,293.15,0.5,0,293.15,0.55,0,293.15,0.6,0,350.15,0.5,0,360.15,0.5,0,0,0,-0,0,0,0,0,0,0,0,0,0,0,0,0,0,0,-0,0,0,0,0,0.5,0,0,20,0,0,0,0.35,0,0,20,0.25,0,0,0,0,20,0,0.01,0,0,0,0,20,0,0.01,0,0,0,0,0,0.01,20,0,0,0,0,0,0,0,0.01,77,0,0,0,0,0,0.01,87,0,0,0,0,0,0,0,0,0,0,0,0,0,0,0,0,0,1,1,1845,1,0,0,0,0,0,0,0,0,0,0,0,0,0,0,0,0,0,0,0,0.25,0.01,0,0,0,0.01,0,0,0,0,0,0,0,0,0.01,20,0,0,0.01,0,0,77,0,0.01,0,0,87,0,0,0,0,0,0,0,0,0,0,0,0,0,0,0,0,0,0,0,0,0,0,0.01,0.01,0.01,0.01,0,0,77,87,1,1,0,0,0,0,0,0,0,0,0,0,0,0,0,0,0,0,0,0,0,0,0,0,0,0,0,0,0,0,0,0,0
1850,293.15,35,0,293.15,24.5,6.125,293.15,0.5,0,293.15,0.55,0,293.15,0.6,0,350.15,0.5,0,360.15,0.5,0,0,0,-0,0,0,0,0,0,0,0,0,0,0,0,0,0,0,-0,0,0,0,0,0.5,0,0,20,0,0,0,0.35,0,0,20,0.25,0,0,0,0,20,0,0.01,0,0,0,0,20,0,0.01,0,0,0,0,0,0.01,20,0,0,0,0,0,0,0,0.01,77,0,0,0,0,0,0.01,87,0,0,0,0,0,0,0,0,0,0,0,0,0,0,0,0,0,1,1,1850,1,0,0,0,0,0,0,0,0,0,0,0,0,0,0,0,0,0,0,0,0.25,0.01,0,0,0,0.01,0,0,0,0,0,0,0,0,0.01,20,0,0,0.01,0,0,77,0,0.01,0,0,87,0,0,0,0,0,0,0,0,0,0,0,0,0,0,0,0,0,0,0,0,0,0,0.01,0.01,0.01,0.01,0,0,77,87,1,1,0,0,0,0,0,0,0,0,0,0,0,0,0,0,0,0,0,0,0,0,0,0,0,0,0,0,0,0,0,0,0
1855,293.15,35,0,293.15,24.5,6.125,293.15,0.5,0,293.15,0.55,0,293.15,0.6,0,350.15,0.5,0,360.15,0.5,0,0,0,-0,0,0,0,0,0,0,0,0,0,0,0,0,0,0,-0,0,0,0,0,0.5,0,0,20,0,0,0,0.35,0,0,20,0.25,0,0,0,0,20,0,0.01,0,0,0,0,20,0,0.01,0,0,0,0,0,0.01,20,0,0,0,0,0,0,0,0.01,77,0,0,0,0,0,0.01,87,0,0,0,0,0,0,0,0,0,0,0,0,0,0,0,0,0,1,1,1855,1,0,0,0,0,0,0,0,0,0,0,0,0,0,0,0,0,0,0,0,0.25,0.01,0,0,0,0.01,0,0,0,0,0,0,0,0,0.01,20,0,0,0.01,0,0,77,0,0.01,0,0,87,0,0,0,0,0,0,0,0,0,0,0,0,0,0,0,0,0,0,0,0,0,0,0.01,0.01,0.01,0.01,0,0,77,87,1,1,0,0,0,0,0,0,0,0,0,0,0,0,0,0,0,0,0,0,0,0,0,0,0,0,0,0,0,0,0,0,0
1860,293.15,35,0,293.15,24.5,6.125,293.15,0.5,0,293.15,0.55,0,293.15,0.6,0,350.15,0.5,0,360.15,0.5,0,0,0,-0,0,0,0,0,0,0,0,0,0,0,0,0,0,0,-0,0,0,0,0,0.5,0,0,20,0,0,0,0.35,0,0,20,0.25,0,0,0,0,20,0,0.01,0,0,0,0,20,0,0.01,0,0,0,0,0,0.01,20,0,0,0,0,0,0,0,0.01,77,0,0,0,0,0,0.01,87,0,0,0,0,0,0,0,0,0,0,0,0,0,0,0,0,0,1,1,1860,1,0,0,0,0,0,0,0,0,0,0,0,0,0,0,0,0,0,0,0,0.25,0.01,0,0,0,0.01,0,0,0,0,0,0,0,0,0.01,20,0,0,0.01,0,0,77,0,0.01,0,0,87,0,0,0,0,0,0,0,0,0,0,0,0,0,0,0,0,0,0,0,0,0,0,0.01,0.01,0.01,0.01,0,0,77,87,1,1,0,0,0,0,0,0,0,0,0,0,0,0,0,0,0,0,0,0,0,0,0,0,0,0,0,0,0,0,0,0,0
1865,293.15,35,0,293.15,24.5,6.125,293.15,0.5,0,293.15,0.55,0,293.15,0.6,0,350.15,0.5,0,360.15,0.5,0,0,0,-0,0,0,0,0,0,0,0,0,0,0,0,0,0,0,-0,0,0,0,0,0.5,0,0,20,0,0,0,0.35,0,0,20,0.25,0,0,0,0,20,0,0.01,0,0,0,0,20,0,0.01,0,0,0,0,0,0.01,20,0,0,0,0,0,0,0,0.01,77,0,0,0,0,0,0.01,87,0,0,0,0,0,0,0,0,0,0,0,0,0,0,0,0,0,1,1,1865,1,0,0,0,0,0,0,0,0,0,0,0,0,0,0,0,0,0,0,0,0.25,0.01,0,0,0,0.01,0,0,0,0,0,0,0,0,0.01,20,0,0,0.01,0,0,77,0,0.01,0,0,87,0,0,0,0,0,0,0,0,0,0,0,0,0,0,0,0,0,0,0,0,0,0,0.01,0.01,0.01,0.01,0,0,77,87,1,1,0,0,0,0,0,0,0,0,0,0,0,0,0,0,0,0,0,0,0,0,0,0,0,0,0,0,0,0,0,0,0
1870,293.15,35,0,293.15,24.5,6.125,293.15,0.5,0,293.15,0.55,0,293.15,0.6,0,350.15,0.5,0,360.15,0.5,0,0,0,-0,0,0,0,0,0,0,0,0,0,0,0,0,0,0,-0,0,0,0,0,0.5,0,0,20,0,0,0,0.35,0,0,20,0.25,0,0,0,0,20,0,0.01,0,0,0,0,20,0,0.01,0,0,0,0,0,0.01,20,0,0,0,0,0,0,0,0.01,77,0,0,0,0,0,0.01,87,0,0,0,0,0,0,0,0,0,0,0,0,0,0,0,0,0,1,1,1870,1,0,0,0,0,0,0,0,0,0,0,0,0,0,0,0,0,0,0,0,0.25,0.01,0,0,0,0.01,0,0,0,0,0,0,0,0,0.01,20,0,0,0.01,0,0,77,0,0.01,0,0,87,0,0,0,0,0,0,0,0,0,0,0,0,0,0,0,0,0,0,0,0,0,0,0.01,0.01,0.01,0.01,0,0,77,87,1,1,0,0,0,0,0,0,0,0,0,0,0,0,0,0,0,0,0,0,0,0,0,0,0,0,0,0,0,0,0,0,0
1875,293.15,35,0,293.15,24.5,6.125,293.15,0.5,0,293.15,0.55,0,293.15,0.6,0,350.15,0.5,0,360.15,0.5,0,0,0,-0,0,0,0,0,0,0,0,0,0,0,0,0,0,0,-0,0,0,0,0,0.5,0,0,20,0,0,0,0.35,0,0,20,0.25,0,0,0,0,20,0,0.01,0,0,0,0,20,0,0.01,0,0,0,0,0,0.01,20,0,0,0,0,0,0,0,0.01,77,0,0,0,0,0,0.01,87,0,0,0,0,0,0,0,0,0,0,0,0,0,0,0,0,0,1,1,1875,1,0,0,0,0,0,0,0,0,0,0,0,0,0,0,0,0,0,0,0,0.25,0.01,0,0,0,0.01,0,0,0,0,0,0,0,0,0.01,20,0,0,0.01,0,0,77,0,0.01,0,0,87,0,0,0,0,0,0,0,0,0,0,0,0,0,0,0,0,0,0,0,0,0,0,0.01,0.01,0.01,0.01,0,0,77,87,1,1,0,0,0,0,0,0,0,0,0,0,0,0,0,0,0,0,0,0,0,0,0,0,0,0,0,0,0,0,0,0,0
1880,293.15,35,0,293.15,24.5,6.125,293.15,0.5,0,293.15,0.55,0,293.15,0.6,0,350.15,0.5,0,360.15,0.5,0,0,0,-0,0,0,0,0,0,0,0,0,0,0,0,0,0,0,-0,0,0,0,0,0.5,0,0,20,0,0,0,0.35,0,0,20,0.25,0,0,0,0,20,0,0.01,0,0,0,0,20,0,0.01,0,0,0,0,0,0.01,20,0,0,0,0,0,0,0,0.01,77,0,0,0,0,0,0.01,87,0,0,0,0,0,0,0,0,0,0,0,0,0,0,0,0,0,1,1,1880,1,0,0,0,0,0,0,0,0,0,0,0,0,0,0,0,0,0,0,0,0.25,0.01,0,0,0,0.01,0,0,0,0,0,0,0,0,0.01,20,0,0,0.01,0,0,77,0,0.01,0,0,87,0,0,0,0,0,0,0,0,0,0,0,0,0,0,0,0,0,0,0,0,0,0,0.01,0.01,0.01,0.01,0,0,77,87,1,1,0,0,0,0,0,0,0,0,0,0,0,0,0,0,0,0,0,0,0,0,0,0,0,0,0,0,0,0,0,0,0
1885,293.15,35,0,293.15,24.5,6.125,293.15,0.5,0,293.15,0.55,0,293.15,0.6,0,350.15,0.5,0,360.15,0.5,0,0,0,-0,0,0,0,0,0,0,0,0,0,0,0,0,0,0,-0,0,0,0,0,0.5,0,0,20,0,0,0,0.35,0,0,20,0.25,0,0,0,0,20,0,0.01,0,0,0,0,20,0,0.01,0,0,0,0,0,0.01,20,0,0,0,0,0,0,0,0.01,77,0,0,0,0,0,0.01,87,0,0,0,0,0,0,0,0,0,0,0,0,0,0,0,0,0,1,1,1885,1,0,0,0,0,0,0,0,0,0,0,0,0,0,0,0,0,0,0,0,0.25,0.01,0,0,0,0.01,0,0,0,0,0,0,0,0,0.01,20,0,0,0.01,0,0,77,0,0.01,0,0,87,0,0,0,0,0,0,0,0,0,0,0,0,0,0,0,0,0,0,0,0,0,0,0.01,0.01,0.01,0.01,0,0,77,87,1,1,0,0,0,0,0,0,0,0,0,0,0,0,0,0,0,0,0,0,0,0,0,0,0,0,0,0,0,0,0,0,0
1890,293.15,35,0,293.15,24.5,6.125,293.15,0.5,0,293.15,0.55,0,293.15,0.6,0,350.15,0.5,0,360.15,0.5,0,0,0,-0,0,0,0,0,0,0,0,0,0,0,0,0,0,0,-0,0,0,0,0,0.5,0,0,20,0,0,0,0.35,0,0,20,0.25,0,0,0,0,20,0,0.01,0,0,0,0,20,0,0.01,0,0,0,0,0,0.01,20,0,0,0,0,0,0,0,0.01,77,0,0,0,0,0,0.01,87,0,0,0,0,0,0,0,0,0,0,0,0,0,0,0,0,0,1,1,1890,1,0,0,0,0,0,0,0,0,0,0,0,0,0,0,0,0,0,0,0,0.25,0.01,0,0,0,0.01,0,0,0,0,0,0,0,0,0.01,20,0,0,0.01,0,0,77,0,0.01,0,0,87,0,0,0,0,0,0,0,0,0,0,0,0,0,0,0,0,0,0,0,0,0,0,0.01,0.01,0.01,0.01,0,0,77,87,1,1,0,0,0,0,0,0,0,0,0,0,0,0,0,0,0,0,0,0,0,0,0,0,0,0,0,0,0,0,0,0,0
1895,293.15,35,0,293.15,24.5,6.125,293.15,0.5,0,293.15,0.55,0,293.15,0.6,0,350.15,0.5,0,360.15,0.5,0,0,0,-0,0,0,0,0,0,0,0,0,0,0,0,0,0,0,-0,0,0,0,0,0.5,0,0,20,0,0,0,0.35,0,0,20,0.25,0,0,0,0,20,0,0.01,0,0,0,0,20,0,0.01,0,0,0,0,0,0.01,20,0,0,0,0,0,0,0,0.01,77,0,0,0,0,0,0.01,87,0,0,0,0,0,0,0,0,0,0,0,0,0,0,0,0,0,1,1,1895,1,0,0,0,0,0,0,0,0,0,0,0,0,0,0,0,0,0,0,0,0.25,0.01,0,0,0,0.01,0,0,0,0,0,0,0,0,0.01,20,0,0,0.01,0,0,77,0,0.01,0,0,87,0,0,0,0,0,0,0,0,0,0,0,0,0,0,0,0,0,0,0,0,0,0,0.01,0.01,0.01,0.01,0,0,77,87,1,1,0,0,0,0,0,0,0,0,0,0,0,0,0,0,0,0,0,0,0,0,0,0,0,0,0,0,0,0,0,0,0
1900,293.15,35,0,293.15,24.5,6.125,293.15,0.5,0,293.15,0.55,0,293.15,0.6,0,350.15,0.5,0,360.15,0.5,0,0,0,-0,0,0,0,0,0,0,0,0,0,0,0,0,0,0,-0,0,0,0,0,0.5,0,0,20,0,0,0,0.35,0,0,20,0.25,0,0,0,0,20,0,0.01,0,0,0,0,20,0,0.01,0,0,0,0,0,0.01,20,0,0,0,0,0,0,0,0.01,77,0,0,0,0,0,0.01,87,0,0,0,0,0,0,0,0,0,0,0,0,0,0,0,0,0,1,1,1900,1,0,0,0,0,0,0,0,0,0,0,0,0,0,0,0,0,0,0,0,0.25,0.01,0,0,0,0.01,0,0,0,0,0,0,0,0,0.01,20,0,0,0.01,0,0,77,0,0.01,0,0,87,0,0,0,0,0,0,0,0,0,0,0,0,0,0,0,0,0,0,0,0,0,0,0.01,0.01,0.01,0.01,0,0,77,87,1,1,0,0,0,0,0,0,0,0,0,0,0,0,0,0,0,0,0,0,0,0,0,0,0,0,0,0,0,0,0,0,0
1905,293.15,35,0,293.15,24.5,6.125,293.15,0.5,0,293.15,0.55,0,293.15,0.6,0,350.15,0.5,0,360.15,0.5,0,0,0,-0,0,0,0,0,0,0,0,0,0,0,0,0,0,0,-0,0,0,0,0,0.5,0,0,20,0,0,0,0.35,0,0,20,0.25,0,0,0,0,20,0,0.01,0,0,0,0,20,0,0.01,0,0,0,0,0,0.01,20,0,0,0,0,0,0,0,0.01,77,0,0,0,0,0,0.01,87,0,0,0,0,0,0,0,0,0,0,0,0,0,0,0,0,0,1,1,1905,1,0,0,0,0,0,0,0,0,0,0,0,0,0,0,0,0,0,0,0,0.25,0.01,0,0,0,0.01,0,0,0,0,0,0,0,0,0.01,20,0,0,0.01,0,0,77,0,0.01,0,0,87,0,0,0,0,0,0,0,0,0,0,0,0,0,0,0,0,0,0,0,0,0,0,0.01,0.01,0.01,0.01,0,0,77,87,1,1,0,0,0,0,0,0,0,0,0,0,0,0,0,0,0,0,0,0,0,0,0,0,0,0,0,0,0,0,0,0,0
1910,293.15,35,0,293.15,24.5,6.125,293.15,0.5,0,293.15,0.55,0,293.15,0.6,0,350.15,0.5,0,360.15,0.5,0,0,0,-0,0,0,0,0,0,0,0,0,0,0,0,0,0,0,-0,0,0,0,0,0.5,0,0,20,0,0,0,0.35,0,0,20,0.25,0,0,0,0,20,0,0.01,0,0,0,0,20,0,0.01,0,0,0,0,0,0.01,20,0,0,0,0,0,0,0,0.01,77,0,0,0,0,0,0.01,87,0,0,0,0,0,0,0,0,0,0,0,0,0,0,0,0,0,1,1,1910,1,0,0,0,0,0,0,0,0,0,0,0,0,0,0,0,0,0,0,0,0.25,0.01,0,0,0,0.01,0,0,0,0,0,0,0,0,0.01,20,0,0,0.01,0,0,77,0,0.01,0,0,87,0,0,0,0,0,0,0,0,0,0,0,0,0,0,0,0,0,0,0,0,0,0,0.01,0.01,0.01,0.01,0,0,77,87,1,1,0,0,0,0,0,0,0,0,0,0,0,0,0,0,0,0,0,0,0,0,0,0,0,0,0,0,0,0,0,0,0
1915,293.15,35,0,293.15,24.5,6.125,293.15,0.5,0,293.15,0.55,0,293.15,0.6,0,350.15,0.5,0,360.15,0.5,0,0,0,-0,0,0,0,0,0,0,0,0,0,0,0,0,0,0,-0,0,0,0,0,0.5,0,0,20,0,0,0,0.35,0,0,20,0.25,0,0,0,0,20,0,0.01,0,0,0,0,20,0,0.01,0,0,0,0,0,0.01,20,0,0,0,0,0,0,0,0.01,77,0,0,0,0,0,0.01,87,0,0,0,0,0,0,0,0,0,0,0,0,0,0,0,0,0,1,1,1915,1,0,0,0,0,0,0,0,0,0,0,0,0,0,0,0,0,0,0,0,0.25,0.01,0,0,0,0.01,0,0,0,0,0,0,0,0,0.01,20,0,0,0.01,0,0,77,0,0.01,0,0,87,0,0,0,0,0,0,0,0,0,0,0,0,0,0,0,0,0,0,0,0,0,0,0.01,0.01,0.01,0.01,0,0,77,87,1,1,0,0,0,0,0,0,0,0,0,0,0,0,0,0,0,0,0,0,0,0,0,0,0,0,0,0,0,0,0,0,0
1920,293.15,35,0,293.15,24.5,6.125,293.15,0.5,0,293.15,0.55,0,293.15,0.6,0,350.15,0.5,0,360.15,0.5,0,0,0,-0,0,0,0,0,0,0,0,0,0,0,0,0,0,0,-0,0,0,0,0,0.5,0,0,20,0,0,0,0.35,0,0,20,0.25,0,0,0,0,20,0,0.01,0,0,0,0,20,0,0.01,0,0,0,0,0,0.01,20,0,0,0,0,0,0,0,0.01,77,0,0,0,0,0,0.01,87,0,0,0,0,0,0,0,0,0,0,0,0,0,0,0,0,0,1,1,1920,1,0,0,0,0,0,0,0,0,0,0,0,0,0,0,0,0,0,0,0,0.25,0.01,0,0,0,0.01,0,0,0,0,0,0,0,0,0.01,20,0,0,0.01,0,0,77,0,0.01,0,0,87,0,0,0,0,0,0,0,0,0,0,0,0,0,0,0,0,0,0,0,0,0,0,0.01,0.01,0.01,0.01,0,0,77,87,1,1,0,0,0,0,0,0,0,0,0,0,0,0,0,0,0,0,0,0,0,0,0,0,0,0,0,0,0,0,0,0,0
1925,293.15,35,0,293.15,24.5,6.125,293.15,0.5,0,293.15,0.55,0,293.15,0.6,0,350.15,0.5,0,360.15,0.5,0,0,0,-0,0,0,0,0,0,0,0,0,0,0,0,0,0,0,-0,0,0,0,0,0.5,0,0,20,0,0,0,0.35,0,0,20,0.25,0,0,0,0,20,0,0.01,0,0,0,0,20,0,0.01,0,0,0,0,0,0.01,20,0,0,0,0,0,0,0,0.01,77,0,0,0,0,0,0.01,87,0,0,0,0,0,0,0,0,0,0,0,0,0,0,0,0,0,1,1,1925,1,0,0,0,0,0,0,0,0,0,0,0,0,0,0,0,0,0,0,0,0.25,0.01,0,0,0,0.01,0,0,0,0,0,0,0,0,0.01,20,0,0,0.01,0,0,77,0,0.01,0,0,87,0,0,0,0,0,0,0,0,0,0,0,0,0,0,0,0,0,0,0,0,0,0,0.01,0.01,0.01,0.01,0,0,77,87,1,1,0,0,0,0,0,0,0,0,0,0,0,0,0,0,0,0,0,0,0,0,0,0,0,0,0,0,0,0,0,0,0
1930,293.15,35,0,293.15,24.5,6.125,293.15,0.5,0,293.15,0.55,0,293.15,0.6,0,350.15,0.5,0,360.15,0.5,0,0,0,-0,0,0,0,0,0,0,0,0,0,0,0,0,0,0,-0,0,0,0,0,0.5,0,0,20,0,0,0,0.35,0,0,20,0.25,0,0,0,0,20,0,0.01,0,0,0,0,20,0,0.01,0,0,0,0,0,0.01,20,0,0,0,0,0,0,0,0.01,77,0,0,0,0,0,0.01,87,0,0,0,0,0,0,0,0,0,0,0,0,0,0,0,0,0,1,1,1930,1,0,0,0,0,0,0,0,0,0,0,0,0,0,0,0,0,0,0,0,0.25,0.01,0,0,0,0.01,0,0,0,0,0,0,0,0,0.01,20,0,0,0.01,0,0,77,0,0.01,0,0,87,0,0,0,0,0,0,0,0,0,0,0,0,0,0,0,0,0,0,0,0,0,0,0.01,0.01,0.01,0.01,0,0,77,87,1,1,0,0,0,0,0,0,0,0,0,0,0,0,0,0,0,0,0,0,0,0,0,0,0,0,0,0,0,0,0,0,0
1935,293.15,35,0,293.15,24.5,6.125,293.15,0.5,0,293.15,0.55,0,293.15,0.6,0,350.15,0.5,0,360.15,0.5,0,0,0,-0,0,0,0,0,0,0,0,0,0,0,0,0,0,0,-0,0,0,0,0,0.5,0,0,20,0,0,0,0.35,0,0,20,0.25,0,0,0,0,20,0,0.01,0,0,0,0,20,0,0.01,0,0,0,0,0,0.01,20,0,0,0,0,0,0,0,0.01,77,0,0,0,0,0,0.01,87,0,0,0,0,0,0,0,0,0,0,0,0,0,0,0,0,0,1,1,1935,1,0,0,0,0,0,0,0,0,0,0,0,0,0,0,0,0,0,0,0,0.25,0.01,0,0,0,0.01,0,0,0,0,0,0,0,0,0.01,20,0,0,0.01,0,0,77,0,0.01,0,0,87,0,0,0,0,0,0,0,0,0,0,0,0,0,0,0,0,0,0,0,0,0,0,0.01,0.01,0.01,0.01,0,0,77,87,1,1,0,0,0,0,0,0,0,0,0,0,0,0,0,0,0,0,0,0,0,0,0,0,0,0,0,0,0,0,0,0,0
1940,293.15,35,0,293.15,24.5,6.125,293.15,0.5,0,293.15,0.55,0,293.15,0.6,0,350.15,0.5,0,360.15,0.5,0,0,0,-0,0,0,0,0,0,0,0,0,0,0,0,0,0,0,-0,0,0,0,0,0.5,0,0,20,0,0,0,0.35,0,0,20,0.25,0,0,0,0,20,0,0.01,0,0,0,0,20,0,0.01,0,0,0,0,0,0.01,20,0,0,0,0,0,0,0,0.01,77,0,0,0,0,0,0.01,87,0,0,0,0,0,0,0,0,0,0,0,0,0,0,0,0,0,1,1,1940,1,0,0,0,0,0,0,0,0,0,0,0,0,0,0,0,0,0,0,0,0.25,0.01,0,0,0,0.01,0,0,0,0,0,0,0,0,0.01,20,0,0,0.01,0,0,77,0,0.01,0,0,87,0,0,0,0,0,0,0,0,0,0,0,0,0,0,0,0,0,0,0,0,0,0,0.01,0.01,0.01,0.01,0,0,77,87,1,1,0,0,0,0,0,0,0,0,0,0,0,0,0,0,0,0,0,0,0,0,0,0,0,0,0,0,0,0,0,0,0
1945,293.15,35,0,293.15,24.5,6.125,293.15,0.5,0,293.15,0.55,0,293.15,0.6,0,350.15,0.5,0,360.15,0.5,0,0,0,-0,0,0,0,0,0,0,0,0,0,0,0,0,0,0,-0,0,0,0,0,0.5,0,0,20,0,0,0,0.35,0,0,20,0.25,0,0,0,0,20,0,0.01,0,0,0,0,20,0,0.01,0,0,0,0,0,0.01,20,0,0,0,0,0,0,0,0.01,77,0,0,0,0,0,0.01,87,0,0,0,0,0,0,0,0,0,0,0,0,0,0,0,0,0,1,1,1945,1,0,0,0,0,0,0,0,0,0,0,0,0,0,0,0,0,0,0,0,0.25,0.01,0,0,0,0.01,0,0,0,0,0,0,0,0,0.01,20,0,0,0.01,0,0,77,0,0.01,0,0,87,0,0,0,0,0,0,0,0,0,0,0,0,0,0,0,0,0,0,0,0,0,0,0.01,0.01,0.01,0.01,0,0,77,87,1,1,0,0,0,0,0,0,0,0,0,0,0,0,0,0,0,0,0,0,0,0,0,0,0,0,0,0,0,0,0,0,0
1950,293.15,35,0,293.15,24.5,6.125,293.15,0.5,0,293.15,0.55,0,293.15,0.6,0,350.15,0.5,0,360.15,0.5,0,0,0,-0,0,0,0,0,0,0,0,0,0,0,0,0,0,0,-0,0,0,0,0,0.5,0,0,20,0,0,0,0.35,0,0,20,0.25,0,0,0,0,20,0,0.01,0,0,0,0,20,0,0.01,0,0,0,0,0,0.01,20,0,0,0,0,0,0,0,0.01,77,0,0,0,0,0,0.01,87,0,0,0,0,0,0,0,0,0,0,0,0,0,0,0,0,0,1,1,1950,1,0,0,0,0,0,0,0,0,0,0,0,0,0,0,0,0,0,0,0,0.25,0.01,0,0,0,0.01,0,0,0,0,0,0,0,0,0.01,20,0,0,0.01,0,0,77,0,0.01,0,0,87,0,0,0,0,0,0,0,0,0,0,0,0,0,0,0,0,0,0,0,0,0,0,0.01,0.01,0.01,0.01,0,0,77,87,1,1,0,0,0,0,0,0,0,0,0,0,0,0,0,0,0,0,0,0,0,0,0,0,0,0,0,0,0,0,0,0,0
1955,293.15,35,0,293.15,24.5,6.125,293.15,0.5,0,293.15,0.55,0,293.15,0.6,0,350.15,0.5,0,360.15,0.5,0,0,0,-0,0,0,0,0,0,0,0,0,0,0,0,0,0,0,-0,0,0,0,0,0.5,0,0,20,0,0,0,0.35,0,0,20,0.25,0,0,0,0,20,0,0.01,0,0,0,0,20,0,0.01,0,0,0,0,0,0.01,20,0,0,0,0,0,0,0,0.01,77,0,0,0,0,0,0.01,87,0,0,0,0,0,0,0,0,0,0,0,0,0,0,0,0,0,1,1,1955,1,0,0,0,0,0,0,0,0,0,0,0,0,0,0,0,0,0,0,0,0.25,0.01,0,0,0,0.01,0,0,0,0,0,0,0,0,0.01,20,0,0,0.01,0,0,77,0,0.01,0,0,87,0,0,0,0,0,0,0,0,0,0,0,0,0,0,0,0,0,0,0,0,0,0,0.01,0.01,0.01,0.01,0,0,77,87,1,1,0,0,0,0,0,0,0,0,0,0,0,0,0,0,0,0,0,0,0,0,0,0,0,0,0,0,0,0,0,0,0
1960,293.15,35,0,293.15,24.5,6.125,293.15,0.5,0,293.15,0.55,0,293.15,0.6,0,350.15,0.5,0,360.15,0.5,0,0,0,-0,0,0,0,0,0,0,0,0,0,0,0,0,0,0,-0,0,0,0,0,0.5,0,0,20,0,0,0,0.35,0,0,20,0.25,0,0,0,0,20,0,0.01,0,0,0,0,20,0,0.01,0,0,0,0,0,0.01,20,0,0,0,0,0,0,0,0.01,77,0,0,0,0,0,0.01,87,0,0,0,0,0,0,0,0,0,0,0,0,0,0,0,0,0,1,1,1960,1,0,0,0,0,0,0,0,0,0,0,0,0,0,0,0,0,0,0,0,0.25,0.01,0,0,0,0.01,0,0,0,0,0,0,0,0,0.01,20,0,0,0.01,0,0,77,0,0.01,0,0,87,0,0,0,0,0,0,0,0,0,0,0,0,0,0,0,0,0,0,0,0,0,0,0.01,0.01,0.01,0.01,0,0,77,87,1,1,0,0,0,0,0,0,0,0,0,0,0,0,0,0,0,0,0,0,0,0,0,0,0,0,0,0,0,0,0,0,0
1965,293.15,35,0,293.15,24.5,6.125,293.15,0.5,0,293.15,0.55,0,293.15,0.6,0,350.15,0.5,0,360.15,0.5,0,0,0,-0,0,0,0,0,0,0,0,0,0,0,0,0,0,0,-0,0,0,0,0,0.5,0,0,20,0,0,0,0.35,0,0,20,0.25,0,0,0,0,20,0,0.01,0,0,0,0,20,0,0.01,0,0,0,0,0,0.01,20,0,0,0,0,0,0,0,0.01,77,0,0,0,0,0,0.01,87,0,0,0,0,0,0,0,0,0,0,0,0,0,0,0,0,0,1,1,1965,1,0,0,0,0,0,0,0,0,0,0,0,0,0,0,0,0,0,0,0,0.25,0.01,0,0,0,0.01,0,0,0,0,0,0,0,0,0.01,20,0,0,0.01,0,0,77,0,0.01,0,0,87,0,0,0,0,0,0,0,0,0,0,0,0,0,0,0,0,0,0,0,0,0,0,0.01,0.01,0.01,0.01,0,0,77,87,1,1,0,0,0,0,0,0,0,0,0,0,0,0,0,0,0,0,0,0,0,0,0,0,0,0,0,0,0,0,0,0,0
1970,293.15,35,0,293.15,24.5,6.125,293.15,0.5,0,293.15,0.55,0,293.15,0.6,0,350.15,0.5,0,360.15,0.5,0,0,0,-0,0,0,0,0,0,0,0,0,0,0,0,0,0,0,-0,0,0,0,0,0.5,0,0,20,0,0,0,0.35,0,0,20,0.25,0,0,0,0,20,0,0.01,0,0,0,0,20,0,0.01,0,0,0,0,0,0.01,20,0,0,0,0,0,0,0,0.01,77,0,0,0,0,0,0.01,87,0,0,0,0,0,0,0,0,0,0,0,0,0,0,0,0,0,1,1,1970,1,0,0,0,0,0,0,0,0,0,0,0,0,0,0,0,0,0,0,0,0.25,0.01,0,0,0,0.01,0,0,0,0,0,0,0,0,0.01,20,0,0,0.01,0,0,77,0,0.01,0,0,87,0,0,0,0,0,0,0,0,0,0,0,0,0,0,0,0,0,0,0,0,0,0,0.01,0.01,0.01,0.01,0,0,77,87,1,1,0,0,0,0,0,0,0,0,0,0,0,0,0,0,0,0,0,0,0,0,0,0,0,0,0,0,0,0,0,0,0
1975,293.15,35,0,293.15,24.5,6.125,293.15,0.5,0,293.15,0.55,0,293.15,0.6,0,350.15,0.5,0,360.15,0.5,0,0,0,-0,0,0,0,0,0,0,0,0,0,0,0,0,0,0,-0,0,0,0,0,0.5,0,0,20,0,0,0,0.35,0,0,20,0.25,0,0,0,0,20,0,0.01,0,0,0,0,20,0,0.01,0,0,0,0,0,0.01,20,0,0,0,0,0,0,0,0.01,77,0,0,0,0,0,0.01,87,0,0,0,0,0,0,0,0,0,0,0,0,0,0,0,0,0,1,1,1975,1,0,0,0,0,0,0,0,0,0,0,0,0,0,0,0,0,0,0,0,0.25,0.01,0,0,0,0.01,0,0,0,0,0,0,0,0,0.01,20,0,0,0.01,0,0,77,0,0.01,0,0,87,0,0,0,0,0,0,0,0,0,0,0,0,0,0,0,0,0,0,0,0,0,0,0.01,0.01,0.01,0.01,0,0,77,87,1,1,0,0,0,0,0,0,0,0,0,0,0,0,0,0,0,0,0,0,0,0,0,0,0,0,0,0,0,0,0,0,0
1980,293.15,35,0,293.15,24.5,6.125,293.15,0.5,0,293.15,0.55,0,293.15,0.6,0,350.15,0.5,0,360.15,0.5,0,0,0,-0,0,0,0,0,0,0,0,0,0,0,0,0,0,0,-0,0,0,0,0,0.5,0,0,20,0,0,0,0.35,0,0,20,0.25,0,0,0,0,20,0,0.01,0,0,0,0,20,0,0.01,0,0,0,0,0,0.01,20,0,0,0,0,0,0,0,0.01,77,0,0,0,0,0,0.01,87,0,0,0,0,0,0,0,0,0,0,0,0,0,0,0,0,0,1,1,1980,1,0,0,0,0,0,0,0,0,0,0,0,0,0,0,0,0,0,0,0,0.25,0.01,0,0,0,0.01,0,0,0,0,0,0,0,0,0.01,20,0,0,0.01,0,0,77,0,0.01,0,0,87,0,0,0,0,0,0,0,0,0,0,0,0,0,0,0,0,0,0,0,0,0,0,0.01,0.01,0.01,0.01,0,0,77,87,1,1,0,0,0,0,0,0,0,0,0,0,0,0,0,0,0,0,0,0,0,0,0,0,0,0,0,0,0,0,0,0,0
1985,293.15,35,0,293.15,24.5,6.125,293.15,0.5,0,293.15,0.55,0,293.15,0.6,0,350.15,0.5,0,360.15,0.5,0,0,0,-0,0,0,0,0,0,0,0,0,0,0,0,0,0,0,-0,0,0,0,0,0.5,0,0,20,0,0,0,0.35,0,0,20,0.25,0,0,0,0,20,0,0.01,0,0,0,0,20,0,0.01,0,0,0,0,0,0.01,20,0,0,0,0,0,0,0,0.01,77,0,0,0,0,0,0.01,87,0,0,0,0,0,0,0,0,0,0,0,0,0,0,0,0,0,1,1,1985,1,0,0,0,0,0,0,0,0,0,0,0,0,0,0,0,0,0,0,0,0.25,0.01,0,0,0,0.01,0,0,0,0,0,0,0,0,0.01,20,0,0,0.01,0,0,77,0,0.01,0,0,87,0,0,0,0,0,0,0,0,0,0,0,0,0,0,0,0,0,0,0,0,0,0,0.01,0.01,0.01,0.01,0,0,77,87,1,1,0,0,0,0,0,0,0,0,0,0,0,0,0,0,0,0,0,0,0,0,0,0,0,0,0,0,0,0,0,0,0
1990,293.15,35,0,293.15,24.5,6.125,293.15,0.5,0,293.15,0.55,0,293.15,0.6,0,350.15,0.5,0,360.15,0.5,0,0,0,-0,0,0,0,0,0,0,0,0,0,0,0,0,0,0,-0,0,0,0,0,0.5,0,0,20,0,0,0,0.35,0,0,20,0.25,0,0,0,0,20,0,0.01,0,0,0,0,20,0,0.01,0,0,0,0,0,0.01,20,0,0,0,0,0,0,0,0.01,77,0,0,0,0,0,0.01,87,0,0,0,0,0,0,0,0,0,0,0,0,0,0,0,0,0,1,1,1990,1,0,0,0,0,0,0,0,0,0,0,0,0,0,0,0,0,0,0,0,0.25,0.01,0,0,0,0.01,0,0,0,0,0,0,0,0,0.01,20,0,0,0.01,0,0,77,0,0.01,0,0,87,0,0,0,0,0,0,0,0,0,0,0,0,0,0,0,0,0,0,0,0,0,0,0.01,0.01,0.01,0.01,0,0,77,87,1,1,0,0,0,0,0,0,0,0,0,0,0,0,0,0,0,0,0,0,0,0,0,0,0,0,0,0,0,0,0,0,0
1995,293.15,35,0,293.15,24.5,6.125,293.15,0.5,0,293.15,0.55,0,293.15,0.6,0,350.15,0.5,0,360.15,0.5,0,0,0,-0,0,0,0,0,0,0,0,0,0,0,0,0,0,0,-0,0,0,0,0,0.5,0,0,20,0,0,0,0.35,0,0,20,0.25,0,0,0,0,20,0,0.01,0,0,0,0,20,0,0.01,0,0,0,0,0,0.01,20,0,0,0,0,0,0,0,0.01,77,0,0,0,0,0,0.01,87,0,0,0,0,0,0,0,0,0,0,0,0,0,0,0,0,0,1,1,1995,1,0,0,0,0,0,0,0,0,0,0,0,0,0,0,0,0,0,0,0,0.25,0.01,0,0,0,0.01,0,0,0,0,0,0,0,0,0.01,20,0,0,0.01,0,0,77,0,0.01,0,0,87,0,0,0,0,0,0,0,0,0,0,0,0,0,0,0,0,0,0,0,0,0,0,0.01,0.01,0.01,0.01,0,0,77,87,1,1,0,0,0,0,0,0,0,0,0,0,0,0,0,0,0,0,0,0,0,0,0,0,0,0,0,0,0,0,0,0,0
2000,293.15,35,0,293.15,24.5,6.125,293.15,0.5,0,293.15,0.55,0,293.15,0.6,0,350.15,0.5,0,360.15,0.5,0,0,0,-0,0,0,0,0,0,0,0,0,0,0,0,0,0,0,-0,0,0,0,0,0.5,0,0,20,0,0,0,0.35,0,0,20,0.25,0,0,0,0,20,0,0.01,0,0,0,0,20,0,0.01,0,0,0,0,0,0.01,20,0,0,0,0,0,0,0,0.01,77,0,0,0,0,0,0.01,87,0,0,0,0,0,0,0,0,0,0,0,0,0,0,0,0,0,1,1,2000,1,0,0,0,0,0,0,0,0,0,0,0,0,0,0,0,0,0,0,0,0.25,0.01,0,0,0,0.01,0,0,0,0,0,0,0,0,0.01,20,0,0,0.01,0,0,77,0,0.01,0,0,87,0,0,0,0,0,0,0,0,0,0,0,0,0,0,0,0,0,0,0,0,0,0,0.01,0.01,0.01,0.01,0,0,77,87,1,1,0,0,0,0,0,0,0,0,0,0,0,0,0,0,0,0,0,0,0,0,0,0,0,0,0,0,0,0,0,0,0
2005,293.15,35,0,293.15,24.5,6.125,293.15,0.5,0,293.15,0.55,0,293.15,0.6,0,350.15,0.5,0,360.15,0.5,0,0,0,-0,0,0,0,0,0,0,0,0,0,0,0,0,0,0,-0,0,0,0,0,0.5,0,0,20,0,0,0,0.35,0,0,20,0.25,0,0,0,0,20,0,0.01,0,0,0,0,20,0,0.01,0,0,0,0,0,0.01,20,0,0,0,0,0,0,0,0.01,77,0,0,0,0,0,0.01,87,0,0,0,0,0,0,0,0,0,0,0,0,0,0,0,0,0,1,1,2005,1,0,0,0,0,0,0,0,0,0,0,0,0,0,0,0,0,0,0,0,0.25,0.01,0,0,0,0.01,0,0,0,0,0,0,0,0,0.01,20,0,0,0.01,0,0,77,0,0.01,0,0,87,0,0,0,0,0,0,0,0,0,0,0,0,0,0,0,0,0,0,0,0,0,0,0.01,0.01,0.01,0.01,0,0,77,87,1,1,0,0,0,0,0,0,0,0,0,0,0,0,0,0,0,0,0,0,0,0,0,0,0,0,0,0,0,0,0,0,0
2010,293.15,35,0,293.15,24.5,6.125,293.15,0.5,0,293.15,0.55,0,293.15,0.6,0,350.15,0.5,0,360.15,0.5,0,0,0,-0,0,0,0,0,0,0,0,0,0,0,0,0,0,0,-0,0,0,0,0,0.5,0,0,20,0,0,0,0.35,0,0,20,0.25,0,0,0,0,20,0,0.01,0,0,0,0,20,0,0.01,0,0,0,0,0,0.01,20,0,0,0,0,0,0,0,0.01,77,0,0,0,0,0,0.01,87,0,0,0,0,0,0,0,0,0,0,0,0,0,0,0,0,0,1,1,2010,1,0,0,0,0,0,0,0,0,0,0,0,0,0,0,0,0,0,0,0,0.25,0.01,0,0,0,0.01,0,0,0,0,0,0,0,0,0.01,20,0,0,0.01,0,0,77,0,0.01,0,0,87,0,0,0,0,0,0,0,0,0,0,0,0,0,0,0,0,0,0,0,0,0,0,0.01,0.01,0.01,0.01,0,0,77,87,1,1,0,0,0,0,0,0,0,0,0,0,0,0,0,0,0,0,0,0,0,0,0,0,0,0,0,0,0,0,0,0,0
2015,293.15,35,0,293.15,24.5,6.125,293.15,0.5,0,293.15,0.55,0,293.15,0.6,0,350.15,0.5,0,360.15,0.5,0,0,0,-0,0,0,0,0,0,0,0,0,0,0,0,0,0,0,-0,0,0,0,0,0.5,0,0,20,0,0,0,0.35,0,0,20,0.25,0,0,0,0,20,0,0.01,0,0,0,0,20,0,0.01,0,0,0,0,0,0.01,20,0,0,0,0,0,0,0,0.01,77,0,0,0,0,0,0.01,87,0,0,0,0,0,0,0,0,0,0,0,0,0,0,0,0,0,1,1,2015,1,0,0,0,0,0,0,0,0,0,0,0,0,0,0,0,0,0,0,0,0.25,0.01,0,0,0,0.01,0,0,0,0,0,0,0,0,0.01,20,0,0,0.01,0,0,77,0,0.01,0,0,87,0,0,0,0,0,0,0,0,0,0,0,0,0,0,0,0,0,0,0,0,0,0,0.01,0.01,0.01,0.01,0,0,77,87,1,1,0,0,0,0,0,0,0,0,0,0,0,0,0,0,0,0,0,0,0,0,0,0,0,0,0,0,0,0,0,0,0
2020,293.15,35,0,293.15,24.5,6.125,293.15,0.5,0,293.15,0.55,0,293.15,0.6,0,350.15,0.5,0,360.15,0.5,0,0,0,-0,0,0,0,0,0,0,0,0,0,0,0,0,0,0,-0,0,0,0,0,0.5,0,0,20,0,0,0,0.35,0,0,20,0.25,0,0,0,0,20,0,0.01,0,0,0,0,20,0,0.01,0,0,0,0,0,0.01,20,0,0,0,0,0,0,0,0.01,77,0,0,0,0,0,0.01,87,0,0,0,0,0,0,0,0,0,0,0,0,0,0,0,0,0,1,1,2020,1,0,0,0,0,0,0,0,0,0,0,0,0,0,0,0,0,0,0,0,0.25,0.01,0,0,0,0.01,0,0,0,0,0,0,0,0,0.01,20,0,0,0.01,0,0,77,0,0.01,0,0,87,0,0,0,0,0,0,0,0,0,0,0,0,0,0,0,0,0,0,0,0,0,0,0.01,0.01,0.01,0.01,0,0,77,87,1,1,0,0,0,0,0,0,0,0,0,0,0,0,0,0,0,0,0,0,0,0,0,0,0,0,0,0,0,0,0,0,0
2025,293.15,35,0,293.15,24.5,6.125,293.15,0.5,0,293.15,0.55,0,293.15,0.6,0,350.15,0.5,0,360.15,0.5,0,0,0,-0,0,0,0,0,0,0,0,0,0,0,0,0,0,0,-0,0,0,0,0,0.5,0,0,20,0,0,0,0.35,0,0,20,0.25,0,0,0,0,20,0,0.01,0,0,0,0,20,0,0.01,0,0,0,0,0,0.01,20,0,0,0,0,0,0,0,0.01,77,0,0,0,0,0,0.01,87,0,0,0,0,0,0,0,0,0,0,0,0,0,0,0,0,0,1,1,2025,1,0,0,0,0,0,0,0,0,0,0,0,0,0,0,0,0,0,0,0,0.25,0.01,0,0,0,0.01,0,0,0,0,0,0,0,0,0.01,20,0,0,0.01,0,0,77,0,0.01,0,0,87,0,0,0,0,0,0,0,0,0,0,0,0,0,0,0,0,0,0,0,0,0,0,0.01,0.01,0.01,0.01,0,0,77,87,1,1,0,0,0,0,0,0,0,0,0,0,0,0,0,0,0,0,0,0,0,0,0,0,0,0,0,0,0,0,0,0,0
2030,293.15,35,0,293.15,24.5,6.125,293.15,0.5,0,293.15,0.55,0,293.15,0.6,0,350.15,0.5,0,360.15,0.5,0,0,0,-0,0,0,0,0,0,0,0,0,0,0,0,0,0,0,-0,0,0,0,0,0.5,0,0,20,0,0,0,0.35,0,0,20,0.25,0,0,0,0,20,0,0.01,0,0,0,0,20,0,0.01,0,0,0,0,0,0.01,20,0,0,0,0,0,0,0,0.01,77,0,0,0,0,0,0.01,87,0,0,0,0,0,0,0,0,0,0,0,0,0,0,0,0,0,1,1,2030,1,0,0,0,0,0,0,0,0,0,0,0,0,0,0,0,0,0,0,0,0.25,0.01,0,0,0,0.01,0,0,0,0,0,0,0,0,0.01,20,0,0,0.01,0,0,77,0,0.01,0,0,87,0,0,0,0,0,0,0,0,0,0,0,0,0,0,0,0,0,0,0,0,0,0,0.01,0.01,0.01,0.01,0,0,77,87,1,1,0,0,0,0,0,0,0,0,0,0,0,0,0,0,0,0,0,0,0,0,0,0,0,0,0,0,0,0,0,0,0
2035,293.15,35,0,293.15,24.5,6.125,293.15,0.5,0,293.15,0.55,0,293.15,0.6,0,350.15,0.5,0,360.15,0.5,0,0,0,-0,0,0,0,0,0,0,0,0,0,0,0,0,0,0,-0,0,0,0,0,0.5,0,0,20,0,0,0,0.35,0,0,20,0.25,0,0,0,0,20,0,0.01,0,0,0,0,20,0,0.01,0,0,0,0,0,0.01,20,0,0,0,0,0,0,0,0.01,77,0,0,0,0,0,0.01,87,0,0,0,0,0,0,0,0,0,0,0,0,0,0,0,0,0,1,1,2035,1,0,0,0,0,0,0,0,0,0,0,0,0,0,0,0,0,0,0,0,0.25,0.01,0,0,0,0.01,0,0,0,0,0,0,0,0,0.01,20,0,0,0.01,0,0,77,0,0.01,0,0,87,0,0,0,0,0,0,0,0,0,0,0,0,0,0,0,0,0,0,0,0,0,0,0.01,0.01,0.01,0.01,0,0,77,87,1,1,0,0,0,0,0,0,0,0,0,0,0,0,0,0,0,0,0,0,0,0,0,0,0,0,0,0,0,0,0,0,0
2040,293.15,35,0,293.15,24.5,6.125,293.15,0.5,0,293.15,0.55,0,293.15,0.6,0,350.15,0.5,0,360.15,0.5,0,0,0,-0,0,0,0,0,0,0,0,0,0,0,0,0,0,0,-0,0,0,0,0,0.5,0,0,20,0,0,0,0.35,0,0,20,0.25,0,0,0,0,20,0,0.01,0,0,0,0,20,0,0.01,0,0,0,0,0,0.01,20,0,0,0,0,0,0,0,0.01,77,0,0,0,0,0,0.01,87,0,0,0,0,0,0,0,0,0,0,0,0,0,0,0,0,0,1,1,2040,1,0,0,0,0,0,0,0,0,0,0,0,0,0,0,0,0,0,0,0,0.25,0.01,0,0,0,0.01,0,0,0,0,0,0,0,0,0.01,20,0,0,0.01,0,0,77,0,0.01,0,0,87,0,0,0,0,0,0,0,0,0,0,0,0,0,0,0,0,0,0,0,0,0,0,0.01,0.01,0.01,0.01,0,0,77,87,1,1,0,0,0,0,0,0,0,0,0,0,0,0,0,0,0,0,0,0,0,0,0,0,0,0,0,0,0,0,0,0,0
2045,293.15,35,0,293.15,24.5,6.125,293.15,0.5,0,293.15,0.55,0,293.15,0.6,0,350.15,0.5,0,360.15,0.5,0,0,0,-0,0,0,0,0,0,0,0,0,0,0,0,0,0,0,-0,0,0,0,0,0.5,0,0,20,0,0,0,0.35,0,0,20,0.25,0,0,0,0,20,0,0.01,0,0,0,0,20,0,0.01,0,0,0,0,0,0.01,20,0,0,0,0,0,0,0,0.01,77,0,0,0,0,0,0.01,87,0,0,0,0,0,0,0,0,0,0,0,0,0,0,0,0,0,1,1,2045,1,0,0,0,0,0,0,0,0,0,0,0,0,0,0,0,0,0,0,0,0.25,0.01,0,0,0,0.01,0,0,0,0,0,0,0,0,0.01,20,0,0,0.01,0,0,77,0,0.01,0,0,87,0,0,0,0,0,0,0,0,0,0,0,0,0,0,0,0,0,0,0,0,0,0,0.01,0.01,0.01,0.01,0,0,77,87,1,1,0,0,0,0,0,0,0,0,0,0,0,0,0,0,0,0,0,0,0,0,0,0,0,0,0,0,0,0,0,0,0
2050,293.15,35,0,293.15,24.5,6.125,293.15,0.5,0,293.15,0.55,0,293.15,0.6,0,350.15,0.5,0,360.15,0.5,0,0,0,-0,0,0,0,0,0,0,0,0,0,0,0,0,0,0,-0,0,0,0,0,0.5,0,0,20,0,0,0,0.35,0,0,20,0.25,0,0,0,0,20,0,0.01,0,0,0,0,20,0,0.01,0,0,0,0,0,0.01,20,0,0,0,0,0,0,0,0.01,77,0,0,0,0,0,0.01,87,0,0,0,0,0,0,0,0,0,0,0,0,0,0,0,0,0,1,1,2050,1,0,0,0,0,0,0,0,0,0,0,0,0,0,0,0,0,0,0,0,0.25,0.01,0,0,0,0.01,0,0,0,0,0,0,0,0,0.01,20,0,0,0.01,0,0,77,0,0.01,0,0,87,0,0,0,0,0,0,0,0,0,0,0,0,0,0,0,0,0,0,0,0,0,0,0.01,0.01,0.01,0.01,0,0,77,87,1,1,0,0,0,0,0,0,0,0,0,0,0,0,0,0,0,0,0,0,0,0,0,0,0,0,0,0,0,0,0,0,0
2055,293.15,35,0,293.15,24.5,6.125,293.15,0.5,0,293.15,0.55,0,293.15,0.6,0,350.15,0.5,0,360.15,0.5,0,0,0,-0,0,0,0,0,0,0,0,0,0,0,0,0,0,0,-0,0,0,0,0,0.5,0,0,20,0,0,0,0.35,0,0,20,0.25,0,0,0,0,20,0,0.01,0,0,0,0,20,0,0.01,0,0,0,0,0,0.01,20,0,0,0,0,0,0,0,0.01,77,0,0,0,0,0,0.01,87,0,0,0,0,0,0,0,0,0,0,0,0,0,0,0,0,0,1,1,2055,1,0,0,0,0,0,0,0,0,0,0,0,0,0,0,0,0,0,0,0,0.25,0.01,0,0,0,0.01,0,0,0,0,0,0,0,0,0.01,20,0,0,0.01,0,0,77,0,0.01,0,0,87,0,0,0,0,0,0,0,0,0,0,0,0,0,0,0,0,0,0,0,0,0,0,0.01,0.01,0.01,0.01,0,0,77,87,1,1,0,0,0,0,0,0,0,0,0,0,0,0,0,0,0,0,0,0,0,0,0,0,0,0,0,0,0,0,0,0,0
2060,293.15,35,0,293.15,24.5,6.125,293.15,0.5,0,293.15,0.55,0,293.15,0.6,0,350.15,0.5,0,360.15,0.5,0,0,0,-0,0,0,0,0,0,0,0,0,0,0,0,0,0,0,-0,0,0,0,0,0.5,0,0,20,0,0,0,0.35,0,0,20,0.25,0,0,0,0,20,0,0.01,0,0,0,0,20,0,0.01,0,0,0,0,0,0.01,20,0,0,0,0,0,0,0,0.01,77,0,0,0,0,0,0.01,87,0,0,0,0,0,0,0,0,0,0,0,0,0,0,0,0,0,1,1,2060,1,0,0,0,0,0,0,0,0,0,0,0,0,0,0,0,0,0,0,0,0.25,0.01,0,0,0,0.01,0,0,0,0,0,0,0,0,0.01,20,0,0,0.01,0,0,77,0,0.01,0,0,87,0,0,0,0,0,0,0,0,0,0,0,0,0,0,0,0,0,0,0,0,0,0,0.01,0.01,0.01,0.01,0,0,77,87,1,1,0,0,0,0,0,0,0,0,0,0,0,0,0,0,0,0,0,0,0,0,0,0,0,0,0,0,0,0,0,0,0
2065,293.15,35,0,293.15,24.5,6.125,293.15,0.5,0,293.15,0.55,0,293.15,0.6,0,350.15,0.5,0,360.15,0.5,0,0,0,-0,0,0,0,0,0,0,0,0,0,0,0,0,0,0,-0,0,0,0,0,0.5,0,0,20,0,0,0,0.35,0,0,20,0.25,0,0,0,0,20,0,0.01,0,0,0,0,20,0,0.01,0,0,0,0,0,0.01,20,0,0,0,0,0,0,0,0.01,77,0,0,0,0,0,0.01,87,0,0,0,0,0,0,0,0,0,0,0,0,0,0,0,0,0,1,1,2065,1,0,0,0,0,0,0,0,0,0,0,0,0,0,0,0,0,0,0,0,0.25,0.01,0,0,0,0.01,0,0,0,0,0,0,0,0,0.01,20,0,0,0.01,0,0,77,0,0.01,0,0,87,0,0,0,0,0,0,0,0,0,0,0,0,0,0,0,0,0,0,0,0,0,0,0.01,0.01,0.01,0.01,0,0,77,87,1,1,0,0,0,0,0,0,0,0,0,0,0,0,0,0,0,0,0,0,0,0,0,0,0,0,0,0,0,0,0,0,0
2070,293.15,35,0,293.15,24.5,6.125,293.15,0.5,0,293.15,0.55,0,293.15,0.6,0,350.15,0.5,0,360.15,0.5,0,0,0,-0,0,0,0,0,0,0,0,0,0,0,0,0,0,0,-0,0,0,0,0,0.5,0,0,20,0,0,0,0.35,0,0,20,0.25,0,0,0,0,20,0,0.01,0,0,0,0,20,0,0.01,0,0,0,0,0,0.01,20,0,0,0,0,0,0,0,0.01,77,0,0,0,0,0,0.01,87,0,0,0,0,0,0,0,0,0,0,0,0,0,0,0,0,0,1,1,2070,1,0,0,0,0,0,0,0,0,0,0,0,0,0,0,0,0,0,0,0,0.25,0.01,0,0,0,0.01,0,0,0,0,0,0,0,0,0.01,20,0,0,0.01,0,0,77,0,0.01,0,0,87,0,0,0,0,0,0,0,0,0,0,0,0,0,0,0,0,0,0,0,0,0,0,0.01,0.01,0.01,0.01,0,0,77,87,1,1,0,0,0,0,0,0,0,0,0,0,0,0,0,0,0,0,0,0,0,0,0,0,0,0,0,0,0,0,0,0,0
2075,293.15,35,0,293.15,24.5,6.125,293.15,0.5,0,293.15,0.55,0,293.15,0.6,0,350.15,0.5,0,360.15,0.5,0,0,0,-0,0,0,0,0,0,0,0,0,0,0,0,0,0,0,-0,0,0,0,0,0.5,0,0,20,0,0,0,0.35,0,0,20,0.25,0,0,0,0,20,0,0.01,0,0,0,0,20,0,0.01,0,0,0,0,0,0.01,20,0,0,0,0,0,0,0,0.01,77,0,0,0,0,0,0.01,87,0,0,0,0,0,0,0,0,0,0,0,0,0,0,0,0,0,1,1,2075,1,0,0,0,0,0,0,0,0,0,0,0,0,0,0,0,0,0,0,0,0.25,0.01,0,0,0,0.01,0,0,0,0,0,0,0,0,0.01,20,0,0,0.01,0,0,77,0,0.01,0,0,87,0,0,0,0,0,0,0,0,0,0,0,0,0,0,0,0,0,0,0,0,0,0,0.01,0.01,0.01,0.01,0,0,77,87,1,1,0,0,0,0,0,0,0,0,0,0,0,0,0,0,0,0,0,0,0,0,0,0,0,0,0,0,0,0,0,0,0
2080,293.15,35,0,293.15,24.5,6.125,293.15,0.5,0,293.15,0.55,0,293.15,0.6,0,350.15,0.5,0,360.15,0.5,0,0,0,-0,0,0,0,0,0,0,0,0,0,0,0,0,0,0,-0,0,0,0,0,0.5,0,0,20,0,0,0,0.35,0,0,20,0.25,0,0,0,0,20,0,0.01,0,0,0,0,20,0,0.01,0,0,0,0,0,0.01,20,0,0,0,0,0,0,0,0.01,77,0,0,0,0,0,0.01,87,0,0,0,0,0,0,0,0,0,0,0,0,0,0,0,0,0,1,1,2080,1,0,0,0,0,0,0,0,0,0,0,0,0,0,0,0,0,0,0,0,0.25,0.01,0,0,0,0.01,0,0,0,0,0,0,0,0,0.01,20,0,0,0.01,0,0,77,0,0.01,0,0,87,0,0,0,0,0,0,0,0,0,0,0,0,0,0,0,0,0,0,0,0,0,0,0.01,0.01,0.01,0.01,0,0,77,87,1,1,0,0,0,0,0,0,0,0,0,0,0,0,0,0,0,0,0,0,0,0,0,0,0,0,0,0,0,0,0,0,0
2085,293.15,35,0,293.15,24.5,6.125,293.15,0.5,0,293.15,0.55,0,293.15,0.6,0,350.15,0.5,0,360.15,0.5,0,0,0,-0,0,0,0,0,0,0,0,0,0,0,0,0,0,0,-0,0,0,0,0,0.5,0,0,20,0,0,0,0.35,0,0,20,0.25,0,0,0,0,20,0,0.01,0,0,0,0,20,0,0.01,0,0,0,0,0,0.01,20,0,0,0,0,0,0,0,0.01,77,0,0,0,0,0,0.01,87,0,0,0,0,0,0,0,0,0,0,0,0,0,0,0,0,0,1,1,2085,1,0,0,0,0,0,0,0,0,0,0,0,0,0,0,0,0,0,0,0,0.25,0.01,0,0,0,0.01,0,0,0,0,0,0,0,0,0.01,20,0,0,0.01,0,0,77,0,0.01,0,0,87,0,0,0,0,0,0,0,0,0,0,0,0,0,0,0,0,0,0,0,0,0,0,0.01,0.01,0.01,0.01,0,0,77,87,1,1,0,0,0,0,0,0,0,0,0,0,0,0,0,0,0,0,0,0,0,0,0,0,0,0,0,0,0,0,0,0,0
2090,293.15,35,0,293.15,24.5,6.125,293.15,0.5,0,293.15,0.55,0,293.15,0.6,0,350.15,0.5,0,360.15,0.5,0,0,0,-0,0,0,0,0,0,0,0,0,0,0,0,0,0,0,-0,0,0,0,0,0.5,0,0,20,0,0,0,0.35,0,0,20,0.25,0,0,0,0,20,0,0.01,0,0,0,0,20,0,0.01,0,0,0,0,0,0.01,20,0,0,0,0,0,0,0,0.01,77,0,0,0,0,0,0.01,87,0,0,0,0,0,0,0,0,0,0,0,0,0,0,0,0,0,1,1,2090,1,0,0,0,0,0,0,0,0,0,0,0,0,0,0,0,0,0,0,0,0.25,0.01,0,0,0,0.01,0,0,0,0,0,0,0,0,0.01,20,0,0,0.01,0,0,77,0,0.01,0,0,87,0,0,0,0,0,0,0,0,0,0,0,0,0,0,0,0,0,0,0,0,0,0,0.01,0.01,0.01,0.01,0,0,77,87,1,1,0,0,0,0,0,0,0,0,0,0,0,0,0,0,0,0,0,0,0,0,0,0,0,0,0,0,0,0,0,0,0
2095,293.15,35,0,293.15,24.5,6.125,293.15,0.5,0,293.15,0.55,0,293.15,0.6,0,350.15,0.5,0,360.15,0.5,0,0,0,-0,0,0,0,0,0,0,0,0,0,0,0,0,0,0,-0,0,0,0,0,0.5,0,0,20,0,0,0,0.35,0,0,20,0.25,0,0,0,0,20,0,0.01,0,0,0,0,20,0,0.01,0,0,0,0,0,0.01,20,0,0,0,0,0,0,0,0.01,77,0,0,0,0,0,0.01,87,0,0,0,0,0,0,0,0,0,0,0,0,0,0,0,0,0,1,1,2095,1,0,0,0,0,0,0,0,0,0,0,0,0,0,0,0,0,0,0,0,0.25,0.01,0,0,0,0.01,0,0,0,0,0,0,0,0,0.01,20,0,0,0.01,0,0,77,0,0.01,0,0,87,0,0,0,0,0,0,0,0,0,0,0,0,0,0,0,0,0,0,0,0,0,0,0.01,0.01,0.01,0.01,0,0,77,87,1,1,0,0,0,0,0,0,0,0,0,0,0,0,0,0,0,0,0,0,0,0,0,0,0,0,0,0,0,0,0,0,0
2100,293.15,35,0,293.15,24.5,6.125,293.15,0.5,0,293.15,0.55,0,293.15,0.6,0,350.15,0.5,0,360.15,0.5,0,0,0,-0,0,0,0,0,0,0,0,0,0,0,0,0,0,0,-0,0,0,0,0,0.5,0,0,20,0,0,0,0.35,0,0,20,0.25,0,0,0,0,20,0,0.01,0,0,0,0,20,0,0.01,0,0,0,0,0,0.01,20,0,0,0,0,0,0,0,0.01,77,0,0,0,0,0,0.01,87,0,0,0,0,0,0,0,0,0,0,0,0,0,0,0,0,0,1,1,2100,1,0,0,0,0,0,0,0,0,0,0,0,0,0,0,0,0,0,0,0,0.25,0.01,0,0,0,0.01,0,0,0,0,0,0,0,0,0.01,20,0,0,0.01,0,0,77,0,0.01,0,0,87,0,0,0,0,0,0,0,0,0,0,0,0,0,0,0,0,0,0,0,0,0,0,0.01,0.01,0.01,0.01,0,0,77,87,1,1,0,0,0,0,0,0,0,0,0,0,0,0,0,0,0,0,0,0,0,0,0,0,0,0,0,0,0,0,0,0,0
2105,293.15,35,0,293.15,24.5,6.125,293.15,0.5,0,293.15,0.55,0,293.15,0.6,0,350.15,0.5,0,360.15,0.5,0,0,0,-0,0,0,0,0,0,0,0,0,0,0,0,0,0,0,-0,0,0,0,0,0.5,0,0,20,0,0,0,0.35,0,0,20,0.25,0,0,0,0,20,0,0.01,0,0,0,0,20,0,0.01,0,0,0,0,0,0.01,20,0,0,0,0,0,0,0,0.01,77,0,0,0,0,0,0.01,87,0,0,0,0,0,0,0,0,0,0,0,0,0,0,0,0,0,1,1,2105,1,0,0,0,0,0,0,0,0,0,0,0,0,0,0,0,0,0,0,0,0.25,0.01,0,0,0,0.01,0,0,0,0,0,0,0,0,0.01,20,0,0,0.01,0,0,77,0,0.01,0,0,87,0,0,0,0,0,0,0,0,0,0,0,0,0,0,0,0,0,0,0,0,0,0,0.01,0.01,0.01,0.01,0,0,77,87,1,1,0,0,0,0,0,0,0,0,0,0,0,0,0,0,0,0,0,0,0,0,0,0,0,0,0,0,0,0,0,0,0
2110,293.15,35,0,293.15,24.5,6.125,293.15,0.5,0,293.15,0.55,0,293.15,0.6,0,350.15,0.5,0,360.15,0.5,0,0,0,-0,0,0,0,0,0,0,0,0,0,0,0,0,0,0,-0,0,0,0,0,0.5,0,0,20,0,0,0,0.35,0,0,20,0.25,0,0,0,0,20,0,0.01,0,0,0,0,20,0,0.01,0,0,0,0,0,0.01,20,0,0,0,0,0,0,0,0.01,77,0,0,0,0,0,0.01,87,0,0,0,0,0,0,0,0,0,0,0,0,0,0,0,0,0,1,1,2110,1,0,0,0,0,0,0,0,0,0,0,0,0,0,0,0,0,0,0,0,0.25,0.01,0,0,0,0.01,0,0,0,0,0,0,0,0,0.01,20,0,0,0.01,0,0,77,0,0.01,0,0,87,0,0,0,0,0,0,0,0,0,0,0,0,0,0,0,0,0,0,0,0,0,0,0.01,0.01,0.01,0.01,0,0,77,87,1,1,0,0,0,0,0,0,0,0,0,0,0,0,0,0,0,0,0,0,0,0,0,0,0,0,0,0,0,0,0,0,0
2115,293.15,35,0,293.15,24.5,6.125,293.15,0.5,0,293.15,0.55,0,293.15,0.6,0,350.15,0.5,0,360.15,0.5,0,0,0,-0,0,0,0,0,0,0,0,0,0,0,0,0,0,0,-0,0,0,0,0,0.5,0,0,20,0,0,0,0.35,0,0,20,0.25,0,0,0,0,20,0,0.01,0,0,0,0,20,0,0.01,0,0,0,0,0,0.01,20,0,0,0,0,0,0,0,0.01,77,0,0,0,0,0,0.01,87,0,0,0,0,0,0,0,0,0,0,0,0,0,0,0,0,0,1,1,2115,1,0,0,0,0,0,0,0,0,0,0,0,0,0,0,0,0,0,0,0,0.25,0.01,0,0,0,0.01,0,0,0,0,0,0,0,0,0.01,20,0,0,0.01,0,0,77,0,0.01,0,0,87,0,0,0,0,0,0,0,0,0,0,0,0,0,0,0,0,0,0,0,0,0,0,0.01,0.01,0.01,0.01,0,0,77,87,1,1,0,0,0,0,0,0,0,0,0,0,0,0,0,0,0,0,0,0,0,0,0,0,0,0,0,0,0,0,0,0,0
2120,293.15,35,0,293.15,24.5,6.125,293.15,0.5,0,293.15,0.55,0,293.15,0.6,0,350.15,0.5,0,360.15,0.5,0,0,0,-0,0,0,0,0,0,0,0,0,0,0,0,0,0,0,-0,0,0,0,0,0.5,0,0,20,0,0,0,0.35,0,0,20,0.25,0,0,0,0,20,0,0.01,0,0,0,0,20,0,0.01,0,0,0,0,0,0.01,20,0,0,0,0,0,0,0,0.01,77,0,0,0,0,0,0.01,87,0,0,0,0,0,0,0,0,0,0,0,0,0,0,0,0,0,1,1,2120,1,0,0,0,0,0,0,0,0,0,0,0,0,0,0,0,0,0,0,0,0.25,0.01,0,0,0,0.01,0,0,0,0,0,0,0,0,0.01,20,0,0,0.01,0,0,77,0,0.01,0,0,87,0,0,0,0,0,0,0,0,0,0,0,0,0,0,0,0,0,0,0,0,0,0,0.01,0.01,0.01,0.01,0,0,77,87,1,1,0,0,0,0,0,0,0,0,0,0,0,0,0,0,0,0,0,0,0,0,0,0,0,0,0,0,0,0,0,0,0
2125,293.15,35,0,293.15,24.5,6.125,293.15,0.5,0,293.15,0.55,0,293.15,0.6,0,350.15,0.5,0,360.15,0.5,0,0,0,-0,0,0,0,0,0,0,0,0,0,0,0,0,0,0,-0,0,0,0,0,0.5,0,0,20,0,0,0,0.35,0,0,20,0.25,0,0,0,0,20,0,0.01,0,0,0,0,20,0,0.01,0,0,0,0,0,0.01,20,0,0,0,0,0,0,0,0.01,77,0,0,0,0,0,0.01,87,0,0,0,0,0,0,0,0,0,0,0,0,0,0,0,0,0,1,1,2125,1,0,0,0,0,0,0,0,0,0,0,0,0,0,0,0,0,0,0,0,0.25,0.01,0,0,0,0.01,0,0,0,0,0,0,0,0,0.01,20,0,0,0.01,0,0,77,0,0.01,0,0,87,0,0,0,0,0,0,0,0,0,0,0,0,0,0,0,0,0,0,0,0,0,0,0.01,0.01,0.01,0.01,0,0,77,87,1,1,0,0,0,0,0,0,0,0,0,0,0,0,0,0,0,0,0,0,0,0,0,0,0,0,0,0,0,0,0,0,0
2130,293.15,35,0,293.15,24.5,6.125,293.15,0.5,0,293.15,0.55,0,293.15,0.6,0,350.15,0.5,0,360.15,0.5,0,0,0,-0,0,0,0,0,0,0,0,0,0,0,0,0,0,0,-0,0,0,0,0,0.5,0,0,20,0,0,0,0.35,0,0,20,0.25,0,0,0,0,20,0,0.01,0,0,0,0,20,0,0.01,0,0,0,0,0,0.01,20,0,0,0,0,0,0,0,0.01,77,0,0,0,0,0,0.01,87,0,0,0,0,0,0,0,0,0,0,0,0,0,0,0,0,0,1,1,2130,1,0,0,0,0,0,0,0,0,0,0,0,0,0,0,0,0,0,0,0,0.25,0.01,0,0,0,0.01,0,0,0,0,0,0,0,0,0.01,20,0,0,0.01,0,0,77,0,0.01,0,0,87,0,0,0,0,0,0,0,0,0,0,0,0,0,0,0,0,0,0,0,0,0,0,0.01,0.01,0.01,0.01,0,0,77,87,1,1,0,0,0,0,0,0,0,0,0,0,0,0,0,0,0,0,0,0,0,0,0,0,0,0,0,0,0,0,0,0,0
2135,293.15,35,0,293.15,24.5,6.125,293.15,0.5,0,293.15,0.55,0,293.15,0.6,0,350.15,0.5,0,360.15,0.5,0,0,0,-0,0,0,0,0,0,0,0,0,0,0,0,0,0,0,-0,0,0,0,0,0.5,0,0,20,0,0,0,0.35,0,0,20,0.25,0,0,0,0,20,0,0.01,0,0,0,0,20,0,0.01,0,0,0,0,0,0.01,20,0,0,0,0,0,0,0,0.01,77,0,0,0,0,0,0.01,87,0,0,0,0,0,0,0,0,0,0,0,0,0,0,0,0,0,1,1,2135,1,0,0,0,0,0,0,0,0,0,0,0,0,0,0,0,0,0,0,0,0.25,0.01,0,0,0,0.01,0,0,0,0,0,0,0,0,0.01,20,0,0,0.01,0,0,77,0,0.01,0,0,87,0,0,0,0,0,0,0,0,0,0,0,0,0,0,0,0,0,0,0,0,0,0,0.01,0.01,0.01,0.01,0,0,77,87,1,1,0,0,0,0,0,0,0,0,0,0,0,0,0,0,0,0,0,0,0,0,0,0,0,0,0,0,0,0,0,0,0
2140,293.15,35,0,293.15,24.5,6.125,293.15,0.5,0,293.15,0.55,0,293.15,0.6,0,350.15,0.5,0,360.15,0.5,0,0,0,-0,0,0,0,0,0,0,0,0,0,0,0,0,0,0,-0,0,0,0,0,0.5,0,0,20,0,0,0,0.35,0,0,20,0.25,0,0,0,0,20,0,0.01,0,0,0,0,20,0,0.01,0,0,0,0,0,0.01,20,0,0,0,0,0,0,0,0.01,77,0,0,0,0,0,0.01,87,0,0,0,0,0,0,0,0,0,0,0,0,0,0,0,0,0,1,1,2140,1,0,0,0,0,0,0,0,0,0,0,0,0,0,0,0,0,0,0,0,0.25,0.01,0,0,0,0.01,0,0,0,0,0,0,0,0,0.01,20,0,0,0.01,0,0,77,0,0.01,0,0,87,0,0,0,0,0,0,0,0,0,0,0,0,0,0,0,0,0,0,0,0,0,0,0.01,0.01,0.01,0.01,0,0,77,87,1,1,0,0,0,0,0,0,0,0,0,0,0,0,0,0,0,0,0,0,0,0,0,0,0,0,0,0,0,0,0,0,0
2145,293.15,35,0,293.15,24.5,6.125,293.15,0.5,0,293.15,0.55,0,293.15,0.6,0,350.15,0.5,0,360.15,0.5,0,0,0,-0,0,0,0,0,0,0,0,0,0,0,0,0,0,0,-0,0,0,0,0,0.5,0,0,20,0,0,0,0.35,0,0,20,0.25,0,0,0,0,20,0,0.01,0,0,0,0,20,0,0.01,0,0,0,0,0,0.01,20,0,0,0,0,0,0,0,0.01,77,0,0,0,0,0,0.01,87,0,0,0,0,0,0,0,0,0,0,0,0,0,0,0,0,0,1,1,2145,1,0,0,0,0,0,0,0,0,0,0,0,0,0,0,0,0,0,0,0,0.25,0.01,0,0,0,0.01,0,0,0,0,0,0,0,0,0.01,20,0,0,0.01,0,0,77,0,0.01,0,0,87,0,0,0,0,0,0,0,0,0,0,0,0,0,0,0,0,0,0,0,0,0,0,0.01,0.01,0.01,0.01,0,0,77,87,1,1,0,0,0,0,0,0,0,0,0,0,0,0,0,0,0,0,0,0,0,0,0,0,0,0,0,0,0,0,0,0,0
2150,293.15,35,0,293.15,24.5,6.125,293.15,0.5,0,293.15,0.55,0,293.15,0.6,0,350.15,0.5,0,360.15,0.5,0,0,0,-0,0,0,0,0,0,0,0,0,0,0,0,0,0,0,-0,0,0,0,0,0.5,0,0,20,0,0,0,0.35,0,0,20,0.25,0,0,0,0,20,0,0.01,0,0,0,0,20,0,0.01,0,0,0,0,0,0.01,20,0,0,0,0,0,0,0,0.01,77,0,0,0,0,0,0.01,87,0,0,0,0,0,0,0,0,0,0,0,0,0,0,0,0,0,1,1,2150,1,0,0,0,0,0,0,0,0,0,0,0,0,0,0,0,0,0,0,0,0.25,0.01,0,0,0,0.01,0,0,0,0,0,0,0,0,0.01,20,0,0,0.01,0,0,77,0,0.01,0,0,87,0,0,0,0,0,0,0,0,0,0,0,0,0,0,0,0,0,0,0,0,0,0,0.01,0.01,0.01,0.01,0,0,77,87,1,1,0,0,0,0,0,0,0,0,0,0,0,0,0,0,0,0,0,0,0,0,0,0,0,0,0,0,0,0,0,0,0
2155,293.15,35,0,293.15,24.5,6.125,293.15,0.5,0,293.15,0.55,0,293.15,0.6,0,350.15,0.5,0,360.15,0.5,0,0,0,-0,0,0,0,0,0,0,0,0,0,0,0,0,0,0,-0,0,0,0,0,0.5,0,0,20,0,0,0,0.35,0,0,20,0.25,0,0,0,0,20,0,0.01,0,0,0,0,20,0,0.01,0,0,0,0,0,0.01,20,0,0,0,0,0,0,0,0.01,77,0,0,0,0,0,0.01,87,0,0,0,0,0,0,0,0,0,0,0,0,0,0,0,0,0,1,1,2155,1,0,0,0,0,0,0,0,0,0,0,0,0,0,0,0,0,0,0,0,0.25,0.01,0,0,0,0.01,0,0,0,0,0,0,0,0,0.01,20,0,0,0.01,0,0,77,0,0.01,0,0,87,0,0,0,0,0,0,0,0,0,0,0,0,0,0,0,0,0,0,0,0,0,0,0.01,0.01,0.01,0.01,0,0,77,87,1,1,0,0,0,0,0,0,0,0,0,0,0,0,0,0,0,0,0,0,0,0,0,0,0,0,0,0,0,0,0,0,0
2160,293.15,35,0,293.15,24.5,6.125,293.15,0.5,0,293.15,0.55,0,293.15,0.6,0,350.15,0.5,0,360.15,0.5,0,0,0,-0,0,0,0,0,0,0,0,0,0,0,0,0,0,0,-0,0,0,0,0,0.5,0,0,20,0,0,0,0.35,0,0,20,0.25,0,0,0,0,20,0,0.01,0,0,0,0,20,0,0.01,0,0,0,0,0,0.01,20,0,0,0,0,0,0,0,0.01,77,0,0,0,0,0,0.01,87,0,0,0,0,0,0,0,0,0,0,0,0,0,0,0,0,0,1,1,2160,1,0,0,0,0,0,0,0,0,0,0,0,0,0,0,0,0,0,0,0,0.25,0.01,0,0,0,0.01,0,0,0,0,0,0,0,0,0.01,20,0,0,0.01,0,0,77,0,0.01,0,0,87,0,0,0,0,0,0,0,0,0,0,0,0,0,0,0,0,0,0,0,0,0,0,0.01,0.01,0.01,0.01,0,0,77,87,1,1,0,0,0,0,0,0,0,0,0,0,0,0,0,0,0,0,0,0,0,0,0,0,0,0,0,0,0,0,0,0,0
2165,293.15,35,0,293.15,24.5,6.125,293.15,0.5,0,293.15,0.55,0,293.15,0.6,0,350.15,0.5,0,360.15,0.5,0,0,0,-0,0,0,0,0,0,0,0,0,0,0,0,0,0,0,-0,0,0,0,0,0.5,0,0,20,0,0,0,0.35,0,0,20,0.25,0,0,0,0,20,0,0.01,0,0,0,0,20,0,0.01,0,0,0,0,0,0.01,20,0,0,0,0,0,0,0,0.01,77,0,0,0,0,0,0.01,87,0,0,0,0,0,0,0,0,0,0,0,0,0,0,0,0,0,1,1,2165,1,0,0,0,0,0,0,0,0,0,0,0,0,0,0,0,0,0,0,0,0.25,0.01,0,0,0,0.01,0,0,0,0,0,0,0,0,0.01,20,0,0,0.01,0,0,77,0,0.01,0,0,87,0,0,0,0,0,0,0,0,0,0,0,0,0,0,0,0,0,0,0,0,0,0,0.01,0.01,0.01,0.01,0,0,77,87,1,1,0,0,0,0,0,0,0,0,0,0,0,0,0,0,0,0,0,0,0,0,0,0,0,0,0,0,0,0,0,0,0
2170,293.15,35,0,293.15,24.5,6.125,293.15,0.5,0,293.15,0.55,0,293.15,0.6,0,350.15,0.5,0,360.15,0.5,0,0,0,-0,0,0,0,0,0,0,0,0,0,0,0,0,0,0,-0,0,0,0,0,0.5,0,0,20,0,0,0,0.35,0,0,20,0.25,0,0,0,0,20,0,0.01,0,0,0,0,20,0,0.01,0,0,0,0,0,0.01,20,0,0,0,0,0,0,0,0.01,77,0,0,0,0,0,0.01,87,0,0,0,0,0,0,0,0,0,0,0,0,0,0,0,0,0,1,1,2170,1,0,0,0,0,0,0,0,0,0,0,0,0,0,0,0,0,0,0,0,0.25,0.01,0,0,0,0.01,0,0,0,0,0,0,0,0,0.01,20,0,0,0.01,0,0,77,0,0.01,0,0,87,0,0,0,0,0,0,0,0,0,0,0,0,0,0,0,0,0,0,0,0,0,0,0.01,0.01,0.01,0.01,0,0,77,87,1,1,0,0,0,0,0,0,0,0,0,0,0,0,0,0,0,0,0,0,0,0,0,0,0,0,0,0,0,0,0,0,0
2175,293.15,35,0,293.15,24.5,6.125,293.15,0.5,0,293.15,0.55,0,293.15,0.6,0,350.15,0.5,0,360.15,0.5,0,0,0,-0,0,0,0,0,0,0,0,0,0,0,0,0,0,0,-0,0,0,0,0,0.5,0,0,20,0,0,0,0.35,0,0,20,0.25,0,0,0,0,20,0,0.01,0,0,0,0,20,0,0.01,0,0,0,0,0,0.01,20,0,0,0,0,0,0,0,0.01,77,0,0,0,0,0,0.01,87,0,0,0,0,0,0,0,0,0,0,0,0,0,0,0,0,0,1,1,2175,1,0,0,0,0,0,0,0,0,0,0,0,0,0,0,0,0,0,0,0,0.25,0.01,0,0,0,0.01,0,0,0,0,0,0,0,0,0.01,20,0,0,0.01,0,0,77,0,0.01,0,0,87,0,0,0,0,0,0,0,0,0,0,0,0,0,0,0,0,0,0,0,0,0,0,0.01,0.01,0.01,0.01,0,0,77,87,1,1,0,0,0,0,0,0,0,0,0,0,0,0,0,0,0,0,0,0,0,0,0,0,0,0,0,0,0,0,0,0,0
2180,293.15,35,0,293.15,24.5,6.125,293.15,0.5,0,293.15,0.55,0,293.15,0.6,0,350.15,0.5,0,360.15,0.5,0,0,0,-0,0,0,0,0,0,0,0,0,0,0,0,0,0,0,-0,0,0,0,0,0.5,0,0,20,0,0,0,0.35,0,0,20,0.25,0,0,0,0,20,0,0.01,0,0,0,0,20,0,0.01,0,0,0,0,0,0.01,20,0,0,0,0,0,0,0,0.01,77,0,0,0,0,0,0.01,87,0,0,0,0,0,0,0,0,0,0,0,0,0,0,0,0,0,1,1,2180,1,0,0,0,0,0,0,0,0,0,0,0,0,0,0,0,0,0,0,0,0.25,0.01,0,0,0,0.01,0,0,0,0,0,0,0,0,0.01,20,0,0,0.01,0,0,77,0,0.01,0,0,87,0,0,0,0,0,0,0,0,0,0,0,0,0,0,0,0,0,0,0,0,0,0,0.01,0.01,0.01,0.01,0,0,77,87,1,1,0,0,0,0,0,0,0,0,0,0,0,0,0,0,0,0,0,0,0,0,0,0,0,0,0,0,0,0,0,0,0
2185,293.15,35,0,293.15,24.5,6.125,293.15,0.5,0,293.15,0.55,0,293.15,0.6,0,350.15,0.5,0,360.15,0.5,0,0,0,-0,0,0,0,0,0,0,0,0,0,0,0,0,0,0,-0,0,0,0,0,0.5,0,0,20,0,0,0,0.35,0,0,20,0.25,0,0,0,0,20,0,0.01,0,0,0,0,20,0,0.01,0,0,0,0,0,0.01,20,0,0,0,0,0,0,0,0.01,77,0,0,0,0,0,0.01,87,0,0,0,0,0,0,0,0,0,0,0,0,0,0,0,0,0,1,1,2185,1,0,0,0,0,0,0,0,0,0,0,0,0,0,0,0,0,0,0,0,0.25,0.01,0,0,0,0.01,0,0,0,0,0,0,0,0,0.01,20,0,0,0.01,0,0,77,0,0.01,0,0,87,0,0,0,0,0,0,0,0,0,0,0,0,0,0,0,0,0,0,0,0,0,0,0.01,0.01,0.01,0.01,0,0,77,87,1,1,0,0,0,0,0,0,0,0,0,0,0,0,0,0,0,0,0,0,0,0,0,0,0,0,0,0,0,0,0,0,0
2190,293.15,35,0,293.15,24.5,6.125,293.15,0.5,0,293.15,0.55,0,293.15,0.6,0,350.15,0.5,0,360.15,0.5,0,0,0,-0,0,0,0,0,0,0,0,0,0,0,0,0,0,0,-0,0,0,0,0,0.5,0,0,20,0,0,0,0.35,0,0,20,0.25,0,0,0,0,20,0,0.01,0,0,0,0,20,0,0.01,0,0,0,0,0,0.01,20,0,0,0,0,0,0,0,0.01,77,0,0,0,0,0,0.01,87,0,0,0,0,0,0,0,0,0,0,0,0,0,0,0,0,0,1,1,2190,1,0,0,0,0,0,0,0,0,0,0,0,0,0,0,0,0,0,0,0,0.25,0.01,0,0,0,0.01,0,0,0,0,0,0,0,0,0.01,20,0,0,0.01,0,0,77,0,0.01,0,0,87,0,0,0,0,0,0,0,0,0,0,0,0,0,0,0,0,0,0,0,0,0,0,0.01,0.01,0.01,0.01,0,0,77,87,1,1,0,0,0,0,0,0,0,0,0,0,0,0,0,0,0,0,0,0,0,0,0,0,0,0,0,0,0,0,0,0,0
2195,293.15,35,0,293.15,24.5,6.125,293.15,0.5,0,293.15,0.55,0,293.15,0.6,0,350.15,0.5,0,360.15,0.5,0,0,0,-0,0,0,0,0,0,0,0,0,0,0,0,0,0,0,-0,0,0,0,0,0.5,0,0,20,0,0,0,0.35,0,0,20,0.25,0,0,0,0,20,0,0.01,0,0,0,0,20,0,0.01,0,0,0,0,0,0.01,20,0,0,0,0,0,0,0,0.01,77,0,0,0,0,0,0.01,87,0,0,0,0,0,0,0,0,0,0,0,0,0,0,0,0,0,1,1,2195,1,0,0,0,0,0,0,0,0,0,0,0,0,0,0,0,0,0,0,0,0.25,0.01,0,0,0,0.01,0,0,0,0,0,0,0,0,0.01,20,0,0,0.01,0,0,77,0,0.01,0,0,87,0,0,0,0,0,0,0,0,0,0,0,0,0,0,0,0,0,0,0,0,0,0,0.01,0.01,0.01,0.01,0,0,77,87,1,1,0,0,0,0,0,0,0,0,0,0,0,0,0,0,0,0,0,0,0,0,0,0,0,0,0,0,0,0,0,0,0
2200,293.15,35,0,293.15,24.5,6.125,293.15,0.5,0,293.15,0.55,0,293.15,0.6,0,350.15,0.5,0,360.15,0.5,0,0,0,-0,0,0,0,0,0,0,0,0,0,0,0,0,0,0,-0,0,0,0,0,0.5,0,0,20,0,0,0,0.35,0,0,20,0.25,0,0,0,0,20,0,0.01,0,0,0,0,20,0,0.01,0,0,0,0,0,0.01,20,0,0,0,0,0,0,0,0.01,77,0,0,0,0,0,0.01,87,0,0,0,0,0,0,0,0,0,0,0,0,0,0,0,0,0,1,1,2200,1,0,0,0,0,0,0,0,0,0,0,0,0,0,0,0,0,0,0,0,0.25,0.01,0,0,0,0.01,0,0,0,0,0,0,0,0,0.01,20,0,0,0.01,0,0,77,0,0.01,0,0,87,0,0,0,0,0,0,0,0,0,0,0,0,0,0,0,0,0,0,0,0,0,0,0.01,0.01,0.01,0.01,0,0,77,87,1,1,0,0,0,0,0,0,0,0,0,0,0,0,0,0,0,0,0,0,0,0,0,0,0,0,0,0,0,0,0,0,0
2205,293.15,35,0,293.15,24.5,6.125,293.15,0.5,0,293.15,0.55,0,293.15,0.6,0,350.15,0.5,0,360.15,0.5,0,0,0,-0,0,0,0,0,0,0,0,0,0,0,0,0,0,0,-0,0,0,0,0,0.5,0,0,20,0,0,0,0.35,0,0,20,0.25,0,0,0,0,20,0,0.01,0,0,0,0,20,0,0.01,0,0,0,0,0,0.01,20,0,0,0,0,0,0,0,0.01,77,0,0,0,0,0,0.01,87,0,0,0,0,0,0,0,0,0,0,0,0,0,0,0,0,0,1,1,2205,1,0,0,0,0,0,0,0,0,0,0,0,0,0,0,0,0,0,0,0,0.25,0.01,0,0,0,0.01,0,0,0,0,0,0,0,0,0.01,20,0,0,0.01,0,0,77,0,0.01,0,0,87,0,0,0,0,0,0,0,0,0,0,0,0,0,0,0,0,0,0,0,0,0,0,0.01,0.01,0.01,0.01,0,0,77,87,1,1,0,0,0,0,0,0,0,0,0,0,0,0,0,0,0,0,0,0,0,0,0,0,0,0,0,0,0,0,0,0,0
2210,293.15,35,0,293.15,24.5,6.125,293.15,0.5,0,293.15,0.55,0,293.15,0.6,0,350.15,0.5,0,360.15,0.5,0,0,0,-0,0,0,0,0,0,0,0,0,0,0,0,0,0,0,-0,0,0,0,0,0.5,0,0,20,0,0,0,0.35,0,0,20,0.25,0,0,0,0,20,0,0.01,0,0,0,0,20,0,0.01,0,0,0,0,0,0.01,20,0,0,0,0,0,0,0,0.01,77,0,0,0,0,0,0.01,87,0,0,0,0,0,0,0,0,0,0,0,0,0,0,0,0,0,1,1,2210,1,0,0,0,0,0,0,0,0,0,0,0,0,0,0,0,0,0,0,0,0.25,0.01,0,0,0,0.01,0,0,0,0,0,0,0,0,0.01,20,0,0,0.01,0,0,77,0,0.01,0,0,87,0,0,0,0,0,0,0,0,0,0,0,0,0,0,0,0,0,0,0,0,0,0,0.01,0.01,0.01,0.01,0,0,77,87,1,1,0,0,0,0,0,0,0,0,0,0,0,0,0,0,0,0,0,0,0,0,0,0,0,0,0,0,0,0,0,0,0
2215,293.15,35,0,293.15,24.5,6.125,293.15,0.5,0,293.15,0.55,0,293.15,0.6,0,350.15,0.5,0,360.15,0.5,0,0,0,-0,0,0,0,0,0,0,0,0,0,0,0,0,0,0,-0,0,0,0,0,0.5,0,0,20,0,0,0,0.35,0,0,20,0.25,0,0,0,0,20,0,0.01,0,0,0,0,20,0,0.01,0,0,0,0,0,0.01,20,0,0,0,0,0,0,0,0.01,77,0,0,0,0,0,0.01,87,0,0,0,0,0,0,0,0,0,0,0,0,0,0,0,0,0,1,1,2215,1,0,0,0,0,0,0,0,0,0,0,0,0,0,0,0,0,0,0,0,0.25,0.01,0,0,0,0.01,0,0,0,0,0,0,0,0,0.01,20,0,0,0.01,0,0,77,0,0.01,0,0,87,0,0,0,0,0,0,0,0,0,0,0,0,0,0,0,0,0,0,0,0,0,0,0.01,0.01,0.01,0.01,0,0,77,87,1,1,0,0,0,0,0,0,0,0,0,0,0,0,0,0,0,0,0,0,0,0,0,0,0,0,0,0,0,0,0,0,0
2220,293.15,35,0,293.15,24.5,6.125,293.15,0.5,0,293.15,0.55,0,293.15,0.6,0,350.15,0.5,0,360.15,0.5,0,0,0,-0,0,0,0,0,0,0,0,0,0,0,0,0,0,0,-0,0,0,0,0,0.5,0,0,20,0,0,0,0.35,0,0,20,0.25,0,0,0,0,20,0,0.01,0,0,0,0,20,0,0.01,0,0,0,0,0,0.01,20,0,0,0,0,0,0,0,0.01,77,0,0,0,0,0,0.01,87,0,0,0,0,0,0,0,0,0,0,0,0,0,0,0,0,0,1,1,2220,1,0,0,0,0,0,0,0,0,0,0,0,0,0,0,0,0,0,0,0,0.25,0.01,0,0,0,0.01,0,0,0,0,0,0,0,0,0.01,20,0,0,0.01,0,0,77,0,0.01,0,0,87,0,0,0,0,0,0,0,0,0,0,0,0,0,0,0,0,0,0,0,0,0,0,0.01,0.01,0.01,0.01,0,0,77,87,1,1,0,0,0,0,0,0,0,0,0,0,0,0,0,0,0,0,0,0,0,0,0,0,0,0,0,0,0,0,0,0,0
2225,293.15,35,0,293.15,24.5,6.125,293.15,0.5,0,293.15,0.55,0,293.15,0.6,0,350.15,0.5,0,360.15,0.5,0,0,0,-0,0,0,0,0,0,0,0,0,0,0,0,0,0,0,-0,0,0,0,0,0.5,0,0,20,0,0,0,0.35,0,0,20,0.25,0,0,0,0,20,0,0.01,0,0,0,0,20,0,0.01,0,0,0,0,0,0.01,20,0,0,0,0,0,0,0,0.01,77,0,0,0,0,0,0.01,87,0,0,0,0,0,0,0,0,0,0,0,0,0,0,0,0,0,1,1,2225,1,0,0,0,0,0,0,0,0,0,0,0,0,0,0,0,0,0,0,0,0.25,0.01,0,0,0,0.01,0,0,0,0,0,0,0,0,0.01,20,0,0,0.01,0,0,77,0,0.01,0,0,87,0,0,0,0,0,0,0,0,0,0,0,0,0,0,0,0,0,0,0,0,0,0,0.01,0.01,0.01,0.01,0,0,77,87,1,1,0,0,0,0,0,0,0,0,0,0,0,0,0,0,0,0,0,0,0,0,0,0,0,0,0,0,0,0,0,0,0
2230,293.15,35,0,293.15,24.5,6.125,293.15,0.5,0,293.15,0.55,0,293.15,0.6,0,350.15,0.5,0,360.15,0.5,0,0,0,-0,0,0,0,0,0,0,0,0,0,0,0,0,0,0,-0,0,0,0,0,0.5,0,0,20,0,0,0,0.35,0,0,20,0.25,0,0,0,0,20,0,0.01,0,0,0,0,20,0,0.01,0,0,0,0,0,0.01,20,0,0,0,0,0,0,0,0.01,77,0,0,0,0,0,0.01,87,0,0,0,0,0,0,0,0,0,0,0,0,0,0,0,0,0,1,1,2230,1,0,0,0,0,0,0,0,0,0,0,0,0,0,0,0,0,0,0,0,0.25,0.01,0,0,0,0.01,0,0,0,0,0,0,0,0,0.01,20,0,0,0.01,0,0,77,0,0.01,0,0,87,0,0,0,0,0,0,0,0,0,0,0,0,0,0,0,0,0,0,0,0,0,0,0.01,0.01,0.01,0.01,0,0,77,87,1,1,0,0,0,0,0,0,0,0,0,0,0,0,0,0,0,0,0,0,0,0,0,0,0,0,0,0,0,0,0,0,0
2235,293.15,35,0,293.15,24.5,6.125,293.15,0.5,0,293.15,0.55,0,293.15,0.6,0,350.15,0.5,0,360.15,0.5,0,0,0,-0,0,0,0,0,0,0,0,0,0,0,0,0,0,0,-0,0,0,0,0,0.5,0,0,20,0,0,0,0.35,0,0,20,0.25,0,0,0,0,20,0,0.01,0,0,0,0,20,0,0.01,0,0,0,0,0,0.01,20,0,0,0,0,0,0,0,0.01,77,0,0,0,0,0,0.01,87,0,0,0,0,0,0,0,0,0,0,0,0,0,0,0,0,0,1,1,2235,1,0,0,0,0,0,0,0,0,0,0,0,0,0,0,0,0,0,0,0,0.25,0.01,0,0,0,0.01,0,0,0,0,0,0,0,0,0.01,20,0,0,0.01,0,0,77,0,0.01,0,0,87,0,0,0,0,0,0,0,0,0,0,0,0,0,0,0,0,0,0,0,0,0,0,0.01,0.01,0.01,0.01,0,0,77,87,1,1,0,0,0,0,0,0,0,0,0,0,0,0,0,0,0,0,0,0,0,0,0,0,0,0,0,0,0,0,0,0,0
2240,293.15,35,0,293.15,24.5,6.125,293.15,0.5,0,293.15,0.55,0,293.15,0.6,0,350.15,0.5,0,360.15,0.5,0,0,0,-0,0,0,0,0,0,0,0,0,0,0,0,0,0,0,-0,0,0,0,0,0.5,0,0,20,0,0,0,0.35,0,0,20,0.25,0,0,0,0,20,0,0.01,0,0,0,0,20,0,0.01,0,0,0,0,0,0.01,20,0,0,0,0,0,0,0,0.01,77,0,0,0,0,0,0.01,87,0,0,0,0,0,0,0,0,0,0,0,0,0,0,0,0,0,1,1,2240,1,0,0,0,0,0,0,0,0,0,0,0,0,0,0,0,0,0,0,0,0.25,0.01,0,0,0,0.01,0,0,0,0,0,0,0,0,0.01,20,0,0,0.01,0,0,77,0,0.01,0,0,87,0,0,0,0,0,0,0,0,0,0,0,0,0,0,0,0,0,0,0,0,0,0,0.01,0.01,0.01,0.01,0,0,77,87,1,1,0,0,0,0,0,0,0,0,0,0,0,0,0,0,0,0,0,0,0,0,0,0,0,0,0,0,0,0,0,0,0
2245,293.15,35,0,293.15,24.5,6.125,293.15,0.5,0,293.15,0.55,0,293.15,0.6,0,350.15,0.5,0,360.15,0.5,0,0,0,-0,0,0,0,0,0,0,0,0,0,0,0,0,0,0,-0,0,0,0,0,0.5,0,0,20,0,0,0,0.35,0,0,20,0.25,0,0,0,0,20,0,0.01,0,0,0,0,20,0,0.01,0,0,0,0,0,0.01,20,0,0,0,0,0,0,0,0.01,77,0,0,0,0,0,0.01,87,0,0,0,0,0,0,0,0,0,0,0,0,0,0,0,0,0,1,1,2245,1,0,0,0,0,0,0,0,0,0,0,0,0,0,0,0,0,0,0,0,0.25,0.01,0,0,0,0.01,0,0,0,0,0,0,0,0,0.01,20,0,0,0.01,0,0,77,0,0.01,0,0,87,0,0,0,0,0,0,0,0,0,0,0,0,0,0,0,0,0,0,0,0,0,0,0.01,0.01,0.01,0.01,0,0,77,87,1,1,0,0,0,0,0,0,0,0,0,0,0,0,0,0,0,0,0,0,0,0,0,0,0,0,0,0,0,0,0,0,0
2250,293.15,35,0,293.15,24.5,6.125,293.15,0.5,0,293.15,0.55,0,293.15,0.6,0,350.15,0.5,0,360.15,0.5,0,0,0,-0,0,0,0,0,0,0,0,0,0,0,0,0,0,0,-0,0,0,0,0,0.5,0,0,20,0,0,0,0.35,0,0,20,0.25,0,0,0,0,20,0,0.01,0,0,0,0,20,0,0.01,0,0,0,0,0,0.01,20,0,0,0,0,0,0,0,0.01,77,0,0,0,0,0,0.01,87,0,0,0,0,0,0,0,0,0,0,0,0,0,0,0,0,0,1,1,2250,1,0,0,0,0,0,0,0,0,0,0,0,0,0,0,0,0,0,0,0,0.25,0.01,0,0,0,0.01,0,0,0,0,0,0,0,0,0.01,20,0,0,0.01,0,0,77,0,0.01,0,0,87,0,0,0,0,0,0,0,0,0,0,0,0,0,0,0,0,0,0,0,0,0,0,0.01,0.01,0.01,0.01,0,0,77,87,1,1,0,0,0,0,0,0,0,0,0,0,0,0,0,0,0,0,0,0,0,0,0,0,0,0,0,0,0,0,0,0,0
2255,293.15,35,0,293.15,24.5,6.125,293.15,0.5,0,293.15,0.55,0,293.15,0.6,0,350.15,0.5,0,360.15,0.5,0,0,0,-0,0,0,0,0,0,0,0,0,0,0,0,0,0,0,-0,0,0,0,0,0.5,0,0,20,0,0,0,0.35,0,0,20,0.25,0,0,0,0,20,0,0.01,0,0,0,0,20,0,0.01,0,0,0,0,0,0.01,20,0,0,0,0,0,0,0,0.01,77,0,0,0,0,0,0.01,87,0,0,0,0,0,0,0,0,0,0,0,0,0,0,0,0,0,1,1,2255,1,0,0,0,0,0,0,0,0,0,0,0,0,0,0,0,0,0,0,0,0.25,0.01,0,0,0,0.01,0,0,0,0,0,0,0,0,0.01,20,0,0,0.01,0,0,77,0,0.01,0,0,87,0,0,0,0,0,0,0,0,0,0,0,0,0,0,0,0,0,0,0,0,0,0,0.01,0.01,0.01,0.01,0,0,77,87,1,1,0,0,0,0,0,0,0,0,0,0,0,0,0,0,0,0,0,0,0,0,0,0,0,0,0,0,0,0,0,0,0
2260,293.15,35,0,293.15,24.5,6.125,293.15,0.5,0,293.15,0.55,0,293.15,0.6,0,350.15,0.5,0,360.15,0.5,0,0,0,-0,0,0,0,0,0,0,0,0,0,0,0,0,0,0,-0,0,0,0,0,0.5,0,0,20,0,0,0,0.35,0,0,20,0.25,0,0,0,0,20,0,0.01,0,0,0,0,20,0,0.01,0,0,0,0,0,0.01,20,0,0,0,0,0,0,0,0.01,77,0,0,0,0,0,0.01,87,0,0,0,0,0,0,0,0,0,0,0,0,0,0,0,0,0,1,1,2260,1,0,0,0,0,0,0,0,0,0,0,0,0,0,0,0,0,0,0,0,0.25,0.01,0,0,0,0.01,0,0,0,0,0,0,0,0,0.01,20,0,0,0.01,0,0,77,0,0.01,0,0,87,0,0,0,0,0,0,0,0,0,0,0,0,0,0,0,0,0,0,0,0,0,0,0.01,0.01,0.01,0.01,0,0,77,87,1,1,0,0,0,0,0,0,0,0,0,0,0,0,0,0,0,0,0,0,0,0,0,0,0,0,0,0,0,0,0,0,0
2265,293.15,35,0,293.15,24.5,6.125,293.15,0.5,0,293.15,0.55,0,293.15,0.6,0,350.15,0.5,0,360.15,0.5,0,0,0,-0,0,0,0,0,0,0,0,0,0,0,0,0,0,0,-0,0,0,0,0,0.5,0,0,20,0,0,0,0.35,0,0,20,0.25,0,0,0,0,20,0,0.01,0,0,0,0,20,0,0.01,0,0,0,0,0,0.01,20,0,0,0,0,0,0,0,0.01,77,0,0,0,0,0,0.01,87,0,0,0,0,0,0,0,0,0,0,0,0,0,0,0,0,0,1,1,2265,1,0,0,0,0,0,0,0,0,0,0,0,0,0,0,0,0,0,0,0,0.25,0.01,0,0,0,0.01,0,0,0,0,0,0,0,0,0.01,20,0,0,0.01,0,0,77,0,0.01,0,0,87,0,0,0,0,0,0,0,0,0,0,0,0,0,0,0,0,0,0,0,0,0,0,0.01,0.01,0.01,0.01,0,0,77,87,1,1,0,0,0,0,0,0,0,0,0,0,0,0,0,0,0,0,0,0,0,0,0,0,0,0,0,0,0,0,0,0,0
2270,293.15,35,0,293.15,24.5,6.125,293.15,0.5,0,293.15,0.55,0,293.15,0.6,0,350.15,0.5,0,360.15,0.5,0,0,0,-0,0,0,0,0,0,0,0,0,0,0,0,0,0,0,-0,0,0,0,0,0.5,0,0,20,0,0,0,0.35,0,0,20,0.25,0,0,0,0,20,0,0.01,0,0,0,0,20,0,0.01,0,0,0,0,0,0.01,20,0,0,0,0,0,0,0,0.01,77,0,0,0,0,0,0.01,87,0,0,0,0,0,0,0,0,0,0,0,0,0,0,0,0,0,1,1,2270,1,0,0,0,0,0,0,0,0,0,0,0,0,0,0,0,0,0,0,0,0.25,0.01,0,0,0,0.01,0,0,0,0,0,0,0,0,0.01,20,0,0,0.01,0,0,77,0,0.01,0,0,87,0,0,0,0,0,0,0,0,0,0,0,0,0,0,0,0,0,0,0,0,0,0,0.01,0.01,0.01,0.01,0,0,77,87,1,1,0,0,0,0,0,0,0,0,0,0,0,0,0,0,0,0,0,0,0,0,0,0,0,0,0,0,0,0,0,0,0
2275,293.15,35,0,293.15,24.5,6.125,293.15,0.5,0,293.15,0.55,0,293.15,0.6,0,350.15,0.5,0,360.15,0.5,0,0,0,-0,0,0,0,0,0,0,0,0,0,0,0,0,0,0,-0,0,0,0,0,0.5,0,0,20,0,0,0,0.35,0,0,20,0.25,0,0,0,0,20,0,0.01,0,0,0,0,20,0,0.01,0,0,0,0,0,0.01,20,0,0,0,0,0,0,0,0.01,77,0,0,0,0,0,0.01,87,0,0,0,0,0,0,0,0,0,0,0,0,0,0,0,0,0,1,1,2275,1,0,0,0,0,0,0,0,0,0,0,0,0,0,0,0,0,0,0,0,0.25,0.01,0,0,0,0.01,0,0,0,0,0,0,0,0,0.01,20,0,0,0.01,0,0,77,0,0.01,0,0,87,0,0,0,0,0,0,0,0,0,0,0,0,0,0,0,0,0,0,0,0,0,0,0.01,0.01,0.01,0.01,0,0,77,87,1,1,0,0,0,0,0,0,0,0,0,0,0,0,0,0,0,0,0,0,0,0,0,0,0,0,0,0,0,0,0,0,0
2280,293.15,35,0,293.15,24.5,6.125,293.15,0.5,0,293.15,0.55,0,293.15,0.6,0,350.15,0.5,0,360.15,0.5,0,0,0,-0,0,0,0,0,0,0,0,0,0,0,0,0,0,0,-0,0,0,0,0,0.5,0,0,20,0,0,0,0.35,0,0,20,0.25,0,0,0,0,20,0,0.01,0,0,0,0,20,0,0.01,0,0,0,0,0,0.01,20,0,0,0,0,0,0,0,0.01,77,0,0,0,0,0,0.01,87,0,0,0,0,0,0,0,0,0,0,0,0,0,0,0,0,0,1,1,2280,1,0,0,0,0,0,0,0,0,0,0,0,0,0,0,0,0,0,0,0,0.25,0.01,0,0,0,0.01,0,0,0,0,0,0,0,0,0.01,20,0,0,0.01,0,0,77,0,0.01,0,0,87,0,0,0,0,0,0,0,0,0,0,0,0,0,0,0,0,0,0,0,0,0,0,0.01,0.01,0.01,0.01,0,0,77,87,1,1,0,0,0,0,0,0,0,0,0,0,0,0,0,0,0,0,0,0,0,0,0,0,0,0,0,0,0,0,0,0,0
2285,293.15,35,0,293.15,24.5,6.125,293.15,0.5,0,293.15,0.55,0,293.15,0.6,0,350.15,0.5,0,360.15,0.5,0,0,0,-0,0,0,0,0,0,0,0,0,0,0,0,0,0,0,-0,0,0,0,0,0.5,0,0,20,0,0,0,0.35,0,0,20,0.25,0,0,0,0,20,0,0.01,0,0,0,0,20,0,0.01,0,0,0,0,0,0.01,20,0,0,0,0,0,0,0,0.01,77,0,0,0,0,0,0.01,87,0,0,0,0,0,0,0,0,0,0,0,0,0,0,0,0,0,1,1,2285,1,0,0,0,0,0,0,0,0,0,0,0,0,0,0,0,0,0,0,0,0.25,0.01,0,0,0,0.01,0,0,0,0,0,0,0,0,0.01,20,0,0,0.01,0,0,77,0,0.01,0,0,87,0,0,0,0,0,0,0,0,0,0,0,0,0,0,0,0,0,0,0,0,0,0,0.01,0.01,0.01,0.01,0,0,77,87,1,1,0,0,0,0,0,0,0,0,0,0,0,0,0,0,0,0,0,0,0,0,0,0,0,0,0,0,0,0,0,0,0
2290,293.15,35,0,293.15,24.5,6.125,293.15,0.5,0,293.15,0.55,0,293.15,0.6,0,350.15,0.5,0,360.15,0.5,0,0,0,-0,0,0,0,0,0,0,0,0,0,0,0,0,0,0,-0,0,0,0,0,0.5,0,0,20,0,0,0,0.35,0,0,20,0.25,0,0,0,0,20,0,0.01,0,0,0,0,20,0,0.01,0,0,0,0,0,0.01,20,0,0,0,0,0,0,0,0.01,77,0,0,0,0,0,0.01,87,0,0,0,0,0,0,0,0,0,0,0,0,0,0,0,0,0,1,1,2290,1,0,0,0,0,0,0,0,0,0,0,0,0,0,0,0,0,0,0,0,0.25,0.01,0,0,0,0.01,0,0,0,0,0,0,0,0,0.01,20,0,0,0.01,0,0,77,0,0.01,0,0,87,0,0,0,0,0,0,0,0,0,0,0,0,0,0,0,0,0,0,0,0,0,0,0.01,0.01,0.01,0.01,0,0,77,87,1,1,0,0,0,0,0,0,0,0,0,0,0,0,0,0,0,0,0,0,0,0,0,0,0,0,0,0,0,0,0,0,0
2295,293.15,35,0,293.15,24.5,6.125,293.15,0.5,0,293.15,0.55,0,293.15,0.6,0,350.15,0.5,0,360.15,0.5,0,0,0,-0,0,0,0,0,0,0,0,0,0,0,0,0,0,0,-0,0,0,0,0,0.5,0,0,20,0,0,0,0.35,0,0,20,0.25,0,0,0,0,20,0,0.01,0,0,0,0,20,0,0.01,0,0,0,0,0,0.01,20,0,0,0,0,0,0,0,0.01,77,0,0,0,0,0,0.01,87,0,0,0,0,0,0,0,0,0,0,0,0,0,0,0,0,0,1,1,2295,1,0,0,0,0,0,0,0,0,0,0,0,0,0,0,0,0,0,0,0,0.25,0.01,0,0,0,0.01,0,0,0,0,0,0,0,0,0.01,20,0,0,0.01,0,0,77,0,0.01,0,0,87,0,0,0,0,0,0,0,0,0,0,0,0,0,0,0,0,0,0,0,0,0,0,0.01,0.01,0.01,0.01,0,0,77,87,1,1,0,0,0,0,0,0,0,0,0,0,0,0,0,0,0,0,0,0,0,0,0,0,0,0,0,0,0,0,0,0,0
2300,293.15,35,0,293.15,24.5,6.125,293.15,0.5,0,293.15,0.55,0,293.15,0.6,0,350.15,0.5,0,360.15,0.5,0,0,0,-0,0,0,0,0,0,0,0,0,0,0,0,0,0,0,-0,0,0,0,0,0.5,0,0,20,0,0,0,0.35,0,0,20,0.25,0,0,0,0,20,0,0.01,0,0,0,0,20,0,0.01,0,0,0,0,0,0.01,20,0,0,0,0,0,0,0,0.01,77,0,0,0,0,0,0.01,87,0,0,0,0,0,0,0,0,0,0,0,0,0,0,0,0,0,1,1,2300,1,0,0,0,0,0,0,0,0,0,0,0,0,0,0,0,0,0,0,0,0.25,0.01,0,0,0,0.01,0,0,0,0,0,0,0,0,0.01,20,0,0,0.01,0,0,77,0,0.01,0,0,87,0,0,0,0,0,0,0,0,0,0,0,0,0,0,0,0,0,0,0,0,0,0,0.01,0.01,0.01,0.01,0,0,77,87,1,1,0,0,0,0,0,0,0,0,0,0,0,0,0,0,0,0,0,0,0,0,0,0,0,0,0,0,0,0,0,0,0
2305,293.15,35,0,293.15,24.5,6.125,293.15,0.5,0,293.15,0.55,0,293.15,0.6,0,350.15,0.5,0,360.15,0.5,0,0,0,-0,0,0,0,0,0,0,0,0,0,0,0,0,0,0,-0,0,0,0,0,0.5,0,0,20,0,0,0,0.35,0,0,20,0.25,0,0,0,0,20,0,0.01,0,0,0,0,20,0,0.01,0,0,0,0,0,0.01,20,0,0,0,0,0,0,0,0.01,77,0,0,0,0,0,0.01,87,0,0,0,0,0,0,0,0,0,0,0,0,0,0,0,0,0,1,1,2305,1,0,0,0,0,0,0,0,0,0,0,0,0,0,0,0,0,0,0,0,0.25,0.01,0,0,0,0.01,0,0,0,0,0,0,0,0,0.01,20,0,0,0.01,0,0,77,0,0.01,0,0,87,0,0,0,0,0,0,0,0,0,0,0,0,0,0,0,0,0,0,0,0,0,0,0.01,0.01,0.01,0.01,0,0,77,87,1,1,0,0,0,0,0,0,0,0,0,0,0,0,0,0,0,0,0,0,0,0,0,0,0,0,0,0,0,0,0,0,0
2310,293.15,35,0,293.15,24.5,6.125,293.15,0.5,0,293.15,0.55,0,293.15,0.6,0,350.15,0.5,0,360.15,0.5,0,0,0,-0,0,0,0,0,0,0,0,0,0,0,0,0,0,0,-0,0,0,0,0,0.5,0,0,20,0,0,0,0.35,0,0,20,0.25,0,0,0,0,20,0,0.01,0,0,0,0,20,0,0.01,0,0,0,0,0,0.01,20,0,0,0,0,0,0,0,0.01,77,0,0,0,0,0,0.01,87,0,0,0,0,0,0,0,0,0,0,0,0,0,0,0,0,0,1,1,2310,1,0,0,0,0,0,0,0,0,0,0,0,0,0,0,0,0,0,0,0,0.25,0.01,0,0,0,0.01,0,0,0,0,0,0,0,0,0.01,20,0,0,0.01,0,0,77,0,0.01,0,0,87,0,0,0,0,0,0,0,0,0,0,0,0,0,0,0,0,0,0,0,0,0,0,0.01,0.01,0.01,0.01,0,0,77,87,1,1,0,0,0,0,0,0,0,0,0,0,0,0,0,0,0,0,0,0,0,0,0,0,0,0,0,0,0,0,0,0,0
2315,293.15,35,0,293.15,24.5,6.125,293.15,0.5,0,293.15,0.55,0,293.15,0.6,0,350.15,0.5,0,360.15,0.5,0,0,0,-0,0,0,0,0,0,0,0,0,0,0,0,0,0,0,-0,0,0,0,0,0.5,0,0,20,0,0,0,0.35,0,0,20,0.25,0,0,0,0,20,0,0.01,0,0,0,0,20,0,0.01,0,0,0,0,0,0.01,20,0,0,0,0,0,0,0,0.01,77,0,0,0,0,0,0.01,87,0,0,0,0,0,0,0,0,0,0,0,0,0,0,0,0,0,1,1,2315,1,0,0,0,0,0,0,0,0,0,0,0,0,0,0,0,0,0,0,0,0.25,0.01,0,0,0,0.01,0,0,0,0,0,0,0,0,0.01,20,0,0,0.01,0,0,77,0,0.01,0,0,87,0,0,0,0,0,0,0,0,0,0,0,0,0,0,0,0,0,0,0,0,0,0,0.01,0.01,0.01,0.01,0,0,77,87,1,1,0,0,0,0,0,0,0,0,0,0,0,0,0,0,0,0,0,0,0,0,0,0,0,0,0,0,0,0,0,0,0
2320,293.15,35,0,293.15,24.5,6.125,293.15,0.5,0,293.15,0.55,0,293.15,0.6,0,350.15,0.5,0,360.15,0.5,0,0,0,-0,0,0,0,0,0,0,0,0,0,0,0,0,0,0,-0,0,0,0,0,0.5,0,0,20,0,0,0,0.35,0,0,20,0.25,0,0,0,0,20,0,0.01,0,0,0,0,20,0,0.01,0,0,0,0,0,0.01,20,0,0,0,0,0,0,0,0.01,77,0,0,0,0,0,0.01,87,0,0,0,0,0,0,0,0,0,0,0,0,0,0,0,0,0,1,1,2320,1,0,0,0,0,0,0,0,0,0,0,0,0,0,0,0,0,0,0,0,0.25,0.01,0,0,0,0.01,0,0,0,0,0,0,0,0,0.01,20,0,0,0.01,0,0,77,0,0.01,0,0,87,0,0,0,0,0,0,0,0,0,0,0,0,0,0,0,0,0,0,0,0,0,0,0.01,0.01,0.01,0.01,0,0,77,87,1,1,0,0,0,0,0,0,0,0,0,0,0,0,0,0,0,0,0,0,0,0,0,0,0,0,0,0,0,0,0,0,0
2325,293.15,35,0,293.15,24.5,6.125,293.15,0.5,0,293.15,0.55,0,293.15,0.6,0,350.15,0.5,0,360.15,0.5,0,0,0,-0,0,0,0,0,0,0,0,0,0,0,0,0,0,0,-0,0,0,0,0,0.5,0,0,20,0,0,0,0.35,0,0,20,0.25,0,0,0,0,20,0,0.01,0,0,0,0,20,0,0.01,0,0,0,0,0,0.01,20,0,0,0,0,0,0,0,0.01,77,0,0,0,0,0,0.01,87,0,0,0,0,0,0,0,0,0,0,0,0,0,0,0,0,0,1,1,2325,1,0,0,0,0,0,0,0,0,0,0,0,0,0,0,0,0,0,0,0,0.25,0.01,0,0,0,0.01,0,0,0,0,0,0,0,0,0.01,20,0,0,0.01,0,0,77,0,0.01,0,0,87,0,0,0,0,0,0,0,0,0,0,0,0,0,0,0,0,0,0,0,0,0,0,0.01,0.01,0.01,0.01,0,0,77,87,1,1,0,0,0,0,0,0,0,0,0,0,0,0,0,0,0,0,0,0,0,0,0,0,0,0,0,0,0,0,0,0,0
2330,293.15,35,0,293.15,24.5,6.125,293.15,0.5,0,293.15,0.55,0,293.15,0.6,0,350.15,0.5,0,360.15,0.5,0,0,0,-0,0,0,0,0,0,0,0,0,0,0,0,0,0,0,-0,0,0,0,0,0.5,0,0,20,0,0,0,0.35,0,0,20,0.25,0,0,0,0,20,0,0.01,0,0,0,0,20,0,0.01,0,0,0,0,0,0.01,20,0,0,0,0,0,0,0,0.01,77,0,0,0,0,0,0.01,87,0,0,0,0,0,0,0,0,0,0,0,0,0,0,0,0,0,1,1,2330,1,0,0,0,0,0,0,0,0,0,0,0,0,0,0,0,0,0,0,0,0.25,0.01,0,0,0,0.01,0,0,0,0,0,0,0,0,0.01,20,0,0,0.01,0,0,77,0,0.01,0,0,87,0,0,0,0,0,0,0,0,0,0,0,0,0,0,0,0,0,0,0,0,0,0,0.01,0.01,0.01,0.01,0,0,77,87,1,1,0,0,0,0,0,0,0,0,0,0,0,0,0,0,0,0,0,0,0,0,0,0,0,0,0,0,0,0,0,0,0
2335,293.15,35,0,293.15,24.5,6.125,293.15,0.5,0,293.15,0.55,0,293.15,0.6,0,350.15,0.5,0,360.15,0.5,0,0,0,-0,0,0,0,0,0,0,0,0,0,0,0,0,0,0,-0,0,0,0,0,0.5,0,0,20,0,0,0,0.35,0,0,20,0.25,0,0,0,0,20,0,0.01,0,0,0,0,20,0,0.01,0,0,0,0,0,0.01,20,0,0,0,0,0,0,0,0.01,77,0,0,0,0,0,0.01,87,0,0,0,0,0,0,0,0,0,0,0,0,0,0,0,0,0,1,1,2335,1,0,0,0,0,0,0,0,0,0,0,0,0,0,0,0,0,0,0,0,0.25,0.01,0,0,0,0.01,0,0,0,0,0,0,0,0,0.01,20,0,0,0.01,0,0,77,0,0.01,0,0,87,0,0,0,0,0,0,0,0,0,0,0,0,0,0,0,0,0,0,0,0,0,0,0.01,0.01,0.01,0.01,0,0,77,87,1,1,0,0,0,0,0,0,0,0,0,0,0,0,0,0,0,0,0,0,0,0,0,0,0,0,0,0,0,0,0,0,0
2340,293.15,35,0,293.15,24.5,6.125,293.15,0.5,0,293.15,0.55,0,293.15,0.6,0,350.15,0.5,0,360.15,0.5,0,0,0,-0,0,0,0,0,0,0,0,0,0,0,0,0,0,0,-0,0,0,0,0,0.5,0,0,20,0,0,0,0.35,0,0,20,0.25,0,0,0,0,20,0,0.01,0,0,0,0,20,0,0.01,0,0,0,0,0,0.01,20,0,0,0,0,0,0,0,0.01,77,0,0,0,0,0,0.01,87,0,0,0,0,0,0,0,0,0,0,0,0,0,0,0,0,0,1,1,2340,1,0,0,0,0,0,0,0,0,0,0,0,0,0,0,0,0,0,0,0,0.25,0.01,0,0,0,0.01,0,0,0,0,0,0,0,0,0.01,20,0,0,0.01,0,0,77,0,0.01,0,0,87,0,0,0,0,0,0,0,0,0,0,0,0,0,0,0,0,0,0,0,0,0,0,0.01,0.01,0.01,0.01,0,0,77,87,1,1,0,0,0,0,0,0,0,0,0,0,0,0,0,0,0,0,0,0,0,0,0,0,0,0,0,0,0,0,0,0,0
2345,293.15,35,0,293.15,24.5,6.125,293.15,0.5,0,293.15,0.55,0,293.15,0.6,0,350.15,0.5,0,360.15,0.5,0,0,0,-0,0,0,0,0,0,0,0,0,0,0,0,0,0,0,-0,0,0,0,0,0.5,0,0,20,0,0,0,0.35,0,0,20,0.25,0,0,0,0,20,0,0.01,0,0,0,0,20,0,0.01,0,0,0,0,0,0.01,20,0,0,0,0,0,0,0,0.01,77,0,0,0,0,0,0.01,87,0,0,0,0,0,0,0,0,0,0,0,0,0,0,0,0,0,1,1,2345,1,0,0,0,0,0,0,0,0,0,0,0,0,0,0,0,0,0,0,0,0.25,0.01,0,0,0,0.01,0,0,0,0,0,0,0,0,0.01,20,0,0,0.01,0,0,77,0,0.01,0,0,87,0,0,0,0,0,0,0,0,0,0,0,0,0,0,0,0,0,0,0,0,0,0,0.01,0.01,0.01,0.01,0,0,77,87,1,1,0,0,0,0,0,0,0,0,0,0,0,0,0,0,0,0,0,0,0,0,0,0,0,0,0,0,0,0,0,0,0
2350,293.15,35,0,293.15,24.5,6.125,293.15,0.5,0,293.15,0.55,0,293.15,0.6,0,350.15,0.5,0,360.15,0.5,0,0,0,-0,0,0,0,0,0,0,0,0,0,0,0,0,0,0,-0,0,0,0,0,0.5,0,0,20,0,0,0,0.35,0,0,20,0.25,0,0,0,0,20,0,0.01,0,0,0,0,20,0,0.01,0,0,0,0,0,0.01,20,0,0,0,0,0,0,0,0.01,77,0,0,0,0,0,0.01,87,0,0,0,0,0,0,0,0,0,0,0,0,0,0,0,0,0,1,1,2350,1,0,0,0,0,0,0,0,0,0,0,0,0,0,0,0,0,0,0,0,0.25,0.01,0,0,0,0.01,0,0,0,0,0,0,0,0,0.01,20,0,0,0.01,0,0,77,0,0.01,0,0,87,0,0,0,0,0,0,0,0,0,0,0,0,0,0,0,0,0,0,0,0,0,0,0.01,0.01,0.01,0.01,0,0,77,87,1,1,0,0,0,0,0,0,0,0,0,0,0,0,0,0,0,0,0,0,0,0,0,0,0,0,0,0,0,0,0,0,0
2355,293.15,35,0,293.15,24.5,6.125,293.15,0.5,0,293.15,0.55,0,293.15,0.6,0,350.15,0.5,0,360.15,0.5,0,0,0,-0,0,0,0,0,0,0,0,0,0,0,0,0,0,0,-0,0,0,0,0,0.5,0,0,20,0,0,0,0.35,0,0,20,0.25,0,0,0,0,20,0,0.01,0,0,0,0,20,0,0.01,0,0,0,0,0,0.01,20,0,0,0,0,0,0,0,0.01,77,0,0,0,0,0,0.01,87,0,0,0,0,0,0,0,0,0,0,0,0,0,0,0,0,0,1,1,2355,1,0,0,0,0,0,0,0,0,0,0,0,0,0,0,0,0,0,0,0,0.25,0.01,0,0,0,0.01,0,0,0,0,0,0,0,0,0.01,20,0,0,0.01,0,0,77,0,0.01,0,0,87,0,0,0,0,0,0,0,0,0,0,0,0,0,0,0,0,0,0,0,0,0,0,0.01,0.01,0.01,0.01,0,0,77,87,1,1,0,0,0,0,0,0,0,0,0,0,0,0,0,0,0,0,0,0,0,0,0,0,0,0,0,0,0,0,0,0,0
2360,293.15,35,0,293.15,24.5,6.125,293.15,0.5,0,293.15,0.55,0,293.15,0.6,0,350.15,0.5,0,360.15,0.5,0,0,0,-0,0,0,0,0,0,0,0,0,0,0,0,0,0,0,-0,0,0,0,0,0.5,0,0,20,0,0,0,0.35,0,0,20,0.25,0,0,0,0,20,0,0.01,0,0,0,0,20,0,0.01,0,0,0,0,0,0.01,20,0,0,0,0,0,0,0,0.01,77,0,0,0,0,0,0.01,87,0,0,0,0,0,0,0,0,0,0,0,0,0,0,0,0,0,1,1,2360,1,0,0,0,0,0,0,0,0,0,0,0,0,0,0,0,0,0,0,0,0.25,0.01,0,0,0,0.01,0,0,0,0,0,0,0,0,0.01,20,0,0,0.01,0,0,77,0,0.01,0,0,87,0,0,0,0,0,0,0,0,0,0,0,0,0,0,0,0,0,0,0,0,0,0,0.01,0.01,0.01,0.01,0,0,77,87,1,1,0,0,0,0,0,0,0,0,0,0,0,0,0,0,0,0,0,0,0,0,0,0,0,0,0,0,0,0,0,0,0
2365,293.15,35,0,293.15,24.5,6.125,293.15,0.5,0,293.15,0.55,0,293.15,0.6,0,350.15,0.5,0,360.15,0.5,0,0,0,-0,0,0,0,0,0,0,0,0,0,0,0,0,0,0,-0,0,0,0,0,0.5,0,0,20,0,0,0,0.35,0,0,20,0.25,0,0,0,0,20,0,0.01,0,0,0,0,20,0,0.01,0,0,0,0,0,0.01,20,0,0,0,0,0,0,0,0.01,77,0,0,0,0,0,0.01,87,0,0,0,0,0,0,0,0,0,0,0,0,0,0,0,0,0,1,1,2365,1,0,0,0,0,0,0,0,0,0,0,0,0,0,0,0,0,0,0,0,0.25,0.01,0,0,0,0.01,0,0,0,0,0,0,0,0,0.01,20,0,0,0.01,0,0,77,0,0.01,0,0,87,0,0,0,0,0,0,0,0,0,0,0,0,0,0,0,0,0,0,0,0,0,0,0.01,0.01,0.01,0.01,0,0,77,87,1,1,0,0,0,0,0,0,0,0,0,0,0,0,0,0,0,0,0,0,0,0,0,0,0,0,0,0,0,0,0,0,0
2370,293.15,35,0,293.15,24.5,6.125,293.15,0.5,0,293.15,0.55,0,293.15,0.6,0,350.15,0.5,0,360.15,0.5,0,0,0,-0,0,0,0,0,0,0,0,0,0,0,0,0,0,0,-0,0,0,0,0,0.5,0,0,20,0,0,0,0.35,0,0,20,0.25,0,0,0,0,20,0,0.01,0,0,0,0,20,0,0.01,0,0,0,0,0,0.01,20,0,0,0,0,0,0,0,0.01,77,0,0,0,0,0,0.01,87,0,0,0,0,0,0,0,0,0,0,0,0,0,0,0,0,0,1,1,2370,1,0,0,0,0,0,0,0,0,0,0,0,0,0,0,0,0,0,0,0,0.25,0.01,0,0,0,0.01,0,0,0,0,0,0,0,0,0.01,20,0,0,0.01,0,0,77,0,0.01,0,0,87,0,0,0,0,0,0,0,0,0,0,0,0,0,0,0,0,0,0,0,0,0,0,0.01,0.01,0.01,0.01,0,0,77,87,1,1,0,0,0,0,0,0,0,0,0,0,0,0,0,0,0,0,0,0,0,0,0,0,0,0,0,0,0,0,0,0,0
2375,293.15,35,0,293.15,24.5,6.125,293.15,0.5,0,293.15,0.55,0,293.15,0.6,0,350.15,0.5,0,360.15,0.5,0,0,0,-0,0,0,0,0,0,0,0,0,0,0,0,0,0,0,-0,0,0,0,0,0.5,0,0,20,0,0,0,0.35,0,0,20,0.25,0,0,0,0,20,0,0.01,0,0,0,0,20,0,0.01,0,0,0,0,0,0.01,20,0,0,0,0,0,0,0,0.01,77,0,0,0,0,0,0.01,87,0,0,0,0,0,0,0,0,0,0,0,0,0,0,0,0,0,1,1,2375,1,0,0,0,0,0,0,0,0,0,0,0,0,0,0,0,0,0,0,0,0.25,0.01,0,0,0,0.01,0,0,0,0,0,0,0,0,0.01,20,0,0,0.01,0,0,77,0,0.01,0,0,87,0,0,0,0,0,0,0,0,0,0,0,0,0,0,0,0,0,0,0,0,0,0,0.01,0.01,0.01,0.01,0,0,77,87,1,1,0,0,0,0,0,0,0,0,0,0,0,0,0,0,0,0,0,0,0,0,0,0,0,0,0,0,0,0,0,0,0
2380,293.15,35,0,293.15,24.5,6.125,293.15,0.5,0,293.15,0.55,0,293.15,0.6,0,350.15,0.5,0,360.15,0.5,0,0,0,-0,0,0,0,0,0,0,0,0,0,0,0,0,0,0,-0,0,0,0,0,0.5,0,0,20,0,0,0,0.35,0,0,20,0.25,0,0,0,0,20,0,0.01,0,0,0,0,20,0,0.01,0,0,0,0,0,0.01,20,0,0,0,0,0,0,0,0.01,77,0,0,0,0,0,0.01,87,0,0,0,0,0,0,0,0,0,0,0,0,0,0,0,0,0,1,1,2380,1,0,0,0,0,0,0,0,0,0,0,0,0,0,0,0,0,0,0,0,0.25,0.01,0,0,0,0.01,0,0,0,0,0,0,0,0,0.01,20,0,0,0.01,0,0,77,0,0.01,0,0,87,0,0,0,0,0,0,0,0,0,0,0,0,0,0,0,0,0,0,0,0,0,0,0.01,0.01,0.01,0.01,0,0,77,87,1,1,0,0,0,0,0,0,0,0,0,0,0,0,0,0,0,0,0,0,0,0,0,0,0,0,0,0,0,0,0,0,0
2385,293.15,35,0,293.15,24.5,6.125,293.15,0.5,0,293.15,0.55,0,293.15,0.6,0,350.15,0.5,0,360.15,0.5,0,0,0,-0,0,0,0,0,0,0,0,0,0,0,0,0,0,0,-0,0,0,0,0,0.5,0,0,20,0,0,0,0.35,0,0,20,0.25,0,0,0,0,20,0,0.01,0,0,0,0,20,0,0.01,0,0,0,0,0,0.01,20,0,0,0,0,0,0,0,0.01,77,0,0,0,0,0,0.01,87,0,0,0,0,0,0,0,0,0,0,0,0,0,0,0,0,0,1,1,2385,1,0,0,0,0,0,0,0,0,0,0,0,0,0,0,0,0,0,0,0,0.25,0.01,0,0,0,0.01,0,0,0,0,0,0,0,0,0.01,20,0,0,0.01,0,0,77,0,0.01,0,0,87,0,0,0,0,0,0,0,0,0,0,0,0,0,0,0,0,0,0,0,0,0,0,0.01,0.01,0.01,0.01,0,0,77,87,1,1,0,0,0,0,0,0,0,0,0,0,0,0,0,0,0,0,0,0,0,0,0,0,0,0,0,0,0,0,0,0,0
2390,293.15,35,0,293.15,24.5,6.125,293.15,0.5,0,293.15,0.55,0,293.15,0.6,0,350.15,0.5,0,360.15,0.5,0,0,0,-0,0,0,0,0,0,0,0,0,0,0,0,0,0,0,-0,0,0,0,0,0.5,0,0,20,0,0,0,0.35,0,0,20,0.25,0,0,0,0,20,0,0.01,0,0,0,0,20,0,0.01,0,0,0,0,0,0.01,20,0,0,0,0,0,0,0,0.01,77,0,0,0,0,0,0.01,87,0,0,0,0,0,0,0,0,0,0,0,0,0,0,0,0,0,1,1,2390,1,0,0,0,0,0,0,0,0,0,0,0,0,0,0,0,0,0,0,0,0.25,0.01,0,0,0,0.01,0,0,0,0,0,0,0,0,0.01,20,0,0,0.01,0,0,77,0,0.01,0,0,87,0,0,0,0,0,0,0,0,0,0,0,0,0,0,0,0,0,0,0,0,0,0,0.01,0.01,0.01,0.01,0,0,77,87,1,1,0,0,0,0,0,0,0,0,0,0,0,0,0,0,0,0,0,0,0,0,0,0,0,0,0,0,0,0,0,0,0
2395,293.15,35,0,293.15,24.5,6.125,293.15,0.5,0,293.15,0.55,0,293.15,0.6,0,350.15,0.5,0,360.15,0.5,0,0,0,-0,0,0,0,0,0,0,0,0,0,0,0,0,0,0,-0,0,0,0,0,0.5,0,0,20,0,0,0,0.35,0,0,20,0.25,0,0,0,0,20,0,0.01,0,0,0,0,20,0,0.01,0,0,0,0,0,0.01,20,0,0,0,0,0,0,0,0.01,77,0,0,0,0,0,0.01,87,0,0,0,0,0,0,0,0,0,0,0,0,0,0,0,0,0,1,1,2395,1,0,0,0,0,0,0,0,0,0,0,0,0,0,0,0,0,0,0,0,0.25,0.01,0,0,0,0.01,0,0,0,0,0,0,0,0,0.01,20,0,0,0.01,0,0,77,0,0.01,0,0,87,0,0,0,0,0,0,0,0,0,0,0,0,0,0,0,0,0,0,0,0,0,0,0.01,0.01,0.01,0.01,0,0,77,87,1,1,0,0,0,0,0,0,0,0,0,0,0,0,0,0,0,0,0,0,0,0,0,0,0,0,0,0,0,0,0,0,0
2400,293.15,35,0,293.15,24.5,6.125,293.15,0.5,0,293.15,0.55,0,293.15,0.6,0,350.15,0.5,0,360.15,0.5,0,0,0,-0,0,0,0,0,0,0,0,0,0,0,0,0,0,0,-0,0,0,0,0,0.5,0,0,20,0,0,0,0.35,0,0,20,0.25,0,0,0,0,20,0,0.01,0,0,0,0,20,0,0.01,0,0,0,0,0,0.01,20,0,0,0,0,0,0,0,0.01,77,0,0,0,0,0,0.01,87,0,0,0,0,0,0,0,0,0,0,0,0,0,0,0,0,0,1,1,2400,1,0,0,0,0,0,0,0,0,0,0,0,0,0,0,0,0,0,0,0,0.25,0.01,0,0,0,0.01,0,0,0,0,0,0,0,0,0.01,20,0,0,0.01,0,0,77,0,0.01,0,0,87,0,0,0,0,0,0,0,0,0,0,0,0,0,0,0,0,0,0,0,0,0,0,0.01,0.01,0.01,0.01,0,0,77,87,1,1,0,0,0,0,0,0,0,0,0,0,0,0,0,0,0,0,0,0,0,0,0,0,0,0,0,0,0,0,0,0,0
2405,293.15,35,0,293.15,24.5,6.125,293.15,0.5,0,293.15,0.55,0,293.15,0.6,0,350.15,0.5,0,360.15,0.5,0,0,0,-0,0,0,0,0,0,0,0,0,0,0,0,0,0,0,-0,0,0,0,0,0.5,0,0,20,0,0,0,0.35,0,0,20,0.25,0,0,0,0,20,0,0.01,0,0,0,0,20,0,0.01,0,0,0,0,0,0.01,20,0,0,0,0,0,0,0,0.01,77,0,0,0,0,0,0.01,87,0,0,0,0,0,0,0,0,0,0,0,0,0,0,0,0,0,1,1,2405,1,0,0,0,0,0,0,0,0,0,0,0,0,0,0,0,0,0,0,0,0.25,0.01,0,0,0,0.01,0,0,0,0,0,0,0,0,0.01,20,0,0,0.01,0,0,77,0,0.01,0,0,87,0,0,0,0,0,0,0,0,0,0,0,0,0,0,0,0,0,0,0,0,0,0,0.01,0.01,0.01,0.01,0,0,77,87,1,1,0,0,0,0,0,0,0,0,0,0,0,0,0,0,0,0,0,0,0,0,0,0,0,0,0,0,0,0,0,0,0
2410,293.15,35,0,293.15,24.5,6.125,293.15,0.5,0,293.15,0.55,0,293.15,0.6,0,350.15,0.5,0,360.15,0.5,0,0,0,-0,0,0,0,0,0,0,0,0,0,0,0,0,0,0,-0,0,0,0,0,0.5,0,0,20,0,0,0,0.35,0,0,20,0.25,0,0,0,0,20,0,0.01,0,0,0,0,20,0,0.01,0,0,0,0,0,0.01,20,0,0,0,0,0,0,0,0.01,77,0,0,0,0,0,0.01,87,0,0,0,0,0,0,0,0,0,0,0,0,0,0,0,0,0,1,1,2410,1,0,0,0,0,0,0,0,0,0,0,0,0,0,0,0,0,0,0,0,0.25,0.01,0,0,0,0.01,0,0,0,0,0,0,0,0,0.01,20,0,0,0.01,0,0,77,0,0.01,0,0,87,0,0,0,0,0,0,0,0,0,0,0,0,0,0,0,0,0,0,0,0,0,0,0.01,0.01,0.01,0.01,0,0,77,87,1,1,0,0,0,0,0,0,0,0,0,0,0,0,0,0,0,0,0,0,0,0,0,0,0,0,0,0,0,0,0,0,0
2415,293.15,35,0,293.15,24.5,6.125,293.15,0.5,0,293.15,0.55,0,293.15,0.6,0,350.15,0.5,0,360.15,0.5,0,0,0,-0,0,0,0,0,0,0,0,0,0,0,0,0,0,0,-0,0,0,0,0,0.5,0,0,20,0,0,0,0.35,0,0,20,0.25,0,0,0,0,20,0,0.01,0,0,0,0,20,0,0.01,0,0,0,0,0,0.01,20,0,0,0,0,0,0,0,0.01,77,0,0,0,0,0,0.01,87,0,0,0,0,0,0,0,0,0,0,0,0,0,0,0,0,0,1,1,2415,1,0,0,0,0,0,0,0,0,0,0,0,0,0,0,0,0,0,0,0,0.25,0.01,0,0,0,0.01,0,0,0,0,0,0,0,0,0.01,20,0,0,0.01,0,0,77,0,0.01,0,0,87,0,0,0,0,0,0,0,0,0,0,0,0,0,0,0,0,0,0,0,0,0,0,0.01,0.01,0.01,0.01,0,0,77,87,1,1,0,0,0,0,0,0,0,0,0,0,0,0,0,0,0,0,0,0,0,0,0,0,0,0,0,0,0,0,0,0,0
2420,293.15,35,0,293.15,24.5,6.125,293.15,0.5,0,293.15,0.55,0,293.15,0.6,0,350.15,0.5,0,360.15,0.5,0,0,0,-0,0,0,0,0,0,0,0,0,0,0,0,0,0,0,-0,0,0,0,0,0.5,0,0,20,0,0,0,0.35,0,0,20,0.25,0,0,0,0,20,0,0.01,0,0,0,0,20,0,0.01,0,0,0,0,0,0.01,20,0,0,0,0,0,0,0,0.01,77,0,0,0,0,0,0.01,87,0,0,0,0,0,0,0,0,0,0,0,0,0,0,0,0,0,1,1,2420,1,0,0,0,0,0,0,0,0,0,0,0,0,0,0,0,0,0,0,0,0.25,0.01,0,0,0,0.01,0,0,0,0,0,0,0,0,0.01,20,0,0,0.01,0,0,77,0,0.01,0,0,87,0,0,0,0,0,0,0,0,0,0,0,0,0,0,0,0,0,0,0,0,0,0,0.01,0.01,0.01,0.01,0,0,77,87,1,1,0,0,0,0,0,0,0,0,0,0,0,0,0,0,0,0,0,0,0,0,0,0,0,0,0,0,0,0,0,0,0
2425,293.15,35,0,293.15,24.5,6.125,293.15,0.5,0,293.15,0.55,0,293.15,0.6,0,350.15,0.5,0,360.15,0.5,0,0,0,-0,0,0,0,0,0,0,0,0,0,0,0,0,0,0,-0,0,0,0,0,0.5,0,0,20,0,0,0,0.35,0,0,20,0.25,0,0,0,0,20,0,0.01,0,0,0,0,20,0,0.01,0,0,0,0,0,0.01,20,0,0,0,0,0,0,0,0.01,77,0,0,0,0,0,0.01,87,0,0,0,0,0,0,0,0,0,0,0,0,0,0,0,0,0,1,1,2425,1,0,0,0,0,0,0,0,0,0,0,0,0,0,0,0,0,0,0,0,0.25,0.01,0,0,0,0.01,0,0,0,0,0,0,0,0,0.01,20,0,0,0.01,0,0,77,0,0.01,0,0,87,0,0,0,0,0,0,0,0,0,0,0,0,0,0,0,0,0,0,0,0,0,0,0.01,0.01,0.01,0.01,0,0,77,87,1,1,0,0,0,0,0,0,0,0,0,0,0,0,0,0,0,0,0,0,0,0,0,0,0,0,0,0,0,0,0,0,0
2430,293.15,35,0,293.15,24.5,6.125,293.15,0.5,0,293.15,0.55,0,293.15,0.6,0,350.15,0.5,0,360.15,0.5,0,0,0,-0,0,0,0,0,0,0,0,0,0,0,0,0,0,0,-0,0,0,0,0,0.5,0,0,20,0,0,0,0.35,0,0,20,0.25,0,0,0,0,20,0,0.01,0,0,0,0,20,0,0.01,0,0,0,0,0,0.01,20,0,0,0,0,0,0,0,0.01,77,0,0,0,0,0,0.01,87,0,0,0,0,0,0,0,0,0,0,0,0,0,0,0,0,0,1,1,2430,1,0,0,0,0,0,0,0,0,0,0,0,0,0,0,0,0,0,0,0,0.25,0.01,0,0,0,0.01,0,0,0,0,0,0,0,0,0.01,20,0,0,0.01,0,0,77,0,0.01,0,0,87,0,0,0,0,0,0,0,0,0,0,0,0,0,0,0,0,0,0,0,0,0,0,0.01,0.01,0.01,0.01,0,0,77,87,1,1,0,0,0,0,0,0,0,0,0,0,0,0,0,0,0,0,0,0,0,0,0,0,0,0,0,0,0,0,0,0,0
2435,293.15,35,0,293.15,24.5,6.125,293.15,0.5,0,293.15,0.55,0,293.15,0.6,0,350.15,0.5,0,360.15,0.5,0,0,0,-0,0,0,0,0,0,0,0,0,0,0,0,0,0,0,-0,0,0,0,0,0.5,0,0,20,0,0,0,0.35,0,0,20,0.25,0,0,0,0,20,0,0.01,0,0,0,0,20,0,0.01,0,0,0,0,0,0.01,20,0,0,0,0,0,0,0,0.01,77,0,0,0,0,0,0.01,87,0,0,0,0,0,0,0,0,0,0,0,0,0,0,0,0,0,1,1,2435,1,0,0,0,0,0,0,0,0,0,0,0,0,0,0,0,0,0,0,0,0.25,0.01,0,0,0,0.01,0,0,0,0,0,0,0,0,0.01,20,0,0,0.01,0,0,77,0,0.01,0,0,87,0,0,0,0,0,0,0,0,0,0,0,0,0,0,0,0,0,0,0,0,0,0,0.01,0.01,0.01,0.01,0,0,77,87,1,1,0,0,0,0,0,0,0,0,0,0,0,0,0,0,0,0,0,0,0,0,0,0,0,0,0,0,0,0,0,0,0
2440,293.15,35,0,293.15,24.5,6.125,293.15,0.5,0,293.15,0.55,0,293.15,0.6,0,350.15,0.5,0,360.15,0.5,0,0,0,-0,0,0,0,0,0,0,0,0,0,0,0,0,0,0,-0,0,0,0,0,0.5,0,0,20,0,0,0,0.35,0,0,20,0.25,0,0,0,0,20,0,0.01,0,0,0,0,20,0,0.01,0,0,0,0,0,0.01,20,0,0,0,0,0,0,0,0.01,77,0,0,0,0,0,0.01,87,0,0,0,0,0,0,0,0,0,0,0,0,0,0,0,0,0,1,1,2440,1,0,0,0,0,0,0,0,0,0,0,0,0,0,0,0,0,0,0,0,0.25,0.01,0,0,0,0.01,0,0,0,0,0,0,0,0,0.01,20,0,0,0.01,0,0,77,0,0.01,0,0,87,0,0,0,0,0,0,0,0,0,0,0,0,0,0,0,0,0,0,0,0,0,0,0.01,0.01,0.01,0.01,0,0,77,87,1,1,0,0,0,0,0,0,0,0,0,0,0,0,0,0,0,0,0,0,0,0,0,0,0,0,0,0,0,0,0,0,0
2445,293.15,35,0,293.15,24.5,6.125,293.15,0.5,0,293.15,0.55,0,293.15,0.6,0,350.15,0.5,0,360.15,0.5,0,0,0,-0,0,0,0,0,0,0,0,0,0,0,0,0,0,0,-0,0,0,0,0,0.5,0,0,20,0,0,0,0.35,0,0,20,0.25,0,0,0,0,20,0,0.01,0,0,0,0,20,0,0.01,0,0,0,0,0,0.01,20,0,0,0,0,0,0,0,0.01,77,0,0,0,0,0,0.01,87,0,0,0,0,0,0,0,0,0,0,0,0,0,0,0,0,0,1,1,2445,1,0,0,0,0,0,0,0,0,0,0,0,0,0,0,0,0,0,0,0,0.25,0.01,0,0,0,0.01,0,0,0,0,0,0,0,0,0.01,20,0,0,0.01,0,0,77,0,0.01,0,0,87,0,0,0,0,0,0,0,0,0,0,0,0,0,0,0,0,0,0,0,0,0,0,0.01,0.01,0.01,0.01,0,0,77,87,1,1,0,0,0,0,0,0,0,0,0,0,0,0,0,0,0,0,0,0,0,0,0,0,0,0,0,0,0,0,0,0,0
2450,293.15,35,0,293.15,24.5,6.125,293.15,0.5,0,293.15,0.55,0,293.15,0.6,0,350.15,0.5,0,360.15,0.5,0,0,0,-0,0,0,0,0,0,0,0,0,0,0,0,0,0,0,-0,0,0,0,0,0.5,0,0,20,0,0,0,0.35,0,0,20,0.25,0,0,0,0,20,0,0.01,0,0,0,0,20,0,0.01,0,0,0,0,0,0.01,20,0,0,0,0,0,0,0,0.01,77,0,0,0,0,0,0.01,87,0,0,0,0,0,0,0,0,0,0,0,0,0,0,0,0,0,1,1,2450,1,0,0,0,0,0,0,0,0,0,0,0,0,0,0,0,0,0,0,0,0.25,0.01,0,0,0,0.01,0,0,0,0,0,0,0,0,0.01,20,0,0,0.01,0,0,77,0,0.01,0,0,87,0,0,0,0,0,0,0,0,0,0,0,0,0,0,0,0,0,0,0,0,0,0,0.01,0.01,0.01,0.01,0,0,77,87,1,1,0,0,0,0,0,0,0,0,0,0,0,0,0,0,0,0,0,0,0,0,0,0,0,0,0,0,0,0,0,0,0
2455,293.15,35,0,293.15,24.5,6.125,293.15,0.5,0,293.15,0.55,0,293.15,0.6,0,350.15,0.5,0,360.15,0.5,0,0,0,-0,0,0,0,0,0,0,0,0,0,0,0,0,0,0,-0,0,0,0,0,0.5,0,0,20,0,0,0,0.35,0,0,20,0.25,0,0,0,0,20,0,0.01,0,0,0,0,20,0,0.01,0,0,0,0,0,0.01,20,0,0,0,0,0,0,0,0.01,77,0,0,0,0,0,0.01,87,0,0,0,0,0,0,0,0,0,0,0,0,0,0,0,0,0,1,1,2455,1,0,0,0,0,0,0,0,0,0,0,0,0,0,0,0,0,0,0,0,0.25,0.01,0,0,0,0.01,0,0,0,0,0,0,0,0,0.01,20,0,0,0.01,0,0,77,0,0.01,0,0,87,0,0,0,0,0,0,0,0,0,0,0,0,0,0,0,0,0,0,0,0,0,0,0.01,0.01,0.01,0.01,0,0,77,87,1,1,0,0,0,0,0,0,0,0,0,0,0,0,0,0,0,0,0,0,0,0,0,0,0,0,0,0,0,0,0,0,0
2460,293.15,35,0,293.15,24.5,6.125,293.15,0.5,0,293.15,0.55,0,293.15,0.6,0,350.15,0.5,0,360.15,0.5,0,0,0,-0,0,0,0,0,0,0,0,0,0,0,0,0,0,0,-0,0,0,0,0,0.5,0,0,20,0,0,0,0.35,0,0,20,0.25,0,0,0,0,20,0,0.01,0,0,0,0,20,0,0.01,0,0,0,0,0,0.01,20,0,0,0,0,0,0,0,0.01,77,0,0,0,0,0,0.01,87,0,0,0,0,0,0,0,0,0,0,0,0,0,0,0,0,0,1,1,2460,1,0,0,0,0,0,0,0,0,0,0,0,0,0,0,0,0,0,0,0,0.25,0.01,0,0,0,0.01,0,0,0,0,0,0,0,0,0.01,20,0,0,0.01,0,0,77,0,0.01,0,0,87,0,0,0,0,0,0,0,0,0,0,0,0,0,0,0,0,0,0,0,0,0,0,0.01,0.01,0.01,0.01,0,0,77,87,1,1,0,0,0,0,0,0,0,0,0,0,0,0,0,0,0,0,0,0,0,0,0,0,0,0,0,0,0,0,0,0,0
2465,293.15,35,0,293.15,24.5,6.125,293.15,0.5,0,293.15,0.55,0,293.15,0.6,0,350.15,0.5,0,360.15,0.5,0,0,0,-0,0,0,0,0,0,0,0,0,0,0,0,0,0,0,-0,0,0,0,0,0.5,0,0,20,0,0,0,0.35,0,0,20,0.25,0,0,0,0,20,0,0.01,0,0,0,0,20,0,0.01,0,0,0,0,0,0.01,20,0,0,0,0,0,0,0,0.01,77,0,0,0,0,0,0.01,87,0,0,0,0,0,0,0,0,0,0,0,0,0,0,0,0,0,1,1,2465,1,0,0,0,0,0,0,0,0,0,0,0,0,0,0,0,0,0,0,0,0.25,0.01,0,0,0,0.01,0,0,0,0,0,0,0,0,0.01,20,0,0,0.01,0,0,77,0,0.01,0,0,87,0,0,0,0,0,0,0,0,0,0,0,0,0,0,0,0,0,0,0,0,0,0,0.01,0.01,0.01,0.01,0,0,77,87,1,1,0,0,0,0,0,0,0,0,0,0,0,0,0,0,0,0,0,0,0,0,0,0,0,0,0,0,0,0,0,0,0
2470,293.15,35,0,293.15,24.5,6.125,293.15,0.5,0,293.15,0.55,0,293.15,0.6,0,350.15,0.5,0,360.15,0.5,0,0,0,-0,0,0,0,0,0,0,0,0,0,0,0,0,0,0,-0,0,0,0,0,0.5,0,0,20,0,0,0,0.35,0,0,20,0.25,0,0,0,0,20,0,0.01,0,0,0,0,20,0,0.01,0,0,0,0,0,0.01,20,0,0,0,0,0,0,0,0.01,77,0,0,0,0,0,0.01,87,0,0,0,0,0,0,0,0,0,0,0,0,0,0,0,0,0,1,1,2470,1,0,0,0,0,0,0,0,0,0,0,0,0,0,0,0,0,0,0,0,0.25,0.01,0,0,0,0.01,0,0,0,0,0,0,0,0,0.01,20,0,0,0.01,0,0,77,0,0.01,0,0,87,0,0,0,0,0,0,0,0,0,0,0,0,0,0,0,0,0,0,0,0,0,0,0.01,0.01,0.01,0.01,0,0,77,87,1,1,0,0,0,0,0,0,0,0,0,0,0,0,0,0,0,0,0,0,0,0,0,0,0,0,0,0,0,0,0,0,0
2475,293.15,35,0,293.15,24.5,6.125,293.15,0.5,0,293.15,0.55,0,293.15,0.6,0,350.15,0.5,0,360.15,0.5,0,0,0,-0,0,0,0,0,0,0,0,0,0,0,0,0,0,0,-0,0,0,0,0,0.5,0,0,20,0,0,0,0.35,0,0,20,0.25,0,0,0,0,20,0,0.01,0,0,0,0,20,0,0.01,0,0,0,0,0,0.01,20,0,0,0,0,0,0,0,0.01,77,0,0,0,0,0,0.01,87,0,0,0,0,0,0,0,0,0,0,0,0,0,0,0,0,0,1,1,2475,1,0,0,0,0,0,0,0,0,0,0,0,0,0,0,0,0,0,0,0,0.25,0.01,0,0,0,0.01,0,0,0,0,0,0,0,0,0.01,20,0,0,0.01,0,0,77,0,0.01,0,0,87,0,0,0,0,0,0,0,0,0,0,0,0,0,0,0,0,0,0,0,0,0,0,0.01,0.01,0.01,0.01,0,0,77,87,1,1,0,0,0,0,0,0,0,0,0,0,0,0,0,0,0,0,0,0,0,0,0,0,0,0,0,0,0,0,0,0,0
2480,293.15,35,0,293.15,24.5,6.125,293.15,0.5,0,293.15,0.55,0,293.15,0.6,0,350.15,0.5,0,360.15,0.5,0,0,0,-0,0,0,0,0,0,0,0,0,0,0,0,0,0,0,-0,0,0,0,0,0.5,0,0,20,0,0,0,0.35,0,0,20,0.25,0,0,0,0,20,0,0.01,0,0,0,0,20,0,0.01,0,0,0,0,0,0.01,20,0,0,0,0,0,0,0,0.01,77,0,0,0,0,0,0.01,87,0,0,0,0,0,0,0,0,0,0,0,0,0,0,0,0,0,1,1,2480,1,0,0,0,0,0,0,0,0,0,0,0,0,0,0,0,0,0,0,0,0.25,0.01,0,0,0,0.01,0,0,0,0,0,0,0,0,0.01,20,0,0,0.01,0,0,77,0,0.01,0,0,87,0,0,0,0,0,0,0,0,0,0,0,0,0,0,0,0,0,0,0,0,0,0,0.01,0.01,0.01,0.01,0,0,77,87,1,1,0,0,0,0,0,0,0,0,0,0,0,0,0,0,0,0,0,0,0,0,0,0,0,0,0,0,0,0,0,0,0
2485,293.15,35,0,293.15,24.5,6.125,293.15,0.5,0,293.15,0.55,0,293.15,0.6,0,350.15,0.5,0,360.15,0.5,0,0,0,-0,0,0,0,0,0,0,0,0,0,0,0,0,0,0,-0,0,0,0,0,0.5,0,0,20,0,0,0,0.35,0,0,20,0.25,0,0,0,0,20,0,0.01,0,0,0,0,20,0,0.01,0,0,0,0,0,0.01,20,0,0,0,0,0,0,0,0.01,77,0,0,0,0,0,0.01,87,0,0,0,0,0,0,0,0,0,0,0,0,0,0,0,0,0,1,1,2485,1,0,0,0,0,0,0,0,0,0,0,0,0,0,0,0,0,0,0,0,0.25,0.01,0,0,0,0.01,0,0,0,0,0,0,0,0,0.01,20,0,0,0.01,0,0,77,0,0.01,0,0,87,0,0,0,0,0,0,0,0,0,0,0,0,0,0,0,0,0,0,0,0,0,0,0.01,0.01,0.01,0.01,0,0,77,87,1,1,0,0,0,0,0,0,0,0,0,0,0,0,0,0,0,0,0,0,0,0,0,0,0,0,0,0,0,0,0,0,0
2490,293.15,35,0,293.15,24.5,6.125,293.15,0.5,0,293.15,0.55,0,293.15,0.6,0,350.15,0.5,0,360.15,0.5,0,0,0,-0,0,0,0,0,0,0,0,0,0,0,0,0,0,0,-0,0,0,0,0,0.5,0,0,20,0,0,0,0.35,0,0,20,0.25,0,0,0,0,20,0,0.01,0,0,0,0,20,0,0.01,0,0,0,0,0,0.01,20,0,0,0,0,0,0,0,0.01,77,0,0,0,0,0,0.01,87,0,0,0,0,0,0,0,0,0,0,0,0,0,0,0,0,0,1,1,2490,1,0,0,0,0,0,0,0,0,0,0,0,0,0,0,0,0,0,0,0,0.25,0.01,0,0,0,0.01,0,0,0,0,0,0,0,0,0.01,20,0,0,0.01,0,0,77,0,0.01,0,0,87,0,0,0,0,0,0,0,0,0,0,0,0,0,0,0,0,0,0,0,0,0,0,0.01,0.01,0.01,0.01,0,0,77,87,1,1,0,0,0,0,0,0,0,0,0,0,0,0,0,0,0,0,0,0,0,0,0,0,0,0,0,0,0,0,0,0,0
2495,293.15,35,0,293.15,24.5,6.125,293.15,0.5,0,293.15,0.55,0,293.15,0.6,0,350.15,0.5,0,360.15,0.5,0,0,0,-0,0,0,0,0,0,0,0,0,0,0,0,0,0,0,-0,0,0,0,0,0.5,0,0,20,0,0,0,0.35,0,0,20,0.25,0,0,0,0,20,0,0.01,0,0,0,0,20,0,0.01,0,0,0,0,0,0.01,20,0,0,0,0,0,0,0,0.01,77,0,0,0,0,0,0.01,87,0,0,0,0,0,0,0,0,0,0,0,0,0,0,0,0,0,1,1,2495,1,0,0,0,0,0,0,0,0,0,0,0,0,0,0,0,0,0,0,0,0.25,0.01,0,0,0,0.01,0,0,0,0,0,0,0,0,0.01,20,0,0,0.01,0,0,77,0,0.01,0,0,87,0,0,0,0,0,0,0,0,0,0,0,0,0,0,0,0,0,0,0,0,0,0,0.01,0.01,0.01,0.01,0,0,77,87,1,1,0,0,0,0,0,0,0,0,0,0,0,0,0,0,0,0,0,0,0,0,0,0,0,0,0,0,0,0,0,0,0
2500,293.15,35,0,293.15,24.5,6.125,293.15,0.5,0,293.15,0.55,0,293.15,0.6,0,350.15,0.5,0,360.15,0.5,0,0,0,-0,0,0,0,0,0,0,0,0,0,0,0,0,0,0,-0,0,0,0,0,0.5,0,0,20,0,0,0,0.35,0,0,20,0.25,0,0,0,0,20,0,0.01,0,0,0,0,20,0,0.01,0,0,0,0,0,0.01,20,0,0,0,0,0,0,0,0.01,77,0,0,0,0,0,0.01,87,0,0,0,0,0,0,0,0,0,0,0,0,0,0,0,0,0,1,1,2500,1,0,0,0,0,0,0,0,0,0,0,0,0,0,0,0,0,0,0,0,0.25,0.01,0,0,0,0.01,0,0,0,0,0,0,0,0,0.01,20,0,0,0.01,0,0,77,0,0.01,0,0,87,0,0,0,0,0,0,0,0,0,0,0,0,0,0,0,0,0,0,0,0,0,0,0.01,0.01,0.01,0.01,0,0,77,87,1,1,0,0,0,0,0,0,0,0,0,0,0,0,0,0,0,0,0,0,0,0,0,0,0,0,0,0,0,0,0,0,0
2505,293.15,35,0,293.15,24.5,6.125,293.15,0.5,0,293.15,0.55,0,293.15,0.6,0,350.15,0.5,0,360.15,0.5,0,0,0,-0,0,0,0,0,0,0,0,0,0,0,0,0,0,0,-0,0,0,0,0,0.5,0,0,20,0,0,0,0.35,0,0,20,0.25,0,0,0,0,20,0,0.01,0,0,0,0,20,0,0.01,0,0,0,0,0,0.01,20,0,0,0,0,0,0,0,0.01,77,0,0,0,0,0,0.01,87,0,0,0,0,0,0,0,0,0,0,0,0,0,0,0,0,0,1,1,2505,1,0,0,0,0,0,0,0,0,0,0,0,0,0,0,0,0,0,0,0,0.25,0.01,0,0,0,0.01,0,0,0,0,0,0,0,0,0.01,20,0,0,0.01,0,0,77,0,0.01,0,0,87,0,0,0,0,0,0,0,0,0,0,0,0,0,0,0,0,0,0,0,0,0,0,0.01,0.01,0.01,0.01,0,0,77,87,1,1,0,0,0,0,0,0,0,0,0,0,0,0,0,0,0,0,0,0,0,0,0,0,0,0,0,0,0,0,0,0,0
2510,293.15,35,0,293.15,24.5,6.125,293.15,0.5,0,293.15,0.55,0,293.15,0.6,0,350.15,0.5,0,360.15,0.5,0,0,0,-0,0,0,0,0,0,0,0,0,0,0,0,0,0,0,-0,0,0,0,0,0.5,0,0,20,0,0,0,0.35,0,0,20,0.25,0,0,0,0,20,0,0.01,0,0,0,0,20,0,0.01,0,0,0,0,0,0.01,20,0,0,0,0,0,0,0,0.01,77,0,0,0,0,0,0.01,87,0,0,0,0,0,0,0,0,0,0,0,0,0,0,0,0,0,1,1,2510,1,0,0,0,0,0,0,0,0,0,0,0,0,0,0,0,0,0,0,0,0.25,0.01,0,0,0,0.01,0,0,0,0,0,0,0,0,0.01,20,0,0,0.01,0,0,77,0,0.01,0,0,87,0,0,0,0,0,0,0,0,0,0,0,0,0,0,0,0,0,0,0,0,0,0,0.01,0.01,0.01,0.01,0,0,77,87,1,1,0,0,0,0,0,0,0,0,0,0,0,0,0,0,0,0,0,0,0,0,0,0,0,0,0,0,0,0,0,0,0
2515,293.15,35,0,293.15,24.5,6.125,293.15,0.5,0,293.15,0.55,0,293.15,0.6,0,350.15,0.5,0,360.15,0.5,0,0,0,-0,0,0,0,0,0,0,0,0,0,0,0,0,0,0,-0,0,0,0,0,0.5,0,0,20,0,0,0,0.35,0,0,20,0.25,0,0,0,0,20,0,0.01,0,0,0,0,20,0,0.01,0,0,0,0,0,0.01,20,0,0,0,0,0,0,0,0.01,77,0,0,0,0,0,0.01,87,0,0,0,0,0,0,0,0,0,0,0,0,0,0,0,0,0,1,1,2515,1,0,0,0,0,0,0,0,0,0,0,0,0,0,0,0,0,0,0,0,0.25,0.01,0,0,0,0.01,0,0,0,0,0,0,0,0,0.01,20,0,0,0.01,0,0,77,0,0.01,0,0,87,0,0,0,0,0,0,0,0,0,0,0,0,0,0,0,0,0,0,0,0,0,0,0.01,0.01,0.01,0.01,0,0,77,87,1,1,0,0,0,0,0,0,0,0,0,0,0,0,0,0,0,0,0,0,0,0,0,0,0,0,0,0,0,0,0,0,0
2520,293.15,35,0,293.15,24.5,6.125,293.15,0.5,0,293.15,0.55,0,293.15,0.6,0,350.15,0.5,0,360.15,0.5,0,0,0,-0,0,0,0,0,0,0,0,0,0,0,0,0,0,0,-0,0,0,0,0,0.5,0,0,20,0,0,0,0.35,0,0,20,0.25,0,0,0,0,20,0,0.01,0,0,0,0,20,0,0.01,0,0,0,0,0,0.01,20,0,0,0,0,0,0,0,0.01,77,0,0,0,0,0,0.01,87,0,0,0,0,0,0,0,0,0,0,0,0,0,0,0,0,0,1,1,2520,1,0,0,0,0,0,0,0,0,0,0,0,0,0,0,0,0,0,0,0,0.25,0.01,0,0,0,0.01,0,0,0,0,0,0,0,0,0.01,20,0,0,0.01,0,0,77,0,0.01,0,0,87,0,0,0,0,0,0,0,0,0,0,0,0,0,0,0,0,0,0,0,0,0,0,0.01,0.01,0.01,0.01,0,0,77,87,1,1,0,0,0,0,0,0,0,0,0,0,0,0,0,0,0,0,0,0,0,0,0,0,0,0,0,0,0,0,0,0,0
2525,293.15,35,0,293.15,24.5,6.125,293.15,0.5,0,293.15,0.55,0,293.15,0.6,0,350.15,0.5,0,360.15,0.5,0,0,0,-0,0,0,0,0,0,0,0,0,0,0,0,0,0,0,-0,0,0,0,0,0.5,0,0,20,0,0,0,0.35,0,0,20,0.25,0,0,0,0,20,0,0.01,0,0,0,0,20,0,0.01,0,0,0,0,0,0.01,20,0,0,0,0,0,0,0,0.01,77,0,0,0,0,0,0.01,87,0,0,0,0,0,0,0,0,0,0,0,0,0,0,0,0,0,1,1,2525,1,0,0,0,0,0,0,0,0,0,0,0,0,0,0,0,0,0,0,0,0.25,0.01,0,0,0,0.01,0,0,0,0,0,0,0,0,0.01,20,0,0,0.01,0,0,77,0,0.01,0,0,87,0,0,0,0,0,0,0,0,0,0,0,0,0,0,0,0,0,0,0,0,0,0,0.01,0.01,0.01,0.01,0,0,77,87,1,1,0,0,0,0,0,0,0,0,0,0,0,0,0,0,0,0,0,0,0,0,0,0,0,0,0,0,0,0,0,0,0
2530,293.15,35,0,293.15,24.5,6.125,293.15,0.5,0,293.15,0.55,0,293.15,0.6,0,350.15,0.5,0,360.15,0.5,0,0,0,-0,0,0,0,0,0,0,0,0,0,0,0,0,0,0,-0,0,0,0,0,0.5,0,0,20,0,0,0,0.35,0,0,20,0.25,0,0,0,0,20,0,0.01,0,0,0,0,20,0,0.01,0,0,0,0,0,0.01,20,0,0,0,0,0,0,0,0.01,77,0,0,0,0,0,0.01,87,0,0,0,0,0,0,0,0,0,0,0,0,0,0,0,0,0,1,1,2530,1,0,0,0,0,0,0,0,0,0,0,0,0,0,0,0,0,0,0,0,0.25,0.01,0,0,0,0.01,0,0,0,0,0,0,0,0,0.01,20,0,0,0.01,0,0,77,0,0.01,0,0,87,0,0,0,0,0,0,0,0,0,0,0,0,0,0,0,0,0,0,0,0,0,0,0.01,0.01,0.01,0.01,0,0,77,87,1,1,0,0,0,0,0,0,0,0,0,0,0,0,0,0,0,0,0,0,0,0,0,0,0,0,0,0,0,0,0,0,0
2535,293.15,35,0,293.15,24.5,6.125,293.15,0.5,0,293.15,0.55,0,293.15,0.6,0,350.15,0.5,0,360.15,0.5,0,0,0,-0,0,0,0,0,0,0,0,0,0,0,0,0,0,0,-0,0,0,0,0,0.5,0,0,20,0,0,0,0.35,0,0,20,0.25,0,0,0,0,20,0,0.01,0,0,0,0,20,0,0.01,0,0,0,0,0,0.01,20,0,0,0,0,0,0,0,0.01,77,0,0,0,0,0,0.01,87,0,0,0,0,0,0,0,0,0,0,0,0,0,0,0,0,0,1,1,2535,1,0,0,0,0,0,0,0,0,0,0,0,0,0,0,0,0,0,0,0,0.25,0.01,0,0,0,0.01,0,0,0,0,0,0,0,0,0.01,20,0,0,0.01,0,0,77,0,0.01,0,0,87,0,0,0,0,0,0,0,0,0,0,0,0,0,0,0,0,0,0,0,0,0,0,0.01,0.01,0.01,0.01,0,0,77,87,1,1,0,0,0,0,0,0,0,0,0,0,0,0,0,0,0,0,0,0,0,0,0,0,0,0,0,0,0,0,0,0,0
2540,293.15,35,0,293.15,24.5,6.125,293.15,0.5,0,293.15,0.55,0,293.15,0.6,0,350.15,0.5,0,360.15,0.5,0,0,0,-0,0,0,0,0,0,0,0,0,0,0,0,0,0,0,-0,0,0,0,0,0.5,0,0,20,0,0,0,0.35,0,0,20,0.25,0,0,0,0,20,0,0.01,0,0,0,0,20,0,0.01,0,0,0,0,0,0.01,20,0,0,0,0,0,0,0,0.01,77,0,0,0,0,0,0.01,87,0,0,0,0,0,0,0,0,0,0,0,0,0,0,0,0,0,1,1,2540,1,0,0,0,0,0,0,0,0,0,0,0,0,0,0,0,0,0,0,0,0.25,0.01,0,0,0,0.01,0,0,0,0,0,0,0,0,0.01,20,0,0,0.01,0,0,77,0,0.01,0,0,87,0,0,0,0,0,0,0,0,0,0,0,0,0,0,0,0,0,0,0,0,0,0,0.01,0.01,0.01,0.01,0,0,77,87,1,1,0,0,0,0,0,0,0,0,0,0,0,0,0,0,0,0,0,0,0,0,0,0,0,0,0,0,0,0,0,0,0
2545,293.15,35,0,293.15,24.5,6.125,293.15,0.5,0,293.15,0.55,0,293.15,0.6,0,350.15,0.5,0,360.15,0.5,0,0,0,-0,0,0,0,0,0,0,0,0,0,0,0,0,0,0,-0,0,0,0,0,0.5,0,0,20,0,0,0,0.35,0,0,20,0.25,0,0,0,0,20,0,0.01,0,0,0,0,20,0,0.01,0,0,0,0,0,0.01,20,0,0,0,0,0,0,0,0.01,77,0,0,0,0,0,0.01,87,0,0,0,0,0,0,0,0,0,0,0,0,0,0,0,0,0,1,1,2545,1,0,0,0,0,0,0,0,0,0,0,0,0,0,0,0,0,0,0,0,0.25,0.01,0,0,0,0.01,0,0,0,0,0,0,0,0,0.01,20,0,0,0.01,0,0,77,0,0.01,0,0,87,0,0,0,0,0,0,0,0,0,0,0,0,0,0,0,0,0,0,0,0,0,0,0.01,0.01,0.01,0.01,0,0,77,87,1,1,0,0,0,0,0,0,0,0,0,0,0,0,0,0,0,0,0,0,0,0,0,0,0,0,0,0,0,0,0,0,0
2550,293.15,35,0,293.15,24.5,6.125,293.15,0.5,0,293.15,0.55,0,293.15,0.6,0,350.15,0.5,0,360.15,0.5,0,0,0,-0,0,0,0,0,0,0,0,0,0,0,0,0,0,0,-0,0,0,0,0,0.5,0,0,20,0,0,0,0.35,0,0,20,0.25,0,0,0,0,20,0,0.01,0,0,0,0,20,0,0.01,0,0,0,0,0,0.01,20,0,0,0,0,0,0,0,0.01,77,0,0,0,0,0,0.01,87,0,0,0,0,0,0,0,0,0,0,0,0,0,0,0,0,0,1,1,2550,1,0,0,0,0,0,0,0,0,0,0,0,0,0,0,0,0,0,0,0,0.25,0.01,0,0,0,0.01,0,0,0,0,0,0,0,0,0.01,20,0,0,0.01,0,0,77,0,0.01,0,0,87,0,0,0,0,0,0,0,0,0,0,0,0,0,0,0,0,0,0,0,0,0,0,0.01,0.01,0.01,0.01,0,0,77,87,1,1,0,0,0,0,0,0,0,0,0,0,0,0,0,0,0,0,0,0,0,0,0,0,0,0,0,0,0,0,0,0,0
2555,293.15,35,0,293.15,24.5,6.125,293.15,0.5,0,293.15,0.55,0,293.15,0.6,0,350.15,0.5,0,360.15,0.5,0,0,0,-0,0,0,0,0,0,0,0,0,0,0,0,0,0,0,-0,0,0,0,0,0.5,0,0,20,0,0,0,0.35,0,0,20,0.25,0,0,0,0,20,0,0.01,0,0,0,0,20,0,0.01,0,0,0,0,0,0.01,20,0,0,0,0,0,0,0,0.01,77,0,0,0,0,0,0.01,87,0,0,0,0,0,0,0,0,0,0,0,0,0,0,0,0,0,1,1,2555,1,0,0,0,0,0,0,0,0,0,0,0,0,0,0,0,0,0,0,0,0.25,0.01,0,0,0,0.01,0,0,0,0,0,0,0,0,0.01,20,0,0,0.01,0,0,77,0,0.01,0,0,87,0,0,0,0,0,0,0,0,0,0,0,0,0,0,0,0,0,0,0,0,0,0,0.01,0.01,0.01,0.01,0,0,77,87,1,1,0,0,0,0,0,0,0,0,0,0,0,0,0,0,0,0,0,0,0,0,0,0,0,0,0,0,0,0,0,0,0
2560,293.15,35,0,293.15,24.5,6.125,293.15,0.5,0,293.15,0.55,0,293.15,0.6,0,350.15,0.5,0,360.15,0.5,0,0,0,-0,0,0,0,0,0,0,0,0,0,0,0,0,0,0,-0,0,0,0,0,0.5,0,0,20,0,0,0,0.35,0,0,20,0.25,0,0,0,0,20,0,0.01,0,0,0,0,20,0,0.01,0,0,0,0,0,0.01,20,0,0,0,0,0,0,0,0.01,77,0,0,0,0,0,0.01,87,0,0,0,0,0,0,0,0,0,0,0,0,0,0,0,0,0,1,1,2560,1,0,0,0,0,0,0,0,0,0,0,0,0,0,0,0,0,0,0,0,0.25,0.01,0,0,0,0.01,0,0,0,0,0,0,0,0,0.01,20,0,0,0.01,0,0,77,0,0.01,0,0,87,0,0,0,0,0,0,0,0,0,0,0,0,0,0,0,0,0,0,0,0,0,0,0.01,0.01,0.01,0.01,0,0,77,87,1,1,0,0,0,0,0,0,0,0,0,0,0,0,0,0,0,0,0,0,0,0,0,0,0,0,0,0,0,0,0,0,0
2565,293.15,35,0,293.15,24.5,6.125,293.15,0.5,0,293.15,0.55,0,293.15,0.6,0,350.15,0.5,0,360.15,0.5,0,0,0,-0,0,0,0,0,0,0,0,0,0,0,0,0,0,0,-0,0,0,0,0,0.5,0,0,20,0,0,0,0.35,0,0,20,0.25,0,0,0,0,20,0,0.01,0,0,0,0,20,0,0.01,0,0,0,0,0,0.01,20,0,0,0,0,0,0,0,0.01,77,0,0,0,0,0,0.01,87,0,0,0,0,0,0,0,0,0,0,0,0,0,0,0,0,0,1,1,2565,1,0,0,0,0,0,0,0,0,0,0,0,0,0,0,0,0,0,0,0,0.25,0.01,0,0,0,0.01,0,0,0,0,0,0,0,0,0.01,20,0,0,0.01,0,0,77,0,0.01,0,0,87,0,0,0,0,0,0,0,0,0,0,0,0,0,0,0,0,0,0,0,0,0,0,0.01,0.01,0.01,0.01,0,0,77,87,1,1,0,0,0,0,0,0,0,0,0,0,0,0,0,0,0,0,0,0,0,0,0,0,0,0,0,0,0,0,0,0,0
2570,293.15,35,0,293.15,24.5,6.125,293.15,0.5,0,293.15,0.55,0,293.15,0.6,0,350.15,0.5,0,360.15,0.5,0,0,0,-0,0,0,0,0,0,0,0,0,0,0,0,0,0,0,-0,0,0,0,0,0.5,0,0,20,0,0,0,0.35,0,0,20,0.25,0,0,0,0,20,0,0.01,0,0,0,0,20,0,0.01,0,0,0,0,0,0.01,20,0,0,0,0,0,0,0,0.01,77,0,0,0,0,0,0.01,87,0,0,0,0,0,0,0,0,0,0,0,0,0,0,0,0,0,1,1,2570,1,0,0,0,0,0,0,0,0,0,0,0,0,0,0,0,0,0,0,0,0.25,0.01,0,0,0,0.01,0,0,0,0,0,0,0,0,0.01,20,0,0,0.01,0,0,77,0,0.01,0,0,87,0,0,0,0,0,0,0,0,0,0,0,0,0,0,0,0,0,0,0,0,0,0,0.01,0.01,0.01,0.01,0,0,77,87,1,1,0,0,0,0,0,0,0,0,0,0,0,0,0,0,0,0,0,0,0,0,0,0,0,0,0,0,0,0,0,0,0
2575,293.15,35,0,293.15,24.5,6.125,293.15,0.5,0,293.15,0.55,0,293.15,0.6,0,350.15,0.5,0,360.15,0.5,0,0,0,-0,0,0,0,0,0,0,0,0,0,0,0,0,0,0,-0,0,0,0,0,0.5,0,0,20,0,0,0,0.35,0,0,20,0.25,0,0,0,0,20,0,0.01,0,0,0,0,20,0,0.01,0,0,0,0,0,0.01,20,0,0,0,0,0,0,0,0.01,77,0,0,0,0,0,0.01,87,0,0,0,0,0,0,0,0,0,0,0,0,0,0,0,0,0,1,1,2575,1,0,0,0,0,0,0,0,0,0,0,0,0,0,0,0,0,0,0,0,0.25,0.01,0,0,0,0.01,0,0,0,0,0,0,0,0,0.01,20,0,0,0.01,0,0,77,0,0.01,0,0,87,0,0,0,0,0,0,0,0,0,0,0,0,0,0,0,0,0,0,0,0,0,0,0.01,0.01,0.01,0.01,0,0,77,87,1,1,0,0,0,0,0,0,0,0,0,0,0,0,0,0,0,0,0,0,0,0,0,0,0,0,0,0,0,0,0,0,0
2580,293.15,35,0,293.15,24.5,6.125,293.15,0.5,0,293.15,0.55,0,293.15,0.6,0,350.15,0.5,0,360.15,0.5,0,0,0,-0,0,0,0,0,0,0,0,0,0,0,0,0,0,0,-0,0,0,0,0,0.5,0,0,20,0,0,0,0.35,0,0,20,0.25,0,0,0,0,20,0,0.01,0,0,0,0,20,0,0.01,0,0,0,0,0,0.01,20,0,0,0,0,0,0,0,0.01,77,0,0,0,0,0,0.01,87,0,0,0,0,0,0,0,0,0,0,0,0,0,0,0,0,0,1,1,2580,1,0,0,0,0,0,0,0,0,0,0,0,0,0,0,0,0,0,0,0,0.25,0.01,0,0,0,0.01,0,0,0,0,0,0,0,0,0.01,20,0,0,0.01,0,0,77,0,0.01,0,0,87,0,0,0,0,0,0,0,0,0,0,0,0,0,0,0,0,0,0,0,0,0,0,0.01,0.01,0.01,0.01,0,0,77,87,1,1,0,0,0,0,0,0,0,0,0,0,0,0,0,0,0,0,0,0,0,0,0,0,0,0,0,0,0,0,0,0,0
2585,293.15,35,0,293.15,24.5,6.125,293.15,0.5,0,293.15,0.55,0,293.15,0.6,0,350.15,0.5,0,360.15,0.5,0,0,0,-0,0,0,0,0,0,0,0,0,0,0,0,0,0,0,-0,0,0,0,0,0.5,0,0,20,0,0,0,0.35,0,0,20,0.25,0,0,0,0,20,0,0.01,0,0,0,0,20,0,0.01,0,0,0,0,0,0.01,20,0,0,0,0,0,0,0,0.01,77,0,0,0,0,0,0.01,87,0,0,0,0,0,0,0,0,0,0,0,0,0,0,0,0,0,1,1,2585,1,0,0,0,0,0,0,0,0,0,0,0,0,0,0,0,0,0,0,0,0.25,0.01,0,0,0,0.01,0,0,0,0,0,0,0,0,0.01,20,0,0,0.01,0,0,77,0,0.01,0,0,87,0,0,0,0,0,0,0,0,0,0,0,0,0,0,0,0,0,0,0,0,0,0,0.01,0.01,0.01,0.01,0,0,77,87,1,1,0,0,0,0,0,0,0,0,0,0,0,0,0,0,0,0,0,0,0,0,0,0,0,0,0,0,0,0,0,0,0
2590,293.15,35,0,293.15,24.5,6.125,293.15,0.5,0,293.15,0.55,0,293.15,0.6,0,350.15,0.5,0,360.15,0.5,0,0,0,-0,0,0,0,0,0,0,0,0,0,0,0,0,0,0,-0,0,0,0,0,0.5,0,0,20,0,0,0,0.35,0,0,20,0.25,0,0,0,0,20,0,0.01,0,0,0,0,20,0,0.01,0,0,0,0,0,0.01,20,0,0,0,0,0,0,0,0.01,77,0,0,0,0,0,0.01,87,0,0,0,0,0,0,0,0,0,0,0,0,0,0,0,0,0,1,1,2590,1,0,0,0,0,0,0,0,0,0,0,0,0,0,0,0,0,0,0,0,0.25,0.01,0,0,0,0.01,0,0,0,0,0,0,0,0,0.01,20,0,0,0.01,0,0,77,0,0.01,0,0,87,0,0,0,0,0,0,0,0,0,0,0,0,0,0,0,0,0,0,0,0,0,0,0.01,0.01,0.01,0.01,0,0,77,87,1,1,0,0,0,0,0,0,0,0,0,0,0,0,0,0,0,0,0,0,0,0,0,0,0,0,0,0,0,0,0,0,0
2595,293.15,35,0,293.15,24.5,6.125,293.15,0.5,0,293.15,0.55,0,293.15,0.6,0,350.15,0.5,0,360.15,0.5,0,0,0,-0,0,0,0,0,0,0,0,0,0,0,0,0,0,0,-0,0,0,0,0,0.5,0,0,20,0,0,0,0.35,0,0,20,0.25,0,0,0,0,20,0,0.01,0,0,0,0,20,0,0.01,0,0,0,0,0,0.01,20,0,0,0,0,0,0,0,0.01,77,0,0,0,0,0,0.01,87,0,0,0,0,0,0,0,0,0,0,0,0,0,0,0,0,0,1,1,2595,1,0,0,0,0,0,0,0,0,0,0,0,0,0,0,0,0,0,0,0,0.25,0.01,0,0,0,0.01,0,0,0,0,0,0,0,0,0.01,20,0,0,0.01,0,0,77,0,0.01,0,0,87,0,0,0,0,0,0,0,0,0,0,0,0,0,0,0,0,0,0,0,0,0,0,0.01,0.01,0.01,0.01,0,0,77,87,1,1,0,0,0,0,0,0,0,0,0,0,0,0,0,0,0,0,0,0,0,0,0,0,0,0,0,0,0,0,0,0,0
2600,293.15,35,0,293.15,24.5,6.125,293.15,0.5,0,293.15,0.55,0,293.15,0.6,0,350.15,0.5,0,360.15,0.5,0,0,0,-0,0,0,0,0,0,0,0,0,0,0,0,0,0,0,-0,0,0,0,0,0.5,0,0,20,0,0,0,0.35,0,0,20,0.25,0,0,0,0,20,0,0.01,0,0,0,0,20,0,0.01,0,0,0,0,0,0.01,20,0,0,0,0,0,0,0,0.01,77,0,0,0,0,0,0.01,87,0,0,0,0,0,0,0,0,0,0,0,0,0,0,0,0,0,1,1,2600,1,0,0,0,0,0,0,0,0,0,0,0,0,0,0,0,0,0,0,0,0.25,0.01,0,0,0,0.01,0,0,0,0,0,0,0,0,0.01,20,0,0,0.01,0,0,77,0,0.01,0,0,87,0,0,0,0,0,0,0,0,0,0,0,0,0,0,0,0,0,0,0,0,0,0,0.01,0.01,0.01,0.01,0,0,77,87,1,1,0,0,0,0,0,0,0,0,0,0,0,0,0,0,0,0,0,0,0,0,0,0,0,0,0,0,0,0,0,0,0
2605,293.15,35,0,293.15,24.5,6.125,293.15,0.5,0,293.15,0.55,0,293.15,0.6,0,350.15,0.5,0,360.15,0.5,0,0,0,-0,0,0,0,0,0,0,0,0,0,0,0,0,0,0,-0,0,0,0,0,0.5,0,0,20,0,0,0,0.35,0,0,20,0.25,0,0,0,0,20,0,0.01,0,0,0,0,20,0,0.01,0,0,0,0,0,0.01,20,0,0,0,0,0,0,0,0.01,77,0,0,0,0,0,0.01,87,0,0,0,0,0,0,0,0,0,0,0,0,0,0,0,0,0,1,1,2605,1,0,0,0,0,0,0,0,0,0,0,0,0,0,0,0,0,0,0,0,0.25,0.01,0,0,0,0.01,0,0,0,0,0,0,0,0,0.01,20,0,0,0.01,0,0,77,0,0.01,0,0,87,0,0,0,0,0,0,0,0,0,0,0,0,0,0,0,0,0,0,0,0,0,0,0.01,0.01,0.01,0.01,0,0,77,87,1,1,0,0,0,0,0,0,0,0,0,0,0,0,0,0,0,0,0,0,0,0,0,0,0,0,0,0,0,0,0,0,0
2610,293.15,35,0,293.15,24.5,6.125,293.15,0.5,0,293.15,0.55,0,293.15,0.6,0,350.15,0.5,0,360.15,0.5,0,0,0,-0,0,0,0,0,0,0,0,0,0,0,0,0,0,0,-0,0,0,0,0,0.5,0,0,20,0,0,0,0.35,0,0,20,0.25,0,0,0,0,20,0,0.01,0,0,0,0,20,0,0.01,0,0,0,0,0,0.01,20,0,0,0,0,0,0,0,0.01,77,0,0,0,0,0,0.01,87,0,0,0,0,0,0,0,0,0,0,0,0,0,0,0,0,0,1,1,2610,1,0,0,0,0,0,0,0,0,0,0,0,0,0,0,0,0,0,0,0,0.25,0.01,0,0,0,0.01,0,0,0,0,0,0,0,0,0.01,20,0,0,0.01,0,0,77,0,0.01,0,0,87,0,0,0,0,0,0,0,0,0,0,0,0,0,0,0,0,0,0,0,0,0,0,0.01,0.01,0.01,0.01,0,0,77,87,1,1,0,0,0,0,0,0,0,0,0,0,0,0,0,0,0,0,0,0,0,0,0,0,0,0,0,0,0,0,0,0,0
2615,293.15,35,0,293.15,24.5,6.125,293.15,0.5,0,293.15,0.55,0,293.15,0.6,0,350.15,0.5,0,360.15,0.5,0,0,0,-0,0,0,0,0,0,0,0,0,0,0,0,0,0,0,-0,0,0,0,0,0.5,0,0,20,0,0,0,0.35,0,0,20,0.25,0,0,0,0,20,0,0.01,0,0,0,0,20,0,0.01,0,0,0,0,0,0.01,20,0,0,0,0,0,0,0,0.01,77,0,0,0,0,0,0.01,87,0,0,0,0,0,0,0,0,0,0,0,0,0,0,0,0,0,1,1,2615,1,0,0,0,0,0,0,0,0,0,0,0,0,0,0,0,0,0,0,0,0.25,0.01,0,0,0,0.01,0,0,0,0,0,0,0,0,0.01,20,0,0,0.01,0,0,77,0,0.01,0,0,87,0,0,0,0,0,0,0,0,0,0,0,0,0,0,0,0,0,0,0,0,0,0,0.01,0.01,0.01,0.01,0,0,77,87,1,1,0,0,0,0,0,0,0,0,0,0,0,0,0,0,0,0,0,0,0,0,0,0,0,0,0,0,0,0,0,0,0
2620,293.15,35,0,293.15,24.5,6.125,293.15,0.5,0,293.15,0.55,0,293.15,0.6,0,350.15,0.5,0,360.15,0.5,0,0,0,-0,0,0,0,0,0,0,0,0,0,0,0,0,0,0,-0,0,0,0,0,0.5,0,0,20,0,0,0,0.35,0,0,20,0.25,0,0,0,0,20,0,0.01,0,0,0,0,20,0,0.01,0,0,0,0,0,0.01,20,0,0,0,0,0,0,0,0.01,77,0,0,0,0,0,0.01,87,0,0,0,0,0,0,0,0,0,0,0,0,0,0,0,0,0,1,1,2620,1,0,0,0,0,0,0,0,0,0,0,0,0,0,0,0,0,0,0,0,0.25,0.01,0,0,0,0.01,0,0,0,0,0,0,0,0,0.01,20,0,0,0.01,0,0,77,0,0.01,0,0,87,0,0,0,0,0,0,0,0,0,0,0,0,0,0,0,0,0,0,0,0,0,0,0.01,0.01,0.01,0.01,0,0,77,87,1,1,0,0,0,0,0,0,0,0,0,0,0,0,0,0,0,0,0,0,0,0,0,0,0,0,0,0,0,0,0,0,0
2625,293.15,35,0,293.15,24.5,6.125,293.15,0.5,0,293.15,0.55,0,293.15,0.6,0,350.15,0.5,0,360.15,0.5,0,0,0,-0,0,0,0,0,0,0,0,0,0,0,0,0,0,0,-0,0,0,0,0,0.5,0,0,20,0,0,0,0.35,0,0,20,0.25,0,0,0,0,20,0,0.01,0,0,0,0,20,0,0.01,0,0,0,0,0,0.01,20,0,0,0,0,0,0,0,0.01,77,0,0,0,0,0,0.01,87,0,0,0,0,0,0,0,0,0,0,0,0,0,0,0,0,0,1,1,2625,1,0,0,0,0,0,0,0,0,0,0,0,0,0,0,0,0,0,0,0,0.25,0.01,0,0,0,0.01,0,0,0,0,0,0,0,0,0.01,20,0,0,0.01,0,0,77,0,0.01,0,0,87,0,0,0,0,0,0,0,0,0,0,0,0,0,0,0,0,0,0,0,0,0,0,0.01,0.01,0.01,0.01,0,0,77,87,1,1,0,0,0,0,0,0,0,0,0,0,0,0,0,0,0,0,0,0,0,0,0,0,0,0,0,0,0,0,0,0,0
2630,293.15,35,0,293.15,24.5,6.125,293.15,0.5,0,293.15,0.55,0,293.15,0.6,0,350.15,0.5,0,360.15,0.5,0,0,0,-0,0,0,0,0,0,0,0,0,0,0,0,0,0,0,-0,0,0,0,0,0.5,0,0,20,0,0,0,0.35,0,0,20,0.25,0,0,0,0,20,0,0.01,0,0,0,0,20,0,0.01,0,0,0,0,0,0.01,20,0,0,0,0,0,0,0,0.01,77,0,0,0,0,0,0.01,87,0,0,0,0,0,0,0,0,0,0,0,0,0,0,0,0,0,1,1,2630,1,0,0,0,0,0,0,0,0,0,0,0,0,0,0,0,0,0,0,0,0.25,0.01,0,0,0,0.01,0,0,0,0,0,0,0,0,0.01,20,0,0,0.01,0,0,77,0,0.01,0,0,87,0,0,0,0,0,0,0,0,0,0,0,0,0,0,0,0,0,0,0,0,0,0,0.01,0.01,0.01,0.01,0,0,77,87,1,1,0,0,0,0,0,0,0,0,0,0,0,0,0,0,0,0,0,0,0,0,0,0,0,0,0,0,0,0,0,0,0
2635,293.15,35,0,293.15,24.5,6.125,293.15,0.5,0,293.15,0.55,0,293.15,0.6,0,350.15,0.5,0,360.15,0.5,0,0,0,-0,0,0,0,0,0,0,0,0,0,0,0,0,0,0,-0,0,0,0,0,0.5,0,0,20,0,0,0,0.35,0,0,20,0.25,0,0,0,0,20,0,0.01,0,0,0,0,20,0,0.01,0,0,0,0,0,0.01,20,0,0,0,0,0,0,0,0.01,77,0,0,0,0,0,0.01,87,0,0,0,0,0,0,0,0,0,0,0,0,0,0,0,0,0,1,1,2635,1,0,0,0,0,0,0,0,0,0,0,0,0,0,0,0,0,0,0,0,0.25,0.01,0,0,0,0.01,0,0,0,0,0,0,0,0,0.01,20,0,0,0.01,0,0,77,0,0.01,0,0,87,0,0,0,0,0,0,0,0,0,0,0,0,0,0,0,0,0,0,0,0,0,0,0.01,0.01,0.01,0.01,0,0,77,87,1,1,0,0,0,0,0,0,0,0,0,0,0,0,0,0,0,0,0,0,0,0,0,0,0,0,0,0,0,0,0,0,0
2640,293.15,35,0,293.15,24.5,6.125,293.15,0.5,0,293.15,0.55,0,293.15,0.6,0,350.15,0.5,0,360.15,0.5,0,0,0,-0,0,0,0,0,0,0,0,0,0,0,0,0,0,0,-0,0,0,0,0,0.5,0,0,20,0,0,0,0.35,0,0,20,0.25,0,0,0,0,20,0,0.01,0,0,0,0,20,0,0.01,0,0,0,0,0,0.01,20,0,0,0,0,0,0,0,0.01,77,0,0,0,0,0,0.01,87,0,0,0,0,0,0,0,0,0,0,0,0,0,0,0,0,0,1,1,2640,1,0,0,0,0,0,0,0,0,0,0,0,0,0,0,0,0,0,0,0,0.25,0.01,0,0,0,0.01,0,0,0,0,0,0,0,0,0.01,20,0,0,0.01,0,0,77,0,0.01,0,0,87,0,0,0,0,0,0,0,0,0,0,0,0,0,0,0,0,0,0,0,0,0,0,0.01,0.01,0.01,0.01,0,0,77,87,1,1,0,0,0,0,0,0,0,0,0,0,0,0,0,0,0,0,0,0,0,0,0,0,0,0,0,0,0,0,0,0,0
2645,293.15,35,0,293.15,24.5,6.125,293.15,0.5,0,293.15,0.55,0,293.15,0.6,0,350.15,0.5,0,360.15,0.5,0,0,0,-0,0,0,0,0,0,0,0,0,0,0,0,0,0,0,-0,0,0,0,0,0.5,0,0,20,0,0,0,0.35,0,0,20,0.25,0,0,0,0,20,0,0.01,0,0,0,0,20,0,0.01,0,0,0,0,0,0.01,20,0,0,0,0,0,0,0,0.01,77,0,0,0,0,0,0.01,87,0,0,0,0,0,0,0,0,0,0,0,0,0,0,0,0,0,1,1,2645,1,0,0,0,0,0,0,0,0,0,0,0,0,0,0,0,0,0,0,0,0.25,0.01,0,0,0,0.01,0,0,0,0,0,0,0,0,0.01,20,0,0,0.01,0,0,77,0,0.01,0,0,87,0,0,0,0,0,0,0,0,0,0,0,0,0,0,0,0,0,0,0,0,0,0,0.01,0.01,0.01,0.01,0,0,77,87,1,1,0,0,0,0,0,0,0,0,0,0,0,0,0,0,0,0,0,0,0,0,0,0,0,0,0,0,0,0,0,0,0
2650,293.15,35,0,293.15,24.5,6.125,293.15,0.5,0,293.15,0.55,0,293.15,0.6,0,350.15,0.5,0,360.15,0.5,0,0,0,-0,0,0,0,0,0,0,0,0,0,0,0,0,0,0,-0,0,0,0,0,0.5,0,0,20,0,0,0,0.35,0,0,20,0.25,0,0,0,0,20,0,0.01,0,0,0,0,20,0,0.01,0,0,0,0,0,0.01,20,0,0,0,0,0,0,0,0.01,77,0,0,0,0,0,0.01,87,0,0,0,0,0,0,0,0,0,0,0,0,0,0,0,0,0,1,1,2650,1,0,0,0,0,0,0,0,0,0,0,0,0,0,0,0,0,0,0,0,0.25,0.01,0,0,0,0.01,0,0,0,0,0,0,0,0,0.01,20,0,0,0.01,0,0,77,0,0.01,0,0,87,0,0,0,0,0,0,0,0,0,0,0,0,0,0,0,0,0,0,0,0,0,0,0.01,0.01,0.01,0.01,0,0,77,87,1,1,0,0,0,0,0,0,0,0,0,0,0,0,0,0,0,0,0,0,0,0,0,0,0,0,0,0,0,0,0,0,0
2655,293.15,35,0,293.15,24.5,6.125,293.15,0.5,0,293.15,0.55,0,293.15,0.6,0,350.15,0.5,0,360.15,0.5,0,0,0,-0,0,0,0,0,0,0,0,0,0,0,0,0,0,0,-0,0,0,0,0,0.5,0,0,20,0,0,0,0.35,0,0,20,0.25,0,0,0,0,20,0,0.01,0,0,0,0,20,0,0.01,0,0,0,0,0,0.01,20,0,0,0,0,0,0,0,0.01,77,0,0,0,0,0,0.01,87,0,0,0,0,0,0,0,0,0,0,0,0,0,0,0,0,0,1,1,2655,1,0,0,0,0,0,0,0,0,0,0,0,0,0,0,0,0,0,0,0,0.25,0.01,0,0,0,0.01,0,0,0,0,0,0,0,0,0.01,20,0,0,0.01,0,0,77,0,0.01,0,0,87,0,0,0,0,0,0,0,0,0,0,0,0,0,0,0,0,0,0,0,0,0,0,0.01,0.01,0.01,0.01,0,0,77,87,1,1,0,0,0,0,0,0,0,0,0,0,0,0,0,0,0,0,0,0,0,0,0,0,0,0,0,0,0,0,0,0,0
2660,293.15,35,0,293.15,24.5,6.125,293.15,0.5,0,293.15,0.55,0,293.15,0.6,0,350.15,0.5,0,360.15,0.5,0,0,0,-0,0,0,0,0,0,0,0,0,0,0,0,0,0,0,-0,0,0,0,0,0.5,0,0,20,0,0,0,0.35,0,0,20,0.25,0,0,0,0,20,0,0.01,0,0,0,0,20,0,0.01,0,0,0,0,0,0.01,20,0,0,0,0,0,0,0,0.01,77,0,0,0,0,0,0.01,87,0,0,0,0,0,0,0,0,0,0,0,0,0,0,0,0,0,1,1,2660,1,0,0,0,0,0,0,0,0,0,0,0,0,0,0,0,0,0,0,0,0.25,0.01,0,0,0,0.01,0,0,0,0,0,0,0,0,0.01,20,0,0,0.01,0,0,77,0,0.01,0,0,87,0,0,0,0,0,0,0,0,0,0,0,0,0,0,0,0,0,0,0,0,0,0,0.01,0.01,0.01,0.01,0,0,77,87,1,1,0,0,0,0,0,0,0,0,0,0,0,0,0,0,0,0,0,0,0,0,0,0,0,0,0,0,0,0,0,0,0
2665,293.15,35,0,293.15,24.5,6.125,293.15,0.5,0,293.15,0.55,0,293.15,0.6,0,350.15,0.5,0,360.15,0.5,0,0,0,-0,0,0,0,0,0,0,0,0,0,0,0,0,0,0,-0,0,0,0,0,0.5,0,0,20,0,0,0,0.35,0,0,20,0.25,0,0,0,0,20,0,0.01,0,0,0,0,20,0,0.01,0,0,0,0,0,0.01,20,0,0,0,0,0,0,0,0.01,77,0,0,0,0,0,0.01,87,0,0,0,0,0,0,0,0,0,0,0,0,0,0,0,0,0,1,1,2665,1,0,0,0,0,0,0,0,0,0,0,0,0,0,0,0,0,0,0,0,0.25,0.01,0,0,0,0.01,0,0,0,0,0,0,0,0,0.01,20,0,0,0.01,0,0,77,0,0.01,0,0,87,0,0,0,0,0,0,0,0,0,0,0,0,0,0,0,0,0,0,0,0,0,0,0.01,0.01,0.01,0.01,0,0,77,87,1,1,0,0,0,0,0,0,0,0,0,0,0,0,0,0,0,0,0,0,0,0,0,0,0,0,0,0,0,0,0,0,0
2670,293.15,35,0,293.15,24.5,6.125,293.15,0.5,0,293.15,0.55,0,293.15,0.6,0,350.15,0.5,0,360.15,0.5,0,0,0,-0,0,0,0,0,0,0,0,0,0,0,0,0,0,0,-0,0,0,0,0,0.5,0,0,20,0,0,0,0.35,0,0,20,0.25,0,0,0,0,20,0,0.01,0,0,0,0,20,0,0.01,0,0,0,0,0,0.01,20,0,0,0,0,0,0,0,0.01,77,0,0,0,0,0,0.01,87,0,0,0,0,0,0,0,0,0,0,0,0,0,0,0,0,0,1,1,2670,1,0,0,0,0,0,0,0,0,0,0,0,0,0,0,0,0,0,0,0,0.25,0.01,0,0,0,0.01,0,0,0,0,0,0,0,0,0.01,20,0,0,0.01,0,0,77,0,0.01,0,0,87,0,0,0,0,0,0,0,0,0,0,0,0,0,0,0,0,0,0,0,0,0,0,0.01,0.01,0.01,0.01,0,0,77,87,1,1,0,0,0,0,0,0,0,0,0,0,0,0,0,0,0,0,0,0,0,0,0,0,0,0,0,0,0,0,0,0,0
2675,293.15,35,0,293.15,24.5,6.125,293.15,0.5,0,293.15,0.55,0,293.15,0.6,0,350.15,0.5,0,360.15,0.5,0,0,0,-0,0,0,0,0,0,0,0,0,0,0,0,0,0,0,-0,0,0,0,0,0.5,0,0,20,0,0,0,0.35,0,0,20,0.25,0,0,0,0,20,0,0.01,0,0,0,0,20,0,0.01,0,0,0,0,0,0.01,20,0,0,0,0,0,0,0,0.01,77,0,0,0,0,0,0.01,87,0,0,0,0,0,0,0,0,0,0,0,0,0,0,0,0,0,1,1,2675,1,0,0,0,0,0,0,0,0,0,0,0,0,0,0,0,0,0,0,0,0.25,0.01,0,0,0,0.01,0,0,0,0,0,0,0,0,0.01,20,0,0,0.01,0,0,77,0,0.01,0,0,87,0,0,0,0,0,0,0,0,0,0,0,0,0,0,0,0,0,0,0,0,0,0,0.01,0.01,0.01,0.01,0,0,77,87,1,1,0,0,0,0,0,0,0,0,0,0,0,0,0,0,0,0,0,0,0,0,0,0,0,0,0,0,0,0,0,0,0
2680,293.15,35,0,293.15,24.5,6.125,293.15,0.5,0,293.15,0.55,0,293.15,0.6,0,350.15,0.5,0,360.15,0.5,0,0,0,-0,0,0,0,0,0,0,0,0,0,0,0,0,0,0,-0,0,0,0,0,0.5,0,0,20,0,0,0,0.35,0,0,20,0.25,0,0,0,0,20,0,0.01,0,0,0,0,20,0,0.01,0,0,0,0,0,0.01,20,0,0,0,0,0,0,0,0.01,77,0,0,0,0,0,0.01,87,0,0,0,0,0,0,0,0,0,0,0,0,0,0,0,0,0,1,1,2680,1,0,0,0,0,0,0,0,0,0,0,0,0,0,0,0,0,0,0,0,0.25,0.01,0,0,0,0.01,0,0,0,0,0,0,0,0,0.01,20,0,0,0.01,0,0,77,0,0.01,0,0,87,0,0,0,0,0,0,0,0,0,0,0,0,0,0,0,0,0,0,0,0,0,0,0.01,0.01,0.01,0.01,0,0,77,87,1,1,0,0,0,0,0,0,0,0,0,0,0,0,0,0,0,0,0,0,0,0,0,0,0,0,0,0,0,0,0,0,0
2685,293.15,35,0,293.15,24.5,6.125,293.15,0.5,0,293.15,0.55,0,293.15,0.6,0,350.15,0.5,0,360.15,0.5,0,0,0,-0,0,0,0,0,0,0,0,0,0,0,0,0,0,0,-0,0,0,0,0,0.5,0,0,20,0,0,0,0.35,0,0,20,0.25,0,0,0,0,20,0,0.01,0,0,0,0,20,0,0.01,0,0,0,0,0,0.01,20,0,0,0,0,0,0,0,0.01,77,0,0,0,0,0,0.01,87,0,0,0,0,0,0,0,0,0,0,0,0,0,0,0,0,0,1,1,2685,1,0,0,0,0,0,0,0,0,0,0,0,0,0,0,0,0,0,0,0,0.25,0.01,0,0,0,0.01,0,0,0,0,0,0,0,0,0.01,20,0,0,0.01,0,0,77,0,0.01,0,0,87,0,0,0,0,0,0,0,0,0,0,0,0,0,0,0,0,0,0,0,0,0,0,0.01,0.01,0.01,0.01,0,0,77,87,1,1,0,0,0,0,0,0,0,0,0,0,0,0,0,0,0,0,0,0,0,0,0,0,0,0,0,0,0,0,0,0,0
2690,293.15,35,0,293.15,24.5,6.125,293.15,0.5,0,293.15,0.55,0,293.15,0.6,0,350.15,0.5,0,360.15,0.5,0,0,0,-0,0,0,0,0,0,0,0,0,0,0,0,0,0,0,-0,0,0,0,0,0.5,0,0,20,0,0,0,0.35,0,0,20,0.25,0,0,0,0,20,0,0.01,0,0,0,0,20,0,0.01,0,0,0,0,0,0.01,20,0,0,0,0,0,0,0,0.01,77,0,0,0,0,0,0.01,87,0,0,0,0,0,0,0,0,0,0,0,0,0,0,0,0,0,1,1,2690,1,0,0,0,0,0,0,0,0,0,0,0,0,0,0,0,0,0,0,0,0.25,0.01,0,0,0,0.01,0,0,0,0,0,0,0,0,0.01,20,0,0,0.01,0,0,77,0,0.01,0,0,87,0,0,0,0,0,0,0,0,0,0,0,0,0,0,0,0,0,0,0,0,0,0,0.01,0.01,0.01,0.01,0,0,77,87,1,1,0,0,0,0,0,0,0,0,0,0,0,0,0,0,0,0,0,0,0,0,0,0,0,0,0,0,0,0,0,0,0
2695,293.15,35,0,293.15,24.5,6.125,293.15,0.5,0,293.15,0.55,0,293.15,0.6,0,350.15,0.5,0,360.15,0.5,0,0,0,-0,0,0,0,0,0,0,0,0,0,0,0,0,0,0,-0,0,0,0,0,0.5,0,0,20,0,0,0,0.35,0,0,20,0.25,0,0,0,0,20,0,0.01,0,0,0,0,20,0,0.01,0,0,0,0,0,0.01,20,0,0,0,0,0,0,0,0.01,77,0,0,0,0,0,0.01,87,0,0,0,0,0,0,0,0,0,0,0,0,0,0,0,0,0,1,1,2695,1,0,0,0,0,0,0,0,0,0,0,0,0,0,0,0,0,0,0,0,0.25,0.01,0,0,0,0.01,0,0,0,0,0,0,0,0,0.01,20,0,0,0.01,0,0,77,0,0.01,0,0,87,0,0,0,0,0,0,0,0,0,0,0,0,0,0,0,0,0,0,0,0,0,0,0.01,0.01,0.01,0.01,0,0,77,87,1,1,0,0,0,0,0,0,0,0,0,0,0,0,0,0,0,0,0,0,0,0,0,0,0,0,0,0,0,0,0,0,0
2700,293.15,35,0,293.15,24.5,6.125,293.15,0.5,0,293.15,0.55,0,293.15,0.6,0,350.15,0.5,0,360.15,0.5,0,0,0,-0,0,0,0,0,0,0,0,0,0,0,0,0,0,0,-0,0,0,0,0,0.5,0,0,20,0,0,0,0.35,0,0,20,0.25,0,0,0,0,20,0,0.01,0,0,0,0,20,0,0.01,0,0,0,0,0,0.01,20,0,0,0,0,0,0,0,0.01,77,0,0,0,0,0,0.01,87,0,0,0,0,0,0,0,0,0,0,0,0,0,0,0,0,0,1,1,2700,1,0,0,0,0,0,0,0,0,0,0,0,0,0,0,0,0,0,0,0,0.25,0.01,0,0,0,0.01,0,0,0,0,0,0,0,0,0.01,20,0,0,0.01,0,0,77,0,0.01,0,0,87,0,0,0,0,0,0,0,0,0,0,0,0,0,0,0,0,0,0,0,0,0,0,0.01,0.01,0.01,0.01,0,0,77,87,1,1,0,0,0,0,0,0,0,0,0,0,0,0,0,0,0,0,0,0,0,0,0,0,0,0,0,0,0,0,0,0,0
2705,293.15,35,0,293.15,24.5,6.125,293.15,0.5,0,293.15,0.55,0,293.15,0.6,0,350.15,0.5,0,360.15,0.5,0,0,0,-0,0,0,0,0,0,0,0,0,0,0,0,0,0,0,-0,0,0,0,0,0.5,0,0,20,0,0,0,0.35,0,0,20,0.25,0,0,0,0,20,0,0.01,0,0,0,0,20,0,0.01,0,0,0,0,0,0.01,20,0,0,0,0,0,0,0,0.01,77,0,0,0,0,0,0.01,87,0,0,0,0,0,0,0,0,0,0,0,0,0,0,0,0,0,1,1,2705,1,0,0,0,0,0,0,0,0,0,0,0,0,0,0,0,0,0,0,0,0.25,0.01,0,0,0,0.01,0,0,0,0,0,0,0,0,0.01,20,0,0,0.01,0,0,77,0,0.01,0,0,87,0,0,0,0,0,0,0,0,0,0,0,0,0,0,0,0,0,0,0,0,0,0,0.01,0.01,0.01,0.01,0,0,77,87,1,1,0,0,0,0,0,0,0,0,0,0,0,0,0,0,0,0,0,0,0,0,0,0,0,0,0,0,0,0,0,0,0
2710,293.15,35,0,293.15,24.5,6.125,293.15,0.5,0,293.15,0.55,0,293.15,0.6,0,350.15,0.5,0,360.15,0.5,0,0,0,-0,0,0,0,0,0,0,0,0,0,0,0,0,0,0,-0,0,0,0,0,0.5,0,0,20,0,0,0,0.35,0,0,20,0.25,0,0,0,0,20,0,0.01,0,0,0,0,20,0,0.01,0,0,0,0,0,0.01,20,0,0,0,0,0,0,0,0.01,77,0,0,0,0,0,0.01,87,0,0,0,0,0,0,0,0,0,0,0,0,0,0,0,0,0,1,1,2710,1,0,0,0,0,0,0,0,0,0,0,0,0,0,0,0,0,0,0,0,0.25,0.01,0,0,0,0.01,0,0,0,0,0,0,0,0,0.01,20,0,0,0.01,0,0,77,0,0.01,0,0,87,0,0,0,0,0,0,0,0,0,0,0,0,0,0,0,0,0,0,0,0,0,0,0.01,0.01,0.01,0.01,0,0,77,87,1,1,0,0,0,0,0,0,0,0,0,0,0,0,0,0,0,0,0,0,0,0,0,0,0,0,0,0,0,0,0,0,0
2715,293.15,35,0,293.15,24.5,6.125,293.15,0.5,0,293.15,0.55,0,293.15,0.6,0,350.15,0.5,0,360.15,0.5,0,0,0,-0,0,0,0,0,0,0,0,0,0,0,0,0,0,0,-0,0,0,0,0,0.5,0,0,20,0,0,0,0.35,0,0,20,0.25,0,0,0,0,20,0,0.01,0,0,0,0,20,0,0.01,0,0,0,0,0,0.01,20,0,0,0,0,0,0,0,0.01,77,0,0,0,0,0,0.01,87,0,0,0,0,0,0,0,0,0,0,0,0,0,0,0,0,0,1,1,2715,1,0,0,0,0,0,0,0,0,0,0,0,0,0,0,0,0,0,0,0,0.25,0.01,0,0,0,0.01,0,0,0,0,0,0,0,0,0.01,20,0,0,0.01,0,0,77,0,0.01,0,0,87,0,0,0,0,0,0,0,0,0,0,0,0,0,0,0,0,0,0,0,0,0,0,0.01,0.01,0.01,0.01,0,0,77,87,1,1,0,0,0,0,0,0,0,0,0,0,0,0,0,0,0,0,0,0,0,0,0,0,0,0,0,0,0,0,0,0,0
2720,293.15,35,0,293.15,24.5,6.125,293.15,0.5,0,293.15,0.55,0,293.15,0.6,0,350.15,0.5,0,360.15,0.5,0,0,0,-0,0,0,0,0,0,0,0,0,0,0,0,0,0,0,-0,0,0,0,0,0.5,0,0,20,0,0,0,0.35,0,0,20,0.25,0,0,0,0,20,0,0.01,0,0,0,0,20,0,0.01,0,0,0,0,0,0.01,20,0,0,0,0,0,0,0,0.01,77,0,0,0,0,0,0.01,87,0,0,0,0,0,0,0,0,0,0,0,0,0,0,0,0,0,1,1,2720,1,0,0,0,0,0,0,0,0,0,0,0,0,0,0,0,0,0,0,0,0.25,0.01,0,0,0,0.01,0,0,0,0,0,0,0,0,0.01,20,0,0,0.01,0,0,77,0,0.01,0,0,87,0,0,0,0,0,0,0,0,0,0,0,0,0,0,0,0,0,0,0,0,0,0,0.01,0.01,0.01,0.01,0,0,77,87,1,1,0,0,0,0,0,0,0,0,0,0,0,0,0,0,0,0,0,0,0,0,0,0,0,0,0,0,0,0,0,0,0
2725,293.15,35,0,293.15,24.5,6.125,293.15,0.5,0,293.15,0.55,0,293.15,0.6,0,350.15,0.5,0,360.15,0.5,0,0,0,-0,0,0,0,0,0,0,0,0,0,0,0,0,0,0,-0,0,0,0,0,0.5,0,0,20,0,0,0,0.35,0,0,20,0.25,0,0,0,0,20,0,0.01,0,0,0,0,20,0,0.01,0,0,0,0,0,0.01,20,0,0,0,0,0,0,0,0.01,77,0,0,0,0,0,0.01,87,0,0,0,0,0,0,0,0,0,0,0,0,0,0,0,0,0,1,1,2725,1,0,0,0,0,0,0,0,0,0,0,0,0,0,0,0,0,0,0,0,0.25,0.01,0,0,0,0.01,0,0,0,0,0,0,0,0,0.01,20,0,0,0.01,0,0,77,0,0.01,0,0,87,0,0,0,0,0,0,0,0,0,0,0,0,0,0,0,0,0,0,0,0,0,0,0.01,0.01,0.01,0.01,0,0,77,87,1,1,0,0,0,0,0,0,0,0,0,0,0,0,0,0,0,0,0,0,0,0,0,0,0,0,0,0,0,0,0,0,0
2730,293.15,35,0,293.15,24.5,6.125,293.15,0.5,0,293.15,0.55,0,293.15,0.6,0,350.15,0.5,0,360.15,0.5,0,0,0,-0,0,0,0,0,0,0,0,0,0,0,0,0,0,0,-0,0,0,0,0,0.5,0,0,20,0,0,0,0.35,0,0,20,0.25,0,0,0,0,20,0,0.01,0,0,0,0,20,0,0.01,0,0,0,0,0,0.01,20,0,0,0,0,0,0,0,0.01,77,0,0,0,0,0,0.01,87,0,0,0,0,0,0,0,0,0,0,0,0,0,0,0,0,0,1,1,2730,1,0,0,0,0,0,0,0,0,0,0,0,0,0,0,0,0,0,0,0,0.25,0.01,0,0,0,0.01,0,0,0,0,0,0,0,0,0.01,20,0,0,0.01,0,0,77,0,0.01,0,0,87,0,0,0,0,0,0,0,0,0,0,0,0,0,0,0,0,0,0,0,0,0,0,0.01,0.01,0.01,0.01,0,0,77,87,1,1,0,0,0,0,0,0,0,0,0,0,0,0,0,0,0,0,0,0,0,0,0,0,0,0,0,0,0,0,0,0,0
2735,293.15,35,0,293.15,24.5,6.125,293.15,0.5,0,293.15,0.55,0,293.15,0.6,0,350.15,0.5,0,360.15,0.5,0,0,0,-0,0,0,0,0,0,0,0,0,0,0,0,0,0,0,-0,0,0,0,0,0.5,0,0,20,0,0,0,0.35,0,0,20,0.25,0,0,0,0,20,0,0.01,0,0,0,0,20,0,0.01,0,0,0,0,0,0.01,20,0,0,0,0,0,0,0,0.01,77,0,0,0,0,0,0.01,87,0,0,0,0,0,0,0,0,0,0,0,0,0,0,0,0,0,1,1,2735,1,0,0,0,0,0,0,0,0,0,0,0,0,0,0,0,0,0,0,0,0.25,0.01,0,0,0,0.01,0,0,0,0,0,0,0,0,0.01,20,0,0,0.01,0,0,77,0,0.01,0,0,87,0,0,0,0,0,0,0,0,0,0,0,0,0,0,0,0,0,0,0,0,0,0,0.01,0.01,0.01,0.01,0,0,77,87,1,1,0,0,0,0,0,0,0,0,0,0,0,0,0,0,0,0,0,0,0,0,0,0,0,0,0,0,0,0,0,0,0
2740,293.15,35,0,293.15,24.5,6.125,293.15,0.5,0,293.15,0.55,0,293.15,0.6,0,350.15,0.5,0,360.15,0.5,0,0,0,-0,0,0,0,0,0,0,0,0,0,0,0,0,0,0,-0,0,0,0,0,0.5,0,0,20,0,0,0,0.35,0,0,20,0.25,0,0,0,0,20,0,0.01,0,0,0,0,20,0,0.01,0,0,0,0,0,0.01,20,0,0,0,0,0,0,0,0.01,77,0,0,0,0,0,0.01,87,0,0,0,0,0,0,0,0,0,0,0,0,0,0,0,0,0,1,1,2740,1,0,0,0,0,0,0,0,0,0,0,0,0,0,0,0,0,0,0,0,0.25,0.01,0,0,0,0.01,0,0,0,0,0,0,0,0,0.01,20,0,0,0.01,0,0,77,0,0.01,0,0,87,0,0,0,0,0,0,0,0,0,0,0,0,0,0,0,0,0,0,0,0,0,0,0.01,0.01,0.01,0.01,0,0,77,87,1,1,0,0,0,0,0,0,0,0,0,0,0,0,0,0,0,0,0,0,0,0,0,0,0,0,0,0,0,0,0,0,0
2745,293.15,35,0,293.15,24.5,6.125,293.15,0.5,0,293.15,0.55,0,293.15,0.6,0,350.15,0.5,0,360.15,0.5,0,0,0,-0,0,0,0,0,0,0,0,0,0,0,0,0,0,0,-0,0,0,0,0,0.5,0,0,20,0,0,0,0.35,0,0,20,0.25,0,0,0,0,20,0,0.01,0,0,0,0,20,0,0.01,0,0,0,0,0,0.01,20,0,0,0,0,0,0,0,0.01,77,0,0,0,0,0,0.01,87,0,0,0,0,0,0,0,0,0,0,0,0,0,0,0,0,0,1,1,2745,1,0,0,0,0,0,0,0,0,0,0,0,0,0,0,0,0,0,0,0,0.25,0.01,0,0,0,0.01,0,0,0,0,0,0,0,0,0.01,20,0,0,0.01,0,0,77,0,0.01,0,0,87,0,0,0,0,0,0,0,0,0,0,0,0,0,0,0,0,0,0,0,0,0,0,0.01,0.01,0.01,0.01,0,0,77,87,1,1,0,0,0,0,0,0,0,0,0,0,0,0,0,0,0,0,0,0,0,0,0,0,0,0,0,0,0,0,0,0,0
2750,293.15,35,0,293.15,24.5,6.125,293.15,0.5,0,293.15,0.55,0,293.15,0.6,0,350.15,0.5,0,360.15,0.5,0,0,0,-0,0,0,0,0,0,0,0,0,0,0,0,0,0,0,-0,0,0,0,0,0.5,0,0,20,0,0,0,0.35,0,0,20,0.25,0,0,0,0,20,0,0.01,0,0,0,0,20,0,0.01,0,0,0,0,0,0.01,20,0,0,0,0,0,0,0,0.01,77,0,0,0,0,0,0.01,87,0,0,0,0,0,0,0,0,0,0,0,0,0,0,0,0,0,1,1,2750,1,0,0,0,0,0,0,0,0,0,0,0,0,0,0,0,0,0,0,0,0.25,0.01,0,0,0,0.01,0,0,0,0,0,0,0,0,0.01,20,0,0,0.01,0,0,77,0,0.01,0,0,87,0,0,0,0,0,0,0,0,0,0,0,0,0,0,0,0,0,0,0,0,0,0,0.01,0.01,0.01,0.01,0,0,77,87,1,1,0,0,0,0,0,0,0,0,0,0,0,0,0,0,0,0,0,0,0,0,0,0,0,0,0,0,0,0,0,0,0
2755,293.15,35,0,293.15,24.5,6.125,293.15,0.5,0,293.15,0.55,0,293.15,0.6,0,350.15,0.5,0,360.15,0.5,0,0,0,-0,0,0,0,0,0,0,0,0,0,0,0,0,0,0,-0,0,0,0,0,0.5,0,0,20,0,0,0,0.35,0,0,20,0.25,0,0,0,0,20,0,0.01,0,0,0,0,20,0,0.01,0,0,0,0,0,0.01,20,0,0,0,0,0,0,0,0.01,77,0,0,0,0,0,0.01,87,0,0,0,0,0,0,0,0,0,0,0,0,0,0,0,0,0,1,1,2755,1,0,0,0,0,0,0,0,0,0,0,0,0,0,0,0,0,0,0,0,0.25,0.01,0,0,0,0.01,0,0,0,0,0,0,0,0,0.01,20,0,0,0.01,0,0,77,0,0.01,0,0,87,0,0,0,0,0,0,0,0,0,0,0,0,0,0,0,0,0,0,0,0,0,0,0.01,0.01,0.01,0.01,0,0,77,87,1,1,0,0,0,0,0,0,0,0,0,0,0,0,0,0,0,0,0,0,0,0,0,0,0,0,0,0,0,0,0,0,0
2760,293.15,35,0,293.15,24.5,6.125,293.15,0.5,0,293.15,0.55,0,293.15,0.6,0,350.15,0.5,0,360.15,0.5,0,0,0,-0,0,0,0,0,0,0,0,0,0,0,0,0,0,0,-0,0,0,0,0,0.5,0,0,20,0,0,0,0.35,0,0,20,0.25,0,0,0,0,20,0,0.01,0,0,0,0,20,0,0.01,0,0,0,0,0,0.01,20,0,0,0,0,0,0,0,0.01,77,0,0,0,0,0,0.01,87,0,0,0,0,0,0,0,0,0,0,0,0,0,0,0,0,0,1,1,2760,1,0,0,0,0,0,0,0,0,0,0,0,0,0,0,0,0,0,0,0,0.25,0.01,0,0,0,0.01,0,0,0,0,0,0,0,0,0.01,20,0,0,0.01,0,0,77,0,0.01,0,0,87,0,0,0,0,0,0,0,0,0,0,0,0,0,0,0,0,0,0,0,0,0,0,0.01,0.01,0.01,0.01,0,0,77,87,1,1,0,0,0,0,0,0,0,0,0,0,0,0,0,0,0,0,0,0,0,0,0,0,0,0,0,0,0,0,0,0,0
2765,293.15,35,0,293.15,24.5,6.125,293.15,0.5,0,293.15,0.55,0,293.15,0.6,0,350.15,0.5,0,360.15,0.5,0,0,0,-0,0,0,0,0,0,0,0,0,0,0,0,0,0,0,-0,0,0,0,0,0.5,0,0,20,0,0,0,0.35,0,0,20,0.25,0,0,0,0,20,0,0.01,0,0,0,0,20,0,0.01,0,0,0,0,0,0.01,20,0,0,0,0,0,0,0,0.01,77,0,0,0,0,0,0.01,87,0,0,0,0,0,0,0,0,0,0,0,0,0,0,0,0,0,1,1,2765,1,0,0,0,0,0,0,0,0,0,0,0,0,0,0,0,0,0,0,0,0.25,0.01,0,0,0,0.01,0,0,0,0,0,0,0,0,0.01,20,0,0,0.01,0,0,77,0,0.01,0,0,87,0,0,0,0,0,0,0,0,0,0,0,0,0,0,0,0,0,0,0,0,0,0,0.01,0.01,0.01,0.01,0,0,77,87,1,1,0,0,0,0,0,0,0,0,0,0,0,0,0,0,0,0,0,0,0,0,0,0,0,0,0,0,0,0,0,0,0
2770,293.15,35,0,293.15,24.5,6.125,293.15,0.5,0,293.15,0.55,0,293.15,0.6,0,350.15,0.5,0,360.15,0.5,0,0,0,-0,0,0,0,0,0,0,0,0,0,0,0,0,0,0,-0,0,0,0,0,0.5,0,0,20,0,0,0,0.35,0,0,20,0.25,0,0,0,0,20,0,0.01,0,0,0,0,20,0,0.01,0,0,0,0,0,0.01,20,0,0,0,0,0,0,0,0.01,77,0,0,0,0,0,0.01,87,0,0,0,0,0,0,0,0,0,0,0,0,0,0,0,0,0,1,1,2770,1,0,0,0,0,0,0,0,0,0,0,0,0,0,0,0,0,0,0,0,0.25,0.01,0,0,0,0.01,0,0,0,0,0,0,0,0,0.01,20,0,0,0.01,0,0,77,0,0.01,0,0,87,0,0,0,0,0,0,0,0,0,0,0,0,0,0,0,0,0,0,0,0,0,0,0.01,0.01,0.01,0.01,0,0,77,87,1,1,0,0,0,0,0,0,0,0,0,0,0,0,0,0,0,0,0,0,0,0,0,0,0,0,0,0,0,0,0,0,0
2775,293.15,35,0,293.15,24.5,6.125,293.15,0.5,0,293.15,0.55,0,293.15,0.6,0,350.15,0.5,0,360.15,0.5,0,0,0,-0,0,0,0,0,0,0,0,0,0,0,0,0,0,0,-0,0,0,0,0,0.5,0,0,20,0,0,0,0.35,0,0,20,0.25,0,0,0,0,20,0,0.01,0,0,0,0,20,0,0.01,0,0,0,0,0,0.01,20,0,0,0,0,0,0,0,0.01,77,0,0,0,0,0,0.01,87,0,0,0,0,0,0,0,0,0,0,0,0,0,0,0,0,0,1,1,2775,1,0,0,0,0,0,0,0,0,0,0,0,0,0,0,0,0,0,0,0,0.25,0.01,0,0,0,0.01,0,0,0,0,0,0,0,0,0.01,20,0,0,0.01,0,0,77,0,0.01,0,0,87,0,0,0,0,0,0,0,0,0,0,0,0,0,0,0,0,0,0,0,0,0,0,0.01,0.01,0.01,0.01,0,0,77,87,1,1,0,0,0,0,0,0,0,0,0,0,0,0,0,0,0,0,0,0,0,0,0,0,0,0,0,0,0,0,0,0,0
2780,293.15,35,0,293.15,24.5,6.125,293.15,0.5,0,293.15,0.55,0,293.15,0.6,0,350.15,0.5,0,360.15,0.5,0,0,0,-0,0,0,0,0,0,0,0,0,0,0,0,0,0,0,-0,0,0,0,0,0.5,0,0,20,0,0,0,0.35,0,0,20,0.25,0,0,0,0,20,0,0.01,0,0,0,0,20,0,0.01,0,0,0,0,0,0.01,20,0,0,0,0,0,0,0,0.01,77,0,0,0,0,0,0.01,87,0,0,0,0,0,0,0,0,0,0,0,0,0,0,0,0,0,1,1,2780,1,0,0,0,0,0,0,0,0,0,0,0,0,0,0,0,0,0,0,0,0.25,0.01,0,0,0,0.01,0,0,0,0,0,0,0,0,0.01,20,0,0,0.01,0,0,77,0,0.01,0,0,87,0,0,0,0,0,0,0,0,0,0,0,0,0,0,0,0,0,0,0,0,0,0,0.01,0.01,0.01,0.01,0,0,77,87,1,1,0,0,0,0,0,0,0,0,0,0,0,0,0,0,0,0,0,0,0,0,0,0,0,0,0,0,0,0,0,0,0
2785,293.15,35,0,293.15,24.5,6.125,293.15,0.5,0,293.15,0.55,0,293.15,0.6,0,350.15,0.5,0,360.15,0.5,0,0,0,-0,0,0,0,0,0,0,0,0,0,0,0,0,0,0,-0,0,0,0,0,0.5,0,0,20,0,0,0,0.35,0,0,20,0.25,0,0,0,0,20,0,0.01,0,0,0,0,20,0,0.01,0,0,0,0,0,0.01,20,0,0,0,0,0,0,0,0.01,77,0,0,0,0,0,0.01,87,0,0,0,0,0,0,0,0,0,0,0,0,0,0,0,0,0,1,1,2785,1,0,0,0,0,0,0,0,0,0,0,0,0,0,0,0,0,0,0,0,0.25,0.01,0,0,0,0.01,0,0,0,0,0,0,0,0,0.01,20,0,0,0.01,0,0,77,0,0.01,0,0,87,0,0,0,0,0,0,0,0,0,0,0,0,0,0,0,0,0,0,0,0,0,0,0.01,0.01,0.01,0.01,0,0,77,87,1,1,0,0,0,0,0,0,0,0,0,0,0,0,0,0,0,0,0,0,0,0,0,0,0,0,0,0,0,0,0,0,0
2790,293.15,35,0,293.15,24.5,6.125,293.15,0.5,0,293.15,0.55,0,293.15,0.6,0,350.15,0.5,0,360.15,0.5,0,0,0,-0,0,0,0,0,0,0,0,0,0,0,0,0,0,0,-0,0,0,0,0,0.5,0,0,20,0,0,0,0.35,0,0,20,0.25,0,0,0,0,20,0,0.01,0,0,0,0,20,0,0.01,0,0,0,0,0,0.01,20,0,0,0,0,0,0,0,0.01,77,0,0,0,0,0,0.01,87,0,0,0,0,0,0,0,0,0,0,0,0,0,0,0,0,0,1,1,2790,1,0,0,0,0,0,0,0,0,0,0,0,0,0,0,0,0,0,0,0,0.25,0.01,0,0,0,0.01,0,0,0,0,0,0,0,0,0.01,20,0,0,0.01,0,0,77,0,0.01,0,0,87,0,0,0,0,0,0,0,0,0,0,0,0,0,0,0,0,0,0,0,0,0,0,0.01,0.01,0.01,0.01,0,0,77,87,1,1,0,0,0,0,0,0,0,0,0,0,0,0,0,0,0,0,0,0,0,0,0,0,0,0,0,0,0,0,0,0,0
2795,293.15,35,0,293.15,24.5,6.125,293.15,0.5,0,293.15,0.55,0,293.15,0.6,0,350.15,0.5,0,360.15,0.5,0,0,0,-0,0,0,0,0,0,0,0,0,0,0,0,0,0,0,-0,0,0,0,0,0.5,0,0,20,0,0,0,0.35,0,0,20,0.25,0,0,0,0,20,0,0.01,0,0,0,0,20,0,0.01,0,0,0,0,0,0.01,20,0,0,0,0,0,0,0,0.01,77,0,0,0,0,0,0.01,87,0,0,0,0,0,0,0,0,0,0,0,0,0,0,0,0,0,1,1,2795,1,0,0,0,0,0,0,0,0,0,0,0,0,0,0,0,0,0,0,0,0.25,0.01,0,0,0,0.01,0,0,0,0,0,0,0,0,0.01,20,0,0,0.01,0,0,77,0,0.01,0,0,87,0,0,0,0,0,0,0,0,0,0,0,0,0,0,0,0,0,0,0,0,0,0,0.01,0.01,0.01,0.01,0,0,77,87,1,1,0,0,0,0,0,0,0,0,0,0,0,0,0,0,0,0,0,0,0,0,0,0,0,0,0,0,0,0,0,0,0
2800,293.15,35,0,293.15,24.5,6.125,293.15,0.5,0,293.15,0.55,0,293.15,0.6,0,350.15,0.5,0,360.15,0.5,0,0,0,-0,0,0,0,0,0,0,0,0,0,0,0,0,0,0,-0,0,0,0,0,0.5,0,0,20,0,0,0,0.35,0,0,20,0.25,0,0,0,0,20,0,0.01,0,0,0,0,20,0,0.01,0,0,0,0,0,0.01,20,0,0,0,0,0,0,0,0.01,77,0,0,0,0,0,0.01,87,0,0,0,0,0,0,0,0,0,0,0,0,0,0,0,0,0,1,1,2800,1,0,0,0,0,0,0,0,0,0,0,0,0,0,0,0,0,0,0,0,0.25,0.01,0,0,0,0.01,0,0,0,0,0,0,0,0,0.01,20,0,0,0.01,0,0,77,0,0.01,0,0,87,0,0,0,0,0,0,0,0,0,0,0,0,0,0,0,0,0,0,0,0,0,0,0.01,0.01,0.01,0.01,0,0,77,87,1,1,0,0,0,0,0,0,0,0,0,0,0,0,0,0,0,0,0,0,0,0,0,0,0,0,0,0,0,0,0,0,0
2805,293.15,35,0,293.15,24.5,6.125,293.15,0.5,0,293.15,0.55,0,293.15,0.6,0,350.15,0.5,0,360.15,0.5,0,0,0,-0,0,0,0,0,0,0,0,0,0,0,0,0,0,0,-0,0,0,0,0,0.5,0,0,20,0,0,0,0.35,0,0,20,0.25,0,0,0,0,20,0,0.01,0,0,0,0,20,0,0.01,0,0,0,0,0,0.01,20,0,0,0,0,0,0,0,0.01,77,0,0,0,0,0,0.01,87,0,0,0,0,0,0,0,0,0,0,0,0,0,0,0,0,0,1,1,2805,1,0,0,0,0,0,0,0,0,0,0,0,0,0,0,0,0,0,0,0,0.25,0.01,0,0,0,0.01,0,0,0,0,0,0,0,0,0.01,20,0,0,0.01,0,0,77,0,0.01,0,0,87,0,0,0,0,0,0,0,0,0,0,0,0,0,0,0,0,0,0,0,0,0,0,0.01,0.01,0.01,0.01,0,0,77,87,1,1,0,0,0,0,0,0,0,0,0,0,0,0,0,0,0,0,0,0,0,0,0,0,0,0,0,0,0,0,0,0,0
2810,293.15,35,0,293.15,24.5,6.125,293.15,0.5,0,293.15,0.55,0,293.15,0.6,0,350.15,0.5,0,360.15,0.5,0,0,0,-0,0,0,0,0,0,0,0,0,0,0,0,0,0,0,-0,0,0,0,0,0.5,0,0,20,0,0,0,0.35,0,0,20,0.25,0,0,0,0,20,0,0.01,0,0,0,0,20,0,0.01,0,0,0,0,0,0.01,20,0,0,0,0,0,0,0,0.01,77,0,0,0,0,0,0.01,87,0,0,0,0,0,0,0,0,0,0,0,0,0,0,0,0,0,1,1,2810,1,0,0,0,0,0,0,0,0,0,0,0,0,0,0,0,0,0,0,0,0.25,0.01,0,0,0,0.01,0,0,0,0,0,0,0,0,0.01,20,0,0,0.01,0,0,77,0,0.01,0,0,87,0,0,0,0,0,0,0,0,0,0,0,0,0,0,0,0,0,0,0,0,0,0,0.01,0.01,0.01,0.01,0,0,77,87,1,1,0,0,0,0,0,0,0,0,0,0,0,0,0,0,0,0,0,0,0,0,0,0,0,0,0,0,0,0,0,0,0
2815,293.15,35,0,293.15,24.5,6.125,293.15,0.5,0,293.15,0.55,0,293.15,0.6,0,350.15,0.5,0,360.15,0.5,0,0,0,-0,0,0,0,0,0,0,0,0,0,0,0,0,0,0,-0,0,0,0,0,0.5,0,0,20,0,0,0,0.35,0,0,20,0.25,0,0,0,0,20,0,0.01,0,0,0,0,20,0,0.01,0,0,0,0,0,0.01,20,0,0,0,0,0,0,0,0.01,77,0,0,0,0,0,0.01,87,0,0,0,0,0,0,0,0,0,0,0,0,0,0,0,0,0,1,1,2815,1,0,0,0,0,0,0,0,0,0,0,0,0,0,0,0,0,0,0,0,0.25,0.01,0,0,0,0.01,0,0,0,0,0,0,0,0,0.01,20,0,0,0.01,0,0,77,0,0.01,0,0,87,0,0,0,0,0,0,0,0,0,0,0,0,0,0,0,0,0,0,0,0,0,0,0.01,0.01,0.01,0.01,0,0,77,87,1,1,0,0,0,0,0,0,0,0,0,0,0,0,0,0,0,0,0,0,0,0,0,0,0,0,0,0,0,0,0,0,0
2820,293.15,35,0,293.15,24.5,6.125,293.15,0.5,0,293.15,0.55,0,293.15,0.6,0,350.15,0.5,0,360.15,0.5,0,0,0,-0,0,0,0,0,0,0,0,0,0,0,0,0,0,0,-0,0,0,0,0,0.5,0,0,20,0,0,0,0.35,0,0,20,0.25,0,0,0,0,20,0,0.01,0,0,0,0,20,0,0.01,0,0,0,0,0,0.01,20,0,0,0,0,0,0,0,0.01,77,0,0,0,0,0,0.01,87,0,0,0,0,0,0,0,0,0,0,0,0,0,0,0,0,0,1,1,2820,1,0,0,0,0,0,0,0,0,0,0,0,0,0,0,0,0,0,0,0,0.25,0.01,0,0,0,0.01,0,0,0,0,0,0,0,0,0.01,20,0,0,0.01,0,0,77,0,0.01,0,0,87,0,0,0,0,0,0,0,0,0,0,0,0,0,0,0,0,0,0,0,0,0,0,0.01,0.01,0.01,0.01,0,0,77,87,1,1,0,0,0,0,0,0,0,0,0,0,0,0,0,0,0,0,0,0,0,0,0,0,0,0,0,0,0,0,0,0,0
2825,293.15,35,0,293.15,24.5,6.125,293.15,0.5,0,293.15,0.55,0,293.15,0.6,0,350.15,0.5,0,360.15,0.5,0,0,0,-0,0,0,0,0,0,0,0,0,0,0,0,0,0,0,-0,0,0,0,0,0.5,0,0,20,0,0,0,0.35,0,0,20,0.25,0,0,0,0,20,0,0.01,0,0,0,0,20,0,0.01,0,0,0,0,0,0.01,20,0,0,0,0,0,0,0,0.01,77,0,0,0,0,0,0.01,87,0,0,0,0,0,0,0,0,0,0,0,0,0,0,0,0,0,1,1,2825,1,0,0,0,0,0,0,0,0,0,0,0,0,0,0,0,0,0,0,0,0.25,0.01,0,0,0,0.01,0,0,0,0,0,0,0,0,0.01,20,0,0,0.01,0,0,77,0,0.01,0,0,87,0,0,0,0,0,0,0,0,0,0,0,0,0,0,0,0,0,0,0,0,0,0,0.01,0.01,0.01,0.01,0,0,77,87,1,1,0,0,0,0,0,0,0,0,0,0,0,0,0,0,0,0,0,0,0,0,0,0,0,0,0,0,0,0,0,0,0
2830,293.15,35,0,293.15,24.5,6.125,293.15,0.5,0,293.15,0.55,0,293.15,0.6,0,350.15,0.5,0,360.15,0.5,0,0,0,-0,0,0,0,0,0,0,0,0,0,0,0,0,0,0,-0,0,0,0,0,0.5,0,0,20,0,0,0,0.35,0,0,20,0.25,0,0,0,0,20,0,0.01,0,0,0,0,20,0,0.01,0,0,0,0,0,0.01,20,0,0,0,0,0,0,0,0.01,77,0,0,0,0,0,0.01,87,0,0,0,0,0,0,0,0,0,0,0,0,0,0,0,0,0,1,1,2830,1,0,0,0,0,0,0,0,0,0,0,0,0,0,0,0,0,0,0,0,0.25,0.01,0,0,0,0.01,0,0,0,0,0,0,0,0,0.01,20,0,0,0.01,0,0,77,0,0.01,0,0,87,0,0,0,0,0,0,0,0,0,0,0,0,0,0,0,0,0,0,0,0,0,0,0.01,0.01,0.01,0.01,0,0,77,87,1,1,0,0,0,0,0,0,0,0,0,0,0,0,0,0,0,0,0,0,0,0,0,0,0,0,0,0,0,0,0,0,0
2835,293.15,35,0,293.15,24.5,6.125,293.15,0.5,0,293.15,0.55,0,293.15,0.6,0,350.15,0.5,0,360.15,0.5,0,0,0,-0,0,0,0,0,0,0,0,0,0,0,0,0,0,0,-0,0,0,0,0,0.5,0,0,20,0,0,0,0.35,0,0,20,0.25,0,0,0,0,20,0,0.01,0,0,0,0,20,0,0.01,0,0,0,0,0,0.01,20,0,0,0,0,0,0,0,0.01,77,0,0,0,0,0,0.01,87,0,0,0,0,0,0,0,0,0,0,0,0,0,0,0,0,0,1,1,2835,1,0,0,0,0,0,0,0,0,0,0,0,0,0,0,0,0,0,0,0,0.25,0.01,0,0,0,0.01,0,0,0,0,0,0,0,0,0.01,20,0,0,0.01,0,0,77,0,0.01,0,0,87,0,0,0,0,0,0,0,0,0,0,0,0,0,0,0,0,0,0,0,0,0,0,0.01,0.01,0.01,0.01,0,0,77,87,1,1,0,0,0,0,0,0,0,0,0,0,0,0,0,0,0,0,0,0,0,0,0,0,0,0,0,0,0,0,0,0,0
2840,293.15,35,0,293.15,24.5,6.125,293.15,0.5,0,293.15,0.55,0,293.15,0.6,0,350.15,0.5,0,360.15,0.5,0,0,0,-0,0,0,0,0,0,0,0,0,0,0,0,0,0,0,-0,0,0,0,0,0.5,0,0,20,0,0,0,0.35,0,0,20,0.25,0,0,0,0,20,0,0.01,0,0,0,0,20,0,0.01,0,0,0,0,0,0.01,20,0,0,0,0,0,0,0,0.01,77,0,0,0,0,0,0.01,87,0,0,0,0,0,0,0,0,0,0,0,0,0,0,0,0,0,1,1,2840,1,0,0,0,0,0,0,0,0,0,0,0,0,0,0,0,0,0,0,0,0.25,0.01,0,0,0,0.01,0,0,0,0,0,0,0,0,0.01,20,0,0,0.01,0,0,77,0,0.01,0,0,87,0,0,0,0,0,0,0,0,0,0,0,0,0,0,0,0,0,0,0,0,0,0,0.01,0.01,0.01,0.01,0,0,77,87,1,1,0,0,0,0,0,0,0,0,0,0,0,0,0,0,0,0,0,0,0,0,0,0,0,0,0,0,0,0,0,0,0
2845,293.15,35,0,293.15,24.5,6.125,293.15,0.5,0,293.15,0.55,0,293.15,0.6,0,350.15,0.5,0,360.15,0.5,0,0,0,-0,0,0,0,0,0,0,0,0,0,0,0,0,0,0,-0,0,0,0,0,0.5,0,0,20,0,0,0,0.35,0,0,20,0.25,0,0,0,0,20,0,0.01,0,0,0,0,20,0,0.01,0,0,0,0,0,0.01,20,0,0,0,0,0,0,0,0.01,77,0,0,0,0,0,0.01,87,0,0,0,0,0,0,0,0,0,0,0,0,0,0,0,0,0,1,1,2845,1,0,0,0,0,0,0,0,0,0,0,0,0,0,0,0,0,0,0,0,0.25,0.01,0,0,0,0.01,0,0,0,0,0,0,0,0,0.01,20,0,0,0.01,0,0,77,0,0.01,0,0,87,0,0,0,0,0,0,0,0,0,0,0,0,0,0,0,0,0,0,0,0,0,0,0.01,0.01,0.01,0.01,0,0,77,87,1,1,0,0,0,0,0,0,0,0,0,0,0,0,0,0,0,0,0,0,0,0,0,0,0,0,0,0,0,0,0,0,0
2850,293.15,35,0,293.15,24.5,6.125,293.15,0.5,0,293.15,0.55,0,293.15,0.6,0,350.15,0.5,0,360.15,0.5,0,0,0,-0,0,0,0,0,0,0,0,0,0,0,0,0,0,0,-0,0,0,0,0,0.5,0,0,20,0,0,0,0.35,0,0,20,0.25,0,0,0,0,20,0,0.01,0,0,0,0,20,0,0.01,0,0,0,0,0,0.01,20,0,0,0,0,0,0,0,0.01,77,0,0,0,0,0,0.01,87,0,0,0,0,0,0,0,0,0,0,0,0,0,0,0,0,0,1,1,2850,1,0,0,0,0,0,0,0,0,0,0,0,0,0,0,0,0,0,0,0,0.25,0.01,0,0,0,0.01,0,0,0,0,0,0,0,0,0.01,20,0,0,0.01,0,0,77,0,0.01,0,0,87,0,0,0,0,0,0,0,0,0,0,0,0,0,0,0,0,0,0,0,0,0,0,0.01,0.01,0.01,0.01,0,0,77,87,1,1,0,0,0,0,0,0,0,0,0,0,0,0,0,0,0,0,0,0,0,0,0,0,0,0,0,0,0,0,0,0,0
2855,293.15,35,0,293.15,24.5,6.125,293.15,0.5,0,293.15,0.55,0,293.15,0.6,0,350.15,0.5,0,360.15,0.5,0,0,0,-0,0,0,0,0,0,0,0,0,0,0,0,0,0,0,-0,0,0,0,0,0.5,0,0,20,0,0,0,0.35,0,0,20,0.25,0,0,0,0,20,0,0.01,0,0,0,0,20,0,0.01,0,0,0,0,0,0.01,20,0,0,0,0,0,0,0,0.01,77,0,0,0,0,0,0.01,87,0,0,0,0,0,0,0,0,0,0,0,0,0,0,0,0,0,1,1,2855,1,0,0,0,0,0,0,0,0,0,0,0,0,0,0,0,0,0,0,0,0.25,0.01,0,0,0,0.01,0,0,0,0,0,0,0,0,0.01,20,0,0,0.01,0,0,77,0,0.01,0,0,87,0,0,0,0,0,0,0,0,0,0,0,0,0,0,0,0,0,0,0,0,0,0,0.01,0.01,0.01,0.01,0,0,77,87,1,1,0,0,0,0,0,0,0,0,0,0,0,0,0,0,0,0,0,0,0,0,0,0,0,0,0,0,0,0,0,0,0
2860,293.15,35,0,293.15,24.5,6.125,293.15,0.5,0,293.15,0.55,0,293.15,0.6,0,350.15,0.5,0,360.15,0.5,0,0,0,-0,0,0,0,0,0,0,0,0,0,0,0,0,0,0,-0,0,0,0,0,0.5,0,0,20,0,0,0,0.35,0,0,20,0.25,0,0,0,0,20,0,0.01,0,0,0,0,20,0,0.01,0,0,0,0,0,0.01,20,0,0,0,0,0,0,0,0.01,77,0,0,0,0,0,0.01,87,0,0,0,0,0,0,0,0,0,0,0,0,0,0,0,0,0,1,1,2860,1,0,0,0,0,0,0,0,0,0,0,0,0,0,0,0,0,0,0,0,0.25,0.01,0,0,0,0.01,0,0,0,0,0,0,0,0,0.01,20,0,0,0.01,0,0,77,0,0.01,0,0,87,0,0,0,0,0,0,0,0,0,0,0,0,0,0,0,0,0,0,0,0,0,0,0.01,0.01,0.01,0.01,0,0,77,87,1,1,0,0,0,0,0,0,0,0,0,0,0,0,0,0,0,0,0,0,0,0,0,0,0,0,0,0,0,0,0,0,0
2865,293.15,35,0,293.15,24.5,6.125,293.15,0.5,0,293.15,0.55,0,293.15,0.6,0,350.15,0.5,0,360.15,0.5,0,0,0,-0,0,0,0,0,0,0,0,0,0,0,0,0,0,0,-0,0,0,0,0,0.5,0,0,20,0,0,0,0.35,0,0,20,0.25,0,0,0,0,20,0,0.01,0,0,0,0,20,0,0.01,0,0,0,0,0,0.01,20,0,0,0,0,0,0,0,0.01,77,0,0,0,0,0,0.01,87,0,0,0,0,0,0,0,0,0,0,0,0,0,0,0,0,0,1,1,2865,1,0,0,0,0,0,0,0,0,0,0,0,0,0,0,0,0,0,0,0,0.25,0.01,0,0,0,0.01,0,0,0,0,0,0,0,0,0.01,20,0,0,0.01,0,0,77,0,0.01,0,0,87,0,0,0,0,0,0,0,0,0,0,0,0,0,0,0,0,0,0,0,0,0,0,0.01,0.01,0.01,0.01,0,0,77,87,1,1,0,0,0,0,0,0,0,0,0,0,0,0,0,0,0,0,0,0,0,0,0,0,0,0,0,0,0,0,0,0,0
2870,293.15,35,0,293.15,24.5,6.125,293.15,0.5,0,293.15,0.55,0,293.15,0.6,0,350.15,0.5,0,360.15,0.5,0,0,0,-0,0,0,0,0,0,0,0,0,0,0,0,0,0,0,-0,0,0,0,0,0.5,0,0,20,0,0,0,0.35,0,0,20,0.25,0,0,0,0,20,0,0.01,0,0,0,0,20,0,0.01,0,0,0,0,0,0.01,20,0,0,0,0,0,0,0,0.01,77,0,0,0,0,0,0.01,87,0,0,0,0,0,0,0,0,0,0,0,0,0,0,0,0,0,1,1,2870,1,0,0,0,0,0,0,0,0,0,0,0,0,0,0,0,0,0,0,0,0.25,0.01,0,0,0,0.01,0,0,0,0,0,0,0,0,0.01,20,0,0,0.01,0,0,77,0,0.01,0,0,87,0,0,0,0,0,0,0,0,0,0,0,0,0,0,0,0,0,0,0,0,0,0,0.01,0.01,0.01,0.01,0,0,77,87,1,1,0,0,0,0,0,0,0,0,0,0,0,0,0,0,0,0,0,0,0,0,0,0,0,0,0,0,0,0,0,0,0
2875,293.15,35,0,293.15,24.5,6.125,293.15,0.5,0,293.15,0.55,0,293.15,0.6,0,350.15,0.5,0,360.15,0.5,0,0,0,-0,0,0,0,0,0,0,0,0,0,0,0,0,0,0,-0,0,0,0,0,0.5,0,0,20,0,0,0,0.35,0,0,20,0.25,0,0,0,0,20,0,0.01,0,0,0,0,20,0,0.01,0,0,0,0,0,0.01,20,0,0,0,0,0,0,0,0.01,77,0,0,0,0,0,0.01,87,0,0,0,0,0,0,0,0,0,0,0,0,0,0,0,0,0,1,1,2875,1,0,0,0,0,0,0,0,0,0,0,0,0,0,0,0,0,0,0,0,0.25,0.01,0,0,0,0.01,0,0,0,0,0,0,0,0,0.01,20,0,0,0.01,0,0,77,0,0.01,0,0,87,0,0,0,0,0,0,0,0,0,0,0,0,0,0,0,0,0,0,0,0,0,0,0.01,0.01,0.01,0.01,0,0,77,87,1,1,0,0,0,0,0,0,0,0,0,0,0,0,0,0,0,0,0,0,0,0,0,0,0,0,0,0,0,0,0,0,0
2880,293.15,35,0,293.15,24.5,6.125,293.15,0.5,0,293.15,0.55,0,293.15,0.6,0,350.15,0.5,0,360.15,0.5,0,0,0,-0,0,0,0,0,0,0,0,0,0,0,0,0,0,0,-0,0,0,0,0,0.5,0,0,20,0,0,0,0.35,0,0,20,0.25,0,0,0,0,20,0,0.01,0,0,0,0,20,0,0.01,0,0,0,0,0,0.01,20,0,0,0,0,0,0,0,0.01,77,0,0,0,0,0,0.01,87,0,0,0,0,0,0,0,0,0,0,0,0,0,0,0,0,0,1,1,2880,1,0,0,0,0,0,0,0,0,0,0,0,0,0,0,0,0,0,0,0,0.25,0.01,0,0,0,0.01,0,0,0,0,0,0,0,0,0.01,20,0,0,0.01,0,0,77,0,0.01,0,0,87,0,0,0,0,0,0,0,0,0,0,0,0,0,0,0,0,0,0,0,0,0,0,0.01,0.01,0.01,0.01,0,0,77,87,1,1,0,0,0,0,0,0,0,0,0,0,0,0,0,0,0,0,0,0,0,0,0,0,0,0,0,0,0,0,0,0,0
2885,293.15,35,0,293.15,24.5,6.125,293.15,0.5,0,293.15,0.55,0,293.15,0.6,0,350.15,0.5,0,360.15,0.5,0,0,0,-0,0,0,0,0,0,0,0,0,0,0,0,0,0,0,-0,0,0,0,0,0.5,0,0,20,0,0,0,0.35,0,0,20,0.25,0,0,0,0,20,0,0.01,0,0,0,0,20,0,0.01,0,0,0,0,0,0.01,20,0,0,0,0,0,0,0,0.01,77,0,0,0,0,0,0.01,87,0,0,0,0,0,0,0,0,0,0,0,0,0,0,0,0,0,1,1,2885,1,0,0,0,0,0,0,0,0,0,0,0,0,0,0,0,0,0,0,0,0.25,0.01,0,0,0,0.01,0,0,0,0,0,0,0,0,0.01,20,0,0,0.01,0,0,77,0,0.01,0,0,87,0,0,0,0,0,0,0,0,0,0,0,0,0,0,0,0,0,0,0,0,0,0,0.01,0.01,0.01,0.01,0,0,77,87,1,1,0,0,0,0,0,0,0,0,0,0,0,0,0,0,0,0,0,0,0,0,0,0,0,0,0,0,0,0,0,0,0
2890,293.15,35,0,293.15,24.5,6.125,293.15,0.5,0,293.15,0.55,0,293.15,0.6,0,350.15,0.5,0,360.15,0.5,0,0,0,-0,0,0,0,0,0,0,0,0,0,0,0,0,0,0,-0,0,0,0,0,0.5,0,0,20,0,0,0,0.35,0,0,20,0.25,0,0,0,0,20,0,0.01,0,0,0,0,20,0,0.01,0,0,0,0,0,0.01,20,0,0,0,0,0,0,0,0.01,77,0,0,0,0,0,0.01,87,0,0,0,0,0,0,0,0,0,0,0,0,0,0,0,0,0,1,1,2890,1,0,0,0,0,0,0,0,0,0,0,0,0,0,0,0,0,0,0,0,0.25,0.01,0,0,0,0.01,0,0,0,0,0,0,0,0,0.01,20,0,0,0.01,0,0,77,0,0.01,0,0,87,0,0,0,0,0,0,0,0,0,0,0,0,0,0,0,0,0,0,0,0,0,0,0.01,0.01,0.01,0.01,0,0,77,87,1,1,0,0,0,0,0,0,0,0,0,0,0,0,0,0,0,0,0,0,0,0,0,0,0,0,0,0,0,0,0,0,0
2895,293.15,35,0,293.15,24.5,6.125,293.15,0.5,0,293.15,0.55,0,293.15,0.6,0,350.15,0.5,0,360.15,0.5,0,0,0,-0,0,0,0,0,0,0,0,0,0,0,0,0,0,0,-0,0,0,0,0,0.5,0,0,20,0,0,0,0.35,0,0,20,0.25,0,0,0,0,20,0,0.01,0,0,0,0,20,0,0.01,0,0,0,0,0,0.01,20,0,0,0,0,0,0,0,0.01,77,0,0,0,0,0,0.01,87,0,0,0,0,0,0,0,0,0,0,0,0,0,0,0,0,0,1,1,2895,1,0,0,0,0,0,0,0,0,0,0,0,0,0,0,0,0,0,0,0,0.25,0.01,0,0,0,0.01,0,0,0,0,0,0,0,0,0.01,20,0,0,0.01,0,0,77,0,0.01,0,0,87,0,0,0,0,0,0,0,0,0,0,0,0,0,0,0,0,0,0,0,0,0,0,0.01,0.01,0.01,0.01,0,0,77,87,1,1,0,0,0,0,0,0,0,0,0,0,0,0,0,0,0,0,0,0,0,0,0,0,0,0,0,0,0,0,0,0,0
2900,293.15,35,0,293.15,24.5,6.125,293.15,0.5,0,293.15,0.55,0,293.15,0.6,0,350.15,0.5,0,360.15,0.5,0,0,0,-0,0,0,0,0,0,0,0,0,0,0,0,0,0,0,-0,0,0,0,0,0.5,0,0,20,0,0,0,0.35,0,0,20,0.25,0,0,0,0,20,0,0.01,0,0,0,0,20,0,0.01,0,0,0,0,0,0.01,20,0,0,0,0,0,0,0,0.01,77,0,0,0,0,0,0.01,87,0,0,0,0,0,0,0,0,0,0,0,0,0,0,0,0,0,1,1,2900,1,0,0,0,0,0,0,0,0,0,0,0,0,0,0,0,0,0,0,0,0.25,0.01,0,0,0,0.01,0,0,0,0,0,0,0,0,0.01,20,0,0,0.01,0,0,77,0,0.01,0,0,87,0,0,0,0,0,0,0,0,0,0,0,0,0,0,0,0,0,0,0,0,0,0,0.01,0.01,0.01,0.01,0,0,77,87,1,1,0,0,0,0,0,0,0,0,0,0,0,0,0,0,0,0,0,0,0,0,0,0,0,0,0,0,0,0,0,0,0
2905,293.15,35,0,293.15,24.5,6.125,293.15,0.5,0,293.15,0.55,0,293.15,0.6,0,350.15,0.5,0,360.15,0.5,0,0,0,-0,0,0,0,0,0,0,0,0,0,0,0,0,0,0,-0,0,0,0,0,0.5,0,0,20,0,0,0,0.35,0,0,20,0.25,0,0,0,0,20,0,0.01,0,0,0,0,20,0,0.01,0,0,0,0,0,0.01,20,0,0,0,0,0,0,0,0.01,77,0,0,0,0,0,0.01,87,0,0,0,0,0,0,0,0,0,0,0,0,0,0,0,0,0,1,1,2905,1,0,0,0,0,0,0,0,0,0,0,0,0,0,0,0,0,0,0,0,0.25,0.01,0,0,0,0.01,0,0,0,0,0,0,0,0,0.01,20,0,0,0.01,0,0,77,0,0.01,0,0,87,0,0,0,0,0,0,0,0,0,0,0,0,0,0,0,0,0,0,0,0,0,0,0.01,0.01,0.01,0.01,0,0,77,87,1,1,0,0,0,0,0,0,0,0,0,0,0,0,0,0,0,0,0,0,0,0,0,0,0,0,0,0,0,0,0,0,0
2910,293.15,35,0,293.15,24.5,6.125,293.15,0.5,0,293.15,0.55,0,293.15,0.6,0,350.15,0.5,0,360.15,0.5,0,0,0,-0,0,0,0,0,0,0,0,0,0,0,0,0,0,0,-0,0,0,0,0,0.5,0,0,20,0,0,0,0.35,0,0,20,0.25,0,0,0,0,20,0,0.01,0,0,0,0,20,0,0.01,0,0,0,0,0,0.01,20,0,0,0,0,0,0,0,0.01,77,0,0,0,0,0,0.01,87,0,0,0,0,0,0,0,0,0,0,0,0,0,0,0,0,0,1,1,2910,1,0,0,0,0,0,0,0,0,0,0,0,0,0,0,0,0,0,0,0,0.25,0.01,0,0,0,0.01,0,0,0,0,0,0,0,0,0.01,20,0,0,0.01,0,0,77,0,0.01,0,0,87,0,0,0,0,0,0,0,0,0,0,0,0,0,0,0,0,0,0,0,0,0,0,0.01,0.01,0.01,0.01,0,0,77,87,1,1,0,0,0,0,0,0,0,0,0,0,0,0,0,0,0,0,0,0,0,0,0,0,0,0,0,0,0,0,0,0,0
2915,293.15,35,0,293.15,24.5,6.125,293.15,0.5,0,293.15,0.55,0,293.15,0.6,0,350.15,0.5,0,360.15,0.5,0,0,0,-0,0,0,0,0,0,0,0,0,0,0,0,0,0,0,-0,0,0,0,0,0.5,0,0,20,0,0,0,0.35,0,0,20,0.25,0,0,0,0,20,0,0.01,0,0,0,0,20,0,0.01,0,0,0,0,0,0.01,20,0,0,0,0,0,0,0,0.01,77,0,0,0,0,0,0.01,87,0,0,0,0,0,0,0,0,0,0,0,0,0,0,0,0,0,1,1,2915,1,0,0,0,0,0,0,0,0,0,0,0,0,0,0,0,0,0,0,0,0.25,0.01,0,0,0,0.01,0,0,0,0,0,0,0,0,0.01,20,0,0,0.01,0,0,77,0,0.01,0,0,87,0,0,0,0,0,0,0,0,0,0,0,0,0,0,0,0,0,0,0,0,0,0,0.01,0.01,0.01,0.01,0,0,77,87,1,1,0,0,0,0,0,0,0,0,0,0,0,0,0,0,0,0,0,0,0,0,0,0,0,0,0,0,0,0,0,0,0
2920,293.15,35,0,293.15,24.5,6.125,293.15,0.5,0,293.15,0.55,0,293.15,0.6,0,350.15,0.5,0,360.15,0.5,0,0,0,-0,0,0,0,0,0,0,0,0,0,0,0,0,0,0,-0,0,0,0,0,0.5,0,0,20,0,0,0,0.35,0,0,20,0.25,0,0,0,0,20,0,0.01,0,0,0,0,20,0,0.01,0,0,0,0,0,0.01,20,0,0,0,0,0,0,0,0.01,77,0,0,0,0,0,0.01,87,0,0,0,0,0,0,0,0,0,0,0,0,0,0,0,0,0,1,1,2920,1,0,0,0,0,0,0,0,0,0,0,0,0,0,0,0,0,0,0,0,0.25,0.01,0,0,0,0.01,0,0,0,0,0,0,0,0,0.01,20,0,0,0.01,0,0,77,0,0.01,0,0,87,0,0,0,0,0,0,0,0,0,0,0,0,0,0,0,0,0,0,0,0,0,0,0.01,0.01,0.01,0.01,0,0,77,87,1,1,0,0,0,0,0,0,0,0,0,0,0,0,0,0,0,0,0,0,0,0,0,0,0,0,0,0,0,0,0,0,0
2925,293.15,35,0,293.15,24.5,6.125,293.15,0.5,0,293.15,0.55,0,293.15,0.6,0,350.15,0.5,0,360.15,0.5,0,0,0,-0,0,0,0,0,0,0,0,0,0,0,0,0,0,0,-0,0,0,0,0,0.5,0,0,20,0,0,0,0.35,0,0,20,0.25,0,0,0,0,20,0,0.01,0,0,0,0,20,0,0.01,0,0,0,0,0,0.01,20,0,0,0,0,0,0,0,0.01,77,0,0,0,0,0,0.01,87,0,0,0,0,0,0,0,0,0,0,0,0,0,0,0,0,0,1,1,2925,1,0,0,0,0,0,0,0,0,0,0,0,0,0,0,0,0,0,0,0,0.25,0.01,0,0,0,0.01,0,0,0,0,0,0,0,0,0.01,20,0,0,0.01,0,0,77,0,0.01,0,0,87,0,0,0,0,0,0,0,0,0,0,0,0,0,0,0,0,0,0,0,0,0,0,0.01,0.01,0.01,0.01,0,0,77,87,1,1,0,0,0,0,0,0,0,0,0,0,0,0,0,0,0,0,0,0,0,0,0,0,0,0,0,0,0,0,0,0,0
2930,293.15,35,0,293.15,24.5,6.125,293.15,0.5,0,293.15,0.55,0,293.15,0.6,0,350.15,0.5,0,360.15,0.5,0,0,0,-0,0,0,0,0,0,0,0,0,0,0,0,0,0,0,-0,0,0,0,0,0.5,0,0,20,0,0,0,0.35,0,0,20,0.25,0,0,0,0,20,0,0.01,0,0,0,0,20,0,0.01,0,0,0,0,0,0.01,20,0,0,0,0,0,0,0,0.01,77,0,0,0,0,0,0.01,87,0,0,0,0,0,0,0,0,0,0,0,0,0,0,0,0,0,1,1,2930,1,0,0,0,0,0,0,0,0,0,0,0,0,0,0,0,0,0,0,0,0.25,0.01,0,0,0,0.01,0,0,0,0,0,0,0,0,0.01,20,0,0,0.01,0,0,77,0,0.01,0,0,87,0,0,0,0,0,0,0,0,0,0,0,0,0,0,0,0,0,0,0,0,0,0,0.01,0.01,0.01,0.01,0,0,77,87,1,1,0,0,0,0,0,0,0,0,0,0,0,0,0,0,0,0,0,0,0,0,0,0,0,0,0,0,0,0,0,0,0
2935,293.15,35,0,293.15,24.5,6.125,293.15,0.5,0,293.15,0.55,0,293.15,0.6,0,350.15,0.5,0,360.15,0.5,0,0,0,-0,0,0,0,0,0,0,0,0,0,0,0,0,0,0,-0,0,0,0,0,0.5,0,0,20,0,0,0,0.35,0,0,20,0.25,0,0,0,0,20,0,0.01,0,0,0,0,20,0,0.01,0,0,0,0,0,0.01,20,0,0,0,0,0,0,0,0.01,77,0,0,0,0,0,0.01,87,0,0,0,0,0,0,0,0,0,0,0,0,0,0,0,0,0,1,1,2935,1,0,0,0,0,0,0,0,0,0,0,0,0,0,0,0,0,0,0,0,0.25,0.01,0,0,0,0.01,0,0,0,0,0,0,0,0,0.01,20,0,0,0.01,0,0,77,0,0.01,0,0,87,0,0,0,0,0,0,0,0,0,0,0,0,0,0,0,0,0,0,0,0,0,0,0.01,0.01,0.01,0.01,0,0,77,87,1,1,0,0,0,0,0,0,0,0,0,0,0,0,0,0,0,0,0,0,0,0,0,0,0,0,0,0,0,0,0,0,0
2940,293.15,35,0,293.15,24.5,6.125,293.15,0.5,0,293.15,0.55,0,293.15,0.6,0,350.15,0.5,0,360.15,0.5,0,0,0,-0,0,0,0,0,0,0,0,0,0,0,0,0,0,0,-0,0,0,0,0,0.5,0,0,20,0,0,0,0.35,0,0,20,0.25,0,0,0,0,20,0,0.01,0,0,0,0,20,0,0.01,0,0,0,0,0,0.01,20,0,0,0,0,0,0,0,0.01,77,0,0,0,0,0,0.01,87,0,0,0,0,0,0,0,0,0,0,0,0,0,0,0,0,0,1,1,2940,1,0,0,0,0,0,0,0,0,0,0,0,0,0,0,0,0,0,0,0,0.25,0.01,0,0,0,0.01,0,0,0,0,0,0,0,0,0.01,20,0,0,0.01,0,0,77,0,0.01,0,0,87,0,0,0,0,0,0,0,0,0,0,0,0,0,0,0,0,0,0,0,0,0,0,0.01,0.01,0.01,0.01,0,0,77,87,1,1,0,0,0,0,0,0,0,0,0,0,0,0,0,0,0,0,0,0,0,0,0,0,0,0,0,0,0,0,0,0,0
2945,293.15,35,0,293.15,24.5,6.125,293.15,0.5,0,293.15,0.55,0,293.15,0.6,0,350.15,0.5,0,360.15,0.5,0,0,0,-0,0,0,0,0,0,0,0,0,0,0,0,0,0,0,-0,0,0,0,0,0.5,0,0,20,0,0,0,0.35,0,0,20,0.25,0,0,0,0,20,0,0.01,0,0,0,0,20,0,0.01,0,0,0,0,0,0.01,20,0,0,0,0,0,0,0,0.01,77,0,0,0,0,0,0.01,87,0,0,0,0,0,0,0,0,0,0,0,0,0,0,0,0,0,1,1,2945,1,0,0,0,0,0,0,0,0,0,0,0,0,0,0,0,0,0,0,0,0.25,0.01,0,0,0,0.01,0,0,0,0,0,0,0,0,0.01,20,0,0,0.01,0,0,77,0,0.01,0,0,87,0,0,0,0,0,0,0,0,0,0,0,0,0,0,0,0,0,0,0,0,0,0,0.01,0.01,0.01,0.01,0,0,77,87,1,1,0,0,0,0,0,0,0,0,0,0,0,0,0,0,0,0,0,0,0,0,0,0,0,0,0,0,0,0,0,0,0
2950,293.15,35,0,293.15,24.5,6.125,293.15,0.5,0,293.15,0.55,0,293.15,0.6,0,350.15,0.5,0,360.15,0.5,0,0,0,-0,0,0,0,0,0,0,0,0,0,0,0,0,0,0,-0,0,0,0,0,0.5,0,0,20,0,0,0,0.35,0,0,20,0.25,0,0,0,0,20,0,0.01,0,0,0,0,20,0,0.01,0,0,0,0,0,0.01,20,0,0,0,0,0,0,0,0.01,77,0,0,0,0,0,0.01,87,0,0,0,0,0,0,0,0,0,0,0,0,0,0,0,0,0,1,1,2950,1,0,0,0,0,0,0,0,0,0,0,0,0,0,0,0,0,0,0,0,0.25,0.01,0,0,0,0.01,0,0,0,0,0,0,0,0,0.01,20,0,0,0.01,0,0,77,0,0.01,0,0,87,0,0,0,0,0,0,0,0,0,0,0,0,0,0,0,0,0,0,0,0,0,0,0.01,0.01,0.01,0.01,0,0,77,87,1,1,0,0,0,0,0,0,0,0,0,0,0,0,0,0,0,0,0,0,0,0,0,0,0,0,0,0,0,0,0,0,0
2955,293.15,35,0,293.15,24.5,6.125,293.15,0.5,0,293.15,0.55,0,293.15,0.6,0,350.15,0.5,0,360.15,0.5,0,0,0,-0,0,0,0,0,0,0,0,0,0,0,0,0,0,0,-0,0,0,0,0,0.5,0,0,20,0,0,0,0.35,0,0,20,0.25,0,0,0,0,20,0,0.01,0,0,0,0,20,0,0.01,0,0,0,0,0,0.01,20,0,0,0,0,0,0,0,0.01,77,0,0,0,0,0,0.01,87,0,0,0,0,0,0,0,0,0,0,0,0,0,0,0,0,0,1,1,2955,1,0,0,0,0,0,0,0,0,0,0,0,0,0,0,0,0,0,0,0,0.25,0.01,0,0,0,0.01,0,0,0,0,0,0,0,0,0.01,20,0,0,0.01,0,0,77,0,0.01,0,0,87,0,0,0,0,0,0,0,0,0,0,0,0,0,0,0,0,0,0,0,0,0,0,0.01,0.01,0.01,0.01,0,0,77,87,1,1,0,0,0,0,0,0,0,0,0,0,0,0,0,0,0,0,0,0,0,0,0,0,0,0,0,0,0,0,0,0,0
2960,293.15,35,0,293.15,24.5,6.125,293.15,0.5,0,293.15,0.55,0,293.15,0.6,0,350.15,0.5,0,360.15,0.5,0,0,0,-0,0,0,0,0,0,0,0,0,0,0,0,0,0,0,-0,0,0,0,0,0.5,0,0,20,0,0,0,0.35,0,0,20,0.25,0,0,0,0,20,0,0.01,0,0,0,0,20,0,0.01,0,0,0,0,0,0.01,20,0,0,0,0,0,0,0,0.01,77,0,0,0,0,0,0.01,87,0,0,0,0,0,0,0,0,0,0,0,0,0,0,0,0,0,1,1,2960,1,0,0,0,0,0,0,0,0,0,0,0,0,0,0,0,0,0,0,0,0.25,0.01,0,0,0,0.01,0,0,0,0,0,0,0,0,0.01,20,0,0,0.01,0,0,77,0,0.01,0,0,87,0,0,0,0,0,0,0,0,0,0,0,0,0,0,0,0,0,0,0,0,0,0,0.01,0.01,0.01,0.01,0,0,77,87,1,1,0,0,0,0,0,0,0,0,0,0,0,0,0,0,0,0,0,0,0,0,0,0,0,0,0,0,0,0,0,0,0
2965,293.15,35,0,293.15,24.5,6.125,293.15,0.5,0,293.15,0.55,0,293.15,0.6,0,350.15,0.5,0,360.15,0.5,0,0,0,-0,0,0,0,0,0,0,0,0,0,0,0,0,0,0,-0,0,0,0,0,0.5,0,0,20,0,0,0,0.35,0,0,20,0.25,0,0,0,0,20,0,0.01,0,0,0,0,20,0,0.01,0,0,0,0,0,0.01,20,0,0,0,0,0,0,0,0.01,77,0,0,0,0,0,0.01,87,0,0,0,0,0,0,0,0,0,0,0,0,0,0,0,0,0,1,1,2965,1,0,0,0,0,0,0,0,0,0,0,0,0,0,0,0,0,0,0,0,0.25,0.01,0,0,0,0.01,0,0,0,0,0,0,0,0,0.01,20,0,0,0.01,0,0,77,0,0.01,0,0,87,0,0,0,0,0,0,0,0,0,0,0,0,0,0,0,0,0,0,0,0,0,0,0.01,0.01,0.01,0.01,0,0,77,87,1,1,0,0,0,0,0,0,0,0,0,0,0,0,0,0,0,0,0,0,0,0,0,0,0,0,0,0,0,0,0,0,0
2970,293.15,35,0,293.15,24.5,6.125,293.15,0.5,0,293.15,0.55,0,293.15,0.6,0,350.15,0.5,0,360.15,0.5,0,0,0,-0,0,0,0,0,0,0,0,0,0,0,0,0,0,0,-0,0,0,0,0,0.5,0,0,20,0,0,0,0.35,0,0,20,0.25,0,0,0,0,20,0,0.01,0,0,0,0,20,0,0.01,0,0,0,0,0,0.01,20,0,0,0,0,0,0,0,0.01,77,0,0,0,0,0,0.01,87,0,0,0,0,0,0,0,0,0,0,0,0,0,0,0,0,0,1,1,2970,1,0,0,0,0,0,0,0,0,0,0,0,0,0,0,0,0,0,0,0,0.25,0.01,0,0,0,0.01,0,0,0,0,0,0,0,0,0.01,20,0,0,0.01,0,0,77,0,0.01,0,0,87,0,0,0,0,0,0,0,0,0,0,0,0,0,0,0,0,0,0,0,0,0,0,0.01,0.01,0.01,0.01,0,0,77,87,1,1,0,0,0,0,0,0,0,0,0,0,0,0,0,0,0,0,0,0,0,0,0,0,0,0,0,0,0,0,0,0,0
2975,293.15,35,0,293.15,24.5,6.125,293.15,0.5,0,293.15,0.55,0,293.15,0.6,0,350.15,0.5,0,360.15,0.5,0,0,0,-0,0,0,0,0,0,0,0,0,0,0,0,0,0,0,-0,0,0,0,0,0.5,0,0,20,0,0,0,0.35,0,0,20,0.25,0,0,0,0,20,0,0.01,0,0,0,0,20,0,0.01,0,0,0,0,0,0.01,20,0,0,0,0,0,0,0,0.01,77,0,0,0,0,0,0.01,87,0,0,0,0,0,0,0,0,0,0,0,0,0,0,0,0,0,1,1,2975,1,0,0,0,0,0,0,0,0,0,0,0,0,0,0,0,0,0,0,0,0.25,0.01,0,0,0,0.01,0,0,0,0,0,0,0,0,0.01,20,0,0,0.01,0,0,77,0,0.01,0,0,87,0,0,0,0,0,0,0,0,0,0,0,0,0,0,0,0,0,0,0,0,0,0,0.01,0.01,0.01,0.01,0,0,77,87,1,1,0,0,0,0,0,0,0,0,0,0,0,0,0,0,0,0,0,0,0,0,0,0,0,0,0,0,0,0,0,0,0
2980,293.15,35,0,293.15,24.5,6.125,293.15,0.5,0,293.15,0.55,0,293.15,0.6,0,350.15,0.5,0,360.15,0.5,0,0,0,-0,0,0,0,0,0,0,0,0,0,0,0,0,0,0,-0,0,0,0,0,0.5,0,0,20,0,0,0,0.35,0,0,20,0.25,0,0,0,0,20,0,0.01,0,0,0,0,20,0,0.01,0,0,0,0,0,0.01,20,0,0,0,0,0,0,0,0.01,77,0,0,0,0,0,0.01,87,0,0,0,0,0,0,0,0,0,0,0,0,0,0,0,0,0,1,1,2980,1,0,0,0,0,0,0,0,0,0,0,0,0,0,0,0,0,0,0,0,0.25,0.01,0,0,0,0.01,0,0,0,0,0,0,0,0,0.01,20,0,0,0.01,0,0,77,0,0.01,0,0,87,0,0,0,0,0,0,0,0,0,0,0,0,0,0,0,0,0,0,0,0,0,0,0.01,0.01,0.01,0.01,0,0,77,87,1,1,0,0,0,0,0,0,0,0,0,0,0,0,0,0,0,0,0,0,0,0,0,0,0,0,0,0,0,0,0,0,0
2985,293.15,35,0,293.15,24.5,6.125,293.15,0.5,0,293.15,0.55,0,293.15,0.6,0,350.15,0.5,0,360.15,0.5,0,0,0,-0,0,0,0,0,0,0,0,0,0,0,0,0,0,0,-0,0,0,0,0,0.5,0,0,20,0,0,0,0.35,0,0,20,0.25,0,0,0,0,20,0,0.01,0,0,0,0,20,0,0.01,0,0,0,0,0,0.01,20,0,0,0,0,0,0,0,0.01,77,0,0,0,0,0,0.01,87,0,0,0,0,0,0,0,0,0,0,0,0,0,0,0,0,0,1,1,2985,1,0,0,0,0,0,0,0,0,0,0,0,0,0,0,0,0,0,0,0,0.25,0.01,0,0,0,0.01,0,0,0,0,0,0,0,0,0.01,20,0,0,0.01,0,0,77,0,0.01,0,0,87,0,0,0,0,0,0,0,0,0,0,0,0,0,0,0,0,0,0,0,0,0,0,0.01,0.01,0.01,0.01,0,0,77,87,1,1,0,0,0,0,0,0,0,0,0,0,0,0,0,0,0,0,0,0,0,0,0,0,0,0,0,0,0,0,0,0,0
2990,293.15,35,0,293.15,24.5,6.125,293.15,0.5,0,293.15,0.55,0,293.15,0.6,0,350.15,0.5,0,360.15,0.5,0,0,0,-0,0,0,0,0,0,0,0,0,0,0,0,0,0,0,-0,0,0,0,0,0.5,0,0,20,0,0,0,0.35,0,0,20,0.25,0,0,0,0,20,0,0.01,0,0,0,0,20,0,0.01,0,0,0,0,0,0.01,20,0,0,0,0,0,0,0,0.01,77,0,0,0,0,0,0.01,87,0,0,0,0,0,0,0,0,0,0,0,0,0,0,0,0,0,1,1,2990,1,0,0,0,0,0,0,0,0,0,0,0,0,0,0,0,0,0,0,0,0.25,0.01,0,0,0,0.01,0,0,0,0,0,0,0,0,0.01,20,0,0,0.01,0,0,77,0,0.01,0,0,87,0,0,0,0,0,0,0,0,0,0,0,0,0,0,0,0,0,0,0,0,0,0,0.01,0.01,0.01,0.01,0,0,77,87,1,1,0,0,0,0,0,0,0,0,0,0,0,0,0,0,0,0,0,0,0,0,0,0,0,0,0,0,0,0,0,0,0
2995,293.15,35,0,293.15,24.5,6.125,293.15,0.5,0,293.15,0.55,0,293.15,0.6,0,350.15,0.5,0,360.15,0.5,0,0,0,-0,0,0,0,0,0,0,0,0,0,0,0,0,0,0,-0,0,0,0,0,0.5,0,0,20,0,0,0,0.35,0,0,20,0.25,0,0,0,0,20,0,0.01,0,0,0,0,20,0,0.01,0,0,0,0,0,0.01,20,0,0,0,0,0,0,0,0.01,77,0,0,0,0,0,0.01,87,0,0,0,0,0,0,0,0,0,0,0,0,0,0,0,0,0,1,1,2995,1,0,0,0,0,0,0,0,0,0,0,0,0,0,0,0,0,0,0,0,0.25,0.01,0,0,0,0.01,0,0,0,0,0,0,0,0,0.01,20,0,0,0.01,0,0,77,0,0.01,0,0,87,0,0,0,0,0,0,0,0,0,0,0,0,0,0,0,0,0,0,0,0,0,0,0.01,0.01,0.01,0.01,0,0,77,87,1,1,0,0,0,0,0,0,0,0,0,0,0,0,0,0,0,0,0,0,0,0,0,0,0,0,0,0,0,0,0,0,0
3000,293.15,35,0,293.15,24.5,6.125,293.15,0.5,0,293.15,0.55,0,293.15,0.6,0,350.15,0.5,0,360.15,0.5,0,0,0,-0,0,0,0,0,0,0,0,0,0,0,0,0,0,0,-0,0,0,0,0,0.5,0,0,20,0,0,0,0.35,0,0,20,0.25,0,0,0,0,20,0,0.01,0,0,0,0,20,0,0.01,0,0,0,0,0,0.01,20,0,0,0,0,0,0,0,0.01,77,0,0,0,0,0,0.01,87,0,0,0,0,0,0,0,0,0,0,0,0,0,0,0,0,0,1,1,3000,1,0,0,0,0,0,0,0,0,0,0,0,0,0,0,0,0,0,0,0,0.25,0.01,0,0,0,0.01,0,0,0,0,0,0,0,0,0.01,20,0,0,0.01,0,0,77,0,0.01,0,0,87,0,0,0,0,0,0,0,0,0,0,0,0,0,0,0,0,0,0,0,0,0,0,0.01,0.01,0.01,0.01,0,0,77,87,1,1,0,0,0,0,0,0,0,0,0,0,0,0,0,0,0,0,0,0,0,0,0,0,0,0,0,0,0,0,0,0,0
3000,293.15,35,0,293.15,24.5,6.125,293.15,0.5,0,293.15,0.55,0,293.15,0.6,0,350.15,0.5,0,360.15,0.5,0,0,0,-0,0,0,0,0,0,0,0,0,0,0,0,0,0,0,-0,0,0,0,0,0.5,0,0,20,0,0,0,0.35,0,0,20,0.25,0,0,0,0,20,0,0.01,0,0,0,0,20,0,0.01,0,0,0,0,0,0.01,20,0,0,0,0,0,0,0,0.01,77,0,0,0,0,0,0.01,87,0,0,0,0,0,0,0,0,0,0,0,0,0,0,0,0,0,1,1,3000,1,0,0,0,0,0,0,0,0,0,0,0,0,0,0,0,0,0,0,0,0.25,0.01,0,0,0,0.01,0,0,0,0,0,0,0,0,0.01,20,0,0,0.01,0,0,77,0,0.01,0,0,87,0,0,0,0,0,0,0,0,0,0,0,0,0,0,0,0,0,0,0,0,0,0,0.01,0.01,0.01,0.01,0,0,77,87,1,1,0,0,0,0,0,0,0,0,0,0,0,0,0,0,0,0,0,0,0,0,0,0,0,0,0,0,0,0,0,0,0
