"time","fanRotor.fan_speed_rad_s","der(fanRotor.fan_speed_rad_s)","aerodynamicLoad.T_aero_Nm","bearingFriction.T_friction_Nm","fanRotor.domega_dt","motor_on_cmd","motor_torque_Nm","torque_balance_residual_Nm","motorCommand.motor_on_cmd","aerodynamicLoad.omega_rad_s","bearingFriction.omega_rad_s","fanRotor.T_aero_Nm","fanRotor.T_friction_Nm","fanRotor.motor_torque_Nm","fan_speed_rad_s","motorCommand.motor_torque_Nm"
0,0,0,0,0,0,0,0,0,0,0,0,0,0,0,0,0
0.06,0,0,0,0,0,0,0,0,0,0,0,0,0,0,0,0
0.12,0,0,0,0,0,0,0,0,0,0,0,0,0,0,0,0
0.18,0,0,0,0,0,0,0,0,0,0,0,0,0,0,0,0
0.24,0,0,0,0,0,0,0,0,0,0,0,0,0,0,0,0
0.3,0,0,0,0,0,0,0,0,0,0,0,0,0,0,0,0
0.36,0,0,0,0,0,0,0,0,0,0,0,0,0,0,0,0
0.42,0,0,0,0,0,0,0,0,0,0,0,0,0,0,0,0
0.48,0,0,0,0,0,0,0,0,0,0,0,0,0,0,0,0
0.54,0,0,0,0,0,0,0,0,0,0,0,0,0,0,0,0
0.6,0,0,0,0,0,0,0,0,0,0,0,0,0,0,0,0
0.66,0,0,0,0,0,0,0,0,0,0,0,0,0,0,0,0
0.72,0,0,0,0,0,0,0,0,0,0,0,0,0,0,0,0
0.78,0,0,0,0,0,0,0,0,0,0,0,0,0,0,0,0
0.84,0,0,0,0,0,0,0,0,0,0,0,0,0,0,0,0
0.9,0,0,0,0,0,0,0,0,0,0,0,0,0,0,0,0
0.96,0,0,0,0,0,0,0,0,0,0,0,0,0,0,0,0
1.02,0,0,0,0,0,0,0,0,0,0,0,0,0,0,0,0
1.08,0,0,0,0,0,0,0,0,0,0,0,0,0,0,0,0
1.14,0,0,0,0,0,0,0,0,0,0,0,0,0,0,0,0
1.2,0,0,0,0,0,0,0,0,0,0,0,0,0,0,0,0
1.26,0,0,0,0,0,0,0,0,0,0,0,0,0,0,0,0
1.32,0,0,0,0,0,0,0,0,0,0,0,0,0,0,0,0
1.38,0,0,0,0,0,0,0,0,0,0,0,0,0,0,0,0
1.44,0,0,0,0,0,0,0,0,0,0,0,0,0,0,0,0
1.5,0,0,0,0,0,0,0,0,0,0,0,0,0,0,0,0
1.56,0,0,0,0,0,0,0,0,0,0,0,0,0,0,0,0
1.62,0,0,0,0,0,0,0,0,0,0,0,0,0,0,0,0
1.68,0,0,0,0,0,0,0,0,0,0,0,0,0,0,0,0
1.74,0,0,0,0,0,0,0,0,0,0,0,0,0,0,0,0
1.8,0,0,0,0,0,0,0,0,0,0,0,0,0,0,0,0
1.86,0,0,0,0,0,0,0,0,0,0,0,0,0,0,0,0
1.92,0,0,0,0,0,0,0,0,0,0,0,0,0,0,0,0
1.98,0,0,0,0,0,0,0,0,0,0,0,0,0,0,0,0
2.04,0,0,0,0,0,0,0,0,0,0,0,0,0,0,0,0
2.1,0,0,0,0,0,0,0,0,0,0,0,0,0,0,0,0
2.16,0,0,0,0,0,0,0,0,0,0,0,0,0,0,0,0
2.22,0,0,0,0,0,0,0,0,0,0,0,0,0,0,0,0
2.28,0,0,0,0,0,0,0,0,0,0,0,0,0,0,0,0
2.34,0,0,0,0,0,0,0,0,0,0,0,0,0,0,0,0
2.4,0,0,0,0,0,0,0,0,0,0,0,0,0,0,0,0
2.46,0,0,0,0,0,0,0,0,0,0,0,0,0,0,0,0
2.52,0,0,0,0,0,0,0,0,0,0,0,0,0,0,0,0
2.58,0,0,0,0,0,0,0,0,0,0,0,0,0,0,0,0
2.64,0,0,0,0,0,0,0,0,0,0,0,0,0,0,0,0
2.7,0,0,0,0,0,0,0,0,0,0,0,0,0,0,0,0
2.76,0,0,0,0,0,0,0,0,0,0,0,0,0,0,0,0
2.82,0,0,0,0,0,0,0,0,0,0,0,0,0,0,0,0
2.88,0,0,0,0,0,0,0,0,0,0,0,0,0,0,0,0
2.94,0,0,0,0,0,0,0,0,0,0,0,0,0,0,0,0
3,0,0,0,0,0,0,0,0,0,0,0,0,0,0,0,0
3.06,0,0,0,0,0,0,0,0,0,0,0,0,0,0,0,0
3.12,0,0,0,0,0,0,0,0,0,0,0,0,0,0,0,0
3.18,0,0,0,0,0,0,0,0,0,0,0,0,0,0,0,0
3.24,0,0,0,0,0,0,0,0,0,0,0,0,0,0,0,0
3.3,0,0,0,0,0,0,0,0,0,0,0,0,0,0,0,0
3.36,0,0,0,0,0,0,0,0,0,0,0,0,0,0,0,0
3.42,0,0,0,0,0,0,0,0,0,0,0,0,0,0,0,0
3.48,0,0,0,0,0,0,0,0,0,0,0,0,0,0,0,0
3.54,0,0,0,0,0,0,0,0,0,0,0,0,0,0,0,0
3.6,0,0,0,0,0,0,0,0,0,0,0,0,0,0,0,0
3.66,0,0,0,0,0,0,0,0,0,0,0,0,0,0,0,0
3.72,0,0,0,0,0,0,0,0,0,0,0,0,0,0,0,0
3.78,0,0,0,0,0,0,0,0,0,0,0,0,0,0,0,0
3.84,0,0,0,0,0,0,0,0,0,0,0,0,0,0,0,0
3.9,0,0,0,0,0,0,0,0,0,0,0,0,0,0,0,0
3.96,0,0,0,0,0,0,0,0,0,0,0,0,0,0,0,0
4.02,0,0,0,0,0,0,0,0,0,0,0,0,0,0,0,0
4.08,0,0,0,0,0,0,0,0,0,0,0,0,0,0,0,0
4.14,0,0,0,0,0,0,0,0,0,0,0,0,0,0,0,0
4.2,0,0,0,0,0,0,0,0,0,0,0,0,0,0,0,0
4.26,0,0,0,0,0,0,0,0,0,0,0,0,0,0,0,0
4.32,0,0,0,0,0,0,0,0,0,0,0,0,0,0,0,0
4.38,0,0,0,0,0,0,0,0,0,0,0,0,0,0,0,0
4.44,0,0,0,0,0,0,0,0,0,0,0,0,0,0,0,0
4.5,0,0,0,0,0,0,0,0,0,0,0,0,0,0,0,0
4.56,0,0,0,0,0,0,0,0,0,0,0,0,0,0,0,0
4.62,0,0,0,0,0,0,0,0,0,0,0,0,0,0,0,0
4.68,0,0,0,0,0,0,0,0,0,0,0,0,0,0,0,0
4.74,0,0,0,0,0,0,0,0,0,0,0,0,0,0,0,0
4.8,0,0,0,0,0,0,0,0,0,0,0,0,0,0,0,0
4.86,0,0,0,0,0,0,0,0,0,0,0,0,0,0,0,0
4.92,0,0,0,0,0,0,0,0,0,0,0,0,0,0,0,0
4.98,0,0,0,0,0,0,0,0,0,0,0,0,0,0,0,0
5.000000001000047,0,0,0,0,0,0,0,0,0,0,0,0,0,0,0,0
5.000000001000047,0,25,0,0,25,1,0.5,0.5,1,0,0,0,0,0.5,0,0.5
5.04,0.9898048433993604,24.48550330573998,0.0003918854512067329,0.009898048433993605,24.48550330573998,1,0.5,0.4897100661147997,1,0.9898048433993604,0.9898048433993604,0.0003918854512067329,0.009898048433993605,0.5,0.9898048433993604,0.5
5.1,2.434573180244672,23.66417047847833,0.002370858627986664,0.02434573180244673,23.66417047847833,1,0.5,0.4732834095695667,1,2.434573180244672,2.434573180244672,0.002370858627986664,0.02434573180244673,0.5,2.434573180244672,0.5
5.16,3.82850137353748,22.79260085788769,0.005862969106871348,0.0382850137353748,22.79260085788769,1,0.5,0.4558520171577539,1,3.82850137353748,3.82850137353748,0.005862969106871348,0.0382850137353748,0.5,3.82850137353748,0.5
5.22,5.168888726330682,21.88120742353089,0.01068696426607537,0.05168888726330682,21.88120742353089,1,0.5,0.4376241484706178,1,5.168888726330682,5.168888726330682,0.01068696426607537,0.05168888726330682,0.5,5.168888726330682,0.5
5.28,6.453652836979523,20.94018088270516,0.01665985397610154,0.06453652836979523,20.94018088270516,1,0.5,0.4188036176541032,1,6.453652836979523,6.453652836979523,0.01665985397610154,0.06453652836979523,0.5,6.453652836979523,0.5
5.34,7.681311452748628,19.97929336094314,0.0236010182536509,0.07681311452748628,19.97929336094314,1,0.5,0.3995858672188628,1,7.681311452748628,7.681311452748628,0.0236010182536509,0.07681311452748628,0.5,7.681311452748628,0.5
5.4,8.850951777166367,19.00773716418233,0.03133573894468979,0.08850951777166367,19.00773716418233,1,0.5,0.3801547432836466,1,8.850951777166367,8.850951777166367,0.03133573894468979,0.08850951777166367,0.5,8.850951777166367,0.5
5.46,9.962193457370596,18.03399730167315,0.039698119392831,0.09962193457370595,18.03399730167315,1,0.5,0.360679946033463,1,9.962193457370596,9.962193457370596,0.039698119392831,0.09962193457370595,0.5,9.962193457370596,0.5
5.52,11.0151403066318,17.06576352718841,0.04853332638991383,0.110151403066318,17.06576352718841,1,0.5,0.3413152705437681,1,11.0151403066318,11.0151403066318,0.04853332638991383,0.110151403066318,0.5,11.0151403066318,0.5
5.58,12.01033270007179,16.10987181863583,0.05769923662656552,0.1201033270007179,16.10987181863583,1,0.5,0.3221974363727166,1,12.01033270007179,12.01033270007179,0.05769923662656552,0.1201033270007179,0.5,12.01033270007179,0.5
5.64,12.94869168788524,15.17228182749921,0.06706744657116331,0.1294869168788524,15.17228182749921,1,0.5,0.3034456365499843,1,12.94869168788524,12.94869168788524,0.06706744657116331,0.1294869168788524,0.5,12.94869168788524,0.5
5.7,13.83147452708394,14.25806898459059,0.07652387503734881,0.1383147452708395,14.25806898459059,1,0.5,0.2851613796918118,1,13.83147452708394,13.83147452708394,0.07652387503734881,0.1383147452708395,0.5,13.83147452708394,0.5
5.76,14.66021177046229,13.37145793167284,0.08596872366192039,0.1466021177046229,13.37145793167284,1,0.5,0.2674291586334568,1,14.66021177046229,14.66021177046229,0.08596872366192039,0.1466021177046229,0.5,14.66021177046229,0.5
5.82,15.43667066664665,12.51584864126649,0.09531632050820367,0.1543667066664665,12.51584864126649,1,0.5,0.2503169728253298,1,15.43667066664665,15.43667066664665,0.09531632050820367,0.1543667066664665,0.5,15.43667066664665,0.5
5.88,16.16278798251397,11.69389170138905,0.1044942861470792,0.1616278798251397,11.69389170138905,1,0.5,0.2338778340277811,1,16.16278798251397,16.16278798251397,0.1044942861470792,0.1616278798251397,0.5,16.16278798251397,0.5
5.94,16.84064589661017,10.90752996739465,0.1134429416860052,0.1684064589661017,10.90752996739465,1,0.5,0.218150599347893,1,16.84064589661017,16.84064589661017,0.1134429416860052,0.1684064589661017,0.5,16.84064589661017,0.5
6,17.47242450569636,10.15807538500665,0.1221142472429034,0.1747242450569636,10.15807538500665,1,0.5,0.203161507700133,1,17.47242450569636,17.47242450569636,0.1221142472429034,0.1747242450569636,0.5,17.47242450569636,0.5
6.06,18.06036600683466,9.446280590566097,0.1304707281203315,0.1806036600683465,9.446280590566097,1,0.5,0.1889256118113219,1,18.06036600683466,18.06036600683466,0.1304707281203315,0.1806036600683465,0.5,18.06036600683466,0.5
6.12,18.6067394881661,8.772415168307361,0.1384843017521918,0.186067394881661,8.772415168307361,1,0.5,0.1754483033661472,1,18.6067394881661,18.6067394881661,0.1384843017521918,0.186067394881661,0.5,18.6067394881661,0.5
6.18,19.11381722121973,8.136331214066214,0.1461352035064784,0.1911381722121973,8.136331214066214,1,0.5,0.1627266242813243,1,19.11381722121973,19.11381722121973,0.1461352035064784,0.1911381722121973,0.5,19.11381722121973,0.5
6.24,19.58385042001686,7.537530844519681,0.1534108789094378,0.1958385042001686,7.537530844519681,1,0.5,0.1507506168903936,1,19.58385042001686,19.58385042001686,0.1534108789094378,0.1958385042001686,0.5,19.58385042001686,0.5
6.3,20.01905471126118,6.975221613720047,0.1603050206129873,0.2001905471126118,6.975221613720047,1,0.5,0.1395044322744009,1,20.01905471126118,20.01905471126118,0.1603050206129873,0.2001905471126118,0.5,20.01905471126118,0.5
6.36,20.4215888535607,6.448379747142158,0.1668165165215498,0.204215888535607,6.448379747142158,1,0.5,0.1289675949428432,1,20.4215888535607,20.4215888535607,0.1668165165215498,0.204215888535607,0.5,20.4215888535607,0.5
6.42,20.79354791398681,5.955793345981284,0.1729486539405062,0.2079354791398682,5.955793345981284,1,0.5,0.1191158669196257,1,20.79354791398681,20.79354791398681,0.1729486539405062,0.2079354791398682,0.5,20.79354791398681,0.5
6.48,21.13694490556249,5.496118748403076,0.1787081759763136,0.2113694490556249,5.496118748403076,1,0.5,0.1099223749680615,1,21.13694490556249,21.13694490556249,0.1787081759763136,0.2113694490556249,0.5,21.13694490556249,0.5
6.54,21.45371448657032,5.067905451289296,0.1841047461085109,0.2145371448657032,5.067905451289296,1,0.5,0.1013581090257859,1,21.45371448657032,21.45371448657032,0.1841047461085109,0.2145371448657032,0.5,21.45371448657032,0.5
6.6,21.74569499594572,4.669647484893169,0.1891501003426794,0.2174569499594572,4.669647484893169,1,0.5,0.09339294969786338,1,21.74569499594572,21.74569499594572,0.1891501003426794,0.2174569499594572,0.5,21.74569499594572,0.5
6.66,22.01464237373287,4.299789236266465,0.193857791537342,0.2201464237373287,4.299789236266465,1,0.5,0.08599578472532929,1,22.01464237373287,22.01464237373287,0.193857791537342,0.2201464237373287,0.5,22.01464237373287,0.5
6.72,22.26220779710359,3.956778181419809,0.1982423584005679,0.2226220779710359,3.956778181419809,1,0.5,0.07913556362839619,1,22.26220779710359,22.26220779710359,0.1982423584005679,0.2226220779710359,0.5,22.26220779710359,0.5
6.78,22.48996289872266,3.639049926920235,0.2023193724743687,0.2248996289872266,3.639049926920235,1,0.5,0.0727809985384047,1,22.48996289872266,22.48996289872266,0.2023193724743687,0.2248996289872266,0.5,22.48996289872266,0.5
6.84,22.69936545322846,3.345093433801337,0.2061044767916887,0.2269936545322846,3.345093433801337,1,0.5,0.06690186867602674,1,22.69936545322846,22.69936545322846,0.2061044767916887,0.2269936545322846,0.5,22.69936545322846,0.5
6.9,22.8918057566834,3.073401705623829,0.2096139083206894,0.228918057566834,3.073401705623829,1,0.5,0.06146803411247659,1,22.8918057566834,22.8918057566834,0.2096139083206894,0.228918057566834,0.5,22.8918057566834,0.5
6.96,23.06857801493604,2.822525159908171,0.2128637166524762,0.2306857801493604,2.822525159908171,1,0.5,0.05645050319816342,1,23.06857801493604,23.06857801493604,0.2128637166524762,0.2306857801493604,0.5,23.06857801493604,0.5
7.02,23.230891950478,2.591067208465335,0.2158697363259134,0.23230891950478,2.591067208465335,1,0.5,0.0518213441693067,1,23.230891950478,23.230891950478,0.2158697363259134,0.23230891950478,0.5,23.230891950478,0.5
7.08,23.3798693829553,2.377699461241338,0.2186473169456203,0.233798693829553,2.377699461241338,1,0.5,0.04755398922482676,1,23.3798693829553,23.3798693829553,0.2186473169456203,0.233798693829553,0.5,23.3798693829553,0.5
7.14,23.51655566470281,2.181154361027281,0.2212113561324263,0.2351655566470281,2.181154361027281,1,0.5,0.04362308722054561,1,23.51655566470281,23.51655566470281,0.2212113561324263,0.2351655566470281,0.5,23.51655566470281,0.5
7.2,23.6419223340118,2.000229000045178,0.2235761966589784,0.236419223340118,2.000229000045178,1,0.5,0.04000458000090357,1,23.6419223340118,23.6419223340118,0.2235761966589784,0.236419223340118,0.5,23.6419223340118,0.5
7.26,23.75687144622517,1.833785458638036,0.2257555763649876,0.2375687144622517,1.833785458638036,1,0.5,0.03667570917276072,1,23.75687144622517,23.75687144622517,0.2257555763649876,0.2375687144622517,0.5,23.75687144622517,0.5
7.32,23.86223671770362,1.680754817713727,0.2277625364686892,0.2386223671770362,1.680754817713727,1,0.5,0.03361509635427454,1,23.86223671770362,23.86223671770362,0.2277625364686892,0.2386223671770362,0.5,23.86223671770362,0.5
7.38,23.95879631170585,1.540123430030871,0.229609568282324,0.2395879631170585,1.540123430030871,1,0.5,0.03080246860061742,1,23.95879631170585,23.95879631170585,0.229609568282324,0.2395879631170585,0.5,23.95879631170585,0.5
7.44,24.04727067821986,1.410940119458608,0.2313084908286292,0.2404727067821986,1.410940119458608,1,0.5,0.02821880238917215,1,24.04727067821986,24.04727067821986,0.2313084908286292,0.2404727067821986,0.5,24.04727067821986,0.5
7.5,24.12831735162049,1.292327359779542,0.2328702792882042,0.2412831735162049,1.292327359779542,1,0.5,0.02584654719559085,1,24.12831735162049,24.12831735162049,0.2328702792882042,0.2412831735162049,0.5,24.12831735162049,0.5
7.56,24.20254729800042,1.183460436760843,0.2343053182847789,0.2420254729800042,1.183460436760843,1,0.5,0.02366920873521686,1,24.20254729800042,24.20254729800042,0.2343053182847789,0.2420254729800042,0.5,24.20254729800042,0.5
7.62,24.27051442344575,1.083585380703356,0.2356231481514753,0.2427051442344575,1.083585380703356,1,0.5,0.02167170761406711,1,24.27051442344575,24.27051442344575,0.2356231481514753,0.2427051442344575,0.5,24.27051442344575,0.5
7.68,24.33274409646686,0.9919792464837109,0.2368329741056572,0.2433274409646686,0.9919792464837109,1,0.5,0.01983958492967422,1,24.33274409646686,24.33274409646686,0.2368329741056572,0.2433274409646686,0.5,24.33274409646686,0.5
7.74,24.38970929540009,0.9079869620174471,0.2379431678056502,0.2438970929540009,0.9079869620174471,1,0.5,0.01815973924034894,1,24.38970929540009,24.38970929540009,0.2379431678056502,0.2438970929540009,0.5,24.38970929540009,0.5
7.8,24.44184825646485,0.8309969479264919,0.2389615784768216,0.2444184825646485,0.8309969479264919,1,0.5,0.01661993895852984,1,24.44184825646485,24.44184825646485,0.2389615784768216,0.2444184825646485,0.5,24.44184825646485,0.5
7.86,24.48956251195187,0.7604453034880915,0.2398954688107194,0.2448956251195187,0.7604453034880915,1,0.5,0.01520890606976183,1,24.48956251195187,24.48956251195187,0.2398954688107194,0.2448956251195187,0.5,24.48956251195187,0.5
7.92,24.53322449641636,0.6958056679605403,0.2407516416766256,0.2453322449641636,0.6958056679605403,1,0.5,0.01391611335921081,1,24.53322449641636,24.53322449641636,0.2407516416766256,0.2453322449641636,0.5,24.53322449641636,0.5
7.98,24.57317555161672,0.6365930903801637,0.2415363826762295,0.2457317555161672,0.6365930903801637,1,0.5,0.01273186180760327,1,24.57317555161672,24.57317555161672,0.2415363826762295,0.2457317555161672,0.5,24.57317555161672,0.5
8.039999999999999,24.60972530042104,0.5823657625458112,0.2422554317448734,0.2460972530042104,0.5823657625458112,1,0.5,0.01164731525091622,1,24.60972530042104,24.60972530042104,0.2422554317448734,0.2460972530042104,0.5,24.60972530042104,0.5
8.1,24.64315906781058,0.5327146892664183,0.2429141155365659,0.2464315906781058,0.5327146892664183,1,0.5,0.01065429378532837,1,24.64315906781058,24.64315906781058,0.2429141155365659,0.2464315906781058,0.5,24.64315906781058,0.5
8.16,24.67373844113166,0.4872634062066006,0.2435173474645513,0.2467373844113166,0.4872634062066006,1,0.5,0.009745268124132012,1,24.67373844113166,24.67373844113166,0.2435173474645513,0.2467373844113166,0.5,24.67373844113166,0.5
8.220000000000001,24.70170745096512,0.4456592546561305,0.2440697403972262,0.2470170745096512,0.4456592546561305,1,0.5,0.008913185093122611,1,24.70170745096512,24.70170745096512,0.2440697403972262,0.2470170745096512,0.5,24.70170745096512,0.5
8.279999999999999,24.72728539356159,0.4075844445263113,0.2445754571738578,0.247272853935616,0.4075844445263113,1,0.5,0.008151688890526226,1,24.72728539356159,24.72728539356159,0.2445754571738578,0.247272853935616,0.5,24.72728539356159,0.5
8.34,24.75067783607887,0.3727400150532453,0.2450384213381464,0.2475067783607887,0.3727400150532453,1,0.5,0.007454800301064907,1,24.75067783607887,24.75067783607887,0.2450384213381464,0.2475067783607887,0.5,24.75067783607887,0.5
8.4,24.7720703865568,0.3408553819911148,0.2454621884946097,0.247720703865568,0.3408553819911148,1,0.5,0.006817107639822295,1,24.7720703865568,24.7720703865568,0.2454621884946097,0.247720703865568,0.5,24.7720703865568,0.5
8.460000000000001,24.79163284010127,0.311682402381612,0.2458500235513551,0.2479163284010127,0.311682402381612,1,0.5,0.00623364804763224,1,24.79163284010127,24.79163284010127,0.2458500235513551,0.2479163284010127,0.5,24.79163284010127,0.5
8.52,24.80952168401227,0.2849918342043553,0.2462049464757901,0.2480952168401228,0.2849918342043553,1,0.5,0.005699836684087106,1,24.80952168401227,24.80952168401227,0.2462049464757901,0.2480952168401228,0.5,24.80952168401227,0.5
8.58,24.82587742395749,0.2605774906340119,0.2465296759477449,0.2482587742395749,0.2605774906340119,1,0.5,0.005211549812680238,1,24.82587742395749,24.82587742395749,0.2465296759477449,0.2482587742395749,0.5,24.82587742395749,0.5
8.640000000000001,24.84083203497702,0.2382452587126729,0.2468267744759763,0.2484083203497702,0.2382452587126729,1,0.5,0.004764905174253459,1,24.84083203497702,24.84083203497702,0.2468267744759763,0.2484083203497702,0.5,24.84083203497702,0.5
8.699999999999999,24.85450452798529,0.2178198293745187,0.2470985581326566,0.248545045279853,0.2178198293745187,1,0.5,0.004356396587490374,1,24.85450452798529,24.85450452798529,0.2470985581326566,0.248545045279853,0.5,24.85450452798529,0.5
8.76,24.86700475730761,0.1991391093470102,0.2473471702399837,0.2486700475730761,0.1991391093470102,1,0.5,0.003982782186940204,1,24.86700475730761,24.86700475730761,0.2473471702399837,0.2486700475730761,0.5,24.86700475730761,0.5
8.82,24.87843278858835,0.1820552453796601,0.2475745672065232,0.2487843278858835,0.1820552453796601,1,0.5,0.003641104907593201,1,24.87843278858835,24.87843278858835,0.2475745672065232,0.2487843278858835,0.5,24.87843278858835,0.5
8.880000000000001,24.88888058429037,0.1664321730734913,0.2477825506956264,0.2488888058429037,0.1664321730734913,1,0.5,0.003328643461469827,1,24.88888058429037,24.88888058429037,0.2477825506956264,0.2488888058429037,0.5,24.88888058429037,0.5
8.94,24.89843174723549,0.1521460569473679,0.2479727613886977,0.2489843174723549,0.1521460569473679,1,0.5,0.003042921138947358,1,24.89843174723549,24.89843174723549,0.2479727613886977,0.2489843174723549,0.5,24.89843174723549,0.5
9,24.90716295142106,0.1390831985166374,0.2481467065154567,0.2490716295142106,0.1390831985166374,1,0.5,0.002781663970332748,1,24.90716295142106,24.90716295142106,0.2481467065154567,0.2490716295142106,0.5,24.90716295142106,0.5
9.06,24.9151442719352,0.1271395822054822,0.2483057656365383,0.2491514427193521,0.1271395822054822,1,0.5,0.002542791644109643,1,24.9151442719352,24.9151442719352,0.2483057656365383,0.2491514427193521,0.5,24.9151442719352,0.5
9.119999999999999,24.92243969929415,0.1162201390538631,0.2484512002259812,0.2492243969929415,0.1162201390538631,1,0.5,0.002324402781077262,1,24.92243969929415,24.92243969929415,0.2484512002259812,0.2492243969929415,0.5,24.92243969929415,0.5
9.18,24.92910801410331,0.1062374653717529,0.2485841705515319,0.2492910801410331,0.1062374653717529,1,0.5,0.002124749307435059,1,24.92910801410331,24.92910801410331,0.2485841705515319,0.2492910801410331,0.5,24.92910801410331,0.5
9.24,24.93520331683002,0.09711105255198055,0.2487057457806603,0.2493520331683002,0.09711105255198055,1,0.5,0.001942221051039611,1,24.93520331683002,24.93520331683002,0.2487057457806603,0.2493520331683002,0.5,24.93520331683002,0.5
9.300000000000001,24.94077386556849,0.08876904694727072,0.2488168804053697,0.2494077386556849,0.08876904694727072,1,0.5,0.001775380938945414,1,24.94077386556849,24.94077386556849,0.2488168804053697,0.2494077386556849,0.5,24.94077386556849,0.5
9.359999999999999,24.94586519794968,0.08114359153962025,0.2489184761897108,0.2494586519794968,0.08114359153962025,1,0.5,0.001622871830792405,1,24.94586519794968,24.94586519794968,0.2489184761897108,0.2494586519794968,0.5,24.94586519794968,0.5
9.42,24.95051908428308,0.07417240635498173,0.2490113610300696,0.2495051908428308,0.07417240635498173,1,0.5,0.001483448127099635,1,24.95051908428308,24.95051908428308,0.2490113610300696,0.2495051908428308,0.5,24.95051908428308,0.5
9.48,24.95477253654121,0.06780028471916333,0.2490962689402046,0.2495477253654121,0.06780028471916333,1,0.5,0.001356005694383267,1,24.95477253654121,24.95477253654121,0.2490962689402046,0.2495477253654121,0.5,24.95477253654121,0.5
9.539999999999999,24.9586598278734,0.06197607799326987,0.2491738801614006,0.249586598278734,0.06197607799326987,1,0.5,0.001239521559865397,1,24.9586598278734,24.9586598278734,0.2491738801614006,0.249586598278734,0.5,24.9586598278734,0.5
9.6,24.96221345810175,0.05665125639240792,0.2492448402911344,0.2496221345810175,0.05665125639240792,1,0.5,0.001133025127848158,1,24.96221345810175,24.96221345810175,0.2492448402911344,0.2496221345810175,0.5,24.96221345810175,0.5
9.66,24.965462203387,0.05178283773160236,0.2493097212114979,0.24965462203387,0.05178283773160236,1,0.5,0.001035656754632047,1,24.965462203387,24.965462203387,0.2493097212114979,0.24965462203387,0.5,24.965462203387,0.5
9.720000000000001,24.96843100714836,0.04733355725125982,0.2493690187834912,0.2496843100714836,0.04733355725125982,1,0.5,0.0009466711450251963,1,24.96843100714836,24.96843100714836,0.2493690187834912,0.2496843100714836,0.5,24.96843100714836,0.5
9.779999999999999,24.97114501375981,0.04326582715566407,0.2494232333192886,0.2497114501375981,0.04326582715566407,1,0.5,0.0008653165431132814,1,24.97114501375981,24.97114501375981,0.2494232333192886,0.2497114501375981,0.5,24.97114501375981,0.5
9.84,24.97362657597845,0.03954622488242521,0.2494728097425669,0.2497362657597846,0.03954622488242521,1,0.5,0.0007909244976485041,1,24.97362657597845,24.97362657597845,0.2494728097425669,0.2497362657597846,0.5,24.97362657597845,0.5
9.9,24.97589420164634,0.03614707574020187,0.2495181164687325,0.2497589420164634,0.03614707574020187,1,0.5,0.0007229415148040375,1,24.97589420164634,24.97589420164634,0.2495181164687325,0.2497589420164634,0.5,24.97589420164634,0.5
9.960000000000001,24.9779670494989,0.03303971673350031,0.249559535170341,0.249779670494989,0.03303971673350031,1,0.5,0.0006607943346700063,1,24.9779670494989,24.9779670494989,0.249559535170341,0.249779670494989,0.5,24.9779670494989,0.5
10.02,24.97986220739167,0.03019857829866662,0.2495974063601099,0.2497986220739167,0.03019857829866662,1,0.5,0.0006039715659733325,1,24.97986220739167,24.97986220739167,0.2495974063601099,0.2497986220739167,0.5,24.97986220739167,0.5
10.08,24.981594083725,0.02760209885742521,0.2496320171856015,0.24981594083725,0.02760209885742521,1,0.5,0.0005520419771485041,1,24.981594083725,24.981594083725,0.2496320171856015,0.24981594083725,0.5,24.981594083725,0.5
10.14,24.98317687214259,0.02522903143349908,0.2496636506499041,0.2498317687214259,0.02522903143349908,1,0.5,0.0005045806286699817,1,24.98317687214259,24.98317687214259,0.2496636506499041,0.2498317687214259,0.5,24.98317687214259,0.5
10.2,24.98462378791147,0.02305958957483645,0.2496925703293886,0.2498462378791147,0.02305958957483645,1,0.5,0.000461191791496729,1,24.98462378791147,24.98462378791147,0.2496925703293886,0.2498462378791147,0.5,24.98462378791147,0.5
10.26,24.98594625854323,0.02107666203217673,0.2497190041739242,0.2498594625854323,0.02107666203217673,1,0.5,0.0004215332406435346,1,24.98594625854323,24.98594625854323,0.2497190041739242,0.2498594625854323,0.5,24.98594625854323,0.5
10.32,24.98715457876225,0.01926483175968829,0.2497431575771837,0.2498715457876225,0.01926483175968829,1,0.5,0.0003852966351937659,1,24.98715457876225,24.98715457876225,0.2497431575771837,0.2498715457876225,0.5,24.98715457876225,0.5
10.38,24.98825911501503,0.01760857050984443,0.2497652374396528,0.2498825911501504,0.01760857050984443,1,0.5,0.0003521714101968887,1,24.98825911501503,24.98825911501503,0.2497652374396528,0.2498825911501504,0.5,24.98825911501503,0.5
10.44,24.9892689577317,0.01609426029708233,0.2497854252167413,0.249892689577317,0.01609426029708233,1,0.5,0.0003218852059416466,1,24.9892689577317,24.9892689577317,0.2497854252167413,0.249892689577317,0.5,24.9892689577317,0.5
10.5,24.99019149123572,0.01471083900953657,0.2498038683074521,0.2499019149123572,0.01471083900953657,1,0.5,0.0002942167801907314,1,24.99019149123572,24.99019149123572,0.2498038683074521,0.2499019149123572,0.5,24.99019149123572,0.5
10.56,24.99103477680326,0.01344622729057415,0.249820727686156,0.2499103477680326,0.01344622729057415,1,0.5,0.0002689245458114831,1,24.99103477680326,24.99103477680326,0.249820727686156,0.2499103477680326,0.5,24.99103477680326,0.5
10.62,24.99180594238953,0.01228974356409646,0.2498361457048227,0.2499180594238953,0.01228974356409646,1,0.5,0.0002457948712819291,1,24.99180594238953,24.99180594238953,0.2498361457048227,0.2499180594238953,0.5,24.99180594238953,0.5
10.68,24.99251046984691,0.0112331733683968,0.249850231834163,0.2499251046984691,0.0112331733683968,1,0.5,0.000224663467367936,1,24.99251046984691,24.99251046984691,0.249850231834163,0.2499251046984691,0.5,24.99251046984691,0.5
10.74,24.99315446895023,0.01026735934874651,0.2498631081235228,0.2499315446895023,0.01026735934874651,1,0.5,0.0002053471869749302,1,24.99315446895023,24.99315446895023,0.2498631081235228,0.2499315446895023,0.5,24.99315446895023,0.5
10.8,24.99374328317458,0.009384292308013686,0.2498748813220939,0.2499374328317459,0.009384292308013686,1,0.5,0.0001876858461602737,1,24.99374328317458,24.99374328317458,0.2498748813220939,0.2499374328317459,0.5,24.99374328317458,0.5
10.86,24.9942814560329,0.008577161915744591,0.2498856422013561,0.249942814560329,0.008577161915744591,1,0.5,0.0001715432383148918,1,24.9942814560329,24.9942814560329,0.2498856422013561,0.249942814560329,0.5,24.9942814560329,0.5
10.92,24.99477327821402,0.007839536306555872,0.2498954764917287,0.2499477327821402,0.007839536306555872,1,0.5,0.0001567907261311174,1,24.99477327821402,24.99477327821402,0.2498954764917287,0.2499477327821402,0.5,24.99477327821402,0.5
10.98,24.99522287520549,0.007165230773335807,0.2499044666324784,0.2499522287520549,0.007165230773335807,1,0.5,0.0001433046154667161,1,24.99522287520549,24.99522287520549,0.2499044666324784,0.2499522287520549,0.5,24.99522287520549,0.5
11.04,24.99563385300835,0.006548839222685066,0.2499126846854628,0.2499563385300835,0.006548839222685066,1,0.5,0.0001309767844537013,1,24.99563385300835,24.99563385300835,0.2499126846854628,0.2499563385300835,0.5,24.99563385300835,0.5
11.1,24.99600936472305,0.005985634412020158,0.2499201936645291,0.2499600936472305,0.005985634412020158,1,0.5,0.0001197126882404032,1,24.99600936472305,24.99600936472305,0.2499201936645291,0.2499600936472305,0.5,24.99600936472305,0.5
11.16,24.99635259618039,0.005470839658316962,0.2499270572450297,0.2499635259618039,0.005470839658316962,1,0.5,0.0001094167931663392,1,24.99635259618039,24.99635259618039,0.2499270572450297,0.2499635259618039,0.5,24.99635259618039,0.5
11.22,24.99666638786765,0.005000195939125485,0.249933332202541,0.2499666638786765,0.005000195939125485,1,0.5,0.0001000039187825097,1,24.99666638786765,24.99666638786765,0.249933332202541,0.2499666638786765,0.5,24.99666638786765,0.5
11.28,24.99695304371212,0.004570248752969186,0.2499390645878194,0.2499695304371212,0.004570248752969186,1,0.5,9.140497505938372e-05,1,24.99695304371212,24.99695304371212,0.2499390645878194,0.2499695304371212,0.5,24.99695304371212,0.5
11.34,24.99721504435809,0.004177278343303614,0.249944303989553,0.2499721504435809,0.004177278343303614,1,0.5,8.354556686607228e-05,1,24.99721504435809,24.99721504435809,0.249944303989553,0.2499721504435809,0.5,24.99721504435809,0.5
11.4,24.99745460309351,0.003817965778819821,0.2499490946534884,0.2499745460309351,0.003817965778819821,1,0.5,7.635931557639641e-05,1,24.99745460309351,24.99745460309351,0.2499490946534884,0.2499745460309351,0.5,24.99745460309351,0.5
11.46,24.99767347935637,0.003489672711473601,0.2499534717522068,0.2499767347935637,0.003489672711473601,1,0.5,6.979345422947203e-05,1,24.99767347935637,24.99767347935637,0.2499534717522068,0.2499767347935637,0.5,24.99767347935637,0.5
11.52,24.99787351092532,0.003189643172894774,0.2499574720272888,0.2499787351092533,0.003189643172894774,1,0.5,6.379286345789548e-05,1,24.99787351092532,24.99787351092532,0.2499574720272888,0.2499787351092533,0.5,24.99787351092532,0.5
11.58,24.99805639566425,0.002915330951663853,0.2499611294243242,0.2499805639566425,0.002915330951663853,1,0.5,5.830661903327705e-05,1,24.99805639566425,24.99805639566425,0.2499611294243242,0.2499805639566425,0.5,24.99805639566425,0.5
11.64,24.99822357082843,0.002664580643345349,0.2499644726788488,0.2499822357082843,0.002664580643345349,1,0.5,5.329161286690698e-05,1,24.99822357082843,24.99822357082843,0.2499644726788488,0.2499822357082843,0.5,24.99822357082843,0.5
11.7,24.99837633003303,0.002435452224379409,0.2499675276551822,0.2499837633003303,0.002435452224379409,1,0.5,4.870904448758817e-05,1,24.99837633003303,24.99837633003303,0.2499675276551822,0.2499837633003303,0.5,24.99837633003303,0.5
11.76,24.99851597851254,0.00222598818478692,0.2499703204511788,0.2499851597851254,0.00222598818478692,1,0.5,4.45197636957384e-05,1,24.99851597851254,24.99851597851254,0.2499703204511788,0.2499851597851254,0.5,24.99851597851254,0.5
11.82,24.99864365260282,0.002034484302199102,0.2499728737879278,0.2499864365260282,0.002034484302199102,1,0.5,4.068968604398204e-05,1,24.99864365260282,24.99864365260282,0.2499728737879278,0.2499864365260282,0.5,24.99864365260282,0.5
11.88,24.9987603106219,0.001859503330552126,0.2499752068271699,0.249987603106219,0.001859503330552126,1,0.5,3.719006661104252e-05,1,24.9987603106219,24.9987603106219,0.2499752068271699,0.249987603106219,0.5,24.9987603106219,0.5
11.94,24.99886694286591,0.001699560024764901,0.2499773393708456,0.2499886694286591,0.001699560024764901,1,0.5,3.399120049529802e-05,1,24.99886694286591,24.99886694286591,0.2499773393708456,0.2499886694286591,0.5,24.99886694286591,0.5
12,24.99896443226751,0.001553330150720622,0.2499792890743105,0.2499896443226751,0.001553330150720622,1,0.5,3.106660301441244e-05,1,24.99896443226751,24.99896443226751,0.2499792890743105,0.2499896443226751,0.5,24.99896443226751,0.5
12.06,24.99905349960904,0.001419732669179219,0.249981070350526,0.2499905349960904,0.001419732669179219,1,0.5,2.839465338358438e-05,1,24.99905349960904,24.99905349960904,0.249981070350526,0.2499905349960904,0.5,24.99905349960904,0.5
12.12,24.99913490351067,0.001297629766162933,0.2499826983695701,0.2499913490351067,0.001297629766162933,1,0.5,2.595259532325866e-05,1,24.99913490351067,24.99913490351067,0.2499826983695701,0.2499913490351067,0.5,24.99913490351067,0.5
12.18,24.99920932310491,0.001186002839237421,0.2499841867121662,0.2499920932310491,0.001186002839237421,1,0.5,2.372005678474842e-05,1,24.99920932310491,24.99920932310491,0.2499841867121662,0.2499920932310491,0.5,24.99920932310491,0.5
12.24,24.99927729444999,0.001084047878954775,0.2499855460979211,0.2499927729444999,0.001084047878954775,1,0.5,2.168095757909549e-05,1,24.99927729444999,24.99927729444999,0.2499855460979211,0.2499927729444999,0.5,24.99927729444999,0.5
12.3,24.99933933825335,0.0009909838904892387,0.2499867869396566,0.2499933933825335,0.0009909838904892387,1,0.5,1.981967780978477e-05,1,24.99933933825335,24.99933933825335,0.2499867869396566,0.2499933933825335,0.5,24.99933933825335,0.5
12.36,24.99939595828838,0.000906055270104289,0.2499879193117141,0.2499939595828838,0.000906055270104289,1,0.5,1.812110540208578e-05,1,24.99939595828838,24.99939595828838,0.2499879193117141,0.2499939595828838,0.5,24.99939595828838,0.5
12.42,24.99944759937514,0.0008285948343650373,0.2499889521095613,0.2499944759937514,0.0008285948343650373,1,0.5,1.657189668730075e-05,1,24.99944759937514,24.99944759937514,0.2499889521095613,0.2499944759937514,0.5,24.99944759937514,0.5
12.48,24.99949467204392,0.0007579868269963486,0.2499898935430209,0.2499949467204392,0.0007579868269963486,1,0.5,1.515973653992697e-05,1,24.99949467204392,24.99949467204392,0.2499898935430209,0.2499949467204392,0.5,24.99949467204392,0.5
12.54,24.99953755881941,0.0006936574938540274,0.2499907512619289,0.2499953755881941,0.0006936574938540274,1,0.5,1.387314987708055e-05,1,24.99953755881941,24.99953755881941,0.2499907512619289,0.2499953755881941,0.5,24.99953755881941,0.5
12.6,24.99957662280976,0.0006350622003908901,0.2499915325278946,0.2499957662280976,0.0006350622003908901,1,0.5,1.27012440078178e-05,1,24.99957662280976,24.99957662280976,0.2499915325278946,0.2499957662280976,0.5,24.99957662280976,0.5
12.66,24.99961222317102,0.0005816622360516055,0.2499922445235688,0.2499961222317102,0.0005816622360516055,1,0.5,1.163324472103211e-05,1,24.99961222317102,24.99961222317102,0.2499922445235688,0.2499961222317102,0.5,24.99961222317102,0.5
12.72,24.99964469394355,0.0005329565598247155,0.249992893929368,0.2499964469394355,0.0005329565598247155,1,0.5,1.065913119649431e-05,1,24.99964469394355,24.99964469394355,0.249992893929368,0.2499964469394355,0.5,24.99964469394355,0.5
12.78,24.99967437382304,0.0004884371447855251,0.2499934875188738,0.2499967437382304,0.0004884371447855251,1,0.5,9.768742895710503e-06,1,24.99967437382304,24.99967437382304,0.2499934875188738,0.2499967437382304,0.5,24.99967437382304,0.5
12.84,24.9997016060211,0.0004475891875729832,0.2499940321560376,0.249997016060211,0.0004475891875729832,1,0.5,8.951783751459663e-06,1,24.9997016060211,24.9997016060211,0.2499940321560376,0.249997016060211,0.5,24.9997016060211,0.5
12.9,24.99972674464605,0.0004098815375538911,0.2499945349227884,0.2499972674464605,0.0004098815375538911,1,0.5,8.197630751077822e-06,1,24.99972674464605,24.99972674464605,0.2499945349227884,0.2499972674464605,0.5,24.99972674464605,0.5
12.96,24.99975000653056,0.0003749889542215001,0.2499950001556099,0.2499975000653056,0.0003749889542215001,1,0.5,7.499779084430003e-06,1,24.99975000653056,24.99975000653056,0.2499950001556099,0.2499975000653056,0.5,24.99975000653056,0.5
13.02,24.9997712025156,0.0003431951796348254,0.2499954240712513,0.249997712025156,0.0003431951796348254,1,0.5,6.863903592696508e-06,1,24.9997712025156,24.9997712025156,0.2499954240712513,0.249997712025156,0.5,24.9997712025156,0.5
13.08,24.99979076080949,0.0003138579101502614,0.2499958152337021,0.2499979076080949,0.0003138579101502614,1,0.5,6.277158203005229e-06,1,24.99979076080949,24.99979076080949,0.2499958152337021,0.2499979076080949,0.5,24.99979076080949,0.5
13.14,24.99980883529054,0.0002867463333042219,0.2499961767204285,0.2499980883529054,0.0002867463333042219,1,0.5,5.734926666084439e-06,1,24.99980883529054,24.99980883529054,0.2499961767204285,0.2499980883529054,0.5,24.99980883529054,0.5
13.2,24.99982555451342,0.000261667621245798,0.2499965111024409,0.2499982555451342,0.000261667621245798,1,0.5,5.23335242491596e-06,1,24.99982555451342,24.99982555451342,0.2499965111024409,0.2499982555451342,0.5,24.99982555451342,0.5
13.26,24.99984102170898,0.0002384669310406817,0.2499968204442893,0.2499984102170899,0.0002384669310406817,1,0.5,4.769338620813635e-06,1,24.99984102170898,24.99984102170898,0.2499968204442893,0.2499984102170899,0.5,24.99984102170898,0.5
13.32,24.99985531478441,0.000217027404710024,0.2499971063040617,0.2499985531478441,0.000217027404710024,1,0.5,4.34054809420048e-06,1,24.99985531478441,24.99985531478441,0.2499971063040617,0.2499985531478441,0.5,24.99985531478441,0.5
13.38,24.99986848632315,0.0001972701693581103,0.2499973697333813,0.2499986848632315,0.0001972701693581103,1,0.5,3.945403387162205e-06,1,24.99986848632315,24.99986848632315,0.2499973697333813,0.2499986848632315,0.5,24.99986848632315,0.5
13.44,24.99988070631612,0.0001789402412064045,0.2499976141320147,0.2499988070631612,0.0001789402412064045,1,0.5,3.57880482412809e-06,1,24.99988070631612,24.99988070631612,0.2499976141320147,0.2499988070631612,0.5,24.99988070631612,0.5
13.5,24.99989218851728,0.0001617169916132144,0.2499978437749949,0.2499989218851728,0.0001617169916132144,1,0.5,3.234339832264288e-06,1,24.99989218851728,24.99989218851728,0.2499978437749949,0.2499989218851728,0.5,24.99989218851728,0.5
13.56,24.99990277676981,0.0001458346562399626,0.2499980555391771,0.2499990277676981,0.0001458346562399626,1,0.5,2.916693124799252e-06,1,24.99990277676981,24.99990277676981,0.2499980555391771,0.2499990277676981,0.5,24.99990277676981,0.5
13.62,24.99991246705411,0.0001312992655988499,0.2499982493441469,0.2499991246705411,0.0001312992655988499,1,0.5,2.625985311976997e-06,1,24.99991246705411,24.99991246705411,0.2499982493441469,0.2499991246705411,0.5,24.99991246705411,0.5
13.68,24.99992123362967,0.0001181494314050902,0.2499984246750752,0.2499992123362967,0.0001181494314050902,1,0.5,2.362988628101803e-06,1,24.99992123362967,24.99992123362967,0.2499984246750752,0.2499992123362967,0.5,24.99992123362967,0.5
13.74,24.99992902903514,0.0001064563465463797,0.2499985805827176,0.2499992902903515,0.0001064563465463797,1,0.5,2.129126930927594e-06,1,24.99992902903514,24.99992902903514,0.2499985805827176,0.2499992902903515,0.5,24.99992902903514,0.5
13.8,24.99993578408827,9.632378512730577e-05,0.2499987156834148,0.2499993578408826,9.632378512730577e-05,1,0.5,1.926475702546115e-06,1,24.99993578408827,24.99993578408827,0.2499987156834148,0.2499993578408826,0.5,24.99993578408827,0.5
13.86,24.99994180780188,8.728822944864545e-05,0.2499988361573922,0.2499994180780188,8.728822944864545e-05,1,0.5,1.745764588972909e-06,1,24.99994180780188,24.99994180780188,0.2499988361573922,0.2499994180780188,0.5,24.99994180780188,0.5
13.92,24.99994806564104,7.790148450065315e-05,0.2499989613138996,0.2499994806564104,7.790148450065315e-05,1,0.5,1.558029690013063e-06,1,24.99994806564104,24.99994806564104,0.2499989613138996,0.2499994806564104,0.5,24.99994806564104,0.5
13.98,24.99995381629967,6.92755078357532e-05,0.2499990763268466,0.2499995381629967,6.92755078357532e-05,1,0.5,1.385510156715064e-06,1,24.99995381629967,24.99995381629967,0.2499990763268466,0.2499995381629967,0.5,24.99995381629967,0.5
14.04,24.99995907952475,6.138067937949687e-05,0.2499991815911649,0.2499995907952475,6.138067937949687e-05,1,0.5,1.227613587589937e-06,1,24.99995907952475,24.99995907952475,0.2499991815911649,0.2499995907952475,0.5,24.99995907952475,0.5
14.1,24.99996386736556,5.41989255489761e-05,0.2499992773478334,0.2499996386736556,5.41989255489761e-05,1,0.5,1.083978510979522e-06,1,24.99996386736556,24.99996386736556,0.2499992773478334,0.2499996386736556,0.5,24.99996386736556,0.5
14.16,24.99996818417359,4.77237193693969e-05,0.2499993636838767,0.2499996818417359,4.77237193693969e-05,1,0.5,9.54474387387938e-07,1,24.99996818417359,24.99996818417359,0.2499993636838767,0.2499996818417359,0.5,24.99996818417359,0.5
14.22,24.99997202660266,4.196008036444487e-05,0.2499994405323661,0.2499997202660266,4.196008036444487e-05,1,0.5,8.392016072888975e-07,1,24.99997202660266,24.99997202660266,0.2499994405323661,0.2499997202660266,0.5,24.99997202660266,0.5
14.28,24.99997539757821,3.690362058161867e-05,0.2499995079518063,0.2499997539757821,3.690362058161867e-05,1,0.5,7.380724116323734e-07,1,24.99997539757821,24.99997539757821,0.2499995079518063,0.2499997539757821,0.5,24.99997539757821,0.5
14.34,24.99997839502548,3.240745244798005e-05,0.2499995679006962,0.2499997839502548,3.240745244798005e-05,1,0.5,6.481490489596009e-07,1,24.99997839502548,24.99997839502548,0.2499995679006962,0.2499997839502548,0.5,24.99997839502548,0.5
14.4,24.99998101455974,2.847815318701707e-05,0.2499996202913389,0.2499998101455974,2.847815318701707e-05,1,0.5,5.695630637403415e-07,1,24.99998101455974,24.99998101455974,0.2499996202913389,0.2499998101455974,0.5,24.99998101455974,0.5
14.46,24.9999832800413,2.507993245998152e-05,0.2499996656009378,0.249999832800413,2.507993245998152e-05,1,0.5,5.015986491996305e-07,1,24.9999832800413,24.9999832800413,0.2499996656009378,0.249999832800413,0.5,24.9999832800413,0.5
14.52,24.99998521533047,2.217699992951294e-05,0.2499997043066967,0.2499998521533047,2.217699992951294e-05,1,0.5,4.435399985902588e-07,1,24.99998521533047,24.99998521533047,0.2499997043066967,0.2499998521533047,0.5,24.99998521533047,0.5
14.58,24.99998684428754,1.973356523188308e-05,0.24999973688582,0.2499998684428754,1.973356523188308e-05,1,0.5,3.946713046376615e-07,1,24.99998684428754,24.99998684428754,0.24999973688582,0.2499998684428754,0.5,24.99998684428754,0.5
14.64,24.99998819077282,1.771383797422033e-05,0.2499997638155123,0.2499998819077282,1.771383797422033e-05,1,0.5,3.542767594844065e-07,1,24.99998819077282,24.99998819077282,0.2499997638155123,0.2499998819077282,0.5,24.99998819077282,0.5
14.7,24.99998928821248,1.60676789817682e-05,0.2499997857642955,0.2499998928821248,1.60676789817682e-05,1,0.5,3.213535796353639e-07,1,24.99998928821248,24.99998928821248,0.2499997857642955,0.2499998928821248,0.5,24.99998928821248,0.5
14.76,24.99999029197935,1.456202909366766e-05,0.2499998058396247,0.2499999029197935,1.456202909366766e-05,1,0.5,2.912405818733532e-07,1,24.99999029197935,24.99999029197935,0.2499998058396247,0.2499999029197935,0.5,24.99999029197935,0.5
14.82,24.99999114316343,1.328525328359031e-05,0.2499998228633,0.2499999114316343,1.328525328359031e-05,1,0.5,2.657050656718063e-07,1,24.99999114316343,24.99999114316343,0.2499998228633,0.2499999114316343,0.5,24.99999114316343,0.5
14.88,24.99999187275122,1.219087184811674e-05,0.2499998374550508,0.2499999187275122,1.219087184811674e-05,1,0.5,2.438174369623347e-07,1,24.99999187275122,24.99999187275122,0.2499998374550508,0.2499999187275122,0.5,24.99999187275122,0.5
14.94,24.99999251172918,1.123240510186863e-05,0.2499998502346061,0.2499999251172918,1.123240510186863e-05,1,0.5,2.246481020373725e-07,1,24.99999251172918,24.99999251172918,0.2499998502346061,0.2499999251172918,0.5,24.99999251172918,0.5
15,24.99999309108381,1.036337333726323e-05,0.2499998618216952,0.2499999309108381,1.036337333726323e-05,1,0.5,2.072674667452645e-07,1,24.99999309108381,24.99999309108381,0.2499998618216952,0.2499999309108381,0.5,24.99999309108381,0.5
15.06,24.99999364180156,9.537296850881116e-06,0.2499998728360474,0.2499999364180156,9.537296850881116e-06,1,0.5,1.907459370176223e-07,1,24.99999364180156,24.99999364180156,0.2499998728360474,0.2499999364180156,0.5,24.99999364180156,0.5
15.12,24.99999419486893,8.707695932363979e-06,0.2499998838973921,0.2499999419486893,8.707695932363979e-06,1,0.5,1.741539186472796e-07,1,24.99999419486893,24.99999419486893,0.2499998838973921,0.2499999419486893,0.5,24.99999419486893,0.5
15.18,24.99999440123979,8.398139690612982e-06,0.2499998880248083,0.2499999440123979,8.398139690612982e-06,1,0.5,1.679627938122596e-07,1,24.99999440123979,24.99999440123979,0.2499998880248083,0.2499999440123979,0.5,24.99999440123979,0.5
15.24,24.99999450979557,8.235306042658763e-06,0.2499998901959234,0.2499999450979557,8.235306042658763e-06,1,0.5,1.647061208531753e-07,1,24.99999450979557,24.99999450979557,0.2499998901959234,0.2499999450979557,0.5,24.99999450979557,0.5
15.3,24.99999454050846,8.189236712363712e-06,0.2499998908101811,0.2499999454050846,8.189236712363712e-06,1,0.5,1.637847342472742e-07,1,24.99999454050846,24.99999454050846,0.2499998908101811,0.2499999454050846,0.5,24.99999454050846,0.5
15.36,24.99999450529218,8.242061130814271e-06,0.2499998901058556,0.2499999450529218,8.242061130814271e-06,1,0.5,1.648412226162854e-07,1,24.99999450529218,24.99999450529218,0.2499998901058556,0.2499999450529218,0.5,24.99999450529218,0.5
15.42,24.99999441606044,8.375908711055757e-06,0.2499998883212213,0.2499999441606044,8.375908711055757e-06,1,0.5,1.675181742211151e-07,1,24.99999441606044,24.99999441606044,0.2499998883212213,0.2499999441606044,0.5,24.99999441606044,0.5
15.48,24.99999428472698,8.572908868909046e-06,0.2499998856945528,0.2499999428472698,8.572908868909046e-06,1,0.5,1.714581773781809e-07,1,24.99999428472698,24.99999428472698,0.2499998856945528,0.2499999428472698,0.5,24.99999428472698,0.5
15.54,24.99999412320552,8.815191027133906e-06,0.2499998824641242,0.2499999412320552,8.815191027133906e-06,1,0.5,1.763038205426781e-07,1,24.99999412320552,24.99999412320552,0.2499998824641242,0.2499999412320552,0.5,24.99999412320552,0.5
15.6,24.99999394340977,9.084884609877886e-06,0.2499998788682101,0.2499999394340977,9.084884609877886e-06,1,0.5,1.816976921975577e-07,1,24.99999394340977,24.99999394340977,0.2499998788682101,0.2499999394340977,0.5,24.99999394340977,0.5
15.66,24.99999375725346,9.364119030186302e-06,0.2499998751450848,0.2499999375725346,9.364119030186302e-06,1,0.5,1.87282380603726e-07,1,24.99999375725346,24.99999375725346,0.2499998751450848,0.2499999375725346,0.5,24.99999375725346,0.5
15.72,24.99999357665031,9.635023710818924e-06,0.2499998715330227,0.2499999357665031,9.635023710818924e-06,1,0.5,1.927004742163785e-07,1,24.99999357665031,24.99999357665031,0.2499998715330227,0.2499999357665031,0.5,24.99999357665031,0.5
15.78,24.99999341351404,9.879728074535521e-06,0.2499998682702981,0.2499999341351404,9.879728074535521e-06,1,0.5,1.975945614907104e-07,1,24.99999341351404,24.99999341351404,0.2499998682702981,0.2499999341351404,0.5,24.99999341351404,0.5
15.84,24.99999327975837,1.008036153299363e-05,0.2499998655951856,0.2499999327975838,1.008036153299363e-05,1,0.5,2.016072306598726e-07,1,24.99999327975837,24.99999327975837,0.2499998655951856,0.2499999327975838,0.5,24.99999327975837,0.5
15.9,24.99999318729704,1.021905350895302e-05,0.2499998637459594,0.2499999318729704,1.021905350895302e-05,1,0.5,2.043810701790605e-07,1,24.99999318729704,24.99999318729704,0.2499998637459594,0.2499999318729704,0.5,24.99999318729704,0.5
15.96,24.99999314804375,1.027793343350014e-05,0.2499998629608938,0.2499999314804375,1.027793343350014e-05,1,0.5,2.055586686700028e-07,1,24.99999314804375,24.99999314804375,0.2499998629608938,0.2499999314804375,0.5,24.99999314804375,0.5
16.02,24.99999320500725,1.019248819511542e-05,0.2499998641001636,0.2499999320500725,1.019248819511542e-05,1,0.5,2.038497639023085e-07,1,24.99999320500725,24.99999320500725,0.2499998641001636,0.2499999320500725,0.5,24.99999320500725,0.5
16.08,24.99999329716522,1.005425127181825e-05,0.2499998659433224,0.2499999329716522,1.005425127181825e-05,1,0.5,2.01085025436365e-07,1,24.99999329716522,24.99999329716522,0.2499998659433224,0.2499999329716522,0.5,24.99999329716522,0.5
16.14,24.99999340925624,9.886114774038113e-06,0.2499998681851421,0.2499999340925624,9.886114774038113e-06,1,0.5,1.977222954807623e-07,1,24.99999340925624,24.99999340925624,0.2499998681851421,0.2499999340925624,0.5,24.99999340925624,0.5
16.2,24.99999354128032,9.68807868512167e-06,0.2499998708256231,0.2499999354128032,9.68807868512167e-06,1,0.5,1.937615737024334e-07,1,24.99999354128032,24.99999354128032,0.2499998708256231,0.2499999354128032,0.5,24.99999354128032,0.5
16.26,24.99999369323746,9.460143007844479e-06,0.2499998738647652,0.2499999369323747,9.460143007844479e-06,1,0.5,1.892028601568896e-07,1,24.99999369323746,24.99999369323746,0.2499998738647652,0.2499999369323747,0.5,24.99999369323746,0.5
16.32,24.99999386512767,9.202307746369875e-06,0.2499998773025684,0.2499999386512767,9.202307746369875e-06,1,0.5,1.840461549273975e-07,1,24.99999386512767,24.99999386512767,0.2499998773025684,0.2499999386512767,0.5,24.99999386512767,0.5
16.38,24.99999405695092,8.914572904861195e-06,0.2499998811390327,0.2499999405695092,8.914572904861195e-06,1,0.5,1.782914580972239e-07,1,24.99999405695092,24.99999405695092,0.2499998811390327,0.2499999405695092,0.5,24.99999405695092,0.5
16.44,24.99999426870725,8.596938469440651e-06,0.2499998853741581,0.2499999426870725,8.596938469440651e-06,1,0.5,1.71938769388813e-07,1,24.99999426870725,24.99999426870725,0.2499998853741581,0.2499999426870725,0.5,24.99999426870725,0.5
16.5,24.99999450039662,8.249404456761589e-06,0.2499998900079446,0.2499999450039662,8.249404456761589e-06,1,0.5,1.649880891352318e-07,1,24.99999450039662,24.99999450039662,0.2499998900079446,0.2499999450039662,0.5,24.99999450039662,0.5
16.56,24.99999475201907,7.871970848782883e-06,0.2499998950403924,0.2499999475201907,7.871970848782883e-06,1,0.5,1.574394169756577e-07,1,24.99999475201907,24.99999475201907,0.2499998950403924,0.2499999475201907,0.5,24.99999475201907,0.5
16.62,24.99999502357456,7.464637659382323e-06,0.2499999004715012,0.2499999502357456,7.464637659382323e-06,1,0.5,1.492927531876465e-07,1,24.99999502357456,24.99999502357456,0.2499999004715012,0.2499999502357456,0.5,24.99999502357456,0.5
16.68,24.99999531506312,7.027404881621013e-06,0.2499999063012712,0.2499999531506312,7.027404881621013e-06,1,0.5,1.405480976324203e-07,1,24.99999531506312,24.99999531506312,0.2499999063012712,0.2499999531506312,0.5,24.99999531506312,0.5
16.74,24.99999562648474,6.560272507172282e-06,0.2499999125297025,0.2499999562648474,6.560272507172282e-06,1,0.5,1.312054501434456e-07,1,24.99999562648474,24.99999562648474,0.2499999125297025,0.2499999562648474,0.5,24.99999562648474,0.5
16.8,24.99999595783942,6.06324054713836e-06,0.2499999191567949,0.2499999595783942,6.06324054713836e-06,1,0.5,1.212648109427672e-07,1,24.99999595783942,24.99999595783942,0.2499999191567949,0.2499999595783942,0.5,24.99999595783942,0.5
16.86,24.99999616512485,5.752312433326967e-06,0.2499999233025028,0.2499999616512485,5.752312433326967e-06,1,0.5,1.150462486665393e-07,1,24.99999616512485,24.99999616512485,0.2499999233025028,0.2499999616512485,0.5,24.99999616512485,0.5
16.92,24.99999626353989,5.604689885807534e-06,0.2499999252708034,0.2499999626353989,5.604689885807534e-06,1,0.5,1.120937977161507e-07,1,24.99999626353989,24.99999626353989,0.2499999252708034,0.2499999626353989,0.5,24.99999626353989,0.5
16.98,24.99999636195493,5.457067341063659e-06,0.2499999272391039,0.2499999636195493,5.457067341063659e-06,1,0.5,1.091413468212732e-07,1,24.99999636195493,24.99999636195493,0.2499999272391039,0.2499999636195493,0.5,24.99999636195493,0.5
17.04,24.99999646036997,5.309444797707563e-06,0.2499999292074044,0.2499999646036997,5.309444797707563e-06,1,0.5,1.061888959541513e-07,1,24.99999646036997,24.99999646036997,0.2499999292074044,0.2499999646036997,0.5,24.99999646036997,0.5
17.1,24.99999655878501,5.161822250188131e-06,0.2499999311757049,0.2499999655878501,5.161822250188131e-06,1,0.5,1.032364450037626e-07,1,24.99999655878501,24.99999655878501,0.2499999311757049,0.2499999655878501,0.5,24.99999655878501,0.5
17.16,24.99999665720005,5.014199706832034e-06,0.2499999331440054,0.2499999665720005,5.014199706832034e-06,1,0.5,1.002839941366407e-07,1,24.99999665720005,24.99999665720005,0.2499999331440054,0.2499999665720005,0.5,24.99999665720005,0.5
17.22,24.99999675561509,4.866577159312602e-06,0.249999935112306,0.2499999675561509,4.866577159312602e-06,1,0.5,9.733154318625203e-08,1,24.99999675561509,24.99999675561509,0.249999935112306,0.2499999675561509,0.5,24.99999675561509,0.5
17.28,24.99999685403013,4.718954613180948e-06,0.2499999370806065,0.2499999685403013,4.718954613180948e-06,1,0.5,9.437909226361896e-08,1,24.99999685403013,24.99999685403013,0.2499999370806065,0.2499999685403013,0.5,24.99999685403013,0.5
17.34,24.99999695244517,4.571332062885958e-06,0.249999939048907,0.2499999695244517,4.571332062885958e-06,1,0.5,9.142664125771915e-08,1,24.99999695244517,24.99999695244517,0.249999939048907,0.2499999695244517,0.5,24.99999695244517,0.5
17.4,24.99999705086021,4.423709516754304e-06,0.2499999410172076,0.2499999705086021,4.423709516754304e-06,1,0.5,8.847419033508608e-08,1,24.99999705086021,24.99999705086021,0.2499999410172076,0.2499999705086021,0.5,24.99999705086021,0.5
17.46,24.99999714927525,4.27608697062265e-06,0.2499999429855082,0.2499999714927525,4.27608697062265e-06,1,0.5,8.5521739412453e-08,1,24.99999714927525,24.99999714927525,0.2499999429855082,0.2499999714927525,0.5,24.99999714927525,0.5
17.52,24.99999724769028,4.128464418939881e-06,0.2499999449538088,0.2499999724769029,4.128464418939881e-06,1,0.5,8.256928837879762e-08,1,24.99999724769028,24.99999724769028,0.2499999449538088,0.2499999724769029,0.5,24.99999724769028,0.5
17.58,24.99999734610532,3.980841872808227e-06,0.2499999469221093,0.2499999734610532,3.980841872808227e-06,1,0.5,7.961683745616455e-08,1,24.99999734610532,24.99999734610532,0.2499999469221093,0.2499999734610532,0.5,24.99999734610532,0.5
17.64,24.99999744452036,3.833219323901016e-06,0.2499999488904099,0.2499999744452036,3.833219323901016e-06,1,0.5,7.666438647802032e-08,1,24.99999744452036,24.99999744452036,0.2499999488904099,0.2499999744452036,0.5,24.99999744452036,0.5
17.7,24.9999975429354,3.685596772218247e-06,0.2499999508587105,0.249999975429354,3.685596772218247e-06,1,0.5,7.371193544436494e-08,1,24.9999975429354,24.9999975429354,0.2499999508587105,0.249999975429354,0.5,24.9999975429354,0.5
17.76,24.99999764135044,3.537974220535478e-06,0.2499999528270111,0.2499999764135044,3.537974220535478e-06,1,0.5,7.075948441070956e-08,1,24.99999764135044,24.99999764135044,0.2499999528270111,0.2499999764135044,0.5,24.99999764135044,0.5
17.82,24.99999773976548,3.390351671628267e-06,0.2499999547953117,0.2499999773976548,3.390351671628267e-06,1,0.5,6.780703343256533e-08,1,24.99999773976548,24.99999773976548,0.2499999547953117,0.2499999773976548,0.5,24.99999773976548,0.5
17.88,24.99999783818052,3.242729122721055e-06,0.2499999567636123,0.2499999783818052,3.242729122721055e-06,1,0.5,6.485458245442111e-08,1,24.99999783818052,24.99999783818052,0.2499999567636123,0.2499999783818052,0.5,24.99999783818052,0.5
17.94,24.99999793659556,3.095106569650508e-06,0.249999958731913,0.2499999793659556,3.095106569650508e-06,1,0.5,6.190213139301015e-08,1,24.99999793659556,24.99999793659556,0.249999958731913,0.2499999793659556,0.5,24.99999793659556,0.5
18,24.9999980350106,2.947484017967739e-06,0.2499999607002136,0.249999980350106,2.947484017967739e-06,1,0.5,5.894968035935477e-08,1,24.9999980350106,24.9999980350106,0.2499999607002136,0.249999980350106,0.5,24.9999980350106,0.5
18.06,24.99999813342564,2.799861469060527e-06,0.2499999626685142,0.2499999813342564,2.799861469060527e-06,1,0.5,5.599722938121054e-08,1,24.99999813342564,24.99999813342564,0.2499999626685142,0.2499999813342564,0.5,24.99999813342564,0.5
18.12,24.99999823184068,2.65223891598998e-06,0.2499999646368149,0.2499999823184068,2.65223891598998e-06,1,0.5,5.304477831979959e-08,1,24.99999823184068,24.99999823184068,0.2499999646368149,0.2499999823184068,0.5,24.99999823184068,0.5
18.18,24.99999833025572,2.504616360143874e-06,0.2499999666051156,0.2499999833025572,2.504616360143874e-06,1,0.5,5.009232720287748e-08,1,24.99999833025572,24.99999833025572,0.2499999666051156,0.2499999833025572,0.5,24.99999833025572,0.5
18.24,24.99999842867076,2.356993808461105e-06,0.2499999685734162,0.2499999842867076,2.356993808461105e-06,1,0.5,4.713987616922211e-08,1,24.99999842867076,24.99999842867076,0.2499999685734162,0.2499999842867076,0.5,24.99999842867076,0.5
18.3,24.9999985270858,2.209371256778336e-06,0.2499999705417169,0.249999985270858,2.209371256778336e-06,1,0.5,4.418742513556673e-08,1,24.9999985270858,24.9999985270858,0.2499999705417169,0.249999985270858,0.5,24.9999985270858,0.5
18.36,24.99999862550084,2.061748700932231e-06,0.2499999725100176,0.2499999862550084,2.061748700932231e-06,1,0.5,4.123497401864462e-08,1,24.99999862550084,24.99999862550084,0.2499999725100176,0.2499999862550084,0.5,24.99999862550084,0.5
18.42,24.99999872391588,1.914126145086126e-06,0.2499999744783183,0.2499999872391588,1.914126145086126e-06,1,0.5,3.828252290172252e-08,1,24.99999872391588,24.99999872391588,0.2499999744783183,0.2499999872391588,0.5,24.99999872391588,0.5
18.48,24.99999882233092,1.766503592015578e-06,0.2499999764466189,0.2499999882233092,1.766503592015578e-06,1,0.5,3.533007184031156e-08,1,24.99999882233092,24.99999882233092,0.2499999764466189,0.2499999882233092,0.5,24.99999882233092,0.5
18.54,24.9999989088294,1.636755871115003e-06,0.2499999781765886,0.249999989088294,1.636755871115003e-06,1,0.5,3.273511742230006e-08,1,24.9999989088294,24.9999989088294,0.2499999781765886,0.249999989088294,0.5,24.9999989088294,0.5
18.6,24.99999892492423,1.612613623191983e-06,0.2499999784984852,0.2499999892492424,1.612613623191983e-06,1,0.5,3.225227246383966e-08,1,24.99999892492423,24.99999892492423,0.2499999784984852,0.2499999892492424,0.5,24.99999892492423,0.5
18.66,24.99999894101907,1.588471380820078e-06,0.2499999788203817,0.2499999894101907,1.588471380820078e-06,1,0.5,3.176942761640156e-08,1,24.99999894101907,24.99999894101907,0.2499999788203817,0.2499999894101907,0.5,24.99999894101907,0.5
18.72,24.9999989571139,1.564329135672615e-06,0.2499999791422783,0.2499999895711389,1.564329135672615e-06,1,0.5,3.12865827134523e-08,1,24.9999989571139,24.9999989571139,0.2499999791422783,0.2499999895711389,0.5,24.9999989571139,0.5
18.78,24.99999897320873,1.540186890525153e-06,0.2499999794641749,0.2499999897320873,1.540186890525153e-06,1,0.5,3.080373781050305e-08,1,24.99999897320873,24.99999897320873,0.2499999794641749,0.2499999897320873,0.5,24.99999897320873,0.5
18.84,24.99999898930355,1.516044649541026e-06,0.2499999797860715,0.2499999898930355,1.516044649541026e-06,1,0.5,3.032089299082052e-08,1,24.99999898930355,24.99999898930355,0.2499999797860715,0.2499999898930355,0.5,24.99999898930355,0.5
18.9,24.99999900539838,1.491902404393564e-06,0.2499999801079681,0.2499999900539838,1.491902404393564e-06,1,0.5,2.983804808787127e-08,1,24.99999900539838,24.99999900539838,0.2499999801079681,0.2499999900539838,0.5,24.99999900539838,0.5
18.96,24.99999902149321,1.467760162021658e-06,0.2499999804298646,0.2499999902149321,1.467760162021658e-06,1,0.5,2.935520324043317e-08,1,24.99999902149321,24.99999902149321,0.2499999804298646,0.2499999902149321,0.5,24.99999902149321,0.5
19.02,24.99999903758804,1.443617915486417e-06,0.2499999807517612,0.2499999903758804,1.443617915486417e-06,1,0.5,2.887235830972834e-08,1,24.99999903758804,24.99999903758804,0.2499999807517612,0.2499999903758804,0.5,24.99999903758804,0.5
19.08,24.99999905368287,1.419475670338954e-06,0.2499999810736578,0.2499999905368288,1.419475670338954e-06,1,0.5,2.838951340677909e-08,1,24.99999905368287,24.99999905368287,0.2499999810736578,0.2499999905368288,0.5,24.99999905368287,0.5
19.14,24.9999990697777,1.395333427967049e-06,0.2499999813955544,0.249999990697777,1.395333427967049e-06,1,0.5,2.790666855934099e-08,1,24.9999990697777,24.9999990697777,0.2499999813955544,0.249999990697777,0.5,24.9999990697777,0.5
19.2,24.99999908587253,1.371191180044029e-06,0.249999981717451,0.2499999908587253,1.371191180044029e-06,1,0.5,2.742382360088058e-08,1,24.99999908587253,24.99999908587253,0.249999981717451,0.2499999908587253,0.5,24.99999908587253,0.5
19.26,24.99999910196737,1.347048937672124e-06,0.2499999820393476,0.2499999910196737,1.347048937672124e-06,1,0.5,2.694097875344248e-08,1,24.99999910196737,24.99999910196737,0.2499999820393476,0.2499999910196737,0.5,24.99999910196737,0.5
19.32,24.9999991180622,1.322906689749104e-06,0.2499999823612442,0.249999991180622,1.322906689749104e-06,1,0.5,2.645813379498207e-08,1,24.9999991180622,24.9999991180622,0.2499999823612442,0.249999991180622,0.5,24.9999991180622,0.5
19.38,24.99999913415702,1.298764448764977e-06,0.2499999826831408,0.2499999913415702,1.298764448764977e-06,1,0.5,2.597528897529955e-08,1,24.99999913415702,24.99999913415702,0.2499999826831408,0.2499999913415702,0.5,24.99999913415702,0.5
19.44,24.99999915025185,1.274622206393072e-06,0.2499999830050374,0.2499999915025185,1.274622206393072e-06,1,0.5,2.549244412786145e-08,1,24.99999915025185,24.99999915025185,0.2499999830050374,0.2499999915025185,0.5,24.99999915025185,0.5
19.5,24.99999916634668,1.250479958470052e-06,0.249999983326934,0.2499999916634668,1.250479958470052e-06,1,0.5,2.500959916940104e-08,1,24.99999916634668,24.99999916634668,0.249999983326934,0.2499999916634668,0.5,24.99999916634668,0.5
19.56,24.99999918244151,1.226337716098147e-06,0.2499999836488306,0.2499999918244152,1.226337716098147e-06,1,0.5,2.452675432196294e-08,1,24.99999918244151,24.99999918244151,0.2499999836488306,0.2499999918244152,0.5,24.99999918244151,0.5
19.62,24.99999919853634,1.202195470950684e-06,0.2499999839707271,0.2499999919853634,1.202195470950684e-06,1,0.5,2.404390941901369e-08,1,24.99999919853634,24.99999919853634,0.2499999839707271,0.2499999919853634,0.5,24.99999919853634,0.5
19.68,24.99999921463117,1.178053225803222e-06,0.2499999842926237,0.2499999921463117,1.178053225803222e-06,1,0.5,2.356106451606443e-08,1,24.99999921463117,24.99999921463117,0.2499999842926237,0.2499999921463117,0.5,24.99999921463117,0.5
19.74,24.999999230726,1.153910980655759e-06,0.2499999846145203,0.2499999923072601,1.153910980655759e-06,1,0.5,2.307821961311518e-08,1,24.999999230726,24.999999230726,0.2499999846145203,0.2499999923072601,0.5,24.999999230726,0.5
19.8,24.99999924682083,1.129768735508296e-06,0.2499999849364169,0.2499999924682084,1.129768735508296e-06,1,0.5,2.259537471016593e-08,1,24.99999924682083,24.99999924682083,0.2499999849364169,0.2499999924682084,0.5,24.99999924682083,0.5
19.86,24.99999926291567,1.105626493136391e-06,0.2499999852583135,0.2499999926291566,1.105626493136391e-06,1,0.5,2.211252986272783e-08,1,24.99999926291567,24.99999926291567,0.2499999852583135,0.2499999926291566,0.5,24.99999926291567,0.5
19.92,24.9999992790105,1.081484243825592e-06,0.2499999855802101,0.249999992790105,1.081484243825592e-06,1,0.5,2.162968487651185e-08,1,24.9999992790105,24.9999992790105,0.2499999855802101,0.249999992790105,0.5,24.9999992790105,0.5
19.98,24.99999929510532,1.057342004229245e-06,0.2499999859021067,0.2499999929510532,1.057342004229245e-06,1,0.5,2.114684008458489e-08,1,24.99999929510532,24.99999929510532,0.2499999859021067,0.2499999929510532,0.5,24.99999929510532,0.5
20.04,24.99999931120015,1.03319976185734e-06,0.2499999862240033,0.2499999931120015,1.03319976185734e-06,1,0.5,2.066399523714679e-08,1,24.99999931120015,24.99999931120015,0.2499999862240033,0.2499999931120015,0.5,24.99999931120015,0.5
20.1,24.99999932729498,1.009057513934319e-06,0.2499999865458999,0.2499999932729498,1.009057513934319e-06,1,0.5,2.018115027868639e-08,1,24.99999932729498,24.99999932729498,0.2499999865458999,0.2499999932729498,0.5,24.99999932729498,0.5
20.16,24.99999934338981,9.849152715624143e-07,0.2499999868677965,0.2499999934338981,9.849152715624143e-07,1,0.5,1.969830543124829e-08,1,24.99999934338981,24.99999934338981,0.2499999868677965,0.2499999934338981,0.5,24.99999934338981,0.5
20.22,24.99999935948464,9.607730236393941e-07,0.249999987189693,0.2499999935948465,9.607730236393941e-07,1,0.5,1.921546047278788e-08,1,24.99999935948464,24.99999935948464,0.249999987189693,0.2499999935948465,0.5,24.99999935948464,0.5
20.28,24.99999937557947,9.366307798797102e-07,0.2499999875115897,0.2499999937557947,9.366307798797102e-07,1,0.5,1.87326155975942e-08,1,24.99999937557947,24.99999937557947,0.2499999875115897,0.2499999937557947,0.5,24.99999937557947,0.5
20.34,24.9999993916743,9.124885347322476e-07,0.2499999878334863,0.249999993916743,9.124885347322476e-07,1,0.5,1.824977069464495e-08,1,24.9999993916743,24.9999993916743,0.2499999878334863,0.249999993916743,0.5,24.9999993916743,0.5
20.4,24.99999940776913,8.883462895847849e-07,0.2499999881553829,0.2499999940776914,8.883462895847849e-07,1,0.5,1.77669257916957e-08,1,24.99999940776913,24.99999940776913,0.2499999881553829,0.2499999940776914,0.5,24.99999940776913,0.5
20.46,24.99999942386397,8.642040444373222e-07,0.2499999884772794,0.2499999942386397,8.642040444373222e-07,1,0.5,1.728408088874644e-08,1,24.99999942386397,24.99999942386397,0.2499999884772794,0.2499999942386397,0.5,24.99999942386397,0.5
20.52,24.99999943995879,8.400618048409747e-07,0.249999988799176,0.2499999943995879,8.400618048409747e-07,1,0.5,1.680123609681949e-08,1,24.99999943995879,24.99999943995879,0.249999988799176,0.2499999943995879,0.5,24.99999943995879,0.5
20.58,24.99999945605362,8.159195583057333e-07,0.2499999891210726,0.2499999945605362,8.159195583057333e-07,1,0.5,1.631839116611467e-08,1,24.99999945605362,24.99999945605362,0.2499999891210726,0.2499999945605362,0.5,24.99999945605362,0.5
20.64,24.99999947214845,7.917773131582706e-07,0.2499999894429692,0.2499999947214845,7.917773131582706e-07,1,0.5,1.583554626316541e-08,1,24.99999947214845,24.99999947214845,0.2499999894429692,0.2499999947214845,0.5,24.99999947214845,0.5
20.7,24.99999948824328,7.676350680108079e-07,0.2499999897648658,0.2499999948824328,7.676350680108079e-07,1,0.5,1.535270136021616e-08,1,24.99999948824328,24.99999948824328,0.2499999897648658,0.2499999948824328,0.5,24.99999948824328,0.5
20.76,24.99999950433811,7.434928256389028e-07,0.2499999900867624,0.2499999950433811,7.434928256389028e-07,1,0.5,1.486985651277806e-08,1,24.99999950433811,24.99999950433811,0.2499999900867624,0.2499999950433811,0.5,24.99999950433811,0.5
20.82,24.99999952043294,7.193505777158826e-07,0.249999990408659,0.2499999952043294,7.193505777158826e-07,1,0.5,1.438701155431765e-08,1,24.99999952043294,24.99999952043294,0.249999990408659,0.2499999952043294,0.5,24.99999952043294,0.5
20.88,24.99999953652777,6.952083353439775e-07,0.2499999907305556,0.2499999953652778,6.952083353439775e-07,1,0.5,1.390416670687955e-08,1,24.99999953652777,24.99999953652777,0.2499999907305556,0.2499999953652778,0.5,24.99999953652777,0.5
20.94,24.9999995526226,6.710660901965149e-07,0.2499999910524522,0.249999995526226,6.710660901965149e-07,1,0.5,1.34213218039303e-08,1,24.9999995526226,24.9999995526226,0.2499999910524522,0.249999995526226,0.5,24.9999995526226,0.5
21,24.99999956871743,6.469238422734946e-07,0.2499999913743488,0.2499999956871743,6.469238422734946e-07,1,0.5,1.293847684546989e-08,1,24.99999956871743,24.99999956871743,0.2499999913743488,0.2499999956871743,0.5,24.99999956871743,0.5
21.06,24.99999958481226,6.227816040649259e-07,0.2499999916962453,0.2499999958481226,6.227816040649259e-07,1,0.5,1.245563208129852e-08,1,24.99999958481226,24.99999958481226,0.2499999916962453,0.2499999958481226,0.5,24.99999958481226,0.5
21.12,24.99999960090709,5.986393589174632e-07,0.2499999920181419,0.2499999960090709,5.986393589174632e-07,1,0.5,1.197278717834926e-08,1,24.99999960090709,24.99999960090709,0.2499999920181419,0.2499999960090709,0.5,24.99999960090709,0.5
21.18,24.99999961700192,5.744971137700006e-07,0.2499999923400385,0.2499999961700192,5.744971137700006e-07,1,0.5,1.148994227540001e-08,1,24.99999961700192,24.99999961700192,0.2499999923400385,0.2499999961700192,0.5,24.99999961700192,0.5
21.24,24.99999963309675,5.503548686225379e-07,0.2499999926619351,0.2499999963309675,5.503548686225379e-07,1,0.5,1.100709737245076e-08,1,24.99999963309675,24.99999963309675,0.2499999926619351,0.2499999963309675,0.5,24.99999963309675,0.5
21.3,24.99999964919158,5.262126206995177e-07,0.2499999929838317,0.2499999964919158,5.262126206995177e-07,1,0.5,1.052425241399035e-08,1,24.99999964919158,24.99999964919158,0.2499999929838317,0.2499999964919158,0.5,24.99999964919158,0.5
21.36,24.99999966528641,5.020703783276126e-07,0.2499999933057283,0.2499999966528641,5.020703783276126e-07,1,0.5,1.004140756655225e-08,1,24.99999966528641,24.99999966528641,0.2499999933057283,0.2499999966528641,0.5,24.99999966528641,0.5
21.42,24.99999968138124,4.779281304045924e-07,0.2499999936276249,0.2499999968138124,4.779281304045924e-07,1,0.5,9.558562608091847e-09,1,24.99999968138124,24.99999968138124,0.2499999936276249,0.2499999968138124,0.5,24.99999968138124,0.5
21.48,24.99999969747607,4.537858880326873e-07,0.2499999939495215,0.2499999969747607,4.537858880326873e-07,1,0.5,9.075717760653745e-09,1,24.99999969747607,24.99999969747607,0.2499999939495215,0.2499999969747607,0.5,24.99999969747607,0.5
21.54,24.9999997135709,4.29643640109667e-07,0.2499999942714181,0.2499999971357091,4.29643640109667e-07,1,0.5,8.592872802193341e-09,1,24.9999997135709,24.9999997135709,0.2499999942714181,0.2499999971357091,0.5,24.9999997135709,0.5
21.6,24.99999972966573,4.055013977377619e-07,0.2499999945933147,0.2499999972966574,4.055013977377619e-07,1,0.5,8.110027954755239e-09,1,24.99999972966573,24.99999972966573,0.2499999945933147,0.2499999972966574,0.5,24.99999972966573,0.5
21.66,24.99999974576056,3.813591567536356e-07,0.2499999949152113,0.2499999974576056,3.813591567536356e-07,1,0.5,7.627183135072713e-09,1,24.99999974576056,24.99999974576056,0.2499999949152113,0.2499999974576056,0.5,24.99999974576056,0.5
21.72,24.99999976185539,3.572169088306154e-07,0.2499999952371079,0.2499999976185539,3.572169088306154e-07,1,0.5,7.144338176612308e-09,1,24.99999976185539,24.99999976185539,0.2499999952371079,0.2499999976185539,0.5,24.99999976185539,0.5
21.78,24.99999977795022,3.330746664587103e-07,0.2499999955590045,0.2499999977795022,3.330746664587103e-07,1,0.5,6.661493329174206e-09,1,24.99999977795022,24.99999977795022,0.2499999955590045,0.2499999977795022,0.5,24.99999977795022,0.5
21.84,24.99999979404505,3.089324185356901e-07,0.2499999958809011,0.2499999979404505,3.089324185356901e-07,1,0.5,6.178648370713802e-09,1,24.99999979404505,24.99999979404505,0.2499999958809011,0.2499999979404505,0.5,24.99999979404505,0.5
21.9,24.99999981013988,2.847901733882274e-07,0.2499999962027977,0.2499999981013988,2.847901733882274e-07,1,0.5,5.695803467764549e-09,1,24.99999981013988,24.99999981013988,0.2499999962027977,0.2499999981013988,0.5,24.99999981013988,0.5
21.96,24.9999998216197,2.6757044496728e-07,0.2499999964323941,0.249999998216197,2.6757044496728e-07,1,0.5,5.3514088993456e-09,1,24.9999998216197,24.9999998216197,0.2499999964323941,0.249999998216197,0.5,24.9999998216197,0.5
22.02,24.99999982305298,2.654205327745629e-07,0.2499999964610596,0.2499999982305298,2.654205327745629e-07,1,0.5,5.308410655491258e-09,1,24.99999982305298,24.99999982305298,0.2499999964610596,0.2499999982305298,0.5,24.99999982305298,0.5
22.08,24.99999982448625,2.63270619194067e-07,0.2499999964897251,0.2499999982448625,2.63270619194067e-07,1,0.5,5.26541238388134e-09,1,24.99999982448625,24.99999982448625,0.2499999964897251,0.2499999982448625,0.5,24.99999982448625,0.5
22.14,24.99999982591953,2.611207042257924e-07,0.2499999965183906,0.2499999982591953,2.611207042257924e-07,1,0.5,5.222414084515847e-09,1,24.99999982591953,24.99999982591953,0.2499999965183906,0.2499999982591953,0.5,24.99999982591953,0.5
22.2,24.99999982735281,2.589707920330753e-07,0.2499999965470561,0.2499999982735281,2.589707920330753e-07,1,0.5,5.179415840661505e-09,1,24.99999982735281,24.99999982735281,0.2499999965470561,0.2499999982735281,0.5,24.99999982735281,0.5
22.26,24.99999982878608,2.568208715136855e-07,0.2499999965757217,0.2499999982878608,2.568208715136855e-07,1,0.5,5.13641743027371e-09,1,24.99999982878608,24.99999982878608,0.2499999965757217,0.2499999982878608,0.5,24.99999982878608,0.5
22.32,24.99999983021936,2.546709593209684e-07,0.2499999966043872,0.2499999983021936,2.546709593209684e-07,1,0.5,5.093419186419368e-09,1,24.99999983021936,24.99999983021936,0.2499999966043872,0.2499999983021936,0.5,24.99999983021936,0.5
22.38,24.99999983165263,2.525210485160301e-07,0.2499999966330527,0.2499999983165263,2.525210485160301e-07,1,0.5,5.050420970320602e-09,1,24.99999983165263,24.99999983165263,0.2499999966330527,0.2499999983165263,0.5,24.99999983165263,0.5
22.44,24.99999983308591,2.503711307721979e-07,0.2499999966617183,0.2499999983308591,2.503711307721979e-07,1,0.5,5.007422615443957e-09,1,24.99999983308591,24.99999983308591,0.2499999966617183,0.2499999983308591,0.5,24.99999983308591,0.5
22.5,24.99999983451919,2.482212185794808e-07,0.2499999966903838,0.2499999983451919,2.482212185794808e-07,1,0.5,4.964424371589615e-09,1,24.99999983451919,24.99999983451919,0.2499999966903838,0.2499999983451919,0.5,24.99999983451919,0.5
22.56,24.99999983595247,2.460713008356485e-07,0.2499999967190493,0.2499999983595247,2.460713008356485e-07,1,0.5,4.921426016712971e-09,1,24.99999983595247,24.99999983595247,0.2499999967190493,0.2499999983595247,0.5,24.99999983595247,0.5
22.62,24.99999983738574,2.439213872551527e-07,0.2499999967477148,0.2499999983738574,2.439213872551527e-07,1,0.5,4.878427745103053e-09,1,24.99999983738574,24.99999983738574,0.2499999967477148,0.2499999983738574,0.5,24.99999983738574,0.5
22.68,24.99999983881902,2.417714695113204e-07,0.2499999967763804,0.2499999983881902,2.417714695113204e-07,1,0.5,4.835429390226409e-09,1,24.99999983881902,24.99999983881902,0.2499999967763804,0.2499999983881902,0.5,24.99999983881902,0.5
22.74,24.99999984025229,2.396215573186034e-07,0.2499999968050459,0.2499999984025229,2.396215573186034e-07,1,0.5,4.792431146372067e-09,1,24.99999984025229,24.99999984025229,0.2499999968050459,0.2499999984025229,0.5,24.99999984025229,0.5
22.8,24.99999984168557,2.374716437381075e-07,0.2499999968337114,0.2499999984168557,2.374716437381075e-07,1,0.5,4.749432874762149e-09,1,24.99999984168557,24.99999984168557,0.2499999968337114,0.2499999984168557,0.5,24.99999984168557,0.5
22.86,24.99999984311885,2.353217287698328e-07,0.2499999968623769,0.2499999984311885,2.353217287698328e-07,1,0.5,4.706434575396656e-09,1,24.99999984311885,24.99999984311885,0.2499999968623769,0.2499999984311885,0.5,24.99999984311885,0.5
22.92,24.99999984455212,2.331718165771157e-07,0.2499999968910424,0.2499999984455212,2.331718165771157e-07,1,0.5,4.663436331542314e-09,1,24.99999984455212,24.99999984455212,0.2499999968910424,0.2499999984455212,0.5,24.99999984455212,0.5
22.98,24.9999998459854,2.310218988332835e-07,0.249999996919708,0.249999998459854,2.310218988332835e-07,1,0.5,4.62043797666567e-09,1,24.9999998459854,24.9999998459854,0.249999996919708,0.249999998459854,0.5,24.9999998459854,0.5
23.04,24.99999984741867,2.288719866405664e-07,0.2499999969483735,0.2499999984741867,2.288719866405664e-07,1,0.5,4.577439732811328e-09,1,24.99999984741867,24.99999984741867,0.2499999969483735,0.2499999984741867,0.5,24.99999984741867,0.5
23.1,24.99999984885195,2.267220716722917e-07,0.2499999969770391,0.2499999984885195,2.267220716722917e-07,1,0.5,4.534441433445835e-09,1,24.99999984885195,24.99999984885195,0.2499999969770391,0.2499999984885195,0.5,24.99999984885195,0.5
23.16,24.99999985028523,2.245721580917959e-07,0.2499999970057046,0.2499999985028523,2.245721580917959e-07,1,0.5,4.491443161835917e-09,1,24.99999985028523,24.99999985028523,0.2499999970057046,0.2499999985028523,0.5,24.99999985028523,0.5
23.22,24.9999998517185,2.224222458990788e-07,0.2499999970343701,0.249999998517185,2.224222458990788e-07,1,0.5,4.448444917981575e-09,1,24.9999998517185,24.9999998517185,0.2499999970343701,0.249999998517185,0.5,24.9999998517185,0.5
23.28,24.99999985315178,2.202723281552466e-07,0.2499999970630357,0.2499999985315178,2.202723281552466e-07,1,0.5,4.405446563104931e-09,1,24.99999985315178,24.99999985315178,0.2499999970630357,0.2499999985315178,0.5,24.99999985315178,0.5
23.34,24.99999985458506,2.181224173503082e-07,0.2499999970917011,0.2499999985458506,2.181224173503082e-07,1,0.5,4.362448347006165e-09,1,24.99999985458506,24.99999985458506,0.2499999970917011,0.2499999985458506,0.5,24.99999985458506,0.5
23.4,24.99999985601833,2.159724968309185e-07,0.2499999971203667,0.2499999985601833,2.159724968309185e-07,1,0.5,4.319449936618369e-09,1,24.99999985601833,24.99999985601833,0.2499999971203667,0.2499999985601833,0.5,24.99999985601833,0.5
23.46,24.99999985745161,2.138225846382014e-07,0.2499999971490322,0.2499999985745161,2.138225846382014e-07,1,0.5,4.276451692764027e-09,1,24.99999985745161,24.99999985745161,0.2499999971490322,0.2499999985745161,0.5,24.99999985745161,0.5
23.52,24.99999985888488,2.11672673833263e-07,0.2499999971776977,0.2499999985888488,2.11672673833263e-07,1,0.5,4.233453476665261e-09,1,24.99999985888488,24.99999985888488,0.2499999971776977,0.2499999985888488,0.5,24.99999985888488,0.5
23.58,24.99999986031816,2.095227560894308e-07,0.2499999972063633,0.2499999986031816,2.095227560894308e-07,1,0.5,4.190455121788617e-09,1,24.99999986031816,24.99999986031816,0.2499999972063633,0.2499999986031816,0.5,24.99999986031816,0.5
23.64,24.99999986175144,2.073728438967137e-07,0.2499999972350287,0.2499999986175144,2.073728438967137e-07,1,0.5,4.147456877934275e-09,1,24.99999986175144,24.99999986175144,0.2499999972350287,0.2499999986175144,0.5,24.99999986175144,0.5
23.7,24.99999986318472,2.05222923377324e-07,0.2499999972636943,0.2499999986318472,2.05222923377324e-07,1,0.5,4.104458467546479e-09,1,24.99999986318472,24.99999986318472,0.2499999972636943,0.2499999986318472,0.5,24.99999986318472,0.5
23.76,24.99999986461799,2.030730111846069e-07,0.2499999972923598,0.2499999986461799,2.030730111846069e-07,1,0.5,4.061460223692137e-09,1,24.99999986461799,24.99999986461799,0.2499999972923598,0.2499999986461799,0.5,24.99999986461799,0.5
23.82,24.99999986605127,2.009230962163322e-07,0.2499999973210254,0.2499999986605127,2.009230962163322e-07,1,0.5,4.018461924326644e-09,1,24.99999986605127,24.99999986605127,0.2499999973210254,0.2499999986605127,0.5,24.99999986605127,0.5
23.88,24.99999986748454,1.987731826358363e-07,0.2499999973496909,0.2499999986748454,1.987731826358363e-07,1,0.5,3.975463652716726e-09,1,24.99999986748454,24.99999986748454,0.2499999973496909,0.2499999986748454,0.5,24.99999986748454,0.5
23.94,24.99999986891782,1.966232704431192e-07,0.2499999973783564,0.2499999986891782,1.966232704431192e-07,1,0.5,3.932465408862384e-09,1,24.99999986891782,24.99999986891782,0.2499999973783564,0.2499999986891782,0.5,24.99999986891782,0.5
24,24.9999998703511,1.94473352699287e-07,0.249999997407022,0.249999998703511,1.94473352699287e-07,1,0.5,3.88946705398574e-09,1,24.9999998703511,24.9999998703511,0.249999997407022,0.249999998703511,0.5,24.9999998703511,0.5
24.06,24.99999987178437,1.923234418943487e-07,0.2499999974356874,0.2499999987178437,1.923234418943487e-07,1,0.5,3.846468837886974e-09,1,24.99999987178437,24.99999987178437,0.2499999974356874,0.2499999987178437,0.5,24.99999987178437,0.5
24.12,24.99999987321765,1.901735241505165e-07,0.249999997464353,0.2499999987321765,1.901735241505165e-07,1,0.5,3.803470483010329e-09,1,24.99999987321765,24.99999987321765,0.249999997464353,0.2499999987321765,0.5,24.99999987321765,0.5
24.18,24.99999987465092,1.880236119577994e-07,0.2499999974930185,0.2499999987465092,1.880236119577994e-07,1,0.5,3.760472239155987e-09,1,24.99999987465092,24.99999987465092,0.2499999974930185,0.2499999987465092,0.5,24.99999987465092,0.5
24.24,24.9999998760842,1.858736969895247e-07,0.2499999975216841,0.249999998760842,1.858736969895247e-07,1,0.5,3.717473939790494e-09,1,24.9999998760842,24.9999998760842,0.2499999975216841,0.249999998760842,0.5,24.9999998760842,0.5
24.3,24.99999987751748,1.837237834090288e-07,0.2499999975503496,0.2499999987751748,1.837237834090288e-07,1,0.5,3.674475668180577e-09,1,24.99999987751748,24.99999987751748,0.2499999975503496,0.2499999987751748,0.5,24.99999987751748,0.5
24.36,24.99999987895075,1.815738712163117e-07,0.2499999975790151,0.2499999987895075,1.815738712163117e-07,1,0.5,3.631477424326235e-09,1,24.99999987895075,24.99999987895075,0.2499999975790151,0.2499999987895075,0.5,24.99999987895075,0.5
24.42,24.99999988038403,1.79423950696922e-07,0.2499999976076807,0.2499999988038403,1.79423950696922e-07,1,0.5,3.588479013938439e-09,1,24.99999988038403,24.99999988038403,0.2499999976076807,0.2499999988038403,0.5,24.99999988038403,0.5
24.48,24.99999988181731,1.772740412797624e-07,0.2499999976363461,0.2499999988181731,1.772740412797624e-07,1,0.5,3.545480825595249e-09,1,24.99999988181731,24.99999988181731,0.2499999976363461,0.2499999988181731,0.5,24.99999988181731,0.5
24.54,24.99999988325058,1.751241235359302e-07,0.2499999976650117,0.2499999988325058,1.751241235359302e-07,1,0.5,3.502482470718604e-09,1,24.99999988325058,24.99999988325058,0.2499999976650117,0.2499999988325058,0.5,24.99999988325058,0.5
24.6,24.99999988468386,1.729742099554343e-07,0.2499999976936772,0.2499999988468386,1.729742099554343e-07,1,0.5,3.459484199108687e-09,1,24.99999988468386,24.99999988468386,0.2499999976936772,0.2499999988468386,0.5,24.99999988468386,0.5
24.66,24.99999988611713,1.708242977627172e-07,0.2499999977223427,0.2499999988611714,1.708242977627172e-07,1,0.5,3.416485955254345e-09,1,24.99999988611713,24.99999988611713,0.2499999977223427,0.2499999988611714,0.5,24.99999988611713,0.5
24.72,24.99999988755041,1.686743772433275e-07,0.2499999977510083,0.2499999988755041,1.686743772433275e-07,1,0.5,3.373487544866549e-09,1,24.99999988755041,24.99999988755041,0.2499999977510083,0.2499999988755041,0.5,24.99999988755041,0.5
24.78,24.99999988898369,1.665244692139467e-07,0.2499999977796737,0.2499999988898369,1.665244692139467e-07,1,0.5,3.330489384278934e-09,1,24.99999988898369,24.99999988898369,0.2499999977796737,0.2499999988898369,0.5,24.99999988898369,0.5
24.84,24.99999989041697,1.643745486945569e-07,0.2499999978083393,0.2499999989041697,1.643745486945569e-07,1,0.5,3.287490973891138e-09,1,24.99999989041697,24.99999989041697,0.2499999978083393,0.2499999989041697,0.5,24.99999989041697,0.5
24.9,24.99999989185024,1.622246365018398e-07,0.2499999978370048,0.2499999989185024,1.622246365018398e-07,1,0.5,3.244492730036797e-09,1,24.99999989185024,24.99999989185024,0.2499999978370048,0.2499999989185024,0.5,24.99999989185024,0.5
24.96,24.99999989328352,1.600747215335652e-07,0.2499999978656704,0.2499999989328352,1.600747215335652e-07,1,0.5,3.201494430671303e-09,1,24.99999989328352,24.99999989328352,0.2499999978656704,0.2499999989328352,0.5,24.99999989328352,0.5
25.02,24.99999989471679,1.579248079530693e-07,0.2499999978943359,0.249999998947168,1.579248079530693e-07,1,0.5,3.158496159061386e-09,1,24.99999989471679,24.99999989471679,0.2499999978943359,0.249999998947168,0.5,24.99999989471679,0.5
25.08,24.99999989615007,1.557748957603522e-07,0.2499999979230014,0.2499999989615007,1.557748957603522e-07,1,0.5,3.115497915207044e-09,1,24.99999989615007,24.99999989615007,0.2499999979230014,0.2499999989615007,0.5,24.99999989615007,0.5
25.14,24.99999989758335,1.5362497801652e-07,0.249999997951667,0.2499999989758335,1.5362497801652e-07,1,0.5,3.0724995603304e-09,1,24.99999989758335,24.99999989758335,0.249999997951667,0.2499999989758335,0.5,24.99999989758335,0.5
25.2,24.99999989901662,1.514750658238029e-07,0.2499999979803325,0.2499999989901662,1.514750658238029e-07,1,0.5,3.029501316476058e-09,1,24.99999989901662,24.99999989901662,0.2499999979803325,0.2499999989901662,0.5,24.99999989901662,0.5
25.26,24.9999999004499,1.493251494677494e-07,0.249999998008998,0.249999999004499,1.493251494677494e-07,1,0.5,2.986502989354989e-09,1,24.9999999004499,24.9999999004499,0.249999998008998,0.249999999004499,0.5,24.9999999004499,0.5
25.32,24.99999990188318,1.471752372750323e-07,0.2499999980376635,0.2499999990188318,1.471752372750323e-07,1,0.5,2.943504745500647e-09,1,24.99999990188318,24.99999990188318,0.2499999980376635,0.2499999990188318,0.5,24.99999990188318,0.5
25.38,24.99999990331645,1.450253195312001e-07,0.2499999980663291,0.2499999990331645,1.450253195312001e-07,1,0.5,2.900506390624003e-09,1,24.99999990331645,24.99999990331645,0.2499999980663291,0.2499999990331645,0.5,24.99999990331645,0.5
25.44,24.99999990474973,1.42875407338483e-07,0.2499999980949946,0.2499999990474973,1.42875407338483e-07,1,0.5,2.857508146769661e-09,1,24.99999990474973,24.99999990474973,0.2499999980949946,0.2499999990474973,0.5,24.99999990474973,0.5
25.5,24.999999906183,1.407254937579872e-07,0.2499999981236601,0.24999999906183,1.407254937579872e-07,1,0.5,2.814509875159743e-09,1,24.999999906183,24.999999906183,0.2499999981236601,0.24999999906183,0.5,24.999999906183,0.5
25.56,24.99999990761628,1.385755760141549e-07,0.2499999981523257,0.2499999990761628,1.385755760141549e-07,1,0.5,2.771511520283099e-09,1,24.99999990761628,24.99999990761628,0.2499999981523257,0.2499999990761628,0.5,24.99999990761628,0.5
25.62,24.99999990904956,1.364256665969954e-07,0.2499999981809911,0.2499999990904956,1.364256665969954e-07,1,0.5,2.728513331939908e-09,1,24.99999990904956,24.99999990904956,0.2499999981809911,0.2499999990904956,0.5,24.99999990904956,0.5
25.68,24.99999991048283,1.342757488531632e-07,0.2499999982096567,0.2499999991048283,1.342757488531632e-07,1,0.5,2.685514977063264e-09,1,24.99999991048283,24.99999991048283,0.2499999982096567,0.2499999991048283,0.5,24.99999991048283,0.5
25.74,24.99999991191611,1.321258352726673e-07,0.2499999982383222,0.2499999991191611,1.321258352726673e-07,1,0.5,2.642516705453346e-09,1,24.99999991191611,24.99999991191611,0.2499999982383222,0.2499999991191611,0.5,24.99999991191611,0.5
25.8,24.99999991334938,1.299759230799502e-07,0.2499999982669877,0.2499999991334939,1.299759230799502e-07,1,0.5,2.599518461599004e-09,1,24.99999991334938,24.99999991334938,0.2499999982669877,0.2499999991334939,0.5,24.99999991334938,0.5
25.86,24.99999991478266,1.278260025605604e-07,0.2499999982956533,0.2499999991478266,1.278260025605604e-07,1,0.5,2.556520051211209e-09,1,24.99999991478266,24.99999991478266,0.2499999982956533,0.2499999991478266,0.5,24.99999991478266,0.5
25.92,24.99999991621594,1.256760931434009e-07,0.2499999983243188,0.2499999991621594,1.256760931434009e-07,1,0.5,2.513521862868018e-09,1,24.99999991621594,24.99999991621594,0.2499999983243188,0.2499999991621594,0.5,24.99999991621594,0.5
25.98,24.99999991764922,1.235261740117899e-07,0.2499999983529843,0.2499999991764922,1.235261740117899e-07,1,0.5,2.470523480235798e-09,1,24.99999991764922,24.99999991764922,0.2499999983529843,0.2499999991764922,0.5,24.99999991764922,0.5
26.04,24.99999991908249,1.213762618190728e-07,0.2499999983816498,0.2499999991908249,1.213762618190728e-07,1,0.5,2.427525236381456e-09,1,24.99999991908249,24.99999991908249,0.2499999983816498,0.2499999991908249,0.5,24.99999991908249,0.5
26.1,24.99999992051577,1.192263440752406e-07,0.2499999984103154,0.2499999992051577,1.192263440752406e-07,1,0.5,2.384526881504812e-09,1,24.99999992051577,24.99999992051577,0.2499999984103154,0.2499999992051577,0.5,24.99999992051577,0.5
26.16,24.99999992194904,1.170764318825235e-07,0.2499999984389809,0.2499999992194905,1.170764318825235e-07,1,0.5,2.34152863765047e-09,1,24.99999992194904,24.99999992194904,0.2499999984389809,0.2499999992194905,0.5,24.99999992194904,0.5
26.22,24.99999992338232,1.149265183020276e-07,0.2499999984676464,0.2499999992338232,1.149265183020276e-07,1,0.5,2.298530366040552e-09,1,24.99999992338232,24.99999992338232,0.2499999984676464,0.2499999992338232,0.5,24.99999992338232,0.5
26.28,24.9999999248156,1.127766033337529e-07,0.249999998496312,0.249999999248156,1.127766033337529e-07,1,0.5,2.255532066675059e-09,1,24.9999999248156,24.9999999248156,0.249999998496312,0.249999999248156,0.5,24.9999999248156,0.5
26.34,24.99999992624887,1.106266911410358e-07,0.2499999985249775,0.2499999992624887,1.106266911410358e-07,1,0.5,2.212533822820717e-09,1,24.99999992624887,24.99999992624887,0.2499999985249775,0.2499999992624887,0.5,24.99999992624887,0.5
26.4,24.99999992768215,1.084767761727612e-07,0.249999998553643,0.2499999992768215,1.084767761727612e-07,1,0.5,2.169535523455224e-09,1,24.99999992768215,24.99999992768215,0.249999998553643,0.2499999992768215,0.5,24.99999992768215,0.5
26.46,24.99999992911543,1.063268625922653e-07,0.2499999985823085,0.2499999992911543,1.063268625922653e-07,1,0.5,2.126537251845306e-09,1,24.99999992911543,24.99999992911543,0.2499999985823085,0.2499999992911543,0.5,24.99999992911543,0.5
26.52,24.9999999305487,1.041769503995482e-07,0.249999998610974,0.249999999305487,1.041769503995482e-07,1,0.5,2.083539007990964e-09,1,24.9999999305487,24.9999999305487,0.249999998610974,0.249999999305487,0.5,24.9999999305487,0.5
26.58,24.99999993198198,1.02027032655716e-07,0.2499999986396396,0.2499999993198198,1.02027032655716e-07,1,0.5,2.04054065311432e-09,1,24.99999993198198,24.99999993198198,0.2499999986396396,0.2499999993198198,0.5,24.99999993198198,0.5
26.64,24.99999993341525,9.98771204629989e-08,0.2499999986683051,0.2499999993341525,9.98771204629989e-08,1,0.5,1.997542409259978e-09,1,24.99999993341525,24.99999993341525,0.2499999986683051,0.2499999993341525,0.5,24.99999993341525,0.5
26.7,24.99999993484853,9.77272013313879e-08,0.2499999986969706,0.2499999993484853,9.77272013313879e-08,1,0.5,1.954544026627758e-09,1,24.99999993484853,24.99999993484853,0.2499999986969706,0.2499999993484853,0.5,24.99999993484853,0.5
26.76,24.99999993628181,9.557728913867081e-08,0.2499999987256361,0.2499999993628181,9.557728913867081e-08,1,0.5,1.911545782773416e-09,1,24.99999993628181,24.99999993628181,0.2499999987256361,0.2499999993628181,0.5,24.99999993628181,0.5
26.82,24.99999993771508,9.342736861928103e-08,0.2499999987543017,0.2499999993771509,9.342736861928103e-08,1,0.5,1.868547372385621e-09,1,24.99999993771508,24.99999993771508,0.2499999987543017,0.2499999993771509,0.5,24.99999993771508,0.5
26.88,24.99999993914836,9.127745920212149e-08,0.2499999987829672,0.2499999993914836,9.127745920212149e-08,1,0.5,1.82554918404243e-09,1,24.99999993914836,24.99999993914836,0.2499999987829672,0.2499999993914836,0.5,24.99999993914836,0.5
26.94,24.99999994058163,8.912754562162561e-08,0.2499999988116327,0.2499999994058164,8.912754562162561e-08,1,0.5,1.782550912432512e-09,1,24.99999994058163,24.99999994058163,0.2499999988116327,0.2499999994058164,0.5,24.99999994058163,0.5
27,24.99999994201491,8.69776278777934e-08,0.2499999988402983,0.2499999994201491,8.69776278777934e-08,1,0.5,1.739552557555868e-09,1,24.99999994201491,24.99999994201491,0.2499999988402983,0.2499999994201491,0.5,24.99999994201491,0.5
27.06,24.99999994344819,8.48277156850763e-08,0.2499999988689638,0.2499999994344819,8.48277156850763e-08,1,0.5,1.696554313701526e-09,1,24.99999994344819,24.99999994344819,0.2499999988689638,0.2499999994344819,0.5,24.99999994344819,0.5
27.12,24.99999994488147,8.267779794124408e-08,0.2499999988976294,0.2499999994488147,8.267779794124408e-08,1,0.5,1.653555958824882e-09,1,24.99999994488147,24.99999994488147,0.2499999988976294,0.2499999994488147,0.5,24.99999994488147,0.5
27.18,24.99999994631474,8.052788713630576e-08,0.2499999989262948,0.2499999994631474,8.052788713630576e-08,1,0.5,1.610557742726115e-09,1,24.99999994631474,24.99999994631474,0.2499999989262948,0.2499999994631474,0.5,24.99999994631474,0.5
27.24,24.99999994774802,7.837796939247355e-08,0.2499999989549604,0.2499999994774802,7.837796939247355e-08,1,0.5,1.567559387849471e-09,1,24.99999994774802,24.99999994774802,0.2499999989549604,0.2499999994774802,0.5,24.99999994774802,0.5
27.3,24.99999994918129,7.622805719975645e-08,0.2499999989836259,0.249999999491813,7.622805719975645e-08,1,0.5,1.524561143995129e-09,1,24.99999994918129,24.99999994918129,0.2499999989836259,0.249999999491813,0.5,24.99999994918129,0.5
27.36,24.99999995061457,7.407814500703935e-08,0.2499999990122914,0.2499999995061457,7.407814500703935e-08,1,0.5,1.481562900140787e-09,1,24.99999995061457,24.99999995061457,0.2499999990122914,0.2499999995061457,0.5,24.99999995061457,0.5
27.42,24.99999995204785,7.192822865098591e-08,0.249999999040957,0.2499999995204785,7.192822865098591e-08,1,0.5,1.438564573019718e-09,1,24.99999995204785,24.99999995204785,0.249999999040957,0.2499999995204785,0.5,24.99999995204785,0.5
27.48,24.99999995348112,6.977831645826882e-08,0.2499999990696224,0.2499999995348112,6.977831645826882e-08,1,0.5,1.395566329165376e-09,1,24.99999995348112,24.99999995348112,0.2499999990696224,0.2499999995348112,0.5,24.99999995348112,0.5
27.54,24.9999999549144,6.76283987144366e-08,0.249999999098288,0.249999999549144,6.76283987144366e-08,1,0.5,1.352567974288732e-09,1,24.9999999549144,24.9999999549144,0.249999999098288,0.249999999549144,0.5,24.9999999549144,0.5
27.6,24.99999995634768,6.54784865217195e-08,0.2499999991269535,0.2499999995634768,6.54784865217195e-08,1,0.5,1.30956973043439e-09,1,24.99999995634768,24.99999995634768,0.2499999991269535,0.2499999995634768,0.5,24.99999995634768,0.5
27.66,24.99999995778095,6.332857294122363e-08,0.249999999155619,0.2499999995778095,6.332857294122363e-08,1,0.5,1.266571458824473e-09,1,24.99999995778095,24.99999995778095,0.249999999155619,0.2499999995778095,0.5,24.99999995778095,0.5
27.72,24.99999995921423,6.117865797294897e-08,0.2499999991842846,0.2499999995921423,6.117865797294897e-08,1,0.5,1.223573159458979e-09,1,24.99999995921423,24.99999995921423,0.2499999991842846,0.2499999995921423,0.5,24.99999995921423,0.5
27.78,24.9999999606475,5.902874578023187e-08,0.2499999992129501,0.249999999606475,5.902874578023187e-08,1,0.5,1.180574915604637e-09,1,24.9999999606475,24.9999999606475,0.2499999992129501,0.249999999606475,0.5,24.9999999606475,0.5
27.84,24.99999996208078,5.687882526084209e-08,0.2499999992416157,0.2499999996208078,5.687882526084209e-08,1,0.5,1.137576505216842e-09,1,24.99999996208078,24.99999996208078,0.2499999992416157,0.2499999996208078,0.5,24.99999996208078,0.5
27.9,24.99999996351406,5.4728913068125e-08,0.2499999992702812,0.2499999996351406,5.4728913068125e-08,1,0.5,1.0945782613625e-09,1,24.99999996351406,24.99999996351406,0.2499999992702812,0.2499999996351406,0.5,24.99999996351406,0.5
27.96,24.99999996494734,5.2578993936514e-08,0.2499999992989467,0.2499999996494734,5.2578993936514e-08,1,0.5,1.05157987873028e-09,1,24.99999996494734,24.99999996494734,0.2499999992989467,0.2499999996494734,0.5,24.99999996494734,0.5
28.02,24.99999996638061,5.042908451935446e-08,0.2499999993276122,0.2499999996638061,5.042908451935446e-08,1,0.5,1.008581690387089e-09,1,24.99999996638061,24.99999996638061,0.2499999993276122,0.2499999996638061,0.5,24.99999996638061,0.5
28.08,24.99999996781388,4.827917232663737e-08,0.2499999993562777,0.2499999996781389,4.827917232663737e-08,1,0.5,9.655834465327473e-10,1,24.99999996781388,24.99999996781388,0.2499999993562777,0.2499999996781389,0.5,24.99999996781388,0.5
28.14,24.99999996924716,4.612925319502637e-08,0.2499999993849433,0.2499999996924716,4.612925319502637e-08,1,0.5,9.225850639005273e-10,1,24.99999996924716,24.99999996924716,0.2499999993849433,0.2499999996924716,0.5,24.99999996924716,0.5
28.2,24.99999997068044,4.397934100230927e-08,0.2499999994136088,0.2499999997068044,4.397934100230927e-08,1,0.5,8.795868200461854e-10,1,24.99999997068044,24.99999997068044,0.2499999994136088,0.2499999997068044,0.5,24.99999997068044,0.5
28.26,24.99999997211372,4.182942325847705e-08,0.2499999994422744,0.2499999997211372,4.182942325847705e-08,1,0.5,8.36588465169541e-10,1,24.99999997211372,24.99999997211372,0.2499999994422744,0.2499999997211372,0.5,24.99999997211372,0.5
28.32,24.99999997354699,3.967951106575995e-08,0.2499999994709398,0.2499999997354699,3.967951106575995e-08,1,0.5,7.935902213151991e-10,1,24.99999997354699,24.99999997354699,0.2499999994709398,0.2499999997354699,0.5,24.99999997354699,0.5
28.38,24.99999997498027,3.75295960974853e-08,0.2499999994996054,0.2499999997498027,3.75295960974853e-08,1,0.5,7.505919219497059e-10,1,24.99999997498027,24.99999997498027,0.2499999994996054,0.2499999997498027,0.5,24.99999997498027,0.5
28.44,24.99999997641354,3.537968251698942e-08,0.2499999995282709,0.2499999997641354,3.537968251698942e-08,1,0.5,7.075936503397884e-10,1,24.99999997641354,24.99999997641354,0.2499999995282709,0.2499999997641354,0.5,24.99999997641354,0.5
28.5,24.99999997784682,3.322977032427232e-08,0.2499999995569364,0.2499999997784682,3.322977032427232e-08,1,0.5,6.645954064854465e-10,1,24.99999997784682,24.99999997784682,0.2499999995569364,0.2499999997784682,0.5,24.99999997784682,0.5
28.56,24.9999999792801,3.10798525804401e-08,0.249999999585602,0.249999999792801,3.10798525804401e-08,1,0.5,6.215970516088021e-10,1,24.9999999792801,24.9999999792801,0.249999999585602,0.249999999792801,0.5,24.9999999792801,0.5
28.62,24.99999998071337,2.892994038772301e-08,0.2499999996142675,0.2499999998071337,2.892994038772301e-08,1,0.5,5.785988077544602e-10,1,24.99999998071337,24.99999998071337,0.2499999996142675,0.2499999998071337,0.5,24.99999998071337,0.5
28.68,24.99999998214665,2.678002403166957e-08,0.249999999642933,0.2499999998214665,2.678002403166957e-08,1,0.5,5.356004806333914e-10,1,24.99999998214665,24.99999998214665,0.249999999642933,0.2499999998214665,0.5,24.99999998214665,0.5
28.74,24.99999998357993,2.463011183895247e-08,0.2499999996715985,0.2499999998357993,2.463011183895247e-08,1,0.5,4.926022367790495e-10,1,24.99999998357993,24.99999998357993,0.2499999996715985,0.2499999998357993,0.5,24.99999998357993,0.5
28.8,24.99999998411844,2.382234132181082e-08,0.2499999996823688,0.2499999998411844,2.382234132181082e-08,1,0.5,4.764468264362165e-10,1,24.99999998411844,24.99999998411844,0.2499999996823688,0.2499999998411844,0.5,24.99999998411844,0.5
28.86,24.99999998418523,2.372215479606865e-08,0.2499999996837046,0.2499999998418523,2.372215479606865e-08,1,0.5,4.74443095921373e-10,1,24.99999998418523,24.99999998418523,0.2499999996837046,0.2499999998418523,0.5,24.99999998418523,0.5
28.92,24.99999998425202,2.362196827032648e-08,0.2499999996850404,0.2499999998425202,2.362196827032648e-08,1,0.5,4.724393654065295e-10,1,24.99999998425202,24.99999998425202,0.2499999996850404,0.2499999998425202,0.5,24.99999998425202,0.5
28.98,24.99999998431882,2.352177619346918e-08,0.2499999996863763,0.2499999998431882,2.352177619346918e-08,1,0.5,4.704355238693836e-10,1,24.99999998431882,24.99999998431882,0.2499999996863763,0.2499999998431882,0.5,24.99999998431882,0.5
29.04,24.99999998438561,2.342158966772701e-08,0.2499999996877121,0.2499999998438561,2.342158966772701e-08,1,0.5,4.684317933545401e-10,1,24.99999998438561,24.99999998438561,0.2499999996877121,0.2499999998438561,0.5,24.99999998438561,0.5
29.1,24.9999999844524,2.332140314198483e-08,0.249999999689048,0.249999999844524,2.332140314198483e-08,1,0.5,4.664280628396966e-10,1,24.9999999844524,24.9999999844524,0.249999999689048,0.249999999844524,0.5,24.9999999844524,0.5
29.16,24.99999998451919,2.322121661624266e-08,0.2499999996903838,0.2499999998451919,2.322121661624266e-08,1,0.5,4.644243323248531e-10,1,24.99999998451919,24.99999998451919,0.2499999996903838,0.2499999998451919,0.5,24.99999998451919,0.5
29.22,24.99999998458598,2.312102315160658e-08,0.2499999996917197,0.2499999998458598,2.312102315160658e-08,1,0.5,4.624204630321316e-10,1,24.99999998458598,24.99999998458598,0.2499999996917197,0.2499999998458598,0.5,24.99999998458598,0.5
29.28,24.99999998465277,2.30208366258644e-08,0.2499999996930555,0.2499999998465277,2.30208366258644e-08,1,0.5,4.604167325172881e-10,1,24.99999998465277,24.99999998465277,0.2499999996930555,0.2499999998465277,0.5,24.99999998465277,0.5
29.34,24.99999998471957,2.292065010012223e-08,0.2499999996943913,0.2499999998471956,2.292065010012223e-08,1,0.5,4.584130020024446e-10,1,24.99999998471957,24.99999998471957,0.2499999996943913,0.2499999998471956,0.5,24.99999998471957,0.5
29.4,24.99999998478636,2.28204607988225e-08,0.2499999996957272,0.2499999998478636,2.28204607988225e-08,1,0.5,4.564092159764499e-10,1,24.99999998478636,24.99999998478636,0.2499999996957272,0.2499999998478636,0.5,24.99999998478636,0.5
29.46,24.99999998485315,2.272027427308032e-08,0.249999999697063,0.2499999998485315,2.272027427308032e-08,1,0.5,4.544054854616064e-10,1,24.99999998485315,24.99999998485315,0.249999999697063,0.2499999998485315,0.5,24.99999998485315,0.5
29.52,24.99999998491994,2.262008774733815e-08,0.2499999996983988,0.2499999998491994,2.262008774733815e-08,1,0.5,4.524017549467629e-10,1,24.99999998491994,24.99999998491994,0.2499999996983988,0.2499999998491994,0.5,24.99999998491994,0.5
29.58,24.99999998498673,2.251990122159597e-08,0.2499999996997347,0.2499999998498673,2.251990122159597e-08,1,0.5,4.503980244319195e-10,1,24.99999998498673,24.99999998498673,0.2499999996997347,0.2499999998498673,0.5,24.99999998498673,0.5
29.64,24.99999998505353,2.241970775695989e-08,0.2499999997010706,0.2499999998505353,2.241970775695989e-08,1,0.5,4.483941551391979e-10,1,24.99999998505353,24.99999998505353,0.2499999997010706,0.2499999998505353,0.5,24.99999998505353,0.5
29.7,24.99999998512032,2.231952123121772e-08,0.2499999997024064,0.2499999998512032,2.231952123121772e-08,1,0.5,4.463904246243544e-10,1,24.99999998512032,24.99999998512032,0.2499999997024064,0.2499999998512032,0.5,24.99999998512032,0.5
29.76,24.99999998518711,2.221933470547555e-08,0.2499999997037422,0.2499999998518711,2.221933470547555e-08,1,0.5,4.443866941095109e-10,1,24.99999998518711,24.99999998518711,0.2499999997037422,0.2499999998518711,0.5,24.99999998518711,0.5
29.82,24.9999999852539,2.211914262861825e-08,0.2499999997050781,0.249999999852539,2.211914262861825e-08,1,0.5,4.42382852572365e-10,1,24.9999999852539,24.9999999852539,0.2499999997050781,0.249999999852539,0.5,24.9999999852539,0.5
29.88,24.9999999853207,2.201895610287607e-08,0.2499999997064139,0.249999999853207,2.201895610287607e-08,1,0.5,4.403791220575215e-10,1,24.9999999853207,24.9999999853207,0.2499999997064139,0.249999999853207,0.5,24.9999999853207,0.5
29.94,24.99999998538749,2.19187695771339e-08,0.2499999997077497,0.2499999998538749,2.19187695771339e-08,1,0.5,4.38375391542678e-10,1,24.99999998538749,24.99999998538749,0.2499999997077497,0.2499999998538749,0.5,24.99999998538749,0.5
30,24.99999998545428,2.181858305139173e-08,0.2499999997090855,0.2499999998545428,2.181858305139173e-08,1,0.5,4.363716610278345e-10,1,24.99999998545428,24.99999998545428,0.2499999997090855,0.2499999998545428,0.5,24.99999998545428,0.5
30.06,24.99999998552107,2.171839236231321e-08,0.2499999997104214,0.2499999998552107,2.171839236231321e-08,1,0.5,4.343678472462642e-10,1,24.99999998552107,24.99999998552107,0.2499999997104214,0.2499999998552107,0.5,24.99999998552107,0.5
30.12,24.99999998558786,2.161820583657104e-08,0.2499999997117573,0.2499999998558786,2.161820583657104e-08,1,0.5,4.323641167314207e-10,1,24.99999998558786,24.99999998558786,0.2499999997117573,0.2499999998558786,0.5,24.99999998558786,0.5
30.18,24.99999998565465,2.151801931082886e-08,0.2499999997130931,0.2499999998565466,2.151801931082886e-08,1,0.5,4.303603862165772e-10,1,24.99999998565465,24.99999998565465,0.2499999997130931,0.2499999998565466,0.5,24.99999998565465,0.5
30.24,24.99999998572145,2.141782584619278e-08,0.249999999714429,0.2499999998572145,2.141782584619278e-08,1,0.5,4.283565169238557e-10,1,24.99999998572145,24.99999998572145,0.249999999714429,0.2499999998572145,0.5,24.99999998572145,0.5
30.3,24.99999998578824,2.131763932045061e-08,0.2499999997157648,0.2499999998578824,2.131763932045061e-08,1,0.5,4.263527864090122e-10,1,24.99999998578824,24.99999998578824,0.2499999997157648,0.2499999998578824,0.5,24.99999998578824,0.5
30.36,24.99999998585503,2.121745279470844e-08,0.2499999997171006,0.2499999998585503,2.121745279470844e-08,1,0.5,4.243490558941687e-10,1,24.99999998585503,24.99999998585503,0.2499999997171006,0.2499999998585503,0.5,24.99999998585503,0.5
30.42,24.99999998592182,2.111726626896626e-08,0.2499999997184364,0.2499999998592182,2.111726626896626e-08,1,0.5,4.223453253793252e-10,1,24.99999998592182,24.99999998592182,0.2499999997184364,0.2499999998592182,0.5,24.99999998592182,0.5
30.48,24.99999998598862,2.101707419210896e-08,0.2499999997197723,0.2499999998598862,2.101707419210896e-08,1,0.5,4.203414838421793e-10,1,24.99999998598862,24.99999998598862,0.2499999997197723,0.2499999998598862,0.5,24.99999998598862,0.5
30.54,24.99999998605541,2.091688766636679e-08,0.2499999997211081,0.2499999998605541,2.091688766636679e-08,1,0.5,4.183377533273358e-10,1,24.99999998605541,24.99999998605541,0.2499999997211081,0.2499999998605541,0.5,24.99999998605541,0.5
30.6,24.9999999861222,2.081670114062462e-08,0.249999999722444,0.249999999861222,2.081670114062462e-08,1,0.5,4.163340228124923e-10,1,24.9999999861222,24.9999999861222,0.249999999722444,0.249999999861222,0.5,24.9999999861222,0.5
30.66,24.99999998618899,2.07165104515461e-08,0.2499999997237799,0.2499999998618899,2.07165104515461e-08,1,0.5,4.14330209030922e-10,1,24.99999998618899,24.99999998618899,0.2499999997237799,0.2499999998618899,0.5,24.99999998618899,0.5
30.72,24.99999998625578,2.061632392580393e-08,0.2499999997251157,0.2499999998625578,2.061632392580393e-08,1,0.5,4.123264785160785e-10,1,24.99999998625578,24.99999998625578,0.2499999997251157,0.2499999998625578,0.5,24.99999998625578,0.5
30.78,24.99999998632257,2.051613740006175e-08,0.2499999997264515,0.2499999998632257,2.051613740006175e-08,1,0.5,4.10322748001235e-10,1,24.99999998632257,24.99999998632257,0.2499999997264515,0.2499999998632257,0.5,24.99999998632257,0.5
30.84,24.99999998638937,2.041595087431958e-08,0.2499999997277873,0.2499999998638937,2.041595087431958e-08,1,0.5,4.083190174863915e-10,1,24.99999998638937,24.99999998638937,0.2499999997277873,0.2499999998638937,0.5,24.99999998638937,0.5
30.9,24.99999998645616,2.031575879746228e-08,0.2499999997291232,0.2499999998645616,2.031575879746228e-08,1,0.5,4.063151759492456e-10,1,24.99999998645616,24.99999998645616,0.2499999997291232,0.2499999998645616,0.5,24.99999998645616,0.5
30.96,24.99999998652295,2.021557227172011e-08,0.249999999730459,0.2499999998652295,2.021557227172011e-08,1,0.5,4.043114454344021e-10,1,24.99999998652295,24.99999998652295,0.249999999730459,0.2499999998652295,0.5,24.99999998652295,0.5
31.02,24.99999998658974,2.011538574597793e-08,0.2499999997317948,0.2499999998658974,2.011538574597793e-08,1,0.5,4.023077149195586e-10,1,24.99999998658974,24.99999998658974,0.2499999997317948,0.2499999998658974,0.5,24.99999998658974,0.5
31.08,24.99999998665654,2.001519228134185e-08,0.2499999997331308,0.2499999998665654,2.001519228134185e-08,1,0.5,4.003038456268371e-10,1,24.99999998665654,24.99999998665654,0.2499999997331308,0.2499999998665654,0.5,24.99999998665654,0.5
31.14,24.99999998672333,1.991500575559968e-08,0.2499999997344666,0.2499999998672333,1.991500575559968e-08,1,0.5,3.983001151119936e-10,1,24.99999998672333,24.99999998672333,0.2499999997344666,0.2499999998672333,0.5,24.99999998672333,0.5
31.2,24.99999998679012,1.981481922985751e-08,0.2499999997358024,0.2499999998679012,1.981481922985751e-08,1,0.5,3.962963845971501e-10,1,24.99999998679012,24.99999998679012,0.2499999997358024,0.2499999998679012,0.5,24.99999998679012,0.5
31.26,24.99999998685691,1.971463270411533e-08,0.2499999997371382,0.2499999998685691,1.971463270411533e-08,1,0.5,3.942926540823066e-10,1,24.99999998685691,24.99999998685691,0.2499999997371382,0.2499999998685691,0.5,24.99999998685691,0.5
31.32,24.9999999869237,1.96144434028156e-08,0.2499999997384741,0.249999999869237,1.96144434028156e-08,1,0.5,3.922888680563119e-10,1,24.9999999869237,24.9999999869237,0.2499999997384741,0.249999999869237,0.5,24.9999999869237,0.5
31.38,24.9999999869905,1.951425687707342e-08,0.2499999997398099,0.249999999869905,1.951425687707342e-08,1,0.5,3.902851375414684e-10,1,24.9999999869905,24.9999999869905,0.2499999997398099,0.249999999869905,0.5,24.9999999869905,0.5
31.44,24.99999998705729,1.941407035133125e-08,0.2499999997411457,0.2499999998705729,1.941407035133125e-08,1,0.5,3.882814070266249e-10,1,24.99999998705729,24.99999998705729,0.2499999997411457,0.2499999998705729,0.5,24.99999998705729,0.5
31.5,24.99999998712408,1.931387966225273e-08,0.2499999997424816,0.2499999998712408,1.931387966225273e-08,1,0.5,3.862775932450546e-10,1,24.99999998712408,24.99999998712408,0.2499999997424816,0.2499999998712408,0.5,24.99999998712408,0.5
31.56,24.99999998719087,1.921369313651056e-08,0.2499999997438175,0.2499999998719087,1.921369313651056e-08,1,0.5,3.842738627302111e-10,1,24.99999998719087,24.99999998719087,0.2499999997438175,0.2499999998719087,0.5,24.99999998719087,0.5
31.62,24.99999998725766,1.911350661076838e-08,0.2499999997451533,0.2499999998725766,1.911350661076838e-08,1,0.5,3.822701322153677e-10,1,24.99999998725766,24.99999998725766,0.2499999997451533,0.2499999998725766,0.5,24.99999998725766,0.5
31.68,24.99999998732445,1.901332008502621e-08,0.2499999997464891,0.2499999998732445,1.901332008502621e-08,1,0.5,3.802664017005242e-10,1,24.99999998732445,24.99999998732445,0.2499999997464891,0.2499999998732445,0.5,24.99999998732445,0.5
31.74,24.99999998739125,1.891312384483257e-08,0.249999999747825,0.2499999998739125,1.891312384483257e-08,1,0.5,3.782624768966514e-10,1,24.99999998739125,24.99999998739125,0.249999999747825,0.2499999998739125,0.5,24.99999998739125,0.5
31.8,24.99999998745804,1.881293731909039e-08,0.2499999997491608,0.2499999998745804,1.881293731909039e-08,1,0.5,3.762587463818079e-10,1,24.99999998745804,24.99999998745804,0.2499999997491608,0.2499999998745804,0.5,24.99999998745804,0.5
31.86,24.99999998752483,1.871275079334822e-08,0.2499999997504966,0.2499999998752483,1.871275079334822e-08,1,0.5,3.742550158669644e-10,1,24.99999998752483,24.99999998752483,0.2499999997504966,0.2499999998752483,0.5,24.99999998752483,0.5
31.92,24.99999998759163,1.861256149204848e-08,0.2499999997518325,0.2499999998759163,1.861256149204848e-08,1,0.5,3.722512298409697e-10,1,24.99999998759163,24.99999998759163,0.2499999997518325,0.2499999998759163,0.5,24.99999998759163,0.5
31.98,24.99999998765842,1.851237496630631e-08,0.2499999997531683,0.2499999998765842,1.851237496630631e-08,1,0.5,3.702474993261262e-10,1,24.99999998765842,24.99999998765842,0.2499999997531683,0.2499999998765842,0.5,24.99999998765842,0.5
32.04,24.99999998772521,1.841218844056414e-08,0.2499999997545042,0.2499999998772521,1.841218844056414e-08,1,0.5,3.682437688112827e-10,1,24.99999998772521,24.99999998772521,0.2499999997545042,0.2499999998772521,0.5,24.99999998772521,0.5
32.1,24.999999987792,1.831200191482196e-08,0.24999999975584,0.24999999987792,1.831200191482196e-08,1,0.5,3.662400382964393e-10,1,24.999999987792,24.999999987792,0.24999999975584,0.24999999987792,0.5,24.999999987792,0.5
32.16,24.99999998785879,1.821181122574345e-08,0.2499999997571759,0.2499999998785879,1.821181122574345e-08,1,0.5,3.642362245148689e-10,1,24.99999998785879,24.99999998785879,0.2499999997571759,0.2499999998785879,0.5,24.99999998785879,0.5
32.22,24.99999998792558,1.811162470000127e-08,0.2499999997585117,0.2499999998792558,1.811162470000127e-08,1,0.5,3.622324940000254e-10,1,24.99999998792558,24.99999998792558,0.2499999997585117,0.2499999998792558,0.5,24.99999998792558,0.5
32.28,24.99999998799237,1.80114381742591e-08,0.2499999997598475,0.2499999998799237,1.80114381742591e-08,1,0.5,3.60228763485182e-10,1,24.99999998799237,24.99999998799237,0.2499999997598475,0.2499999998799237,0.5,24.99999998799237,0.5
32.34,24.99999998805917,1.791125164851692e-08,0.2499999997611833,0.2499999998805917,1.791125164851692e-08,1,0.5,3.582250329703385e-10,1,24.99999998805917,24.99999998805917,0.2499999997611833,0.2499999998805917,0.5,24.99999998805917,0.5
32.4,24.99999998812596,1.781105679610206e-08,0.2499999997625192,0.2499999998812596,1.781105679610206e-08,1,0.5,3.562211359220413e-10,1,24.99999998812596,24.99999998812596,0.2499999997625192,0.2499999998812596,0.5,24.99999998812596,0.5
32.46,24.99999998819275,1.771087027035989e-08,0.249999999763855,0.2499999998819275,1.771087027035989e-08,1,0.5,3.542174054071978e-10,1,24.99999998819275,24.99999998819275,0.249999999763855,0.2499999998819275,0.5,24.99999998819275,0.5
32.52,24.99999998825954,1.761068374461772e-08,0.2499999997651909,0.2499999998825954,1.761068374461772e-08,1,0.5,3.522136748923543e-10,1,24.99999998825954,24.99999998825954,0.2499999997651909,0.2499999998825954,0.5,24.99999998825954,0.5
32.58,24.99999998832634,1.75104930555392e-08,0.2499999997665268,0.2499999998832634,1.75104930555392e-08,1,0.5,3.50209861110784e-10,1,24.99999998832634,24.99999998832634,0.2499999997665268,0.2499999998832634,0.5,24.99999998832634,0.5
32.64,24.99999998839313,1.741030652979703e-08,0.2499999997678626,0.2499999998839313,1.741030652979703e-08,1,0.5,3.482061305959405e-10,1,24.99999998839313,24.99999998839313,0.2499999997678626,0.2499999998839313,0.5,24.99999998839313,0.5
32.7,24.99999998845992,1.731012000405485e-08,0.2499999997691984,0.2499999998845992,1.731012000405485e-08,1,0.5,3.46202400081097e-10,1,24.99999998845992,24.99999998845992,0.2499999997691984,0.2499999998845992,0.5,24.99999998845992,0.5
32.76,24.99999998852671,1.720993347831268e-08,0.2499999997705342,0.2499999998852671,1.720993347831268e-08,1,0.5,3.441986695662536e-10,1,24.99999998852671,24.99999998852671,0.2499999997705342,0.2499999998852671,0.5,24.99999998852671,0.5
32.82,24.9999999885935,1.710974417701294e-08,0.2499999997718701,0.249999999885935,1.710974417701294e-08,1,0.5,3.421948835402588e-10,1,24.9999999885935,24.9999999885935,0.2499999997718701,0.249999999885935,0.5,24.9999999885935,0.5
32.88,24.9999999886603,1.700955765127077e-08,0.2499999997732059,0.249999999886603,1.700955765127077e-08,1,0.5,3.401911530254154e-10,1,24.9999999886603,24.9999999886603,0.2499999997732059,0.249999999886603,0.5,24.9999999886603,0.5
32.94,24.99999998872709,1.690937112552859e-08,0.2499999997745417,0.2499999998872709,1.690937112552859e-08,1,0.5,3.381874225105719e-10,1,24.99999998872709,24.99999998872709,0.2499999997745417,0.2499999998872709,0.5,24.99999998872709,0.5
33,24.99999998879388,1.680917766089252e-08,0.2499999997758776,0.2499999998879388,1.680917766089252e-08,1,0.5,3.361835532178503e-10,1,24.99999998879388,24.99999998879388,0.2499999997758776,0.2499999998879388,0.5,24.99999998879388,0.5
33.06,24.99999998886067,1.670899113515034e-08,0.2499999997772135,0.2499999998886067,1.670899113515034e-08,1,0.5,3.341798227030068e-10,1,24.99999998886067,24.99999998886067,0.2499999997772135,0.2499999998886067,0.5,24.99999998886067,0.5
33.12,24.99999998892746,1.660880460940817e-08,0.2499999997785493,0.2499999998892746,1.660880460940817e-08,1,0.5,3.321760921881634e-10,1,24.99999998892746,24.99999998892746,0.2499999997785493,0.2499999998892746,0.5,24.99999998892746,0.5
33.18,24.99999998899425,1.650861808366599e-08,0.2499999997798851,0.2499999998899425,1.650861808366599e-08,1,0.5,3.301723616733199e-10,1,24.99999998899425,24.99999998899425,0.2499999997798851,0.2499999998899425,0.5,24.99999998899425,0.5
33.24,24.99999998906105,1.64084260068087e-08,0.249999999781221,0.2499999998906105,1.64084260068087e-08,1,0.5,3.281685201361739e-10,1,24.99999998906105,24.99999998906105,0.249999999781221,0.2499999998906105,0.5,24.99999998906105,0.5
33.3,24.99999998912784,1.630823948106652e-08,0.2499999997825568,0.2499999998912784,1.630823948106652e-08,1,0.5,3.261647896213304e-10,1,24.99999998912784,24.99999998912784,0.2499999997825568,0.2499999998912784,0.5,24.99999998912784,0.5
33.36,24.99999998919463,1.620805295532435e-08,0.2499999997838926,0.2499999998919463,1.620805295532435e-08,1,0.5,3.24161059106487e-10,1,24.99999998919463,24.99999998919463,0.2499999997838926,0.2499999998919463,0.5,24.99999998919463,0.5
33.42,24.99999998926143,1.610786226624583e-08,0.2499999997852285,0.2499999998926143,1.610786226624583e-08,1,0.5,3.221572453249166e-10,1,24.99999998926143,24.99999998926143,0.2499999997852285,0.2499999998926143,0.5,24.99999998926143,0.5
33.48,24.99999998932822,1.600767574050366e-08,0.2499999997865643,0.2499999998932822,1.600767574050366e-08,1,0.5,3.201535148100731e-10,1,24.99999998932822,24.99999998932822,0.2499999997865643,0.2499999998932822,0.5,24.99999998932822,0.5
33.54,24.99999998939501,1.590748921476148e-08,0.2499999997879002,0.2499999998939501,1.590748921476148e-08,1,0.5,3.181497842952297e-10,1,24.99999998939501,24.99999998939501,0.2499999997879002,0.2499999998939501,0.5,24.99999998939501,0.5
33.6,24.9999999894618,1.580730268901931e-08,0.249999999789236,0.249999999894618,1.580730268901931e-08,1,0.5,3.161460537803862e-10,1,24.9999999894618,24.9999999894618,0.249999999789236,0.249999999894618,0.5,24.9999999894618,0.5
33.66,24.99999998952859,1.570710922438323e-08,0.2499999997905719,0.2499999998952859,1.570710922438323e-08,1,0.5,3.141421844876646e-10,1,24.99999998952859,24.99999998952859,0.2499999997905719,0.2499999998952859,0.5,24.99999998952859,0.5
33.72,24.99999998959538,1.560692269864106e-08,0.2499999997919077,0.2499999998959538,1.560692269864106e-08,1,0.5,3.121384539728211e-10,1,24.99999998959538,24.99999998959538,0.2499999997919077,0.2499999998959538,0.5,24.99999998959538,0.5
33.78,24.99999998966218,1.550673617289888e-08,0.2499999997932435,0.2499999998966217,1.550673617289888e-08,1,0.5,3.101347234579777e-10,1,24.99999998966218,24.99999998966218,0.2499999997932435,0.2499999998966217,0.5,24.99999998966218,0.5
33.84,24.99999998972897,1.540654409604159e-08,0.2499999997945794,0.2499999998972897,1.540654409604159e-08,1,0.5,3.081308819208317e-10,1,24.99999998972897,24.99999998972897,0.2499999997945794,0.2499999998972897,0.5,24.99999998972897,0.5
33.9,24.99999998979576,1.530635757029941e-08,0.2499999997959152,0.2499999998979576,1.530635757029941e-08,1,0.5,3.061271514059882e-10,1,24.99999998979576,24.99999998979576,0.2499999997959152,0.2499999998979576,0.5,24.99999998979576,0.5
33.96,24.99999998986255,1.520617104455724e-08,0.249999999797251,0.2499999998986255,1.520617104455724e-08,1,0.5,3.041234208911447e-10,1,24.99999998986255,24.99999998986255,0.249999999797251,0.2499999998986255,0.5,24.99999998986255,0.5
34.02,24.99999998992934,1.510598451881506e-08,0.2499999997985869,0.2499999998992934,1.510598451881506e-08,1,0.5,3.021196903763013e-10,1,24.99999998992934,24.99999998992934,0.2499999997985869,0.2499999998992934,0.5,24.99999998992934,0.5
34.08,24.99999998999614,1.500579382973655e-08,0.2499999997999228,0.2499999998999614,1.500579382973655e-08,1,0.5,3.001158765947309e-10,1,24.99999998999614,24.99999998999614,0.2499999997999228,0.2499999998999614,0.5,24.99999998999614,0.5
34.14,24.99999999006293,1.490560730399437e-08,0.2499999998012586,0.2499999999006293,1.490560730399437e-08,1,0.5,2.981121460798875e-10,1,24.99999999006293,24.99999999006293,0.2499999998012586,0.2499999999006293,0.5,24.99999999006293,0.5
34.2,24.99999999012972,1.48054207782522e-08,0.2499999998025944,0.2499999999012972,1.48054207782522e-08,1,0.5,2.96108415565044e-10,1,24.99999999012972,24.99999999012972,0.2499999998025944,0.2499999999012972,0.5,24.99999999012972,0.5
34.26,24.99999999019651,1.47052287013949e-08,0.2499999998039303,0.2499999999019651,1.47052287013949e-08,1,0.5,2.94104574027898e-10,1,24.99999999019651,24.99999999019651,0.2499999998039303,0.2499999999019651,0.5,24.99999999019651,0.5
34.32,24.9999999902633,1.460504217565273e-08,0.2499999998052661,0.2499999999026331,1.460504217565273e-08,1,0.5,2.921008435130545e-10,1,24.9999999902633,24.9999999902633,0.2499999998052661,0.2499999999026331,0.5,24.9999999902633,0.5
34.38,24.9999999903301,1.450485564991055e-08,0.2499999998066019,0.249999999903301,1.450485564991055e-08,1,0.5,2.900971129982111e-10,1,24.9999999903301,24.9999999903301,0.2499999998066019,0.249999999903301,0.5,24.9999999903301,0.5
34.44,24.99999999039689,1.440466912416838e-08,0.2499999998079377,0.2499999999039689,1.440466912416838e-08,1,0.5,2.880933824833676e-10,1,24.99999999039689,24.99999999039689,0.2499999998079377,0.2499999999039689,0.5,24.99999999039689,0.5
34.5,24.99999999046368,1.43044756595323e-08,0.2499999998092736,0.2499999999046368,1.43044756595323e-08,1,0.5,2.86089513190646e-10,1,24.99999999046368,24.99999999046368,0.2499999998092736,0.2499999999046368,0.5,24.99999999046368,0.5
34.56,24.99999999053047,1.420428913379013e-08,0.2499999998106095,0.2499999999053047,1.420428913379013e-08,1,0.5,2.840857826758025e-10,1,24.99999999053047,24.99999999053047,0.2499999998106095,0.2499999999053047,0.5,24.99999999053047,0.5
34.62,24.99999999059726,1.410410260804795e-08,0.2499999998119453,0.2499999999059726,1.410410260804795e-08,1,0.5,2.820820521609591e-10,1,24.99999999059726,24.99999999059726,0.2499999998119453,0.2499999999059726,0.5,24.99999999059726,0.5
34.68,24.99999999066406,1.400391330674822e-08,0.2499999998132812,0.2499999999066406,1.400391330674822e-08,1,0.5,2.800782661349643e-10,1,24.99999999066406,24.99999999066406,0.2499999998132812,0.2499999999066406,0.5,24.99999999066406,0.5
34.74,24.99999999073085,1.390372678100604e-08,0.249999999814617,0.2499999999073085,1.390372678100604e-08,1,0.5,2.780745356201209e-10,1,24.99999999073085,24.99999999073085,0.249999999814617,0.2499999999073085,0.5,24.99999999073085,0.5
34.8,24.99999999079764,1.380354025526387e-08,0.2499999998159528,0.2499999999079764,1.380354025526387e-08,1,0.5,2.760708051052774e-10,1,24.99999999079764,24.99999999079764,0.2499999998159528,0.2499999999079764,0.5,24.99999999079764,0.5
34.86,24.99999999086443,1.370335372952169e-08,0.2499999998172886,0.2499999999086443,1.370335372952169e-08,1,0.5,2.740670745904339e-10,1,24.99999999086443,24.99999999086443,0.2499999998172886,0.2499999999086443,0.5,24.99999999086443,0.5
34.92,24.99999999093123,1.360316026488562e-08,0.2499999998186245,0.2499999999093123,1.360316026488562e-08,1,0.5,2.720632052977123e-10,1,24.99999999093123,24.99999999093123,0.2499999998186245,0.2499999999093123,0.5,24.99999999093123,0.5
34.98,24.99999999099802,1.350297373914344e-08,0.2499999998199604,0.2499999999099802,1.350297373914344e-08,1,0.5,2.700594747828688e-10,1,24.99999999099802,24.99999999099802,0.2499999998199604,0.2499999999099802,0.5,24.99999999099802,0.5
35.04,24.99999999106481,1.340278721340127e-08,0.2499999998212962,0.2499999999106481,1.340278721340127e-08,1,0.5,2.680557442680254e-10,1,24.99999999106481,24.99999999106481,0.2499999998212962,0.2499999999106481,0.5,24.99999999106481,0.5
35.1,24.9999999911316,1.330260068765909e-08,0.249999999822632,0.249999999911316,1.330260068765909e-08,1,0.5,2.660520137531819e-10,1,24.9999999911316,24.9999999911316,0.249999999822632,0.249999999911316,0.5,24.9999999911316,0.5
35.16,24.99999999119839,1.320240722302302e-08,0.2499999998239679,0.2499999999119839,1.320240722302302e-08,1,0.5,2.640481444604603e-10,1,24.99999999119839,24.99999999119839,0.2499999998239679,0.2499999999119839,0.5,24.99999999119839,0.5
35.22,24.99999999126518,1.310222069728084e-08,0.2499999998253037,0.2499999999126518,1.310222069728084e-08,1,0.5,2.620444139456168e-10,1,24.99999999126518,24.99999999126518,0.2499999998253037,0.2499999999126518,0.5,24.99999999126518,0.5
35.28,24.99999999133198,1.300203417153867e-08,0.2499999998266395,0.2499999999133198,1.300203417153867e-08,1,0.5,2.600406834307734e-10,1,24.99999999133198,24.99999999133198,0.2499999998266395,0.2499999999133198,0.5,24.99999999133198,0.5
35.34,24.99999999139877,1.290184487023893e-08,0.2499999998279754,0.2499999999139877,1.290184487023893e-08,1,0.5,2.580368974047786e-10,1,24.99999999139877,24.99999999139877,0.2499999998279754,0.2499999999139877,0.5,24.99999999139877,0.5
35.4,24.99999999146556,1.280165834449676e-08,0.2499999998293112,0.2499999999146556,1.280165834449676e-08,1,0.5,2.560331668899352e-10,1,24.99999999146556,24.99999999146556,0.2499999998293112,0.2499999999146556,0.5,24.99999999146556,0.5
35.46,24.99999999153235,1.270147181875458e-08,0.2499999998306471,0.2499999999153235,1.270147181875458e-08,1,0.5,2.540294363750917e-10,1,24.99999999153235,24.99999999153235,0.2499999998306471,0.2499999999153235,0.5,24.99999999153235,0.5
35.52,24.99999999159914,1.260128529301241e-08,0.2499999998319829,0.2499999999159914,1.260128529301241e-08,1,0.5,2.520257058602482e-10,1,24.99999999159914,24.99999999159914,0.2499999998319829,0.2499999999159914,0.5,24.99999999159914,0.5
35.58,24.99999999166594,1.250109182837633e-08,0.2499999998333188,0.2499999999166594,1.250109182837633e-08,1,0.5,2.500218365675266e-10,1,24.99999999166594,24.99999999166594,0.2499999998333188,0.2499999999166594,0.5,24.99999999166594,0.5
35.64,24.99999999173273,1.240090530263416e-08,0.2499999998346546,0.2499999999173273,1.240090530263416e-08,1,0.5,2.480181060526832e-10,1,24.99999999173273,24.99999999173273,0.2499999998346546,0.2499999999173273,0.5,24.99999999173273,0.5
35.7,24.99999999179952,1.230071877689198e-08,0.2499999998359904,0.2499999999179952,1.230071877689198e-08,1,0.5,2.460143755378397e-10,1,24.99999999179952,24.99999999179952,0.2499999998359904,0.2499999999179952,0.5,24.99999999179952,0.5
35.76,24.99999999186631,1.220052670003469e-08,0.2499999998373263,0.2499999999186631,1.220052670003469e-08,1,0.5,2.440105340006937e-10,1,24.99999999186631,24.99999999186631,0.2499999998373263,0.2499999999186631,0.5,24.99999999186631,0.5
35.82,24.99999999193311,1.210034017429251e-08,0.2499999998386621,0.2499999999193311,1.210034017429251e-08,1,0.5,2.420068034858502e-10,1,24.99999999193311,24.99999999193311,0.2499999998386621,0.2499999999193311,0.5,24.99999999193311,0.5
35.88,24.9999999919999,1.200015364855034e-08,0.2499999998399979,0.249999999919999,1.200015364855034e-08,1,0.5,2.400030729710068e-10,1,24.9999999919999,24.9999999919999,0.2499999998399979,0.249999999919999,0.5,24.9999999919999,0.5
35.94,24.99999999206669,1.189996712280816e-08,0.2499999998413338,0.2499999999206669,1.189996712280816e-08,1,0.5,2.379993424561633e-10,1,24.99999999206669,24.99999999206669,0.2499999998413338,0.2499999999206669,0.5,24.99999999206669,0.5
36,24.99999999213348,1.179977643372965e-08,0.2499999998426697,0.2499999999213348,1.179977643372965e-08,1,0.5,2.359955286745929e-10,1,24.99999999213348,24.99999999213348,0.2499999998426697,0.2499999999213348,0.5,24.99999999213348,0.5
36.06,24.99999999220027,1.169958990798747e-08,0.2499999998440055,0.2499999999220027,1.169958990798747e-08,1,0.5,2.339917981597495e-10,1,24.99999999220027,24.99999999220027,0.2499999998440055,0.2499999999220027,0.5,24.99999999220027,0.5
36.12,24.99999999226706,1.15994033822453e-08,0.2499999998453413,0.2499999999226706,1.15994033822453e-08,1,0.5,2.31988067644906e-10,1,24.99999999226706,24.99999999226706,0.2499999998453413,0.2499999999226706,0.5,24.99999999226706,0.5
36.18,24.99999999233386,1.1499211305388e-08,0.2499999998466772,0.2499999999233386,1.1499211305388e-08,1,0.5,2.2998422610776e-10,1,24.99999999233386,24.99999999233386,0.2499999998466772,0.2499999999233386,0.5,24.99999999233386,0.5
36.24,24.99999999240065,1.139902477964583e-08,0.249999999848013,0.2499999999240065,1.139902477964583e-08,1,0.5,2.279804955929166e-10,1,24.99999999240065,24.99999999240065,0.249999999848013,0.2499999999240065,0.5,24.99999999240065,0.5
36.3,24.99999999246744,1.129883825390365e-08,0.2499999998493488,0.2499999999246744,1.129883825390365e-08,1,0.5,2.259767650780731e-10,1,24.99999999246744,24.99999999246744,0.2499999998493488,0.2499999999246744,0.5,24.99999999246744,0.5
36.36,24.99999999253423,1.119865172816148e-08,0.2499999998506846,0.2499999999253423,1.119865172816148e-08,1,0.5,2.239730345632296e-10,1,24.99999999253423,24.99999999253423,0.2499999998506846,0.2499999999253423,0.5,24.99999999253423,0.5
36.42,24.99999999260103,1.10984582635254e-08,0.2499999998520205,0.2499999999260103,1.10984582635254e-08,1,0.5,2.21969165270508e-10,1,24.99999999260103,24.99999999260103,0.2499999998520205,0.2499999999260103,0.5,24.99999999260103,0.5
36.48,24.99999999266782,1.099827173778323e-08,0.2499999998533564,0.2499999999266782,1.099827173778323e-08,1,0.5,2.199654347556645e-10,1,24.99999999266782,24.99999999266782,0.2499999998533564,0.2499999999266782,0.5,24.99999999266782,0.5
36.54,24.99999999273461,1.089808521204105e-08,0.2499999998546922,0.2499999999273461,1.089808521204105e-08,1,0.5,2.179617042408211e-10,1,24.99999999273461,24.99999999273461,0.2499999998546922,0.2499999999273461,0.5,24.99999999273461,0.5
36.6,24.9999999928014,1.079789591074132e-08,0.2499999998560281,0.249999999928014,1.079789591074132e-08,1,0.5,2.159579182148263e-10,1,24.9999999928014,24.9999999928014,0.2499999998560281,0.249999999928014,0.5,24.9999999928014,0.5
36.66,24.99999999286819,1.069770938499914e-08,0.2499999998573639,0.2499999999286819,1.069770938499914e-08,1,0.5,2.139541876999829e-10,1,24.99999999286819,24.99999999286819,0.2499999998573639,0.2499999999286819,0.5,24.99999999286819,0.5
36.72,24.99999999293498,1.059752285925697e-08,0.2499999998586997,0.2499999999293498,1.059752285925697e-08,1,0.5,2.119504571851394e-10,1,24.99999999293498,24.99999999293498,0.2499999998586997,0.2499999999293498,0.5,24.99999999293498,0.5
36.78,24.99999999300178,1.04973363335148e-08,0.2499999998600355,0.2499999999300178,1.04973363335148e-08,1,0.5,2.099467266702959e-10,1,24.99999999300178,24.99999999300178,0.2499999998600355,0.2499999999300178,0.5,24.99999999300178,0.5
36.84,24.99999999306857,1.039714564443628e-08,0.2499999998613714,0.2499999999306857,1.039714564443628e-08,1,0.5,2.079429128887256e-10,1,24.99999999306857,24.99999999306857,0.2499999998613714,0.2499999999306857,0.5,24.99999999306857,0.5
36.9,24.99999999313536,1.02969591186941e-08,0.2499999998627072,0.2499999999313536,1.02969591186941e-08,1,0.5,2.059391823738821e-10,1,24.99999999313536,24.99999999313536,0.2499999998627072,0.2499999999313536,0.5,24.99999999313536,0.5
36.96,24.99999999320215,1.019677259295193e-08,0.2499999998640431,0.2499999999320215,1.019677259295193e-08,1,0.5,2.039354518590386e-10,1,24.99999999320215,24.99999999320215,0.2499999998640431,0.2499999999320215,0.5,24.99999999320215,0.5
37.02,24.99999999326895,1.009657635275829e-08,0.249999999865379,0.2499999999326895,1.009657635275829e-08,1,0.5,2.019315270551658e-10,1,24.99999999326895,24.99999999326895,0.249999999865379,0.2499999999326895,0.5,24.99999999326895,0.5
37.08,24.99999999333574,9.996389827016117e-09,0.2499999998667148,0.2499999999333574,9.996389827016117e-09,1,0.5,1.999277965403223e-10,1,24.99999999333574,24.99999999333574,0.2499999998667148,0.2499999999333574,0.5,24.99999999333574,0.5
37.14,24.99999999340253,9.896203301273943e-09,0.2499999998680506,0.2499999999340253,9.896203301273943e-09,1,0.5,1.979240660254789e-10,1,24.99999999340253,24.99999999340253,0.2499999998680506,0.2499999999340253,0.5,24.99999999340253,0.5
37.2,24.99999999346932,9.796016775531768e-09,0.2499999998693864,0.2499999999346932,9.796016775531768e-09,1,0.5,1.959203355106354e-10,1,24.99999999346932,24.99999999346932,0.2499999998693864,0.2499999999346932,0.5,24.99999999346932,0.5
37.26,24.99999999353611,9.695827474232033e-09,0.2499999998707223,0.2499999999353612,9.695827474232033e-09,1,0.5,1.939165494846407e-10,1,24.99999999353611,24.99999999353611,0.2499999998707223,0.2499999999353612,0.5,24.99999999353611,0.5
37.32,24.99999999360291,9.595640948489859e-09,0.2499999998720581,0.2499999999360291,9.595640948489859e-09,1,0.5,1.919128189697972e-10,1,24.99999999360291,24.99999999360291,0.2499999998720581,0.2499999999360291,0.5,24.99999999360291,0.5
37.38,24.9999999936697,9.495454422747684e-09,0.2499999998733939,0.249999999936697,9.495454422747684e-09,1,0.5,1.899090884549537e-10,1,24.9999999936697,24.9999999936697,0.2499999998733939,0.249999999936697,0.5,24.9999999936697,0.5
37.44,24.99999999373649,9.395263733669168e-09,0.2499999998747298,0.2499999999373649,9.395263733669168e-09,1,0.5,1.879052746733834e-10,1,24.99999999373649,24.99999999373649,0.2499999998747298,0.2499999999373649,0.5,24.99999999373649,0.5
37.5,24.99999999380328,9.295077207926994e-09,0.2499999998760657,0.2499999999380328,9.295077207926994e-09,1,0.5,1.859015441585399e-10,1,24.99999999380328,24.99999999380328,0.2499999998760657,0.2499999999380328,0.5,24.99999999380328,0.5
37.56,24.99999999387007,9.19489068218482e-09,0.2499999998774015,0.2499999999387007,9.19489068218482e-09,1,0.5,1.838978136436964e-10,1,24.99999999387007,24.99999999387007,0.2499999998774015,0.2499999999387007,0.5,24.99999999387007,0.5
37.62,24.99999999393686,9.094704156442646e-09,0.2499999998787373,0.2499999999393686,9.094704156442646e-09,1,0.5,1.818940831288529e-10,1,24.99999999393686,24.99999999393686,0.2499999998787373,0.2499999999393686,0.5,24.99999999393686,0.5
37.68,24.99999999400366,8.994509304027787e-09,0.2499999998800732,0.2499999999400366,8.994509304027787e-09,1,0.5,1.798901860805557e-10,1,24.99999999400366,24.99999999400366,0.2499999998800732,0.2499999999400366,0.5,24.99999999400366,0.5
37.74,24.99999999407045,8.894322778285613e-09,0.249999999881409,0.2499999999407045,8.894322778285613e-09,1,0.5,1.778864555657123e-10,1,24.99999999407045,24.99999999407045,0.249999999881409,0.2499999999407045,0.5,24.99999999407045,0.5
37.8,24.99999999413724,8.794136252543439e-09,0.2499999998827448,0.2499999999413724,8.794136252543439e-09,1,0.5,1.758827250508688e-10,1,24.99999999413724,24.99999999413724,0.2499999998827448,0.2499999999413724,0.5,24.99999999413724,0.5
37.86,24.99999999420404,8.693945563464922e-09,0.2499999998840807,0.2499999999420404,8.693945563464922e-09,1,0.5,1.738789112692984e-10,1,24.99999999420404,24.99999999420404,0.2499999998840807,0.2499999999420404,0.5,24.99999999420404,0.5
37.92,24.99999999427083,8.593759037722748e-09,0.2499999998854165,0.2499999999427083,8.593759037722748e-09,1,0.5,1.71875180754455e-10,1,24.99999999427083,24.99999999427083,0.2499999998854165,0.2499999999427083,0.5,24.99999999427083,0.5
37.98,24.99999999433762,8.493572511980574e-09,0.2499999998867524,0.2499999999433762,8.493572511980574e-09,1,0.5,1.698714502396115e-10,1,24.99999999433762,24.99999999433762,0.2499999998867524,0.2499999999433762,0.5,24.99999999433762,0.5
38.04,24.99999999440441,8.3933859862384e-09,0.2499999998880882,0.2499999999440441,8.3933859862384e-09,1,0.5,1.67867719724768e-10,1,24.99999999440441,24.99999999440441,0.2499999998880882,0.2499999999440441,0.5,24.99999999440441,0.5
38.1,24.9999999944712,8.293196684938664e-09,0.2499999998894241,0.249999999944712,8.293196684938664e-09,1,0.5,1.658639336987733e-10,1,24.9999999944712,24.9999999944712,0.2499999998894241,0.249999999944712,0.5,24.9999999944712,0.5
38.16,24.99999999453799,8.19301015919649e-09,0.2499999998907599,0.2499999999453799,8.19301015919649e-09,1,0.5,1.638602031839298e-10,1,24.99999999453799,24.99999999453799,0.2499999998907599,0.2499999999453799,0.5,24.99999999453799,0.5
38.22,24.99999999460479,8.092823633454316e-09,0.2499999998920957,0.2499999999460479,8.092823633454316e-09,1,0.5,1.618564726690863e-10,1,24.99999999460479,24.99999999460479,0.2499999998920957,0.2499999999460479,0.5,24.99999999460479,0.5
38.28,24.99999999467158,7.992637107712142e-09,0.2499999998934315,0.2499999999467158,7.992637107712142e-09,1,0.5,1.598527421542428e-10,1,24.99999999467158,24.99999999467158,0.2499999998934315,0.2499999999467158,0.5,24.99999999467158,0.5
38.34,24.99999999473837,7.892443643076064e-09,0.2499999998947674,0.2499999999473837,7.892443643076064e-09,1,0.5,1.578488728615213e-10,1,24.99999999473837,24.99999999473837,0.2499999998947674,0.2499999999473837,0.5,24.99999999473837,0.5
38.4,24.99999999480516,7.792257117333889e-09,0.2499999998961032,0.2499999999480516,7.792257117333889e-09,1,0.5,1.558451423466778e-10,1,24.99999999480516,24.99999999480516,0.2499999998961032,0.2499999999480516,0.5,24.99999999480516,0.5
38.46,24.99999999487195,7.692070591591715e-09,0.2499999998974391,0.2499999999487195,7.692070591591715e-09,1,0.5,1.538414118318343e-10,1,24.99999999487195,24.99999999487195,0.2499999998974391,0.2499999999487195,0.5,24.99999999487195,0.5
38.52,24.99999999493875,7.591877126955637e-09,0.249999999898775,0.2499999999493875,7.591877126955637e-09,1,0.5,1.518375425391127e-10,1,24.99999999493875,24.99999999493875,0.249999999898775,0.2499999999493875,0.5,24.99999999493875,0.5
38.58,24.99999999500554,7.491690601213463e-09,0.2499999999001108,0.2499999999500554,7.491690601213463e-09,1,0.5,1.498338120242693e-10,1,24.99999999500554,24.99999999500554,0.2499999999001108,0.2499999999500554,0.5,24.99999999500554,0.5
38.64,24.99999999507233,7.391504075471289e-09,0.2499999999014466,0.2499999999507233,7.391504075471289e-09,1,0.5,1.478300815094258e-10,1,24.99999999507233,24.99999999507233,0.2499999999014466,0.2499999999507233,0.5,24.99999999507233,0.5
38.7,24.99999999513912,7.291317549729115e-09,0.2499999999027824,0.2499999999513912,7.291317549729115e-09,1,0.5,1.458263509945823e-10,1,24.99999999513912,24.99999999513912,0.2499999999027824,0.2499999999513912,0.5,24.99999999513912,0.5
38.76,24.99999999520591,7.191128248429379e-09,0.2499999999041183,0.2499999999520592,7.191128248429379e-09,1,0.5,1.438225649685876e-10,1,24.99999999520591,24.99999999520591,0.2499999999041183,0.2499999999520592,0.5,24.99999999520591,0.5
38.82,24.99999999527271,7.090941722687205e-09,0.2499999999054541,0.2499999999527271,7.090941722687205e-09,1,0.5,1.418188344537441e-10,1,24.99999999527271,24.99999999527271,0.2499999999054541,0.2499999999527271,0.5,24.99999999527271,0.5
38.88,24.9999999953395,6.990755196945031e-09,0.2499999999067899,0.249999999953395,6.990755196945031e-09,1,0.5,1.398151039389006e-10,1,24.9999999953395,24.9999999953395,0.2499999999067899,0.249999999953395,0.5,24.9999999953395,0.5
38.94,24.99999999540629,6.890561732308953e-09,0.2499999999081259,0.2499999999540629,6.890561732308953e-09,1,0.5,1.378112346461791e-10,1,24.99999999540629,24.99999999540629,0.2499999999081259,0.2499999999540629,0.5,24.99999999540629,0.5
39,24.99999999547308,6.790375206566779e-09,0.2499999999094617,0.2499999999547308,6.790375206566779e-09,1,0.5,1.358075041313356e-10,1,24.99999999547308,24.99999999547308,0.2499999999094617,0.2499999999547308,0.5,24.99999999547308,0.5
39.06,24.99999999553987,6.690188680824605e-09,0.2499999999107975,0.2499999999553987,6.690188680824605e-09,1,0.5,1.338037736164921e-10,1,24.99999999553987,24.99999999553987,0.2499999999107975,0.2499999999553987,0.5,24.99999999553987,0.5
39.12,24.99999999560666,6.590002155082431e-09,0.2499999999121333,0.2499999999560666,6.590002155082431e-09,1,0.5,1.318000431016486e-10,1,24.99999999560666,24.99999999560666,0.2499999999121333,0.2499999999560666,0.5,24.99999999560666,0.5
39.18,24.99999999567346,6.489810078225133e-09,0.2499999999134692,0.2499999999567346,6.489810078225133e-09,1,0.5,1.297962015645027e-10,1,24.99999999567346,24.99999999567346,0.2499999999134692,0.2499999999567346,0.5,24.99999999567346,0.5
39.24,24.99999999574025,6.389623552482959e-09,0.249999999914805,0.2499999999574025,6.389623552482959e-09,1,0.5,1.277924710496592e-10,1,24.99999999574025,24.99999999574025,0.249999999914805,0.2499999999574025,0.5,24.99999999574025,0.5
39.3,24.99999999580704,6.289437026740785e-09,0.2499999999161408,0.2499999999580704,6.289437026740785e-09,1,0.5,1.257887405348157e-10,1,24.99999999580704,24.99999999580704,0.2499999999161408,0.2499999999580704,0.5,24.99999999580704,0.5
39.36,24.99999999587384,6.189246337662269e-09,0.2499999999174767,0.2499999999587384,6.189246337662269e-09,1,0.5,1.237849267532454e-10,1,24.99999999587384,24.99999999587384,0.2499999999174767,0.2499999999587384,0.5,24.99999999587384,0.5
39.42,24.99999999594063,6.089059811920094e-09,0.2499999999188126,0.2499999999594063,6.089059811920094e-09,1,0.5,1.217811962384019e-10,1,24.99999999594063,24.99999999594063,0.2499999999188126,0.2499999999594063,0.5,24.99999999594063,0.5
39.48,24.99999999600742,5.98887328617792e-09,0.2499999999201484,0.2499999999600742,5.98887328617792e-09,1,0.5,1.197774657235584e-10,1,24.99999999600742,24.99999999600742,0.2499999999201484,0.2499999999600742,0.5,24.99999999600742,0.5
39.54,24.99999999607421,5.888686760435746e-09,0.2499999999214842,0.2499999999607421,5.888686760435746e-09,1,0.5,1.177737352087149e-10,1,24.99999999607421,24.99999999607421,0.2499999999214842,0.2499999999607421,0.5,24.99999999607421,0.5
39.6,24.999999996141,5.788494683578449e-09,0.2499999999228201,0.24999999996141,5.788494683578449e-09,1,0.5,1.15769893671569e-10,1,24.999999996141,24.999999996141,0.2499999999228201,0.24999999996141,0.5,24.999999996141,0.5
39.66,24.99999999620779,5.688308157836275e-09,0.2499999999241559,0.2499999999620779,5.688308157836275e-09,1,0.5,1.137661631567255e-10,1,24.99999999620779,24.99999999620779,0.2499999999241559,0.2499999999620779,0.5,24.99999999620779,0.5
39.72,24.99999999627459,5.588121632094101e-09,0.2499999999254917,0.2499999999627459,5.588121632094101e-09,1,0.5,1.11762432641882e-10,1,24.99999999627459,24.99999999627459,0.2499999999254917,0.2499999999627459,0.5,24.99999999627459,0.5
39.78,24.99999999634138,5.487928167458023e-09,0.2499999999268276,0.2499999999634138,5.487928167458023e-09,1,0.5,1.097585633491605e-10,1,24.99999999634138,24.99999999634138,0.2499999999268276,0.2499999999634138,0.5,24.99999999634138,0.5
39.84,24.99999999640817,5.387741641715849e-09,0.2499999999281634,0.2499999999640817,5.387741641715849e-09,1,0.5,1.07754832834317e-10,1,24.99999999640817,24.99999999640817,0.2499999999281634,0.2499999999640817,0.5,24.99999999640817,0.5
39.9,24.99999999647496,5.287555115973674e-09,0.2499999999294993,0.2499999999647496,5.287555115973674e-09,1,0.5,1.057511023194735e-10,1,24.99999999647496,24.99999999647496,0.2499999999294993,0.2499999999647496,0.5,24.99999999647496,0.5
39.96,24.99999999654175,5.1873685902315e-09,0.2499999999308351,0.2499999999654175,5.1873685902315e-09,1,0.5,1.0374737180463e-10,1,24.99999999654175,24.99999999654175,0.2499999999308351,0.2499999999654175,0.5,24.99999999654175,0.5
40.02,24.99999999660855,5.087179288931765e-09,0.249999999932171,0.2499999999660855,5.087179288931765e-09,1,0.5,1.017435857786353e-10,1,24.99999999660855,24.99999999660855,0.249999999932171,0.2499999999660855,0.5,24.99999999660855,0.5
40.08,24.99999999667534,4.986992763189591e-09,0.2499999999335068,0.2499999999667534,4.986992763189591e-09,1,0.5,9.973985526379181e-11,1,24.99999999667534,24.99999999667534,0.2499999999335068,0.2499999999667534,0.5,24.99999999667534,0.5
40.14,24.99999999674213,4.886806237447416e-09,0.2499999999348426,0.2499999999674213,4.886806237447416e-09,1,0.5,9.773612474894833e-11,1,24.99999999674213,24.99999999674213,0.2499999999348426,0.2499999999674213,0.5,24.99999999674213,0.5
40.2,24.99999999680892,4.786612772811338e-09,0.2499999999361785,0.2499999999680892,4.786612772811338e-09,1,0.5,9.573225545622677e-11,1,24.99999999680892,24.99999999680892,0.2499999999361785,0.2499999999680892,0.5,24.99999999680892,0.5
40.26,24.99999999687572,4.686426247069164e-09,0.2499999999375143,0.2499999999687572,4.686426247069164e-09,1,0.5,9.372852494138328e-11,1,24.99999999687572,24.99999999687572,0.2499999999375143,0.2499999999687572,0.5,24.99999999687572,0.5
40.32,24.99999999694251,4.58623972132699e-09,0.2499999999388501,0.2499999999694251,4.58623972132699e-09,1,0.5,9.17247944265398e-11,1,24.99999999694251,24.99999999694251,0.2499999999388501,0.2499999999694251,0.5,24.99999999694251,0.5
40.38,24.9999999970093,4.486053195584816e-09,0.249999999940186,0.249999999970093,4.486053195584816e-09,1,0.5,8.972106391169632e-11,1,24.9999999970093,24.9999999970093,0.249999999940186,0.249999999970093,0.5,24.9999999970093,0.5
40.44,24.99999999707609,4.385859730948738e-09,0.2499999999415219,0.2499999999707609,4.385859730948738e-09,1,0.5,8.771719461897476e-11,1,24.99999999707609,24.99999999707609,0.2499999999415219,0.2499999999707609,0.5,24.99999999707609,0.5
40.5,24.99999999714288,4.285673205206564e-09,0.2499999999428577,0.2499999999714288,4.285673205206564e-09,1,0.5,8.571346410413128e-11,1,24.99999999714288,24.99999999714288,0.2499999999428577,0.2499999999714288,0.5,24.99999999714288,0.5
40.56,24.99999999720967,4.18548667946439e-09,0.2499999999441935,0.2499999999720967,4.18548667946439e-09,1,0.5,8.370973358928779e-11,1,24.99999999720967,24.99999999720967,0.2499999999441935,0.2499999999720967,0.5,24.99999999720967,0.5
40.62,24.99999999727647,4.085297378164654e-09,0.2499999999455294,0.2499999999727647,4.085297378164654e-09,1,0.5,8.170594756329308e-11,1,24.99999999727647,24.99999999727647,0.2499999999455294,0.2499999999727647,0.5,24.99999999727647,0.5
40.68,24.99999999734326,3.98511085242248e-09,0.2499999999468652,0.2499999999734326,3.98511085242248e-09,1,0.5,7.97022170484496e-11,1,24.99999999734326,24.99999999734326,0.2499999999468652,0.2499999999734326,0.5,24.99999999734326,0.5
40.74,24.99999999741005,3.884924326680306e-09,0.249999999948201,0.2499999999741005,3.884924326680306e-09,1,0.5,7.769848653360611e-11,1,24.99999999741005,24.99999999741005,0.249999999948201,0.2499999999741005,0.5,24.99999999741005,0.5
40.8,24.99999999747684,3.784737800938132e-09,0.2499999999495368,0.2499999999747684,3.784737800938132e-09,1,0.5,7.569475601876263e-11,1,24.99999999747684,24.99999999747684,0.2499999999495368,0.2499999999747684,0.5,24.99999999747684,0.5
40.86,24.99999999754364,3.684544336302054e-09,0.2499999999508727,0.2499999999754364,3.684544336302054e-09,1,0.5,7.369088672604107e-11,1,24.99999999754364,24.99999999754364,0.2499999999508727,0.2499999999754364,0.5,24.99999999754364,0.5
40.92,24.99999999761043,3.584357810559879e-09,0.2499999999522086,0.2499999999761043,3.584357810559879e-09,1,0.5,7.168715621119759e-11,1,24.99999999761043,24.99999999761043,0.2499999999522086,0.2499999999761043,0.5,24.99999999761043,0.5
40.98,24.99999999767722,3.484171284817705e-09,0.2499999999535444,0.2499999999767722,3.484171284817705e-09,1,0.5,6.968342569635411e-11,1,24.99999999767722,24.99999999767722,0.2499999999535444,0.2499999999767722,0.5,24.99999999767722,0.5
41.04,24.99999999774401,3.383984759075531e-09,0.2499999999548802,0.2499999999774401,3.383984759075531e-09,1,0.5,6.767969518151062e-11,1,24.99999999774401,24.99999999774401,0.2499999999548802,0.2499999999774401,0.5,24.99999999774401,0.5
41.1,24.9999999978108,3.283792682218234e-09,0.2499999999562161,0.249999999978108,3.283792682218234e-09,1,0.5,6.567585364436468e-11,1,24.9999999978108,24.9999999978108,0.2499999999562161,0.249999999978108,0.5,24.9999999978108,0.5
41.16,24.99999999787759,3.18360615647606e-09,0.2499999999575519,0.2499999999787759,3.18360615647606e-09,1,0.5,6.36721231295212e-11,1,24.99999999787759,24.99999999787759,0.2499999999575519,0.2499999999787759,0.5,24.99999999787759,0.5
41.22,24.99999999794439,3.083419630733886e-09,0.2499999999588877,0.2499999999794439,3.083419630733886e-09,1,0.5,6.166839261467771e-11,1,24.99999999794439,24.99999999794439,0.2499999999588877,0.2499999999794439,0.5,24.99999999794439,0.5
41.28,24.99999999801118,2.983228941655369e-09,0.2499999999602236,0.2499999999801118,2.983228941655369e-09,1,0.5,5.966457883310738e-11,1,24.99999999801118,24.99999999801118,0.2499999999602236,0.2499999999801118,0.5,24.99999999801118,0.5
41.34,24.99999999807797,2.883042415913195e-09,0.2499999999615594,0.2499999999807797,2.883042415913195e-09,1,0.5,5.76608483182639e-11,1,24.99999999807797,24.99999999807797,0.2499999999615594,0.2499999999807797,0.5,24.99999999807797,0.5
41.4,24.99999999814476,2.782855890171021e-09,0.2499999999628953,0.2499999999814476,2.782855890171021e-09,1,0.5,5.565711780342042e-11,1,24.99999999814476,24.99999999814476,0.2499999999628953,0.2499999999814476,0.5,24.99999999814476,0.5
41.46,24.99999999821155,2.682669364428847e-09,0.2499999999642311,0.2499999999821155,2.682669364428847e-09,1,0.5,5.365338728857694e-11,1,24.99999999821155,24.99999999821155,0.2499999999642311,0.2499999999821155,0.5,24.99999999821155,0.5
41.52,24.99999999827835,2.58247728757155e-09,0.249999999965567,0.2499999999827835,2.58247728757155e-09,1,0.5,5.164954575143099e-11,1,24.99999999827835,24.99999999827835,0.249999999965567,0.2499999999827835,0.5,24.99999999827835,0.5
41.58,24.99999999834514,2.482290761829375e-09,0.2499999999669028,0.2499999999834514,2.482290761829375e-09,1,0.5,4.964581523658751e-11,1,24.99999999834514,24.99999999834514,0.2499999999669028,0.2499999999834514,0.5,24.99999999834514,0.5
41.64,24.99999999841193,2.382104236087201e-09,0.2499999999682386,0.2499999999841193,2.382104236087201e-09,1,0.5,4.764208472174403e-11,1,24.99999999841193,24.99999999841193,0.2499999999682386,0.2499999999841193,0.5,24.99999999841193,0.5
41.7,24.99999999847872,2.281910771451123e-09,0.2499999999695745,0.2499999999847873,2.281910771451123e-09,1,0.5,4.563821542902247e-11,1,24.99999999847872,24.99999999847872,0.2499999999695745,0.2499999999847873,0.5,24.99999999847872,0.5
41.76,24.99999999854552,2.181724245708949e-09,0.2499999999709103,0.2499999999854552,2.181724245708949e-09,1,0.5,4.363448491417898e-11,1,24.99999999854552,24.99999999854552,0.2499999999709103,0.2499999999854552,0.5,24.99999999854552,0.5
41.82,24.99999999861231,2.081537719966775e-09,0.2499999999722461,0.2499999999861231,2.081537719966775e-09,1,0.5,4.16307543993355e-11,1,24.99999999861231,24.99999999861231,0.2499999999722461,0.2499999999861231,0.5,24.99999999861231,0.5
41.88,24.9999999986791,1.981351194224601e-09,0.249999999973582,0.249999999986791,1.981351194224601e-09,1,0.5,3.962702388449202e-11,1,24.9999999986791,24.9999999986791,0.249999999973582,0.249999999986791,0.5,24.9999999986791,0.5
41.94,24.99999999874589,1.881160505146084e-09,0.2499999999749179,0.2499999999874589,1.881160505146084e-09,1,0.5,3.762321010292169e-11,1,24.99999999874589,24.99999999874589,0.2499999999749179,0.2499999999874589,0.5,24.99999999874589,0.5
42,24.99999999881268,1.78097397940391e-09,0.2499999999762537,0.2499999999881268,1.78097397940391e-09,1,0.5,3.561947958807821e-11,1,24.99999999881268,24.99999999881268,0.2499999999762537,0.2499999999881268,0.5,24.99999999881268,0.5
42.06,24.99999999887947,1.680787453661736e-09,0.2499999999775895,0.2499999999887947,1.680787453661736e-09,1,0.5,3.361574907323472e-11,1,24.99999999887947,24.99999999887947,0.2499999999775895,0.2499999999887947,0.5,24.99999999887947,0.5
42.12,24.99999999894627,1.580598152362001e-09,0.2499999999789254,0.2499999999894627,1.580598152362001e-09,1,0.5,3.161196304724001e-11,1,24.99999999894627,24.99999999894627,0.2499999999789254,0.2499999999894627,0.5,24.99999999894627,0.5
42.18,24.99999999901306,1.480411626619826e-09,0.2499999999802612,0.2499999999901306,1.480411626619826e-09,1,0.5,2.960823253239653e-11,1,24.99999999901306,24.99999999901306,0.2499999999802612,0.2499999999901306,0.5,24.99999999901306,0.5
42.24,24.99999999907985,1.380225100877652e-09,0.249999999981597,0.2499999999907985,1.380225100877652e-09,1,0.5,2.760450201755305e-11,1,24.99999999907985,24.99999999907985,0.249999999981597,0.2499999999907985,0.5,24.99999999907985,0.5
42.3,24.99999999914664,1.280038575135478e-09,0.2499999999829328,0.2499999999914664,1.280038575135478e-09,1,0.5,2.560077150270956e-11,1,24.99999999914664,24.99999999914664,0.2499999999829328,0.2499999999914664,0.5,24.99999999914664,0.5
42.36,24.99999999921344,1.179842334941839e-09,0.2499999999842688,0.2499999999921344,1.179842334941839e-09,1,0.5,2.359684669883677e-11,1,24.99999999921344,24.99999999921344,0.2499999999842688,0.2499999999921344,0.5,24.99999999921344,0.5
42.42,24.9999999992584,1.112407388426107e-09,0.2499999999851679,0.249999999992584,1.112407388426107e-09,1,0.5,2.224814776852213e-11,1,24.9999999992584,24.9999999992584,0.2499999999851679,0.249999999992584,0.5,24.9999999992584,0.5
42.48,24.99999999925999,1.11001624558682e-09,0.2499999999851998,0.2499999999925999,1.11001624558682e-09,1,0.5,2.22003249117364e-11,1,24.99999999925999,24.99999999925999,0.2499999999851998,0.2499999999925999,0.5,24.99999999925999,0.5
42.54,24.99999999926158,1.107626490526314e-09,0.2499999999852317,0.2499999999926158,1.107626490526314e-09,1,0.5,2.215252981052629e-11,1,24.99999999926158,24.99999999926158,0.2499999999852317,0.2499999999926158,0.5,24.99999999926158,0.5
42.6,24.99999999926317,1.105235347687028e-09,0.2499999999852635,0.2499999999926318,1.105235347687028e-09,1,0.5,2.210470695374056e-11,1,24.99999999926317,24.99999999926317,0.2499999999852635,0.2499999999926318,0.5,24.99999999926317,0.5
42.66,24.99999999926477,1.102846980405303e-09,0.2499999999852954,0.2499999999926477,1.102846980405303e-09,1,0.5,2.205693960810606e-11,1,24.99999999926477,24.99999999926477,0.2499999999852954,0.2499999999926477,0.5,24.99999999926477,0.5
42.72,24.99999999926636,1.100455837566017e-09,0.2499999999853272,0.2499999999926636,1.100455837566017e-09,1,0.5,2.200911675132033e-11,1,24.99999999926636,24.99999999926636,0.2499999999853272,0.2499999999926636,0.5,24.99999999926636,0.5
42.78,24.99999999926796,1.09806330694795e-09,0.2499999999853592,0.2499999999926796,1.09806330694795e-09,1,0.5,2.196126613895899e-11,1,24.99999999926796,24.99999999926796,0.2499999999853592,0.2499999999926796,0.5,24.99999999926796,0.5
42.84,24.99999999926955,1.095674939666225e-09,0.249999999985391,0.2499999999926955,1.095674939666225e-09,1,0.5,2.191349879332449e-11,1,24.99999999926955,24.99999999926955,0.249999999985391,0.2499999999926955,0.5,24.99999999926955,0.5
42.9,24.99999999927114,1.093285184605719e-09,0.2499999999854229,0.2499999999927114,1.093285184605719e-09,1,0.5,2.186570369211438e-11,1,24.99999999927114,24.99999999927114,0.2499999999854229,0.2499999999927114,0.5,24.99999999927114,0.5
42.96,24.99999999927273,1.090896817323994e-09,0.2499999999854547,0.2499999999927273,1.090896817323994e-09,1,0.5,2.181793634647988e-11,1,24.99999999927273,24.99999999927273,0.2499999999854547,0.2499999999927273,0.5,24.99999999927273,0.5
43.02,24.99999999927433,1.088504286705927e-09,0.2499999999854866,0.2499999999927433,1.088504286705927e-09,1,0.5,2.177008573411854e-11,1,24.99999999927433,24.99999999927433,0.2499999999854866,0.2499999999927433,0.5,24.99999999927433,0.5
43.08,24.99999999927592,1.086115919424202e-09,0.2499999999855184,0.2499999999927592,1.086115919424202e-09,1,0.5,2.172231838848404e-11,1,24.99999999927592,24.99999999927592,0.2499999999855184,0.2499999999927592,0.5,24.99999999927592,0.5
43.14,24.99999999927752,1.083724776584916e-09,0.2499999999855503,0.2499999999927752,1.083724776584916e-09,1,0.5,2.167449553169831e-11,1,24.99999999927752,24.99999999927752,0.2499999999855503,0.2499999999927752,0.5,24.99999999927752,0.5
43.2,24.99999999927911,1.081337797081972e-09,0.2499999999855821,0.2499999999927911,1.081337797081972e-09,1,0.5,2.162675594163943e-11,1,24.99999999927911,24.99999999927911,0.2499999999855821,0.2499999999927911,0.5,24.99999999927911,0.5
43.26,24.9999999992807,1.078943878685124e-09,0.2499999999856141,0.249999999992807,1.078943878685124e-09,1,0.5,2.157887757370247e-11,1,24.9999999992807,24.9999999992807,0.2499999999856141,0.249999999992807,0.5,24.9999999992807,0.5
43.32,24.99999999928229,1.076556899182179e-09,0.2499999999856459,0.249999999992823,1.076556899182179e-09,1,0.5,2.153113798364359e-11,1,24.99999999928229,24.99999999928229,0.2499999999856459,0.249999999992823,0.5,24.99999999928229,0.5
43.38,24.99999999928389,1.074162980785331e-09,0.2499999999856778,0.2499999999928389,1.074162980785331e-09,1,0.5,2.148325961570663e-11,1,24.99999999928389,24.99999999928389,0.2499999999856778,0.2499999999928389,0.5,24.99999999928389,0.5
43.44,24.99999999928548,1.071774613503607e-09,0.2499999999857097,0.2499999999928548,1.071774613503607e-09,1,0.5,2.143549227007213e-11,1,24.99999999928548,24.99999999928548,0.2499999999857097,0.2499999999928548,0.5,24.99999999928548,0.5
43.5,24.99999999928708,1.069382082885539e-09,0.2499999999857415,0.2499999999928708,1.069382082885539e-09,1,0.5,2.138764165771079e-11,1,24.99999999928708,24.99999999928708,0.2499999999857415,0.2499999999928708,0.5,24.99999999928708,0.5
43.56,24.99999999928867,1.066996491161376e-09,0.2499999999857734,0.2499999999928867,1.066996491161376e-09,1,0.5,2.133992982322752e-11,1,24.99999999928867,24.99999999928867,0.2499999999857734,0.2499999999928867,0.5,24.99999999928867,0.5
43.62,24.99999999929026,1.064601184985747e-09,0.2499999999858053,0.2499999999929026,1.064601184985747e-09,1,0.5,2.129202369971495e-11,1,24.99999999929026,24.99999999929026,0.2499999999858053,0.2499999999929026,0.5,24.99999999929026,0.5
43.68,24.99999999929186,1.062215593261584e-09,0.2499999999858371,0.2499999999929186,1.062215593261584e-09,1,0.5,2.124431186523168e-11,1,24.99999999929186,24.99999999929186,0.2499999999858371,0.2499999999929186,0.5,24.99999999929186,0.5
43.74,24.99999999929345,1.059823062643517e-09,0.249999999985869,0.2499999999929345,1.059823062643517e-09,1,0.5,2.119646125287034e-11,1,24.99999999929345,24.99999999929345,0.249999999985869,0.2499999999929345,0.5,24.99999999929345,0.5
43.8,24.99999999929504,1.057437470919353e-09,0.2499999999859008,0.2499999999929504,1.057437470919353e-09,1,0.5,2.114874941838707e-11,1,24.99999999929504,24.99999999929504,0.2499999999859008,0.2499999999929504,0.5,24.99999999929504,0.5
43.86,24.99999999929664,1.055042164743725e-09,0.2499999999859328,0.2499999999929664,1.055042164743725e-09,1,0.5,2.110084329487449e-11,1,24.99999999929664,24.99999999929664,0.2499999999859328,0.2499999999929664,0.5,24.99999999929664,0.5
43.92,24.99999999929823,1.052656573019561e-09,0.2499999999859646,0.2499999999929823,1.052656573019561e-09,1,0.5,2.105313146039123e-11,1,24.99999999929823,24.99999999929823,0.2499999999859646,0.2499999999929823,0.5,24.99999999929823,0.5
43.98,24.99999999929982,1.050262654622713e-09,0.2499999999859965,0.2499999999929982,1.050262654622713e-09,1,0.5,2.100525309245427e-11,1,24.99999999929982,24.99999999929982,0.2499999999859965,0.2499999999929982,0.5,24.99999999929982,0.5
44.04,24.99999999930142,1.04787706289855e-09,0.2499999999860283,0.2499999999930142,1.04787706289855e-09,1,0.5,2.0957541257971e-11,1,24.99999999930142,24.99999999930142,0.2499999999860283,0.2499999999930142,0.5,24.99999999930142,0.5
44.1,24.99999999930301,1.045481756722921e-09,0.2499999999860602,0.2499999999930301,1.045481756722921e-09,1,0.5,2.090963513445843e-11,1,24.99999999930301,24.99999999930301,0.2499999999860602,0.2499999999930301,0.5,24.99999999930301,0.5
44.16,24.9999999993046,1.043096164998758e-09,0.2499999999860921,0.249999999993046,1.043096164998758e-09,1,0.5,2.086192329997516e-11,1,24.9999999993046,24.9999999993046,0.2499999999860921,0.249999999993046,0.5,24.9999999993046,0.5
44.22,24.9999999993062,1.040700858823129e-09,0.249999999986124,0.249999999993062,1.040700858823129e-09,1,0.5,2.081401717646258e-11,1,24.9999999993062,24.9999999993062,0.249999999986124,0.249999999993062,0.5,24.9999999993062,0.5
44.28,24.99999999930779,1.038315267098966e-09,0.2499999999861558,0.2499999999930779,1.038315267098966e-09,1,0.5,2.076630534197932e-11,1,24.99999999930779,24.99999999930779,0.2499999999861558,0.2499999999930779,0.5,24.99999999930779,0.5
44.34,24.99999999930938,1.035922736480899e-09,0.2499999999861877,0.2499999999930939,1.035922736480899e-09,1,0.5,2.071845472961797e-11,1,24.99999999930938,24.99999999930938,0.2499999999861877,0.2499999999930939,0.5,24.99999999930938,0.5
44.4,24.99999999931098,1.033528818084051e-09,0.2499999999862196,0.2499999999931098,1.033528818084051e-09,1,0.5,2.067057636168101e-11,1,24.99999999931098,24.99999999931098,0.2499999999862196,0.2499999999931098,0.5,24.99999999931098,0.5
44.46,24.99999999931257,1.031141838581107e-09,0.2499999999862514,0.2499999999931257,1.031141838581107e-09,1,0.5,2.062283677162213e-11,1,24.99999999931257,24.99999999931257,0.2499999999862514,0.2499999999931257,0.5,24.99999999931257,0.5
44.52,24.99999999931417,1.028747920184259e-09,0.2499999999862833,0.2499999999931417,1.028747920184259e-09,1,0.5,2.057495840368517e-11,1,24.99999999931417,24.99999999931417,0.2499999999862833,0.2499999999931417,0.5,24.99999999931417,0.5
44.58,24.99999999931576,1.026362328460095e-09,0.2499999999863152,0.2499999999931576,1.026362328460095e-09,1,0.5,2.052724656920191e-11,1,24.99999999931576,24.99999999931576,0.2499999999863152,0.2499999999931576,0.5,24.99999999931576,0.5
44.64,24.99999999931735,1.023967022284467e-09,0.2499999999863471,0.2499999999931735,1.023967022284467e-09,1,0.5,2.047934044568933e-11,1,24.99999999931735,24.99999999931735,0.2499999999863471,0.2499999999931735,0.5,24.99999999931735,0.5
44.7,24.99999999931894,1.021581430560303e-09,0.2499999999863789,0.2499999999931894,1.021581430560303e-09,1,0.5,2.043162861120607e-11,1,24.99999999931894,24.99999999931894,0.2499999999863789,0.2499999999931894,0.5,24.99999999931894,0.5
44.76,24.99999999932054,1.019188899942236e-09,0.2499999999864108,0.2499999999932054,1.019188899942236e-09,1,0.5,2.038377799884472e-11,1,24.99999999932054,24.99999999932054,0.2499999999864108,0.2499999999932054,0.5,24.99999999932054,0.5
44.82,24.99999999932213,1.016803308218073e-09,0.2499999999864426,0.2499999999932213,1.016803308218073e-09,1,0.5,2.033606616436145e-11,1,24.99999999932213,24.99999999932213,0.2499999999864426,0.2499999999932213,0.5,24.99999999932213,0.5
44.88,24.99999999932373,1.014408002042444e-09,0.2499999999864745,0.2499999999932373,1.014408002042444e-09,1,0.5,2.028816004084888e-11,1,24.99999999932373,24.99999999932373,0.2499999999864745,0.2499999999932373,0.5,24.99999999932373,0.5
44.94,24.99999999932532,1.012022410318281e-09,0.2499999999865064,0.2499999999932532,1.012022410318281e-09,1,0.5,2.024044820636561e-11,1,24.99999999932532,24.99999999932532,0.2499999999865064,0.2499999999932532,0.5,24.99999999932532,0.5
45,24.99999999932691,1.009628491921433e-09,0.2499999999865383,0.2499999999932691,1.009628491921433e-09,1,0.5,2.019256983842865e-11,1,24.99999999932691,24.99999999932691,0.2499999999865383,0.2499999999932691,0.5,24.99999999932691,0.5
45.06,24.99999999932851,1.007242900197269e-09,0.2499999999865701,0.2499999999932851,1.007242900197269e-09,1,0.5,2.014485800394539e-11,1,24.99999999932851,24.99999999932851,0.2499999999865701,0.2499999999932851,0.5,24.99999999932851,0.5
45.12,24.9999999993301,1.004847594021641e-09,0.249999999986602,0.249999999993301,1.004847594021641e-09,1,0.5,2.009695188043281e-11,1,24.9999999993301,24.9999999993301,0.249999999986602,0.249999999993301,0.5,24.9999999993301,0.5
45.18,24.99999999933169,1.002462002297477e-09,0.2499999999866339,0.2499999999933169,1.002462002297477e-09,1,0.5,2.004924004594955e-11,1,24.99999999933169,24.99999999933169,0.2499999999866339,0.2499999999933169,0.5,24.99999999933169,0.5
45.24,24.99999999933329,1.000066696121849e-09,0.2499999999866658,0.2499999999933329,1.000066696121849e-09,1,0.5,2.000133392243697e-11,1,24.99999999933329,24.99999999933329,0.2499999999866658,0.2499999999933329,0.5,24.99999999933329,0.5
45.3,24.99999999933488,9.976811043976852e-10,0.2499999999866976,0.2499999999933488,9.976811043976852e-10,1,0.5,1.99536220879537e-11,1,24.99999999933488,24.99999999933488,0.2499999999866976,0.2499999999933488,0.5,24.99999999933488,0.5
45.36,24.99999999933647,9.95288573779618e-10,0.2499999999867295,0.2499999999933648,9.95288573779618e-10,1,0.5,1.990577147559236e-11,1,24.99999999933647,24.99999999933647,0.2499999999867295,0.2499999999933648,0.5,24.99999999933647,0.5
45.42,24.99999999933807,9.929029820554547e-10,0.2499999999867613,0.2499999999933807,9.929029820554547e-10,1,0.5,1.985805964110909e-11,1,24.99999999933807,24.99999999933807,0.2499999999867613,0.2499999999933807,0.5,24.99999999933807,0.5
45.48,24.99999999933966,9.905076758798259e-10,0.2499999999867932,0.2499999999933966,9.905076758798259e-10,1,0.5,1.981015351759652e-11,1,24.99999999933966,24.99999999933966,0.2499999999867932,0.2499999999933966,0.5,24.99999999933966,0.5
45.54,24.99999999934125,9.881220841556626e-10,0.2499999999868251,0.2499999999934125,9.881220841556626e-10,1,0.5,1.976244168311325e-11,1,24.99999999934125,24.99999999934125,0.2499999999868251,0.2499999999934125,0.5,24.99999999934125,0.5
45.6,24.99999999934285,9.857281657588146e-10,0.249999999986857,0.2499999999934285,9.857281657588146e-10,1,0.5,1.971456331517629e-11,1,24.99999999934285,24.99999999934285,0.249999999986857,0.2499999999934285,0.5,24.99999999934285,0.5
45.66,24.99999999934444,9.833425740346513e-10,0.2499999999868888,0.2499999999934444,9.833425740346513e-10,1,0.5,1.966685148069303e-11,1,24.99999999934444,24.99999999934444,0.2499999999868888,0.2499999999934444,0.5,24.99999999934444,0.5
45.72,24.99999999934603,9.809472678590225e-10,0.2499999999869207,0.2499999999934603,9.809472678590225e-10,1,0.5,1.961894535718045e-11,1,24.99999999934603,24.99999999934603,0.2499999999869207,0.2499999999934603,0.5,24.99999999934603,0.5
45.78,24.99999999934763,9.785589005772977e-10,0.2499999999869525,0.2499999999934763,9.785589005772977e-10,1,0.5,1.957117801154595e-11,1,24.99999999934763,24.99999999934763,0.2499999999869525,0.2499999999934763,0.5,24.99999999934763,0.5
45.84,24.99999999934922,9.76169145516792e-10,0.2499999999869844,0.2499999999934922,9.76169145516792e-10,1,0.5,1.952338291033584e-11,1,24.99999999934922,24.99999999934922,0.2499999999869844,0.2499999999934922,0.5,24.99999999934922,0.5
45.9,24.99999999935081,9.737807782350671e-10,0.2499999999870162,0.2499999999935081,9.737807782350671e-10,1,0.5,1.947561556470134e-11,1,24.99999999935081,24.99999999935081,0.2499999999870162,0.2499999999935081,0.5,24.99999999935081,0.5
45.96,24.99999999935241,9.713882476169999e-10,0.2499999999870482,0.2499999999935241,9.713882476169999e-10,1,0.5,1.942776495234e-11,1,24.99999999935241,24.99999999935241,0.2499999999870482,0.2499999999935241,0.5,24.99999999935241,0.5
46.02,24.999999999354,9.689998803352751e-10,0.24999999998708,0.24999999999354,9.689998803352751e-10,1,0.5,1.93799976067055e-11,1,24.999999999354,24.999999999354,0.24999999998708,0.24999999999354,0.5,24.999999999354,0.5
46.08,24.99999999935559,9.666073497172079e-10,0.2499999999871119,0.249999999993556,9.666073497172079e-10,1,0.5,1.933214699434416e-11,1,24.99999999935559,24.99999999935559,0.2499999999871119,0.249999999993556,0.5,24.99999999935559,0.5
46.14,24.99999999935719,9.64218982435483e-10,0.2499999999871438,0.2499999999935719,9.64218982435483e-10,1,0.5,1.928437964870966e-11,1,24.99999999935719,24.99999999935719,0.2499999999871438,0.2499999999935719,0.5,24.99999999935719,0.5
46.2,24.99999999935878,9.618278395961966e-10,0.2499999999871756,0.2499999999935878,9.618278395961966e-10,1,0.5,1.923655679192393e-11,1,24.99999999935878,24.99999999935878,0.2499999999871756,0.2499999999935878,0.5,24.99999999935878,0.5
46.26,24.99999999936037,9.594408600932525e-10,0.2499999999872075,0.2499999999936037,9.594408600932525e-10,1,0.5,1.918881720186505e-11,1,24.99999999936037,24.99999999936037,0.2499999999872075,0.2499999999936037,0.5,24.99999999936037,0.5
46.32,24.99999999936197,9.570469416964045e-10,0.2499999999872394,0.2499999999936197,9.570469416964045e-10,1,0.5,1.914093883392809e-11,1,24.99999999936197,24.99999999936197,0.2499999999872394,0.2499999999936197,0.5,24.99999999936197,0.5
46.38,24.99999999936356,9.546585744146796e-10,0.2499999999872712,0.2499999999936356,9.546585744146796e-10,1,0.5,1.909317148829359e-11,1,24.99999999936356,24.99999999936356,0.2499999999872712,0.2499999999936356,0.5,24.99999999936356,0.5
46.44,24.99999999936515,9.52268819354174e-10,0.2499999999873031,0.2499999999936516,9.52268819354174e-10,1,0.5,1.904537638708348e-11,1,24.99999999936515,24.99999999936515,0.2499999999873031,0.2499999999936516,0.5,24.99999999936515,0.5
46.5,24.99999999936675,9.498776765148875e-10,0.2499999999873349,0.2499999999936675,9.498776765148875e-10,1,0.5,1.899755353029775e-11,1,24.99999999936675,24.99999999936675,0.2499999999873349,0.2499999999936675,0.5,24.99999999936675,0.5
46.56,24.99999999936834,9.474879214543819e-10,0.2499999999873669,0.2499999999936834,9.474879214543819e-10,1,0.5,1.894975842908764e-11,1,24.99999999936834,24.99999999936834,0.2499999999873669,0.2499999999936834,0.5,24.99999999936834,0.5
46.62,24.99999999936993,9.450967786150954e-10,0.2499999999873987,0.2499999999936993,9.450967786150954e-10,1,0.5,1.890193557230191e-11,1,24.99999999936993,24.99999999936993,0.2499999999873987,0.2499999999936993,0.5,24.99999999936993,0.5
46.68,24.99999999937153,9.427097991121514e-10,0.2499999999874306,0.2499999999937153,9.427097991121514e-10,1,0.5,1.885419598224303e-11,1,24.99999999937153,24.99999999937153,0.2499999999874306,0.2499999999937153,0.5,24.99999999937153,0.5
46.74,24.99999999937312,9.403186562728649e-10,0.2499999999874624,0.2499999999937312,9.403186562728649e-10,1,0.5,1.88063731254573e-11,1,24.99999999937312,24.99999999937312,0.2499999999874624,0.2499999999937312,0.5,24.99999999937312,0.5
46.8,24.99999999937472,9.379247378760169e-10,0.2499999999874943,0.2499999999937472,9.379247378760169e-10,1,0.5,1.875849475752034e-11,1,24.99999999937472,24.99999999937472,0.2499999999874943,0.2499999999937472,0.5,24.99999999937472,0.5
46.86,24.99999999937631,9.355377583730728e-10,0.2499999999875261,0.2499999999937631,9.355377583730728e-10,1,0.5,1.871075516746146e-11,1,24.99999999937631,24.99999999937631,0.2499999999875261,0.2499999999937631,0.5,24.99999999937631,0.5
46.92,24.9999999993779,9.331466155337864e-10,0.249999999987558,0.249999999993779,9.331466155337864e-10,1,0.5,1.866293231067573e-11,1,24.9999999993779,24.9999999993779,0.249999999987558,0.249999999993779,0.5,24.9999999993779,0.5
46.98,24.99999999937949,9.307582482520615e-10,0.2499999999875899,0.2499999999937949,9.307582482520615e-10,1,0.5,1.861516496504123e-11,1,24.99999999937949,24.99999999937949,0.2499999999875899,0.2499999999937949,0.5,24.99999999937949,0.5
47.04,24.99999999938109,9.283657176339943e-10,0.2499999999876218,0.2499999999938109,9.283657176339943e-10,1,0.5,1.856731435267989e-11,1,24.99999999938109,24.99999999938109,0.2499999999876218,0.2499999999938109,0.5,24.99999999938109,0.5
47.1,24.99999999938268,9.259773503522695e-10,0.2499999999876536,0.2499999999938268,9.259773503522695e-10,1,0.5,1.851954700704539e-11,1,24.99999999938268,24.99999999938268,0.2499999999876536,0.2499999999938268,0.5,24.99999999938268,0.5
47.16,24.99999999938428,9.235848197342023e-10,0.2499999999876855,0.2499999999938428,9.235848197342023e-10,1,0.5,1.847169639468405e-11,1,24.99999999938428,24.99999999938428,0.2499999999876855,0.2499999999938428,0.5,24.99999999938428,0.5
47.22,24.99999999938587,9.211964524524774e-10,0.2499999999877174,0.2499999999938587,9.211964524524774e-10,1,0.5,1.842392904904955e-11,1,24.99999999938587,24.99999999938587,0.2499999999877174,0.2499999999938587,0.5,24.99999999938587,0.5
47.28,24.99999999938746,9.188066973919717e-10,0.2499999999877492,0.2499999999938746,9.188066973919717e-10,1,0.5,1.837613394783943e-11,1,24.99999999938746,24.99999999938746,0.2499999999877492,0.2499999999938746,0.5,24.99999999938746,0.5
47.34,24.99999999938905,9.164183301102469e-10,0.2499999999877811,0.2499999999938906,9.164183301102469e-10,1,0.5,1.832836660220494e-11,1,24.99999999938905,24.99999999938905,0.2499999999877811,0.2499999999938906,0.5,24.99999999938905,0.5
47.4,24.99999999939065,9.140257994921797e-10,0.249999999987813,0.2499999999939065,9.140257994921797e-10,1,0.5,1.828051598984359e-11,1,24.99999999939065,24.99999999939065,0.249999999987813,0.2499999999939065,0.5,24.99999999939065,0.5
47.46,24.99999999939224,9.116374322104548e-10,0.2499999999878448,0.2499999999939224,9.116374322104548e-10,1,0.5,1.82327486442091e-11,1,24.99999999939224,24.99999999939224,0.2499999999878448,0.2499999999939224,0.5,24.99999999939224,0.5
47.52,24.99999999939384,9.092435138136068e-10,0.2499999999878767,0.2499999999939384,9.092435138136068e-10,1,0.5,1.818487027627214e-11,1,24.99999999939384,24.99999999939384,0.2499999999878767,0.2499999999939384,0.5,24.99999999939384,0.5
47.58,24.99999999939543,9.068579220894435e-10,0.2499999999879086,0.2499999999939543,9.068579220894435e-10,1,0.5,1.813715844178887e-11,1,24.99999999939543,24.99999999939543,0.2499999999879086,0.2499999999939543,0.5,24.99999999939543,0.5
47.64,24.99999999939702,9.044626159138147e-10,0.2499999999879405,0.2499999999939702,9.044626159138147e-10,1,0.5,1.808925231827629e-11,1,24.99999999939702,24.99999999939702,0.2499999999879405,0.2499999999939702,0.5,24.99999999939702,0.5
47.7,24.99999999939861,9.020770241896514e-10,0.2499999999879723,0.2499999999939861,9.020770241896514e-10,1,0.5,1.804154048379303e-11,1,24.99999999939861,24.99999999939861,0.2499999999879723,0.2499999999939861,0.5,24.99999999939861,0.5
47.76,24.99999999940021,8.996844935715842e-10,0.2499999999880042,0.2499999999940021,8.996844935715842e-10,1,0.5,1.799368987143168e-11,1,24.99999999940021,24.99999999940021,0.2499999999880042,0.2499999999940021,0.5,24.99999999940021,0.5
47.82,24.9999999994018,8.972989018474209e-10,0.249999999988036,0.249999999994018,8.972989018474209e-10,1,0.5,1.794597803694842e-11,1,24.9999999994018,24.9999999994018,0.249999999988036,0.249999999994018,0.5,24.9999999994018,0.5
47.88,24.9999999994034,8.949035956717921e-10,0.2499999999880679,0.249999999994034,8.949035956717921e-10,1,0.5,1.789807191343584e-11,1,24.9999999994034,24.9999999994034,0.2499999999880679,0.249999999994034,0.5,24.9999999994034,0.5
47.94,24.99999999940499,8.925180039476288e-10,0.2499999999880998,0.2499999999940499,8.925180039476288e-10,1,0.5,1.785036007895258e-11,1,24.99999999940499,24.99999999940499,0.2499999999880998,0.2499999999940499,0.5,24.99999999940499,0.5
48,24.99999999940658,8.90122697772e-10,0.2499999999881317,0.2499999999940658,8.90122697772e-10,1,0.5,1.780245395544e-11,1,24.99999999940658,24.99999999940658,0.2499999999881317,0.2499999999940658,0.5,24.99999999940658,0.5
48.06,24.99999999940817,8.877371060478367e-10,0.2499999999881635,0.2499999999940818,8.877371060478367e-10,1,0.5,1.775474212095673e-11,1,24.99999999940817,24.99999999940817,0.2499999999881635,0.2499999999940818,0.5,24.99999999940817,0.5
48.12,24.99999999940977,8.853431876509887e-10,0.2499999999881954,0.2499999999940977,8.853431876509887e-10,1,0.5,1.770686375301977e-11,1,24.99999999940977,24.99999999940977,0.2499999999881954,0.2499999999940977,0.5,24.99999999940977,0.5
48.18,24.99999999941136,8.829575959268254e-10,0.2499999999882273,0.2499999999941136,8.829575959268254e-10,1,0.5,1.765915191853651e-11,1,24.99999999941136,24.99999999941136,0.2499999999882273,0.2499999999941136,0.5,24.99999999941136,0.5
48.24,24.99999999941296,8.805622897511967e-10,0.2499999999882592,0.2499999999941296,8.805622897511967e-10,1,0.5,1.761124579502393e-11,1,24.99999999941296,24.99999999941296,0.2499999999882592,0.2499999999941296,0.5,24.99999999941296,0.5
48.3,24.99999999941455,8.781766980270334e-10,0.249999999988291,0.2499999999941455,8.781766980270334e-10,1,0.5,1.756353396054067e-11,1,24.99999999941455,24.99999999941455,0.249999999988291,0.2499999999941455,0.5,24.99999999941455,0.5
48.36,24.99999999941614,8.757841674089661e-10,0.2499999999883229,0.2499999999941614,8.757841674089661e-10,1,0.5,1.751568334817932e-11,1,24.99999999941614,24.99999999941614,0.2499999999883229,0.2499999999941614,0.5,24.99999999941614,0.5
48.42,24.99999999941774,8.733916367908989e-10,0.2499999999883548,0.2499999999941774,8.733916367908989e-10,1,0.5,1.746783273581798e-11,1,24.99999999941774,24.99999999941774,0.2499999999883548,0.2499999999941774,0.5,24.99999999941774,0.5
48.48,24.99999999941933,8.710032695091741e-10,0.2499999999883866,0.2499999999941933,8.710032695091741e-10,1,0.5,1.742006539018348e-11,1,24.99999999941933,24.99999999941933,0.2499999999883866,0.2499999999941933,0.5,24.99999999941933,0.5
48.54,24.99999999942093,8.686093511123261e-10,0.2499999999884185,0.2499999999942093,8.686093511123261e-10,1,0.5,1.737218702224652e-11,1,24.99999999942093,24.99999999942093,0.2499999999884185,0.2499999999942093,0.5,24.99999999942093,0.5
48.6,24.99999999942252,8.662237593881628e-10,0.2499999999884503,0.2499999999942252,8.662237593881628e-10,1,0.5,1.732447518776326e-11,1,24.99999999942252,24.99999999942252,0.2499999999884503,0.2499999999942252,0.5,24.99999999942252,0.5
48.66,24.99999999942411,8.63828453212534e-10,0.2499999999884823,0.2499999999942411,8.63828453212534e-10,1,0.5,1.727656906425068e-11,1,24.99999999942411,24.99999999942411,0.2499999999884823,0.2499999999942411,0.5,24.99999999942411,0.5
48.72,24.9999999994257,8.614428614883707e-10,0.2499999999885141,0.249999999994257,8.614428614883707e-10,1,0.5,1.722885722976741e-11,1,24.9999999994257,24.9999999994257,0.2499999999885141,0.249999999994257,0.5,24.9999999994257,0.5
48.78,24.9999999994273,8.590503308703035e-10,0.249999999988546,0.249999999994273,8.590503308703035e-10,1,0.5,1.718100661740607e-11,1,24.9999999994273,24.9999999994273,0.249999999988546,0.249999999994273,0.5,24.9999999994273,0.5
48.84,24.99999999942889,8.566647391461402e-10,0.2499999999885778,0.2499999999942889,8.566647391461402e-10,1,0.5,1.71332947829228e-11,1,24.99999999942889,24.99999999942889,0.2499999999885778,0.2499999999942889,0.5,24.99999999942889,0.5
48.9,24.99999999943049,8.542694329705114e-10,0.2499999999886097,0.2499999999943049,8.542694329705114e-10,1,0.5,1.708538865941023e-11,1,24.99999999943049,24.99999999943049,0.2499999999886097,0.2499999999943049,0.5,24.99999999943049,0.5
48.96,24.99999999943208,8.518838412463481e-10,0.2499999999886416,0.2499999999943208,8.518838412463481e-10,1,0.5,1.703767682492696e-11,1,24.99999999943208,24.99999999943208,0.2499999999886416,0.2499999999943208,0.5,24.99999999943208,0.5
49.02,24.99999999943367,8.494885350707193e-10,0.2499999999886735,0.2499999999943367,8.494885350707193e-10,1,0.5,1.698977070141439e-11,1,24.99999999943367,24.99999999943367,0.2499999999886735,0.2499999999943367,0.5,24.99999999943367,0.5
49.08,24.99999999943526,8.47102943346556e-10,0.2499999999887053,0.2499999999943527,8.47102943346556e-10,1,0.5,1.694205886693112e-11,1,24.99999999943526,24.99999999943526,0.2499999999887053,0.2499999999943527,0.5,24.99999999943526,0.5
49.14,24.99999999943686,8.44709024949708e-10,0.2499999999887372,0.2499999999943686,8.44709024949708e-10,1,0.5,1.689418049899416e-11,1,24.99999999943686,24.99999999943686,0.2499999999887372,0.2499999999943686,0.5,24.99999999943686,0.5
49.2,24.99999999943845,8.423234332255447e-10,0.249999999988769,0.2499999999943845,8.423234332255447e-10,1,0.5,1.684646866451089e-11,1,24.99999999943845,24.99999999943845,0.249999999988769,0.2499999999943845,0.5,24.99999999943845,0.5
49.26,24.99999999944005,8.399281270499159e-10,0.249999999988801,0.2499999999944005,8.399281270499159e-10,1,0.5,1.679856254099832e-11,1,24.99999999944005,24.99999999944005,0.249999999988801,0.2499999999944005,0.5,24.99999999944005,0.5
49.32,24.99999999944164,8.375425353257526e-10,0.2499999999888328,0.2499999999944164,8.375425353257526e-10,1,0.5,1.675085070651505e-11,1,24.99999999944164,24.99999999944164,0.2499999999888328,0.2499999999944164,0.5,24.99999999944164,0.5
49.38,24.99999999944323,8.351500047076854e-10,0.2499999999888647,0.2499999999944323,8.351500047076854e-10,1,0.5,1.670300009415371e-11,1,24.99999999944323,24.99999999944323,0.2499999999888647,0.2499999999944323,0.5,24.99999999944323,0.5
49.44,24.99999999944482,8.327644129835221e-10,0.2499999999888965,0.2499999999944482,8.327644129835221e-10,1,0.5,1.665528825967044e-11,1,24.99999999944482,24.99999999944482,0.2499999999888965,0.2499999999944482,0.5,24.99999999944482,0.5
49.5,24.99999999944642,8.303691068078933e-10,0.2499999999889284,0.2499999999944642,8.303691068078933e-10,1,0.5,1.660738213615787e-11,1,24.99999999944642,24.99999999944642,0.2499999999889284,0.2499999999944642,0.5,24.99999999944642,0.5
49.56,24.99999999944801,8.2798351508373e-10,0.2499999999889602,0.2499999999944801,8.2798351508373e-10,1,0.5,1.65596703016746e-11,1,24.99999999944801,24.99999999944801,0.2499999999889602,0.2499999999944801,0.5,24.99999999944801,0.5
49.62,24.99999999944961,8.255909844656628e-10,0.2499999999889921,0.2499999999944961,8.255909844656628e-10,1,0.5,1.651181968931326e-11,1,24.99999999944961,24.99999999944961,0.2499999999889921,0.2499999999944961,0.5,24.99999999944961,0.5
49.68,24.9999999994512,8.232053927414995e-10,0.2499999999890239,0.249999999994512,8.232053927414995e-10,1,0.5,1.646410785482999e-11,1,24.9999999994512,24.9999999994512,0.2499999999890239,0.249999999994512,0.5,24.9999999994512,0.5
49.74,24.99999999945279,8.2080869878709e-10,0.2499999999890559,0.2499999999945279,8.2080869878709e-10,1,0.5,1.64161739757418e-11,1,24.99999999945279,24.99999999945279,0.2499999999890559,0.2499999999945279,0.5,24.99999999945279,0.5
49.8,24.99999999945438,8.184217192841459e-10,0.2499999999890877,0.2499999999945439,8.184217192841459e-10,1,0.5,1.636843438568292e-11,1,24.99999999945438,24.99999999945438,0.2499999999890877,0.2499999999945439,0.5,24.99999999945438,0.5
49.86,24.99999999945598,8.160278008872979e-10,0.2499999999891196,0.2499999999945598,8.160278008872979e-10,1,0.5,1.632055601774596e-11,1,24.99999999945598,24.99999999945598,0.2499999999891196,0.2499999999945598,0.5,24.99999999945598,0.5
49.92,24.99999999945757,8.136408213843538e-10,0.2499999999891515,0.2499999999945757,8.136408213843538e-10,1,0.5,1.627281642768708e-11,1,24.99999999945757,24.99999999945757,0.2499999999891515,0.2499999999945757,0.5,24.99999999945757,0.5
49.98,24.99999999945917,8.112496785450674e-10,0.2499999999891833,0.2499999999945917,8.112496785450674e-10,1,0.5,1.622499357090135e-11,1,24.99999999945917,24.99999999945917,0.2499999999891833,0.2499999999945917,0.5,24.99999999945917,0.5
50.04,24.99999999946076,8.088613112633425e-10,0.2499999999892152,0.2499999999946076,8.088613112633425e-10,1,0.5,1.617722622526685e-11,1,24.99999999946076,24.99999999946076,0.2499999999892152,0.2499999999946076,0.5,24.99999999946076,0.5
50.1,24.99999999946235,8.064687806452753e-10,0.2499999999892471,0.2499999999946236,8.064687806452753e-10,1,0.5,1.612937561290551e-11,1,24.99999999946235,24.99999999946235,0.2499999999892471,0.2499999999946236,0.5,24.99999999946235,0.5
50.16,24.99999999946395,8.040804133635504e-10,0.2499999999892789,0.2499999999946395,8.040804133635504e-10,1,0.5,1.608160826727101e-11,1,24.99999999946395,24.99999999946395,0.2499999999892789,0.2499999999946395,0.5,24.99999999946395,0.5
50.22,24.99999999946554,8.016906583030448e-10,0.2499999999893108,0.2499999999946554,8.016906583030448e-10,1,0.5,1.60338131660609e-11,1,24.99999999946554,24.99999999946554,0.2499999999893108,0.2499999999946554,0.5,24.99999999946554,0.5
50.28,24.99999999946713,7.993022910213199e-10,0.2499999999893426,0.2499999999946713,7.993022910213199e-10,1,0.5,1.59860458204264e-11,1,24.99999999946713,24.99999999946713,0.2499999999893426,0.2499999999946713,0.5,24.99999999946713,0.5
50.34,24.99999999946873,7.969097604032527e-10,0.2499999999893746,0.2499999999946873,7.969097604032527e-10,1,0.5,1.593819520806505e-11,1,24.99999999946873,24.99999999946873,0.2499999999893746,0.2499999999946873,0.5,24.99999999946873,0.5
50.4,24.99999999947032,7.945213931215278e-10,0.2499999999894064,0.2499999999947032,7.945213931215278e-10,1,0.5,1.589042786243056e-11,1,24.99999999947032,24.99999999947032,0.2499999999894064,0.2499999999947032,0.5,24.99999999947032,0.5
50.46,24.99999999947191,7.921302502822414e-10,0.2499999999894383,0.2499999999947191,7.921302502822414e-10,1,0.5,1.584260500564483e-11,1,24.99999999947191,24.99999999947191,0.2499999999894383,0.2499999999947191,0.5,24.99999999947191,0.5
50.52,24.99999999947351,7.897391074429549e-10,0.2499999999894701,0.2499999999947351,7.897391074429549e-10,1,0.5,1.57947821488591e-11,1,24.99999999947351,24.99999999947351,0.2499999999894701,0.2499999999947351,0.5,24.99999999947351,0.5
50.58,24.9999999994751,7.873493523824493e-10,0.249999999989502,0.249999999994751,7.873493523824493e-10,1,0.5,1.574698704764899e-11,1,24.9999999994751,24.9999999994751,0.249999999989502,0.249999999994751,0.5,24.9999999994751,0.5
50.64,24.99999999947669,7.849582095431629e-10,0.2499999999895339,0.2499999999947669,7.849582095431629e-10,1,0.5,1.569916419086326e-11,1,24.99999999947669,24.99999999947669,0.2499999999895339,0.2499999999947669,0.5,24.99999999947669,0.5
50.7,24.99999999947829,7.825712300402188e-10,0.2499999999895657,0.2499999999947829,7.825712300402188e-10,1,0.5,1.565142460080438e-11,1,24.99999999947829,24.99999999947829,0.2499999999895657,0.2499999999947829,0.5,24.99999999947829,0.5
50.76,24.99999999947988,7.801800872009323e-10,0.2499999999895976,0.2499999999947988,7.801800872009323e-10,1,0.5,1.560360174401865e-11,1,24.99999999947988,24.99999999947988,0.2499999999895976,0.2499999999947988,0.5,24.99999999947988,0.5
50.82,24.99999999948147,7.777875565828651e-10,0.2499999999896295,0.2499999999948148,7.777875565828651e-10,1,0.5,1.55557511316573e-11,1,24.99999999948147,24.99999999948147,0.2499999999896295,0.2499999999948148,0.5,24.99999999948147,0.5
50.88,24.99999999948307,7.753991893011403e-10,0.2499999999896613,0.2499999999948307,7.753991893011403e-10,1,0.5,1.550798378602281e-11,1,24.99999999948307,24.99999999948307,0.2499999999896613,0.2499999999948307,0.5,24.99999999948307,0.5
50.94,24.99999999948466,7.730066586830731e-10,0.2499999999896932,0.2499999999948466,7.730066586830731e-10,1,0.5,1.546013317366146e-11,1,24.99999999948466,24.99999999948466,0.2499999999896932,0.2499999999948466,0.5,24.99999999948466,0.5
51,24.99999999948625,7.706182914013482e-10,0.2499999999897251,0.2499999999948625,7.706182914013482e-10,1,0.5,1.541236582802696e-11,1,24.99999999948625,24.99999999948625,0.2499999999897251,0.2499999999948625,0.5,24.99999999948625,0.5
51.06,24.99999999948785,7.682271485620618e-10,0.249999999989757,0.2499999999948785,7.682271485620618e-10,1,0.5,1.536454297124124e-11,1,24.99999999948785,24.99999999948785,0.249999999989757,0.2499999999948785,0.5,24.99999999948785,0.5
51.12,24.99999999948944,7.658387812803369e-10,0.2499999999897888,0.2499999999948944,7.658387812803369e-10,1,0.5,1.531677562560674e-11,1,24.99999999948944,24.99999999948944,0.2499999999897888,0.2499999999948944,0.5,24.99999999948944,0.5
51.18,24.99999999949103,7.634462506622697e-10,0.2499999999898207,0.2499999999949103,7.634462506622697e-10,1,0.5,1.526892501324539e-11,1,24.99999999949103,24.99999999949103,0.2499999999898207,0.2499999999949103,0.5,24.99999999949103,0.5
51.24,24.99999999949263,7.610578833805448e-10,0.2499999999898526,0.2499999999949263,7.610578833805448e-10,1,0.5,1.52211576676109e-11,1,24.99999999949263,24.99999999949263,0.2499999999898526,0.2499999999949263,0.5,24.99999999949263,0.5
51.3,24.99999999949422,7.586681283200392e-10,0.2499999999898844,0.2499999999949422,7.586681283200392e-10,1,0.5,1.517336256640078e-11,1,24.99999999949422,24.99999999949422,0.2499999999898844,0.2499999999949422,0.5,24.99999999949422,0.5
51.36,24.99999999949581,7.562797610383143e-10,0.2499999999899163,0.2499999999949581,7.562797610383143e-10,1,0.5,1.512559522076629e-11,1,24.99999999949581,24.99999999949581,0.2499999999899163,0.2499999999949581,0.5,24.99999999949581,0.5
51.42,24.99999999949741,7.538872304202471e-10,0.2499999999899482,0.2499999999949741,7.538872304202471e-10,1,0.5,1.507774460840494e-11,1,24.99999999949741,24.99999999949741,0.2499999999899482,0.2499999999949741,0.5,24.99999999949741,0.5
51.48,24.999999999499,7.514988631385222e-10,0.24999999998998,0.24999999999499,7.514988631385222e-10,1,0.5,1.502997726277044e-11,1,24.999999999499,24.999999999499,0.24999999998998,0.24999999999499,0.5,24.999999999499,0.5
51.54,24.9999999995006,7.491049447416742e-10,0.2499999999900119,0.249999999995006,7.491049447416742e-10,1,0.5,1.498209889483348e-11,1,24.9999999995006,24.9999999995006,0.2499999999900119,0.249999999995006,0.5,24.9999999995006,0.5
51.6,24.99999999950219,7.467207407962917e-10,0.2499999999900437,0.2499999999950219,7.467207407962917e-10,1,0.5,1.493441481592583e-11,1,24.99999999950219,24.99999999950219,0.2499999999900437,0.2499999999950219,0.5,24.99999999950219,0.5
51.66,24.99999999950378,7.443240468418821e-10,0.2499999999900757,0.2499999999950378,7.443240468418821e-10,1,0.5,1.488648093683764e-11,1,24.99999999950378,24.99999999950378,0.2499999999900757,0.2499999999950378,0.5,24.99999999950378,0.5
51.72,24.99999999950537,7.419384551177188e-10,0.2499999999901075,0.2499999999950537,7.419384551177188e-10,1,0.5,1.483876910235438e-11,1,24.99999999950537,24.99999999950537,0.2499999999901075,0.2499999999950537,0.5,24.99999999950537,0.5
51.78,24.99999999950697,7.395431489420901e-10,0.2499999999901394,0.2499999999950697,7.395431489420901e-10,1,0.5,1.47908629788418e-11,1,24.99999999950697,24.99999999950697,0.2499999999901394,0.2499999999950697,0.5,24.99999999950697,0.5
51.84,24.99999999950856,7.371575572179268e-10,0.2499999999901713,0.2499999999950856,7.371575572179268e-10,1,0.5,1.474315114435854e-11,1,24.99999999950856,24.99999999950856,0.2499999999901713,0.2499999999950856,0.5,24.99999999950856,0.5
51.9,24.99999999951016,7.347650265998595e-10,0.2499999999902031,0.2499999999951016,7.347650265998595e-10,1,0.5,1.469530053199719e-11,1,24.99999999951016,24.99999999951016,0.2499999999902031,0.2499999999951016,0.5,24.99999999951016,0.5
51.96,24.99999999951175,7.323794348756962e-10,0.249999999990235,0.2499999999951175,7.323794348756962e-10,1,0.5,1.464758869751392e-11,1,24.99999999951175,24.99999999951175,0.249999999990235,0.2499999999951175,0.5,24.99999999951175,0.5
52.02,24.99999999951334,7.299841287000675e-10,0.2499999999902669,0.2499999999951334,7.299841287000675e-10,1,0.5,1.459968257400135e-11,1,24.99999999951334,24.99999999951334,0.2499999999902669,0.2499999999951334,0.5,24.99999999951334,0.5
52.08,24.99999999951493,7.275985369759042e-10,0.2499999999902987,0.2499999999951494,7.275985369759042e-10,1,0.5,1.455197073951808e-11,1,24.99999999951493,24.99999999951493,0.2499999999902987,0.2499999999951494,0.5,24.99999999951493,0.5
52.14,24.99999999951653,7.252046185790562e-10,0.2499999999903306,0.2499999999951653,7.252046185790562e-10,1,0.5,1.450409237158112e-11,1,24.99999999951653,24.99999999951653,0.2499999999903306,0.2499999999951653,0.5,24.99999999951653,0.5
52.2,24.99999999951812,7.228204146336736e-10,0.2499999999903624,0.2499999999951812,7.228204146336736e-10,1,0.5,1.445640829267347e-11,1,24.99999999951812,24.99999999951812,0.2499999999903624,0.2499999999951812,0.5,24.99999999951812,0.5
52.26,24.99999999951972,7.204237206792641e-10,0.2499999999903944,0.2499999999951972,7.204237206792641e-10,1,0.5,1.440847441358528e-11,1,24.99999999951972,24.99999999951972,0.2499999999903944,0.2499999999951972,0.5,24.99999999951972,0.5
52.32,24.99999999952131,7.180395167338816e-10,0.2499999999904262,0.2499999999952131,7.180395167338816e-10,1,0.5,1.436079033467763e-11,1,24.99999999952131,24.99999999952131,0.2499999999904262,0.2499999999952131,0.5,24.99999999952131,0.5
52.38,24.9999999995229,7.156455983370336e-10,0.249999999990458,0.249999999995229,7.156455983370336e-10,1,0.5,1.431291196674067e-11,1,24.9999999995229,24.9999999995229,0.249999999990458,0.249999999995229,0.5,24.9999999995229,0.5
52.44,24.9999999995245,7.132530677189663e-10,0.24999999999049,0.249999999995245,7.132530677189663e-10,1,0.5,1.426506135437933e-11,1,24.9999999995245,24.9999999995245,0.24999999999049,0.249999999995245,0.5,24.9999999995245,0.5
52.5,24.99999999952609,7.108647004372415e-10,0.2499999999905218,0.2499999999952609,7.108647004372415e-10,1,0.5,1.421729400874483e-11,1,24.99999999952609,24.99999999952609,0.2499999999905218,0.2499999999952609,0.5,24.99999999952609,0.5
52.56,24.99999999952768,7.084707820403935e-10,0.2499999999905537,0.2499999999952769,7.084707820403935e-10,1,0.5,1.416941564080787e-11,1,24.99999999952768,24.99999999952768,0.2499999999905537,0.2499999999952769,0.5,24.99999999952768,0.5
52.62,24.99999999952928,7.06086578095011e-10,0.2499999999905855,0.2499999999952928,7.06086578095011e-10,1,0.5,1.412173156190022e-11,1,24.99999999952928,24.99999999952928,0.2499999999905855,0.2499999999952928,0.5,24.99999999952928,0.5
52.68,24.99999999953087,7.036898841406014e-10,0.2499999999906174,0.2499999999953087,7.036898841406014e-10,1,0.5,1.407379768281203e-11,1,24.99999999953087,24.99999999953087,0.2499999999906174,0.2499999999953087,0.5,24.99999999953087,0.5
52.74,24.99999999953246,7.013056801952189e-10,0.2499999999906493,0.2499999999953246,7.013056801952189e-10,1,0.5,1.402611360390438e-11,1,24.99999999953246,24.99999999953246,0.2499999999906493,0.2499999999953246,0.5,24.99999999953246,0.5
52.8,24.99999999953406,6.989089862408093e-10,0.2499999999906812,0.2499999999953406,6.989089862408093e-10,1,0.5,1.397817972481619e-11,1,24.99999999953406,24.99999999953406,0.2499999999906812,0.2499999999953406,0.5,24.99999999953406,0.5
52.86,24.99999999953565,6.965247822954268e-10,0.249999999990713,0.2499999999953565,6.965247822954268e-10,1,0.5,1.393049564590854e-11,1,24.99999999953565,24.99999999953565,0.249999999990713,0.2499999999953565,0.5,24.99999999953565,0.5
52.92,24.99999999953724,6.941308638985788e-10,0.2499999999907449,0.2499999999953725,6.941308638985788e-10,1,0.5,1.388261727797158e-11,1,24.99999999953724,24.99999999953724,0.2499999999907449,0.2499999999953725,0.5,24.99999999953724,0.5
52.98,24.99999999953884,6.917452721744155e-10,0.2499999999907767,0.2499999999953884,6.917452721744155e-10,1,0.5,1.383490544348831e-11,1,24.99999999953884,24.99999999953884,0.2499999999907767,0.2499999999953884,0.5,24.99999999953884,0.5
53.04,24.99999999954043,6.893499659987867e-10,0.2499999999908087,0.2499999999954043,6.893499659987867e-10,1,0.5,1.378699931997573e-11,1,24.99999999954043,24.99999999954043,0.2499999999908087,0.2499999999954043,0.5,24.99999999954043,0.5
53.1,24.99999999954202,6.869643742746234e-10,0.2499999999908405,0.2499999999954202,6.869643742746234e-10,1,0.5,1.373928748549247e-11,1,24.99999999954202,24.99999999954202,0.2499999999908405,0.2499999999954202,0.5,24.99999999954202,0.5
53.16,24.99999999954362,6.845718436565562e-10,0.2499999999908724,0.2499999999954362,6.845718436565562e-10,1,0.5,1.369143687313112e-11,1,24.99999999954362,24.99999999954362,0.2499999999908724,0.2499999999954362,0.5,24.99999999954362,0.5
53.22,24.99999999954521,6.821862519323929e-10,0.2499999999909042,0.2499999999954521,6.821862519323929e-10,1,0.5,1.364372503864786e-11,1,24.99999999954521,24.99999999954521,0.2499999999909042,0.2499999999954521,0.5,24.99999999954521,0.5
53.28,24.99999999954681,6.797909457567641e-10,0.2499999999909361,0.2499999999954681,6.797909457567641e-10,1,0.5,1.359581891513528e-11,1,24.99999999954681,24.99999999954681,0.2499999999909361,0.2499999999954681,0.5,24.99999999954681,0.5
53.34,24.9999999995484,6.774053540326008e-10,0.2499999999909679,0.249999999995484,6.774053540326008e-10,1,0.5,1.354810708065202e-11,1,24.9999999995484,24.9999999995484,0.2499999999909679,0.249999999995484,0.5,24.9999999995484,0.5
53.4,24.99999999954999,6.750114356357528e-10,0.2499999999909998,0.2499999999954999,6.750114356357528e-10,1,0.5,1.350022871271506e-11,1,24.99999999954999,24.99999999954999,0.2499999999909998,0.2499999999954999,0.5,24.99999999954999,0.5
53.46,24.99999999955158,6.726258439115895e-10,0.2499999999910317,0.2499999999955158,6.726258439115895e-10,1,0.5,1.345251687823179e-11,1,24.99999999955158,24.99999999955158,0.2499999999910317,0.2499999999955158,0.5,24.99999999955158,0.5
53.52,24.99999999955318,6.702305377359608e-10,0.2499999999910636,0.2499999999955318,6.702305377359608e-10,1,0.5,1.340461075471922e-11,1,24.99999999955318,24.99999999955318,0.2499999999910636,0.2499999999955318,0.5,24.99999999955318,0.5
53.58,24.99999999955477,6.678449460117974e-10,0.2499999999910954,0.2499999999955477,6.678449460117974e-10,1,0.5,1.335689892023595e-11,1,24.99999999955477,24.99999999955477,0.2499999999910954,0.2499999999955477,0.5,24.99999999955477,0.5
53.64,24.99999999955637,6.654496398361687e-10,0.2499999999911273,0.2499999999955637,6.654496398361687e-10,1,0.5,1.330899279672337e-11,1,24.99999999955637,24.99999999955637,0.2499999999911273,0.2499999999955637,0.5,24.99999999955637,0.5
53.7,24.99999999955796,6.630640481120054e-10,0.2499999999911592,0.2499999999955796,6.630640481120054e-10,1,0.5,1.326128096224011e-11,1,24.99999999955796,24.99999999955796,0.2499999999911592,0.2499999999955796,0.5,24.99999999955796,0.5
53.76,24.99999999955955,6.606715174939382e-10,0.249999999991191,0.2499999999955955,6.606715174939382e-10,1,0.5,1.321343034987876e-11,1,24.99999999955955,24.99999999955955,0.249999999991191,0.2499999999955955,0.5,24.99999999955955,0.5
53.82,24.99999999956114,6.582831502122133e-10,0.2499999999912229,0.2499999999956115,6.582831502122133e-10,1,0.5,1.316566300424427e-11,1,24.99999999956114,24.99999999956114,0.2499999999912229,0.2499999999956115,0.5,24.99999999956114,0.5
53.88,24.99999999956274,6.558906195941461e-10,0.2499999999912548,0.2499999999956274,6.558906195941461e-10,1,0.5,1.311781239188292e-11,1,24.99999999956274,24.99999999956274,0.2499999999912548,0.2499999999956274,0.5,24.99999999956274,0.5
53.94,24.99999999956433,6.535022523124212e-10,0.2499999999912866,0.2499999999956433,6.535022523124212e-10,1,0.5,1.307004504624842e-11,1,24.99999999956433,24.99999999956433,0.2499999999912866,0.2499999999956433,0.5,24.99999999956433,0.5
54,24.99999999956593,6.511111094731348e-10,0.2499999999913185,0.2499999999956593,6.511111094731348e-10,1,0.5,1.30222221894627e-11,1,24.99999999956593,24.99999999956593,0.2499999999913185,0.2499999999956593,0.5,24.99999999956593,0.5
54.06,24.99999999956752,6.487227421914099e-10,0.2499999999913504,0.2499999999956752,6.487227421914099e-10,1,0.5,1.29744548438282e-11,1,24.99999999956752,24.99999999956752,0.2499999999913504,0.2499999999956752,0.5,24.99999999956752,0.5
54.12,24.99999999956911,6.463302115733427e-10,0.2499999999913823,0.2499999999956911,6.463302115733427e-10,1,0.5,1.292660423146685e-11,1,24.99999999956911,24.99999999956911,0.2499999999913823,0.2499999999956911,0.5,24.99999999956911,0.5
54.18,24.9999999995707,6.439418442916178e-10,0.2499999999914141,0.249999999995707,6.439418442916178e-10,1,0.5,1.287883688583236e-11,1,24.9999999995707,24.9999999995707,0.2499999999914141,0.249999999995707,0.5,24.9999999995707,0.5
54.24,24.9999999995723,6.415520892311122e-10,0.249999999991446,0.249999999995723,6.415520892311122e-10,1,0.5,1.283104178462224e-11,1,24.9999999995723,24.9999999995723,0.249999999991446,0.249999999995723,0.5,24.9999999995723,0.5
54.3,24.99999999957389,6.391637219493873e-10,0.2499999999914778,0.2499999999957389,6.391637219493873e-10,1,0.5,1.278327443898775e-11,1,24.99999999957389,24.99999999957389,0.2499999999914778,0.2499999999957389,0.5,24.99999999957389,0.5
54.36,24.99999999957549,6.367711913313201e-10,0.2499999999915097,0.2499999999957549,6.367711913313201e-10,1,0.5,1.27354238266264e-11,1,24.99999999957549,24.99999999957549,0.2499999999915097,0.2499999999957549,0.5,24.99999999957549,0.5
54.42,24.99999999957708,6.343828240495952e-10,0.2499999999915416,0.2499999999957708,6.343828240495952e-10,1,0.5,1.26876564809919e-11,1,24.99999999957708,24.99999999957708,0.2499999999915416,0.2499999999957708,0.5,24.99999999957708,0.5
54.48,24.99999999957867,6.319916812103088e-10,0.2499999999915735,0.2499999999957867,6.319916812103088e-10,1,0.5,1.263983362420618e-11,1,24.99999999957867,24.99999999957867,0.2499999999915735,0.2499999999957867,0.5,24.99999999957867,0.5
54.54,24.99999999958026,6.296005383710224e-10,0.2499999999916053,0.2499999999958027,6.296005383710224e-10,1,0.5,1.259201076742045e-11,1,24.99999999958026,24.99999999958026,0.2499999999916053,0.2499999999958027,0.5,24.99999999958026,0.5
54.6,24.99999999958186,6.272107833105167e-10,0.2499999999916372,0.2499999999958186,6.272107833105167e-10,1,0.5,1.254421566621033e-11,1,24.99999999958186,24.99999999958186,0.2499999999916372,0.2499999999958186,0.5,24.99999999958186,0.5
54.66,24.99999999958345,6.248196404712303e-10,0.2499999999916691,0.2499999999958345,6.248196404712303e-10,1,0.5,1.249639280942461e-11,1,24.99999999958345,24.99999999958345,0.2499999999916691,0.2499999999958345,0.5,24.99999999958345,0.5
54.72,24.99999999958505,6.224298854107246e-10,0.249999999991701,0.2499999999958505,6.224298854107246e-10,1,0.5,1.244859770821449e-11,1,24.99999999958505,24.99999999958505,0.249999999991701,0.2499999999958505,0.5,24.99999999958505,0.5
54.78,24.99999999958664,6.200387425714382e-10,0.2499999999917328,0.2499999999958664,6.200387425714382e-10,1,0.5,1.240077485142876e-11,1,24.99999999958664,24.99999999958664,0.2499999999917328,0.2499999999958664,0.5,24.99999999958664,0.5
54.84,24.99999999958823,6.176489875109326e-10,0.2499999999917647,0.2499999999958823,6.176489875109326e-10,1,0.5,1.235297975021865e-11,1,24.99999999958823,24.99999999958823,0.2499999999917647,0.2499999999958823,0.5,24.99999999958823,0.5
54.9,24.99999999958982,6.152606202292077e-10,0.2499999999917965,0.2499999999958983,6.152606202292077e-10,1,0.5,1.230521240458415e-11,1,24.99999999958982,24.99999999958982,0.2499999999917965,0.2499999999958983,0.5,24.99999999958982,0.5
54.96,24.99999999959142,6.128680896111405e-10,0.2499999999918284,0.2499999999959142,6.128680896111405e-10,1,0.5,1.225736179222281e-11,1,24.99999999959142,24.99999999959142,0.2499999999918284,0.2499999999959142,0.5,24.99999999959142,0.5
55.02,24.99999999959301,6.104797223294156e-10,0.2499999999918603,0.2499999999959301,6.104797223294156e-10,1,0.5,1.220959444658831e-11,1,24.99999999959301,24.99999999959301,0.2499999999918603,0.2499999999959301,0.5,24.99999999959301,0.5
55.08,24.99999999959461,6.080885794901292e-10,0.2499999999918922,0.2499999999959461,6.080885794901292e-10,1,0.5,1.216177158980258e-11,1,24.99999999959461,24.99999999959461,0.2499999999918922,0.2499999999959461,0.5,24.99999999959461,0.5
55.14,24.9999999995962,6.057015999871851e-10,0.249999999991924,0.249999999995962,6.057015999871851e-10,1,0.5,1.21140319997437e-11,1,24.9999999995962,24.9999999995962,0.249999999991924,0.249999999995962,0.5,24.9999999995962,0.5
55.2,24.99999999959779,6.033076815903371e-10,0.2499999999919559,0.2499999999959779,6.033076815903371e-10,1,0.5,1.206615363180674e-11,1,24.99999999959779,24.99999999959779,0.2499999999919559,0.2499999999959779,0.5,24.99999999959779,0.5
55.26,24.99999999959939,6.00920702087393e-10,0.2499999999919877,0.2499999999959939,6.00920702087393e-10,1,0.5,1.201841404174786e-11,1,24.99999999959939,24.99999999959939,0.2499999999919877,0.2499999999959939,0.5,24.99999999959939,0.5
55.32,24.99999999960098,5.985295592481066e-10,0.2499999999920196,0.2499999999960098,5.985295592481066e-10,1,0.5,1.197059118496213e-11,1,24.99999999960098,24.99999999960098,0.2499999999920196,0.2499999999960098,0.5,24.99999999960098,0.5
55.38,24.99999999960257,5.961411919663817e-10,0.2499999999920514,0.2499999999960257,5.961411919663817e-10,1,0.5,1.192282383932763e-11,1,24.99999999960257,24.99999999960257,0.2499999999920514,0.2499999999960257,0.5,24.99999999960257,0.5
55.44,24.99999999960417,5.937486613483145e-10,0.2499999999920834,0.2499999999960417,5.937486613483145e-10,1,0.5,1.187497322696629e-11,1,24.99999999960417,24.99999999960417,0.2499999999920834,0.2499999999960417,0.5,24.99999999960417,0.5
55.5,24.99999999960576,5.913602940665896e-10,0.2499999999921152,0.2499999999960576,5.913602940665896e-10,1,0.5,1.182720588133179e-11,1,24.99999999960576,24.99999999960576,0.2499999999921152,0.2499999999960576,0.5,24.99999999960576,0.5
55.56,24.99999999960735,5.889649878909609e-10,0.2499999999921471,0.2499999999960736,5.889649878909609e-10,1,0.5,1.177929975781922e-11,1,24.99999999960735,24.99999999960735,0.2499999999921471,0.2499999999960736,0.5,24.99999999960735,0.5
55.62,24.99999999960895,5.865793961667976e-10,0.249999999992179,0.2499999999960895,5.865793961667976e-10,1,0.5,1.173158792333595e-11,1,24.99999999960895,24.99999999960895,0.249999999992179,0.2499999999960895,0.5,24.99999999960895,0.5
55.68,24.99999999961054,5.841868655487303e-10,0.2499999999922108,0.2499999999961054,5.841868655487303e-10,1,0.5,1.168373731097461e-11,1,24.99999999961054,24.99999999961054,0.2499999999922108,0.2499999999961054,0.5,24.99999999961054,0.5
55.74,24.99999999961213,5.81801273824567e-10,0.2499999999922426,0.2499999999961213,5.81801273824567e-10,1,0.5,1.163602547649134e-11,1,24.99999999961213,24.99999999961213,0.2499999999922426,0.2499999999961213,0.5,24.99999999961213,0.5
55.8,24.99999999961373,5.794059676489383e-10,0.2499999999922746,0.2499999999961373,5.794059676489383e-10,1,0.5,1.158811935297877e-11,1,24.99999999961373,24.99999999961373,0.2499999999922746,0.2499999999961373,0.5,24.99999999961373,0.5
55.86,24.99999999961532,5.77020375924775e-10,0.2499999999923064,0.2499999999961532,5.77020375924775e-10,1,0.5,1.15404075184955e-11,1,24.99999999961532,24.99999999961532,0.2499999999923064,0.2499999999961532,0.5,24.99999999961532,0.5
55.92,24.99999999961691,5.74626457527927e-10,0.2499999999923383,0.2499999999961691,5.74626457527927e-10,1,0.5,1.149252915055854e-11,1,24.99999999961691,24.99999999961691,0.2499999999923383,0.2499999999961691,0.5,24.99999999961691,0.5
55.98,24.99999999961851,5.722408658037637e-10,0.2499999999923701,0.2499999999961851,5.722408658037637e-10,1,0.5,1.144481731607527e-11,1,24.99999999961851,24.99999999961851,0.2499999999923701,0.2499999999961851,0.5,24.99999999961851,0.5
56.04,24.9999999996201,5.698455596281349e-10,0.249999999992402,0.249999999996201,5.698455596281349e-10,1,0.5,1.13969111925627e-11,1,24.9999999996201,24.9999999996201,0.249999999992402,0.249999999996201,0.5,24.9999999996201,0.5
56.1,24.99999999962169,5.674599679039716e-10,0.2499999999924339,0.2499999999962169,5.674599679039716e-10,1,0.5,1.134919935807943e-11,1,24.99999999962169,24.99999999962169,0.2499999999924339,0.2499999999962169,0.5,24.99999999962169,0.5
56.16,24.99999999962329,5.650674372859044e-10,0.2499999999924657,0.2499999999962329,5.650674372859044e-10,1,0.5,1.130134874571809e-11,1,24.99999999962329,24.99999999962329,0.2499999999924657,0.2499999999962329,0.5,24.99999999962329,0.5
56.22,24.99999999962488,5.626818455617411e-10,0.2499999999924976,0.2499999999962488,5.626818455617411e-10,1,0.5,1.125363691123482e-11,1,24.99999999962488,24.99999999962488,0.2499999999924976,0.2499999999962488,0.5,24.99999999962488,0.5
56.28,24.99999999962647,5.602865393861123e-10,0.2499999999925295,0.2499999999962648,5.602865393861123e-10,1,0.5,1.120573078772225e-11,1,24.99999999962647,24.99999999962647,0.2499999999925295,0.2499999999962648,0.5,24.99999999962647,0.5
56.34,24.99999999962807,5.578953965468259e-10,0.2499999999925614,0.2499999999962807,5.578953965468259e-10,1,0.5,1.115790793093652e-11,1,24.99999999962807,24.99999999962807,0.2499999999925614,0.2499999999962807,0.5,24.99999999962807,0.5
56.4,24.99999999962966,5.55507029265101e-10,0.2499999999925932,0.2499999999962966,5.55507029265101e-10,1,0.5,1.111014058530202e-11,1,24.99999999962966,24.99999999962966,0.2499999999925932,0.2499999999962966,0.5,24.99999999962966,0.5
56.46,24.99999999963126,5.531144986470338e-10,0.2499999999926251,0.2499999999963126,5.531144986470338e-10,1,0.5,1.106228997294068e-11,1,24.99999999963126,24.99999999963126,0.2499999999926251,0.2499999999963126,0.5,24.99999999963126,0.5
56.52,24.99999999963285,5.507261313653089e-10,0.249999999992657,0.2499999999963285,5.507261313653089e-10,1,0.5,1.101452262730618e-11,1,24.99999999963285,24.99999999963285,0.249999999992657,0.2499999999963285,0.5,24.99999999963285,0.5
56.58,24.99999999963444,5.483308251896801e-10,0.2499999999926889,0.2499999999963445,5.483308251896801e-10,1,0.5,1.09666165037936e-11,1,24.99999999963444,24.99999999963444,0.2499999999926889,0.2499999999963445,0.5,24.99999999963444,0.5
56.64,24.99999999963604,5.459452334655168e-10,0.2499999999927207,0.2499999999963604,5.459452334655168e-10,1,0.5,1.091890466931034e-11,1,24.99999999963604,24.99999999963604,0.2499999999927207,0.2499999999963604,0.5,24.99999999963604,0.5
56.7,24.99999999963763,5.435527028474496e-10,0.2499999999927526,0.2499999999963763,5.435527028474496e-10,1,0.5,1.087105405694899e-11,1,24.99999999963763,24.99999999963763,0.2499999999927526,0.2499999999963763,0.5,24.99999999963763,0.5
56.76,24.99999999963922,5.411671111232863e-10,0.2499999999927844,0.2499999999963922,5.411671111232863e-10,1,0.5,1.082334222246573e-11,1,24.99999999963922,24.99999999963922,0.2499999999927844,0.2499999999963922,0.5,24.99999999963922,0.5
56.82,24.99999999964082,5.387718049476575e-10,0.2499999999928164,0.2499999999964082,5.387718049476575e-10,1,0.5,1.077543609895315e-11,1,24.99999999964082,24.99999999964082,0.2499999999928164,0.2499999999964082,0.5,24.99999999964082,0.5
56.88,24.99999999964241,5.363862132234942e-10,0.2499999999928482,0.2499999999964241,5.363862132234942e-10,1,0.5,1.072772426446988e-11,1,24.99999999964241,24.99999999964241,0.2499999999928482,0.2499999999964241,0.5,24.99999999964241,0.5
56.94,24.999999999644,5.339922948266462e-10,0.2499999999928801,0.24999999999644,5.339922948266462e-10,1,0.5,1.067984589653292e-11,1,24.999999999644,24.999999999644,0.2499999999928801,0.24999999999644,0.5,24.999999999644,0.5
57,24.9999999996456,5.316067031024829e-10,0.2499999999929119,0.249999999996456,5.316067031024829e-10,1,0.5,1.063213406204966e-11,1,24.9999999996456,24.9999999996456,0.2499999999929119,0.249999999996456,0.5,24.9999999996456,0.5
57.06,24.99999999964719,5.292113969268541e-10,0.2499999999929438,0.2499999999964719,5.292113969268541e-10,1,0.5,1.058422793853708e-11,1,24.99999999964719,24.99999999964719,0.2499999999929438,0.2499999999964719,0.5,24.99999999964719,0.5
57.12,24.99999999964878,5.268258052026908e-10,0.2499999999929757,0.2499999999964878,5.268258052026908e-10,1,0.5,1.053651610405382e-11,1,24.99999999964878,24.99999999964878,0.2499999999929757,0.2499999999964878,0.5,24.99999999964878,0.5
57.18,24.99999999965038,5.244332745846236e-10,0.2499999999930075,0.2499999999965038,5.244332745846236e-10,1,0.5,1.048866549169247e-11,1,24.99999999965038,24.99999999965038,0.2499999999930075,0.2499999999965038,0.5,24.99999999965038,0.5
57.24,24.99999999965197,5.220476828604603e-10,0.2499999999930394,0.2499999999965197,5.220476828604603e-10,1,0.5,1.044095365720921e-11,1,24.99999999965197,24.99999999965197,0.2499999999930394,0.2499999999965197,0.5,24.99999999965197,0.5
57.3,24.99999999965356,5.196523766848316e-10,0.2499999999930713,0.2499999999965357,5.196523766848316e-10,1,0.5,1.039304753369663e-11,1,24.99999999965356,24.99999999965356,0.2499999999930713,0.2499999999965357,0.5,24.99999999965356,0.5
57.36,24.99999999965516,5.172667849606682e-10,0.2499999999931031,0.2499999999965516,5.172667849606682e-10,1,0.5,1.034533569921336e-11,1,24.99999999965516,24.99999999965516,0.2499999999931031,0.2499999999965516,0.5,24.99999999965516,0.5
57.42,24.99999999965675,5.148714787850395e-10,0.249999999993135,0.2499999999965675,5.148714787850395e-10,1,0.5,1.029742957570079e-11,1,24.99999999965675,24.99999999965675,0.249999999993135,0.2499999999965675,0.5,24.99999999965675,0.5
57.48,24.99999999965834,5.124858870608762e-10,0.2499999999931669,0.2499999999965834,5.124858870608762e-10,1,0.5,1.024971774121752e-11,1,24.99999999965834,24.99999999965834,0.2499999999931669,0.2499999999965834,0.5,24.99999999965834,0.5
57.54,24.99999999965994,5.100919686640282e-10,0.2499999999931988,0.2499999999965994,5.100919686640282e-10,1,0.5,1.020183937328056e-11,1,24.99999999965994,24.99999999965994,0.2499999999931988,0.2499999999965994,0.5,24.99999999965994,0.5
57.6,24.99999999966153,5.077063769398649e-10,0.2499999999932306,0.2499999999966153,5.077063769398649e-10,1,0.5,1.01541275387973e-11,1,24.99999999966153,24.99999999966153,0.2499999999932306,0.2499999999966153,0.5,24.99999999966153,0.5
57.66,24.99999999966312,5.053110707642361e-10,0.2499999999932625,0.2499999999966313,5.053110707642361e-10,1,0.5,1.010622141528472e-11,1,24.99999999966312,24.99999999966312,0.2499999999932625,0.2499999999966313,0.5,24.99999999966312,0.5
57.72,24.99999999966472,5.029254790400728e-10,0.2499999999932944,0.2499999999966472,5.029254790400728e-10,1,0.5,1.005850958080146e-11,1,24.99999999966472,24.99999999966472,0.2499999999932944,0.2499999999966472,0.5,24.99999999966472,0.5
57.78,24.99999999966631,5.005329484220056e-10,0.2499999999933262,0.2499999999966631,5.005329484220056e-10,1,0.5,1.001065896844011e-11,1,24.99999999966631,24.99999999966631,0.2499999999933262,0.2499999999966631,0.5,24.99999999966631,0.5
57.84,24.9999999996679,4.981445811402807e-10,0.2499999999933581,0.249999999996679,4.981445811402807e-10,1,0.5,9.962891622805614e-12,1,24.9999999996679,24.9999999996679,0.2499999999933581,0.249999999996679,0.5,24.9999999996679,0.5
57.9,24.9999999996695,4.957520505222135e-10,0.24999999999339,0.249999999996695,4.957520505222135e-10,1,0.5,9.91504101044427e-12,1,24.9999999996695,24.9999999996695,0.24999999999339,0.249999999996695,0.5,24.9999999996695,0.5
57.96,24.99999999967109,4.933636832404886e-10,0.2499999999934218,0.2499999999967109,4.933636832404886e-10,1,0.5,9.867273664809773e-12,1,24.99999999967109,24.99999999967109,0.2499999999934218,0.2499999999967109,0.5,24.99999999967109,0.5
58.02,24.99999999967268,4.909725404012022e-10,0.2499999999934537,0.2499999999967269,4.909725404012022e-10,1,0.5,9.819450808024044e-12,1,24.99999999967268,24.99999999967268,0.2499999999934537,0.2499999999967269,0.5,24.99999999967268,0.5
58.08,24.99999999967428,4.885855608982581e-10,0.2499999999934855,0.2499999999967428,4.885855608982581e-10,1,0.5,9.771711217965162e-12,1,24.99999999967428,24.99999999967428,0.2499999999934855,0.2499999999967428,0.5,24.99999999967428,0.5
58.14,24.99999999967587,4.861916425014101e-10,0.2499999999935175,0.2499999999967587,4.861916425014101e-10,1,0.5,9.723832850028202e-12,1,24.99999999967587,24.99999999967587,0.2499999999935175,0.2499999999967587,0.5,24.99999999967587,0.5
58.2,24.99999999967746,4.83804662998466e-10,0.2499999999935493,0.2499999999967746,4.83804662998466e-10,1,0.5,9.676093259969321e-12,1,24.99999999967746,24.99999999967746,0.2499999999935493,0.2499999999967746,0.5,24.99999999967746,0.5
58.26,24.99999999967906,4.814135201591796e-10,0.2499999999935812,0.2499999999967906,4.814135201591796e-10,1,0.5,9.628270403183592e-12,1,24.99999999967906,24.99999999967906,0.2499999999935812,0.2499999999967906,0.5,24.99999999967906,0.5
58.32,24.99999999968065,4.790251528774547e-10,0.249999999993613,0.2499999999968065,4.790251528774547e-10,1,0.5,9.580503057549095e-12,1,24.99999999968065,24.99999999968065,0.249999999993613,0.2499999999968065,0.5,24.99999999968065,0.5
58.38,24.99999999968225,4.766326222593875e-10,0.2499999999936449,0.2499999999968225,4.766326222593875e-10,1,0.5,9.53265244518775e-12,1,24.99999999968225,24.99999999968225,0.2499999999936449,0.2499999999968225,0.5,24.99999999968225,0.5
58.44,24.99999999968384,4.742442549776626e-10,0.2499999999936768,0.2499999999968384,4.742442549776626e-10,1,0.5,9.484885099553253e-12,1,24.99999999968384,24.99999999968384,0.2499999999936768,0.2499999999968384,0.5,24.99999999968384,0.5
58.5,24.99999999968543,4.718517243595954e-10,0.2499999999937087,0.2499999999968543,4.718517243595954e-10,1,0.5,9.437034487191909e-12,1,24.99999999968543,24.99999999968543,0.2499999999937087,0.2499999999968543,0.5,24.99999999968543,0.5
58.56,24.99999999968702,4.69460581520309e-10,0.2499999999937405,0.2499999999968703,4.69460581520309e-10,1,0.5,9.38921163040618e-12,1,24.99999999968702,24.99999999968702,0.2499999999937405,0.2499999999968703,0.5,24.99999999968702,0.5
58.62,24.99999999968862,4.670736020173649e-10,0.2499999999937724,0.2499999999968862,4.670736020173649e-10,1,0.5,9.341472040347298e-12,1,24.99999999968862,24.99999999968862,0.2499999999937724,0.2499999999968862,0.5,24.99999999968862,0.5
58.68,24.99999999969021,4.646824591780785e-10,0.2499999999938042,0.2499999999969021,4.646824591780785e-10,1,0.5,9.29364918356157e-12,1,24.99999999969021,24.99999999969021,0.2499999999938042,0.2499999999969021,0.5,24.99999999969021,0.5
58.74,24.99999999969181,4.622913163387921e-10,0.2499999999938362,0.249999999996918,4.622913163387921e-10,1,0.5,9.245826326775841e-12,1,24.99999999969181,24.99999999969181,0.2499999999938362,0.249999999996918,0.5,24.99999999969181,0.5
58.8,24.9999999996934,4.599015612782864e-10,0.249999999993868,0.249999999996934,4.599015612782864e-10,1,0.5,9.198031225565728e-12,1,24.9999999996934,24.9999999996934,0.249999999993868,0.249999999996934,0.5,24.9999999996934,0.5
58.86,24.99999999969499,4.57510418439e-10,0.2499999999938999,0.2499999999969499,4.57510418439e-10,1,0.5,9.15020836878e-12,1,24.99999999969499,24.99999999969499,0.2499999999938999,0.2499999999969499,0.5,24.99999999969499,0.5
58.92,24.99999999969658,4.551220511572751e-10,0.2499999999939317,0.2499999999969658,4.551220511572751e-10,1,0.5,9.102441023145502e-12,1,24.99999999969658,24.99999999969658,0.2499999999939317,0.2499999999969658,0.5,24.99999999969658,0.5
58.98,24.99999999969818,4.527295205392079e-10,0.2499999999939636,0.2499999999969818,4.527295205392079e-10,1,0.5,9.054590410784158e-12,1,24.99999999969818,24.99999999969818,0.2499999999939636,0.2499999999969818,0.5,24.99999999969818,0.5
59.04,24.99999999969977,4.50341153257483e-10,0.2499999999939954,0.2499999999969977,4.50341153257483e-10,1,0.5,9.006823065149661e-12,1,24.99999999969977,24.99999999969977,0.2499999999939954,0.2499999999969977,0.5,24.99999999969977,0.5
59.1,24.99999999970137,4.479513981969774e-10,0.2499999999940273,0.2499999999970137,4.479513981969774e-10,1,0.5,8.959027963939548e-12,1,24.99999999970137,24.99999999970137,0.2499999999940273,0.2499999999970137,0.5,24.99999999970137,0.5
59.16,24.99999999970296,4.455630309152525e-10,0.2499999999940591,0.2499999999970296,4.455630309152525e-10,1,0.5,8.91126061830505e-12,1,24.99999999970296,24.99999999970296,0.2499999999940591,0.2499999999970296,0.5,24.99999999970296,0.5
59.22,24.99999999970455,4.431705002971853e-10,0.2499999999940911,0.2499999999970455,4.431705002971853e-10,1,0.5,8.863410005943706e-12,1,24.99999999970455,24.99999999970455,0.2499999999940911,0.2499999999970455,0.5,24.99999999970455,0.5
59.28,24.99999999970614,4.407821330154604e-10,0.2499999999941229,0.2499999999970615,4.407821330154604e-10,1,0.5,8.815642660309209e-12,1,24.99999999970614,24.99999999970614,0.2499999999941229,0.2499999999970615,0.5,24.99999999970614,0.5
59.34,24.99999999970774,4.383896023973932e-10,0.2499999999941548,0.2499999999970774,4.383896023973932e-10,1,0.5,8.767792047947864e-12,1,24.99999999970774,24.99999999970774,0.2499999999941548,0.2499999999970774,0.5,24.99999999970774,0.5
59.4,24.99999999970933,4.360012351156684e-10,0.2499999999941867,0.2499999999970933,4.360012351156684e-10,1,0.5,8.720024702313367e-12,1,24.99999999970933,24.99999999970933,0.2499999999941867,0.2499999999970933,0.5,24.99999999970933,0.5
59.46,24.99999999971093,4.336100922763819e-10,0.2499999999942185,0.2499999999971093,4.336100922763819e-10,1,0.5,8.672201845527638e-12,1,24.99999999971093,24.99999999971093,0.2499999999942185,0.2499999999971093,0.5,24.99999999971093,0.5
59.52,24.99999999971252,4.312217249946571e-10,0.2499999999942504,0.2499999999971252,4.312217249946571e-10,1,0.5,8.624434499893141e-12,1,24.99999999971252,24.99999999971252,0.2499999999942504,0.2499999999971252,0.5,24.99999999971252,0.5
59.58,24.99999999971411,4.288264188190283e-10,0.2499999999942823,0.2499999999971411,4.288264188190283e-10,1,0.5,8.576528376380566e-12,1,24.99999999971411,24.99999999971411,0.2499999999942823,0.2499999999971411,0.5,24.99999999971411,0.5
59.64,24.9999999997157,4.26440827094865e-10,0.2499999999943141,0.2499999999971571,4.26440827094865e-10,1,0.5,8.528816541897299e-12,1,24.9999999997157,24.9999999997157,0.2499999999943141,0.2499999999971571,0.5,24.9999999997157,0.5
59.7,24.9999999997173,4.240482964767978e-10,0.249999999994346,0.249999999997173,4.240482964767978e-10,1,0.5,8.480965929535955e-12,1,24.9999999997173,24.9999999997173,0.249999999994346,0.249999999997173,0.5,24.9999999997173,0.5
59.76,24.99999999971889,4.216627047526345e-10,0.2499999999943778,0.2499999999971889,4.216627047526345e-10,1,0.5,8.433254095052689e-12,1,24.99999999971889,24.99999999971889,0.2499999999943778,0.2499999999971889,0.5,24.99999999971889,0.5
59.82,24.99999999972049,4.192673985770057e-10,0.2499999999944097,0.2499999999972049,4.192673985770057e-10,1,0.5,8.385347971540114e-12,1,24.99999999972049,24.99999999972049,0.2499999999944097,0.2499999999972049,0.5,24.99999999972049,0.5
59.88,24.99999999972208,4.168818068528424e-10,0.2499999999944416,0.2499999999972208,4.168818068528424e-10,1,0.5,8.337636137056847e-12,1,24.99999999972208,24.99999999972208,0.2499999999944416,0.2499999999972208,0.5,24.99999999972208,0.5
59.94,24.99999999972367,4.144878884559944e-10,0.2499999999944735,0.2499999999972367,4.144878884559944e-10,1,0.5,8.289757769119888e-12,1,24.99999999972367,24.99999999972367,0.2499999999944735,0.2499999999972367,0.5,24.99999999972367,0.5
60,24.99999999972527,4.121022967318311e-10,0.2499999999945053,0.2499999999972527,4.121022967318311e-10,1,0.5,8.242045934636621e-12,1,24.99999999972527,24.99999999972527,0.2499999999945053,0.2499999999972527,0.5,24.99999999972527,0.5
60,24.99999999972527,4.121022967318311e-10,0.2499999999945053,0.2499999999972527,4.121022967318311e-10,1,0.5,8.242045934636621e-12,1,24.99999999972527,24.99999999972527,0.2499999999945053,0.2499999999972527,0.5,24.99999999972527,0.5
