"time","plant.h1","plant.h2","der(plant.h1)","der(plant.h2)","controller.activeWaitDuration","controller.waitElapsed","controller_state_id","shutSchedule.combiTimeTable.y[1]","startSchedule.combiTimeTable.y[1]","stopSchedule.combiTimeTable.y[1]","time_s","u1Real.y","u2Real.y","u3Real.y","valve1_open_cmd","valve2_open_cmd","valve3_open_cmd","wait_remaining_s","controller.storedWaitRemaining","controller.tEnter","controller.mode","controller.resumeMode","controller.shutButton","controller.shutPulse","controller.startButton","controller.startPulse","controller.stopButton","controller.stopPulse","controller.valve1","controller.valve2","controller.valve3","controller.controller_state_id","controller.level1","controller.level2","controller.wait_remaining_s","plant.tank1_level_m","plant.tank2_level_m","plant.u1","plant.u2","plant.u3","shutSchedule.realToBoolean.u","startSchedule.realToBoolean.u","stopSchedule.realToBoolean.u","tank1_level_m","tank2_level_m","valve1CmdReal.y","valve2CmdReal.y","valve3CmdReal.y","shutSchedule.realToBoolean.y","shutSchedule.y","startSchedule.realToBoolean.y","startSchedule.y","stopSchedule.realToBoolean.y","stopSchedule.y","u1Real.u","u2Real.u","u3Real.u","valve1CmdReal.u","valve2CmdReal.u","valve3CmdReal.u"
0,0.05,0.05,0,0,0,0,0,0,0,0,0,0,0,0,0,0,0,0,0,0,1,1,0,0,0,0,0,0,0,0,0,0,0.05,0.05,0,0.05,0.05,0,0,0,0,0,0,0.05,0.05,0,0,0,0,0,0,0,0,0,0,0,0,0,0,0
0.9,0.05,0.05,0,0,0,0.9,0,0,0,0,0.9,0,0,0,0,0,0,0,0,0,1,1,0,0,0,0,0,0,0,0,0,0,0.05,0.05,0,0.05,0.05,0,0,0,0,0,0,0.05,0.05,0,0,0,0,0,0,0,0,0,0,0,0,0,0,0
1.8,0.05,0.05,0,0,0,1.8,0,0,0,0,1.8,0,0,0,0,0,0,0,0,0,1,1,0,0,0,0,0,0,0,0,0,0,0.05,0.05,0,0.05,0.05,0,0,0,0,0,0,0.05,0.05,0,0,0,0,0,0,0,0,0,0,0,0,0,0,0
2.7,0.05,0.05,0,0,0,2.7,0,0,0,0,2.7,0,0,0,0,0,0,0,0,0,1,1,0,0,0,0,0,0,0,0,0,0,0.05,0.05,0,0.05,0.05,0,0,0,0,0,0,0.05,0.05,0,0,0,0,0,0,0,0,0,0,0,0,0,0,0
3.6,0.05,0.05,0,0,0,3.6,0,0,0,0,3.6,0,0,0,0,0,0,0,0,0,1,1,0,0,0,0,0,0,0,0,0,0,0.05,0.05,0,0.05,0.05,0,0,0,0,0,0,0.05,0.05,0,0,0,0,0,0,0,0,0,0,0,0,0,0,0
4.5,0.05,0.05,0,0,0,4.5,0,0,0,0,4.5,0,0,0,0,0,0,0,0,0,1,1,0,0,0,0,0,0,0,0,0,0,0.05,0.05,0,0.05,0.05,0,0,0,0,0,0,0.05,0.05,0,0,0,0,0,0,0,0,0,0,0,0,0,0,0
5.4,0.05,0.05,0,0,0,5.4,0,0,0,0,5.4,0,0,0,0,0,0,0,0,0,1,1,0,0,0,0,0,0,0,0,0,0,0.05,0.05,0,0.05,0.05,0,0,0,0,0,0,0.05,0.05,0,0,0,0,0,0,0,0,0,0,0,0,0,0,0
6.3,0.05,0.05,0,0,0,6.3,0,0,0,0,6.3,0,0,0,0,0,0,0,0,0,1,1,0,0,0,0,0,0,0,0,0,0,0.05,0.05,0,0.05,0.05,0,0,0,0,0,0,0.05,0.05,0,0,0,0,0,0,0,0,0,0,0,0,0,0,0
7.2,0.05,0.05,0,0,0,7.2,0,0,0,0,7.2,0,0,0,0,0,0,0,0,0,1,1,0,0,0,0,0,0,0,0,0,0,0.05,0.05,0,0.05,0.05,0,0,0,0,0,0,0.05,0.05,0,0,0,0,0,0,0,0,0,0,0,0,0,0,0
8.1,0.05,0.05,0,0,0,8.1,0,0,0,0,8.1,0,0,0,0,0,0,0,0,0,1,1,0,0,0,0,0,0,0,0,0,0,0.05,0.05,0,0.05,0.05,0,0,0,0,0,0,0.05,0.05,0,0,0,0,0,0,0,0,0,0,0,0,0,0,0
9,0.05,0.05,0,0,0,9,0,0,0,0,9,0,0,0,0,0,0,0,0,0,1,1,0,0,0,0,0,0,0,0,0,0,0.05,0.05,0,0.05,0.05,0,0,0,0,0,0,0.05,0.05,0,0,0,0,0,0,0,0,0,0,0,0,0,0,0
9.9,0.05,0.05,0,0,0,9.9,0,0,0,0,9.9,0,0,0,0,0,0,0,0,0,1,1,0,0,0,0,0,0,0,0,0,0,0.05,0.05,0,0.05,0.05,0,0,0,0,0,0,0.05,0.05,0,0,0,0,0,0,0,0,0,0,0,0,0,0,0
10.8,0.05,0.05,0,0,0,10.8,0,0,0,0,10.8,0,0,0,0,0,0,0,0,0,1,1,0,0,0,0,0,0,0,0,0,0,0.05,0.05,0,0.05,0.05,0,0,0,0,0,0,0.05,0.05,0,0,0,0,0,0,0,0,0,0,0,0,0,0,0
11.7,0.05,0.05,0,0,0,11.7,0,0,0,0,11.7,0,0,0,0,0,0,0,0,0,1,1,0,0,0,0,0,0,0,0,0,0,0.05,0.05,0,0.05,0.05,0,0,0,0,0,0,0.05,0.05,0,0,0,0,0,0,0,0,0,0,0,0,0,0,0
12.6,0.05,0.05,0,0,0,12.6,0,0,0,0,12.6,0,0,0,0,0,0,0,0,0,1,1,0,0,0,0,0,0,0,0,0,0,0.05,0.05,0,0.05,0.05,0,0,0,0,0,0,0.05,0.05,0,0,0,0,0,0,0,0,0,0,0,0,0,0,0
13.5,0.05,0.05,0,0,0,13.5,0,0,0,0,13.5,0,0,0,0,0,0,0,0,0,1,1,0,0,0,0,0,0,0,0,0,0,0.05,0.05,0,0.05,0.05,0,0,0,0,0,0,0.05,0.05,0,0,0,0,0,0,0,0,0,0,0,0,0,0,0
14.4,0.05,0.05,0,0,0,14.4,0,0,0,0,14.4,0,0,0,0,0,0,0,0,0,1,1,0,0,0,0,0,0,0,0,0,0,0.05,0.05,0,0.05,0.05,0,0,0,0,0,0,0.05,0.05,0,0,0,0,0,0,0,0,0,0,0,0,0,0,0
15.3,0.05,0.05,0,0,0,15.3,0,0,0,0,15.3,0,0,0,0,0,0,0,0,0,1,1,0,0,0,0,0,0,0,0,0,0,0.05,0.05,0,0.05,0.05,0,0,0,0,0,0,0.05,0.05,0,0,0,0,0,0,0,0,0,0,0,0,0,0,0
16.2,0.05,0.05,0,0,0,16.2,0,0,0,0,16.2,0,0,0,0,0,0,0,0,0,1,1,0,0,0,0,0,0,0,0,0,0,0.05,0.05,0,0.05,0.05,0,0,0,0,0,0,0.05,0.05,0,0,0,0,0,0,0,0,0,0,0,0,0,0,0
17.1,0.05,0.05,0,0,0,17.1,0,0,0,0,17.1,0,0,0,0,0,0,0,0,0,1,1,0,0,0,0,0,0,0,0,0,0,0.05,0.05,0,0.05,0.05,0,0,0,0,0,0,0.05,0.05,0,0,0,0,0,0,0,0,0,0,0,0,0,0,0
18,0.05,0.05,0,0,0,18,0,0,0,0,18,0,0,0,0,0,0,0,0,0,1,1,0,0,0,0,0,0,0,0,0,0,0.05,0.05,0,0.05,0.05,0,0,0,0,0,0,0.05,0.05,0,0,0,0,0,0,0,0,0,0,0,0,0,0,0
18.9,0.05,0.05,0,0,0,18.9,0,0,0,0,18.9,0,0,0,0,0,0,0,0,0,1,1,0,0,0,0,0,0,0,0,0,0,0.05,0.05,0,0.05,0.05,0,0,0,0,0,0,0.05,0.05,0,0,0,0,0,0,0,0,0,0,0,0,0,0,0
19.8,0.05,0.05,0,0,0,19.8,0,0,0,0,19.8,0,0,0,0,0,0,0,0,0,1,1,0,0,0,0,0,0,0,0,0,0,0.05,0.05,0,0.05,0.05,0,0,0,0,0,0,0.05,0.05,0,0,0,0,0,0,0,0,0,0,0,0,0,0,0
20.00000000210057,0.05,0.05,0,0,0,20.00000000210057,0,0,0,0,20.00000000210057,0,0,0,0,0,0,0,0,0,1,1,0,0,0,0,0,0,0,0,0,0,0.05,0.05,0,0.05,0.05,0,0,0,0,0,0,0.05,0.05,0,0,0,0,0,0,0,0,0,0,0,0,0,0,0
20.00000000210057,0.05,0.05,0.005,0,0,0,1,0,1,0,20.00000000210057,1,0,0,1,0,0,0,0,20.00000000210057,2,1,0,0,1,0,0,0,1,0,0,1,0.05,0.05,0,0.05,0.05,1,0,0,0,1,0,0.05,0.05,1,0,0,0,0,1,1,0,0,1,0,0,1,0,0
20.20000000212004,0.05100000000009731,0.05,0.005,0,0,0.2000000000194646,1,0,1,0,20.20000000212004,1,0,0,1,0,0,0,0,20.00000000210057,2,1,0,0,1,0,0,0,1,0,0,1,0.05100000000009731,0.05,0,0.05100000000009731,0.05,1,0,0,0,1,0,0.05100000000009731,0.05,1,0,0,0,0,1,1,0,0,1,0,0,1,0,0
20.20000000212004,0.05100000000009731,0.05,0.005,0,0,0.2000000000194646,1,0,0,0,20.20000000212004,1,0,0,1,0,0,0,0,20.00000000210057,2,1,0,0,0,0,0,0,1,0,0,1,0.05100000000009731,0.05,0,0.05100000000009731,0.05,1,0,0,0,0,0,0.05100000000009731,0.05,1,0,0,0,0,0,0,0,0,1,0,0,1,0,0
20.7,0.0534999999894971,0.05,0.005,0,0,0.6999999978994254,1,0,0,0,20.7,1,0,0,1,0,0,0,0,20.00000000210057,2,1,0,0,0,0,0,0,1,0,0,1,0.0534999999894971,0.05,0,0.0534999999894971,0.05,1,0,0,0,0,0,0.0534999999894971,0.05,1,0,0,0,0,0,0,0,0,1,0,0,1,0,0
21.6,0.05799999998949713,0.05,0.005,0,0,1.599999997899427,1,0,0,0,21.6,1,0,0,1,0,0,0,0,20.00000000210057,2,1,0,0,0,0,0,0,1,0,0,1,0.05799999998949713,0.05,0,0.05799999998949713,0.05,1,0,0,0,0,0,0.05799999998949713,0.05,1,0,0,0,0,0,0,0,0,1,0,0,1,0,0
22.5,0.06249999998949713,0.05,0.005,0,0,2.499999997899426,1,0,0,0,22.5,1,0,0,1,0,0,0,0,20.00000000210057,2,1,0,0,0,0,0,0,1,0,0,1,0.06249999998949713,0.05,0,0.06249999998949713,0.05,1,0,0,0,0,0,0.06249999998949713,0.05,1,0,0,0,0,0,0,0,0,1,0,0,1,0,0
23.4,0.06699999998949711,0.05,0.005,0,0,3.399999997899425,1,0,0,0,23.4,1,0,0,1,0,0,0,0,20.00000000210057,2,1,0,0,0,0,0,0,1,0,0,1,0.06699999998949711,0.05,0,0.06699999998949711,0.05,1,0,0,0,0,0,0.06699999998949711,0.05,1,0,0,0,0,0,0,0,0,1,0,0,1,0,0
24.3,0.07149999998949713,0.05,0.005,0,0,4.299999997899427,1,0,0,0,24.3,1,0,0,1,0,0,0,0,20.00000000210057,2,1,0,0,0,0,0,0,1,0,0,1,0.07149999998949713,0.05,0,0.07149999998949713,0.05,1,0,0,0,0,0,0.07149999998949713,0.05,1,0,0,0,0,0,0,0,0,1,0,0,1,0,0
25.2,0.07599999998949714,0.05,0.005,0,0,5.199999997899425,1,0,0,0,25.2,1,0,0,1,0,0,0,0,20.00000000210057,2,1,0,0,0,0,0,0,1,0,0,1,0.07599999998949714,0.05,0,0.07599999998949714,0.05,1,0,0,0,0,0,0.07599999998949714,0.05,1,0,0,0,0,0,0,0,0,1,0,0,1,0,0
26.1,0.08049999998949714,0.05,0.005,0,0,6.099999997899427,1,0,0,0,26.1,1,0,0,1,0,0,0,0,20.00000000210057,2,1,0,0,0,0,0,0,1,0,0,1,0.08049999998949714,0.05,0,0.08049999998949714,0.05,1,0,0,0,0,0,0.08049999998949714,0.05,1,0,0,0,0,0,0,0,0,1,0,0,1,0,0
27,0.08499999998949713,0.05,0.005,0,0,6.999999997899426,1,0,0,0,27,1,0,0,1,0,0,0,0,20.00000000210057,2,1,0,0,0,0,0,0,1,0,0,1,0.08499999998949713,0.05,0,0.08499999998949713,0.05,1,0,0,0,0,0,0.08499999998949713,0.05,1,0,0,0,0,0,0,0,0,1,0,0,1,0,0
27.9,0.08949999998949712,0.05,0.005,0,0,7.899999997899425,1,0,0,0,27.9,1,0,0,1,0,0,0,0,20.00000000210057,2,1,0,0,0,0,0,0,1,0,0,1,0.08949999998949712,0.05,0,0.08949999998949712,0.05,1,0,0,0,0,0,0.08949999998949712,0.05,1,0,0,0,0,0,0,0,0,1,0,0,1,0,0
28.8,0.09399999998949714,0.05,0.005,0,0,8.799999997899427,1,0,0,0,28.8,1,0,0,1,0,0,0,0,20.00000000210057,2,1,0,0,0,0,0,0,1,0,0,1,0.09399999998949714,0.05,0,0.09399999998949714,0.05,1,0,0,0,0,0,0.09399999998949714,0.05,1,0,0,0,0,0,0,0,0,1,0,0,1,0,0
29.7,0.09849999998949713,0.05,0.005,0,0,9.699999997899425,1,0,0,0,29.7,1,0,0,1,0,0,0,0,20.00000000210057,2,1,0,0,0,0,0,0,1,0,0,1,0.09849999998949713,0.05,0,0.09849999998949713,0.05,1,0,0,0,0,0,0.09849999998949713,0.05,1,0,0,0,0,0,0,0,0,1,0,0,1,0,0
30.6,0.1029999999894971,0.05,0.005,0,0,10.59999999789943,1,0,0,0,30.6,1,0,0,1,0,0,0,0,20.00000000210057,2,1,0,0,0,0,0,0,1,0,0,1,0.1029999999894971,0.05,0,0.1029999999894971,0.05,1,0,0,0,0,0,0.1029999999894971,0.05,1,0,0,0,0,0,0,0,0,1,0,0,1,0,0
31.5,0.1074999999894971,0.05,0.005,0,0,11.49999999789943,1,0,0,0,31.5,1,0,0,1,0,0,0,0,20.00000000210057,2,1,0,0,0,0,0,0,1,0,0,1,0.1074999999894971,0.05,0,0.1074999999894971,0.05,1,0,0,0,0,0,0.1074999999894971,0.05,1,0,0,0,0,0,0,0,0,1,0,0,1,0,0
32.4,0.1119999999894971,0.05,0.005,0,0,12.39999999789942,1,0,0,0,32.4,1,0,0,1,0,0,0,0,20.00000000210057,2,1,0,0,0,0,0,0,1,0,0,1,0.1119999999894971,0.05,0,0.1119999999894971,0.05,1,0,0,0,0,0,0.1119999999894971,0.05,1,0,0,0,0,0,0,0,0,1,0,0,1,0,0
33.3,0.1164999999894971,0.05,0.005,0,0,13.29999999789942,1,0,0,0,33.3,1,0,0,1,0,0,0,0,20.00000000210057,2,1,0,0,0,0,0,0,1,0,0,1,0.1164999999894971,0.05,0,0.1164999999894971,0.05,1,0,0,0,0,0,0.1164999999894971,0.05,1,0,0,0,0,0,0,0,0,1,0,0,1,0,0
34.2,0.1209999999894971,0.05,0.005,0,0,14.19999999789943,1,0,0,0,34.2,1,0,0,1,0,0,0,0,20.00000000210057,2,1,0,0,0,0,0,0,1,0,0,1,0.1209999999894971,0.05,0,0.1209999999894971,0.05,1,0,0,0,0,0,0.1209999999894971,0.05,1,0,0,0,0,0,0,0,0,1,0,0,1,0,0
35.1,0.1254999999894971,0.05,0.005,0,0,15.09999999789943,1,0,0,0,35.1,1,0,0,1,0,0,0,0,20.00000000210057,2,1,0,0,0,0,0,0,1,0,0,1,0.1254999999894971,0.05,0,0.1254999999894971,0.05,1,0,0,0,0,0,0.1254999999894971,0.05,1,0,0,0,0,0,0,0,0,1,0,0,1,0,0
36,0.1299999999894971,0.05,0.005,0,0,15.99999999789943,1,0,0,0,36,1,0,0,1,0,0,0,0,20.00000000210057,2,1,0,0,0,0,0,0,1,0,0,1,0.1299999999894971,0.05,0,0.1299999999894971,0.05,1,0,0,0,0,0,0.1299999999894971,0.05,1,0,0,0,0,0,0,0,0,1,0,0,1,0,0
36.9,0.1344999999894971,0.05,0.005,0,0,16.89999999789942,1,0,0,0,36.9,1,0,0,1,0,0,0,0,20.00000000210057,2,1,0,0,0,0,0,0,1,0,0,1,0.1344999999894971,0.05,0,0.1344999999894971,0.05,1,0,0,0,0,0,0.1344999999894971,0.05,1,0,0,0,0,0,0,0,0,1,0,0,1,0,0
37.8,0.1389999999894971,0.05,0.005,0,0,17.79999999789942,1,0,0,0,37.8,1,0,0,1,0,0,0,0,20.00000000210057,2,1,0,0,0,0,0,0,1,0,0,1,0.1389999999894971,0.05,0,0.1389999999894971,0.05,1,0,0,0,0,0,0.1389999999894971,0.05,1,0,0,0,0,0,0,0,0,1,0,0,1,0,0
38.7,0.1434999999894971,0.05,0.005,0,0,18.69999999789943,1,0,0,0,38.7,1,0,0,1,0,0,0,0,20.00000000210057,2,1,0,0,0,0,0,0,1,0,0,1,0.1434999999894971,0.05,0,0.1434999999894971,0.05,1,0,0,0,0,0,0.1434999999894971,0.05,1,0,0,0,0,0,0,0,0,1,0,0,1,0,0
39.6,0.1479999999894971,0.05,0.005,0,0,19.59999999789943,1,0,0,0,39.6,1,0,0,1,0,0,0,0,20.00000000210057,2,1,0,0,0,0,0,0,1,0,0,1,0.1479999999894971,0.05,0,0.1479999999894971,0.05,1,0,0,0,0,0,0.1479999999894971,0.05,1,0,0,0,0,0,0,0,0,1,0,0,1,0,0
40.5,0.1524999999894971,0.05,0.005,0,0,20.49999999789943,1,0,0,0,40.5,1,0,0,1,0,0,0,0,20.00000000210057,2,1,0,0,0,0,0,0,1,0,0,1,0.1524999999894971,0.05,0,0.1524999999894971,0.05,1,0,0,0,0,0,0.1524999999894971,0.05,1,0,0,0,0,0,0,0,0,1,0,0,1,0,0
41.4,0.1569999999894971,0.05,0.005,0,0,21.39999999789942,1,0,0,0,41.4,1,0,0,1,0,0,0,0,20.00000000210057,2,1,0,0,0,0,0,0,1,0,0,1,0.1569999999894971,0.05,0,0.1569999999894971,0.05,1,0,0,0,0,0,0.1569999999894971,0.05,1,0,0,0,0,0,0,0,0,1,0,0,1,0,0
42.3,0.1614999999894971,0.05,0.005,0,0,22.29999999789942,1,0,0,0,42.3,1,0,0,1,0,0,0,0,20.00000000210057,2,1,0,0,0,0,0,0,1,0,0,1,0.1614999999894971,0.05,0,0.1614999999894971,0.05,1,0,0,0,0,0,0.1614999999894971,0.05,1,0,0,0,0,0,0,0,0,1,0,0,1,0,0
43.2,0.1659999999894971,0.05,0.005,0,0,23.19999999789943,1,0,0,0,43.2,1,0,0,1,0,0,0,0,20.00000000210057,2,1,0,0,0,0,0,0,1,0,0,1,0.1659999999894971,0.05,0,0.1659999999894971,0.05,1,0,0,0,0,0,0.1659999999894971,0.05,1,0,0,0,0,0,0,0,0,1,0,0,1,0,0
44.1,0.1704999999894971,0.05,0.005,0,0,24.09999999789943,1,0,0,0,44.1,1,0,0,1,0,0,0,0,20.00000000210057,2,1,0,0,0,0,0,0,1,0,0,1,0.1704999999894971,0.05,0,0.1704999999894971,0.05,1,0,0,0,0,0,0.1704999999894971,0.05,1,0,0,0,0,0,0,0,0,1,0,0,1,0,0
45,0.1749999999894971,0.05,0.005,0,0,24.99999999789943,1,0,0,0,45,1,0,0,1,0,0,0,0,20.00000000210057,2,1,0,0,0,0,0,0,1,0,0,1,0.1749999999894971,0.05,0,0.1749999999894971,0.05,1,0,0,0,0,0,0.1749999999894971,0.05,1,0,0,0,0,0,0,0,0,1,0,0,1,0,0
45.9,0.1794999999894971,0.05,0.005,0,0,25.89999999789942,1,0,0,0,45.9,1,0,0,1,0,0,0,0,20.00000000210057,2,1,0,0,0,0,0,0,1,0,0,1,0.1794999999894971,0.05,0,0.1794999999894971,0.05,1,0,0,0,0,0,0.1794999999894971,0.05,1,0,0,0,0,0,0,0,0,1,0,0,1,0,0
46.8,0.1839999999894971,0.05,0.005,0,0,26.79999999789942,1,0,0,0,46.8,1,0,0,1,0,0,0,0,20.00000000210057,2,1,0,0,0,0,0,0,1,0,0,1,0.1839999999894971,0.05,0,0.1839999999894971,0.05,1,0,0,0,0,0,0.1839999999894971,0.05,1,0,0,0,0,0,0,0,0,1,0,0,1,0,0
47.7,0.1884999999894971,0.05,0.005,0,0,27.69999999789943,1,0,0,0,47.7,1,0,0,1,0,0,0,0,20.00000000210057,2,1,0,0,0,0,0,0,1,0,0,1,0.1884999999894971,0.05,0,0.1884999999894971,0.05,1,0,0,0,0,0,0.1884999999894971,0.05,1,0,0,0,0,0,0,0,0,1,0,0,1,0,0
48.6,0.1929999999894971,0.05,0.005,0,0,28.59999999789943,1,0,0,0,48.6,1,0,0,1,0,0,0,0,20.00000000210057,2,1,0,0,0,0,0,0,1,0,0,1,0.1929999999894971,0.05,0,0.1929999999894971,0.05,1,0,0,0,0,0,0.1929999999894971,0.05,1,0,0,0,0,0,0,0,0,1,0,0,1,0,0
49.5,0.1974999999894971,0.05,0.005,0,0,29.49999999789943,1,0,0,0,49.5,1,0,0,1,0,0,0,0,20.00000000210057,2,1,0,0,0,0,0,0,1,0,0,1,0.1974999999894971,0.05,0,0.1974999999894971,0.05,1,0,0,0,0,0,0.1974999999894971,0.05,1,0,0,0,0,0,0,0,0,1,0,0,1,0,0
50.4,0.2019999999894971,0.05,0.005,0,0,30.39999999789942,1,0,0,0,50.4,1,0,0,1,0,0,0,0,20.00000000210057,2,1,0,0,0,0,0,0,1,0,0,1,0.2019999999894971,0.05,0,0.2019999999894971,0.05,1,0,0,0,0,0,0.2019999999894971,0.05,1,0,0,0,0,0,0,0,0,1,0,0,1,0,0
51.3,0.2064999999894971,0.05,0.005,0,0,31.29999999789942,1,0,0,0,51.3,1,0,0,1,0,0,0,0,20.00000000210057,2,1,0,0,0,0,0,0,1,0,0,1,0.2064999999894971,0.05,0,0.2064999999894971,0.05,1,0,0,0,0,0,0.2064999999894971,0.05,1,0,0,0,0,0,0,0,0,1,0,0,1,0,0
52.2,0.2109999999894971,0.05,0.005,0,0,32.19999999789943,1,0,0,0,52.2,1,0,0,1,0,0,0,0,20.00000000210057,2,1,0,0,0,0,0,0,1,0,0,1,0.2109999999894971,0.05,0,0.2109999999894971,0.05,1,0,0,0,0,0,0.2109999999894971,0.05,1,0,0,0,0,0,0,0,0,1,0,0,1,0,0
53.1,0.2154999999894971,0.05,0.005,0,0,33.09999999789943,1,0,0,0,53.1,1,0,0,1,0,0,0,0,20.00000000210057,2,1,0,0,0,0,0,0,1,0,0,1,0.2154999999894971,0.05,0,0.2154999999894971,0.05,1,0,0,0,0,0,0.2154999999894971,0.05,1,0,0,0,0,0,0,0,0,1,0,0,1,0,0
54,0.2199999999894971,0.05,0.005,0,0,33.99999999789942,1,0,0,0,54,1,0,0,1,0,0,0,0,20.00000000210057,2,1,0,0,0,0,0,0,1,0,0,1,0.2199999999894971,0.05,0,0.2199999999894971,0.05,1,0,0,0,0,0,0.2199999999894971,0.05,1,0,0,0,0,0,0,0,0,1,0,0,1,0,0
54.9,0.2244999999894971,0.05,0.005,0,0,34.89999999789943,1,0,0,0,54.9,1,0,0,1,0,0,0,0,20.00000000210057,2,1,0,0,0,0,0,0,1,0,0,1,0.2244999999894971,0.05,0,0.2244999999894971,0.05,1,0,0,0,0,0,0.2244999999894971,0.05,1,0,0,0,0,0,0,0,0,1,0,0,1,0,0
55.8,0.2289999999894971,0.05,0.005,0,0,35.79999999789942,1,0,0,0,55.8,1,0,0,1,0,0,0,0,20.00000000210057,2,1,0,0,0,0,0,0,1,0,0,1,0.2289999999894971,0.05,0,0.2289999999894971,0.05,1,0,0,0,0,0,0.2289999999894971,0.05,1,0,0,0,0,0,0,0,0,1,0,0,1,0,0
56.7,0.2334999999894971,0.05,0.005,0,0,36.69999999789943,1,0,0,0,56.7,1,0,0,1,0,0,0,0,20.00000000210057,2,1,0,0,0,0,0,0,1,0,0,1,0.2334999999894971,0.05,0,0.2334999999894971,0.05,1,0,0,0,0,0,0.2334999999894971,0.05,1,0,0,0,0,0,0,0,0,1,0,0,1,0,0
57.6,0.2379999999894971,0.05,0.005,0,0,37.59999999789943,1,0,0,0,57.6,1,0,0,1,0,0,0,0,20.00000000210057,2,1,0,0,0,0,0,0,1,0,0,1,0.2379999999894971,0.05,0,0.2379999999894971,0.05,1,0,0,0,0,0,0.2379999999894971,0.05,1,0,0,0,0,0,0,0,0,1,0,0,1,0,0
58.5,0.2424999999894971,0.05,0.005,0,0,38.49999999789942,1,0,0,0,58.5,1,0,0,1,0,0,0,0,20.00000000210057,2,1,0,0,0,0,0,0,1,0,0,1,0.2424999999894971,0.05,0,0.2424999999894971,0.05,1,0,0,0,0,0,0.2424999999894971,0.05,1,0,0,0,0,0,0,0,0,1,0,0,1,0,0
59.4,0.2469999999894971,0.05,0.005,0,0,39.39999999789943,1,0,0,0,59.4,1,0,0,1,0,0,0,0,20.00000000210057,2,1,0,0,0,0,0,0,1,0,0,1,0.2469999999894971,0.05,0,0.2469999999894971,0.05,1,0,0,0,0,0,0.2469999999894971,0.05,1,0,0,0,0,0,0,0,0,1,0,0,1,0,0
60.3,0.251499999989497,0.05,0.005,0,0,40.29999999789942,1,0,0,0,60.3,1,0,0,1,0,0,0,0,20.00000000210057,2,1,0,0,0,0,0,0,1,0,0,1,0.251499999989497,0.05,0,0.251499999989497,0.05,1,0,0,0,0,0,0.251499999989497,0.05,1,0,0,0,0,0,0,0,0,1,0,0,1,0,0
61.2,0.2559999999894971,0.05,0.005,0,0,41.19999999789943,1,0,0,0,61.2,1,0,0,1,0,0,0,0,20.00000000210057,2,1,0,0,0,0,0,0,1,0,0,1,0.2559999999894971,0.05,0,0.2559999999894971,0.05,1,0,0,0,0,0,0.2559999999894971,0.05,1,0,0,0,0,0,0,0,0,1,0,0,1,0,0
62.1,0.260499999989497,0.05,0.005,0,0,42.09999999789943,1,0,0,0,62.1,1,0,0,1,0,0,0,0,20.00000000210057,2,1,0,0,0,0,0,0,1,0,0,1,0.260499999989497,0.05,0,0.260499999989497,0.05,1,0,0,0,0,0,0.260499999989497,0.05,1,0,0,0,0,0,0,0,0,1,0,0,1,0,0
63,0.2649999999894971,0.05,0.005,0,0,42.99999999789942,1,0,0,0,63,1,0,0,1,0,0,0,0,20.00000000210057,2,1,0,0,0,0,0,0,1,0,0,1,0.2649999999894971,0.05,0,0.2649999999894971,0.05,1,0,0,0,0,0,0.2649999999894971,0.05,1,0,0,0,0,0,0,0,0,1,0,0,1,0,0
63.9,0.269499999989497,0.05,0.005,0,0,43.89999999789943,1,0,0,0,63.9,1,0,0,1,0,0,0,0,20.00000000210057,2,1,0,0,0,0,0,0,1,0,0,1,0.269499999989497,0.05,0,0.269499999989497,0.05,1,0,0,0,0,0,0.269499999989497,0.05,1,0,0,0,0,0,0,0,0,1,0,0,1,0,0
64.8,0.2739999999894971,0.05,0.005,0,0,44.79999999789942,1,0,0,0,64.8,1,0,0,1,0,0,0,0,20.00000000210057,2,1,0,0,0,0,0,0,1,0,0,1,0.2739999999894971,0.05,0,0.2739999999894971,0.05,1,0,0,0,0,0,0.2739999999894971,0.05,1,0,0,0,0,0,0,0,0,1,0,0,1,0,0
65.7,0.2784999999894971,0.05,0.005,0,0,45.69999999789943,1,0,0,0,65.7,1,0,0,1,0,0,0,0,20.00000000210057,2,1,0,0,0,0,0,0,1,0,0,1,0.2784999999894971,0.05,0,0.2784999999894971,0.05,1,0,0,0,0,0,0.2784999999894971,0.05,1,0,0,0,0,0,0,0,0,1,0,0,1,0,0
66.59999999999999,0.282999999989497,0.05,0.005,0,0,46.59999999789942,1,0,0,0,66.59999999999999,1,0,0,1,0,0,0,0,20.00000000210057,2,1,0,0,0,0,0,0,1,0,0,1,0.282999999989497,0.05,0,0.282999999989497,0.05,1,0,0,0,0,0,0.282999999989497,0.05,1,0,0,0,0,0,0,0,0,1,0,0,1,0,0
67.5,0.287499999989497,0.05,0.005,0,0,47.49999999789942,1,0,0,0,67.5,1,0,0,1,0,0,0,0,20.00000000210057,2,1,0,0,0,0,0,0,1,0,0,1,0.287499999989497,0.05,0,0.287499999989497,0.05,1,0,0,0,0,0,0.287499999989497,0.05,1,0,0,0,0,0,0,0,0,1,0,0,1,0,0
68.40000000000001,0.2919999999894971,0.05,0.005,0,0,48.39999999789943,1,0,0,0,68.40000000000001,1,0,0,1,0,0,0,0,20.00000000210057,2,1,0,0,0,0,0,0,1,0,0,1,0.2919999999894971,0.05,0,0.2919999999894971,0.05,1,0,0,0,0,0,0.2919999999894971,0.05,1,0,0,0,0,0,0,0,0,1,0,0,1,0,0
69.3,0.2964999999894971,0.05,0.005,0,0,49.29999999789942,1,0,0,0,69.3,1,0,0,1,0,0,0,0,20.00000000210057,2,1,0,0,0,0,0,0,1,0,0,1,0.2964999999894971,0.05,0,0.2964999999894971,0.05,1,0,0,0,0,0,0.2964999999894971,0.05,1,0,0,0,0,0,0,0,0,1,0,0,1,0,0
70.2,0.3009999999894971,0.05,0.005,0,0,50.19999999789943,1,0,0,0,70.2,1,0,0,1,0,0,0,0,20.00000000210057,2,1,0,0,0,0,0,0,1,0,0,1,0.3009999999894971,0.05,0,0.3009999999894971,0.05,1,0,0,0,0,0,0.3009999999894971,0.05,1,0,0,0,0,0,0,0,0,1,0,0,1,0,0
71.09999999999999,0.3054999999894971,0.05,0.005,0,0,51.09999999789942,1,0,0,0,71.09999999999999,1,0,0,1,0,0,0,0,20.00000000210057,2,1,0,0,0,0,0,0,1,0,0,1,0.3054999999894971,0.05,0,0.3054999999894971,0.05,1,0,0,0,0,0,0.3054999999894971,0.05,1,0,0,0,0,0,0,0,0,1,0,0,1,0,0
72,0.3099999999894971,0.05,0.005,0,0,51.99999999789942,1,0,0,0,72,1,0,0,1,0,0,0,0,20.00000000210057,2,1,0,0,0,0,0,0,1,0,0,1,0.3099999999894971,0.05,0,0.3099999999894971,0.05,1,0,0,0,0,0,0.3099999999894971,0.05,1,0,0,0,0,0,0,0,0,1,0,0,1,0,0
72.90000000000001,0.3144999999894971,0.05,0.005,0,0,52.89999999789943,1,0,0,0,72.90000000000001,1,0,0,1,0,0,0,0,20.00000000210057,2,1,0,0,0,0,0,0,1,0,0,1,0.3144999999894971,0.05,0,0.3144999999894971,0.05,1,0,0,0,0,0,0.3144999999894971,0.05,1,0,0,0,0,0,0,0,0,1,0,0,1,0,0
73.8,0.318999999989497,0.05,0.005,0,0,53.79999999789942,1,0,0,0,73.8,1,0,0,1,0,0,0,0,20.00000000210057,2,1,0,0,0,0,0,0,1,0,0,1,0.318999999989497,0.05,0,0.318999999989497,0.05,1,0,0,0,0,0,0.318999999989497,0.05,1,0,0,0,0,0,0,0,0,1,0,0,1,0,0
74.7,0.3234999999894971,0.05,0.005,0,0,54.69999999789943,1,0,0,0,74.7,1,0,0,1,0,0,0,0,20.00000000210057,2,1,0,0,0,0,0,0,1,0,0,1,0.3234999999894971,0.05,0,0.3234999999894971,0.05,1,0,0,0,0,0,0.3234999999894971,0.05,1,0,0,0,0,0,0,0,0,1,0,0,1,0,0
75.59999999999999,0.327999999989497,0.05,0.005,0,0,55.59999999789942,1,0,0,0,75.59999999999999,1,0,0,1,0,0,0,0,20.00000000210057,2,1,0,0,0,0,0,0,1,0,0,1,0.327999999989497,0.05,0,0.327999999989497,0.05,1,0,0,0,0,0,0.327999999989497,0.05,1,0,0,0,0,0,0,0,0,1,0,0,1,0,0
76.5,0.3324999999894971,0.05,0.005,0,0,56.49999999789942,1,0,0,0,76.5,1,0,0,1,0,0,0,0,20.00000000210057,2,1,0,0,0,0,0,0,1,0,0,1,0.3324999999894971,0.05,0,0.3324999999894971,0.05,1,0,0,0,0,0,0.3324999999894971,0.05,1,0,0,0,0,0,0,0,0,1,0,0,1,0,0
77.40000000000001,0.3369999999894971,0.05,0.005,0,0,57.39999999789943,1,0,0,0,77.40000000000001,1,0,0,1,0,0,0,0,20.00000000210057,2,1,0,0,0,0,0,0,1,0,0,1,0.3369999999894971,0.05,0,0.3369999999894971,0.05,1,0,0,0,0,0,0.3369999999894971,0.05,1,0,0,0,0,0,0,0,0,1,0,0,1,0,0
78.3,0.341499999989497,0.05,0.005,0,0,58.29999999789942,1,0,0,0,78.3,1,0,0,1,0,0,0,0,20.00000000210057,2,1,0,0,0,0,0,0,1,0,0,1,0.341499999989497,0.05,0,0.341499999989497,0.05,1,0,0,0,0,0,0.341499999989497,0.05,1,0,0,0,0,0,0,0,0,1,0,0,1,0,0
79.2,0.345999999989497,0.05,0.005,0,0,59.19999999789943,1,0,0,0,79.2,1,0,0,1,0,0,0,0,20.00000000210057,2,1,0,0,0,0,0,0,1,0,0,1,0.345999999989497,0.05,0,0.345999999989497,0.05,1,0,0,0,0,0,0.345999999989497,0.05,1,0,0,0,0,0,0,0,0,1,0,0,1,0,0
80.09999999999999,0.350499999989497,0.05,0.005,0,0,60.09999999789942,1,0,0,0,80.09999999999999,1,0,0,1,0,0,0,0,20.00000000210057,2,1,0,0,0,0,0,0,1,0,0,1,0.350499999989497,0.05,0,0.350499999989497,0.05,1,0,0,0,0,0,0.350499999989497,0.05,1,0,0,0,0,0,0,0,0,1,0,0,1,0,0
81,0.3549999999894971,0.05,0.005,0,0,60.99999999789942,1,0,0,0,81,1,0,0,1,0,0,0,0,20.00000000210057,2,1,0,0,0,0,0,0,1,0,0,1,0.3549999999894971,0.05,0,0.3549999999894971,0.05,1,0,0,0,0,0,0.3549999999894971,0.05,1,0,0,0,0,0,0,0,0,1,0,0,1,0,0
81.90000000000001,0.3594999999894971,0.05,0.005,0,0,61.89999999789943,1,0,0,0,81.90000000000001,1,0,0,1,0,0,0,0,20.00000000210057,2,1,0,0,0,0,0,0,1,0,0,1,0.3594999999894971,0.05,0,0.3594999999894971,0.05,1,0,0,0,0,0,0.3594999999894971,0.05,1,0,0,0,0,0,0,0,0,1,0,0,1,0,0
82.8,0.3639999999894971,0.05,0.005,0,0,62.79999999789942,1,0,0,0,82.8,1,0,0,1,0,0,0,0,20.00000000210057,2,1,0,0,0,0,0,0,1,0,0,1,0.3639999999894971,0.05,0,0.3639999999894971,0.05,1,0,0,0,0,0,0.3639999999894971,0.05,1,0,0,0,0,0,0,0,0,1,0,0,1,0,0
83.7,0.3684999999894971,0.05,0.005,0,0,63.69999999789943,1,0,0,0,83.7,1,0,0,1,0,0,0,0,20.00000000210057,2,1,0,0,0,0,0,0,1,0,0,1,0.3684999999894971,0.05,0,0.3684999999894971,0.05,1,0,0,0,0,0,0.3684999999894971,0.05,1,0,0,0,0,0,0,0,0,1,0,0,1,0,0
84.59999999999999,0.372999999989497,0.05,0.005,0,0,64.59999999789942,1,0,0,0,84.59999999999999,1,0,0,1,0,0,0,0,20.00000000210057,2,1,0,0,0,0,0,0,1,0,0,1,0.372999999989497,0.05,0,0.372999999989497,0.05,1,0,0,0,0,0,0.372999999989497,0.05,1,0,0,0,0,0,0,0,0,1,0,0,1,0,0
85.5,0.3774999999894971,0.05,0.005,0,0,65.49999999789942,1,0,0,0,85.5,1,0,0,1,0,0,0,0,20.00000000210057,2,1,0,0,0,0,0,0,1,0,0,1,0.3774999999894971,0.05,0,0.3774999999894971,0.05,1,0,0,0,0,0,0.3774999999894971,0.05,1,0,0,0,0,0,0,0,0,1,0,0,1,0,0
86.40000000000001,0.3819999999894971,0.05,0.005,0,0,66.39999999789943,1,0,0,0,86.40000000000001,1,0,0,1,0,0,0,0,20.00000000210057,2,1,0,0,0,0,0,0,1,0,0,1,0.3819999999894971,0.05,0,0.3819999999894971,0.05,1,0,0,0,0,0,0.3819999999894971,0.05,1,0,0,0,0,0,0,0,0,1,0,0,1,0,0
87.3,0.386499999989497,0.05,0.005,0,0,67.29999999789942,1,0,0,0,87.3,1,0,0,1,0,0,0,0,20.00000000210057,2,1,0,0,0,0,0,0,1,0,0,1,0.386499999989497,0.05,0,0.386499999989497,0.05,1,0,0,0,0,0,0.386499999989497,0.05,1,0,0,0,0,0,0,0,0,1,0,0,1,0,0
88.2,0.3909999999894971,0.05,0.005,0,0,68.19999999789943,1,0,0,0,88.2,1,0,0,1,0,0,0,0,20.00000000210057,2,1,0,0,0,0,0,0,1,0,0,1,0.3909999999894971,0.05,0,0.3909999999894971,0.05,1,0,0,0,0,0,0.3909999999894971,0.05,1,0,0,0,0,0,0,0,0,1,0,0,1,0,0
89.09999999999999,0.395499999989497,0.05,0.005,0,0,69.09999999789942,1,0,0,0,89.09999999999999,1,0,0,1,0,0,0,0,20.00000000210057,2,1,0,0,0,0,0,0,1,0,0,1,0.395499999989497,0.05,0,0.395499999989497,0.05,1,0,0,0,0,0,0.395499999989497,0.05,1,0,0,0,0,0,0,0,0,1,0,0,1,0,0
90,0.3999999999894971,0.05,0.005,0,0,69.99999999789942,1,0,0,0,90,1,0,0,1,0,0,0,0,20.00000000210057,2,1,0,0,0,0,0,0,1,0,0,1,0.3999999999894971,0.05,0,0.3999999999894971,0.05,1,0,0,0,0,0,0.3999999999894971,0.05,1,0,0,0,0,0,0,0,0,1,0,0,1,0,0
90.90000000000001,0.4044999999894971,0.05,0.005,0,0,70.89999999789943,1,0,0,0,90.90000000000001,1,0,0,1,0,0,0,0,20.00000000210057,2,1,0,0,0,0,0,0,1,0,0,1,0.4044999999894971,0.05,0,0.4044999999894971,0.05,1,0,0,0,0,0,0.4044999999894971,0.05,1,0,0,0,0,0,0,0,0,1,0,0,1,0,0
91.8,0.408999999989497,0.05,0.005,0,0,71.79999999789942,1,0,0,0,91.8,1,0,0,1,0,0,0,0,20.00000000210057,2,1,0,0,0,0,0,0,1,0,0,1,0.408999999989497,0.05,0,0.408999999989497,0.05,1,0,0,0,0,0,0.408999999989497,0.05,1,0,0,0,0,0,0,0,0,1,0,0,1,0,0
92.7,0.413499999989497,0.05,0.005,0,0,72.69999999789943,1,0,0,0,92.7,1,0,0,1,0,0,0,0,20.00000000210057,2,1,0,0,0,0,0,0,1,0,0,1,0.413499999989497,0.05,0,0.413499999989497,0.05,1,0,0,0,0,0,0.413499999989497,0.05,1,0,0,0,0,0,0,0,0,1,0,0,1,0,0
93.59999999999999,0.4179999999894971,0.05,0.005,0,0,73.59999999789942,1,0,0,0,93.59999999999999,1,0,0,1,0,0,0,0,20.00000000210057,2,1,0,0,0,0,0,0,1,0,0,1,0.4179999999894971,0.05,0,0.4179999999894971,0.05,1,0,0,0,0,0,0.4179999999894971,0.05,1,0,0,0,0,0,0,0,0,1,0,0,1,0,0
94.5,0.4224999999894971,0.05,0.005,0,0,74.49999999789942,1,0,0,0,94.5,1,0,0,1,0,0,0,0,20.00000000210057,2,1,0,0,0,0,0,0,1,0,0,1,0.4224999999894971,0.05,0,0.4224999999894971,0.05,1,0,0,0,0,0,0.4224999999894971,0.05,1,0,0,0,0,0,0,0,0,1,0,0,1,0,0
95.40000000000001,0.4269999999894971,0.05,0.005,0,0,75.39999999789943,1,0,0,0,95.40000000000001,1,0,0,1,0,0,0,0,20.00000000210057,2,1,0,0,0,0,0,0,1,0,0,1,0.4269999999894971,0.05,0,0.4269999999894971,0.05,1,0,0,0,0,0,0.4269999999894971,0.05,1,0,0,0,0,0,0,0,0,1,0,0,1,0,0
96.3,0.4314999999894971,0.05,0.005,0,0,76.29999999789942,1,0,0,0,96.3,1,0,0,1,0,0,0,0,20.00000000210057,2,1,0,0,0,0,0,0,1,0,0,1,0.4314999999894971,0.05,0,0.4314999999894971,0.05,1,0,0,0,0,0,0.4314999999894971,0.05,1,0,0,0,0,0,0,0,0,1,0,0,1,0,0
97.2,0.4359999999894971,0.05,0.005,0,0,77.19999999789943,1,0,0,0,97.2,1,0,0,1,0,0,0,0,20.00000000210057,2,1,0,0,0,0,0,0,1,0,0,1,0.4359999999894971,0.05,0,0.4359999999894971,0.05,1,0,0,0,0,0,0.4359999999894971,0.05,1,0,0,0,0,0,0,0,0,1,0,0,1,0,0
98.09999999999999,0.440499999989497,0.05,0.005,0,0,78.09999999789942,1,0,0,0,98.09999999999999,1,0,0,1,0,0,0,0,20.00000000210057,2,1,0,0,0,0,0,0,1,0,0,1,0.440499999989497,0.05,0,0.440499999989497,0.05,1,0,0,0,0,0,0.440499999989497,0.05,1,0,0,0,0,0,0,0,0,1,0,0,1,0,0
99,0.4449999999894971,0.05,0.005,0,0,78.99999999789942,1,0,0,0,99,1,0,0,1,0,0,0,0,20.00000000210057,2,1,0,0,0,0,0,0,1,0,0,1,0.4449999999894971,0.05,0,0.4449999999894971,0.05,1,0,0,0,0,0,0.4449999999894971,0.05,1,0,0,0,0,0,0,0,0,1,0,0,1,0,0
99.90000000000001,0.4494999999894971,0.05,0.005,0,0,79.89999999789943,1,0,0,0,99.90000000000001,1,0,0,1,0,0,0,0,20.00000000210057,2,1,0,0,0,0,0,0,1,0,0,1,0.4494999999894971,0.05,0,0.4494999999894971,0.05,1,0,0,0,0,0,0.4494999999894971,0.05,1,0,0,0,0,0,0,0,0,1,0,0,1,0,0
100.8,0.453999999989497,0.05,0.005,0,0,80.79999999789942,1,0,0,0,100.8,1,0,0,1,0,0,0,0,20.00000000210057,2,1,0,0,0,0,0,0,1,0,0,1,0.453999999989497,0.05,0,0.453999999989497,0.05,1,0,0,0,0,0,0.453999999989497,0.05,1,0,0,0,0,0,0,0,0,1,0,0,1,0,0
101.7,0.458499999989497,0.05,0.005,0,0,81.69999999789943,1,0,0,0,101.7,1,0,0,1,0,0,0,0,20.00000000210057,2,1,0,0,0,0,0,0,1,0,0,1,0.458499999989497,0.05,0,0.458499999989497,0.05,1,0,0,0,0,0,0.458499999989497,0.05,1,0,0,0,0,0,0,0,0,1,0,0,1,0,0
102.6,0.462999999989497,0.05,0.005,0,0,82.59999999789942,1,0,0,0,102.6,1,0,0,1,0,0,0,0,20.00000000210057,2,1,0,0,0,0,0,0,1,0,0,1,0.462999999989497,0.05,0,0.462999999989497,0.05,1,0,0,0,0,0,0.462999999989497,0.05,1,0,0,0,0,0,0,0,0,1,0,0,1,0,0
103.5,0.467499999989497,0.05,0.005,0,0,83.49999999789942,1,0,0,0,103.5,1,0,0,1,0,0,0,0,20.00000000210057,2,1,0,0,0,0,0,0,1,0,0,1,0.467499999989497,0.05,0,0.467499999989497,0.05,1,0,0,0,0,0,0.467499999989497,0.05,1,0,0,0,0,0,0,0,0,1,0,0,1,0,0
104.4,0.471999999989497,0.05,0.005,0,0,84.39999999789943,1,0,0,0,104.4,1,0,0,1,0,0,0,0,20.00000000210057,2,1,0,0,0,0,0,0,1,0,0,1,0.471999999989497,0.05,0,0.471999999989497,0.05,1,0,0,0,0,0,0.471999999989497,0.05,1,0,0,0,0,0,0,0,0,1,0,0,1,0,0
105.3,0.476499999989497,0.05,0.005,0,0,85.29999999789942,1,0,0,0,105.3,1,0,0,1,0,0,0,0,20.00000000210057,2,1,0,0,0,0,0,0,1,0,0,1,0.476499999989497,0.05,0,0.476499999989497,0.05,1,0,0,0,0,0,0.476499999989497,0.05,1,0,0,0,0,0,0,0,0,1,0,0,1,0,0
106.2,0.4809999999894971,0.05,0.005,0,0,86.19999999789943,1,0,0,0,106.2,1,0,0,1,0,0,0,0,20.00000000210057,2,1,0,0,0,0,0,0,1,0,0,1,0.4809999999894971,0.05,0,0.4809999999894971,0.05,1,0,0,0,0,0,0.4809999999894971,0.05,1,0,0,0,0,0,0,0,0,1,0,0,1,0,0
107.1,0.4854999999894971,0.05,0.005,0,0,87.09999999789942,1,0,0,0,107.1,1,0,0,1,0,0,0,0,20.00000000210057,2,1,0,0,0,0,0,0,1,0,0,1,0.4854999999894971,0.05,0,0.4854999999894971,0.05,1,0,0,0,0,0,0.4854999999894971,0.05,1,0,0,0,0,0,0,0,0,1,0,0,1,0,0
108,0.4899999999894971,0.05,0.005,0,0,87.99999999789942,1,0,0,0,108,1,0,0,1,0,0,0,0,20.00000000210057,2,1,0,0,0,0,0,0,1,0,0,1,0.4899999999894971,0.05,0,0.4899999999894971,0.05,1,0,0,0,0,0,0.4899999999894971,0.05,1,0,0,0,0,0,0,0,0,1,0,0,1,0,0
108.9,0.4944999999894971,0.05,0.005,0,0,88.89999999789943,1,0,0,0,108.9,1,0,0,1,0,0,0,0,20.00000000210057,2,1,0,0,0,0,0,0,1,0,0,1,0.4944999999894971,0.05,0,0.4944999999894971,0.05,1,0,0,0,0,0,0.4944999999894971,0.05,1,0,0,0,0,0,0,0,0,1,0,0,1,0,0
109.8,0.4989999999894971,0.05,0.005,0,0,89.79999999789942,1,0,0,0,109.8,1,0,0,1,0,0,0,0,20.00000000210057,2,1,0,0,0,0,0,0,1,0,0,1,0.4989999999894971,0.05,0,0.4989999999894971,0.05,1,0,0,0,0,0,0.4989999999894971,0.05,1,0,0,0,0,0,0,0,0,1,0,0,1,0,0
110.7,0.5034999999894971,0.05,0.005,0,0,90.69999999789943,1,0,0,0,110.7,1,0,0,1,0,0,0,0,20.00000000210057,2,1,0,0,0,0,0,0,1,0,0,1,0.5034999999894971,0.05,0,0.5034999999894971,0.05,1,0,0,0,0,0,0.5034999999894971,0.05,1,0,0,0,0,0,0,0,0,1,0,0,1,0,0
111.6,0.5079999999894971,0.05,0.005,0,0,91.59999999789942,1,0,0,0,111.6,1,0,0,1,0,0,0,0,20.00000000210057,2,1,0,0,0,0,0,0,1,0,0,1,0.5079999999894971,0.05,0,0.5079999999894971,0.05,1,0,0,0,0,0,0.5079999999894971,0.05,1,0,0,0,0,0,0,0,0,1,0,0,1,0,0
112.5,0.512499999989497,0.05,0.005,0,0,92.49999999789942,1,0,0,0,112.5,1,0,0,1,0,0,0,0,20.00000000210057,2,1,0,0,0,0,0,0,1,0,0,1,0.512499999989497,0.05,0,0.512499999989497,0.05,1,0,0,0,0,0,0.512499999989497,0.05,1,0,0,0,0,0,0,0,0,1,0,0,1,0,0
113.4,0.5169999999894971,0.05,0.005,0,0,93.39999999789943,1,0,0,0,113.4,1,0,0,1,0,0,0,0,20.00000000210057,2,1,0,0,0,0,0,0,1,0,0,1,0.5169999999894971,0.05,0,0.5169999999894971,0.05,1,0,0,0,0,0,0.5169999999894971,0.05,1,0,0,0,0,0,0,0,0,1,0,0,1,0,0
114.3,0.521499999989497,0.05,0.005,0,0,94.29999999789942,1,0,0,0,114.3,1,0,0,1,0,0,0,0,20.00000000210057,2,1,0,0,0,0,0,0,1,0,0,1,0.521499999989497,0.05,0,0.521499999989497,0.05,1,0,0,0,0,0,0.521499999989497,0.05,1,0,0,0,0,0,0,0,0,1,0,0,1,0,0
115.2,0.5259999999894971,0.05,0.005,0,0,95.19999999789943,1,0,0,0,115.2,1,0,0,1,0,0,0,0,20.00000000210057,2,1,0,0,0,0,0,0,1,0,0,1,0.5259999999894971,0.05,0,0.5259999999894971,0.05,1,0,0,0,0,0,0.5259999999894971,0.05,1,0,0,0,0,0,0,0,0,1,0,0,1,0,0
116.1,0.530499999989497,0.05,0.005,0,0,96.09999999789942,1,0,0,0,116.1,1,0,0,1,0,0,0,0,20.00000000210057,2,1,0,0,0,0,0,0,1,0,0,1,0.530499999989497,0.05,0,0.530499999989497,0.05,1,0,0,0,0,0,0.530499999989497,0.05,1,0,0,0,0,0,0,0,0,1,0,0,1,0,0
117,0.534999999989497,0.05,0.005,0,0,96.99999999789942,1,0,0,0,117,1,0,0,1,0,0,0,0,20.00000000210057,2,1,0,0,0,0,0,0,1,0,0,1,0.534999999989497,0.05,0,0.534999999989497,0.05,1,0,0,0,0,0,0.534999999989497,0.05,1,0,0,0,0,0,0,0,0,1,0,0,1,0,0
117.9,0.5394999999894972,0.05,0.005,0,0,97.89999999789943,1,0,0,0,117.9,1,0,0,1,0,0,0,0,20.00000000210057,2,1,0,0,0,0,0,0,1,0,0,1,0.5394999999894972,0.05,0,0.5394999999894972,0.05,1,0,0,0,0,0,0.5394999999894972,0.05,1,0,0,0,0,0,0,0,0,1,0,0,1,0,0
118.8,0.5439999999894971,0.05,0.005,0,0,98.79999999789942,1,0,0,0,118.8,1,0,0,1,0,0,0,0,20.00000000210057,2,1,0,0,0,0,0,0,1,0,0,1,0.5439999999894971,0.05,0,0.5439999999894971,0.05,1,0,0,0,0,0,0.5439999999894971,0.05,1,0,0,0,0,0,0,0,0,1,0,0,1,0,0
119.7,0.5484999999894971,0.05,0.005,0,0,99.69999999789943,1,0,0,0,119.7,1,0,0,1,0,0,0,0,20.00000000210057,2,1,0,0,0,0,0,0,1,0,0,1,0.5484999999894971,0.05,0,0.5484999999894971,0.05,1,0,0,0,0,0,0.5484999999894971,0.05,1,0,0,0,0,0,0,0,0,1,0,0,1,0,0
120.6,0.552999999989497,0.05,0.005,0,0,100.5999999978994,1,0,0,0,120.6,1,0,0,1,0,0,0,0,20.00000000210057,2,1,0,0,0,0,0,0,1,0,0,1,0.552999999989497,0.05,0,0.552999999989497,0.05,1,0,0,0,0,0,0.552999999989497,0.05,1,0,0,0,0,0,0,0,0,1,0,0,1,0,0
121.5,0.557499999989497,0.05,0.005,0,0,101.4999999978994,1,0,0,0,121.5,1,0,0,1,0,0,0,0,20.00000000210057,2,1,0,0,0,0,0,0,1,0,0,1,0.557499999989497,0.05,0,0.557499999989497,0.05,1,0,0,0,0,0,0.557499999989497,0.05,1,0,0,0,0,0,0,0,0,1,0,0,1,0,0
122.4,0.5619999999894971,0.05,0.005,0,0,102.3999999978994,1,0,0,0,122.4,1,0,0,1,0,0,0,0,20.00000000210057,2,1,0,0,0,0,0,0,1,0,0,1,0.5619999999894971,0.05,0,0.5619999999894971,0.05,1,0,0,0,0,0,0.5619999999894971,0.05,1,0,0,0,0,0,0,0,0,1,0,0,1,0,0
123.3,0.5664999999894971,0.05,0.005,0,0,103.2999999978994,1,0,0,0,123.3,1,0,0,1,0,0,0,0,20.00000000210057,2,1,0,0,0,0,0,0,1,0,0,1,0.5664999999894971,0.05,0,0.5664999999894971,0.05,1,0,0,0,0,0,0.5664999999894971,0.05,1,0,0,0,0,0,0,0,0,1,0,0,1,0,0
124.2,0.570999999989497,0.05,0.005,0,0,104.1999999978994,1,0,0,0,124.2,1,0,0,1,0,0,0,0,20.00000000210057,2,1,0,0,0,0,0,0,1,0,0,1,0.570999999989497,0.05,0,0.570999999989497,0.05,1,0,0,0,0,0,0.570999999989497,0.05,1,0,0,0,0,0,0,0,0,1,0,0,1,0,0
125.1,0.575499999989497,0.05,0.005,0,0,105.0999999978994,1,0,0,0,125.1,1,0,0,1,0,0,0,0,20.00000000210057,2,1,0,0,0,0,0,0,1,0,0,1,0.575499999989497,0.05,0,0.575499999989497,0.05,1,0,0,0,0,0,0.575499999989497,0.05,1,0,0,0,0,0,0,0,0,1,0,0,1,0,0
126,0.5799999999894971,0.05,0.005,0,0,105.9999999978994,1,0,0,0,126,1,0,0,1,0,0,0,0,20.00000000210057,2,1,0,0,0,0,0,0,1,0,0,1,0.5799999999894971,0.05,0,0.5799999999894971,0.05,1,0,0,0,0,0,0.5799999999894971,0.05,1,0,0,0,0,0,0,0,0,1,0,0,1,0,0
126.9,0.5844999999894971,0.05,0.005,0,0,106.8999999978994,1,0,0,0,126.9,1,0,0,1,0,0,0,0,20.00000000210057,2,1,0,0,0,0,0,0,1,0,0,1,0.5844999999894971,0.05,0,0.5844999999894971,0.05,1,0,0,0,0,0,0.5844999999894971,0.05,1,0,0,0,0,0,0,0,0,1,0,0,1,0,0
127.8,0.588999999989497,0.05,0.005,0,0,107.7999999978994,1,0,0,0,127.8,1,0,0,1,0,0,0,0,20.00000000210057,2,1,0,0,0,0,0,0,1,0,0,1,0.588999999989497,0.05,0,0.588999999989497,0.05,1,0,0,0,0,0,0.588999999989497,0.05,1,0,0,0,0,0,0,0,0,1,0,0,1,0,0
128.7,0.593499999989497,0.05,0.005,0,0,108.6999999978994,1,0,0,0,128.7,1,0,0,1,0,0,0,0,20.00000000210057,2,1,0,0,0,0,0,0,1,0,0,1,0.593499999989497,0.05,0,0.593499999989497,0.05,1,0,0,0,0,0,0.593499999989497,0.05,1,0,0,0,0,0,0,0,0,1,0,0,1,0,0
129.6,0.597999999989497,0.05,0.005,0,0,109.5999999978994,1,0,0,0,129.6,1,0,0,1,0,0,0,0,20.00000000210057,2,1,0,0,0,0,0,0,1,0,0,1,0.597999999989497,0.05,0,0.597999999989497,0.05,1,0,0,0,0,0,0.597999999989497,0.05,1,0,0,0,0,0,0,0,0,1,0,0,1,0,0
130.5,0.6024999999894971,0.05,0.005,0,0,110.4999999978994,1,0,0,0,130.5,1,0,0,1,0,0,0,0,20.00000000210057,2,1,0,0,0,0,0,0,1,0,0,1,0.6024999999894971,0.05,0,0.6024999999894971,0.05,1,0,0,0,0,0,0.6024999999894971,0.05,1,0,0,0,0,0,0,0,0,1,0,0,1,0,0
131.4,0.6069999999894971,0.05,0.005,0,0,111.3999999978994,1,0,0,0,131.4,1,0,0,1,0,0,0,0,20.00000000210057,2,1,0,0,0,0,0,0,1,0,0,1,0.6069999999894971,0.05,0,0.6069999999894971,0.05,1,0,0,0,0,0,0.6069999999894971,0.05,1,0,0,0,0,0,0,0,0,1,0,0,1,0,0
132.3,0.6114999999894971,0.05,0.005,0,0,112.2999999978994,1,0,0,0,132.3,1,0,0,1,0,0,0,0,20.00000000210057,2,1,0,0,0,0,0,0,1,0,0,1,0.6114999999894971,0.05,0,0.6114999999894971,0.05,1,0,0,0,0,0,0.6114999999894971,0.05,1,0,0,0,0,0,0,0,0,1,0,0,1,0,0
133.2,0.6159999999894969,0.05,0.005,0,0,113.1999999978994,1,0,0,0,133.2,1,0,0,1,0,0,0,0,20.00000000210057,2,1,0,0,0,0,0,0,1,0,0,1,0.6159999999894969,0.05,0,0.6159999999894969,0.05,1,0,0,0,0,0,0.6159999999894969,0.05,1,0,0,0,0,0,0,0,0,1,0,0,1,0,0
134.1,0.620499999989497,0.05,0.005,0,0,114.0999999978994,1,0,0,0,134.1,1,0,0,1,0,0,0,0,20.00000000210057,2,1,0,0,0,0,0,0,1,0,0,1,0.620499999989497,0.05,0,0.620499999989497,0.05,1,0,0,0,0,0,0.620499999989497,0.05,1,0,0,0,0,0,0,0,0,1,0,0,1,0,0
135,0.6249999999894971,0.05,0.005,0,0,114.9999999978994,1,0,0,0,135,1,0,0,1,0,0,0,0,20.00000000210057,2,1,0,0,0,0,0,0,1,0,0,1,0.6249999999894971,0.05,0,0.6249999999894971,0.05,1,0,0,0,0,0,0.6249999999894971,0.05,1,0,0,0,0,0,0,0,0,1,0,0,1,0,0
135.9,0.629499999989497,0.05,0.005,0,0,115.8999999978994,1,0,0,0,135.9,1,0,0,1,0,0,0,0,20.00000000210057,2,1,0,0,0,0,0,0,1,0,0,1,0.629499999989497,0.05,0,0.629499999989497,0.05,1,0,0,0,0,0,0.629499999989497,0.05,1,0,0,0,0,0,0,0,0,1,0,0,1,0,0
136.8,0.6339999999894972,0.05,0.005,0,0,116.7999999978994,1,0,0,0,136.8,1,0,0,1,0,0,0,0,20.00000000210057,2,1,0,0,0,0,0,0,1,0,0,1,0.6339999999894972,0.05,0,0.6339999999894972,0.05,1,0,0,0,0,0,0.6339999999894972,0.05,1,0,0,0,0,0,0,0,0,1,0,0,1,0,0
137.7,0.638499999989497,0.05,0.005,0,0,117.6999999978994,1,0,0,0,137.7,1,0,0,1,0,0,0,0,20.00000000210057,2,1,0,0,0,0,0,0,1,0,0,1,0.638499999989497,0.05,0,0.638499999989497,0.05,1,0,0,0,0,0,0.638499999989497,0.05,1,0,0,0,0,0,0,0,0,1,0,0,1,0,0
138.6,0.6429999999894971,0.05,0.005,0,0,118.5999999978994,1,0,0,0,138.6,1,0,0,1,0,0,0,0,20.00000000210057,2,1,0,0,0,0,0,0,1,0,0,1,0.6429999999894971,0.05,0,0.6429999999894971,0.05,1,0,0,0,0,0,0.6429999999894971,0.05,1,0,0,0,0,0,0,0,0,1,0,0,1,0,0
139.5,0.647499999989497,0.05,0.005,0,0,119.4999999978994,1,0,0,0,139.5,1,0,0,1,0,0,0,0,20.00000000210057,2,1,0,0,0,0,0,0,1,0,0,1,0.647499999989497,0.05,0,0.647499999989497,0.05,1,0,0,0,0,0,0.647499999989497,0.05,1,0,0,0,0,0,0,0,0,1,0,0,1,0,0
140.4,0.6519999999894971,0.05,0.005,0,0,120.3999999978994,1,0,0,0,140.4,1,0,0,1,0,0,0,0,20.00000000210057,2,1,0,0,0,0,0,0,1,0,0,1,0.6519999999894971,0.05,0,0.6519999999894971,0.05,1,0,0,0,0,0,0.6519999999894971,0.05,1,0,0,0,0,0,0,0,0,1,0,0,1,0,0
141.3,0.6564999999894972,0.05,0.005,0,0,121.2999999978994,1,0,0,0,141.3,1,0,0,1,0,0,0,0,20.00000000210057,2,1,0,0,0,0,0,0,1,0,0,1,0.6564999999894972,0.05,0,0.6564999999894972,0.05,1,0,0,0,0,0,0.6564999999894972,0.05,1,0,0,0,0,0,0,0,0,1,0,0,1,0,0
142.2,0.660999999989497,0.05,0.005,0,0,122.1999999978994,1,0,0,0,142.2,1,0,0,1,0,0,0,0,20.00000000210057,2,1,0,0,0,0,0,0,1,0,0,1,0.660999999989497,0.05,0,0.660999999989497,0.05,1,0,0,0,0,0,0.660999999989497,0.05,1,0,0,0,0,0,0,0,0,1,0,0,1,0,0
143.1,0.665499999989497,0.05,0.005,0,0,123.0999999978994,1,0,0,0,143.1,1,0,0,1,0,0,0,0,20.00000000210057,2,1,0,0,0,0,0,0,1,0,0,1,0.665499999989497,0.05,0,0.665499999989497,0.05,1,0,0,0,0,0,0.665499999989497,0.05,1,0,0,0,0,0,0,0,0,1,0,0,1,0,0
144,0.669999999989497,0.05,0.005,0,0,123.9999999978994,1,0,0,0,144,1,0,0,1,0,0,0,0,20.00000000210057,2,1,0,0,0,0,0,0,1,0,0,1,0.669999999989497,0.05,0,0.669999999989497,0.05,1,0,0,0,0,0,0.669999999989497,0.05,1,0,0,0,0,0,0,0,0,1,0,0,1,0,0
144.9,0.6744999999894971,0.05,0.005,0,0,124.8999999978994,1,0,0,0,144.9,1,0,0,1,0,0,0,0,20.00000000210057,2,1,0,0,0,0,0,0,1,0,0,1,0.6744999999894971,0.05,0,0.6744999999894971,0.05,1,0,0,0,0,0,0.6744999999894971,0.05,1,0,0,0,0,0,0,0,0,1,0,0,1,0,0
145.8,0.6789999999894971,0.05,0.005,0,0,125.7999999978994,1,0,0,0,145.8,1,0,0,1,0,0,0,0,20.00000000210057,2,1,0,0,0,0,0,0,1,0,0,1,0.6789999999894971,0.05,0,0.6789999999894971,0.05,1,0,0,0,0,0,0.6789999999894971,0.05,1,0,0,0,0,0,0,0,0,1,0,0,1,0,0
146.7,0.683499999989497,0.05,0.005,0,0,126.6999999978994,1,0,0,0,146.7,1,0,0,1,0,0,0,0,20.00000000210057,2,1,0,0,0,0,0,0,1,0,0,1,0.683499999989497,0.05,0,0.683499999989497,0.05,1,0,0,0,0,0,0.683499999989497,0.05,1,0,0,0,0,0,0,0,0,1,0,0,1,0,0
147.6,0.687999999989497,0.05,0.005,0,0,127.5999999978994,1,0,0,0,147.6,1,0,0,1,0,0,0,0,20.00000000210057,2,1,0,0,0,0,0,0,1,0,0,1,0.687999999989497,0.05,0,0.687999999989497,0.05,1,0,0,0,0,0,0.687999999989497,0.05,1,0,0,0,0,0,0,0,0,1,0,0,1,0,0
148.5,0.6924999999894971,0.05,0.005,0,0,128.4999999978994,1,0,0,0,148.5,1,0,0,1,0,0,0,0,20.00000000210057,2,1,0,0,0,0,0,0,1,0,0,1,0.6924999999894971,0.05,0,0.6924999999894971,0.05,1,0,0,0,0,0,0.6924999999894971,0.05,1,0,0,0,0,0,0,0,0,1,0,0,1,0,0
149.4,0.6969999999894971,0.05,0.005,0,0,129.3999999978994,1,0,0,0,149.4,1,0,0,1,0,0,0,0,20.00000000210057,2,1,0,0,0,0,0,0,1,0,0,1,0.6969999999894971,0.05,0,0.6969999999894971,0.05,1,0,0,0,0,0,0.6969999999894971,0.05,1,0,0,0,0,0,0,0,0,1,0,0,1,0,0
150.3,0.7014999999894971,0.05,0.005,0,0,130.2999999978994,1,0,0,0,150.3,1,0,0,1,0,0,0,0,20.00000000210057,2,1,0,0,0,0,0,0,1,0,0,1,0.7014999999894971,0.05,0,0.7014999999894971,0.05,1,0,0,0,0,0,0.7014999999894971,0.05,1,0,0,0,0,0,0,0,0,1,0,0,1,0,0
151.2,0.705999999989497,0.05,0.005,0,0,131.1999999978994,1,0,0,0,151.2,1,0,0,1,0,0,0,0,20.00000000210057,2,1,0,0,0,0,0,0,1,0,0,1,0.705999999989497,0.05,0,0.705999999989497,0.05,1,0,0,0,0,0,0.705999999989497,0.05,1,0,0,0,0,0,0,0,0,1,0,0,1,0,0
152.1,0.710499999989497,0.05,0.005,0,0,132.0999999978994,1,0,0,0,152.1,1,0,0,1,0,0,0,0,20.00000000210057,2,1,0,0,0,0,0,0,1,0,0,1,0.710499999989497,0.05,0,0.710499999989497,0.05,1,0,0,0,0,0,0.710499999989497,0.05,1,0,0,0,0,0,0,0,0,1,0,0,1,0,0
153,0.714999999989497,0.05,0.005,0,0,132.9999999978994,1,0,0,0,153,1,0,0,1,0,0,0,0,20.00000000210057,2,1,0,0,0,0,0,0,1,0,0,1,0.714999999989497,0.05,0,0.714999999989497,0.05,1,0,0,0,0,0,0.714999999989497,0.05,1,0,0,0,0,0,0,0,0,1,0,0,1,0,0
153.9,0.7194999999894971,0.05,0.005,0,0,133.8999999978994,1,0,0,0,153.9,1,0,0,1,0,0,0,0,20.00000000210057,2,1,0,0,0,0,0,0,1,0,0,1,0.7194999999894971,0.05,0,0.7194999999894971,0.05,1,0,0,0,0,0,0.7194999999894971,0.05,1,0,0,0,0,0,0,0,0,1,0,0,1,0,0
154.8,0.7239999999894972,0.05,0.005,0,0,134.7999999978994,1,0,0,0,154.8,1,0,0,1,0,0,0,0,20.00000000210057,2,1,0,0,0,0,0,0,1,0,0,1,0.7239999999894972,0.05,0,0.7239999999894972,0.05,1,0,0,0,0,0,0.7239999999894972,0.05,1,0,0,0,0,0,0,0,0,1,0,0,1,0,0
155.7,0.728499999989497,0.05,0.005,0,0,135.6999999978994,1,0,0,0,155.7,1,0,0,1,0,0,0,0,20.00000000210057,2,1,0,0,0,0,0,0,1,0,0,1,0.728499999989497,0.05,0,0.728499999989497,0.05,1,0,0,0,0,0,0.728499999989497,0.05,1,0,0,0,0,0,0,0,0,1,0,0,1,0,0
156.6,0.7329999999894971,0.05,0.005,0,0,136.5999999978994,1,0,0,0,156.6,1,0,0,1,0,0,0,0,20.00000000210057,2,1,0,0,0,0,0,0,1,0,0,1,0.7329999999894971,0.05,0,0.7329999999894971,0.05,1,0,0,0,0,0,0.7329999999894971,0.05,1,0,0,0,0,0,0,0,0,1,0,0,1,0,0
157.5,0.737499999989497,0.05,0.005,0,0,137.4999999978994,1,0,0,0,157.5,1,0,0,1,0,0,0,0,20.00000000210057,2,1,0,0,0,0,0,0,1,0,0,1,0.737499999989497,0.05,0,0.737499999989497,0.05,1,0,0,0,0,0,0.737499999989497,0.05,1,0,0,0,0,0,0,0,0,1,0,0,1,0,0
158.4,0.7419999999894971,0.05,0.005,0,0,138.3999999978994,1,0,0,0,158.4,1,0,0,1,0,0,0,0,20.00000000210057,2,1,0,0,0,0,0,0,1,0,0,1,0.7419999999894971,0.05,0,0.7419999999894971,0.05,1,0,0,0,0,0,0.7419999999894971,0.05,1,0,0,0,0,0,0,0,0,1,0,0,1,0,0
159.3,0.7464999999894971,0.05,0.005,0,0,139.2999999978994,1,0,0,0,159.3,1,0,0,1,0,0,0,0,20.00000000210057,2,1,0,0,0,0,0,0,1,0,0,1,0.7464999999894971,0.05,0,0.7464999999894971,0.05,1,0,0,0,0,0,0.7464999999894971,0.05,1,0,0,0,0,0,0,0,0,1,0,0,1,0,0
160.2,0.750999999989497,0.05,0.005,0,0,140.1999999978994,1,0,0,0,160.2,1,0,0,1,0,0,0,0,20.00000000210057,2,1,0,0,0,0,0,0,1,0,0,1,0.750999999989497,0.05,0,0.750999999989497,0.05,1,0,0,0,0,0,0.750999999989497,0.05,1,0,0,0,0,0,0,0,0,1,0,0,1,0,0
161.1,0.755499999989497,0.05,0.005,0,0,141.0999999978994,1,0,0,0,161.1,1,0,0,1,0,0,0,0,20.00000000210057,2,1,0,0,0,0,0,0,1,0,0,1,0.755499999989497,0.05,0,0.755499999989497,0.05,1,0,0,0,0,0,0.755499999989497,0.05,1,0,0,0,0,0,0,0,0,1,0,0,1,0,0
162,0.7599999999894971,0.05,0.005,0,0,141.9999999978994,1,0,0,0,162,1,0,0,1,0,0,0,0,20.00000000210057,2,1,0,0,0,0,0,0,1,0,0,1,0.7599999999894971,0.05,0,0.7599999999894971,0.05,1,0,0,0,0,0,0.7599999999894971,0.05,1,0,0,0,0,0,0,0,0,1,0,0,1,0,0
162.9,0.764499999989497,0.05,0.005,0,0,142.8999999978994,1,0,0,0,162.9,1,0,0,1,0,0,0,0,20.00000000210057,2,1,0,0,0,0,0,0,1,0,0,1,0.764499999989497,0.05,0,0.764499999989497,0.05,1,0,0,0,0,0,0.764499999989497,0.05,1,0,0,0,0,0,0,0,0,1,0,0,1,0,0
163.8,0.7689999999894971,0.05,0.005,0,0,143.7999999978994,1,0,0,0,163.8,1,0,0,1,0,0,0,0,20.00000000210057,2,1,0,0,0,0,0,0,1,0,0,1,0.7689999999894971,0.05,0,0.7689999999894971,0.05,1,0,0,0,0,0,0.7689999999894971,0.05,1,0,0,0,0,0,0,0,0,1,0,0,1,0,0
164.7,0.773499999989497,0.05,0.005,0,0,144.6999999978994,1,0,0,0,164.7,1,0,0,1,0,0,0,0,20.00000000210057,2,1,0,0,0,0,0,0,1,0,0,1,0.773499999989497,0.05,0,0.773499999989497,0.05,1,0,0,0,0,0,0.773499999989497,0.05,1,0,0,0,0,0,0,0,0,1,0,0,1,0,0
165.6,0.777999999989497,0.05,0.005,0,0,145.5999999978994,1,0,0,0,165.6,1,0,0,1,0,0,0,0,20.00000000210057,2,1,0,0,0,0,0,0,1,0,0,1,0.777999999989497,0.05,0,0.777999999989497,0.05,1,0,0,0,0,0,0.777999999989497,0.05,1,0,0,0,0,0,0,0,0,1,0,0,1,0,0
166.5,0.782499999989497,0.05,0.005,0,0,146.4999999978994,1,0,0,0,166.5,1,0,0,1,0,0,0,0,20.00000000210057,2,1,0,0,0,0,0,0,1,0,0,1,0.782499999989497,0.05,0,0.782499999989497,0.05,1,0,0,0,0,0,0.782499999989497,0.05,1,0,0,0,0,0,0,0,0,1,0,0,1,0,0
167.4,0.7869999999894971,0.05,0.005,0,0,147.3999999978994,1,0,0,0,167.4,1,0,0,1,0,0,0,0,20.00000000210057,2,1,0,0,0,0,0,0,1,0,0,1,0.7869999999894971,0.05,0,0.7869999999894971,0.05,1,0,0,0,0,0,0.7869999999894971,0.05,1,0,0,0,0,0,0,0,0,1,0,0,1,0,0
168.3,0.7914999999894972,0.05,0.005,0,0,148.2999999978994,1,0,0,0,168.3,1,0,0,1,0,0,0,0,20.00000000210057,2,1,0,0,0,0,0,0,1,0,0,1,0.7914999999894972,0.05,0,0.7914999999894972,0.05,1,0,0,0,0,0,0.7914999999894972,0.05,1,0,0,0,0,0,0,0,0,1,0,0,1,0,0
169.2,0.795999999989497,0.05,0.005,0,0,149.1999999978994,1,0,0,0,169.2,1,0,0,1,0,0,0,0,20.00000000210057,2,1,0,0,0,0,0,0,1,0,0,1,0.795999999989497,0.05,0,0.795999999989497,0.05,1,0,0,0,0,0,0.795999999989497,0.05,1,0,0,0,0,0,0,0,0,1,0,0,1,0,0
170.0000000381042,0.800000000180018,0.05,0.005,0,0,150.0000000360036,1,0,0,0,170.0000000381042,1,0,0,1,0,0,0,0,20.00000000210057,2,1,0,0,0,0,0,0,1,0,0,1,0.800000000180018,0.05,0,0.800000000180018,0.05,1,0,0,0,0,0,0.800000000180018,0.05,1,0,0,0,0,0,0,0,0,1,0,0,1,0,0
170.0000000381042,0.800000000180018,0.05,0,0,10,0,2,0,0,0,170.0000000381042,0,0,0,0,0,0,10,10,170.0000000381042,3,1,0,0,0,0,0,0,0,0,0,2,0.800000000180018,0.05,10,0.800000000180018,0.05,0,0,0,0,0,0,0.800000000180018,0.05,0,0,0,0,0,0,0,0,0,0,0,0,0,0,0
170.1,0.800000000180018,0.05,0,0,10,0.09999996189580429,2,0,0,0,170.1,0,0,0,0,0,0,9.900000038104196,10,170.0000000381042,3,1,0,0,0,0,0,0,0,0,0,2,0.800000000180018,0.05,9.900000038104196,0.800000000180018,0.05,0,0,0,0,0,0,0.800000000180018,0.05,0,0,0,0,0,0,0,0,0,0,0,0,0,0,0
171,0.800000000180018,0.05,0,0,10,0.99999996189581,2,0,0,0,171,0,0,0,0,0,0,9.00000003810419,10,170.0000000381042,3,1,0,0,0,0,0,0,0,0,0,2,0.800000000180018,0.05,9.00000003810419,0.800000000180018,0.05,0,0,0,0,0,0,0.800000000180018,0.05,0,0,0,0,0,0,0,0,0,0,0,0,0,0,0
171.9,0.800000000180018,0.05,0,0,10,1.899999961895816,2,0,0,0,171.9,0,0,0,0,0,0,8.100000038104184,10,170.0000000381042,3,1,0,0,0,0,0,0,0,0,0,2,0.800000000180018,0.05,8.100000038104184,0.800000000180018,0.05,0,0,0,0,0,0,0.800000000180018,0.05,0,0,0,0,0,0,0,0,0,0,0,0,0,0,0
172.8,0.800000000180018,0.05,0,0,10,2.799999961895821,2,0,0,0,172.8,0,0,0,0,0,0,7.200000038104179,10,170.0000000381042,3,1,0,0,0,0,0,0,0,0,0,2,0.800000000180018,0.05,7.200000038104179,0.800000000180018,0.05,0,0,0,0,0,0,0.800000000180018,0.05,0,0,0,0,0,0,0,0,0,0,0,0,0,0,0
173.7,0.800000000180018,0.05,0,0,10,3.699999961895799,2,0,0,0,173.7,0,0,0,0,0,0,6.300000038104201,10,170.0000000381042,3,1,0,0,0,0,0,0,0,0,0,2,0.800000000180018,0.05,6.300000038104201,0.800000000180018,0.05,0,0,0,0,0,0,0.800000000180018,0.05,0,0,0,0,0,0,0,0,0,0,0,0,0,0,0
174.6,0.800000000180018,0.05,0,0,10,4.599999961895804,2,0,0,0,174.6,0,0,0,0,0,0,5.400000038104196,10,170.0000000381042,3,1,0,0,0,0,0,0,0,0,0,2,0.800000000180018,0.05,5.400000038104196,0.800000000180018,0.05,0,0,0,0,0,0,0.800000000180018,0.05,0,0,0,0,0,0,0,0,0,0,0,0,0,0,0
175.5,0.800000000180018,0.05,0,0,10,5.49999996189581,2,0,0,0,175.5,0,0,0,0,0,0,4.50000003810419,10,170.0000000381042,3,1,0,0,0,0,0,0,0,0,0,2,0.800000000180018,0.05,4.50000003810419,0.800000000180018,0.05,0,0,0,0,0,0,0.800000000180018,0.05,0,0,0,0,0,0,0,0,0,0,0,0,0,0,0
176.4,0.800000000180018,0.05,0,0,10,6.399999961895816,2,0,0,0,176.4,0,0,0,0,0,0,3.600000038104184,10,170.0000000381042,3,1,0,0,0,0,0,0,0,0,0,2,0.800000000180018,0.05,3.600000038104184,0.800000000180018,0.05,0,0,0,0,0,0,0.800000000180018,0.05,0,0,0,0,0,0,0,0,0,0,0,0,0,0,0
177.3,0.800000000180018,0.05,0,0,10,7.299999961895821,2,0,0,0,177.3,0,0,0,0,0,0,2.700000038104179,10,170.0000000381042,3,1,0,0,0,0,0,0,0,0,0,2,0.800000000180018,0.05,2.700000038104179,0.800000000180018,0.05,0,0,0,0,0,0,0.800000000180018,0.05,0,0,0,0,0,0,0,0,0,0,0,0,0,0,0
178.2,0.800000000180018,0.05,0,0,10,8.199999961895799,2,0,0,0,178.2,0,0,0,0,0,0,1.800000038104201,10,170.0000000381042,3,1,0,0,0,0,0,0,0,0,0,2,0.800000000180018,0.05,1.800000038104201,0.800000000180018,0.05,0,0,0,0,0,0,0.800000000180018,0.05,0,0,0,0,0,0,0,0,0,0,0,0,0,0,0
179.1,0.800000000180018,0.05,0,0,10,9.099999961895804,2,0,0,0,179.1,0,0,0,0,0,0,0.9000000381041957,10,170.0000000381042,3,1,0,0,0,0,0,0,0,0,0,2,0.800000000180018,0.05,0.9000000381041957,0.800000000180018,0.05,0,0,0,0,0,0,0.800000000180018,0.05,0,0,0,0,0,0,0,0,0,0,0,0,0,0,0
180,0.800000000180018,0.05,0,0,10,9.99999996189581,2,0,0,0,180,0,0,0,0,0,0,3.81041900254786e-08,10,170.0000000381042,3,1,0,0,0,0,0,0,0,0,0,2,0.800000000180018,0.05,3.81041900254786e-08,0.800000000180018,0.05,0,0,0,0,0,0,0.800000000180018,0.05,0,0,0,0,0,0,0,0,0,0,0,0,0,0,0
180.0000000401047,0.800000000180018,0.05,0,0,10,10.00000000200049,2,0,0,0,180.0000000401047,0,0,0,0,0,0,0,10,170.0000000381042,3,1,0,0,0,0,0,0,0,0,0,2,0.800000000180018,0.05,0,0.800000000180018,0.05,0,0,0,0,0,0,0.800000000180018,0.05,0,0,0,0,0,0,0,0,0,0,0,0,0,0,0
180.0000000401047,0.800000000180018,0.05,-0.00375,0.003214285714285714,0,0,3,0,0,0,180.0000000401047,0,1,0,0,1,0,0,0,180.0000000401047,4,1,0,0,0,0,0,0,0,1,0,3,0.800000000180018,0.05,0,0.800000000180018,0.05,0,1,0,0,0,0,0.800000000180018,0.05,0,1,0,0,0,0,0,0,0,0,1,0,0,1,0
180.9,0.7966250003304106,0.05289285701394927,-0.00375,0.003214285714285714,0,0.8999999598953252,3,0,0,0,180.9,0,1,0,0,1,0,0,0,180.0000000401047,4,1,0,0,0,0,0,0,0,1,0,3,0.7966250003304106,0.05289285701394927,0,0.7966250003304106,0.05289285701394927,0,1,0,0,0,0,0.7966250003304106,0.05289285701394927,0,1,0,0,0,0,0,0,0,0,1,0,0,1,0
181.8,0.7932500003304106,0.05578571415680642,-0.00375,0.003214285714285714,0,1.799999959895331,3,0,0,0,181.8,0,1,0,0,1,0,0,0,180.0000000401047,4,1,0,0,0,0,0,0,0,1,0,3,0.7932500003304106,0.05578571415680642,0,0.7932500003304106,0.05578571415680642,0,1,0,0,0,0,0.7932500003304106,0.05578571415680642,0,1,0,0,0,0,0,0,0,0,1,0,0,1,0
182.7,0.7898750003304107,0.05867857129966349,-0.00375,0.003214285714285714,0,2.699999959895308,3,0,0,0,182.7,0,1,0,0,1,0,0,0,180.0000000401047,4,1,0,0,0,0,0,0,0,1,0,3,0.7898750003304107,0.05867857129966349,0,0.7898750003304107,0.05867857129966349,0,1,0,0,0,0,0.7898750003304107,0.05867857129966349,0,1,0,0,0,0,0,0,0,0,1,0,0,1,0
183.6,0.7865000003304107,0.06157142844252062,-0.00375,0.003214285714285714,0,3.599999959895314,3,0,0,0,183.6,0,1,0,0,1,0,0,0,180.0000000401047,4,1,0,0,0,0,0,0,0,1,0,3,0.7865000003304107,0.06157142844252062,0,0.7865000003304107,0.06157142844252062,0,1,0,0,0,0,0.7865000003304107,0.06157142844252062,0,1,0,0,0,0,0,0,0,0,1,0,0,1,0
184.5,0.7831250003304107,0.06446428558537778,-0.00375,0.003214285714285714,0,4.49999995989532,3,0,0,0,184.5,0,1,0,0,1,0,0,0,180.0000000401047,4,1,0,0,0,0,0,0,0,1,0,3,0.7831250003304107,0.06446428558537778,0,0.7831250003304107,0.06446428558537778,0,1,0,0,0,0,0.7831250003304107,0.06446428558537778,0,1,0,0,0,0,0,0,0,0,1,0,0,1,0
185.4,0.7797500003304106,0.06735714272823494,-0.00375,0.003214285714285714,0,5.399999959895325,3,0,0,0,185.4,0,1,0,0,1,0,0,0,180.0000000401047,4,1,0,0,0,0,0,0,0,1,0,3,0.7797500003304106,0.06735714272823494,0,0.7797500003304106,0.06735714272823494,0,1,0,0,0,0,0.7797500003304106,0.06735714272823494,0,1,0,0,0,0,0,0,0,0,1,0,0,1,0
186.3,0.7763750003304106,0.07024999987109207,-0.00375,0.003214285714285714,0,6.299999959895331,3,0,0,0,186.3,0,1,0,0,1,0,0,0,180.0000000401047,4,1,0,0,0,0,0,0,0,1,0,3,0.7763750003304106,0.07024999987109207,0,0.7763750003304106,0.07024999987109207,0,1,0,0,0,0,0.7763750003304106,0.07024999987109207,0,1,0,0,0,0,0,0,0,0,1,0,0,1,0
187.2,0.7730000003304107,0.07314285701394914,-0.00375,0.003214285714285714,0,7.199999959895308,3,0,0,0,187.2,0,1,0,0,1,0,0,0,180.0000000401047,4,1,0,0,0,0,0,0,0,1,0,3,0.7730000003304107,0.07314285701394914,0,0.7730000003304107,0.07314285701394914,0,1,0,0,0,0,0.7730000003304107,0.07314285701394914,0,1,0,0,0,0,0,0,0,0,1,0,0,1,0
188.1,0.7696250003304107,0.07603571415680629,-0.00375,0.003214285714285714,0,8.099999959895314,3,0,0,0,188.1,0,1,0,0,1,0,0,0,180.0000000401047,4,1,0,0,0,0,0,0,0,1,0,3,0.7696250003304107,0.07603571415680629,0,0.7696250003304107,0.07603571415680629,0,1,0,0,0,0,0.7696250003304107,0.07603571415680629,0,1,0,0,0,0,0,0,0,0,1,0,0,1,0
189,0.7662500003304107,0.07892857129966346,-0.00375,0.003214285714285714,0,8.99999995989532,3,0,0,0,189,0,1,0,0,1,0,0,0,180.0000000401047,4,1,0,0,0,0,0,0,0,1,0,3,0.7662500003304107,0.07892857129966346,0,0.7662500003304107,0.07892857129966346,0,1,0,0,0,0,0.7662500003304107,0.07892857129966346,0,1,0,0,0,0,0,0,0,0,1,0,0,1,0
189.9,0.7628750003304107,0.08182142844252062,-0.00375,0.003214285714285714,0,9.899999959895325,3,0,0,0,189.9,0,1,0,0,1,0,0,0,180.0000000401047,4,1,0,0,0,0,0,0,0,1,0,3,0.7628750003304107,0.08182142844252062,0,0.7628750003304107,0.08182142844252062,0,1,0,0,0,0,0.7628750003304107,0.08182142844252062,0,1,0,0,0,0,0,0,0,0,1,0,0,1,0
190.8,0.7595000003304107,0.08471428558537777,-0.00375,0.003214285714285714,0,10.79999995989533,3,0,0,0,190.8,0,1,0,0,1,0,0,0,180.0000000401047,4,1,0,0,0,0,0,0,0,1,0,3,0.7595000003304107,0.08471428558537777,0,0.7595000003304107,0.08471428558537777,0,1,0,0,0,0,0.7595000003304107,0.08471428558537777,0,1,0,0,0,0,0,0,0,0,1,0,0,1,0
191.7,0.7561250003304107,0.08760714272823485,-0.00375,0.003214285714285714,0,11.69999995989531,3,0,0,0,191.7,0,1,0,0,1,0,0,0,180.0000000401047,4,1,0,0,0,0,0,0,0,1,0,3,0.7561250003304107,0.08760714272823485,0,0.7561250003304107,0.08760714272823485,0,1,0,0,0,0,0.7561250003304107,0.08760714272823485,0,1,0,0,0,0,0,0,0,0,1,0,0,1,0
192.6,0.7527500003304107,0.09049999987109202,-0.00375,0.003214285714285714,0,12.59999995989531,3,0,0,0,192.6,0,1,0,0,1,0,0,0,180.0000000401047,4,1,0,0,0,0,0,0,0,1,0,3,0.7527500003304107,0.09049999987109202,0,0.7527500003304107,0.09049999987109202,0,1,0,0,0,0,0.7527500003304107,0.09049999987109202,0,1,0,0,0,0,0,0,0,0,1,0,0,1,0
193.5,0.7493750003304107,0.09339285701394917,-0.00375,0.003214285714285714,0,13.49999995989532,3,0,0,0,193.5,0,1,0,0,1,0,0,0,180.0000000401047,4,1,0,0,0,0,0,0,0,1,0,3,0.7493750003304107,0.09339285701394917,0,0.7493750003304107,0.09339285701394917,0,1,0,0,0,0,0.7493750003304107,0.09339285701394917,0,1,0,0,0,0,0,0,0,0,1,0,0,1,0
194.4,0.7460000003304107,0.09628571415680634,-0.00375,0.003214285714285714,0,14.39999995989533,3,0,0,0,194.4,0,1,0,0,1,0,0,0,180.0000000401047,4,1,0,0,0,0,0,0,0,1,0,3,0.7460000003304107,0.09628571415680634,0,0.7460000003304107,0.09628571415680634,0,1,0,0,0,0,0.7460000003304107,0.09628571415680634,0,1,0,0,0,0,0,0,0,0,1,0,0,1,0
195.3,0.7426250003304107,0.0991785712996635,-0.00375,0.003214285714285714,0,15.29999995989533,3,0,0,0,195.3,0,1,0,0,1,0,0,0,180.0000000401047,4,1,0,0,0,0,0,0,0,1,0,3,0.7426250003304107,0.0991785712996635,0,0.7426250003304107,0.0991785712996635,0,1,0,0,0,0,0.7426250003304107,0.0991785712996635,0,1,0,0,0,0,0,0,0,0,1,0,0,1,0
196.2,0.7392500003304108,0.1020714284425206,-0.00375,0.003214285714285714,0,16.19999995989531,3,0,0,0,196.2,0,1,0,0,1,0,0,0,180.0000000401047,4,1,0,0,0,0,0,0,0,1,0,3,0.7392500003304108,0.1020714284425206,0,0.7392500003304108,0.1020714284425206,0,1,0,0,0,0,0.7392500003304108,0.1020714284425206,0,1,0,0,0,0,0,0,0,0,1,0,0,1,0
197.1,0.7358750003304108,0.1049642855853777,-0.00375,0.003214285714285714,0,17.09999995989531,3,0,0,0,197.1,0,1,0,0,1,0,0,0,180.0000000401047,4,1,0,0,0,0,0,0,0,1,0,3,0.7358750003304108,0.1049642855853777,0,0.7358750003304108,0.1049642855853777,0,1,0,0,0,0,0.7358750003304108,0.1049642855853777,0,1,0,0,0,0,0,0,0,0,1,0,0,1,0
198,0.7325000003304107,0.1078571427282349,-0.00375,0.003214285714285714,0,17.99999995989532,3,0,0,0,198,0,1,0,0,1,0,0,0,180.0000000401047,4,1,0,0,0,0,0,0,0,1,0,3,0.7325000003304107,0.1078571427282349,0,0.7325000003304107,0.1078571427282349,0,1,0,0,0,0,0.7325000003304107,0.1078571427282349,0,1,0,0,0,0,0,0,0,0,1,0,0,1,0
198.9,0.7291250003304106,0.110749999871092,-0.00375,0.003214285714285714,0,18.89999995989533,3,0,0,0,198.9,0,1,0,0,1,0,0,0,180.0000000401047,4,1,0,0,0,0,0,0,0,1,0,3,0.7291250003304106,0.110749999871092,0,0.7291250003304106,0.110749999871092,0,1,0,0,0,0,0.7291250003304106,0.110749999871092,0,1,0,0,0,0,0,0,0,0,1,0,0,1,0
199.8,0.7257500003304106,0.1136428570139492,-0.00375,0.003214285714285714,0,19.79999995989533,3,0,0,0,199.8,0,1,0,0,1,0,0,0,180.0000000401047,4,1,0,0,0,0,0,0,0,1,0,3,0.7257500003304106,0.1136428570139492,0,0.7257500003304106,0.1136428570139492,0,1,0,0,0,0,0.7257500003304106,0.1136428570139492,0,1,0,0,0,0,0,0,0,0,1,0,0,1,0
200.7,0.7223750003304107,0.1165357141568063,-0.00375,0.003214285714285714,0,20.69999995989531,3,0,0,0,200.7,0,1,0,0,1,0,0,0,180.0000000401047,4,1,0,0,0,0,0,0,0,1,0,3,0.7223750003304107,0.1165357141568063,0,0.7223750003304107,0.1165357141568063,0,1,0,0,0,0,0.7223750003304107,0.1165357141568063,0,1,0,0,0,0,0,0,0,0,1,0,0,1,0
201.6,0.7190000003304107,0.1194285712996634,-0.00375,0.003214285714285714,0,21.59999995989531,3,0,0,0,201.6,0,1,0,0,1,0,0,0,180.0000000401047,4,1,0,0,0,0,0,0,0,1,0,3,0.7190000003304107,0.1194285712996634,0,0.7190000003304107,0.1194285712996634,0,1,0,0,0,0,0.7190000003304107,0.1194285712996634,0,1,0,0,0,0,0,0,0,0,1,0,0,1,0
202.5,0.7156250003304107,0.1223214284425206,-0.00375,0.003214285714285714,0,22.49999995989532,3,0,0,0,202.5,0,1,0,0,1,0,0,0,180.0000000401047,4,1,0,0,0,0,0,0,0,1,0,3,0.7156250003304107,0.1223214284425206,0,0.7156250003304107,0.1223214284425206,0,1,0,0,0,0,0.7156250003304107,0.1223214284425206,0,1,0,0,0,0,0,0,0,0,1,0,0,1,0
203.4,0.7122500003304106,0.1252142855853778,-0.00375,0.003214285714285714,0,23.39999995989533,3,0,0,0,203.4,0,1,0,0,1,0,0,0,180.0000000401047,4,1,0,0,0,0,0,0,0,1,0,3,0.7122500003304106,0.1252142855853778,0,0.7122500003304106,0.1252142855853778,0,1,0,0,0,0,0.7122500003304106,0.1252142855853778,0,1,0,0,0,0,0,0,0,0,1,0,0,1,0
204.3,0.7088750003304106,0.1281071427282349,-0.00375,0.003214285714285714,0,24.29999995989533,3,0,0,0,204.3,0,1,0,0,1,0,0,0,180.0000000401047,4,1,0,0,0,0,0,0,0,1,0,3,0.7088750003304106,0.1281071427282349,0,0.7088750003304106,0.1281071427282349,0,1,0,0,0,0,0.7088750003304106,0.1281071427282349,0,1,0,0,0,0,0,0,0,0,1,0,0,1,0
205.2,0.7055000003304107,0.130999999871092,-0.00375,0.003214285714285714,0,25.19999995989531,3,0,0,0,205.2,0,1,0,0,1,0,0,0,180.0000000401047,4,1,0,0,0,0,0,0,0,1,0,3,0.7055000003304107,0.130999999871092,0,0.7055000003304107,0.130999999871092,0,1,0,0,0,0,0.7055000003304107,0.130999999871092,0,1,0,0,0,0,0,0,0,0,1,0,0,1,0
206.1,0.7021250003304107,0.1338928570139492,-0.00375,0.003214285714285714,0,26.09999995989531,3,0,0,0,206.1,0,1,0,0,1,0,0,0,180.0000000401047,4,1,0,0,0,0,0,0,0,1,0,3,0.7021250003304107,0.1338928570139492,0,0.7021250003304107,0.1338928570139492,0,1,0,0,0,0,0.7021250003304107,0.1338928570139492,0,1,0,0,0,0,0,0,0,0,1,0,0,1,0
207,0.6987500003304106,0.1367857141568063,-0.00375,0.003214285714285714,0,26.99999995989532,3,0,0,0,207,0,1,0,0,1,0,0,0,180.0000000401047,4,1,0,0,0,0,0,0,0,1,0,3,0.6987500003304106,0.1367857141568063,0,0.6987500003304106,0.1367857141568063,0,1,0,0,0,0,0.6987500003304106,0.1367857141568063,0,1,0,0,0,0,0,0,0,0,1,0,0,1,0
207.9,0.6953750003304107,0.1396785712996635,-0.00375,0.003214285714285714,0,27.89999995989533,3,0,0,0,207.9,0,1,0,0,1,0,0,0,180.0000000401047,4,1,0,0,0,0,0,0,0,1,0,3,0.6953750003304107,0.1396785712996635,0,0.6953750003304107,0.1396785712996635,0,1,0,0,0,0,0.6953750003304107,0.1396785712996635,0,1,0,0,0,0,0,0,0,0,1,0,0,1,0
208.8,0.6920000003304105,0.1425714284425207,-0.00375,0.003214285714285714,0,28.79999995989533,3,0,0,0,208.8,0,1,0,0,1,0,0,0,180.0000000401047,4,1,0,0,0,0,0,0,0,1,0,3,0.6920000003304105,0.1425714284425207,0,0.6920000003304105,0.1425714284425207,0,1,0,0,0,0,0.6920000003304105,0.1425714284425207,0,1,0,0,0,0,0,0,0,0,1,0,0,1,0
209.7,0.6886250003304106,0.1454642855853777,-0.00375,0.003214285714285714,0,29.69999995989531,3,0,0,0,209.7,0,1,0,0,1,0,0,0,180.0000000401047,4,1,0,0,0,0,0,0,0,1,0,3,0.6886250003304106,0.1454642855853777,0,0.6886250003304106,0.1454642855853777,0,1,0,0,0,0,0.6886250003304106,0.1454642855853777,0,1,0,0,0,0,0,0,0,0,1,0,0,1,0
210.6,0.6852500003304106,0.1483571427282349,-0.00375,0.003214285714285714,0,30.59999995989531,3,0,0,0,210.6,0,1,0,0,1,0,0,0,180.0000000401047,4,1,0,0,0,0,0,0,0,1,0,3,0.6852500003304106,0.1483571427282349,0,0.6852500003304106,0.1483571427282349,0,1,0,0,0,0,0.6852500003304106,0.1483571427282349,0,1,0,0,0,0,0,0,0,0,1,0,0,1,0
211.5,0.6818750003304106,0.1512499998710921,-0.00375,0.003214285714285714,0,31.49999995989532,3,0,0,0,211.5,0,1,0,0,1,0,0,0,180.0000000401047,4,1,0,0,0,0,0,0,0,1,0,3,0.6818750003304106,0.1512499998710921,0,0.6818750003304106,0.1512499998710921,0,1,0,0,0,0,0.6818750003304106,0.1512499998710921,0,1,0,0,0,0,0,0,0,0,1,0,0,1,0
212.4,0.6785000003304106,0.1541428570139492,-0.00375,0.003214285714285714,0,32.39999995989533,3,0,0,0,212.4,0,1,0,0,1,0,0,0,180.0000000401047,4,1,0,0,0,0,0,0,0,1,0,3,0.6785000003304106,0.1541428570139492,0,0.6785000003304106,0.1541428570139492,0,1,0,0,0,0,0.6785000003304106,0.1541428570139492,0,1,0,0,0,0,0,0,0,0,1,0,0,1,0
213.3,0.6751250003304106,0.1570357141568064,-0.00375,0.003214285714285714,0,33.29999995989533,3,0,0,0,213.3,0,1,0,0,1,0,0,0,180.0000000401047,4,1,0,0,0,0,0,0,0,1,0,3,0.6751250003304106,0.1570357141568064,0,0.6751250003304106,0.1570357141568064,0,1,0,0,0,0,0.6751250003304106,0.1570357141568064,0,1,0,0,0,0,0,0,0,0,1,0,0,1,0
214.2,0.6717500003304107,0.1599285712996635,-0.00375,0.003214285714285714,0,34.19999995989531,3,0,0,0,214.2,0,1,0,0,1,0,0,0,180.0000000401047,4,1,0,0,0,0,0,0,0,1,0,3,0.6717500003304107,0.1599285712996635,0,0.6717500003304107,0.1599285712996635,0,1,0,0,0,0,0.6717500003304107,0.1599285712996635,0,1,0,0,0,0,0,0,0,0,1,0,0,1,0
215.1,0.6683750003304106,0.1628214284425206,-0.00375,0.003214285714285714,0,35.09999995989531,3,0,0,0,215.1,0,1,0,0,1,0,0,0,180.0000000401047,4,1,0,0,0,0,0,0,0,1,0,3,0.6683750003304106,0.1628214284425206,0,0.6683750003304106,0.1628214284425206,0,1,0,0,0,0,0.6683750003304106,0.1628214284425206,0,1,0,0,0,0,0,0,0,0,1,0,0,1,0
216,0.6650000003304106,0.1657142855853778,-0.00375,0.003214285714285714,0,35.99999995989532,3,0,0,0,216,0,1,0,0,1,0,0,0,180.0000000401047,4,1,0,0,0,0,0,0,0,1,0,3,0.6650000003304106,0.1657142855853778,0,0.6650000003304106,0.1657142855853778,0,1,0,0,0,0,0.6650000003304106,0.1657142855853778,0,1,0,0,0,0,0,0,0,0,1,0,0,1,0
216.9,0.6616250003304106,0.1686071427282349,-0.00375,0.003214285714285714,0,36.89999995989533,3,0,0,0,216.9,0,1,0,0,1,0,0,0,180.0000000401047,4,1,0,0,0,0,0,0,0,1,0,3,0.6616250003304106,0.1686071427282349,0,0.6616250003304106,0.1686071427282349,0,1,0,0,0,0,0.6616250003304106,0.1686071427282349,0,1,0,0,0,0,0,0,0,0,1,0,0,1,0
217.8,0.6582500003304106,0.1714999998710921,-0.00375,0.003214285714285714,0,37.79999995989533,3,0,0,0,217.8,0,1,0,0,1,0,0,0,180.0000000401047,4,1,0,0,0,0,0,0,0,1,0,3,0.6582500003304106,0.1714999998710921,0,0.6582500003304106,0.1714999998710921,0,1,0,0,0,0,0.6582500003304106,0.1714999998710921,0,1,0,0,0,0,0,0,0,0,1,0,0,1,0
218.7,0.6548750003304107,0.1743928570139492,-0.00375,0.003214285714285714,0,38.69999995989531,3,0,0,0,218.7,0,1,0,0,1,0,0,0,180.0000000401047,4,1,0,0,0,0,0,0,0,1,0,3,0.6548750003304107,0.1743928570139492,0,0.6548750003304107,0.1743928570139492,0,1,0,0,0,0,0.6548750003304107,0.1743928570139492,0,1,0,0,0,0,0,0,0,0,1,0,0,1,0
219.6,0.6515000003304107,0.1772857141568063,-0.00375,0.003214285714285714,0,39.59999995989531,3,0,0,0,219.6,0,1,0,0,1,0,0,0,180.0000000401047,4,1,0,0,0,0,0,0,0,1,0,3,0.6515000003304107,0.1772857141568063,0,0.6515000003304107,0.1772857141568063,0,1,0,0,0,0,0.6515000003304107,0.1772857141568063,0,1,0,0,0,0,0,0,0,0,1,0,0,1,0
220.0000000221022,0.6500000002475275,0.1785714285135633,-0.00375,0.003214285714285714,0,39.99999998199749,3,0,0,0,220.0000000221022,0,1,0,0,1,0,0,0,180.0000000401047,4,1,0,0,0,0,0,0,0,1,0,3,0.6500000002475275,0.1785714285135633,0,0.6500000002475275,0.1785714285135633,0,1,0,0,0,0,0.6500000002475275,0.1785714285135633,0,1,0,0,0,0,0,0,0,0,1,0,0,1,0
220.0000000221022,0.6500000002475275,0.1785714285135633,0,0,0,0,7,0,0,1,220.0000000221022,0,0,0,0,0,0,0,0,220.0000000221022,8,4,0,0,0,0,1,0,0,0,0,7,0.6500000002475275,0.1785714285135633,0,0.6500000002475275,0.1785714285135633,0,0,0,0,0,1,0.6500000002475275,0.1785714285135633,0,0,0,0,0,0,0,1,1,0,0,0,0,0,0
220.2000000221219,0.6500000002475275,0.1785714285135633,0,0,0,0.2000000000196849,7,0,0,1,220.2000000221219,0,0,0,0,0,0,0,0,220.0000000221022,8,4,0,0,0,0,1,0,0,0,0,7,0.6500000002475275,0.1785714285135633,0,0.6500000002475275,0.1785714285135633,0,0,0,0,0,1,0.6500000002475275,0.1785714285135633,0,0,0,0,0,0,0,1,1,0,0,0,0,0,0
220.2000000221219,0.6500000002475275,0.1785714285135633,0,0,0,0.2000000000196849,7,0,0,0,220.2000000221219,0,0,0,0,0,0,0,0,220.0000000221022,8,4,0,0,0,0,0,0,0,0,0,7,0.6500000002475275,0.1785714285135633,0,0.6500000002475275,0.1785714285135633,0,0,0,0,0,0,0.6500000002475275,0.1785714285135633,0,0,0,0,0,0,0,0,0,0,0,0,0,0,0
220.5,0.6500000002475275,0.1785714285135633,0,0,0,0.4999999778978292,7,0,0,0,220.5,0,0,0,0,0,0,0,0,220.0000000221022,8,4,0,0,0,0,0,0,0,0,0,7,0.6500000002475275,0.1785714285135633,0,0.6500000002475275,0.1785714285135633,0,0,0,0,0,0,0.6500000002475275,0.1785714285135633,0,0,0,0,0,0,0,0,0,0,0,0,0,0,0
221.4,0.6500000002475275,0.1785714285135633,0,0,0,1.399999977897835,7,0,0,0,221.4,0,0,0,0,0,0,0,0,220.0000000221022,8,4,0,0,0,0,0,0,0,0,0,7,0.6500000002475275,0.1785714285135633,0,0.6500000002475275,0.1785714285135633,0,0,0,0,0,0,0.6500000002475275,0.1785714285135633,0,0,0,0,0,0,0,0,0,0,0,0,0,0,0
222.3,0.6500000002475275,0.1785714285135633,0,0,0,2.299999977897841,7,0,0,0,222.3,0,0,0,0,0,0,0,0,220.0000000221022,8,4,0,0,0,0,0,0,0,0,0,7,0.6500000002475275,0.1785714285135633,0,0.6500000002475275,0.1785714285135633,0,0,0,0,0,0,0.6500000002475275,0.1785714285135633,0,0,0,0,0,0,0,0,0,0,0,0,0,0,0
223.2,0.6500000002475275,0.1785714285135633,0,0,0,3.199999977897818,7,0,0,0,223.2,0,0,0,0,0,0,0,0,220.0000000221022,8,4,0,0,0,0,0,0,0,0,0,7,0.6500000002475275,0.1785714285135633,0,0.6500000002475275,0.1785714285135633,0,0,0,0,0,0,0.6500000002475275,0.1785714285135633,0,0,0,0,0,0,0,0,0,0,0,0,0,0,0
224.1,0.6500000002475275,0.1785714285135633,0,0,0,4.099999977897824,7,0,0,0,224.1,0,0,0,0,0,0,0,0,220.0000000221022,8,4,0,0,0,0,0,0,0,0,0,7,0.6500000002475275,0.1785714285135633,0,0.6500000002475275,0.1785714285135633,0,0,0,0,0,0,0.6500000002475275,0.1785714285135633,0,0,0,0,0,0,0,0,0,0,0,0,0,0,0
225,0.6500000002475275,0.1785714285135633,0,0,0,4.999999977897829,7,0,0,0,225,0,0,0,0,0,0,0,0,220.0000000221022,8,4,0,0,0,0,0,0,0,0,0,7,0.6500000002475275,0.1785714285135633,0,0.6500000002475275,0.1785714285135633,0,0,0,0,0,0,0.6500000002475275,0.1785714285135633,0,0,0,0,0,0,0,0,0,0,0,0,0,0,0
225.9,0.6500000002475275,0.1785714285135633,0,0,0,5.899999977897835,7,0,0,0,225.9,0,0,0,0,0,0,0,0,220.0000000221022,8,4,0,0,0,0,0,0,0,0,0,7,0.6500000002475275,0.1785714285135633,0,0.6500000002475275,0.1785714285135633,0,0,0,0,0,0,0.6500000002475275,0.1785714285135633,0,0,0,0,0,0,0,0,0,0,0,0,0,0,0
226.8,0.6500000002475275,0.1785714285135633,0,0,0,6.799999977897841,7,0,0,0,226.8,0,0,0,0,0,0,0,0,220.0000000221022,8,4,0,0,0,0,0,0,0,0,0,7,0.6500000002475275,0.1785714285135633,0,0.6500000002475275,0.1785714285135633,0,0,0,0,0,0,0.6500000002475275,0.1785714285135633,0,0,0,0,0,0,0,0,0,0,0,0,0,0,0
227.7,0.6500000002475275,0.1785714285135633,0,0,0,7.699999977897818,7,0,0,0,227.7,0,0,0,0,0,0,0,0,220.0000000221022,8,4,0,0,0,0,0,0,0,0,0,7,0.6500000002475275,0.1785714285135633,0,0.6500000002475275,0.1785714285135633,0,0,0,0,0,0,0.6500000002475275,0.1785714285135633,0,0,0,0,0,0,0,0,0,0,0,0,0,0,0
228.6,0.6500000002475275,0.1785714285135633,0,0,0,8.599999977897824,7,0,0,0,228.6,0,0,0,0,0,0,0,0,220.0000000221022,8,4,0,0,0,0,0,0,0,0,0,7,0.6500000002475275,0.1785714285135633,0,0.6500000002475275,0.1785714285135633,0,0,0,0,0,0,0.6500000002475275,0.1785714285135633,0,0,0,0,0,0,0,0,0,0,0,0,0,0,0
229.5,0.6500000002475275,0.1785714285135633,0,0,0,9.499999977897829,7,0,0,0,229.5,0,0,0,0,0,0,0,0,220.0000000221022,8,4,0,0,0,0,0,0,0,0,0,7,0.6500000002475275,0.1785714285135633,0,0.6500000002475275,0.1785714285135633,0,0,0,0,0,0,0.6500000002475275,0.1785714285135633,0,0,0,0,0,0,0,0,0,0,0,0,0,0,0
230.4,0.6500000002475275,0.1785714285135633,0,0,0,10.39999997789783,7,0,0,0,230.4,0,0,0,0,0,0,0,0,220.0000000221022,8,4,0,0,0,0,0,0,0,0,0,7,0.6500000002475275,0.1785714285135633,0,0.6500000002475275,0.1785714285135633,0,0,0,0,0,0,0.6500000002475275,0.1785714285135633,0,0,0,0,0,0,0,0,0,0,0,0,0,0,0
231.3,0.6500000002475275,0.1785714285135633,0,0,0,11.29999997789784,7,0,0,0,231.3,0,0,0,0,0,0,0,0,220.0000000221022,8,4,0,0,0,0,0,0,0,0,0,7,0.6500000002475275,0.1785714285135633,0,0.6500000002475275,0.1785714285135633,0,0,0,0,0,0,0.6500000002475275,0.1785714285135633,0,0,0,0,0,0,0,0,0,0,0,0,0,0,0
232.2,0.6500000002475275,0.1785714285135633,0,0,0,12.19999997789782,7,0,0,0,232.2,0,0,0,0,0,0,0,0,220.0000000221022,8,4,0,0,0,0,0,0,0,0,0,7,0.6500000002475275,0.1785714285135633,0,0.6500000002475275,0.1785714285135633,0,0,0,0,0,0,0.6500000002475275,0.1785714285135633,0,0,0,0,0,0,0,0,0,0,0,0,0,0,0
233.1,0.6500000002475275,0.1785714285135633,0,0,0,13.09999997789782,7,0,0,0,233.1,0,0,0,0,0,0,0,0,220.0000000221022,8,4,0,0,0,0,0,0,0,0,0,7,0.6500000002475275,0.1785714285135633,0,0.6500000002475275,0.1785714285135633,0,0,0,0,0,0,0.6500000002475275,0.1785714285135633,0,0,0,0,0,0,0,0,0,0,0,0,0,0,0
234,0.6500000002475275,0.1785714285135633,0,0,0,13.99999997789783,7,0,0,0,234,0,0,0,0,0,0,0,0,220.0000000221022,8,4,0,0,0,0,0,0,0,0,0,7,0.6500000002475275,0.1785714285135633,0,0.6500000002475275,0.1785714285135633,0,0,0,0,0,0,0.6500000002475275,0.1785714285135633,0,0,0,0,0,0,0,0,0,0,0,0,0,0,0
234.9,0.6500000002475275,0.1785714285135633,0,0,0,14.89999997789783,7,0,0,0,234.9,0,0,0,0,0,0,0,0,220.0000000221022,8,4,0,0,0,0,0,0,0,0,0,7,0.6500000002475275,0.1785714285135633,0,0.6500000002475275,0.1785714285135633,0,0,0,0,0,0,0.6500000002475275,0.1785714285135633,0,0,0,0,0,0,0,0,0,0,0,0,0,0,0
235.8,0.6500000002475275,0.1785714285135633,0,0,0,15.79999997789784,7,0,0,0,235.8,0,0,0,0,0,0,0,0,220.0000000221022,8,4,0,0,0,0,0,0,0,0,0,7,0.6500000002475275,0.1785714285135633,0,0.6500000002475275,0.1785714285135633,0,0,0,0,0,0,0.6500000002475275,0.1785714285135633,0,0,0,0,0,0,0,0,0,0,0,0,0,0,0
236.7,0.6500000002475275,0.1785714285135633,0,0,0,16.69999997789782,7,0,0,0,236.7,0,0,0,0,0,0,0,0,220.0000000221022,8,4,0,0,0,0,0,0,0,0,0,7,0.6500000002475275,0.1785714285135633,0,0.6500000002475275,0.1785714285135633,0,0,0,0,0,0,0.6500000002475275,0.1785714285135633,0,0,0,0,0,0,0,0,0,0,0,0,0,0,0
237.6,0.6500000002475275,0.1785714285135633,0,0,0,17.59999997789782,7,0,0,0,237.6,0,0,0,0,0,0,0,0,220.0000000221022,8,4,0,0,0,0,0,0,0,0,0,7,0.6500000002475275,0.1785714285135633,0,0.6500000002475275,0.1785714285135633,0,0,0,0,0,0,0.6500000002475275,0.1785714285135633,0,0,0,0,0,0,0,0,0,0,0,0,0,0,0
238.5,0.6500000002475275,0.1785714285135633,0,0,0,18.49999997789783,7,0,0,0,238.5,0,0,0,0,0,0,0,0,220.0000000221022,8,4,0,0,0,0,0,0,0,0,0,7,0.6500000002475275,0.1785714285135633,0,0.6500000002475275,0.1785714285135633,0,0,0,0,0,0,0.6500000002475275,0.1785714285135633,0,0,0,0,0,0,0,0,0,0,0,0,0,0,0
239.4,0.6500000002475275,0.1785714285135633,0,0,0,19.39999997789783,7,0,0,0,239.4,0,0,0,0,0,0,0,0,220.0000000221022,8,4,0,0,0,0,0,0,0,0,0,7,0.6500000002475275,0.1785714285135633,0,0.6500000002475275,0.1785714285135633,0,0,0,0,0,0,0.6500000002475275,0.1785714285135633,0,0,0,0,0,0,0,0,0,0,0,0,0,0,0
240.3,0.6500000002475275,0.1785714285135633,0,0,0,20.29999997789784,7,0,0,0,240.3,0,0,0,0,0,0,0,0,220.0000000221022,8,4,0,0,0,0,0,0,0,0,0,7,0.6500000002475275,0.1785714285135633,0,0.6500000002475275,0.1785714285135633,0,0,0,0,0,0,0.6500000002475275,0.1785714285135633,0,0,0,0,0,0,0,0,0,0,0,0,0,0,0
241.2,0.6500000002475275,0.1785714285135633,0,0,0,21.19999997789782,7,0,0,0,241.2,0,0,0,0,0,0,0,0,220.0000000221022,8,4,0,0,0,0,0,0,0,0,0,7,0.6500000002475275,0.1785714285135633,0,0.6500000002475275,0.1785714285135633,0,0,0,0,0,0,0.6500000002475275,0.1785714285135633,0,0,0,0,0,0,0,0,0,0,0,0,0,0,0
242.1,0.6500000002475275,0.1785714285135633,0,0,0,22.09999997789782,7,0,0,0,242.1,0,0,0,0,0,0,0,0,220.0000000221022,8,4,0,0,0,0,0,0,0,0,0,7,0.6500000002475275,0.1785714285135633,0,0.6500000002475275,0.1785714285135633,0,0,0,0,0,0,0.6500000002475275,0.1785714285135633,0,0,0,0,0,0,0,0,0,0,0,0,0,0,0
243,0.6500000002475275,0.1785714285135633,0,0,0,22.99999997789783,7,0,0,0,243,0,0,0,0,0,0,0,0,220.0000000221022,8,4,0,0,0,0,0,0,0,0,0,7,0.6500000002475275,0.1785714285135633,0,0.6500000002475275,0.1785714285135633,0,0,0,0,0,0,0.6500000002475275,0.1785714285135633,0,0,0,0,0,0,0,0,0,0,0,0,0,0,0
243.9,0.6500000002475275,0.1785714285135633,0,0,0,23.89999997789783,7,0,0,0,243.9,0,0,0,0,0,0,0,0,220.0000000221022,8,4,0,0,0,0,0,0,0,0,0,7,0.6500000002475275,0.1785714285135633,0,0.6500000002475275,0.1785714285135633,0,0,0,0,0,0,0.6500000002475275,0.1785714285135633,0,0,0,0,0,0,0,0,0,0,0,0,0,0,0
244.8,0.6500000002475275,0.1785714285135633,0,0,0,24.79999997789784,7,0,0,0,244.8,0,0,0,0,0,0,0,0,220.0000000221022,8,4,0,0,0,0,0,0,0,0,0,7,0.6500000002475275,0.1785714285135633,0,0.6500000002475275,0.1785714285135633,0,0,0,0,0,0,0.6500000002475275,0.1785714285135633,0,0,0,0,0,0,0,0,0,0,0,0,0,0,0
245.7,0.6500000002475275,0.1785714285135633,0,0,0,25.69999997789782,7,0,0,0,245.7,0,0,0,0,0,0,0,0,220.0000000221022,8,4,0,0,0,0,0,0,0,0,0,7,0.6500000002475275,0.1785714285135633,0,0.6500000002475275,0.1785714285135633,0,0,0,0,0,0,0.6500000002475275,0.1785714285135633,0,0,0,0,0,0,0,0,0,0,0,0,0,0,0
246.6,0.6500000002475275,0.1785714285135633,0,0,0,26.59999997789782,7,0,0,0,246.6,0,0,0,0,0,0,0,0,220.0000000221022,8,4,0,0,0,0,0,0,0,0,0,7,0.6500000002475275,0.1785714285135633,0,0.6500000002475275,0.1785714285135633,0,0,0,0,0,0,0.6500000002475275,0.1785714285135633,0,0,0,0,0,0,0,0,0,0,0,0,0,0,0
247.5,0.6500000002475275,0.1785714285135633,0,0,0,27.49999997789783,7,0,0,0,247.5,0,0,0,0,0,0,0,0,220.0000000221022,8,4,0,0,0,0,0,0,0,0,0,7,0.6500000002475275,0.1785714285135633,0,0.6500000002475275,0.1785714285135633,0,0,0,0,0,0,0.6500000002475275,0.1785714285135633,0,0,0,0,0,0,0,0,0,0,0,0,0,0,0
248.4,0.6500000002475275,0.1785714285135633,0,0,0,28.39999997789783,7,0,0,0,248.4,0,0,0,0,0,0,0,0,220.0000000221022,8,4,0,0,0,0,0,0,0,0,0,7,0.6500000002475275,0.1785714285135633,0,0.6500000002475275,0.1785714285135633,0,0,0,0,0,0,0.6500000002475275,0.1785714285135633,0,0,0,0,0,0,0,0,0,0,0,0,0,0,0
249.3,0.6500000002475275,0.1785714285135633,0,0,0,29.29999997789784,7,0,0,0,249.3,0,0,0,0,0,0,0,0,220.0000000221022,8,4,0,0,0,0,0,0,0,0,0,7,0.6500000002475275,0.1785714285135633,0,0.6500000002475275,0.1785714285135633,0,0,0,0,0,0,0.6500000002475275,0.1785714285135633,0,0,0,0,0,0,0,0,0,0,0,0,0,0,0
250.2,0.6500000002475275,0.1785714285135633,0,0,0,30.19999997789782,7,0,0,0,250.2,0,0,0,0,0,0,0,0,220.0000000221022,8,4,0,0,0,0,0,0,0,0,0,7,0.6500000002475275,0.1785714285135633,0,0.6500000002475275,0.1785714285135633,0,0,0,0,0,0,0.6500000002475275,0.1785714285135633,0,0,0,0,0,0,0,0,0,0,0,0,0,0,0
251.1,0.6500000002475275,0.1785714285135633,0,0,0,31.09999997789782,7,0,0,0,251.1,0,0,0,0,0,0,0,0,220.0000000221022,8,4,0,0,0,0,0,0,0,0,0,7,0.6500000002475275,0.1785714285135633,0,0.6500000002475275,0.1785714285135633,0,0,0,0,0,0,0.6500000002475275,0.1785714285135633,0,0,0,0,0,0,0,0,0,0,0,0,0,0,0
252,0.6500000002475275,0.1785714285135633,0,0,0,31.99999997789783,7,0,0,0,252,0,0,0,0,0,0,0,0,220.0000000221022,8,4,0,0,0,0,0,0,0,0,0,7,0.6500000002475275,0.1785714285135633,0,0.6500000002475275,0.1785714285135633,0,0,0,0,0,0,0.6500000002475275,0.1785714285135633,0,0,0,0,0,0,0,0,0,0,0,0,0,0,0
252.9,0.6500000002475275,0.1785714285135633,0,0,0,32.89999997789783,7,0,0,0,252.9,0,0,0,0,0,0,0,0,220.0000000221022,8,4,0,0,0,0,0,0,0,0,0,7,0.6500000002475275,0.1785714285135633,0,0.6500000002475275,0.1785714285135633,0,0,0,0,0,0,0.6500000002475275,0.1785714285135633,0,0,0,0,0,0,0,0,0,0,0,0,0,0,0
253.8,0.6500000002475275,0.1785714285135633,0,0,0,33.79999997789784,7,0,0,0,253.8,0,0,0,0,0,0,0,0,220.0000000221022,8,4,0,0,0,0,0,0,0,0,0,7,0.6500000002475275,0.1785714285135633,0,0.6500000002475275,0.1785714285135633,0,0,0,0,0,0,0.6500000002475275,0.1785714285135633,0,0,0,0,0,0,0,0,0,0,0,0,0,0,0
254.7,0.6500000002475275,0.1785714285135633,0,0,0,34.69999997789782,7,0,0,0,254.7,0,0,0,0,0,0,0,0,220.0000000221022,8,4,0,0,0,0,0,0,0,0,0,7,0.6500000002475275,0.1785714285135633,0,0.6500000002475275,0.1785714285135633,0,0,0,0,0,0,0.6500000002475275,0.1785714285135633,0,0,0,0,0,0,0,0,0,0,0,0,0,0,0
255.6,0.6500000002475275,0.1785714285135633,0,0,0,35.59999997789782,7,0,0,0,255.6,0,0,0,0,0,0,0,0,220.0000000221022,8,4,0,0,0,0,0,0,0,0,0,7,0.6500000002475275,0.1785714285135633,0,0.6500000002475275,0.1785714285135633,0,0,0,0,0,0,0.6500000002475275,0.1785714285135633,0,0,0,0,0,0,0,0,0,0,0,0,0,0,0
256.5,0.6500000002475275,0.1785714285135633,0,0,0,36.49999997789783,7,0,0,0,256.5,0,0,0,0,0,0,0,0,220.0000000221022,8,4,0,0,0,0,0,0,0,0,0,7,0.6500000002475275,0.1785714285135633,0,0.6500000002475275,0.1785714285135633,0,0,0,0,0,0,0.6500000002475275,0.1785714285135633,0,0,0,0,0,0,0,0,0,0,0,0,0,0,0
257.4,0.6500000002475275,0.1785714285135633,0,0,0,37.39999997789781,7,0,0,0,257.4,0,0,0,0,0,0,0,0,220.0000000221022,8,4,0,0,0,0,0,0,0,0,0,7,0.6500000002475275,0.1785714285135633,0,0.6500000002475275,0.1785714285135633,0,0,0,0,0,0,0.6500000002475275,0.1785714285135633,0,0,0,0,0,0,0,0,0,0,0,0,0,0,0
258.3,0.6500000002475275,0.1785714285135633,0,0,0,38.29999997789784,7,0,0,0,258.3,0,0,0,0,0,0,0,0,220.0000000221022,8,4,0,0,0,0,0,0,0,0,0,7,0.6500000002475275,0.1785714285135633,0,0.6500000002475275,0.1785714285135633,0,0,0,0,0,0,0.6500000002475275,0.1785714285135633,0,0,0,0,0,0,0,0,0,0,0,0,0,0,0
259.2,0.6500000002475275,0.1785714285135633,0,0,0,39.19999997789782,7,0,0,0,259.2,0,0,0,0,0,0,0,0,220.0000000221022,8,4,0,0,0,0,0,0,0,0,0,7,0.6500000002475275,0.1785714285135633,0,0.6500000002475275,0.1785714285135633,0,0,0,0,0,0,0.6500000002475275,0.1785714285135633,0,0,0,0,0,0,0,0,0,0,0,0,0,0,0
260.1,0.6500000002475275,0.1785714285135633,0,0,0,40.09999997789785,7,0,0,0,260.1,0,0,0,0,0,0,0,0,220.0000000221022,8,4,0,0,0,0,0,0,0,0,0,7,0.6500000002475275,0.1785714285135633,0,0.6500000002475275,0.1785714285135633,0,0,0,0,0,0,0.6500000002475275,0.1785714285135633,0,0,0,0,0,0,0,0,0,0,0,0,0,0,0
261,0.6500000002475275,0.1785714285135633,0,0,0,40.99999997789783,7,0,0,0,261,0,0,0,0,0,0,0,0,220.0000000221022,8,4,0,0,0,0,0,0,0,0,0,7,0.6500000002475275,0.1785714285135633,0,0.6500000002475275,0.1785714285135633,0,0,0,0,0,0,0.6500000002475275,0.1785714285135633,0,0,0,0,0,0,0,0,0,0,0,0,0,0,0
261.9,0.6500000002475275,0.1785714285135633,0,0,0,41.89999997789781,7,0,0,0,261.9,0,0,0,0,0,0,0,0,220.0000000221022,8,4,0,0,0,0,0,0,0,0,0,7,0.6500000002475275,0.1785714285135633,0,0.6500000002475275,0.1785714285135633,0,0,0,0,0,0,0.6500000002475275,0.1785714285135633,0,0,0,0,0,0,0,0,0,0,0,0,0,0,0
262.8,0.6500000002475275,0.1785714285135633,0,0,0,42.79999997789784,7,0,0,0,262.8,0,0,0,0,0,0,0,0,220.0000000221022,8,4,0,0,0,0,0,0,0,0,0,7,0.6500000002475275,0.1785714285135633,0,0.6500000002475275,0.1785714285135633,0,0,0,0,0,0,0.6500000002475275,0.1785714285135633,0,0,0,0,0,0,0,0,0,0,0,0,0,0,0
263.7,0.6500000002475275,0.1785714285135633,0,0,0,43.69999997789782,7,0,0,0,263.7,0,0,0,0,0,0,0,0,220.0000000221022,8,4,0,0,0,0,0,0,0,0,0,7,0.6500000002475275,0.1785714285135633,0,0.6500000002475275,0.1785714285135633,0,0,0,0,0,0,0.6500000002475275,0.1785714285135633,0,0,0,0,0,0,0,0,0,0,0,0,0,0,0
264.6,0.6500000002475275,0.1785714285135633,0,0,0,44.59999997789785,7,0,0,0,264.6,0,0,0,0,0,0,0,0,220.0000000221022,8,4,0,0,0,0,0,0,0,0,0,7,0.6500000002475275,0.1785714285135633,0,0.6500000002475275,0.1785714285135633,0,0,0,0,0,0,0.6500000002475275,0.1785714285135633,0,0,0,0,0,0,0,0,0,0,0,0,0,0,0
265.5,0.6500000002475275,0.1785714285135633,0,0,0,45.49999997789783,7,0,0,0,265.5,0,0,0,0,0,0,0,0,220.0000000221022,8,4,0,0,0,0,0,0,0,0,0,7,0.6500000002475275,0.1785714285135633,0,0.6500000002475275,0.1785714285135633,0,0,0,0,0,0,0.6500000002475275,0.1785714285135633,0,0,0,0,0,0,0,0,0,0,0,0,0,0,0
266.4,0.6500000002475275,0.1785714285135633,0,0,0,46.39999997789781,7,0,0,0,266.4,0,0,0,0,0,0,0,0,220.0000000221022,8,4,0,0,0,0,0,0,0,0,0,7,0.6500000002475275,0.1785714285135633,0,0.6500000002475275,0.1785714285135633,0,0,0,0,0,0,0.6500000002475275,0.1785714285135633,0,0,0,0,0,0,0,0,0,0,0,0,0,0,0
267.3,0.6500000002475275,0.1785714285135633,0,0,0,47.29999997789784,7,0,0,0,267.3,0,0,0,0,0,0,0,0,220.0000000221022,8,4,0,0,0,0,0,0,0,0,0,7,0.6500000002475275,0.1785714285135633,0,0.6500000002475275,0.1785714285135633,0,0,0,0,0,0,0.6500000002475275,0.1785714285135633,0,0,0,0,0,0,0,0,0,0,0,0,0,0,0
268.2,0.6500000002475275,0.1785714285135633,0,0,0,48.19999997789782,7,0,0,0,268.2,0,0,0,0,0,0,0,0,220.0000000221022,8,4,0,0,0,0,0,0,0,0,0,7,0.6500000002475275,0.1785714285135633,0,0.6500000002475275,0.1785714285135633,0,0,0,0,0,0,0.6500000002475275,0.1785714285135633,0,0,0,0,0,0,0,0,0,0,0,0,0,0,0
269.1,0.6500000002475275,0.1785714285135633,0,0,0,49.09999997789785,7,0,0,0,269.1,0,0,0,0,0,0,0,0,220.0000000221022,8,4,0,0,0,0,0,0,0,0,0,7,0.6500000002475275,0.1785714285135633,0,0.6500000002475275,0.1785714285135633,0,0,0,0,0,0,0.6500000002475275,0.1785714285135633,0,0,0,0,0,0,0,0,0,0,0,0,0,0,0
270,0.6500000002475275,0.1785714285135633,0,0,0,49.99999997789783,7,0,0,0,270,0,0,0,0,0,0,0,0,220.0000000221022,8,4,0,0,0,0,0,0,0,0,0,7,0.6500000002475275,0.1785714285135633,0,0.6500000002475275,0.1785714285135633,0,0,0,0,0,0,0.6500000002475275,0.1785714285135633,0,0,0,0,0,0,0,0,0,0,0,0,0,0,0
270.9,0.6500000002475275,0.1785714285135633,0,0,0,50.89999997789781,7,0,0,0,270.9,0,0,0,0,0,0,0,0,220.0000000221022,8,4,0,0,0,0,0,0,0,0,0,7,0.6500000002475275,0.1785714285135633,0,0.6500000002475275,0.1785714285135633,0,0,0,0,0,0,0.6500000002475275,0.1785714285135633,0,0,0,0,0,0,0,0,0,0,0,0,0,0,0
271.8,0.6500000002475275,0.1785714285135633,0,0,0,51.79999997789784,7,0,0,0,271.8,0,0,0,0,0,0,0,0,220.0000000221022,8,4,0,0,0,0,0,0,0,0,0,7,0.6500000002475275,0.1785714285135633,0,0.6500000002475275,0.1785714285135633,0,0,0,0,0,0,0.6500000002475275,0.1785714285135633,0,0,0,0,0,0,0,0,0,0,0,0,0,0,0
272.7,0.6500000002475275,0.1785714285135633,0,0,0,52.69999997789782,7,0,0,0,272.7,0,0,0,0,0,0,0,0,220.0000000221022,8,4,0,0,0,0,0,0,0,0,0,7,0.6500000002475275,0.1785714285135633,0,0.6500000002475275,0.1785714285135633,0,0,0,0,0,0,0.6500000002475275,0.1785714285135633,0,0,0,0,0,0,0,0,0,0,0,0,0,0,0
273.6,0.6500000002475275,0.1785714285135633,0,0,0,53.59999997789785,7,0,0,0,273.6,0,0,0,0,0,0,0,0,220.0000000221022,8,4,0,0,0,0,0,0,0,0,0,7,0.6500000002475275,0.1785714285135633,0,0.6500000002475275,0.1785714285135633,0,0,0,0,0,0,0.6500000002475275,0.1785714285135633,0,0,0,0,0,0,0,0,0,0,0,0,0,0,0
274.5,0.6500000002475275,0.1785714285135633,0,0,0,54.49999997789783,7,0,0,0,274.5,0,0,0,0,0,0,0,0,220.0000000221022,8,4,0,0,0,0,0,0,0,0,0,7,0.6500000002475275,0.1785714285135633,0,0.6500000002475275,0.1785714285135633,0,0,0,0,0,0,0.6500000002475275,0.1785714285135633,0,0,0,0,0,0,0,0,0,0,0,0,0,0,0
275.4,0.6500000002475275,0.1785714285135633,0,0,0,55.39999997789781,7,0,0,0,275.4,0,0,0,0,0,0,0,0,220.0000000221022,8,4,0,0,0,0,0,0,0,0,0,7,0.6500000002475275,0.1785714285135633,0,0.6500000002475275,0.1785714285135633,0,0,0,0,0,0,0.6500000002475275,0.1785714285135633,0,0,0,0,0,0,0,0,0,0,0,0,0,0,0
276.3,0.6500000002475275,0.1785714285135633,0,0,0,56.29999997789784,7,0,0,0,276.3,0,0,0,0,0,0,0,0,220.0000000221022,8,4,0,0,0,0,0,0,0,0,0,7,0.6500000002475275,0.1785714285135633,0,0.6500000002475275,0.1785714285135633,0,0,0,0,0,0,0.6500000002475275,0.1785714285135633,0,0,0,0,0,0,0,0,0,0,0,0,0,0,0
277.2,0.6500000002475275,0.1785714285135633,0,0,0,57.19999997789782,7,0,0,0,277.2,0,0,0,0,0,0,0,0,220.0000000221022,8,4,0,0,0,0,0,0,0,0,0,7,0.6500000002475275,0.1785714285135633,0,0.6500000002475275,0.1785714285135633,0,0,0,0,0,0,0.6500000002475275,0.1785714285135633,0,0,0,0,0,0,0,0,0,0,0,0,0,0,0
278.1,0.6500000002475275,0.1785714285135633,0,0,0,58.09999997789785,7,0,0,0,278.1,0,0,0,0,0,0,0,0,220.0000000221022,8,4,0,0,0,0,0,0,0,0,0,7,0.6500000002475275,0.1785714285135633,0,0.6500000002475275,0.1785714285135633,0,0,0,0,0,0,0.6500000002475275,0.1785714285135633,0,0,0,0,0,0,0,0,0,0,0,0,0,0,0
279,0.6500000002475275,0.1785714285135633,0,0,0,58.99999997789783,7,0,0,0,279,0,0,0,0,0,0,0,0,220.0000000221022,8,4,0,0,0,0,0,0,0,0,0,7,0.6500000002475275,0.1785714285135633,0,0.6500000002475275,0.1785714285135633,0,0,0,0,0,0,0.6500000002475275,0.1785714285135633,0,0,0,0,0,0,0,0,0,0,0,0,0,0,0
279.9,0.6500000002475275,0.1785714285135633,0,0,0,59.89999997789781,7,0,0,0,279.9,0,0,0,0,0,0,0,0,220.0000000221022,8,4,0,0,0,0,0,0,0,0,0,7,0.6500000002475275,0.1785714285135633,0,0.6500000002475275,0.1785714285135633,0,0,0,0,0,0,0.6500000002475275,0.1785714285135633,0,0,0,0,0,0,0,0,0,0,0,0,0,0,0
280.0000000281032,0.6500000002475275,0.1785714285135633,0,0,0,60.00000000600099,7,0,0,0,280.0000000281032,0,0,0,0,0,0,0,0,220.0000000221022,8,4,0,0,0,0,0,0,0,0,0,7,0.6500000002475275,0.1785714285135633,0,0.6500000002475275,0.1785714285135633,0,0,0,0,0,0,0.6500000002475275,0.1785714285135633,0,0,0,0,0,0,0,0,0,0,0,0,0,0,0
280.0000000281032,0.6500000002475275,0.1785714285135633,-0.00375,0.003214285714285714,0,0,3,0,1,0,280.0000000281032,0,1,0,0,1,0,0,0,280.0000000281032,4,4,0,0,1,0,0,0,0,1,0,3,0.6500000002475275,0.1785714285135633,0,0.6500000002475275,0.1785714285135633,0,1,0,0,1,0,0.6500000002475275,0.1785714285135633,0,1,0,0,0,1,1,0,0,0,1,0,0,1,0
280.2000000281217,0.6492500002474578,0.1792142856564801,-0.00375,0.003214285714285714,0,0.2000000000185764,3,0,1,0,280.2000000281217,0,1,0,0,1,0,0,0,280.0000000281032,4,4,0,0,1,0,0,0,0,1,0,3,0.6492500002474578,0.1792142856564801,0,0.6492500002474578,0.1792142856564801,0,1,0,0,1,0,0.6492500002474578,0.1792142856564801,0,1,0,0,0,1,1,0,0,0,1,0,0,1,0
280.2000000281217,0.6492500002474578,0.1792142856564801,-0.00375,0.003214285714285714,0,0.2000000000185764,3,0,0,0,280.2000000281217,0,1,0,0,1,0,0,0,280.0000000281032,4,4,0,0,0,0,0,0,0,1,0,3,0.6492500002474578,0.1792142856564801,0,0.6492500002474578,0.1792142856564801,0,1,0,0,0,0,0.6492500002474578,0.1792142856564801,0,1,0,0,0,0,0,0,0,0,1,0,0,1,0
280.8,0.6470000003529144,0.1811428569946602,-0.00375,0.003214285714285714,0,0.7999999718968525,3,0,0,0,280.8,0,1,0,0,1,0,0,0,280.0000000281032,4,4,0,0,0,0,0,0,0,1,0,3,0.6470000003529144,0.1811428569946602,0,0.6470000003529144,0.1811428569946602,0,1,0,0,0,0,0.6470000003529144,0.1811428569946602,0,1,0,0,0,0,0,0,0,0,1,0,0,1,0
281.7,0.6436250003529145,0.1840357141375173,-0.00375,0.003214285714285714,0,1.69999997189683,3,0,0,0,281.7,0,1,0,0,1,0,0,0,280.0000000281032,4,4,0,0,0,0,0,0,0,1,0,3,0.6436250003529145,0.1840357141375173,0,0.6436250003529145,0.1840357141375173,0,1,0,0,0,0,0.6436250003529145,0.1840357141375173,0,1,0,0,0,0,0,0,0,0,1,0,0,1,0
282.6,0.6402500003529144,0.1869285712803745,-0.00375,0.003214285714285714,0,2.599999971896864,3,0,0,0,282.6,0,1,0,0,1,0,0,0,280.0000000281032,4,4,0,0,0,0,0,0,0,1,0,3,0.6402500003529144,0.1869285712803745,0,0.6402500003529144,0.1869285712803745,0,1,0,0,0,0,0.6402500003529144,0.1869285712803745,0,1,0,0,0,0,0,0,0,0,1,0,0,1,0
283.5,0.6368750003529143,0.1898214284232317,-0.00375,0.003214285714285714,0,3.499999971896841,3,0,0,0,283.5,0,1,0,0,1,0,0,0,280.0000000281032,4,4,0,0,0,0,0,0,0,1,0,3,0.6368750003529143,0.1898214284232317,0,0.6368750003529143,0.1898214284232317,0,1,0,0,0,0,0.6368750003529143,0.1898214284232317,0,1,0,0,0,0,0,0,0,0,1,0,0,1,0
284.4,0.6335000003529144,0.1927142855660887,-0.00375,0.003214285714285714,0,4.399999971896818,3,0,0,0,284.4,0,1,0,0,1,0,0,0,280.0000000281032,4,4,0,0,0,0,0,0,0,1,0,3,0.6335000003529144,0.1927142855660887,0,0.6335000003529144,0.1927142855660887,0,1,0,0,0,0,0.6335000003529144,0.1927142855660887,0,1,0,0,0,0,0,0,0,0,1,0,0,1,0
285.3,0.6301250003529143,0.195607142708946,-0.00375,0.003214285714285714,0,5.299999971896852,3,0,0,0,285.3,0,1,0,0,1,0,0,0,280.0000000281032,4,4,0,0,0,0,0,0,0,1,0,3,0.6301250003529143,0.195607142708946,0,0.6301250003529143,0.195607142708946,0,1,0,0,0,0,0.6301250003529143,0.195607142708946,0,1,0,0,0,0,0,0,0,0,1,0,0,1,0
286.2,0.6267500003529144,0.1984999998518031,-0.00375,0.003214285714285714,0,6.19999997189683,3,0,0,0,286.2,0,1,0,0,1,0,0,0,280.0000000281032,4,4,0,0,0,0,0,0,0,1,0,3,0.6267500003529144,0.1984999998518031,0,0.6267500003529144,0.1984999998518031,0,1,0,0,0,0,0.6267500003529144,0.1984999998518031,0,1,0,0,0,0,0,0,0,0,1,0,0,1,0
287.1,0.6233750003529143,0.2013928569946603,-0.00375,0.003214285714285714,0,7.099999971896864,3,0,0,0,287.1,0,1,0,0,1,0,0,0,280.0000000281032,4,4,0,0,0,0,0,0,0,1,0,3,0.6233750003529143,0.2013928569946603,0,0.6233750003529143,0.2013928569946603,0,1,0,0,0,0,0.6233750003529143,0.2013928569946603,0,1,0,0,0,0,0,0,0,0,1,0,0,1,0
288,0.6200000003529144,0.2042857141375173,-0.00375,0.003214285714285714,0,7.999999971896841,3,0,0,0,288,0,1,0,0,1,0,0,0,280.0000000281032,4,4,0,0,0,0,0,0,0,1,0,3,0.6200000003529144,0.2042857141375173,0,0.6200000003529144,0.2042857141375173,0,1,0,0,0,0,0.6200000003529144,0.2042857141375173,0,1,0,0,0,0,0,0,0,0,1,0,0,1,0
288.9,0.6166250003529145,0.2071785712803744,-0.00375,0.003214285714285714,0,8.899999971896818,3,0,0,0,288.9,0,1,0,0,1,0,0,0,280.0000000281032,4,4,0,0,0,0,0,0,0,1,0,3,0.6166250003529145,0.2071785712803744,0,0.6166250003529145,0.2071785712803744,0,1,0,0,0,0,0.6166250003529145,0.2071785712803744,0,1,0,0,0,0,0,0,0,0,1,0,0,1,0
289.8,0.6132500003529143,0.2100714284232317,-0.00375,0.003214285714285714,0,9.799999971896852,3,0,0,0,289.8,0,1,0,0,1,0,0,0,280.0000000281032,4,4,0,0,0,0,0,0,0,1,0,3,0.6132500003529143,0.2100714284232317,0,0.6132500003529143,0.2100714284232317,0,1,0,0,0,0,0.6132500003529143,0.2100714284232317,0,1,0,0,0,0,0,0,0,0,1,0,0,1,0
290.7,0.6098750003529144,0.2129642855660887,-0.00375,0.003214285714285714,0,10.69999997189683,3,0,0,0,290.7,0,1,0,0,1,0,0,0,280.0000000281032,4,4,0,0,0,0,0,0,0,1,0,3,0.6098750003529144,0.2129642855660887,0,0.6098750003529144,0.2129642855660887,0,1,0,0,0,0,0.6098750003529144,0.2129642855660887,0,1,0,0,0,0,0,0,0,0,1,0,0,1,0
291.6,0.6065000003529143,0.215857142708946,-0.00375,0.003214285714285714,0,11.59999997189686,3,0,0,0,291.6,0,1,0,0,1,0,0,0,280.0000000281032,4,4,0,0,0,0,0,0,0,1,0,3,0.6065000003529143,0.215857142708946,0,0.6065000003529143,0.215857142708946,0,1,0,0,0,0,0.6065000003529143,0.215857142708946,0,1,0,0,0,0,0,0,0,0,1,0,0,1,0
292.5,0.6031250003529144,0.218749999851803,-0.00375,0.003214285714285714,0,12.49999997189684,3,0,0,0,292.5,0,1,0,0,1,0,0,0,280.0000000281032,4,4,0,0,0,0,0,0,0,1,0,3,0.6031250003529144,0.218749999851803,0,0.6031250003529144,0.218749999851803,0,1,0,0,0,0,0.6031250003529144,0.218749999851803,0,1,0,0,0,0,0,0,0,0,1,0,0,1,0
293.4,0.5997500003529145,0.2216428569946602,-0.00375,0.003214285714285714,0,13.39999997189682,3,0,0,0,293.4,0,1,0,0,1,0,0,0,280.0000000281032,4,4,0,0,0,0,0,0,0,1,0,3,0.5997500003529145,0.2216428569946602,0,0.5997500003529145,0.2216428569946602,0,1,0,0,0,0,0.5997500003529145,0.2216428569946602,0,1,0,0,0,0,0,0,0,0,1,0,0,1,0
294.3,0.5963750003529144,0.2245357141375175,-0.00375,0.003214285714285714,0,14.29999997189685,3,0,0,0,294.3,0,1,0,0,1,0,0,0,280.0000000281032,4,4,0,0,0,0,0,0,0,1,0,3,0.5963750003529144,0.2245357141375175,0,0.5963750003529144,0.2245357141375175,0,1,0,0,0,0,0.5963750003529144,0.2245357141375175,0,1,0,0,0,0,0,0,0,0,1,0,0,1,0
295.2,0.5930000003529144,0.2274285712803745,-0.00375,0.003214285714285714,0,15.19999997189683,3,0,0,0,295.2,0,1,0,0,1,0,0,0,280.0000000281032,4,4,0,0,0,0,0,0,0,1,0,3,0.5930000003529144,0.2274285712803745,0,0.5930000003529144,0.2274285712803745,0,1,0,0,0,0,0.5930000003529144,0.2274285712803745,0,1,0,0,0,0,0,0,0,0,1,0,0,1,0
296.1,0.5896250003529143,0.2303214284232318,-0.00375,0.003214285714285714,0,16.09999997189686,3,0,0,0,296.1,0,1,0,0,1,0,0,0,280.0000000281032,4,4,0,0,0,0,0,0,0,1,0,3,0.5896250003529143,0.2303214284232318,0,0.5896250003529143,0.2303214284232318,0,1,0,0,0,0,0.5896250003529143,0.2303214284232318,0,1,0,0,0,0,0,0,0,0,1,0,0,1,0
297,0.5862500003529144,0.2332142855660889,-0.00375,0.003214285714285714,0,16.99999997189684,3,0,0,0,297,0,1,0,0,1,0,0,0,280.0000000281032,4,4,0,0,0,0,0,0,0,1,0,3,0.5862500003529144,0.2332142855660889,0,0.5862500003529144,0.2332142855660889,0,1,0,0,0,0,0.5862500003529144,0.2332142855660889,0,1,0,0,0,0,0,0,0,0,1,0,0,1,0
297.9,0.5828750003529144,0.2361071427089459,-0.00375,0.003214285714285714,0,17.89999997189682,3,0,0,0,297.9,0,1,0,0,1,0,0,0,280.0000000281032,4,4,0,0,0,0,0,0,0,1,0,3,0.5828750003529144,0.2361071427089459,0,0.5828750003529144,0.2361071427089459,0,1,0,0,0,0,0.5828750003529144,0.2361071427089459,0,1,0,0,0,0,0,0,0,0,1,0,0,1,0
298.8,0.5795000003529143,0.2389999998518032,-0.00375,0.003214285714285714,0,18.79999997189685,3,0,0,0,298.8,0,1,0,0,1,0,0,0,280.0000000281032,4,4,0,0,0,0,0,0,0,1,0,3,0.5795000003529143,0.2389999998518032,0,0.5795000003529143,0.2389999998518032,0,1,0,0,0,0,0.5795000003529143,0.2389999998518032,0,1,0,0,0,0,0,0,0,0,1,0,0,1,0
299.7,0.5761250003529144,0.2418928569946602,-0.00375,0.003214285714285714,0,19.69999997189683,3,0,0,0,299.7,0,1,0,0,1,0,0,0,280.0000000281032,4,4,0,0,0,0,0,0,0,1,0,3,0.5761250003529144,0.2418928569946602,0,0.5761250003529144,0.2418928569946602,0,1,0,0,0,0,0.5761250003529144,0.2418928569946602,0,1,0,0,0,0,0,0,0,0,1,0,0,1,0
300.6,0.5727500003529142,0.2447857141375175,-0.00375,0.003214285714285714,0,20.59999997189686,3,0,0,0,300.6,0,1,0,0,1,0,0,0,280.0000000281032,4,4,0,0,0,0,0,0,0,1,0,3,0.5727500003529142,0.2447857141375175,0,0.5727500003529142,0.2447857141375175,0,1,0,0,0,0,0.5727500003529142,0.2447857141375175,0,1,0,0,0,0,0,0,0,0,1,0,0,1,0
301.5,0.5693750003529143,0.2476785712803746,-0.00375,0.003214285714285714,0,21.49999997189684,3,0,0,0,301.5,0,1,0,0,1,0,0,0,280.0000000281032,4,4,0,0,0,0,0,0,0,1,0,3,0.5693750003529143,0.2476785712803746,0,0.5693750003529143,0.2476785712803746,0,1,0,0,0,0,0.5693750003529143,0.2476785712803746,0,1,0,0,0,0,0,0,0,0,1,0,0,1,0
302.4,0.5660000003529144,0.2505714284232317,-0.00375,0.003214285714285714,0,22.39999997189682,3,0,0,0,302.4,0,1,0,0,1,0,0,0,280.0000000281032,4,4,0,0,0,0,0,0,0,1,0,3,0.5660000003529144,0.2505714284232317,0,0.5660000003529144,0.2505714284232317,0,1,0,0,0,0,0.5660000003529144,0.2505714284232317,0,1,0,0,0,0,0,0,0,0,1,0,0,1,0
303.3,0.5626250003529143,0.2534642855660889,-0.00375,0.003214285714285714,0,23.29999997189685,3,0,0,0,303.3,0,1,0,0,1,0,0,0,280.0000000281032,4,4,0,0,0,0,0,0,0,1,0,3,0.5626250003529143,0.2534642855660889,0,0.5626250003529143,0.2534642855660889,0,1,0,0,0,0,0.5626250003529143,0.2534642855660889,0,1,0,0,0,0,0,0,0,0,1,0,0,1,0
304.2,0.5592500003529144,0.2563571427089459,-0.00375,0.003214285714285714,0,24.19999997189683,3,0,0,0,304.2,0,1,0,0,1,0,0,0,280.0000000281032,4,4,0,0,0,0,0,0,0,1,0,3,0.5592500003529144,0.2563571427089459,0,0.5592500003529144,0.2563571427089459,0,1,0,0,0,0,0.5592500003529144,0.2563571427089459,0,1,0,0,0,0,0,0,0,0,1,0,0,1,0
305.1,0.5558750003529143,0.2592499998518032,-0.00375,0.003214285714285714,0,25.09999997189686,3,0,0,0,305.1,0,1,0,0,1,0,0,0,280.0000000281032,4,4,0,0,0,0,0,0,0,1,0,3,0.5558750003529143,0.2592499998518032,0,0.5558750003529143,0.2592499998518032,0,1,0,0,0,0,0.5558750003529143,0.2592499998518032,0,1,0,0,0,0,0,0,0,0,1,0,0,1,0
306,0.5525000003529144,0.2621428569946603,-0.00375,0.003214285714285714,0,25.99999997189684,3,0,0,0,306,0,1,0,0,1,0,0,0,280.0000000281032,4,4,0,0,0,0,0,0,0,1,0,3,0.5525000003529144,0.2621428569946603,0,0.5525000003529144,0.2621428569946603,0,1,0,0,0,0,0.5525000003529144,0.2621428569946603,0,1,0,0,0,0,0,0,0,0,1,0,0,1,0
306.9,0.5491250003529144,0.2650357141375173,-0.00375,0.003214285714285714,0,26.89999997189682,3,0,0,0,306.9,0,1,0,0,1,0,0,0,280.0000000281032,4,4,0,0,0,0,0,0,0,1,0,3,0.5491250003529144,0.2650357141375173,0,0.5491250003529144,0.2650357141375173,0,1,0,0,0,0,0.5491250003529144,0.2650357141375173,0,1,0,0,0,0,0,0,0,0,1,0,0,1,0
307.8,0.5457500003529143,0.2679285712803745,-0.00375,0.003214285714285714,0,27.79999997189685,3,0,0,0,307.8,0,1,0,0,1,0,0,0,280.0000000281032,4,4,0,0,0,0,0,0,0,1,0,3,0.5457500003529143,0.2679285712803745,0,0.5457500003529143,0.2679285712803745,0,1,0,0,0,0,0.5457500003529143,0.2679285712803745,0,1,0,0,0,0,0,0,0,0,1,0,0,1,0
308.7,0.5423750003529144,0.2708214284232316,-0.00375,0.003214285714285714,0,28.69999997189683,3,0,0,0,308.7,0,1,0,0,1,0,0,0,280.0000000281032,4,4,0,0,0,0,0,0,0,1,0,3,0.5423750003529144,0.2708214284232316,0,0.5423750003529144,0.2708214284232316,0,1,0,0,0,0,0.5423750003529144,0.2708214284232316,0,1,0,0,0,0,0,0,0,0,1,0,0,1,0
309.6,0.5390000003529143,0.2737142855660888,-0.00375,0.003214285714285714,0,29.59999997189686,3,0,0,0,309.6,0,1,0,0,1,0,0,0,280.0000000281032,4,4,0,0,0,0,0,0,0,1,0,3,0.5390000003529143,0.2737142855660888,0,0.5390000003529143,0.2737142855660888,0,1,0,0,0,0,0.5390000003529143,0.2737142855660888,0,1,0,0,0,0,0,0,0,0,1,0,0,1,0
310.5,0.5356250003529144,0.2766071427089459,-0.00375,0.003214285714285714,0,30.49999997189684,3,0,0,0,310.5,0,1,0,0,1,0,0,0,280.0000000281032,4,4,0,0,0,0,0,0,0,1,0,3,0.5356250003529144,0.2766071427089459,0,0.5356250003529144,0.2766071427089459,0,1,0,0,0,0,0.5356250003529144,0.2766071427089459,0,1,0,0,0,0,0,0,0,0,1,0,0,1,0
311.4,0.5322500003529145,0.279499999851803,-0.00375,0.003214285714285714,0,31.39999997189682,3,0,0,0,311.4,0,1,0,0,1,0,0,0,280.0000000281032,4,4,0,0,0,0,0,0,0,1,0,3,0.5322500003529145,0.279499999851803,0,0.5322500003529145,0.279499999851803,0,1,0,0,0,0,0.5322500003529145,0.279499999851803,0,1,0,0,0,0,0,0,0,0,1,0,0,1,0
312.3,0.5288750003529143,0.2823928569946603,-0.00375,0.003214285714285714,0,32.29999997189685,3,0,0,0,312.3,0,1,0,0,1,0,0,0,280.0000000281032,4,4,0,0,0,0,0,0,0,1,0,3,0.5288750003529143,0.2823928569946603,0,0.5288750003529143,0.2823928569946603,0,1,0,0,0,0,0.5288750003529143,0.2823928569946603,0,1,0,0,0,0,0,0,0,0,1,0,0,1,0
313.2,0.5255000003529144,0.2852857141375173,-0.00375,0.003214285714285714,0,33.19999997189683,3,0,0,0,313.2,0,1,0,0,1,0,0,0,280.0000000281032,4,4,0,0,0,0,0,0,0,1,0,3,0.5255000003529144,0.2852857141375173,0,0.5255000003529144,0.2852857141375173,0,1,0,0,0,0,0.5255000003529144,0.2852857141375173,0,1,0,0,0,0,0,0,0,0,1,0,0,1,0
314.1,0.5221250003529143,0.2881785712803746,-0.00375,0.003214285714285714,0,34.09999997189686,3,0,0,0,314.1,0,1,0,0,1,0,0,0,280.0000000281032,4,4,0,0,0,0,0,0,0,1,0,3,0.5221250003529143,0.2881785712803746,0,0.5221250003529143,0.2881785712803746,0,1,0,0,0,0,0.5221250003529143,0.2881785712803746,0,1,0,0,0,0,0,0,0,0,1,0,0,1,0
315,0.5187500003529144,0.2910714284232316,-0.00375,0.003214285714285714,0,34.99999997189684,3,0,0,0,315,0,1,0,0,1,0,0,0,280.0000000281032,4,4,0,0,0,0,0,0,0,1,0,3,0.5187500003529144,0.2910714284232316,0,0.5187500003529144,0.2910714284232316,0,1,0,0,0,0,0.5187500003529144,0.2910714284232316,0,1,0,0,0,0,0,0,0,0,1,0,0,1,0
315.9,0.5153750003529145,0.2939642855660887,-0.00375,0.003214285714285714,0,35.89999997189682,3,0,0,0,315.9,0,1,0,0,1,0,0,0,280.0000000281032,4,4,0,0,0,0,0,0,0,1,0,3,0.5153750003529145,0.2939642855660887,0,0.5153750003529145,0.2939642855660887,0,1,0,0,0,0,0.5153750003529145,0.2939642855660887,0,1,0,0,0,0,0,0,0,0,1,0,0,1,0
316.8,0.5120000003529144,0.296857142708946,-0.00375,0.003214285714285714,0,36.79999997189685,3,0,0,0,316.8,0,1,0,0,1,0,0,0,280.0000000281032,4,4,0,0,0,0,0,0,0,1,0,3,0.5120000003529144,0.296857142708946,0,0.5120000003529144,0.296857142708946,0,1,0,0,0,0,0.5120000003529144,0.296857142708946,0,1,0,0,0,0,0,0,0,0,1,0,0,1,0
317.7,0.5086250003529145,0.2997499998518031,-0.00375,0.003214285714285714,0,37.69999997189683,3,0,0,0,317.7,0,1,0,0,1,0,0,0,280.0000000281032,4,4,0,0,0,0,0,0,0,1,0,3,0.5086250003529145,0.2997499998518031,0,0.5086250003529145,0.2997499998518031,0,1,0,0,0,0,0.5086250003529145,0.2997499998518031,0,1,0,0,0,0,0,0,0,0,1,0,0,1,0
318.6,0.5052500003529143,0.3026428569946603,-0.00375,0.003214285714285714,0,38.59999997189686,3,0,0,0,318.6,0,1,0,0,1,0,0,0,280.0000000281032,4,4,0,0,0,0,0,0,0,1,0,3,0.5052500003529143,0.3026428569946603,0,0.5052500003529143,0.3026428569946603,0,1,0,0,0,0,0.5052500003529143,0.3026428569946603,0,1,0,0,0,0,0,0,0,0,1,0,0,1,0
319.5,0.5018750003529144,0.3055357141375173,-0.00375,0.003214285714285714,0,39.49999997189684,3,0,0,0,319.5,0,1,0,0,1,0,0,0,280.0000000281032,4,4,0,0,0,0,0,0,0,1,0,3,0.5018750003529144,0.3055357141375173,0,0.5018750003529144,0.3055357141375173,0,1,0,0,0,0,0.5018750003529144,0.3055357141375173,0,1,0,0,0,0,0,0,0,0,1,0,0,1,0
320.4,0.4985000003529145,0.3084285712803744,-0.00375,0.003214285714285714,0,40.39999997189682,3,0,0,0,320.4,0,1,0,0,1,0,0,0,280.0000000281032,4,4,0,0,0,0,0,0,0,1,0,3,0.4985000003529145,0.3084285712803744,0,0.4985000003529145,0.3084285712803744,0,1,0,0,0,0,0.4985000003529145,0.3084285712803744,0,1,0,0,0,0,0,0,0,0,1,0,0,1,0
321.3,0.4951250003529144,0.3113214284232317,-0.00375,0.003214285714285714,0,41.29999997189685,3,0,0,0,321.3,0,1,0,0,1,0,0,0,280.0000000281032,4,4,0,0,0,0,0,0,0,1,0,3,0.4951250003529144,0.3113214284232317,0,0.4951250003529144,0.3113214284232317,0,1,0,0,0,0,0.4951250003529144,0.3113214284232317,0,1,0,0,0,0,0,0,0,0,1,0,0,1,0
322.2,0.4917500003529144,0.3142142855660888,-0.00375,0.003214285714285714,0,42.19999997189683,3,0,0,0,322.2,0,1,0,0,1,0,0,0,280.0000000281032,4,4,0,0,0,0,0,0,0,1,0,3,0.4917500003529144,0.3142142855660888,0,0.4917500003529144,0.3142142855660888,0,1,0,0,0,0,0.4917500003529144,0.3142142855660888,0,1,0,0,0,0,0,0,0,0,1,0,0,1,0
323.1,0.4883750003529143,0.317107142708946,-0.00375,0.003214285714285714,0,43.09999997189686,3,0,0,0,323.1,0,1,0,0,1,0,0,0,280.0000000281032,4,4,0,0,0,0,0,0,0,1,0,3,0.4883750003529143,0.317107142708946,0,0.4883750003529143,0.317107142708946,0,1,0,0,0,0,0.4883750003529143,0.317107142708946,0,1,0,0,0,0,0,0,0,0,1,0,0,1,0
324,0.4850000003529144,0.3199999998518031,-0.00375,0.003214285714285714,0,43.99999997189684,3,0,0,0,324,0,1,0,0,1,0,0,0,280.0000000281032,4,4,0,0,0,0,0,0,0,1,0,3,0.4850000003529144,0.3199999998518031,0,0.4850000003529144,0.3199999998518031,0,1,0,0,0,0,0.4850000003529144,0.3199999998518031,0,1,0,0,0,0,0,0,0,0,1,0,0,1,0
324.9,0.4816250003529145,0.3228928569946601,-0.00375,0.003214285714285714,0,44.89999997189682,3,0,0,0,324.9,0,1,0,0,1,0,0,0,280.0000000281032,4,4,0,0,0,0,0,0,0,1,0,3,0.4816250003529145,0.3228928569946601,0,0.4816250003529145,0.3228928569946601,0,1,0,0,0,0,0.4816250003529145,0.3228928569946601,0,1,0,0,0,0,0,0,0,0,1,0,0,1,0
325.8,0.4782500003529144,0.3257857141375174,-0.00375,0.003214285714285714,0,45.79999997189685,3,0,0,0,325.8,0,1,0,0,1,0,0,0,280.0000000281032,4,4,0,0,0,0,0,0,0,1,0,3,0.4782500003529144,0.3257857141375174,0,0.4782500003529144,0.3257857141375174,0,1,0,0,0,0,0.4782500003529144,0.3257857141375174,0,1,0,0,0,0,0,0,0,0,1,0,0,1,0
326.7,0.4748750003529145,0.3286785712803745,-0.00375,0.003214285714285714,0,46.69999997189683,3,0,0,0,326.7,0,1,0,0,1,0,0,0,280.0000000281032,4,4,0,0,0,0,0,0,0,1,0,3,0.4748750003529145,0.3286785712803745,0,0.4748750003529145,0.3286785712803745,0,1,0,0,0,0,0.4748750003529145,0.3286785712803745,0,1,0,0,0,0,0,0,0,0,1,0,0,1,0
327.6,0.4715000003529143,0.3315714284232317,-0.00375,0.003214285714285714,0,47.59999997189686,3,0,0,0,327.6,0,1,0,0,1,0,0,0,280.0000000281032,4,4,0,0,0,0,0,0,0,1,0,3,0.4715000003529143,0.3315714284232317,0,0.4715000003529143,0.3315714284232317,0,1,0,0,0,0,0.4715000003529143,0.3315714284232317,0,1,0,0,0,0,0,0,0,0,1,0,0,1,0
328.5,0.4681250003529144,0.3344642855660888,-0.00375,0.003214285714285714,0,48.49999997189684,3,0,0,0,328.5,0,1,0,0,1,0,0,0,280.0000000281032,4,4,0,0,0,0,0,0,0,1,0,3,0.4681250003529144,0.3344642855660888,0,0.4681250003529144,0.3344642855660888,0,1,0,0,0,0,0.4681250003529144,0.3344642855660888,0,1,0,0,0,0,0,0,0,0,1,0,0,1,0
329.4,0.4647500003529145,0.3373571427089458,-0.00375,0.003214285714285714,0,49.39999997189682,3,0,0,0,329.4,0,1,0,0,1,0,0,0,280.0000000281032,4,4,0,0,0,0,0,0,0,1,0,3,0.4647500003529145,0.3373571427089458,0,0.4647500003529145,0.3373571427089458,0,1,0,0,0,0,0.4647500003529145,0.3373571427089458,0,1,0,0,0,0,0,0,0,0,1,0,0,1,0
330.3,0.4613750003529143,0.3402499998518031,-0.00375,0.003214285714285714,0,50.29999997189685,3,0,0,0,330.3,0,1,0,0,1,0,0,0,280.0000000281032,4,4,0,0,0,0,0,0,0,1,0,3,0.4613750003529143,0.3402499998518031,0,0.4613750003529143,0.3402499998518031,0,1,0,0,0,0,0.4613750003529143,0.3402499998518031,0,1,0,0,0,0,0,0,0,0,1,0,0,1,0
331.2,0.4580000003529144,0.3431428569946602,-0.00375,0.003214285714285714,0,51.19999997189683,3,0,0,0,331.2,0,1,0,0,1,0,0,0,280.0000000281032,4,4,0,0,0,0,0,0,0,1,0,3,0.4580000003529144,0.3431428569946602,0,0.4580000003529144,0.3431428569946602,0,1,0,0,0,0,0.4580000003529144,0.3431428569946602,0,1,0,0,0,0,0,0,0,0,1,0,0,1,0
332.1,0.4546250003529143,0.3460357141375174,-0.00375,0.003214285714285714,0,52.09999997189686,3,0,0,0,332.1,0,1,0,0,1,0,0,0,280.0000000281032,4,4,0,0,0,0,0,0,0,1,0,3,0.4546250003529143,0.3460357141375174,0,0.4546250003529143,0.3460357141375174,0,1,0,0,0,0,0.4546250003529143,0.3460357141375174,0,1,0,0,0,0,0,0,0,0,1,0,0,1,0
333,0.4512500003529145,0.3489285712803744,-0.00375,0.003214285714285714,0,52.99999997189684,3,0,0,0,333,0,1,0,0,1,0,0,0,280.0000000281032,4,4,0,0,0,0,0,0,0,1,0,3,0.4512500003529145,0.3489285712803744,0,0.4512500003529145,0.3489285712803744,0,1,0,0,0,0,0.4512500003529145,0.3489285712803744,0,1,0,0,0,0,0,0,0,0,1,0,0,1,0
333.9,0.4478750003529146,0.3518214284232314,-0.00375,0.003214285714285714,0,53.89999997189682,3,0,0,0,333.9,0,1,0,0,1,0,0,0,280.0000000281032,4,4,0,0,0,0,0,0,0,1,0,3,0.4478750003529146,0.3518214284232314,0,0.4478750003529146,0.3518214284232314,0,1,0,0,0,0,0.4478750003529146,0.3518214284232314,0,1,0,0,0,0,0,0,0,0,1,0,0,1,0
334.8,0.4445000003529145,0.3547142855660886,-0.00375,0.003214285714285714,0,54.79999997189685,3,0,0,0,334.8,0,1,0,0,1,0,0,0,280.0000000281032,4,4,0,0,0,0,0,0,0,1,0,3,0.4445000003529145,0.3547142855660886,0,0.4445000003529145,0.3547142855660886,0,1,0,0,0,0,0.4445000003529145,0.3547142855660886,0,1,0,0,0,0,0,0,0,0,1,0,0,1,0
335.7,0.4411250003529146,0.3576071427089458,-0.00375,0.003214285714285714,0,55.69999997189683,3,0,0,0,335.7,0,1,0,0,1,0,0,0,280.0000000281032,4,4,0,0,0,0,0,0,0,1,0,3,0.4411250003529146,0.3576071427089458,0,0.4411250003529146,0.3576071427089458,0,1,0,0,0,0,0.4411250003529146,0.3576071427089458,0,1,0,0,0,0,0,0,0,0,1,0,0,1,0
336.6,0.4377500003529144,0.360499999851803,-0.00375,0.003214285714285714,0,56.59999997189686,3,0,0,0,336.6,0,1,0,0,1,0,0,0,280.0000000281032,4,4,0,0,0,0,0,0,0,1,0,3,0.4377500003529144,0.360499999851803,0,0.4377500003529144,0.360499999851803,0,1,0,0,0,0,0.4377500003529144,0.360499999851803,0,1,0,0,0,0,0,0,0,0,1,0,0,1,0
337.5,0.4343750003529145,0.3633928569946601,-0.00375,0.003214285714285714,0,57.49999997189684,3,0,0,0,337.5,0,1,0,0,1,0,0,0,280.0000000281032,4,4,0,0,0,0,0,0,0,1,0,3,0.4343750003529145,0.3633928569946601,0,0.4343750003529145,0.3633928569946601,0,1,0,0,0,0,0.4343750003529145,0.3633928569946601,0,1,0,0,0,0,0,0,0,0,1,0,0,1,0
338.4,0.4310000003529146,0.3662857141375171,-0.00375,0.003214285714285714,0,58.39999997189682,3,0,0,0,338.4,0,1,0,0,1,0,0,0,280.0000000281032,4,4,0,0,0,0,0,0,0,1,0,3,0.4310000003529146,0.3662857141375171,0,0.4310000003529146,0.3662857141375171,0,1,0,0,0,0,0.4310000003529146,0.3662857141375171,0,1,0,0,0,0,0,0,0,0,1,0,0,1,0
339.3,0.4276250003529145,0.3691785712803744,-0.00375,0.003214285714285714,0,59.29999997189685,3,0,0,0,339.3,0,1,0,0,1,0,0,0,280.0000000281032,4,4,0,0,0,0,0,0,0,1,0,3,0.4276250003529145,0.3691785712803744,0,0.4276250003529145,0.3691785712803744,0,1,0,0,0,0,0.4276250003529145,0.3691785712803744,0,1,0,0,0,0,0,0,0,0,1,0,0,1,0
340.2,0.4242500003529146,0.3720714284232315,-0.00375,0.003214285714285714,0,60.19999997189683,3,0,0,0,340.2,0,1,0,0,1,0,0,0,280.0000000281032,4,4,0,0,0,0,0,0,0,1,0,3,0.4242500003529146,0.3720714284232315,0,0.4242500003529146,0.3720714284232315,0,1,0,0,0,0,0.4242500003529146,0.3720714284232315,0,1,0,0,0,0,0,0,0,0,1,0,0,1,0
341.1,0.4208750003529145,0.3749642855660887,-0.00375,0.003214285714285714,0,61.09999997189686,3,0,0,0,341.1,0,1,0,0,1,0,0,0,280.0000000281032,4,4,0,0,0,0,0,0,0,1,0,3,0.4208750003529145,0.3749642855660887,0,0.4208750003529145,0.3749642855660887,0,1,0,0,0,0,0.4208750003529145,0.3749642855660887,0,1,0,0,0,0,0,0,0,0,1,0,0,1,0
342,0.4175000003529145,0.3778571427089458,-0.00375,0.003214285714285714,0,61.99999997189684,3,0,0,0,342,0,1,0,0,1,0,0,0,280.0000000281032,4,4,0,0,0,0,0,0,0,1,0,3,0.4175000003529145,0.3778571427089458,0,0.4175000003529145,0.3778571427089458,0,1,0,0,0,0,0.4175000003529145,0.3778571427089458,0,1,0,0,0,0,0,0,0,0,1,0,0,1,0
342.9,0.4141250003529146,0.3807499998518029,-0.00375,0.003214285714285714,0,62.89999997189682,3,0,0,0,342.9,0,1,0,0,1,0,0,0,280.0000000281032,4,4,0,0,0,0,0,0,0,1,0,3,0.4141250003529146,0.3807499998518029,0,0.4141250003529146,0.3807499998518029,0,1,0,0,0,0,0.4141250003529146,0.3807499998518029,0,1,0,0,0,0,0,0,0,0,1,0,0,1,0
343.8,0.4107500003529145,0.3836428569946601,-0.00375,0.003214285714285714,0,63.79999997189685,3,0,0,0,343.8,0,1,0,0,1,0,0,0,280.0000000281032,4,4,0,0,0,0,0,0,0,1,0,3,0.4107500003529145,0.3836428569946601,0,0.4107500003529145,0.3836428569946601,0,1,0,0,0,0,0.4107500003529145,0.3836428569946601,0,1,0,0,0,0,0,0,0,0,1,0,0,1,0
344.7,0.4073750003529145,0.3865357141375172,-0.00375,0.003214285714285714,0,64.69999997189683,3,0,0,0,344.7,0,1,0,0,1,0,0,0,280.0000000281032,4,4,0,0,0,0,0,0,0,1,0,3,0.4073750003529145,0.3865357141375172,0,0.4073750003529145,0.3865357141375172,0,1,0,0,0,0,0.4073750003529145,0.3865357141375172,0,1,0,0,0,0,0,0,0,0,1,0,0,1,0
345.6,0.4040000003529144,0.3894285712803744,-0.00375,0.003214285714285714,0,65.59999997189686,3,0,0,0,345.6,0,1,0,0,1,0,0,0,280.0000000281032,4,4,0,0,0,0,0,0,0,1,0,3,0.4040000003529144,0.3894285712803744,0,0.4040000003529144,0.3894285712803744,0,1,0,0,0,0,0.4040000003529144,0.3894285712803744,0,1,0,0,0,0,0,0,0,0,1,0,0,1,0
346.5,0.4006250003529145,0.3923214284232315,-0.00375,0.003214285714285714,0,66.49999997189684,3,0,0,0,346.5,0,1,0,0,1,0,0,0,280.0000000281032,4,4,0,0,0,0,0,0,0,1,0,3,0.4006250003529145,0.3923214284232315,0,0.4006250003529145,0.3923214284232315,0,1,0,0,0,0,0.4006250003529145,0.3923214284232315,0,1,0,0,0,0,0,0,0,0,1,0,0,1,0
347.4,0.3972500003529146,0.3952142855660886,-0.00375,0.003214285714285714,0,67.39999997189682,3,0,0,0,347.4,0,1,0,0,1,0,0,0,280.0000000281032,4,4,0,0,0,0,0,0,0,1,0,3,0.3972500003529146,0.3952142855660886,0,0.3972500003529146,0.3952142855660886,0,1,0,0,0,0,0.3972500003529146,0.3952142855660886,0,1,0,0,0,0,0,0,0,0,1,0,0,1,0
348.3,0.3938750003529145,0.3981071427089458,-0.00375,0.003214285714285714,0,68.29999997189685,3,0,0,0,348.3,0,1,0,0,1,0,0,0,280.0000000281032,4,4,0,0,0,0,0,0,0,1,0,3,0.3938750003529145,0.3981071427089458,0,0.3938750003529145,0.3981071427089458,0,1,0,0,0,0,0.3938750003529145,0.3981071427089458,0,1,0,0,0,0,0,0,0,0,1,0,0,1,0
349.2,0.3905000003529145,0.4009999998518029,-0.00375,0.003214285714285714,0,69.19999997189683,3,0,0,0,349.2,0,1,0,0,1,0,0,0,280.0000000281032,4,4,0,0,0,0,0,0,0,1,0,3,0.3905000003529145,0.4009999998518029,0,0.3905000003529145,0.4009999998518029,0,1,0,0,0,0,0.3905000003529145,0.4009999998518029,0,1,0,0,0,0,0,0,0,0,1,0,0,1,0
350.1,0.3871250003529144,0.4038928569946602,-0.00375,0.003214285714285714,0,70.09999997189686,3,0,0,0,350.1,0,1,0,0,1,0,0,0,280.0000000281032,4,4,0,0,0,0,0,0,0,1,0,3,0.3871250003529144,0.4038928569946602,0,0.3871250003529144,0.4038928569946602,0,1,0,0,0,0,0.3871250003529144,0.4038928569946602,0,1,0,0,0,0,0,0,0,0,1,0,0,1,0
351,0.3837500003529145,0.4067857141375172,-0.00375,0.003214285714285714,0,70.99999997189684,3,0,0,0,351,0,1,0,0,1,0,0,0,280.0000000281032,4,4,0,0,0,0,0,0,0,1,0,3,0.3837500003529145,0.4067857141375172,0,0.3837500003529145,0.4067857141375172,0,1,0,0,0,0,0.3837500003529145,0.4067857141375172,0,1,0,0,0,0,0,0,0,0,1,0,0,1,0
351.9,0.3803750003529146,0.4096785712803743,-0.00375,0.003214285714285714,0,71.89999997189682,3,0,0,0,351.9,0,1,0,0,1,0,0,0,280.0000000281032,4,4,0,0,0,0,0,0,0,1,0,3,0.3803750003529146,0.4096785712803743,0,0.3803750003529146,0.4096785712803743,0,1,0,0,0,0,0.3803750003529146,0.4096785712803743,0,1,0,0,0,0,0,0,0,0,1,0,0,1,0
352.8,0.3770000003529145,0.4125714284232315,-0.00375,0.003214285714285714,0,72.79999997189685,3,0,0,0,352.8,0,1,0,0,1,0,0,0,280.0000000281032,4,4,0,0,0,0,0,0,0,1,0,3,0.3770000003529145,0.4125714284232315,0,0.3770000003529145,0.4125714284232315,0,1,0,0,0,0,0.3770000003529145,0.4125714284232315,0,1,0,0,0,0,0,0,0,0,1,0,0,1,0
353.7,0.3736250003529146,0.4154642855660886,-0.00375,0.003214285714285714,0,73.69999997189683,3,0,0,0,353.7,0,1,0,0,1,0,0,0,280.0000000281032,4,4,0,0,0,0,0,0,0,1,0,3,0.3736250003529146,0.4154642855660886,0,0.3736250003529146,0.4154642855660886,0,1,0,0,0,0,0.3736250003529146,0.4154642855660886,0,1,0,0,0,0,0,0,0,0,1,0,0,1,0
354.6,0.3702500003529144,0.4183571427089459,-0.00375,0.003214285714285714,0,74.59999997189686,3,0,0,0,354.6,0,1,0,0,1,0,0,0,280.0000000281032,4,4,0,0,0,0,0,0,0,1,0,3,0.3702500003529144,0.4183571427089459,0,0.3702500003529144,0.4183571427089459,0,1,0,0,0,0,0.3702500003529144,0.4183571427089459,0,1,0,0,0,0,0,0,0,0,1,0,0,1,0
355.5,0.3668750003529145,0.4212499998518029,-0.00375,0.003214285714285714,0,75.49999997189684,3,0,0,0,355.5,0,1,0,0,1,0,0,0,280.0000000281032,4,4,0,0,0,0,0,0,0,1,0,3,0.3668750003529145,0.4212499998518029,0,0.3668750003529145,0.4212499998518029,0,1,0,0,0,0,0.3668750003529145,0.4212499998518029,0,1,0,0,0,0,0,0,0,0,1,0,0,1,0
356.4,0.3635000003529146,0.42414285699466,-0.00375,0.003214285714285714,0,76.39999997189682,3,0,0,0,356.4,0,1,0,0,1,0,0,0,280.0000000281032,4,4,0,0,0,0,0,0,0,1,0,3,0.3635000003529146,0.42414285699466,0,0.3635000003529146,0.42414285699466,0,1,0,0,0,0,0.3635000003529146,0.42414285699466,0,1,0,0,0,0,0,0,0,0,1,0,0,1,0
357.3,0.3601250003529144,0.4270357141375173,-0.00375,0.003214285714285714,0,77.29999997189685,3,0,0,0,357.3,0,1,0,0,1,0,0,0,280.0000000281032,4,4,0,0,0,0,0,0,0,1,0,3,0.3601250003529144,0.4270357141375173,0,0.3601250003529144,0.4270357141375173,0,1,0,0,0,0,0.3601250003529144,0.4270357141375173,0,1,0,0,0,0,0,0,0,0,1,0,0,1,0
358.2,0.3567500003529145,0.4299285712803743,-0.00375,0.003214285714285714,0,78.19999997189683,3,0,0,0,358.2,0,1,0,0,1,0,0,0,280.0000000281032,4,4,0,0,0,0,0,0,0,1,0,3,0.3567500003529145,0.4299285712803743,0,0.3567500003529145,0.4299285712803743,0,1,0,0,0,0,0.3567500003529145,0.4299285712803743,0,1,0,0,0,0,0,0,0,0,1,0,0,1,0
359.1,0.3533750003529144,0.4328214284232316,-0.00375,0.003214285714285714,0,79.09999997189686,3,0,0,0,359.1,0,1,0,0,1,0,0,0,280.0000000281032,4,4,0,0,0,0,0,0,0,1,0,3,0.3533750003529144,0.4328214284232316,0,0.3533750003529144,0.4328214284232316,0,1,0,0,0,0,0.3533750003529144,0.4328214284232316,0,1,0,0,0,0,0,0,0,0,1,0,0,1,0
360,0.3500000003529145,0.4357142855660887,-0.00375,0.003214285714285714,0,79.99999997189684,3,0,0,0,360,0,1,0,0,1,0,0,0,280.0000000281032,4,4,0,0,0,0,0,0,0,1,0,3,0.3500000003529145,0.4357142855660887,0,0.3500000003529145,0.4357142855660887,0,1,0,0,0,0,0.3500000003529145,0.4357142855660887,0,1,0,0,0,0,0,0,0,0,1,0,0,1,0
360.9,0.3466250003529146,0.4386071427089457,-0.00375,0.003214285714285714,0,80.89999997189682,3,0,0,0,360.9,0,1,0,0,1,0,0,0,280.0000000281032,4,4,0,0,0,0,0,0,0,1,0,3,0.3466250003529146,0.4386071427089457,0,0.3466250003529146,0.4386071427089457,0,1,0,0,0,0,0.3466250003529146,0.4386071427089457,0,1,0,0,0,0,0,0,0,0,1,0,0,1,0
361.8,0.3432500003529145,0.441499999851803,-0.00375,0.003214285714285714,0,81.79999997189685,3,0,0,0,361.8,0,1,0,0,1,0,0,0,280.0000000281032,4,4,0,0,0,0,0,0,0,1,0,3,0.3432500003529145,0.441499999851803,0,0.3432500003529145,0.441499999851803,0,1,0,0,0,0,0.3432500003529145,0.441499999851803,0,1,0,0,0,0,0,0,0,0,1,0,0,1,0
362.7,0.3398750003529146,0.44439285699466,-0.00375,0.003214285714285714,0,82.69999997189683,3,0,0,0,362.7,0,1,0,0,1,0,0,0,280.0000000281032,4,4,0,0,0,0,0,0,0,1,0,3,0.3398750003529146,0.44439285699466,0,0.3398750003529146,0.44439285699466,0,1,0,0,0,0,0.3398750003529146,0.44439285699466,0,1,0,0,0,0,0,0,0,0,1,0,0,1,0
363.6,0.3365000003529144,0.4472857141375173,-0.00375,0.003214285714285714,0,83.59999997189686,3,0,0,0,363.6,0,1,0,0,1,0,0,0,280.0000000281032,4,4,0,0,0,0,0,0,0,1,0,3,0.3365000003529144,0.4472857141375173,0,0.3365000003529144,0.4472857141375173,0,1,0,0,0,0,0.3365000003529144,0.4472857141375173,0,1,0,0,0,0,0,0,0,0,1,0,0,1,0
364.5,0.3331250003529145,0.4501785712803744,-0.00375,0.003214285714285714,0,84.49999997189684,3,0,0,0,364.5,0,1,0,0,1,0,0,0,280.0000000281032,4,4,0,0,0,0,0,0,0,1,0,3,0.3331250003529145,0.4501785712803744,0,0.3331250003529145,0.4501785712803744,0,1,0,0,0,0,0.3331250003529145,0.4501785712803744,0,1,0,0,0,0,0,0,0,0,1,0,0,1,0
365.4,0.3297500003529146,0.4530714284232314,-0.00375,0.003214285714285714,0,85.39999997189682,3,0,0,0,365.4,0,1,0,0,1,0,0,0,280.0000000281032,4,4,0,0,0,0,0,0,0,1,0,3,0.3297500003529146,0.4530714284232314,0,0.3297500003529146,0.4530714284232314,0,1,0,0,0,0,0.3297500003529146,0.4530714284232314,0,1,0,0,0,0,0,0,0,0,1,0,0,1,0
366.3,0.3263750003529144,0.4559642855660887,-0.00375,0.003214285714285714,0,86.29999997189685,3,0,0,0,366.3,0,1,0,0,1,0,0,0,280.0000000281032,4,4,0,0,0,0,0,0,0,1,0,3,0.3263750003529144,0.4559642855660887,0,0.3263750003529144,0.4559642855660887,0,1,0,0,0,0,0.3263750003529144,0.4559642855660887,0,1,0,0,0,0,0,0,0,0,1,0,0,1,0
367.2,0.3230000003529145,0.4588571427089458,-0.00375,0.003214285714285714,0,87.19999997189683,3,0,0,0,367.2,0,1,0,0,1,0,0,0,280.0000000281032,4,4,0,0,0,0,0,0,0,1,0,3,0.3230000003529145,0.4588571427089458,0,0.3230000003529145,0.4588571427089458,0,1,0,0,0,0,0.3230000003529145,0.4588571427089458,0,1,0,0,0,0,0,0,0,0,1,0,0,1,0
368.1,0.3196250003529144,0.461749999851803,-0.00375,0.003214285714285714,0,88.09999997189686,3,0,0,0,368.1,0,1,0,0,1,0,0,0,280.0000000281032,4,4,0,0,0,0,0,0,0,1,0,3,0.3196250003529144,0.461749999851803,0,0.3196250003529144,0.461749999851803,0,1,0,0,0,0,0.3196250003529144,0.461749999851803,0,1,0,0,0,0,0,0,0,0,1,0,0,1,0
369,0.3162500003529145,0.4646428569946601,-0.00375,0.003214285714285714,0,88.99999997189684,3,0,0,0,369,0,1,0,0,1,0,0,0,280.0000000281032,4,4,0,0,0,0,0,0,0,1,0,3,0.3162500003529145,0.4646428569946601,0,0.3162500003529145,0.4646428569946601,0,1,0,0,0,0,0.3162500003529145,0.4646428569946601,0,1,0,0,0,0,0,0,0,0,1,0,0,1,0
369.9,0.3128750003529146,0.4675357141375172,-0.00375,0.003214285714285714,0,89.89999997189682,3,0,0,0,369.9,0,1,0,0,1,0,0,0,280.0000000281032,4,4,0,0,0,0,0,0,0,1,0,3,0.3128750003529146,0.4675357141375172,0,0.3128750003529146,0.4675357141375172,0,1,0,0,0,0,0.3128750003529146,0.4675357141375172,0,1,0,0,0,0,0,0,0,0,1,0,0,1,0
370.8,0.3095000003529145,0.4704285712803744,-0.00375,0.003214285714285714,0,90.79999997189685,3,0,0,0,370.8,0,1,0,0,1,0,0,0,280.0000000281032,4,4,0,0,0,0,0,0,0,1,0,3,0.3095000003529145,0.4704285712803744,0,0.3095000003529145,0.4704285712803744,0,1,0,0,0,0,0.3095000003529145,0.4704285712803744,0,1,0,0,0,0,0,0,0,0,1,0,0,1,0
371.7,0.3061250003529146,0.4733214284232315,-0.00375,0.003214285714285714,0,91.69999997189683,3,0,0,0,371.7,0,1,0,0,1,0,0,0,280.0000000281032,4,4,0,0,0,0,0,0,0,1,0,3,0.3061250003529146,0.4733214284232315,0,0.3061250003529146,0.4733214284232315,0,1,0,0,0,0,0.3061250003529146,0.4733214284232315,0,1,0,0,0,0,0,0,0,0,1,0,0,1,0
372.6,0.3027500003529144,0.4762142855660887,-0.00375,0.003214285714285714,0,92.59999997189686,3,0,0,0,372.6,0,1,0,0,1,0,0,0,280.0000000281032,4,4,0,0,0,0,0,0,0,1,0,3,0.3027500003529144,0.4762142855660887,0,0.3027500003529144,0.4762142855660887,0,1,0,0,0,0,0.3027500003529144,0.4762142855660887,0,1,0,0,0,0,0,0,0,0,1,0,0,1,0
373.5,0.2993750003529145,0.4791071427089458,-0.00375,0.003214285714285714,0,93.49999997189684,3,0,0,0,373.5,0,1,0,0,1,0,0,0,280.0000000281032,4,4,0,0,0,0,0,0,0,1,0,3,0.2993750003529145,0.4791071427089458,0,0.2993750003529145,0.4791071427089458,0,1,0,0,0,0,0.2993750003529145,0.4791071427089458,0,1,0,0,0,0,0,0,0,0,1,0,0,1,0
374.4,0.2960000003529146,0.4819999998518029,-0.00375,0.003214285714285714,0,94.39999997189682,3,0,0,0,374.4,0,1,0,0,1,0,0,0,280.0000000281032,4,4,0,0,0,0,0,0,0,1,0,3,0.2960000003529146,0.4819999998518029,0,0.2960000003529146,0.4819999998518029,0,1,0,0,0,0,0.2960000003529146,0.4819999998518029,0,1,0,0,0,0,0,0,0,0,1,0,0,1,0
375.3,0.2926250003529145,0.4848928569946601,-0.00375,0.003214285714285714,0,95.29999997189685,3,0,0,0,375.3,0,1,0,0,1,0,0,0,280.0000000281032,4,4,0,0,0,0,0,0,0,1,0,3,0.2926250003529145,0.4848928569946601,0,0.2926250003529145,0.4848928569946601,0,1,0,0,0,0,0.2926250003529145,0.4848928569946601,0,1,0,0,0,0,0,0,0,0,1,0,0,1,0
376.2,0.2892500003529145,0.4877857141375172,-0.00375,0.003214285714285714,0,96.19999997189683,3,0,0,0,376.2,0,1,0,0,1,0,0,0,280.0000000281032,4,4,0,0,0,0,0,0,0,1,0,3,0.2892500003529145,0.4877857141375172,0,0.2892500003529145,0.4877857141375172,0,1,0,0,0,0,0.2892500003529145,0.4877857141375172,0,1,0,0,0,0,0,0,0,0,1,0,0,1,0
377.1,0.2858750003529144,0.4906785712803745,-0.00375,0.003214285714285714,0,97.09999997189686,3,0,0,0,377.1,0,1,0,0,1,0,0,0,280.0000000281032,4,4,0,0,0,0,0,0,0,1,0,3,0.2858750003529144,0.4906785712803745,0,0.2858750003529144,0.4906785712803745,0,1,0,0,0,0,0.2858750003529144,0.4906785712803745,0,1,0,0,0,0,0,0,0,0,1,0,0,1,0
378,0.2825000003529145,0.4935714284232315,-0.00375,0.003214285714285714,0,97.99999997189684,3,0,0,0,378,0,1,0,0,1,0,0,0,280.0000000281032,4,4,0,0,0,0,0,0,0,1,0,3,0.2825000003529145,0.4935714284232315,0,0.2825000003529145,0.4935714284232315,0,1,0,0,0,0,0.2825000003529145,0.4935714284232315,0,1,0,0,0,0,0,0,0,0,1,0,0,1,0
378.9,0.2791250003529146,0.4964642855660886,-0.00375,0.003214285714285714,0,98.89999997189682,3,0,0,0,378.9,0,1,0,0,1,0,0,0,280.0000000281032,4,4,0,0,0,0,0,0,0,1,0,3,0.2791250003529146,0.4964642855660886,0,0.2791250003529146,0.4964642855660886,0,1,0,0,0,0,0.2791250003529146,0.4964642855660886,0,1,0,0,0,0,0,0,0,0,1,0,0,1,0
379.8,0.2757500003529145,0.4993571427089458,-0.00375,0.003214285714285714,0,99.79999997189685,3,0,0,0,379.8,0,1,0,0,1,0,0,0,280.0000000281032,4,4,0,0,0,0,0,0,0,1,0,3,0.2757500003529145,0.4993571427089458,0,0.2757500003529145,0.4993571427089458,0,1,0,0,0,0,0.2757500003529145,0.4993571427089458,0,1,0,0,0,0,0,0,0,0,1,0,0,1,0
380.7,0.2723750003529146,0.5022499998518029,-0.00375,0.003214285714285714,0,100.6999999718968,3,0,0,0,380.7,0,1,0,0,1,0,0,0,280.0000000281032,4,4,0,0,0,0,0,0,0,1,0,3,0.2723750003529146,0.5022499998518029,0,0.2723750003529146,0.5022499998518029,0,1,0,0,0,0,0.2723750003529146,0.5022499998518029,0,1,0,0,0,0,0,0,0,0,1,0,0,1,0
381.6,0.2690000003529144,0.5051428569946602,-0.00375,0.003214285714285714,0,101.5999999718969,3,0,0,0,381.6,0,1,0,0,1,0,0,0,280.0000000281032,4,4,0,0,0,0,0,0,0,1,0,3,0.2690000003529144,0.5051428569946602,0,0.2690000003529144,0.5051428569946602,0,1,0,0,0,0,0.2690000003529144,0.5051428569946602,0,1,0,0,0,0,0,0,0,0,1,0,0,1,0
382.5,0.2656250003529145,0.5080357141375172,-0.00375,0.003214285714285714,0,102.4999999718968,3,0,0,0,382.5,0,1,0,0,1,0,0,0,280.0000000281032,4,4,0,0,0,0,0,0,0,1,0,3,0.2656250003529145,0.5080357141375172,0,0.2656250003529145,0.5080357141375172,0,1,0,0,0,0,0.2656250003529145,0.5080357141375172,0,1,0,0,0,0,0,0,0,0,1,0,0,1,0
383.4,0.2622500003529146,0.5109285712803743,-0.00375,0.003214285714285714,0,103.3999999718968,3,0,0,0,383.4,0,1,0,0,1,0,0,0,280.0000000281032,4,4,0,0,0,0,0,0,0,1,0,3,0.2622500003529146,0.5109285712803743,0,0.2622500003529146,0.5109285712803743,0,1,0,0,0,0,0.2622500003529146,0.5109285712803743,0,1,0,0,0,0,0,0,0,0,1,0,0,1,0
384.3,0.2588750003529144,0.5138214284232315,-0.00375,0.003214285714285714,0,104.2999999718969,3,0,0,0,384.3,0,1,0,0,1,0,0,0,280.0000000281032,4,4,0,0,0,0,0,0,0,1,0,3,0.2588750003529144,0.5138214284232315,0,0.2588750003529144,0.5138214284232315,0,1,0,0,0,0,0.2588750003529144,0.5138214284232315,0,1,0,0,0,0,0,0,0,0,1,0,0,1,0
385.2,0.2555000003529146,0.5167142855660887,-0.00375,0.003214285714285714,0,105.1999999718968,3,0,0,0,385.2,0,1,0,0,1,0,0,0,280.0000000281032,4,4,0,0,0,0,0,0,0,1,0,3,0.2555000003529146,0.5167142855660887,0,0.2555000003529146,0.5167142855660887,0,1,0,0,0,0,0.2555000003529146,0.5167142855660887,0,1,0,0,0,0,0,0,0,0,1,0,0,1,0
386.1,0.2521250003529144,0.5196071427089459,-0.00375,0.003214285714285714,0,106.0999999718969,3,0,0,0,386.1,0,1,0,0,1,0,0,0,280.0000000281032,4,4,0,0,0,0,0,0,0,1,0,3,0.2521250003529144,0.5196071427089459,0,0.2521250003529144,0.5196071427089459,0,1,0,0,0,0,0.2521250003529144,0.5196071427089459,0,1,0,0,0,0,0,0,0,0,1,0,0,1,0
387,0.2487500003529145,0.522499999851803,-0.00375,0.003214285714285714,0,106.9999999718968,3,0,0,0,387,0,1,0,0,1,0,0,0,280.0000000281032,4,4,0,0,0,0,0,0,0,1,0,3,0.2487500003529145,0.522499999851803,0,0.2487500003529145,0.522499999851803,0,1,0,0,0,0,0.2487500003529145,0.522499999851803,0,1,0,0,0,0,0,0,0,0,1,0,0,1,0
387.9,0.2453750003529146,0.52539285699466,-0.00375,0.003214285714285714,0,107.8999999718968,3,0,0,0,387.9,0,1,0,0,1,0,0,0,280.0000000281032,4,4,0,0,0,0,0,0,0,1,0,3,0.2453750003529146,0.52539285699466,0,0.2453750003529146,0.52539285699466,0,1,0,0,0,0,0.2453750003529146,0.52539285699466,0,1,0,0,0,0,0,0,0,0,1,0,0,1,0
388.8,0.2420000003529145,0.5282857141375172,-0.00375,0.003214285714285714,0,108.7999999718969,3,0,0,0,388.8,0,1,0,0,1,0,0,0,280.0000000281032,4,4,0,0,0,0,0,0,0,1,0,3,0.2420000003529145,0.5282857141375172,0,0.2420000003529145,0.5282857141375172,0,1,0,0,0,0,0.2420000003529145,0.5282857141375172,0,1,0,0,0,0,0,0,0,0,1,0,0,1,0
389.7,0.2386250003529146,0.5311785712803743,-0.00375,0.003214285714285714,0,109.6999999718968,3,0,0,0,389.7,0,1,0,0,1,0,0,0,280.0000000281032,4,4,0,0,0,0,0,0,0,1,0,3,0.2386250003529146,0.5311785712803743,0,0.2386250003529146,0.5311785712803743,0,1,0,0,0,0,0.2386250003529146,0.5311785712803743,0,1,0,0,0,0,0,0,0,0,1,0,0,1,0
390.6,0.2352500003529144,0.5340714284232316,-0.00375,0.003214285714285714,0,110.5999999718969,3,0,0,0,390.6,0,1,0,0,1,0,0,0,280.0000000281032,4,4,0,0,0,0,0,0,0,1,0,3,0.2352500003529144,0.5340714284232316,0,0.2352500003529144,0.5340714284232316,0,1,0,0,0,0,0.2352500003529144,0.5340714284232316,0,1,0,0,0,0,0,0,0,0,1,0,0,1,0
391.5,0.2318750003529145,0.5369642855660887,-0.00375,0.003214285714285714,0,111.4999999718968,3,0,0,0,391.5,0,1,0,0,1,0,0,0,280.0000000281032,4,4,0,0,0,0,0,0,0,1,0,3,0.2318750003529145,0.5369642855660887,0,0.2318750003529145,0.5369642855660887,0,1,0,0,0,0,0.2318750003529145,0.5369642855660887,0,1,0,0,0,0,0,0,0,0,1,0,0,1,0
392.4,0.2285000003529146,0.5398571427089458,-0.00375,0.003214285714285714,0,112.3999999718968,3,0,0,0,392.4,0,1,0,0,1,0,0,0,280.0000000281032,4,4,0,0,0,0,0,0,0,1,0,3,0.2285000003529146,0.5398571427089458,0,0.2285000003529146,0.5398571427089458,0,1,0,0,0,0,0.2285000003529146,0.5398571427089458,0,1,0,0,0,0,0,0,0,0,1,0,0,1,0
393.3,0.2251250003529145,0.5427499998518031,-0.00375,0.003214285714285714,0,113.2999999718969,3,0,0,0,393.3,0,1,0,0,1,0,0,0,280.0000000281032,4,4,0,0,0,0,0,0,0,1,0,3,0.2251250003529145,0.5427499998518031,0,0.2251250003529145,0.5427499998518031,0,1,0,0,0,0,0.2251250003529145,0.5427499998518031,0,1,0,0,0,0,0,0,0,0,1,0,0,1,0
394.2,0.2217500003529145,0.5456428569946601,-0.00375,0.003214285714285714,0,114.1999999718968,3,0,0,0,394.2,0,1,0,0,1,0,0,0,280.0000000281032,4,4,0,0,0,0,0,0,0,1,0,3,0.2217500003529145,0.5456428569946601,0,0.2217500003529145,0.5456428569946601,0,1,0,0,0,0,0.2217500003529145,0.5456428569946601,0,1,0,0,0,0,0,0,0,0,1,0,0,1,0
395.1,0.2183750003529145,0.5485357141375173,-0.00375,0.003214285714285714,0,115.0999999718969,3,0,0,0,395.1,0,1,0,0,1,0,0,0,280.0000000281032,4,4,0,0,0,0,0,0,0,1,0,3,0.2183750003529145,0.5485357141375173,0,0.2183750003529145,0.5485357141375173,0,1,0,0,0,0,0.2183750003529145,0.5485357141375173,0,1,0,0,0,0,0,0,0,0,1,0,0,1,0
396,0.2150000003529145,0.5514285712803744,-0.00375,0.003214285714285714,0,115.9999999718968,3,0,0,0,396,0,1,0,0,1,0,0,0,280.0000000281032,4,4,0,0,0,0,0,0,0,1,0,3,0.2150000003529145,0.5514285712803744,0,0.2150000003529145,0.5514285712803744,0,1,0,0,0,0,0.2150000003529145,0.5514285712803744,0,1,0,0,0,0,0,0,0,0,1,0,0,1,0
396.9,0.2116250003529146,0.5543214284232314,-0.00375,0.003214285714285714,0,116.8999999718968,3,0,0,0,396.9,0,1,0,0,1,0,0,0,280.0000000281032,4,4,0,0,0,0,0,0,0,1,0,3,0.2116250003529146,0.5543214284232314,0,0.2116250003529146,0.5543214284232314,0,1,0,0,0,0,0.2116250003529146,0.5543214284232314,0,1,0,0,0,0,0,0,0,0,1,0,0,1,0
397.8,0.2082500003529145,0.5572142855660887,-0.00375,0.003214285714285714,0,117.7999999718969,3,0,0,0,397.8,0,1,0,0,1,0,0,0,280.0000000281032,4,4,0,0,0,0,0,0,0,1,0,3,0.2082500003529145,0.5572142855660887,0,0.2082500003529145,0.5572142855660887,0,1,0,0,0,0,0.2082500003529145,0.5572142855660887,0,1,0,0,0,0,0,0,0,0,1,0,0,1,0
398.7,0.2048750003529146,0.5601071427089458,-0.00375,0.003214285714285714,0,118.6999999718968,3,0,0,0,398.7,0,1,0,0,1,0,0,0,280.0000000281032,4,4,0,0,0,0,0,0,0,1,0,3,0.2048750003529146,0.5601071427089458,0,0.2048750003529146,0.5601071427089458,0,1,0,0,0,0,0.2048750003529146,0.5601071427089458,0,1,0,0,0,0,0,0,0,0,1,0,0,1,0
399.6,0.2015000003529144,0.562999999851803,-0.00375,0.003214285714285714,0,119.5999999718969,3,0,0,0,399.6,0,1,0,0,1,0,0,0,280.0000000281032,4,4,0,0,0,0,0,0,0,1,0,3,0.2015000003529144,0.562999999851803,0,0.2015000003529144,0.562999999851803,0,1,0,0,0,0,0.2015000003529144,0.562999999851803,0,1,0,0,0,0,0,0,0,0,1,0,0,1,0
400.5,0.1981250003529145,0.5658928569946602,-0.00375,0.003214285714285714,0,120.4999999718968,3,0,0,0,400.5,0,1,0,0,1,0,0,0,280.0000000281032,4,4,0,0,0,0,0,0,0,1,0,3,0.1981250003529145,0.5658928569946602,0,0.1981250003529145,0.5658928569946602,0,1,0,0,0,0,0.1981250003529145,0.5658928569946602,0,1,0,0,0,0,0,0,0,0,1,0,0,1,0
401.4,0.1947500003529146,0.5687857141375172,-0.00375,0.003214285714285714,0,121.3999999718968,3,0,0,0,401.4,0,1,0,0,1,0,0,0,280.0000000281032,4,4,0,0,0,0,0,0,0,1,0,3,0.1947500003529146,0.5687857141375172,0,0.1947500003529146,0.5687857141375172,0,1,0,0,0,0,0.1947500003529146,0.5687857141375172,0,1,0,0,0,0,0,0,0,0,1,0,0,1,0
402.3,0.1913750003529144,0.5716785712803745,-0.00375,0.003214285714285714,0,122.2999999718969,3,0,0,0,402.3,0,1,0,0,1,0,0,0,280.0000000281032,4,4,0,0,0,0,0,0,0,1,0,3,0.1913750003529144,0.5716785712803745,0,0.1913750003529144,0.5716785712803745,0,1,0,0,0,0,0.1913750003529144,0.5716785712803745,0,1,0,0,0,0,0,0,0,0,1,0,0,1,0
403.2,0.1880000003529146,0.5745714284232315,-0.00375,0.003214285714285714,0,123.1999999718968,3,0,0,0,403.2,0,1,0,0,1,0,0,0,280.0000000281032,4,4,0,0,0,0,0,0,0,1,0,3,0.1880000003529146,0.5745714284232315,0,0.1880000003529146,0.5745714284232315,0,1,0,0,0,0,0.1880000003529146,0.5745714284232315,0,1,0,0,0,0,0,0,0,0,1,0,0,1,0
404.1,0.1846250003529144,0.5774642855660888,-0.00375,0.003214285714285714,0,124.0999999718969,3,0,0,0,404.1,0,1,0,0,1,0,0,0,280.0000000281032,4,4,0,0,0,0,0,0,0,1,0,3,0.1846250003529144,0.5774642855660888,0,0.1846250003529144,0.5774642855660888,0,1,0,0,0,0,0.1846250003529144,0.5774642855660888,0,1,0,0,0,0,0,0,0,0,1,0,0,1,0
405,0.1812500003529146,0.5803571427089458,-0.00375,0.003214285714285714,0,124.9999999718968,3,0,0,0,405,0,1,0,0,1,0,0,0,280.0000000281032,4,4,0,0,0,0,0,0,0,1,0,3,0.1812500003529146,0.5803571427089458,0,0.1812500003529146,0.5803571427089458,0,1,0,0,0,0,0.1812500003529146,0.5803571427089458,0,1,0,0,0,0,0,0,0,0,1,0,0,1,0
405.9,0.1778750003529146,0.5832499998518028,-0.00375,0.003214285714285714,0,125.8999999718968,3,0,0,0,405.9,0,1,0,0,1,0,0,0,280.0000000281032,4,4,0,0,0,0,0,0,0,1,0,3,0.1778750003529146,0.5832499998518028,0,0.1778750003529146,0.5832499998518028,0,1,0,0,0,0,0.1778750003529146,0.5832499998518028,0,1,0,0,0,0,0,0,0,0,1,0,0,1,0
406.8,0.1745000003529145,0.5861428569946601,-0.00375,0.003214285714285714,0,126.7999999718969,3,0,0,0,406.8,0,1,0,0,1,0,0,0,280.0000000281032,4,4,0,0,0,0,0,0,0,1,0,3,0.1745000003529145,0.5861428569946601,0,0.1745000003529145,0.5861428569946601,0,1,0,0,0,0,0.1745000003529145,0.5861428569946601,0,1,0,0,0,0,0,0,0,0,1,0,0,1,0
407.7,0.1711250003529146,0.5890357141375172,-0.00375,0.003214285714285714,0,127.6999999718968,3,0,0,0,407.7,0,1,0,0,1,0,0,0,280.0000000281032,4,4,0,0,0,0,0,0,0,1,0,3,0.1711250003529146,0.5890357141375172,0,0.1711250003529146,0.5890357141375172,0,1,0,0,0,0,0.1711250003529146,0.5890357141375172,0,1,0,0,0,0,0,0,0,0,1,0,0,1,0
408.6,0.1677500003529144,0.5919285712803745,-0.00375,0.003214285714285714,0,128.5999999718969,3,0,0,0,408.6,0,1,0,0,1,0,0,0,280.0000000281032,4,4,0,0,0,0,0,0,0,1,0,3,0.1677500003529144,0.5919285712803745,0,0.1677500003529144,0.5919285712803745,0,1,0,0,0,0,0.1677500003529144,0.5919285712803745,0,1,0,0,0,0,0,0,0,0,1,0,0,1,0
409.5,0.1643750003529145,0.5948214284232315,-0.00375,0.003214285714285714,0,129.4999999718968,3,0,0,0,409.5,0,1,0,0,1,0,0,0,280.0000000281032,4,4,0,0,0,0,0,0,0,1,0,3,0.1643750003529145,0.5948214284232315,0,0.1643750003529145,0.5948214284232315,0,1,0,0,0,0,0.1643750003529145,0.5948214284232315,0,1,0,0,0,0,0,0,0,0,1,0,0,1,0
410.4,0.1610000003529146,0.5977142855660886,-0.00375,0.003214285714285714,0,130.3999999718968,3,0,0,0,410.4,0,1,0,0,1,0,0,0,280.0000000281032,4,4,0,0,0,0,0,0,0,1,0,3,0.1610000003529146,0.5977142855660886,0,0.1610000003529146,0.5977142855660886,0,1,0,0,0,0,0.1610000003529146,0.5977142855660886,0,1,0,0,0,0,0,0,0,0,1,0,0,1,0
411.3,0.1576250003529145,0.6006071427089459,-0.00375,0.003214285714285714,0,131.2999999718969,3,0,0,0,411.3,0,1,0,0,1,0,0,0,280.0000000281032,4,4,0,0,0,0,0,0,0,1,0,3,0.1576250003529145,0.6006071427089459,0,0.1576250003529145,0.6006071427089459,0,1,0,0,0,0,0.1576250003529145,0.6006071427089459,0,1,0,0,0,0,0,0,0,0,1,0,0,1,0
412.2,0.1542500003529145,0.6034999998518029,-0.00375,0.003214285714285714,0,132.1999999718968,3,0,0,0,412.2,0,1,0,0,1,0,0,0,280.0000000281032,4,4,0,0,0,0,0,0,0,1,0,3,0.1542500003529145,0.6034999998518029,0,0.1542500003529145,0.6034999998518029,0,1,0,0,0,0,0.1542500003529145,0.6034999998518029,0,1,0,0,0,0,0,0,0,0,1,0,0,1,0
413.1,0.1508750003529145,0.6063928569946602,-0.00375,0.003214285714285714,0,133.0999999718969,3,0,0,0,413.1,0,1,0,0,1,0,0,0,280.0000000281032,4,4,0,0,0,0,0,0,0,1,0,3,0.1508750003529145,0.6063928569946602,0,0.1508750003529145,0.6063928569946602,0,1,0,0,0,0,0.1508750003529145,0.6063928569946602,0,1,0,0,0,0,0,0,0,0,1,0,0,1,0
414,0.1475000003529145,0.6092857141375172,-0.00375,0.003214285714285714,0,133.9999999718968,3,0,0,0,414,0,1,0,0,1,0,0,0,280.0000000281032,4,4,0,0,0,0,0,0,0,1,0,3,0.1475000003529145,0.6092857141375172,0,0.1475000003529145,0.6092857141375172,0,1,0,0,0,0,0.1475000003529145,0.6092857141375172,0,1,0,0,0,0,0,0,0,0,1,0,0,1,0
414.9,0.1441250003529146,0.6121785712803743,-0.00375,0.003214285714285714,0,134.8999999718968,3,0,0,0,414.9,0,1,0,0,1,0,0,0,280.0000000281032,4,4,0,0,0,0,0,0,0,1,0,3,0.1441250003529146,0.6121785712803743,0,0.1441250003529146,0.6121785712803743,0,1,0,0,0,0,0.1441250003529146,0.6121785712803743,0,1,0,0,0,0,0,0,0,0,1,0,0,1,0
415.8,0.1407500003529145,0.6150714284232316,-0.00375,0.003214285714285714,0,135.7999999718969,3,0,0,0,415.8,0,1,0,0,1,0,0,0,280.0000000281032,4,4,0,0,0,0,0,0,0,1,0,3,0.1407500003529145,0.6150714284232316,0,0.1407500003529145,0.6150714284232316,0,1,0,0,0,0,0.1407500003529145,0.6150714284232316,0,1,0,0,0,0,0,0,0,0,1,0,0,1,0
416.7,0.1373750003529146,0.6179642855660886,-0.00375,0.003214285714285714,0,136.6999999718968,3,0,0,0,416.7,0,1,0,0,1,0,0,0,280.0000000281032,4,4,0,0,0,0,0,0,0,1,0,3,0.1373750003529146,0.6179642855660886,0,0.1373750003529146,0.6179642855660886,0,1,0,0,0,0,0.1373750003529146,0.6179642855660886,0,1,0,0,0,0,0,0,0,0,1,0,0,1,0
417.6,0.1340000003529144,0.6208571427089459,-0.00375,0.003214285714285714,0,137.5999999718969,3,0,0,0,417.6,0,1,0,0,1,0,0,0,280.0000000281032,4,4,0,0,0,0,0,0,0,1,0,3,0.1340000003529144,0.6208571427089459,0,0.1340000003529144,0.6208571427089459,0,1,0,0,0,0,0.1340000003529144,0.6208571427089459,0,1,0,0,0,0,0,0,0,0,1,0,0,1,0
418.5,0.1306250003529145,0.623749999851803,-0.00375,0.003214285714285714,0,138.4999999718968,3,0,0,0,418.5,0,1,0,0,1,0,0,0,280.0000000281032,4,4,0,0,0,0,0,0,0,1,0,3,0.1306250003529145,0.623749999851803,0,0.1306250003529145,0.623749999851803,0,1,0,0,0,0,0.1306250003529145,0.623749999851803,0,1,0,0,0,0,0,0,0,0,1,0,0,1,0
419.4,0.1272500003529146,0.62664285699466,-0.00375,0.003214285714285714,0,139.3999999718968,3,0,0,0,419.4,0,1,0,0,1,0,0,0,280.0000000281032,4,4,0,0,0,0,0,0,0,1,0,3,0.1272500003529146,0.62664285699466,0,0.1272500003529146,0.62664285699466,0,1,0,0,0,0,0.1272500003529146,0.62664285699466,0,1,0,0,0,0,0,0,0,0,1,0,0,1,0
420.3,0.1238750003529144,0.6295357141375173,-0.00375,0.003214285714285714,0,140.2999999718969,3,0,0,0,420.3,0,1,0,0,1,0,0,0,280.0000000281032,4,4,0,0,0,0,0,0,0,1,0,3,0.1238750003529144,0.6295357141375173,0,0.1238750003529144,0.6295357141375173,0,1,0,0,0,0,0.1238750003529144,0.6295357141375173,0,1,0,0,0,0,0,0,0,0,1,0,0,1,0
421.2,0.1205000003529146,0.6324285712803743,-0.00375,0.003214285714285714,0,141.1999999718968,3,0,0,0,421.2,0,1,0,0,1,0,0,0,280.0000000281032,4,4,0,0,0,0,0,0,0,1,0,3,0.1205000003529146,0.6324285712803743,0,0.1205000003529146,0.6324285712803743,0,1,0,0,0,0,0.1205000003529146,0.6324285712803743,0,1,0,0,0,0,0,0,0,0,1,0,0,1,0
422.1,0.1171250003529144,0.6353214284232316,-0.00375,0.003214285714285714,0,142.0999999718969,3,0,0,0,422.1,0,1,0,0,1,0,0,0,280.0000000281032,4,4,0,0,0,0,0,0,0,1,0,3,0.1171250003529144,0.6353214284232316,0,0.1171250003529144,0.6353214284232316,0,1,0,0,0,0,0.1171250003529144,0.6353214284232316,0,1,0,0,0,0,0,0,0,0,1,0,0,1,0
423,0.1137500003529145,0.6382142855660886,-0.00375,0.003214285714285714,0,142.9999999718968,3,0,0,0,423,0,1,0,0,1,0,0,0,280.0000000281032,4,4,0,0,0,0,0,0,0,1,0,3,0.1137500003529145,0.6382142855660886,0,0.1137500003529145,0.6382142855660886,0,1,0,0,0,0,0.1137500003529145,0.6382142855660886,0,1,0,0,0,0,0,0,0,0,1,0,0,1,0
423.9,0.1103750003529146,0.6411071427089458,-0.00375,0.003214285714285714,0,143.8999999718968,3,0,0,0,423.9,0,1,0,0,1,0,0,0,280.0000000281032,4,4,0,0,0,0,0,0,0,1,0,3,0.1103750003529146,0.6411071427089458,0,0.1103750003529146,0.6411071427089458,0,1,0,0,0,0,0.1103750003529146,0.6411071427089458,0,1,0,0,0,0,0,0,0,0,1,0,0,1,0
424.8,0.1070000003529144,0.643999999851803,-0.00375,0.003214285714285714,0,144.7999999718969,3,0,0,0,424.8,0,1,0,0,1,0,0,0,280.0000000281032,4,4,0,0,0,0,0,0,0,1,0,3,0.1070000003529144,0.643999999851803,0,0.1070000003529144,0.643999999851803,0,1,0,0,0,0,0.1070000003529144,0.643999999851803,0,1,0,0,0,0,0,0,0,0,1,0,0,1,0
425.7,0.1036250003529146,0.64689285699466,-0.00375,0.003214285714285714,0,145.6999999718968,3,0,0,0,425.7,0,1,0,0,1,0,0,0,280.0000000281032,4,4,0,0,0,0,0,0,0,1,0,3,0.1036250003529146,0.64689285699466,0,0.1036250003529146,0.64689285699466,0,1,0,0,0,0,0.1036250003529146,0.64689285699466,0,1,0,0,0,0,0,0,0,0,1,0,0,1,0
426.6,0.1002500003529144,0.6497857141375174,-0.00375,0.003214285714285714,0,146.5999999718969,3,0,0,0,426.6,0,1,0,0,1,0,0,0,280.0000000281032,4,4,0,0,0,0,0,0,0,1,0,3,0.1002500003529144,0.6497857141375174,0,0.1002500003529144,0.6497857141375174,0,1,0,0,0,0,0.1002500003529144,0.6497857141375174,0,1,0,0,0,0,0,0,0,0,1,0,0,1,0
427.5,0.09687500035291452,0.6526785712803744,-0.00375,0.003214285714285714,0,147.4999999718968,3,0,0,0,427.5,0,1,0,0,1,0,0,0,280.0000000281032,4,4,0,0,0,0,0,0,0,1,0,3,0.09687500035291452,0.6526785712803744,0,0.09687500035291452,0.6526785712803744,0,1,0,0,0,0,0.09687500035291452,0.6526785712803744,0,1,0,0,0,0,0,0,0,0,1,0,0,1,0
428.4,0.09350000035291459,0.6555714284232315,-0.00375,0.003214285714285714,0,148.3999999718968,3,0,0,0,428.4,0,1,0,0,1,0,0,0,280.0000000281032,4,4,0,0,0,0,0,0,0,1,0,3,0.09350000035291459,0.6555714284232315,0,0.09350000035291459,0.6555714284232315,0,1,0,0,0,0,0.09350000035291459,0.6555714284232315,0,1,0,0,0,0,0,0,0,0,1,0,0,1,0
429.3,0.09012500035291446,0.6584642855660887,-0.00375,0.003214285714285714,0,149.2999999718969,3,0,0,0,429.3,0,1,0,0,1,0,0,0,280.0000000281032,4,4,0,0,0,0,0,0,0,1,0,3,0.09012500035291446,0.6584642855660887,0,0.09012500035291446,0.6584642855660887,0,1,0,0,0,0,0.09012500035291446,0.6584642855660887,0,1,0,0,0,0,0,0,0,0,1,0,0,1,0
430.2,0.08675000035291455,0.6613571427089457,-0.00375,0.003214285714285714,0,150.1999999718968,3,0,0,0,430.2,0,1,0,0,1,0,0,0,280.0000000281032,4,4,0,0,0,0,0,0,0,1,0,3,0.08675000035291455,0.6613571427089457,0,0.08675000035291455,0.6613571427089457,0,1,0,0,0,0,0.08675000035291455,0.6613571427089457,0,1,0,0,0,0,0,0,0,0,1,0,0,1,0
431.1,0.08337500035291442,0.664249999851803,-0.00375,0.003214285714285714,0,151.0999999718969,3,0,0,0,431.1,0,1,0,0,1,0,0,0,280.0000000281032,4,4,0,0,0,0,0,0,0,1,0,3,0.08337500035291442,0.664249999851803,0,0.08337500035291442,0.664249999851803,0,1,0,0,0,0,0.08337500035291442,0.664249999851803,0,1,0,0,0,0,0,0,0,0,1,0,0,1,0
432,0.08000000035291449,0.6671428569946601,-0.00375,0.003214285714285714,0,151.9999999718968,3,0,0,0,432,0,1,0,0,1,0,0,0,280.0000000281032,4,4,0,0,0,0,0,0,0,1,0,3,0.08000000035291449,0.6671428569946601,0,0.08000000035291449,0.6671428569946601,0,1,0,0,0,0,0.08000000035291449,0.6671428569946601,0,1,0,0,0,0,0,0,0,0,1,0,0,1,0
432.9,0.07662500035291456,0.6700357141375172,-0.00375,0.003214285714285714,0,152.8999999718968,3,0,0,0,432.9,0,1,0,0,1,0,0,0,280.0000000281032,4,4,0,0,0,0,0,0,0,1,0,3,0.07662500035291456,0.6700357141375172,0,0.07662500035291456,0.6700357141375172,0,1,0,0,0,0,0.07662500035291456,0.6700357141375172,0,1,0,0,0,0,0,0,0,0,1,0,0,1,0
433.8,0.07325000035291446,0.6729285712803744,-0.00375,0.003214285714285714,0,153.7999999718969,3,0,0,0,433.8,0,1,0,0,1,0,0,0,280.0000000281032,4,4,0,0,0,0,0,0,0,1,0,3,0.07325000035291446,0.6729285712803744,0,0.07325000035291446,0.6729285712803744,0,1,0,0,0,0,0.07325000035291446,0.6729285712803744,0,1,0,0,0,0,0,0,0,0,1,0,0,1,0
434.7,0.06987500035291452,0.6758214284232316,-0.00375,0.003214285714285714,0,154.6999999718968,3,0,0,0,434.7,0,1,0,0,1,0,0,0,280.0000000281032,4,4,0,0,0,0,0,0,0,1,0,3,0.06987500035291452,0.6758214284232316,0,0.06987500035291452,0.6758214284232316,0,1,0,0,0,0,0.06987500035291452,0.6758214284232316,0,1,0,0,0,0,0,0,0,0,1,0,0,1,0
435.6,0.06650000035291442,0.6787142855660888,-0.00375,0.003214285714285714,0,155.5999999718969,3,0,0,0,435.6,0,1,0,0,1,0,0,0,280.0000000281032,4,4,0,0,0,0,0,0,0,1,0,3,0.06650000035291442,0.6787142855660888,0,0.06650000035291442,0.6787142855660888,0,1,0,0,0,0,0.06650000035291442,0.6787142855660888,0,1,0,0,0,0,0,0,0,0,1,0,0,1,0
436.5,0.06312500035291449,0.6816071427089458,-0.00375,0.003214285714285714,0,156.4999999718968,3,0,0,0,436.5,0,1,0,0,1,0,0,0,280.0000000281032,4,4,0,0,0,0,0,0,0,1,0,3,0.06312500035291449,0.6816071427089458,0,0.06312500035291449,0.6816071427089458,0,1,0,0,0,0,0.06312500035291449,0.6816071427089458,0,1,0,0,0,0,0,0,0,0,1,0,0,1,0
437.4,0.05975000035291458,0.6844999998518029,-0.00375,0.003214285714285714,0,157.3999999718968,3,0,0,0,437.4,0,1,0,0,1,0,0,0,280.0000000281032,4,4,0,0,0,0,0,0,0,1,0,3,0.05975000035291458,0.6844999998518029,0,0.05975000035291458,0.6844999998518029,0,1,0,0,0,0,0.05975000035291458,0.6844999998518029,0,1,0,0,0,0,0,0,0,0,1,0,0,1,0
438.3,0.05637500035291446,0.6873928569946601,-0.00375,0.003214285714285714,0,158.2999999718969,3,0,0,0,438.3,0,1,0,0,1,0,0,0,280.0000000281032,4,4,0,0,0,0,0,0,0,1,0,3,0.05637500035291446,0.6873928569946601,0,0.05637500035291446,0.6873928569946601,0,1,0,0,0,0,0.05637500035291446,0.6873928569946601,0,1,0,0,0,0,0,0,0,0,1,0,0,1,0
439.2,0.05300000035291455,0.6902857141375172,-0.00375,0.003214285714285714,0,159.1999999718968,3,0,0,0,439.2,0,1,0,0,1,0,0,0,280.0000000281032,4,4,0,0,0,0,0,0,0,1,0,3,0.05300000035291455,0.6902857141375172,0,0.05300000035291455,0.6902857141375172,0,1,0,0,0,0,0.05300000035291455,0.6902857141375172,0,1,0,0,0,0,0,0,0,0,1,0,0,1,0
440.0000001221131,0.04999999989499046,0.6928571431014521,-0.00375,0.003214285714285714,0,160.0000000940099,3,0,0,0,440.0000001221131,0,1,0,0,1,0,0,0,280.0000000281032,4,4,0,0,0,0,0,0,0,1,0,3,0.04999999989499046,0.6928571431014521,0,0.04999999989499046,0.6928571431014521,0,1,0,0,0,0,0.04999999989499046,0.6928571431014521,0,1,0,0,0,0,0,0,0,0,1,0,0,1,0
440.0000001221131,0.04999999989499046,0.6928571431014521,0,0,12,0,4,0,0,0,440.0000001221131,0,0,0,0,0,0,12,12,440.0000001221131,5,4,0,0,0,0,0,0,0,0,0,4,0.04999999989499046,0.6928571431014521,12,0.04999999989499046,0.6928571431014521,0,0,0,0,0,0,0.04999999989499046,0.6928571431014521,0,0,0,0,0,0,0,0,0,0,0,0,0,0,0
440.1,0.04999999989499046,0.6928571431014521,0,0,12,0.09999987788694398,4,0,0,0,440.1,0,0,0,0,0,0,11.90000012211306,12,440.0000001221131,5,4,0,0,0,0,0,0,0,0,0,4,0.04999999989499046,0.6928571431014521,11.90000012211306,0.04999999989499046,0.6928571431014521,0,0,0,0,0,0,0.04999999989499046,0.6928571431014521,0,0,0,0,0,0,0,0,0,0,0,0,0,0,0
441,0.04999999989499046,0.6928571431014521,0,0,12,0.9999998778869212,4,0,0,0,441,0,0,0,0,0,0,11.00000012211308,12,440.0000001221131,5,4,0,0,0,0,0,0,0,0,0,4,0.04999999989499046,0.6928571431014521,11.00000012211308,0.04999999989499046,0.6928571431014521,0,0,0,0,0,0,0.04999999989499046,0.6928571431014521,0,0,0,0,0,0,0,0,0,0,0,0,0,0,0
441.9,0.04999999989499046,0.6928571431014521,0,0,12,1.899999877886899,4,0,0,0,441.9,0,0,0,0,0,0,10.1000001221131,12,440.0000001221131,5,4,0,0,0,0,0,0,0,0,0,4,0.04999999989499046,0.6928571431014521,10.1000001221131,0.04999999989499046,0.6928571431014521,0,0,0,0,0,0,0.04999999989499046,0.6928571431014521,0,0,0,0,0,0,0,0,0,0,0,0,0,0,0
442.8,0.04999999989499046,0.6928571431014521,0,0,12,2.799999877886933,4,0,0,0,442.8,0,0,0,0,0,0,9.200000122113067,12,440.0000001221131,5,4,0,0,0,0,0,0,0,0,0,4,0.04999999989499046,0.6928571431014521,9.200000122113067,0.04999999989499046,0.6928571431014521,0,0,0,0,0,0,0.04999999989499046,0.6928571431014521,0,0,0,0,0,0,0,0,0,0,0,0,0,0,0
443.7,0.04999999989499046,0.6928571431014521,0,0,12,3.69999987788691,4,0,0,0,443.7,0,0,0,0,0,0,8.30000012211309,12,440.0000001221131,5,4,0,0,0,0,0,0,0,0,0,4,0.04999999989499046,0.6928571431014521,8.30000012211309,0.04999999989499046,0.6928571431014521,0,0,0,0,0,0,0.04999999989499046,0.6928571431014521,0,0,0,0,0,0,0,0,0,0,0,0,0,0,0
444.6,0.04999999989499046,0.6928571431014521,0,0,12,4.599999877886944,4,0,0,0,444.6,0,0,0,0,0,0,7.400000122113056,12,440.0000001221131,5,4,0,0,0,0,0,0,0,0,0,4,0.04999999989499046,0.6928571431014521,7.400000122113056,0.04999999989499046,0.6928571431014521,0,0,0,0,0,0,0.04999999989499046,0.6928571431014521,0,0,0,0,0,0,0,0,0,0,0,0,0,0,0
445.5,0.04999999989499046,0.6928571431014521,0,0,12,5.499999877886921,4,0,0,0,445.5,0,0,0,0,0,0,6.500000122113079,12,440.0000001221131,5,4,0,0,0,0,0,0,0,0,0,4,0.04999999989499046,0.6928571431014521,6.500000122113079,0.04999999989499046,0.6928571431014521,0,0,0,0,0,0,0.04999999989499046,0.6928571431014521,0,0,0,0,0,0,0,0,0,0,0,0,0,0,0
446.4,0.04999999989499046,0.6928571431014521,0,0,12,6.399999877886899,4,0,0,0,446.4,0,0,0,0,0,0,5.600000122113101,12,440.0000001221131,5,4,0,0,0,0,0,0,0,0,0,4,0.04999999989499046,0.6928571431014521,5.600000122113101,0.04999999989499046,0.6928571431014521,0,0,0,0,0,0,0.04999999989499046,0.6928571431014521,0,0,0,0,0,0,0,0,0,0,0,0,0,0,0
447.3,0.04999999989499046,0.6928571431014521,0,0,12,7.299999877886933,4,0,0,0,447.3,0,0,0,0,0,0,4.700000122113067,12,440.0000001221131,5,4,0,0,0,0,0,0,0,0,0,4,0.04999999989499046,0.6928571431014521,4.700000122113067,0.04999999989499046,0.6928571431014521,0,0,0,0,0,0,0.04999999989499046,0.6928571431014521,0,0,0,0,0,0,0,0,0,0,0,0,0,0,0
448.2,0.04999999989499046,0.6928571431014521,0,0,12,8.19999987788691,4,0,0,0,448.2,0,0,0,0,0,0,3.80000012211309,12,440.0000001221131,5,4,0,0,0,0,0,0,0,0,0,4,0.04999999989499046,0.6928571431014521,3.80000012211309,0.04999999989499046,0.6928571431014521,0,0,0,0,0,0,0.04999999989499046,0.6928571431014521,0,0,0,0,0,0,0,0,0,0,0,0,0,0,0
449.1,0.04999999989499046,0.6928571431014521,0,0,12,9.099999877886944,4,0,0,0,449.1,0,0,0,0,0,0,2.900000122113056,12,440.0000001221131,5,4,0,0,0,0,0,0,0,0,0,4,0.04999999989499046,0.6928571431014521,2.900000122113056,0.04999999989499046,0.6928571431014521,0,0,0,0,0,0,0.04999999989499046,0.6928571431014521,0,0,0,0,0,0,0,0,0,0,0,0,0,0,0
450,0.04999999989499046,0.6928571431014521,0,0,12,9.999999877886921,4,0,0,0,450,0,0,0,0,0,0,2.000000122113079,12,440.0000001221131,5,4,0,0,0,0,0,0,0,0,0,4,0.04999999989499046,0.6928571431014521,2.000000122113079,0.04999999989499046,0.6928571431014521,0,0,0,0,0,0,0.04999999989499046,0.6928571431014521,0,0,0,0,0,0,0,0,0,0,0,0,0,0,0
450.9,0.04999999989499046,0.6928571431014521,0,0,12,10.8999998778869,4,0,0,0,450.9,0,0,0,0,0,0,1.100000122113101,12,440.0000001221131,5,4,0,0,0,0,0,0,0,0,0,4,0.04999999989499046,0.6928571431014521,1.100000122113101,0.04999999989499046,0.6928571431014521,0,0,0,0,0,0,0.04999999989499046,0.6928571431014521,0,0,0,0,0,0,0,0,0,0,0,0,0,0,0
451.8,0.04999999989499046,0.6928571431014521,0,0,12,11.79999987788693,4,0,0,0,451.8,0,0,0,0,0,0,0.2000001221130674,12,440.0000001221131,5,4,0,0,0,0,0,0,0,0,0,4,0.04999999989499046,0.6928571431014521,0.2000001221130674,0.04999999989499046,0.6928571431014521,0,0,0,0,0,0,0.04999999989499046,0.6928571431014521,0,0,0,0,0,0,0,0,0,0,0,0,0,0,0
452.0000001245146,0.04999999989499046,0.6928571431014521,0,0,12,12.00000000240152,4,0,0,0,452.0000001245146,0,0,0,0,0,0,0,12,440.0000001221131,5,4,0,0,0,0,0,0,0,0,0,4,0.04999999989499046,0.6928571431014521,0,0.04999999989499046,0.6928571431014521,0,0,0,0,0,0,0.04999999989499046,0.6928571431014521,0,0,0,0,0,0,0,0,0,0,0,0,0,0,0
452.0000001245146,0.04999999989499046,0.6928571431014521,0,-0.003571428571428572,0,0,5,0,0,0,452.0000001245146,0,0,1,0,0,1,0,0,452.0000001245146,6,4,0,0,0,0,0,0,0,0,1,5,0.04999999989499046,0.6928571431014521,0,0.04999999989499046,0.6928571431014521,0,0,1,0,0,0,0.04999999989499046,0.6928571431014521,0,0,1,0,0,0,0,0,0,0,0,1,0,0,1
452.7,0.04999999989499046,0.6903571435461472,0,-0.003571428571428572,0,0.6999998754853891,5,0,0,0,452.7,0,0,1,0,0,1,0,0,452.0000001245146,6,4,0,0,0,0,0,0,0,0,1,5,0.04999999989499046,0.6903571435461472,0,0.04999999989499046,0.6903571435461472,0,0,1,0,0,0,0.04999999989499046,0.6903571435461472,0,0,1,0,0,0,0,0,0,0,0,1,0,0,1
453.6,0.04999999989499046,0.6871428578318614,0,-0.003571428571428572,0,1.599999875485423,5,0,0,0,453.6,0,0,1,0,0,1,0,0,452.0000001245146,6,4,0,0,0,0,0,0,0,0,1,5,0.04999999989499046,0.6871428578318614,0,0.04999999989499046,0.6871428578318614,0,0,1,0,0,0,0.04999999989499046,0.6871428578318614,0,0,1,0,0,0,0,0,0,0,0,1,0,0,1
454.5,0.04999999989499046,0.6839285721175756,0,-0.003571428571428572,0,2.4999998754854,5,0,0,0,454.5,0,0,1,0,0,1,0,0,452.0000001245146,6,4,0,0,0,0,0,0,0,0,1,5,0.04999999989499046,0.6839285721175756,0,0.04999999989499046,0.6839285721175756,0,0,1,0,0,0,0.04999999989499046,0.6839285721175756,0,0,1,0,0,0,0,0,0,0,0,1,0,0,1
455.4,0.04999999989499046,0.6807142864032899,0,-0.003571428571428572,0,3.399999875485378,5,0,0,0,455.4,0,0,1,0,0,1,0,0,452.0000001245146,6,4,0,0,0,0,0,0,0,0,1,5,0.04999999989499046,0.6807142864032899,0,0.04999999989499046,0.6807142864032899,0,0,1,0,0,0,0.04999999989499046,0.6807142864032899,0,0,1,0,0,0,0,0,0,0,0,1,0,0,1
456.3,0.04999999989499046,0.6775000006890041,0,-0.003571428571428572,0,4.299999875485412,5,0,0,0,456.3,0,0,1,0,0,1,0,0,452.0000001245146,6,4,0,0,0,0,0,0,0,0,1,5,0.04999999989499046,0.6775000006890041,0,0.04999999989499046,0.6775000006890041,0,0,1,0,0,0,0.04999999989499046,0.6775000006890041,0,0,1,0,0,0,0,0,0,0,0,1,0,0,1
457.2,0.04999999989499046,0.6742857149747185,0,-0.003571428571428572,0,5.199999875485389,5,0,0,0,457.2,0,0,1,0,0,1,0,0,452.0000001245146,6,4,0,0,0,0,0,0,0,0,1,5,0.04999999989499046,0.6742857149747185,0,0.04999999989499046,0.6742857149747185,0,0,1,0,0,0,0.04999999989499046,0.6742857149747185,0,0,1,0,0,0,0,0,0,0,0,1,0,0,1
458.1,0.04999999989499046,0.6710714292604326,0,-0.003571428571428572,0,6.099999875485423,5,0,0,0,458.1,0,0,1,0,0,1,0,0,452.0000001245146,6,4,0,0,0,0,0,0,0,0,1,5,0.04999999989499046,0.6710714292604326,0,0.04999999989499046,0.6710714292604326,0,0,1,0,0,0,0.04999999989499046,0.6710714292604326,0,0,1,0,0,0,0,0,0,0,0,1,0,0,1
459,0.04999999989499046,0.667857143546147,0,-0.003571428571428572,0,6.9999998754854,5,0,0,0,459,0,0,1,0,0,1,0,0,452.0000001245146,6,4,0,0,0,0,0,0,0,0,1,5,0.04999999989499046,0.667857143546147,0,0.04999999989499046,0.667857143546147,0,0,1,0,0,0,0.04999999989499046,0.667857143546147,0,0,1,0,0,0,0,0,0,0,0,1,0,0,1
459.9,0.04999999989499046,0.6646428578318614,0,-0.003571428571428572,0,7.899999875485378,5,0,0,0,459.9,0,0,1,0,0,1,0,0,452.0000001245146,6,4,0,0,0,0,0,0,0,0,1,5,0.04999999989499046,0.6646428578318614,0,0.04999999989499046,0.6646428578318614,0,0,1,0,0,0,0.04999999989499046,0.6646428578318614,0,0,1,0,0,0,0,0,0,0,0,1,0,0,1
460.8,0.04999999989499046,0.6614285721175756,0,-0.003571428571428572,0,8.799999875485412,5,0,0,0,460.8,0,0,1,0,0,1,0,0,452.0000001245146,6,4,0,0,0,0,0,0,0,0,1,5,0.04999999989499046,0.6614285721175756,0,0.04999999989499046,0.6614285721175756,0,0,1,0,0,0,0.04999999989499046,0.6614285721175756,0,0,1,0,0,0,0,0,0,0,0,1,0,0,1
461.7,0.04999999989499046,0.6582142864032899,0,-0.003571428571428572,0,9.699999875485389,5,0,0,0,461.7,0,0,1,0,0,1,0,0,452.0000001245146,6,4,0,0,0,0,0,0,0,0,1,5,0.04999999989499046,0.6582142864032899,0,0.04999999989499046,0.6582142864032899,0,0,1,0,0,0,0.04999999989499046,0.6582142864032899,0,0,1,0,0,0,0,0,0,0,0,1,0,0,1
462.6,0.04999999989499046,0.6550000006890041,0,-0.003571428571428572,0,10.59999987548542,5,0,0,0,462.6,0,0,1,0,0,1,0,0,452.0000001245146,6,4,0,0,0,0,0,0,0,0,1,5,0.04999999989499046,0.6550000006890041,0,0.04999999989499046,0.6550000006890041,0,0,1,0,0,0,0.04999999989499046,0.6550000006890041,0,0,1,0,0,0,0,0,0,0,0,1,0,0,1
463.5,0.04999999989499046,0.6517857149747186,0,-0.003571428571428572,0,11.4999998754854,5,0,0,0,463.5,0,0,1,0,0,1,0,0,452.0000001245146,6,4,0,0,0,0,0,0,0,0,1,5,0.04999999989499046,0.6517857149747186,0,0.04999999989499046,0.6517857149747186,0,0,1,0,0,0,0.04999999989499046,0.6517857149747186,0,0,1,0,0,0,0,0,0,0,0,1,0,0,1
464.4,0.04999999989499046,0.648571429260433,0,-0.003571428571428572,0,12.39999987548538,5,0,0,0,464.4,0,0,1,0,0,1,0,0,452.0000001245146,6,4,0,0,0,0,0,0,0,0,1,5,0.04999999989499046,0.648571429260433,0,0.04999999989499046,0.648571429260433,0,0,1,0,0,0,0.04999999989499046,0.648571429260433,0,0,1,0,0,0,0,0,0,0,0,1,0,0,1
465.3,0.04999999989499046,0.6453571435461471,0,-0.003571428571428572,0,13.29999987548541,5,0,0,0,465.3,0,0,1,0,0,1,0,0,452.0000001245146,6,4,0,0,0,0,0,0,0,0,1,5,0.04999999989499046,0.6453571435461471,0,0.04999999989499046,0.6453571435461471,0,0,1,0,0,0,0.04999999989499046,0.6453571435461471,0,0,1,0,0,0,0,0,0,0,0,1,0,0,1
466.2,0.04999999989499046,0.6421428578318614,0,-0.003571428571428572,0,14.19999987548539,5,0,0,0,466.2,0,0,1,0,0,1,0,0,452.0000001245146,6,4,0,0,0,0,0,0,0,0,1,5,0.04999999989499046,0.6421428578318614,0,0.04999999989499046,0.6421428578318614,0,0,1,0,0,0,0.04999999989499046,0.6421428578318614,0,0,1,0,0,0,0,0,0,0,0,1,0,0,1
467.1,0.04999999989499046,0.6389285721175756,0,-0.003571428571428572,0,15.09999987548542,5,0,0,0,467.1,0,0,1,0,0,1,0,0,452.0000001245146,6,4,0,0,0,0,0,0,0,0,1,5,0.04999999989499046,0.6389285721175756,0,0.04999999989499046,0.6389285721175756,0,0,1,0,0,0,0.04999999989499046,0.6389285721175756,0,0,1,0,0,0,0,0,0,0,0,1,0,0,1
468,0.04999999989499046,0.63571428640329,0,-0.003571428571428572,0,15.9999998754854,5,0,0,0,468,0,0,1,0,0,1,0,0,452.0000001245146,6,4,0,0,0,0,0,0,0,0,1,5,0.04999999989499046,0.63571428640329,0,0.04999999989499046,0.63571428640329,0,0,1,0,0,0,0.04999999989499046,0.63571428640329,0,0,1,0,0,0,0,0,0,0,0,1,0,0,1
468.9,0.04999999989499046,0.6325000006890044,0,-0.003571428571428572,0,16.89999987548538,5,0,0,0,468.9,0,0,1,0,0,1,0,0,452.0000001245146,6,4,0,0,0,0,0,0,0,0,1,5,0.04999999989499046,0.6325000006890044,0,0.04999999989499046,0.6325000006890044,0,0,1,0,0,0,0.04999999989499046,0.6325000006890044,0,0,1,0,0,0,0,0,0,0,0,1,0,0,1
469.8,0.04999999989499046,0.6292857149747185,0,-0.003571428571428572,0,17.79999987548541,5,0,0,0,469.8,0,0,1,0,0,1,0,0,452.0000001245146,6,4,0,0,0,0,0,0,0,0,1,5,0.04999999989499046,0.6292857149747185,0,0.04999999989499046,0.6292857149747185,0,0,1,0,0,0,0.04999999989499046,0.6292857149747185,0,0,1,0,0,0,0,0,0,0,0,1,0,0,1
470.7,0.04999999989499046,0.6260714292604329,0,-0.003571428571428572,0,18.69999987548539,5,0,0,0,470.7,0,0,1,0,0,1,0,0,452.0000001245146,6,4,0,0,0,0,0,0,0,0,1,5,0.04999999989499046,0.6260714292604329,0,0.04999999989499046,0.6260714292604329,0,0,1,0,0,0,0.04999999989499046,0.6260714292604329,0,0,1,0,0,0,0,0,0,0,0,1,0,0,1
471.6,0.04999999989499046,0.6228571435461471,0,-0.003571428571428572,0,19.59999987548542,5,0,0,0,471.6,0,0,1,0,0,1,0,0,452.0000001245146,6,4,0,0,0,0,0,0,0,0,1,5,0.04999999989499046,0.6228571435461471,0,0.04999999989499046,0.6228571435461471,0,0,1,0,0,0,0.04999999989499046,0.6228571435461471,0,0,1,0,0,0,0,0,0,0,0,1,0,0,1
472.5,0.04999999989499046,0.6196428578318615,0,-0.003571428571428572,0,20.4999998754854,5,0,0,0,472.5,0,0,1,0,0,1,0,0,452.0000001245146,6,4,0,0,0,0,0,0,0,0,1,5,0.04999999989499046,0.6196428578318615,0,0.04999999989499046,0.6196428578318615,0,0,1,0,0,0,0.04999999989499046,0.6196428578318615,0,0,1,0,0,0,0,0,0,0,0,1,0,0,1
473.4,0.04999999989499046,0.6164285721175757,0,-0.003571428571428572,0,21.39999987548538,5,0,0,0,473.4,0,0,1,0,0,1,0,0,452.0000001245146,6,4,0,0,0,0,0,0,0,0,1,5,0.04999999989499046,0.6164285721175757,0,0.04999999989499046,0.6164285721175757,0,0,1,0,0,0,0.04999999989499046,0.6164285721175757,0,0,1,0,0,0,0,0,0,0,0,1,0,0,1
474.3,0.04999999989499046,0.6132142864032899,0,-0.003571428571428572,0,22.29999987548541,5,0,0,0,474.3,0,0,1,0,0,1,0,0,452.0000001245146,6,4,0,0,0,0,0,0,0,0,1,5,0.04999999989499046,0.6132142864032899,0,0.04999999989499046,0.6132142864032899,0,0,1,0,0,0,0.04999999989499046,0.6132142864032899,0,0,1,0,0,0,0,0,0,0,0,1,0,0,1
475.2,0.04999999989499046,0.6100000006890042,0,-0.003571428571428572,0,23.19999987548539,5,0,0,0,475.2,0,0,1,0,0,1,0,0,452.0000001245146,6,4,0,0,0,0,0,0,0,0,1,5,0.04999999989499046,0.6100000006890042,0,0.04999999989499046,0.6100000006890042,0,0,1,0,0,0,0.04999999989499046,0.6100000006890042,0,0,1,0,0,0,0,0,0,0,0,1,0,0,1
476.1,0.04999999989499046,0.6067857149747183,0,-0.003571428571428572,0,24.09999987548542,5,0,0,0,476.1,0,0,1,0,0,1,0,0,452.0000001245146,6,4,0,0,0,0,0,0,0,0,1,5,0.04999999989499046,0.6067857149747183,0,0.04999999989499046,0.6067857149747183,0,0,1,0,0,0,0.04999999989499046,0.6067857149747183,0,0,1,0,0,0,0,0,0,0,0,1,0,0,1
477,0.04999999989499046,0.6035714292604327,0,-0.003571428571428572,0,24.9999998754854,5,0,0,0,477,0,0,1,0,0,1,0,0,452.0000001245146,6,4,0,0,0,0,0,0,0,0,1,5,0.04999999989499046,0.6035714292604327,0,0.04999999989499046,0.6035714292604327,0,0,1,0,0,0,0.04999999989499046,0.6035714292604327,0,0,1,0,0,0,0,0,0,0,0,1,0,0,1
477.9,0.04999999989499046,0.6003571435461471,0,-0.003571428571428572,0,25.89999987548538,5,0,0,0,477.9,0,0,1,0,0,1,0,0,452.0000001245146,6,4,0,0,0,0,0,0,0,0,1,5,0.04999999989499046,0.6003571435461471,0,0.04999999989499046,0.6003571435461471,0,0,1,0,0,0,0.04999999989499046,0.6003571435461471,0,0,1,0,0,0,0,0,0,0,0,1,0,0,1
478.8,0.04999999989499046,0.5971428578318613,0,-0.003571428571428572,0,26.79999987548541,5,0,0,0,478.8,0,0,1,0,0,1,0,0,452.0000001245146,6,4,0,0,0,0,0,0,0,0,1,5,0.04999999989499046,0.5971428578318613,0,0.04999999989499046,0.5971428578318613,0,0,1,0,0,0,0.04999999989499046,0.5971428578318613,0,0,1,0,0,0,0,0,0,0,0,1,0,0,1
479.7,0.04999999989499046,0.5939285721175757,0,-0.003571428571428572,0,27.69999987548539,5,0,0,0,479.7,0,0,1,0,0,1,0,0,452.0000001245146,6,4,0,0,0,0,0,0,0,0,1,5,0.04999999989499046,0.5939285721175757,0,0.04999999989499046,0.5939285721175757,0,0,1,0,0,0,0.04999999989499046,0.5939285721175757,0,0,1,0,0,0,0,0,0,0,0,1,0,0,1
480.6,0.04999999989499046,0.5907142864032898,0,-0.003571428571428572,0,28.59999987548542,5,0,0,0,480.6,0,0,1,0,0,1,0,0,452.0000001245146,6,4,0,0,0,0,0,0,0,0,1,5,0.04999999989499046,0.5907142864032898,0,0.04999999989499046,0.5907142864032898,0,0,1,0,0,0,0.04999999989499046,0.5907142864032898,0,0,1,0,0,0,0,0,0,0,0,1,0,0,1
481.5,0.04999999989499046,0.5875000006890042,0,-0.003571428571428572,0,29.4999998754854,5,0,0,0,481.5,0,0,1,0,0,1,0,0,452.0000001245146,6,4,0,0,0,0,0,0,0,0,1,5,0.04999999989499046,0.5875000006890042,0,0.04999999989499046,0.5875000006890042,0,0,1,0,0,0,0.04999999989499046,0.5875000006890042,0,0,1,0,0,0,0,0,0,0,0,1,0,0,1
482.4,0.04999999989499046,0.5842857149747185,0,-0.003571428571428572,0,30.39999987548538,5,0,0,0,482.4,0,0,1,0,0,1,0,0,452.0000001245146,6,4,0,0,0,0,0,0,0,0,1,5,0.04999999989499046,0.5842857149747185,0,0.04999999989499046,0.5842857149747185,0,0,1,0,0,0,0.04999999989499046,0.5842857149747185,0,0,1,0,0,0,0,0,0,0,0,1,0,0,1
483.3,0.04999999989499046,0.5810714292604328,0,-0.003571428571428572,0,31.29999987548541,5,0,0,0,483.3,0,0,1,0,0,1,0,0,452.0000001245146,6,4,0,0,0,0,0,0,0,0,1,5,0.04999999989499046,0.5810714292604328,0,0.04999999989499046,0.5810714292604328,0,0,1,0,0,0,0.04999999989499046,0.5810714292604328,0,0,1,0,0,0,0,0,0,0,0,1,0,0,1
484.2,0.04999999989499046,0.577857143546147,0,-0.003571428571428572,0,32.19999987548539,5,0,0,0,484.2,0,0,1,0,0,1,0,0,452.0000001245146,6,4,0,0,0,0,0,0,0,0,1,5,0.04999999989499046,0.577857143546147,0,0.04999999989499046,0.577857143546147,0,0,1,0,0,0,0.04999999989499046,0.577857143546147,0,0,1,0,0,0,0,0,0,0,0,1,0,0,1
485.1,0.04999999989499046,0.5746428578318612,0,-0.003571428571428572,0,33.09999987548542,5,0,0,0,485.1,0,0,1,0,0,1,0,0,452.0000001245146,6,4,0,0,0,0,0,0,0,0,1,5,0.04999999989499046,0.5746428578318612,0,0.04999999989499046,0.5746428578318612,0,0,1,0,0,0,0.04999999989499046,0.5746428578318612,0,0,1,0,0,0,0,0,0,0,0,1,0,0,1
486,0.04999999989499046,0.5714285721175756,0,-0.003571428571428572,0,33.9999998754854,5,0,0,0,486,0,0,1,0,0,1,0,0,452.0000001245146,6,4,0,0,0,0,0,0,0,0,1,5,0.04999999989499046,0.5714285721175756,0,0.04999999989499046,0.5714285721175756,0,0,1,0,0,0,0.04999999989499046,0.5714285721175756,0,0,1,0,0,0,0,0,0,0,0,1,0,0,1
486.9,0.04999999989499046,0.56821428640329,0,-0.003571428571428572,0,34.89999987548538,5,0,0,0,486.9,0,0,1,0,0,1,0,0,452.0000001245146,6,4,0,0,0,0,0,0,0,0,1,5,0.04999999989499046,0.56821428640329,0,0.04999999989499046,0.56821428640329,0,0,1,0,0,0,0.04999999989499046,0.56821428640329,0,0,1,0,0,0,0,0,0,0,0,1,0,0,1
487.8,0.04999999989499046,0.5650000006890041,0,-0.003571428571428572,0,35.79999987548541,5,0,0,0,487.8,0,0,1,0,0,1,0,0,452.0000001245146,6,4,0,0,0,0,0,0,0,0,1,5,0.04999999989499046,0.5650000006890041,0,0.04999999989499046,0.5650000006890041,0,0,1,0,0,0,0.04999999989499046,0.5650000006890041,0,0,1,0,0,0,0,0,0,0,0,1,0,0,1
488.7,0.04999999989499046,0.5617857149747185,0,-0.003571428571428572,0,36.69999987548539,5,0,0,0,488.7,0,0,1,0,0,1,0,0,452.0000001245146,6,4,0,0,0,0,0,0,0,0,1,5,0.04999999989499046,0.5617857149747185,0,0.04999999989499046,0.5617857149747185,0,0,1,0,0,0,0.04999999989499046,0.5617857149747185,0,0,1,0,0,0,0,0,0,0,0,1,0,0,1
489.6,0.04999999989499046,0.5585714292604327,0,-0.003571428571428572,0,37.59999987548542,5,0,0,0,489.6,0,0,1,0,0,1,0,0,452.0000001245146,6,4,0,0,0,0,0,0,0,0,1,5,0.04999999989499046,0.5585714292604327,0,0.04999999989499046,0.5585714292604327,0,0,1,0,0,0,0.04999999989499046,0.5585714292604327,0,0,1,0,0,0,0,0,0,0,0,1,0,0,1
490.5,0.04999999989499046,0.5553571435461471,0,-0.003571428571428572,0,38.4999998754854,5,0,0,0,490.5,0,0,1,0,0,1,0,0,452.0000001245146,6,4,0,0,0,0,0,0,0,0,1,5,0.04999999989499046,0.5553571435461471,0,0.04999999989499046,0.5553571435461471,0,0,1,0,0,0,0.04999999989499046,0.5553571435461471,0,0,1,0,0,0,0,0,0,0,0,1,0,0,1
491.4,0.04999999989499046,0.5521428578318615,0,-0.003571428571428572,0,39.39999987548538,5,0,0,0,491.4,0,0,1,0,0,1,0,0,452.0000001245146,6,4,0,0,0,0,0,0,0,0,1,5,0.04999999989499046,0.5521428578318615,0,0.04999999989499046,0.5521428578318615,0,0,1,0,0,0,0.04999999989499046,0.5521428578318615,0,0,1,0,0,0,0,0,0,0,0,1,0,0,1
492.3,0.04999999989499046,0.5489285721175756,0,-0.003571428571428572,0,40.29999987548541,5,0,0,0,492.3,0,0,1,0,0,1,0,0,452.0000001245146,6,4,0,0,0,0,0,0,0,0,1,5,0.04999999989499046,0.5489285721175756,0,0.04999999989499046,0.5489285721175756,0,0,1,0,0,0,0.04999999989499046,0.5489285721175756,0,0,1,0,0,0,0,0,0,0,0,1,0,0,1
493.2,0.04999999989499046,0.5457142864032899,0,-0.003571428571428572,0,41.19999987548539,5,0,0,0,493.2,0,0,1,0,0,1,0,0,452.0000001245146,6,4,0,0,0,0,0,0,0,0,1,5,0.04999999989499046,0.5457142864032899,0,0.04999999989499046,0.5457142864032899,0,0,1,0,0,0,0.04999999989499046,0.5457142864032899,0,0,1,0,0,0,0,0,0,0,0,1,0,0,1
494.1,0.04999999989499046,0.5425000006890041,0,-0.003571428571428572,0,42.09999987548542,5,0,0,0,494.1,0,0,1,0,0,1,0,0,452.0000001245146,6,4,0,0,0,0,0,0,0,0,1,5,0.04999999989499046,0.5425000006890041,0,0.04999999989499046,0.5425000006890041,0,0,1,0,0,0,0.04999999989499046,0.5425000006890041,0,0,1,0,0,0,0,0,0,0,0,1,0,0,1
495,0.04999999989499046,0.5392857149747184,0,-0.003571428571428572,0,42.9999998754854,5,0,0,0,495,0,0,1,0,0,1,0,0,452.0000001245146,6,4,0,0,0,0,0,0,0,0,1,5,0.04999999989499046,0.5392857149747184,0,0.04999999989499046,0.5392857149747184,0,0,1,0,0,0,0.04999999989499046,0.5392857149747184,0,0,1,0,0,0,0,0,0,0,0,1,0,0,1
495.9,0.04999999989499046,0.5360714292604328,0,-0.003571428571428572,0,43.89999987548538,5,0,0,0,495.9,0,0,1,0,0,1,0,0,452.0000001245146,6,4,0,0,0,0,0,0,0,0,1,5,0.04999999989499046,0.5360714292604328,0,0.04999999989499046,0.5360714292604328,0,0,1,0,0,0,0.04999999989499046,0.5360714292604328,0,0,1,0,0,0,0,0,0,0,0,1,0,0,1
496.8,0.04999999989499046,0.532857143546147,0,-0.003571428571428572,0,44.79999987548541,5,0,0,0,496.8,0,0,1,0,0,1,0,0,452.0000001245146,6,4,0,0,0,0,0,0,0,0,1,5,0.04999999989499046,0.532857143546147,0,0.04999999989499046,0.532857143546147,0,0,1,0,0,0,0.04999999989499046,0.532857143546147,0,0,1,0,0,0,0,0,0,0,0,1,0,0,1
497.7,0.04999999989499046,0.5296428578318614,0,-0.003571428571428572,0,45.69999987548539,5,0,0,0,497.7,0,0,1,0,0,1,0,0,452.0000001245146,6,4,0,0,0,0,0,0,0,0,1,5,0.04999999989499046,0.5296428578318614,0,0.04999999989499046,0.5296428578318614,0,0,1,0,0,0,0.04999999989499046,0.5296428578318614,0,0,1,0,0,0,0,0,0,0,0,1,0,0,1
498.6,0.04999999989499046,0.5264285721175755,0,-0.003571428571428572,0,46.59999987548542,5,0,0,0,498.6,0,0,1,0,0,1,0,0,452.0000001245146,6,4,0,0,0,0,0,0,0,0,1,5,0.04999999989499046,0.5264285721175755,0,0.04999999989499046,0.5264285721175755,0,0,1,0,0,0,0.04999999989499046,0.5264285721175755,0,0,1,0,0,0,0,0,0,0,0,1,0,0,1
499.5,0.04999999989499046,0.5232142864032899,0,-0.003571428571428572,0,47.4999998754854,5,0,0,0,499.5,0,0,1,0,0,1,0,0,452.0000001245146,6,4,0,0,0,0,0,0,0,0,1,5,0.04999999989499046,0.5232142864032899,0,0.04999999989499046,0.5232142864032899,0,0,1,0,0,0,0.04999999989499046,0.5232142864032899,0,0,1,0,0,0,0,0,0,0,0,1,0,0,1
500.4,0.04999999989499046,0.5200000006890043,0,-0.003571428571428572,0,48.39999987548538,5,0,0,0,500.4,0,0,1,0,0,1,0,0,452.0000001245146,6,4,0,0,0,0,0,0,0,0,1,5,0.04999999989499046,0.5200000006890043,0,0.04999999989499046,0.5200000006890043,0,0,1,0,0,0,0.04999999989499046,0.5200000006890043,0,0,1,0,0,0,0,0,0,0,0,1,0,0,1
501.3,0.04999999989499046,0.5167857149747185,0,-0.003571428571428572,0,49.29999987548541,5,0,0,0,501.3,0,0,1,0,0,1,0,0,452.0000001245146,6,4,0,0,0,0,0,0,0,0,1,5,0.04999999989499046,0.5167857149747185,0,0.04999999989499046,0.5167857149747185,0,0,1,0,0,0,0.04999999989499046,0.5167857149747185,0,0,1,0,0,0,0,0,0,0,0,1,0,0,1
502.2,0.04999999989499046,0.5135714292604328,0,-0.003571428571428572,0,50.19999987548539,5,0,0,0,502.2,0,0,1,0,0,1,0,0,452.0000001245146,6,4,0,0,0,0,0,0,0,0,1,5,0.04999999989499046,0.5135714292604328,0,0.04999999989499046,0.5135714292604328,0,0,1,0,0,0,0.04999999989499046,0.5135714292604328,0,0,1,0,0,0,0,0,0,0,0,1,0,0,1
503.1,0.04999999989499046,0.5103571435461469,0,-0.003571428571428572,0,51.09999987548542,5,0,0,0,503.1,0,0,1,0,0,1,0,0,452.0000001245146,6,4,0,0,0,0,0,0,0,0,1,5,0.04999999989499046,0.5103571435461469,0,0.04999999989499046,0.5103571435461469,0,0,1,0,0,0,0.04999999989499046,0.5103571435461469,0,0,1,0,0,0,0,0,0,0,0,1,0,0,1
504,0.04999999989499046,0.5071428578318613,0,-0.003571428571428572,0,51.9999998754854,5,0,0,0,504,0,0,1,0,0,1,0,0,452.0000001245146,6,4,0,0,0,0,0,0,0,0,1,5,0.04999999989499046,0.5071428578318613,0,0.04999999989499046,0.5071428578318613,0,0,1,0,0,0,0.04999999989499046,0.5071428578318613,0,0,1,0,0,0,0,0,0,0,0,1,0,0,1
504.9,0.04999999989499046,0.5039285721175757,0,-0.003571428571428572,0,52.89999987548538,5,0,0,0,504.9,0,0,1,0,0,1,0,0,452.0000001245146,6,4,0,0,0,0,0,0,0,0,1,5,0.04999999989499046,0.5039285721175757,0,0.04999999989499046,0.5039285721175757,0,0,1,0,0,0,0.04999999989499046,0.5039285721175757,0,0,1,0,0,0,0,0,0,0,0,1,0,0,1
505.8,0.04999999989499046,0.5007142864032899,0,-0.003571428571428572,0,53.79999987548541,5,0,0,0,505.8,0,0,1,0,0,1,0,0,452.0000001245146,6,4,0,0,0,0,0,0,0,0,1,5,0.04999999989499046,0.5007142864032899,0,0.04999999989499046,0.5007142864032899,0,0,1,0,0,0,0.04999999989499046,0.5007142864032899,0,0,1,0,0,0,0,0,0,0,0,1,0,0,1
506.7,0.04999999989499046,0.4975000006890042,0,-0.003571428571428572,0,54.69999987548539,5,0,0,0,506.7,0,0,1,0,0,1,0,0,452.0000001245146,6,4,0,0,0,0,0,0,0,0,1,5,0.04999999989499046,0.4975000006890042,0,0.04999999989499046,0.4975000006890042,0,0,1,0,0,0,0.04999999989499046,0.4975000006890042,0,0,1,0,0,0,0,0,0,0,0,1,0,0,1
507.6,0.04999999989499046,0.4942857149747184,0,-0.003571428571428572,0,55.59999987548542,5,0,0,0,507.6,0,0,1,0,0,1,0,0,452.0000001245146,6,4,0,0,0,0,0,0,0,0,1,5,0.04999999989499046,0.4942857149747184,0,0.04999999989499046,0.4942857149747184,0,0,1,0,0,0,0.04999999989499046,0.4942857149747184,0,0,1,0,0,0,0,0,0,0,0,1,0,0,1
508.5,0.04999999989499046,0.4910714292604328,0,-0.003571428571428572,0,56.4999998754854,5,0,0,0,508.5,0,0,1,0,0,1,0,0,452.0000001245146,6,4,0,0,0,0,0,0,0,0,1,5,0.04999999989499046,0.4910714292604328,0,0.04999999989499046,0.4910714292604328,0,0,1,0,0,0,0.04999999989499046,0.4910714292604328,0,0,1,0,0,0,0,0,0,0,0,1,0,0,1
509.4,0.04999999989499046,0.4878571435461471,0,-0.003571428571428572,0,57.39999987548538,5,0,0,0,509.4,0,0,1,0,0,1,0,0,452.0000001245146,6,4,0,0,0,0,0,0,0,0,1,5,0.04999999989499046,0.4878571435461471,0,0.04999999989499046,0.4878571435461471,0,0,1,0,0,0,0.04999999989499046,0.4878571435461471,0,0,1,0,0,0,0,0,0,0,0,1,0,0,1
510.3,0.04999999989499046,0.4846428578318613,0,-0.003571428571428572,0,58.29999987548541,5,0,0,0,510.3,0,0,1,0,0,1,0,0,452.0000001245146,6,4,0,0,0,0,0,0,0,0,1,5,0.04999999989499046,0.4846428578318613,0,0.04999999989499046,0.4846428578318613,0,0,1,0,0,0,0.04999999989499046,0.4846428578318613,0,0,1,0,0,0,0,0,0,0,0,1,0,0,1
511.2,0.04999999989499046,0.4814285721175757,0,-0.003571428571428572,0,59.19999987548539,5,0,0,0,511.2,0,0,1,0,0,1,0,0,452.0000001245146,6,4,0,0,0,0,0,0,0,0,1,5,0.04999999989499046,0.4814285721175757,0,0.04999999989499046,0.4814285721175757,0,0,1,0,0,0,0.04999999989499046,0.4814285721175757,0,0,1,0,0,0,0,0,0,0,0,1,0,0,1
512.1,0.04999999989499046,0.4782142864032898,0,-0.003571428571428572,0,60.09999987548542,5,0,0,0,512.1,0,0,1,0,0,1,0,0,452.0000001245146,6,4,0,0,0,0,0,0,0,0,1,5,0.04999999989499046,0.4782142864032898,0,0.04999999989499046,0.4782142864032898,0,0,1,0,0,0,0.04999999989499046,0.4782142864032898,0,0,1,0,0,0,0,0,0,0,0,1,0,0,1
513,0.04999999989499046,0.4750000006890042,0,-0.003571428571428572,0,60.9999998754854,5,0,0,0,513,0,0,1,0,0,1,0,0,452.0000001245146,6,4,0,0,0,0,0,0,0,0,1,5,0.04999999989499046,0.4750000006890042,0,0.04999999989499046,0.4750000006890042,0,0,1,0,0,0,0.04999999989499046,0.4750000006890042,0,0,1,0,0,0,0,0,0,0,0,1,0,0,1
513.9,0.04999999989499046,0.4717857149747186,0,-0.003571428571428572,0,61.89999987548538,5,0,0,0,513.9,0,0,1,0,0,1,0,0,452.0000001245146,6,4,0,0,0,0,0,0,0,0,1,5,0.04999999989499046,0.4717857149747186,0,0.04999999989499046,0.4717857149747186,0,0,1,0,0,0,0.04999999989499046,0.4717857149747186,0,0,1,0,0,0,0,0,0,0,0,1,0,0,1
514.8,0.04999999989499046,0.4685714292604329,0,-0.003571428571428572,0,62.79999987548536,5,0,0,0,514.8,0,0,1,0,0,1,0,0,452.0000001245146,6,4,0,0,0,0,0,0,0,0,1,5,0.04999999989499046,0.4685714292604329,0,0.04999999989499046,0.4685714292604329,0,0,1,0,0,0,0.04999999989499046,0.4685714292604329,0,0,1,0,0,0,0,0,0,0,0,1,0,0,1
515.7,0.04999999989499046,0.4653571435461469,0,-0.003571428571428572,0,63.69999987548545,5,0,0,0,515.7,0,0,1,0,0,1,0,0,452.0000001245146,6,4,0,0,0,0,0,0,0,0,1,5,0.04999999989499046,0.4653571435461469,0,0.04999999989499046,0.4653571435461469,0,0,1,0,0,0,0.04999999989499046,0.4653571435461469,0,0,1,0,0,0,0,0,0,0,0,1,0,0,1
516.6,0.04999999989499046,0.4621428578318613,0,-0.003571428571428572,0,64.59999987548542,5,0,0,0,516.6,0,0,1,0,0,1,0,0,452.0000001245146,6,4,0,0,0,0,0,0,0,0,1,5,0.04999999989499046,0.4621428578318613,0,0.04999999989499046,0.4621428578318613,0,0,1,0,0,0,0.04999999989499046,0.4621428578318613,0,0,1,0,0,0,0,0,0,0,0,1,0,0,1
517.5,0.04999999989499046,0.4589285721175757,0,-0.003571428571428572,0,65.4999998754854,5,0,0,0,517.5,0,0,1,0,0,1,0,0,452.0000001245146,6,4,0,0,0,0,0,0,0,0,1,5,0.04999999989499046,0.4589285721175757,0,0.04999999989499046,0.4589285721175757,0,0,1,0,0,0,0.04999999989499046,0.4589285721175757,0,0,1,0,0,0,0,0,0,0,0,1,0,0,1
518.4,0.04999999989499046,0.45571428640329,0,-0.003571428571428572,0,66.39999987548538,5,0,0,0,518.4,0,0,1,0,0,1,0,0,452.0000001245146,6,4,0,0,0,0,0,0,0,0,1,5,0.04999999989499046,0.45571428640329,0,0.04999999989499046,0.45571428640329,0,0,1,0,0,0,0.04999999989499046,0.45571428640329,0,0,1,0,0,0,0,0,0,0,0,1,0,0,1
519.3,0.04999999989499046,0.4525000006890044,0,-0.003571428571428572,0,67.29999987548536,5,0,0,0,519.3,0,0,1,0,0,1,0,0,452.0000001245146,6,4,0,0,0,0,0,0,0,0,1,5,0.04999999989499046,0.4525000006890044,0,0.04999999989499046,0.4525000006890044,0,0,1,0,0,0,0.04999999989499046,0.4525000006890044,0,0,1,0,0,0,0,0,0,0,0,1,0,0,1
520.2,0.04999999989499046,0.4492857149747183,0,-0.003571428571428572,0,68.19999987548545,5,0,0,0,520.2,0,0,1,0,0,1,0,0,452.0000001245146,6,4,0,0,0,0,0,0,0,0,1,5,0.04999999989499046,0.4492857149747183,0,0.04999999989499046,0.4492857149747183,0,0,1,0,0,0,0.04999999989499046,0.4492857149747183,0,0,1,0,0,0,0,0,0,0,0,1,0,0,1
521.1,0.04999999989499046,0.4460714292604327,0,-0.003571428571428572,0,69.09999987548542,5,0,0,0,521.1,0,0,1,0,0,1,0,0,452.0000001245146,6,4,0,0,0,0,0,0,0,0,1,5,0.04999999989499046,0.4460714292604327,0,0.04999999989499046,0.4460714292604327,0,0,1,0,0,0,0.04999999989499046,0.4460714292604327,0,0,1,0,0,0,0,0,0,0,0,1,0,0,1
522,0.04999999989499046,0.442857143546147,0,-0.003571428571428572,0,69.9999998754854,5,0,0,0,522,0,0,1,0,0,1,0,0,452.0000001245146,6,4,0,0,0,0,0,0,0,0,1,5,0.04999999989499046,0.442857143546147,0,0.04999999989499046,0.442857143546147,0,0,1,0,0,0,0.04999999989499046,0.442857143546147,0,0,1,0,0,0,0,0,0,0,0,1,0,0,1
522.9,0.04999999989499046,0.4396428578318614,0,-0.003571428571428572,0,70.89999987548538,5,0,0,0,522.9,0,0,1,0,0,1,0,0,452.0000001245146,6,4,0,0,0,0,0,0,0,0,1,5,0.04999999989499046,0.4396428578318614,0,0.04999999989499046,0.4396428578318614,0,0,1,0,0,0,0.04999999989499046,0.4396428578318614,0,0,1,0,0,0,0,0,0,0,0,1,0,0,1
523.8,0.04999999989499046,0.4364285721175758,0,-0.003571428571428572,0,71.79999987548536,5,0,0,0,523.8,0,0,1,0,0,1,0,0,452.0000001245146,6,4,0,0,0,0,0,0,0,0,1,5,0.04999999989499046,0.4364285721175758,0,0.04999999989499046,0.4364285721175758,0,0,1,0,0,0,0.04999999989499046,0.4364285721175758,0,0,1,0,0,0,0,0,0,0,0,1,0,0,1
524.7,0.04999999989499046,0.4332142864032897,0,-0.003571428571428572,0,72.69999987548545,5,0,0,0,524.7,0,0,1,0,0,1,0,0,452.0000001245146,6,4,0,0,0,0,0,0,0,0,1,5,0.04999999989499046,0.4332142864032897,0,0.04999999989499046,0.4332142864032897,0,0,1,0,0,0,0.04999999989499046,0.4332142864032897,0,0,1,0,0,0,0,0,0,0,0,1,0,0,1
525.6,0.04999999989499046,0.4300000006890041,0,-0.003571428571428572,0,73.59999987548542,5,0,0,0,525.6,0,0,1,0,0,1,0,0,452.0000001245146,6,4,0,0,0,0,0,0,0,0,1,5,0.04999999989499046,0.4300000006890041,0,0.04999999989499046,0.4300000006890041,0,0,1,0,0,0,0.04999999989499046,0.4300000006890041,0,0,1,0,0,0,0,0,0,0,0,1,0,0,1
526.5,0.04999999989499046,0.4267857149747185,0,-0.003571428571428572,0,74.4999998754854,5,0,0,0,526.5,0,0,1,0,0,1,0,0,452.0000001245146,6,4,0,0,0,0,0,0,0,0,1,5,0.04999999989499046,0.4267857149747185,0,0.04999999989499046,0.4267857149747185,0,0,1,0,0,0,0.04999999989499046,0.4267857149747185,0,0,1,0,0,0,0,0,0,0,0,1,0,0,1
527.4,0.04999999989499046,0.4235714292604328,0,-0.003571428571428572,0,75.39999987548538,5,0,0,0,527.4,0,0,1,0,0,1,0,0,452.0000001245146,6,4,0,0,0,0,0,0,0,0,1,5,0.04999999989499046,0.4235714292604328,0,0.04999999989499046,0.4235714292604328,0,0,1,0,0,0,0.04999999989499046,0.4235714292604328,0,0,1,0,0,0,0,0,0,0,0,1,0,0,1
528.3,0.04999999989499046,0.4203571435461472,0,-0.003571428571428572,0,76.29999987548536,5,0,0,0,528.3,0,0,1,0,0,1,0,0,452.0000001245146,6,4,0,0,0,0,0,0,0,0,1,5,0.04999999989499046,0.4203571435461472,0,0.04999999989499046,0.4203571435461472,0,0,1,0,0,0,0.04999999989499046,0.4203571435461472,0,0,1,0,0,0,0,0,0,0,0,1,0,0,1
529.2,0.04999999989499046,0.4171428578318612,0,-0.003571428571428572,0,77.19999987548545,5,0,0,0,529.2,0,0,1,0,0,1,0,0,452.0000001245146,6,4,0,0,0,0,0,0,0,0,1,5,0.04999999989499046,0.4171428578318612,0,0.04999999989499046,0.4171428578318612,0,0,1,0,0,0,0.04999999989499046,0.4171428578318612,0,0,1,0,0,0,0,0,0,0,0,1,0,0,1
530.1,0.04999999989499046,0.4139285721175756,0,-0.003571428571428572,0,78.09999987548542,5,0,0,0,530.1,0,0,1,0,0,1,0,0,452.0000001245146,6,4,0,0,0,0,0,0,0,0,1,5,0.04999999989499046,0.4139285721175756,0,0.04999999989499046,0.4139285721175756,0,0,1,0,0,0,0.04999999989499046,0.4139285721175756,0,0,1,0,0,0,0,0,0,0,0,1,0,0,1
531,0.04999999989499046,0.4107142864032899,0,-0.003571428571428572,0,78.9999998754854,5,0,0,0,531,0,0,1,0,0,1,0,0,452.0000001245146,6,4,0,0,0,0,0,0,0,0,1,5,0.04999999989499046,0.4107142864032899,0,0.04999999989499046,0.4107142864032899,0,0,1,0,0,0,0.04999999989499046,0.4107142864032899,0,0,1,0,0,0,0,0,0,0,0,1,0,0,1
531.9,0.04999999989499046,0.4075000006890043,0,-0.003571428571428572,0,79.89999987548538,5,0,0,0,531.9,0,0,1,0,0,1,0,0,452.0000001245146,6,4,0,0,0,0,0,0,0,0,1,5,0.04999999989499046,0.4075000006890043,0,0.04999999989499046,0.4075000006890043,0,0,1,0,0,0,0.04999999989499046,0.4075000006890043,0,0,1,0,0,0,0,0,0,0,0,1,0,0,1
532.8,0.04999999989499046,0.4042857149747187,0,-0.003571428571428572,0,80.79999987548536,5,0,0,0,532.8,0,0,1,0,0,1,0,0,452.0000001245146,6,4,0,0,0,0,0,0,0,0,1,5,0.04999999989499046,0.4042857149747187,0,0.04999999989499046,0.4042857149747187,0,0,1,0,0,0,0.04999999989499046,0.4042857149747187,0,0,1,0,0,0,0,0,0,0,0,1,0,0,1
533.7,0.04999999989499046,0.4010714292604326,0,-0.003571428571428572,0,81.69999987548545,5,0,0,0,533.7,0,0,1,0,0,1,0,0,452.0000001245146,6,4,0,0,0,0,0,0,0,0,1,5,0.04999999989499046,0.4010714292604326,0,0.04999999989499046,0.4010714292604326,0,0,1,0,0,0,0.04999999989499046,0.4010714292604326,0,0,1,0,0,0,0,0,0,0,0,1,0,0,1
534.6,0.04999999989499046,0.397857143546147,0,-0.003571428571428572,0,82.59999987548542,5,0,0,0,534.6,0,0,1,0,0,1,0,0,452.0000001245146,6,4,0,0,0,0,0,0,0,0,1,5,0.04999999989499046,0.397857143546147,0,0.04999999989499046,0.397857143546147,0,0,1,0,0,0,0.04999999989499046,0.397857143546147,0,0,1,0,0,0,0,0,0,0,0,1,0,0,1
535.5,0.04999999989499046,0.3946428578318613,0,-0.003571428571428572,0,83.4999998754854,5,0,0,0,535.5,0,0,1,0,0,1,0,0,452.0000001245146,6,4,0,0,0,0,0,0,0,0,1,5,0.04999999989499046,0.3946428578318613,0,0.04999999989499046,0.3946428578318613,0,0,1,0,0,0,0.04999999989499046,0.3946428578318613,0,0,1,0,0,0,0,0,0,0,0,1,0,0,1
536.4,0.04999999989499046,0.3914285721175757,0,-0.003571428571428572,0,84.39999987548538,5,0,0,0,536.4,0,0,1,0,0,1,0,0,452.0000001245146,6,4,0,0,0,0,0,0,0,0,1,5,0.04999999989499046,0.3914285721175757,0,0.04999999989499046,0.3914285721175757,0,0,1,0,0,0,0.04999999989499046,0.3914285721175757,0,0,1,0,0,0,0,0,0,0,0,1,0,0,1
537.3,0.04999999989499046,0.3882142864032901,0,-0.003571428571428572,0,85.29999987548536,5,0,0,0,537.3,0,0,1,0,0,1,0,0,452.0000001245146,6,4,0,0,0,0,0,0,0,0,1,5,0.04999999989499046,0.3882142864032901,0,0.04999999989499046,0.3882142864032901,0,0,1,0,0,0,0.04999999989499046,0.3882142864032901,0,0,1,0,0,0,0,0,0,0,0,1,0,0,1
538.2,0.04999999989499046,0.385000000689004,0,-0.003571428571428572,0,86.19999987548545,5,0,0,0,538.2,0,0,1,0,0,1,0,0,452.0000001245146,6,4,0,0,0,0,0,0,0,0,1,5,0.04999999989499046,0.385000000689004,0,0.04999999989499046,0.385000000689004,0,0,1,0,0,0,0.04999999989499046,0.385000000689004,0,0,1,0,0,0,0,0,0,0,0,1,0,0,1
539.1,0.04999999989499046,0.3817857149747184,0,-0.003571428571428572,0,87.09999987548542,5,0,0,0,539.1,0,0,1,0,0,1,0,0,452.0000001245146,6,4,0,0,0,0,0,0,0,0,1,5,0.04999999989499046,0.3817857149747184,0,0.04999999989499046,0.3817857149747184,0,0,1,0,0,0,0.04999999989499046,0.3817857149747184,0,0,1,0,0,0,0,0,0,0,0,1,0,0,1
540,0.04999999989499046,0.3785714292604329,0,-0.003571428571428572,0,87.9999998754854,5,0,0,0,540,0,0,1,0,0,1,0,0,452.0000001245146,6,4,0,0,0,0,0,0,0,0,1,5,0.04999999989499046,0.3785714292604329,0,0.04999999989499046,0.3785714292604329,0,0,1,0,0,0,0.04999999989499046,0.3785714292604329,0,0,1,0,0,0,0,0,0,0,0,1,0,0,1
540.9,0.04999999989499046,0.3753571435461472,0,-0.003571428571428572,0,88.89999987548538,5,0,0,0,540.9,0,0,1,0,0,1,0,0,452.0000001245146,6,4,0,0,0,0,0,0,0,0,1,5,0.04999999989499046,0.3753571435461472,0,0.04999999989499046,0.3753571435461472,0,0,1,0,0,0,0.04999999989499046,0.3753571435461472,0,0,1,0,0,0,0,0,0,0,0,1,0,0,1
541.8,0.04999999989499046,0.3721428578318616,0,-0.003571428571428572,0,89.79999987548536,5,0,0,0,541.8,0,0,1,0,0,1,0,0,452.0000001245146,6,4,0,0,0,0,0,0,0,0,1,5,0.04999999989499046,0.3721428578318616,0,0.04999999989499046,0.3721428578318616,0,0,1,0,0,0,0.04999999989499046,0.3721428578318616,0,0,1,0,0,0,0,0,0,0,0,1,0,0,1
542.7,0.04999999989499046,0.3689285721175756,0,-0.003571428571428572,0,90.69999987548545,5,0,0,0,542.7,0,0,1,0,0,1,0,0,452.0000001245146,6,4,0,0,0,0,0,0,0,0,1,5,0.04999999989499046,0.3689285721175756,0,0.04999999989499046,0.3689285721175756,0,0,1,0,0,0,0.04999999989499046,0.3689285721175756,0,0,1,0,0,0,0,0,0,0,0,1,0,0,1
543.6,0.04999999989499046,0.3657142864032899,0,-0.003571428571428572,0,91.59999987548542,5,0,0,0,543.6,0,0,1,0,0,1,0,0,452.0000001245146,6,4,0,0,0,0,0,0,0,0,1,5,0.04999999989499046,0.3657142864032899,0,0.04999999989499046,0.3657142864032899,0,0,1,0,0,0,0.04999999989499046,0.3657142864032899,0,0,1,0,0,0,0,0,0,0,0,1,0,0,1
544.5,0.04999999989499046,0.3625000006890043,0,-0.003571428571428572,0,92.4999998754854,5,0,0,0,544.5,0,0,1,0,0,1,0,0,452.0000001245146,6,4,0,0,0,0,0,0,0,0,1,5,0.04999999989499046,0.3625000006890043,0,0.04999999989499046,0.3625000006890043,0,0,1,0,0,0,0.04999999989499046,0.3625000006890043,0,0,1,0,0,0,0,0,0,0,0,1,0,0,1
545.4,0.04999999989499046,0.3592857149747186,0,-0.003571428571428572,0,93.39999987548538,5,0,0,0,545.4,0,0,1,0,0,1,0,0,452.0000001245146,6,4,0,0,0,0,0,0,0,0,1,5,0.04999999989499046,0.3592857149747186,0,0.04999999989499046,0.3592857149747186,0,0,1,0,0,0,0.04999999989499046,0.3592857149747186,0,0,1,0,0,0,0,0,0,0,0,1,0,0,1
546.3,0.04999999989499046,0.3560714292604331,0,-0.003571428571428572,0,94.29999987548536,5,0,0,0,546.3,0,0,1,0,0,1,0,0,452.0000001245146,6,4,0,0,0,0,0,0,0,0,1,5,0.04999999989499046,0.3560714292604331,0,0.04999999989499046,0.3560714292604331,0,0,1,0,0,0,0.04999999989499046,0.3560714292604331,0,0,1,0,0,0,0,0,0,0,0,1,0,0,1
547.2,0.04999999989499046,0.352857143546147,0,-0.003571428571428572,0,95.19999987548545,5,0,0,0,547.2,0,0,1,0,0,1,0,0,452.0000001245146,6,4,0,0,0,0,0,0,0,0,1,5,0.04999999989499046,0.352857143546147,0,0.04999999989499046,0.352857143546147,0,0,1,0,0,0,0.04999999989499046,0.352857143546147,0,0,1,0,0,0,0,0,0,0,0,1,0,0,1
548.1,0.04999999989499046,0.3496428578318613,0,-0.003571428571428572,0,96.09999987548542,5,0,0,0,548.1,0,0,1,0,0,1,0,0,452.0000001245146,6,4,0,0,0,0,0,0,0,0,1,5,0.04999999989499046,0.3496428578318613,0,0.04999999989499046,0.3496428578318613,0,0,1,0,0,0,0.04999999989499046,0.3496428578318613,0,0,1,0,0,0,0,0,0,0,0,1,0,0,1
549,0.04999999989499046,0.3464285721175757,0,-0.003571428571428572,0,96.9999998754854,5,0,0,0,549,0,0,1,0,0,1,0,0,452.0000001245146,6,4,0,0,0,0,0,0,0,0,1,5,0.04999999989499046,0.3464285721175757,0,0.04999999989499046,0.3464285721175757,0,0,1,0,0,0,0.04999999989499046,0.3464285721175757,0,0,1,0,0,0,0,0,0,0,0,1,0,0,1
549.9,0.04999999989499046,0.3432142864032901,0,-0.003571428571428572,0,97.89999987548538,5,0,0,0,549.9,0,0,1,0,0,1,0,0,452.0000001245146,6,4,0,0,0,0,0,0,0,0,1,5,0.04999999989499046,0.3432142864032901,0,0.04999999989499046,0.3432142864032901,0,0,1,0,0,0,0.04999999989499046,0.3432142864032901,0,0,1,0,0,0,0,0,0,0,0,1,0,0,1
550.8,0.04999999989499046,0.3400000006890044,0,-0.003571428571428572,0,98.79999987548536,5,0,0,0,550.8,0,0,1,0,0,1,0,0,452.0000001245146,6,4,0,0,0,0,0,0,0,0,1,5,0.04999999989499046,0.3400000006890044,0,0.04999999989499046,0.3400000006890044,0,0,1,0,0,0,0.04999999989499046,0.3400000006890044,0,0,1,0,0,0,0,0,0,0,0,1,0,0,1
551.7,0.04999999989499046,0.3367857149747184,0,-0.003571428571428572,0,99.69999987548545,5,0,0,0,551.7,0,0,1,0,0,1,0,0,452.0000001245146,6,4,0,0,0,0,0,0,0,0,1,5,0.04999999989499046,0.3367857149747184,0,0.04999999989499046,0.3367857149747184,0,0,1,0,0,0,0.04999999989499046,0.3367857149747184,0,0,1,0,0,0,0,0,0,0,0,1,0,0,1
552.6,0.04999999989499046,0.3335714292604328,0,-0.003571428571428572,0,100.5999998754854,5,0,0,0,552.6,0,0,1,0,0,1,0,0,452.0000001245146,6,4,0,0,0,0,0,0,0,0,1,5,0.04999999989499046,0.3335714292604328,0,0.04999999989499046,0.3335714292604328,0,0,1,0,0,0,0.04999999989499046,0.3335714292604328,0,0,1,0,0,0,0,0,0,0,0,1,0,0,1
553.5,0.04999999989499046,0.3303571435461471,0,-0.003571428571428572,0,101.4999998754854,5,0,0,0,553.5,0,0,1,0,0,1,0,0,452.0000001245146,6,4,0,0,0,0,0,0,0,0,1,5,0.04999999989499046,0.3303571435461471,0,0.04999999989499046,0.3303571435461471,0,0,1,0,0,0,0.04999999989499046,0.3303571435461471,0,0,1,0,0,0,0,0,0,0,0,1,0,0,1
554.4,0.04999999989499046,0.3271428578318615,0,-0.003571428571428572,0,102.3999998754854,5,0,0,0,554.4,0,0,1,0,0,1,0,0,452.0000001245146,6,4,0,0,0,0,0,0,0,0,1,5,0.04999999989499046,0.3271428578318615,0,0.04999999989499046,0.3271428578318615,0,0,1,0,0,0,0.04999999989499046,0.3271428578318615,0,0,1,0,0,0,0,0,0,0,0,1,0,0,1
555.3,0.04999999989499046,0.3239285721175759,0,-0.003571428571428572,0,103.2999998754854,5,0,0,0,555.3,0,0,1,0,0,1,0,0,452.0000001245146,6,4,0,0,0,0,0,0,0,0,1,5,0.04999999989499046,0.3239285721175759,0,0.04999999989499046,0.3239285721175759,0,0,1,0,0,0,0.04999999989499046,0.3239285721175759,0,0,1,0,0,0,0,0,0,0,0,1,0,0,1
556.2,0.04999999989499046,0.3207142864032898,0,-0.003571428571428572,0,104.1999998754854,5,0,0,0,556.2,0,0,1,0,0,1,0,0,452.0000001245146,6,4,0,0,0,0,0,0,0,0,1,5,0.04999999989499046,0.3207142864032898,0,0.04999999989499046,0.3207142864032898,0,0,1,0,0,0,0.04999999989499046,0.3207142864032898,0,0,1,0,0,0,0,0,0,0,0,1,0,0,1
557.1,0.04999999989499046,0.3175000006890042,0,-0.003571428571428572,0,105.0999998754854,5,0,0,0,557.1,0,0,1,0,0,1,0,0,452.0000001245146,6,4,0,0,0,0,0,0,0,0,1,5,0.04999999989499046,0.3175000006890042,0,0.04999999989499046,0.3175000006890042,0,0,1,0,0,0,0.04999999989499046,0.3175000006890042,0,0,1,0,0,0,0,0,0,0,0,1,0,0,1
558,0.04999999989499046,0.3142857149747186,0,-0.003571428571428572,0,105.9999998754854,5,0,0,0,558,0,0,1,0,0,1,0,0,452.0000001245146,6,4,0,0,0,0,0,0,0,0,1,5,0.04999999989499046,0.3142857149747186,0,0.04999999989499046,0.3142857149747186,0,0,1,0,0,0,0.04999999989499046,0.3142857149747186,0,0,1,0,0,0,0,0,0,0,0,1,0,0,1
558.9,0.04999999989499046,0.311071429260433,0,-0.003571428571428572,0,106.8999998754854,5,0,0,0,558.9,0,0,1,0,0,1,0,0,452.0000001245146,6,4,0,0,0,0,0,0,0,0,1,5,0.04999999989499046,0.311071429260433,0,0.04999999989499046,0.311071429260433,0,0,1,0,0,0,0.04999999989499046,0.311071429260433,0,0,1,0,0,0,0,0,0,0,0,1,0,0,1
559.8,0.04999999989499046,0.3078571435461473,0,-0.003571428571428572,0,107.7999998754854,5,0,0,0,559.8,0,0,1,0,0,1,0,0,452.0000001245146,6,4,0,0,0,0,0,0,0,0,1,5,0.04999999989499046,0.3078571435461473,0,0.04999999989499046,0.3078571435461473,0,0,1,0,0,0,0.04999999989499046,0.3078571435461473,0,0,1,0,0,0,0,0,0,0,0,1,0,0,1
560.7,0.04999999989499046,0.3046428578318613,0,-0.003571428571428572,0,108.6999998754854,5,0,0,0,560.7,0,0,1,0,0,1,0,0,452.0000001245146,6,4,0,0,0,0,0,0,0,0,1,5,0.04999999989499046,0.3046428578318613,0,0.04999999989499046,0.3046428578318613,0,0,1,0,0,0,0.04999999989499046,0.3046428578318613,0,0,1,0,0,0,0,0,0,0,0,1,0,0,1
561.6,0.04999999989499046,0.3014285721175757,0,-0.003571428571428572,0,109.5999998754854,5,0,0,0,561.6,0,0,1,0,0,1,0,0,452.0000001245146,6,4,0,0,0,0,0,0,0,0,1,5,0.04999999989499046,0.3014285721175757,0,0.04999999989499046,0.3014285721175757,0,0,1,0,0,0,0.04999999989499046,0.3014285721175757,0,0,1,0,0,0,0,0,0,0,0,1,0,0,1
562.5,0.04999999989499046,0.29821428640329,0,-0.003571428571428572,0,110.4999998754854,5,0,0,0,562.5,0,0,1,0,0,1,0,0,452.0000001245146,6,4,0,0,0,0,0,0,0,0,1,5,0.04999999989499046,0.29821428640329,0,0.04999999989499046,0.29821428640329,0,0,1,0,0,0,0.04999999989499046,0.29821428640329,0,0,1,0,0,0,0,0,0,0,0,1,0,0,1
563.4,0.04999999989499046,0.2950000006890044,0,-0.003571428571428572,0,111.3999998754854,5,0,0,0,563.4,0,0,1,0,0,1,0,0,452.0000001245146,6,4,0,0,0,0,0,0,0,0,1,5,0.04999999989499046,0.2950000006890044,0,0.04999999989499046,0.2950000006890044,0,0,1,0,0,0,0.04999999989499046,0.2950000006890044,0,0,1,0,0,0,0,0,0,0,0,1,0,0,1
564.3,0.04999999989499046,0.2917857149747187,0,-0.003571428571428572,0,112.2999998754854,5,0,0,0,564.3,0,0,1,0,0,1,0,0,452.0000001245146,6,4,0,0,0,0,0,0,0,0,1,5,0.04999999989499046,0.2917857149747187,0,0.04999999989499046,0.2917857149747187,0,0,1,0,0,0,0.04999999989499046,0.2917857149747187,0,0,1,0,0,0,0,0,0,0,0,1,0,0,1
565.2,0.04999999989499046,0.2885714292604327,0,-0.003571428571428572,0,113.1999998754854,5,0,0,0,565.2,0,0,1,0,0,1,0,0,452.0000001245146,6,4,0,0,0,0,0,0,0,0,1,5,0.04999999989499046,0.2885714292604327,0,0.04999999989499046,0.2885714292604327,0,0,1,0,0,0,0.04999999989499046,0.2885714292604327,0,0,1,0,0,0,0,0,0,0,0,1,0,0,1
566.1,0.04999999989499046,0.2853571435461471,0,-0.003571428571428572,0,114.0999998754854,5,0,0,0,566.1,0,0,1,0,0,1,0,0,452.0000001245146,6,4,0,0,0,0,0,0,0,0,1,5,0.04999999989499046,0.2853571435461471,0,0.04999999989499046,0.2853571435461471,0,0,1,0,0,0,0.04999999989499046,0.2853571435461471,0,0,1,0,0,0,0,0,0,0,0,1,0,0,1
567,0.04999999989499046,0.2821428578318614,0,-0.003571428571428572,0,114.9999998754854,5,0,0,0,567,0,0,1,0,0,1,0,0,452.0000001245146,6,4,0,0,0,0,0,0,0,0,1,5,0.04999999989499046,0.2821428578318614,0,0.04999999989499046,0.2821428578318614,0,0,1,0,0,0,0.04999999989499046,0.2821428578318614,0,0,1,0,0,0,0,0,0,0,0,1,0,0,1
567.9,0.04999999989499046,0.2789285721175758,0,-0.003571428571428572,0,115.8999998754854,5,0,0,0,567.9,0,0,1,0,0,1,0,0,452.0000001245146,6,4,0,0,0,0,0,0,0,0,1,5,0.04999999989499046,0.2789285721175758,0,0.04999999989499046,0.2789285721175758,0,0,1,0,0,0,0.04999999989499046,0.2789285721175758,0,0,1,0,0,0,0,0,0,0,0,1,0,0,1
568.8,0.04999999989499046,0.2757142864032902,0,-0.003571428571428572,0,116.7999998754854,5,0,0,0,568.8,0,0,1,0,0,1,0,0,452.0000001245146,6,4,0,0,0,0,0,0,0,0,1,5,0.04999999989499046,0.2757142864032902,0,0.04999999989499046,0.2757142864032902,0,0,1,0,0,0,0.04999999989499046,0.2757142864032902,0,0,1,0,0,0,0,0,0,0,0,1,0,0,1
569.7,0.04999999989499046,0.2725000006890042,0,-0.003571428571428572,0,117.6999998754854,5,0,0,0,569.7,0,0,1,0,0,1,0,0,452.0000001245146,6,4,0,0,0,0,0,0,0,0,1,5,0.04999999989499046,0.2725000006890042,0,0.04999999989499046,0.2725000006890042,0,0,1,0,0,0,0.04999999989499046,0.2725000006890042,0,0,1,0,0,0,0,0,0,0,0,1,0,0,1
570.6,0.04999999989499046,0.2692857149747185,0,-0.003571428571428572,0,118.5999998754854,5,0,0,0,570.6,0,0,1,0,0,1,0,0,452.0000001245146,6,4,0,0,0,0,0,0,0,0,1,5,0.04999999989499046,0.2692857149747185,0,0.04999999989499046,0.2692857149747185,0,0,1,0,0,0,0.04999999989499046,0.2692857149747185,0,0,1,0,0,0,0,0,0,0,0,1,0,0,1
571.5,0.04999999989499046,0.2660714292604328,0,-0.003571428571428572,0,119.4999998754854,5,0,0,0,571.5,0,0,1,0,0,1,0,0,452.0000001245146,6,4,0,0,0,0,0,0,0,0,1,5,0.04999999989499046,0.2660714292604328,0,0.04999999989499046,0.2660714292604328,0,0,1,0,0,0,0.04999999989499046,0.2660714292604328,0,0,1,0,0,0,0,0,0,0,0,1,0,0,1
572.4,0.04999999989499046,0.2628571435461473,0,-0.003571428571428572,0,120.3999998754854,5,0,0,0,572.4,0,0,1,0,0,1,0,0,452.0000001245146,6,4,0,0,0,0,0,0,0,0,1,5,0.04999999989499046,0.2628571435461473,0,0.04999999989499046,0.2628571435461473,0,0,1,0,0,0,0.04999999989499046,0.2628571435461473,0,0,1,0,0,0,0,0,0,0,0,1,0,0,1
573.3,0.04999999989499046,0.2596428578318616,0,-0.003571428571428572,0,121.2999998754854,5,0,0,0,573.3,0,0,1,0,0,1,0,0,452.0000001245146,6,4,0,0,0,0,0,0,0,0,1,5,0.04999999989499046,0.2596428578318616,0,0.04999999989499046,0.2596428578318616,0,0,1,0,0,0,0.04999999989499046,0.2596428578318616,0,0,1,0,0,0,0,0,0,0,0,1,0,0,1
574.2,0.04999999989499046,0.2564285721175755,0,-0.003571428571428572,0,122.1999998754854,5,0,0,0,574.2,0,0,1,0,0,1,0,0,452.0000001245146,6,4,0,0,0,0,0,0,0,0,1,5,0.04999999989499046,0.2564285721175755,0,0.04999999989499046,0.2564285721175755,0,0,1,0,0,0,0.04999999989499046,0.2564285721175755,0,0,1,0,0,0,0,0,0,0,0,1,0,0,1
575.1,0.04999999989499046,0.2532142864032899,0,-0.003571428571428572,0,123.0999998754854,5,0,0,0,575.1,0,0,1,0,0,1,0,0,452.0000001245146,6,4,0,0,0,0,0,0,0,0,1,5,0.04999999989499046,0.2532142864032899,0,0.04999999989499046,0.2532142864032899,0,0,1,0,0,0,0.04999999989499046,0.2532142864032899,0,0,1,0,0,0,0,0,0,0,0,1,0,0,1
576,0.04999999989499046,0.2500000006890043,0,-0.003571428571428572,0,123.9999998754854,5,0,0,0,576,0,0,1,0,0,1,0,0,452.0000001245146,6,4,0,0,0,0,0,0,0,0,1,5,0.04999999989499046,0.2500000006890043,0,0.04999999989499046,0.2500000006890043,0,0,1,0,0,0,0.04999999989499046,0.2500000006890043,0,0,1,0,0,0,0,0,0,0,0,1,0,0,1
576.9,0.04999999989499046,0.2467857149747187,0,-0.003571428571428572,0,124.8999998754854,5,0,0,0,576.9,0,0,1,0,0,1,0,0,452.0000001245146,6,4,0,0,0,0,0,0,0,0,1,5,0.04999999989499046,0.2467857149747187,0,0.04999999989499046,0.2467857149747187,0,0,1,0,0,0,0.04999999989499046,0.2467857149747187,0,0,1,0,0,0,0,0,0,0,0,1,0,0,1
577.8,0.04999999989499046,0.243571429260433,0,-0.003571428571428572,0,125.7999998754854,5,0,0,0,577.8,0,0,1,0,0,1,0,0,452.0000001245146,6,4,0,0,0,0,0,0,0,0,1,5,0.04999999989499046,0.243571429260433,0,0.04999999989499046,0.243571429260433,0,0,1,0,0,0,0.04999999989499046,0.243571429260433,0,0,1,0,0,0,0,0,0,0,0,1,0,0,1
578.7,0.04999999989499046,0.240357143546147,0,-0.003571428571428572,0,126.6999998754854,5,0,0,0,578.7,0,0,1,0,0,1,0,0,452.0000001245146,6,4,0,0,0,0,0,0,0,0,1,5,0.04999999989499046,0.240357143546147,0,0.04999999989499046,0.240357143546147,0,0,1,0,0,0,0.04999999989499046,0.240357143546147,0,0,1,0,0,0,0,0,0,0,0,1,0,0,1
579.6,0.04999999989499046,0.2371428578318613,0,-0.003571428571428572,0,127.5999998754854,5,0,0,0,579.6,0,0,1,0,0,1,0,0,452.0000001245146,6,4,0,0,0,0,0,0,0,0,1,5,0.04999999989499046,0.2371428578318613,0,0.04999999989499046,0.2371428578318613,0,0,1,0,0,0,0.04999999989499046,0.2371428578318613,0,0,1,0,0,0,0,0,0,0,0,1,0,0,1
580.5,0.04999999989499046,0.2339285721175757,0,-0.003571428571428572,0,128.4999998754854,5,0,0,0,580.5,0,0,1,0,0,1,0,0,452.0000001245146,6,4,0,0,0,0,0,0,0,0,1,5,0.04999999989499046,0.2339285721175757,0,0.04999999989499046,0.2339285721175757,0,0,1,0,0,0,0.04999999989499046,0.2339285721175757,0,0,1,0,0,0,0,0,0,0,0,1,0,0,1
581.4,0.04999999989499046,0.2307142864032901,0,-0.003571428571428572,0,129.3999998754854,5,0,0,0,581.4,0,0,1,0,0,1,0,0,452.0000001245146,6,4,0,0,0,0,0,0,0,0,1,5,0.04999999989499046,0.2307142864032901,0,0.04999999989499046,0.2307142864032901,0,0,1,0,0,0,0.04999999989499046,0.2307142864032901,0,0,1,0,0,0,0,0,0,0,0,1,0,0,1
582.3,0.04999999989499046,0.2275000006890045,0,-0.003571428571428572,0,130.2999998754854,5,0,0,0,582.3,0,0,1,0,0,1,0,0,452.0000001245146,6,4,0,0,0,0,0,0,0,0,1,5,0.04999999989499046,0.2275000006890045,0,0.04999999989499046,0.2275000006890045,0,0,1,0,0,0,0.04999999989499046,0.2275000006890045,0,0,1,0,0,0,0,0,0,0,0,1,0,0,1
583.2,0.04999999989499046,0.2242857149747184,0,-0.003571428571428572,0,131.1999998754854,5,0,0,0,583.2,0,0,1,0,0,1,0,0,452.0000001245146,6,4,0,0,0,0,0,0,0,0,1,5,0.04999999989499046,0.2242857149747184,0,0.04999999989499046,0.2242857149747184,0,0,1,0,0,0,0.04999999989499046,0.2242857149747184,0,0,1,0,0,0,0,0,0,0,0,1,0,0,1
584.1,0.04999999989499046,0.2210714292604328,0,-0.003571428571428572,0,132.0999998754854,5,0,0,0,584.1,0,0,1,0,0,1,0,0,452.0000001245146,6,4,0,0,0,0,0,0,0,0,1,5,0.04999999989499046,0.2210714292604328,0,0.04999999989499046,0.2210714292604328,0,0,1,0,0,0,0.04999999989499046,0.2210714292604328,0,0,1,0,0,0,0,0,0,0,0,1,0,0,1
585,0.04999999989499046,0.2178571435461472,0,-0.003571428571428572,0,132.9999998754854,5,0,0,0,585,0,0,1,0,0,1,0,0,452.0000001245146,6,4,0,0,0,0,0,0,0,0,1,5,0.04999999989499046,0.2178571435461472,0,0.04999999989499046,0.2178571435461472,0,0,1,0,0,0,0.04999999989499046,0.2178571435461472,0,0,1,0,0,0,0,0,0,0,0,1,0,0,1
585.9,0.04999999989499046,0.2146428578318615,0,-0.003571428571428572,0,133.8999998754854,5,0,0,0,585.9,0,0,1,0,0,1,0,0,452.0000001245146,6,4,0,0,0,0,0,0,0,0,1,5,0.04999999989499046,0.2146428578318615,0,0.04999999989499046,0.2146428578318615,0,0,1,0,0,0,0.04999999989499046,0.2146428578318615,0,0,1,0,0,0,0,0,0,0,0,1,0,0,1
586.8,0.04999999989499046,0.2114285721175759,0,-0.003571428571428572,0,134.7999998754854,5,0,0,0,586.8,0,0,1,0,0,1,0,0,452.0000001245146,6,4,0,0,0,0,0,0,0,0,1,5,0.04999999989499046,0.2114285721175759,0,0.04999999989499046,0.2114285721175759,0,0,1,0,0,0,0.04999999989499046,0.2114285721175759,0,0,1,0,0,0,0,0,0,0,0,1,0,0,1
587.7,0.04999999989499046,0.2082142864032898,0,-0.003571428571428572,0,135.6999998754854,5,0,0,0,587.7,0,0,1,0,0,1,0,0,452.0000001245146,6,4,0,0,0,0,0,0,0,0,1,5,0.04999999989499046,0.2082142864032898,0,0.04999999989499046,0.2082142864032898,0,0,1,0,0,0,0.04999999989499046,0.2082142864032898,0,0,1,0,0,0,0,0,0,0,0,1,0,0,1
588.6,0.04999999989499046,0.2050000006890042,0,-0.003571428571428572,0,136.5999998754854,5,0,0,0,588.6,0,0,1,0,0,1,0,0,452.0000001245146,6,4,0,0,0,0,0,0,0,0,1,5,0.04999999989499046,0.2050000006890042,0,0.04999999989499046,0.2050000006890042,0,0,1,0,0,0,0.04999999989499046,0.2050000006890042,0,0,1,0,0,0,0,0,0,0,0,1,0,0,1
589.5,0.04999999989499046,0.2017857149747186,0,-0.003571428571428572,0,137.4999998754854,5,0,0,0,589.5,0,0,1,0,0,1,0,0,452.0000001245146,6,4,0,0,0,0,0,0,0,0,1,5,0.04999999989499046,0.2017857149747186,0,0.04999999989499046,0.2017857149747186,0,0,1,0,0,0,0.04999999989499046,0.2017857149747186,0,0,1,0,0,0,0,0,0,0,0,1,0,0,1
590.4,0.04999999989499046,0.1985714292604329,0,-0.003571428571428572,0,138.3999998754854,5,0,0,0,590.4,0,0,1,0,0,1,0,0,452.0000001245146,6,4,0,0,0,0,0,0,0,0,1,5,0.04999999989499046,0.1985714292604329,0,0.04999999989499046,0.1985714292604329,0,0,1,0,0,0,0.04999999989499046,0.1985714292604329,0,0,1,0,0,0,0,0,0,0,0,1,0,0,1
591.3,0.04999999989499046,0.1953571435461473,0,-0.003571428571428572,0,139.2999998754854,5,0,0,0,591.3,0,0,1,0,0,1,0,0,452.0000001245146,6,4,0,0,0,0,0,0,0,0,1,5,0.04999999989499046,0.1953571435461473,0,0.04999999989499046,0.1953571435461473,0,0,1,0,0,0,0.04999999989499046,0.1953571435461473,0,0,1,0,0,0,0,0,0,0,0,1,0,0,1
592.2,0.04999999989499046,0.1921428578318613,0,-0.003571428571428572,0,140.1999998754854,5,0,0,0,592.2,0,0,1,0,0,1,0,0,452.0000001245146,6,4,0,0,0,0,0,0,0,0,1,5,0.04999999989499046,0.1921428578318613,0,0.04999999989499046,0.1921428578318613,0,0,1,0,0,0,0.04999999989499046,0.1921428578318613,0,0,1,0,0,0,0,0,0,0,0,1,0,0,1
593.1,0.04999999989499046,0.1889285721175756,0,-0.003571428571428572,0,141.0999998754854,5,0,0,0,593.1,0,0,1,0,0,1,0,0,452.0000001245146,6,4,0,0,0,0,0,0,0,0,1,5,0.04999999989499046,0.1889285721175756,0,0.04999999989499046,0.1889285721175756,0,0,1,0,0,0,0.04999999989499046,0.1889285721175756,0,0,1,0,0,0,0,0,0,0,0,1,0,0,1
594,0.04999999989499046,0.18571428640329,0,-0.003571428571428572,0,141.9999998754854,5,0,0,0,594,0,0,1,0,0,1,0,0,452.0000001245146,6,4,0,0,0,0,0,0,0,0,1,5,0.04999999989499046,0.18571428640329,0,0.04999999989499046,0.18571428640329,0,0,1,0,0,0,0.04999999989499046,0.18571428640329,0,0,1,0,0,0,0,0,0,0,0,1,0,0,1
594.9,0.04999999989499046,0.1825000006890044,0,-0.003571428571428572,0,142.8999998754854,5,0,0,0,594.9,0,0,1,0,0,1,0,0,452.0000001245146,6,4,0,0,0,0,0,0,0,0,1,5,0.04999999989499046,0.1825000006890044,0,0.04999999989499046,0.1825000006890044,0,0,1,0,0,0,0.04999999989499046,0.1825000006890044,0,0,1,0,0,0,0,0,0,0,0,1,0,0,1
595.8,0.04999999989499046,0.1792857149747187,0,-0.003571428571428572,0,143.7999998754854,5,0,0,0,595.8,0,0,1,0,0,1,0,0,452.0000001245146,6,4,0,0,0,0,0,0,0,0,1,5,0.04999999989499046,0.1792857149747187,0,0.04999999989499046,0.1792857149747187,0,0,1,0,0,0,0.04999999989499046,0.1792857149747187,0,0,1,0,0,0,0,0,0,0,0,1,0,0,1
596.7,0.04999999989499046,0.1760714292604327,0,-0.003571428571428572,0,144.6999998754854,5,0,0,0,596.7,0,0,1,0,0,1,0,0,452.0000001245146,6,4,0,0,0,0,0,0,0,0,1,5,0.04999999989499046,0.1760714292604327,0,0.04999999989499046,0.1760714292604327,0,0,1,0,0,0,0.04999999989499046,0.1760714292604327,0,0,1,0,0,0,0,0,0,0,0,1,0,0,1
597.6,0.04999999989499046,0.1728571435461471,0,-0.003571428571428572,0,145.5999998754854,5,0,0,0,597.6,0,0,1,0,0,1,0,0,452.0000001245146,6,4,0,0,0,0,0,0,0,0,1,5,0.04999999989499046,0.1728571435461471,0,0.04999999989499046,0.1728571435461471,0,0,1,0,0,0,0.04999999989499046,0.1728571435461471,0,0,1,0,0,0,0,0,0,0,0,1,0,0,1
598.5,0.04999999989499046,0.1696428578318614,0,-0.003571428571428572,0,146.4999998754854,5,0,0,0,598.5,0,0,1,0,0,1,0,0,452.0000001245146,6,4,0,0,0,0,0,0,0,0,1,5,0.04999999989499046,0.1696428578318614,0,0.04999999989499046,0.1696428578318614,0,0,1,0,0,0,0.04999999989499046,0.1696428578318614,0,0,1,0,0,0,0,0,0,0,0,1,0,0,1
599.4,0.04999999989499046,0.1664285721175758,0,-0.003571428571428572,0,147.3999998754854,5,0,0,0,599.4,0,0,1,0,0,1,0,0,452.0000001245146,6,4,0,0,0,0,0,0,0,0,1,5,0.04999999989499046,0.1664285721175758,0,0.04999999989499046,0.1664285721175758,0,0,1,0,0,0,0.04999999989499046,0.1664285721175758,0,0,1,0,0,0,0,0,0,0,0,1,0,0,1
600.3,0.04999999989499046,0.1632142864032902,0,-0.003571428571428572,0,148.2999998754854,5,0,0,0,600.3,0,0,1,0,0,1,0,0,452.0000001245146,6,4,0,0,0,0,0,0,0,0,1,5,0.04999999989499046,0.1632142864032902,0,0.04999999989499046,0.1632142864032902,0,0,1,0,0,0,0.04999999989499046,0.1632142864032902,0,0,1,0,0,0,0,0,0,0,0,1,0,0,1
601.2,0.04999999989499046,0.1600000006890042,0,-0.003571428571428572,0,149.1999998754854,5,0,0,0,601.2,0,0,1,0,0,1,0,0,452.0000001245146,6,4,0,0,0,0,0,0,0,0,1,5,0.04999999989499046,0.1600000006890042,0,0.04999999989499046,0.1600000006890042,0,0,1,0,0,0,0.04999999989499046,0.1600000006890042,0,0,1,0,0,0,0,0,0,0,0,1,0,0,1
602.1,0.04999999989499046,0.1567857149747185,0,-0.003571428571428572,0,150.0999998754854,5,0,0,0,602.1,0,0,1,0,0,1,0,0,452.0000001245146,6,4,0,0,0,0,0,0,0,0,1,5,0.04999999989499046,0.1567857149747185,0,0.04999999989499046,0.1567857149747185,0,0,1,0,0,0,0.04999999989499046,0.1567857149747185,0,0,1,0,0,0,0,0,0,0,0,1,0,0,1
603,0.04999999989499046,0.1535714292604329,0,-0.003571428571428572,0,150.9999998754854,5,0,0,0,603,0,0,1,0,0,1,0,0,452.0000001245146,6,4,0,0,0,0,0,0,0,0,1,5,0.04999999989499046,0.1535714292604329,0,0.04999999989499046,0.1535714292604329,0,0,1,0,0,0,0.04999999989499046,0.1535714292604329,0,0,1,0,0,0,0,0,0,0,0,1,0,0,1
603.9,0.04999999989499046,0.1503571435461472,0,-0.003571428571428572,0,151.8999998754854,5,0,0,0,603.9,0,0,1,0,0,1,0,0,452.0000001245146,6,4,0,0,0,0,0,0,0,0,1,5,0.04999999989499046,0.1503571435461472,0,0.04999999989499046,0.1503571435461472,0,0,1,0,0,0,0.04999999989499046,0.1503571435461472,0,0,1,0,0,0,0,0,0,0,0,1,0,0,1
604.8,0.04999999989499046,0.1471428578318616,0,-0.003571428571428572,0,152.7999998754854,5,0,0,0,604.8,0,0,1,0,0,1,0,0,452.0000001245146,6,4,0,0,0,0,0,0,0,0,1,5,0.04999999989499046,0.1471428578318616,0,0.04999999989499046,0.1471428578318616,0,0,1,0,0,0,0.04999999989499046,0.1471428578318616,0,0,1,0,0,0,0,0,0,0,0,1,0,0,1
605.7,0.04999999989499046,0.1439285721175756,0,-0.003571428571428572,0,153.6999998754854,5,0,0,0,605.7,0,0,1,0,0,1,0,0,452.0000001245146,6,4,0,0,0,0,0,0,0,0,1,5,0.04999999989499046,0.1439285721175756,0,0.04999999989499046,0.1439285721175756,0,0,1,0,0,0,0.04999999989499046,0.1439285721175756,0,0,1,0,0,0,0,0,0,0,0,1,0,0,1
606.6,0.04999999989499046,0.1407142864032899,0,-0.003571428571428572,0,154.5999998754854,5,0,0,0,606.6,0,0,1,0,0,1,0,0,452.0000001245146,6,4,0,0,0,0,0,0,0,0,1,5,0.04999999989499046,0.1407142864032899,0,0.04999999989499046,0.1407142864032899,0,0,1,0,0,0,0.04999999989499046,0.1407142864032899,0,0,1,0,0,0,0,0,0,0,0,1,0,0,1
607.5,0.04999999989499046,0.1375000006890043,0,-0.003571428571428572,0,155.4999998754854,5,0,0,0,607.5,0,0,1,0,0,1,0,0,452.0000001245146,6,4,0,0,0,0,0,0,0,0,1,5,0.04999999989499046,0.1375000006890043,0,0.04999999989499046,0.1375000006890043,0,0,1,0,0,0,0.04999999989499046,0.1375000006890043,0,0,1,0,0,0,0,0,0,0,0,1,0,0,1
608.4,0.04999999989499046,0.1342857149747187,0,-0.003571428571428572,0,156.3999998754854,5,0,0,0,608.4,0,0,1,0,0,1,0,0,452.0000001245146,6,4,0,0,0,0,0,0,0,0,1,5,0.04999999989499046,0.1342857149747187,0,0.04999999989499046,0.1342857149747187,0,0,1,0,0,0,0.04999999989499046,0.1342857149747187,0,0,1,0,0,0,0,0,0,0,0,1,0,0,1
609.3,0.04999999989499046,0.131071429260433,0,-0.003571428571428572,0,157.2999998754854,5,0,0,0,609.3,0,0,1,0,0,1,0,0,452.0000001245146,6,4,0,0,0,0,0,0,0,0,1,5,0.04999999989499046,0.131071429260433,0,0.04999999989499046,0.131071429260433,0,0,1,0,0,0,0.04999999989499046,0.131071429260433,0,0,1,0,0,0,0,0,0,0,0,1,0,0,1
610.2,0.04999999989499046,0.127857143546147,0,-0.003571428571428572,0,158.1999998754854,5,0,0,0,610.2,0,0,1,0,0,1,0,0,452.0000001245146,6,4,0,0,0,0,0,0,0,0,1,5,0.04999999989499046,0.127857143546147,0,0.04999999989499046,0.127857143546147,0,0,1,0,0,0,0.04999999989499046,0.127857143546147,0,0,1,0,0,0,0,0,0,0,0,1,0,0,1
611.1,0.04999999989499046,0.1246428578318614,0,-0.003571428571428572,0,159.0999998754854,5,0,0,0,611.1,0,0,1,0,0,1,0,0,452.0000001245146,6,4,0,0,0,0,0,0,0,0,1,5,0.04999999989499046,0.1246428578318614,0,0.04999999989499046,0.1246428578318614,0,0,1,0,0,0,0.04999999989499046,0.1246428578318614,0,0,1,0,0,0,0,0,0,0,0,1,0,0,1
612,0.04999999989499046,0.1214285721175757,0,-0.003571428571428572,0,159.9999998754854,5,0,0,0,612,0,0,1,0,0,1,0,0,452.0000001245146,6,4,0,0,0,0,0,0,0,0,1,5,0.04999999989499046,0.1214285721175757,0,0.04999999989499046,0.1214285721175757,0,0,1,0,0,0,0.04999999989499046,0.1214285721175757,0,0,1,0,0,0,0,0,0,0,0,1,0,0,1
612.9,0.04999999989499046,0.1182142864032901,0,-0.003571428571428572,0,160.8999998754854,5,0,0,0,612.9,0,0,1,0,0,1,0,0,452.0000001245146,6,4,0,0,0,0,0,0,0,0,1,5,0.04999999989499046,0.1182142864032901,0,0.04999999989499046,0.1182142864032901,0,0,1,0,0,0,0.04999999989499046,0.1182142864032901,0,0,1,0,0,0,0,0,0,0,0,1,0,0,1
613.8,0.04999999989499046,0.1150000006890045,0,-0.003571428571428572,0,161.7999998754854,5,0,0,0,613.8,0,0,1,0,0,1,0,0,452.0000001245146,6,4,0,0,0,0,0,0,0,0,1,5,0.04999999989499046,0.1150000006890045,0,0.04999999989499046,0.1150000006890045,0,0,1,0,0,0,0.04999999989499046,0.1150000006890045,0,0,1,0,0,0,0,0,0,0,0,1,0,0,1
614.7,0.04999999989499046,0.1117857149747184,0,-0.003571428571428572,0,162.6999998754854,5,0,0,0,614.7,0,0,1,0,0,1,0,0,452.0000001245146,6,4,0,0,0,0,0,0,0,0,1,5,0.04999999989499046,0.1117857149747184,0,0.04999999989499046,0.1117857149747184,0,0,1,0,0,0,0.04999999989499046,0.1117857149747184,0,0,1,0,0,0,0,0,0,0,0,1,0,0,1
615.6,0.04999999989499046,0.1085714292604328,0,-0.003571428571428572,0,163.5999998754854,5,0,0,0,615.6,0,0,1,0,0,1,0,0,452.0000001245146,6,4,0,0,0,0,0,0,0,0,1,5,0.04999999989499046,0.1085714292604328,0,0.04999999989499046,0.1085714292604328,0,0,1,0,0,0,0.04999999989499046,0.1085714292604328,0,0,1,0,0,0,0,0,0,0,0,1,0,0,1
616.5,0.04999999989499046,0.1053571435461472,0,-0.003571428571428572,0,164.4999998754854,5,0,0,0,616.5,0,0,1,0,0,1,0,0,452.0000001245146,6,4,0,0,0,0,0,0,0,0,1,5,0.04999999989499046,0.1053571435461472,0,0.04999999989499046,0.1053571435461472,0,0,1,0,0,0,0.04999999989499046,0.1053571435461472,0,0,1,0,0,0,0,0,0,0,0,1,0,0,1
617.4,0.04999999989499046,0.1021428578318615,0,-0.003571428571428572,0,165.3999998754854,5,0,0,0,617.4,0,0,1,0,0,1,0,0,452.0000001245146,6,4,0,0,0,0,0,0,0,0,1,5,0.04999999989499046,0.1021428578318615,0,0.04999999989499046,0.1021428578318615,0,0,1,0,0,0,0.04999999989499046,0.1021428578318615,0,0,1,0,0,0,0,0,0,0,0,1,0,0,1
618.3,0.04999999989499046,0.09892857211757589,0,-0.003571428571428572,0,166.2999998754854,5,0,0,0,618.3,0,0,1,0,0,1,0,0,452.0000001245146,6,4,0,0,0,0,0,0,0,0,1,5,0.04999999989499046,0.09892857211757589,0,0.04999999989499046,0.09892857211757589,0,0,1,0,0,0,0.04999999989499046,0.09892857211757589,0,0,1,0,0,0,0,0,0,0,0,1,0,0,1
619.2,0.04999999989499046,0.09571428640328986,0,-0.003571428571428572,0,167.1999998754854,5,0,0,0,619.2,0,0,1,0,0,1,0,0,452.0000001245146,6,4,0,0,0,0,0,0,0,0,1,5,0.04999999989499046,0.09571428640328986,0,0.04999999989499046,0.09571428640328986,0,0,1,0,0,0,0.04999999989499046,0.09571428640328986,0,0,1,0,0,0,0,0,0,0,0,1,0,0,1
620.1,0.04999999989499046,0.09250000068900423,0,-0.003571428571428572,0,168.0999998754854,5,0,0,0,620.1,0,0,1,0,0,1,0,0,452.0000001245146,6,4,0,0,0,0,0,0,0,0,1,5,0.04999999989499046,0.09250000068900423,0,0.04999999989499046,0.09250000068900423,0,0,1,0,0,0,0.04999999989499046,0.09250000068900423,0,0,1,0,0,0,0,0,0,0,0,1,0,0,1
621,0.04999999989499046,0.0892857149747186,0,-0.003571428571428572,0,168.9999998754854,5,0,0,0,621,0,0,1,0,0,1,0,0,452.0000001245146,6,4,0,0,0,0,0,0,0,0,1,5,0.04999999989499046,0.0892857149747186,0,0.04999999989499046,0.0892857149747186,0,0,1,0,0,0,0.04999999989499046,0.0892857149747186,0,0,1,0,0,0,0,0,0,0,0,1,0,0,1
621.9,0.04999999989499046,0.08607142926043296,0,-0.003571428571428572,0,169.8999998754854,5,0,0,0,621.9,0,0,1,0,0,1,0,0,452.0000001245146,6,4,0,0,0,0,0,0,0,0,1,5,0.04999999989499046,0.08607142926043296,0,0.04999999989499046,0.08607142926043296,0,0,1,0,0,0,0.04999999989499046,0.08607142926043296,0,0,1,0,0,0,0,0,0,0,0,1,0,0,1
622.8,0.04999999989499046,0.08285714354614733,0,-0.003571428571428572,0,170.7999998754854,5,0,0,0,622.8,0,0,1,0,0,1,0,0,452.0000001245146,6,4,0,0,0,0,0,0,0,0,1,5,0.04999999989499046,0.08285714354614733,0,0.04999999989499046,0.08285714354614733,0,0,1,0,0,0,0.04999999989499046,0.08285714354614733,0,0,1,0,0,0,0,0,0,0,0,1,0,0,1
623.7,0.04999999989499046,0.07964285783186129,0,-0.003571428571428572,0,171.6999998754854,5,0,0,0,623.7,0,0,1,0,0,1,0,0,452.0000001245146,6,4,0,0,0,0,0,0,0,0,1,5,0.04999999989499046,0.07964285783186129,0,0.04999999989499046,0.07964285783186129,0,0,1,0,0,0,0.04999999989499046,0.07964285783186129,0,0,1,0,0,0,0,0,0,0,0,1,0,0,1
624.6,0.04999999989499046,0.07642857211757566,0,-0.003571428571428572,0,172.5999998754854,5,0,0,0,624.6,0,0,1,0,0,1,0,0,452.0000001245146,6,4,0,0,0,0,0,0,0,0,1,5,0.04999999989499046,0.07642857211757566,0,0.04999999989499046,0.07642857211757566,0,0,1,0,0,0,0.04999999989499046,0.07642857211757566,0,0,1,0,0,0,0,0,0,0,0,1,0,0,1
625.5,0.04999999989499046,0.07321428640329002,0,-0.003571428571428572,0,173.4999998754854,5,0,0,0,625.5,0,0,1,0,0,1,0,0,452.0000001245146,6,4,0,0,0,0,0,0,0,0,1,5,0.04999999989499046,0.07321428640329002,0,0.04999999989499046,0.07321428640329002,0,0,1,0,0,0,0.04999999989499046,0.07321428640329002,0,0,1,0,0,0,0,0,0,0,0,1,0,0,1
626.4,0.04999999989499046,0.07000000068900439,0,-0.003571428571428572,0,174.3999998754854,5,0,0,0,626.4,0,0,1,0,0,1,0,0,452.0000001245146,6,4,0,0,0,0,0,0,0,0,1,5,0.04999999989499046,0.07000000068900439,0,0.04999999989499046,0.07000000068900439,0,0,1,0,0,0,0.04999999989499046,0.07000000068900439,0,0,1,0,0,0,0,0,0,0,0,1,0,0,1
627.3,0.04999999989499046,0.06678571497471876,0,-0.003571428571428572,0,175.2999998754854,5,0,0,0,627.3,0,0,1,0,0,1,0,0,452.0000001245146,6,4,0,0,0,0,0,0,0,0,1,5,0.04999999989499046,0.06678571497471876,0,0.04999999989499046,0.06678571497471876,0,0,1,0,0,0,0.04999999989499046,0.06678571497471876,0,0,1,0,0,0,0,0,0,0,0,1,0,0,1
628.2,0.04999999989499046,0.06357142926043291,0,-0.003571428571428572,0,176.1999998754854,5,0,0,0,628.2,0,0,1,0,0,1,0,0,452.0000001245146,6,4,0,0,0,0,0,0,0,0,1,5,0.04999999989499046,0.06357142926043291,0,0.04999999989499046,0.06357142926043291,0,0,1,0,0,0,0.04999999989499046,0.06357142926043291,0,0,1,0,0,0,0,0,0,0,0,1,0,0,1
629.1,0.04999999989499046,0.0603571435461473,0,-0.003571428571428572,0,177.0999998754854,5,0,0,0,629.1,0,0,1,0,0,1,0,0,452.0000001245146,6,4,0,0,0,0,0,0,0,0,1,5,0.04999999989499046,0.0603571435461473,0,0.04999999989499046,0.0603571435461473,0,0,1,0,0,0,0.04999999989499046,0.0603571435461473,0,0,1,0,0,0,0,0,0,0,0,1,0,0,1
630,0.04999999989499046,0.05714285783186168,0,-0.003571428571428572,0,177.9999998754854,5,0,0,0,630,0,0,1,0,0,1,0,0,452.0000001245146,6,4,0,0,0,0,0,0,0,0,1,5,0.04999999989499046,0.05714285783186168,0,0.04999999989499046,0.05714285783186168,0,0,1,0,0,0,0.04999999989499046,0.05714285783186168,0,0,1,0,0,0,0,0,0,0,0,1,0,0,1
630.9,0.04999999989499046,0.05392857211757596,0,-0.003571428571428572,0,178.8999998754854,5,0,0,0,630.9,0,0,1,0,0,1,0,0,452.0000001245146,6,4,0,0,0,0,0,0,0,0,1,5,0.04999999989499046,0.05392857211757596,0,0.04999999989499046,0.05392857211757596,0,0,1,0,0,0,0.04999999989499046,0.05392857211757596,0,0,1,0,0,0,0,0,0,0,0,1,0,0,1
631.8,0.04999999989499046,0.05071428640329034,0,-0.003571428571428572,0,179.7999998754854,5,0,0,0,631.8,0,0,1,0,0,1,0,0,452.0000001245146,6,4,0,0,0,0,0,0,0,0,1,5,0.04999999989499046,0.05071428640329034,0,0.04999999989499046,0.05071428640329034,0,0,1,0,0,0,0.04999999989499046,0.05071428640329034,0,0,1,0,0,0,0,0,0,0,0,1,0,0,1
632.0000002223339,0.04999999989499046,0.04999999989495474,0,-0.003571428571428572,0,180.0000000978193,5,0,0,0,632.0000002223339,0,0,1,0,0,1,0,0,452.0000001245146,6,4,0,0,0,0,0,0,0,0,1,5,0.04999999989499046,0.04999999989495474,0,0.04999999989499046,0.04999999989495474,0,0,1,0,0,0,0.04999999989499046,0.04999999989495474,0,0,1,0,0,0,0,0,0,0,0,1,0,0,1
632.0000002223339,0.04999999989499046,0.04999999989495474,0,0,8,0,6,0,0,0,632.0000002223339,0,0,0,0,0,0,8,8,632.0000002223339,7,4,0,0,0,0,0,0,0,0,0,6,0.04999999989499046,0.04999999989495474,8,0.04999999989499046,0.04999999989495474,0,0,0,0,0,0,0.04999999989499046,0.04999999989495474,0,0,0,0,0,0,0,0,0,0,0,0,0,0,0
632.7,0.04999999989499046,0.04999999989495474,0,0,8,0.6999997776661075,6,0,0,0,632.7,0,0,0,0,0,0,7.300000222333892,8,632.0000002223339,7,4,0,0,0,0,0,0,0,0,0,6,0.04999999989499046,0.04999999989495474,7.300000222333892,0.04999999989499046,0.04999999989495474,0,0,0,0,0,0,0.04999999989499046,0.04999999989495474,0,0,0,0,0,0,0,0,0,0,0,0,0,0,0
633.6,0.04999999989499046,0.04999999989495474,0,0,8,1.599999777666085,6,0,0,0,633.6,0,0,0,0,0,0,6.400000222333915,8,632.0000002223339,7,4,0,0,0,0,0,0,0,0,0,6,0.04999999989499046,0.04999999989495474,6.400000222333915,0.04999999989499046,0.04999999989495474,0,0,0,0,0,0,0.04999999989499046,0.04999999989495474,0,0,0,0,0,0,0,0,0,0,0,0,0,0,0
634.5,0.04999999989499046,0.04999999989495474,0,0,8,2.499999777666062,6,0,0,0,634.5,0,0,0,0,0,0,5.500000222333938,8,632.0000002223339,7,4,0,0,0,0,0,0,0,0,0,6,0.04999999989499046,0.04999999989495474,5.500000222333938,0.04999999989499046,0.04999999989495474,0,0,0,0,0,0,0.04999999989499046,0.04999999989495474,0,0,0,0,0,0,0,0,0,0,0,0,0,0,0
635.4,0.04999999989499046,0.04999999989495474,0,0,8,3.399999777666039,6,0,0,0,635.4,0,0,0,0,0,0,4.600000222333961,8,632.0000002223339,7,4,0,0,0,0,0,0,0,0,0,6,0.04999999989499046,0.04999999989495474,4.600000222333961,0.04999999989499046,0.04999999989495474,0,0,0,0,0,0,0.04999999989499046,0.04999999989495474,0,0,0,0,0,0,0,0,0,0,0,0,0,0,0
636.3,0.04999999989499046,0.04999999989495474,0,0,8,4.299999777666017,6,0,0,0,636.3,0,0,0,0,0,0,3.700000222333983,8,632.0000002223339,7,4,0,0,0,0,0,0,0,0,0,6,0.04999999989499046,0.04999999989495474,3.700000222333983,0.04999999989499046,0.04999999989495474,0,0,0,0,0,0,0.04999999989499046,0.04999999989495474,0,0,0,0,0,0,0,0,0,0,0,0,0,0,0
637.2,0.04999999989499046,0.04999999989495474,0,0,8,5.199999777666108,6,0,0,0,637.2,0,0,0,0,0,0,2.800000222333892,8,632.0000002223339,7,4,0,0,0,0,0,0,0,0,0,6,0.04999999989499046,0.04999999989495474,2.800000222333892,0.04999999989499046,0.04999999989495474,0,0,0,0,0,0,0.04999999989499046,0.04999999989495474,0,0,0,0,0,0,0,0,0,0,0,0,0,0,0
638.1,0.04999999989499046,0.04999999989495474,0,0,8,6.099999777666085,6,0,0,0,638.1,0,0,0,0,0,0,1.900000222333915,8,632.0000002223339,7,4,0,0,0,0,0,0,0,0,0,6,0.04999999989499046,0.04999999989495474,1.900000222333915,0.04999999989499046,0.04999999989495474,0,0,0,0,0,0,0.04999999989499046,0.04999999989495474,0,0,0,0,0,0,0,0,0,0,0,0,0,0,0
639,0.04999999989499046,0.04999999989495474,0,0,8,6.999999777666062,6,0,0,0,639,0,0,0,0,0,0,1.000000222333938,8,632.0000002223339,7,4,0,0,0,0,0,0,0,0,0,6,0.04999999989499046,0.04999999989495474,1.000000222333938,0.04999999989499046,0.04999999989495474,0,0,0,0,0,0,0.04999999989499046,0.04999999989495474,0,0,0,0,0,0,0,0,0,0,0,0,0,0,0
639.9,0.04999999989499046,0.04999999989495474,0,0,8,7.899999777666039,6,0,0,0,639.9,0,0,0,0,0,0,0.1000002223339607,8,632.0000002223339,7,4,0,0,0,0,0,0,0,0,0,6,0.04999999989499046,0.04999999989495474,0.1000002223339607,0.04999999989499046,0.04999999989495474,0,0,0,0,0,0,0.04999999989499046,0.04999999989495474,0,0,0,0,0,0,0,0,0,0,0,0,0,0,0
640.0000002239349,0.04999999989499046,0.04999999989495474,0,0,8,8.000000001600938,6,0,0,0,640.0000002239349,0,0,0,0,0,0,0,8,632.0000002223339,7,4,0,0,0,0,0,0,0,0,0,6,0.04999999989499046,0.04999999989495474,0,0.04999999989499046,0.04999999989495474,0,0,0,0,0,0,0.04999999989499046,0.04999999989495474,0,0,0,0,0,0,0,0,0,0,0,0,0,0,0
640.0000002239349,0.04999999989499046,0.04999999989495474,0.005,0,0,0,1,0,0,0,640.0000002239349,1,0,0,1,0,0,0,0,640.0000002239349,2,4,0,0,0,0,0,0,1,0,0,1,0.04999999989499046,0.04999999989495474,0,0.04999999989499046,0.04999999989495474,1,0,0,0,0,0,0.04999999989499046,0.04999999989495474,1,0,0,0,0,0,0,0,0,1,0,0,1,0,0
640.8,0.05399999877531546,0.04999999989495474,0.005,0,0,0.7999997760650785,1,0,0,0,640.8,1,0,0,1,0,0,0,0,640.0000002239349,2,4,0,0,0,0,0,0,1,0,0,1,0.05399999877531546,0.04999999989495474,0,0.05399999877531546,0.04999999989495474,1,0,0,0,0,0,0.05399999877531546,0.04999999989495474,1,0,0,0,0,0,0,0,0,1,0,0,1,0,0
641.7,0.05849999877531603,0.04999999989495474,0.005,0,0,1.699999776065169,1,0,0,0,641.7,1,0,0,1,0,0,0,0,640.0000002239349,2,4,0,0,0,0,0,0,1,0,0,1,0.05849999877531603,0.04999999989495474,0,0.05849999877531603,0.04999999989495474,1,0,0,0,0,0,0.05849999877531603,0.04999999989495474,1,0,0,0,0,0,0,0,0,1,0,0,1,0,0
642.6,0.06299999877531615,0.04999999989495474,0.005,0,0,2.599999776065147,1,0,0,0,642.6,1,0,0,1,0,0,0,0,640.0000002239349,2,4,0,0,0,0,0,0,1,0,0,1,0.06299999877531615,0.04999999989495474,0,0.06299999877531615,0.04999999989495474,1,0,0,0,0,0,0.06299999877531615,0.04999999989495474,1,0,0,0,0,0,0,0,0,1,0,0,1,0,0
643.5,0.06749999877531604,0.04999999989495474,0.005,0,0,3.499999776065124,1,0,0,0,643.5,1,0,0,1,0,0,0,0,640.0000002239349,2,4,0,0,0,0,0,0,1,0,0,1,0.06749999877531604,0.04999999989495474,0,0.06749999877531604,0.04999999989495474,1,0,0,0,0,0,0.06749999877531604,0.04999999989495474,1,0,0,0,0,0,0,0,0,1,0,0,1,0,0
644.4,0.07199999877531592,0.04999999989495474,0.005,0,0,4.399999776065101,1,0,0,0,644.4,1,0,0,1,0,0,0,0,640.0000002239349,2,4,0,0,0,0,0,0,1,0,0,1,0.07199999877531592,0.04999999989495474,0,0.07199999877531592,0.04999999989495474,1,0,0,0,0,0,0.07199999877531592,0.04999999989495474,1,0,0,0,0,0,0,0,0,1,0,0,1,0,0
645.3,0.07649999877531569,0.04999999989495474,0.005,0,0,5.299999776065079,1,0,0,0,645.3,1,0,0,1,0,0,0,0,640.0000002239349,2,4,0,0,0,0,0,0,1,0,0,1,0.07649999877531569,0.04999999989495474,0,0.07649999877531569,0.04999999989495474,1,0,0,0,0,0,0.07649999877531569,0.04999999989495474,1,0,0,0,0,0,0,0,0,1,0,0,1,0,0
646.2,0.08099999877531615,0.04999999989495474,0.005,0,0,6.199999776065169,1,0,0,0,646.2,1,0,0,1,0,0,0,0,640.0000002239349,2,4,0,0,0,0,0,0,1,0,0,1,0.08099999877531615,0.04999999989495474,0,0.08099999877531615,0.04999999989495474,1,0,0,0,0,0,0.08099999877531615,0.04999999989495474,1,0,0,0,0,0,0,0,0,1,0,0,1,0,0
647.1,0.08549999877531603,0.04999999989495474,0.005,0,0,7.099999776065147,1,0,0,0,647.1,1,0,0,1,0,0,0,0,640.0000002239349,2,4,0,0,0,0,0,0,1,0,0,1,0.08549999877531603,0.04999999989495474,0,0.08549999877531603,0.04999999989495474,1,0,0,0,0,0,0.08549999877531603,0.04999999989495474,1,0,0,0,0,0,0,0,0,1,0,0,1,0,0
648,0.08999999877531592,0.04999999989495474,0.005,0,0,7.999999776065124,1,0,0,0,648,1,0,0,1,0,0,0,0,640.0000002239349,2,4,0,0,0,0,0,0,1,0,0,1,0.08999999877531592,0.04999999989495474,0,0.08999999877531592,0.04999999989495474,1,0,0,0,0,0,0.08999999877531592,0.04999999989495474,1,0,0,0,0,0,0,0,0,1,0,0,1,0,0
648.9,0.09449999877531581,0.04999999989495474,0.005,0,0,8.899999776065101,1,0,0,0,648.9,1,0,0,1,0,0,0,0,640.0000002239349,2,4,0,0,0,0,0,0,1,0,0,1,0.09449999877531581,0.04999999989495474,0,0.09449999877531581,0.04999999989495474,1,0,0,0,0,0,0.09449999877531581,0.04999999989495474,1,0,0,0,0,0,0,0,0,1,0,0,1,0,0
649.8,0.09899999877531548,0.04999999989495474,0.005,0,0,9.799999776065079,1,0,0,0,649.8,1,0,0,1,0,0,0,0,640.0000002239349,2,4,0,0,0,0,0,0,1,0,0,1,0.09899999877531548,0.04999999989495474,0,0.09899999877531548,0.04999999989495474,1,0,0,0,0,0,0.09899999877531548,0.04999999989495474,1,0,0,0,0,0,0,0,0,1,0,0,1,0,0
650.0000000651011,0.09999999910082102,0.04999999989495474,0.005,0,0,9.999999841166186,1,0,0,0,650.0000000651011,1,0,0,1,0,0,0,0,640.0000002239349,2,4,0,0,0,0,0,0,1,0,0,1,0.09999999910082102,0.04999999989495474,0,0.09999999910082102,0.04999999989495474,1,0,0,0,0,0,0.09999999910082102,0.04999999989495474,1,0,0,0,0,0,0,0,0,1,0,0,1,0,0
650.0000000651011,0.09999999910082102,0.04999999989495474,0,0,0,0,7,0,0,1,650.0000000651011,0,0,0,0,0,0,0,0,650.0000000651011,8,2,0,0,0,0,1,0,0,0,0,7,0.09999999910082102,0.04999999989495474,0,0.09999999910082102,0.04999999989495474,0,0,0,0,0,1,0.09999999910082102,0.04999999989495474,0,0,0,0,0,0,0,1,1,0,0,0,0,0,0
650.2000000651205,0.09999999910082102,0.04999999989495474,0,0,0,0.2000000000194859,7,0,0,1,650.2000000651205,0,0,0,0,0,0,0,0,650.0000000651011,8,2,0,0,0,0,1,0,0,0,0,7,0.09999999910082102,0.04999999989495474,0,0.09999999910082102,0.04999999989495474,0,0,0,0,0,1,0.09999999910082102,0.04999999989495474,0,0,0,0,0,0,0,1,1,0,0,0,0,0,0
650.2000000651205,0.09999999910082102,0.04999999989495474,0,0,0,0.2000000000194859,7,0,0,0,650.2000000651205,0,0,0,0,0,0,0,0,650.0000000651011,8,2,0,0,0,0,0,0,0,0,0,7,0.09999999910082102,0.04999999989495474,0,0.09999999910082102,0.04999999989495474,0,0,0,0,0,0,0.09999999910082102,0.04999999989495474,0,0,0,0,0,0,0,0,0,0,0,0,0,0,0
650.7,0.09999999910082102,0.04999999989495474,0,0,0,0.6999999348989832,7,0,0,0,650.7,0,0,0,0,0,0,0,0,650.0000000651011,8,2,0,0,0,0,0,0,0,0,0,7,0.09999999910082102,0.04999999989495474,0,0.09999999910082102,0.04999999989495474,0,0,0,0,0,0,0.09999999910082102,0.04999999989495474,0,0,0,0,0,0,0,0,0,0,0,0,0,0,0
651.6,0.09999999910082102,0.04999999989495474,0,0,0,1.59999993489896,7,0,0,0,651.6,0,0,0,0,0,0,0,0,650.0000000651011,8,2,0,0,0,0,0,0,0,0,0,7,0.09999999910082102,0.04999999989495474,0,0.09999999910082102,0.04999999989495474,0,0,0,0,0,0,0.09999999910082102,0.04999999989495474,0,0,0,0,0,0,0,0,0,0,0,0,0,0,0
652.5,0.09999999910082102,0.04999999989495474,0,0,0,2.499999934898938,7,0,0,0,652.5,0,0,0,0,0,0,0,0,650.0000000651011,8,2,0,0,0,0,0,0,0,0,0,7,0.09999999910082102,0.04999999989495474,0,0.09999999910082102,0.04999999989495474,0,0,0,0,0,0,0.09999999910082102,0.04999999989495474,0,0,0,0,0,0,0,0,0,0,0,0,0,0,0
653.4,0.09999999910082102,0.04999999989495474,0,0,0,3.399999934898915,7,0,0,0,653.4,0,0,0,0,0,0,0,0,650.0000000651011,8,2,0,0,0,0,0,0,0,0,0,7,0.09999999910082102,0.04999999989495474,0,0.09999999910082102,0.04999999989495474,0,0,0,0,0,0,0.09999999910082102,0.04999999989495474,0,0,0,0,0,0,0,0,0,0,0,0,0,0,0
654.3,0.09999999910082102,0.04999999989495474,0,0,0,4.299999934898892,7,0,0,0,654.3,0,0,0,0,0,0,0,0,650.0000000651011,8,2,0,0,0,0,0,0,0,0,0,7,0.09999999910082102,0.04999999989495474,0,0.09999999910082102,0.04999999989495474,0,0,0,0,0,0,0.09999999910082102,0.04999999989495474,0,0,0,0,0,0,0,0,0,0,0,0,0,0,0
655.2,0.09999999910082102,0.04999999989495474,0,0,0,5.199999934898983,7,0,0,0,655.2,0,0,0,0,0,0,0,0,650.0000000651011,8,2,0,0,0,0,0,0,0,0,0,7,0.09999999910082102,0.04999999989495474,0,0.09999999910082102,0.04999999989495474,0,0,0,0,0,0,0.09999999910082102,0.04999999989495474,0,0,0,0,0,0,0,0,0,0,0,0,0,0,0
656.1,0.09999999910082102,0.04999999989495474,0,0,0,6.09999993489896,7,0,0,0,656.1,0,0,0,0,0,0,0,0,650.0000000651011,8,2,0,0,0,0,0,0,0,0,0,7,0.09999999910082102,0.04999999989495474,0,0.09999999910082102,0.04999999989495474,0,0,0,0,0,0,0.09999999910082102,0.04999999989495474,0,0,0,0,0,0,0,0,0,0,0,0,0,0,0
657,0.09999999910082102,0.04999999989495474,0,0,0,6.999999934898938,7,0,0,0,657,0,0,0,0,0,0,0,0,650.0000000651011,8,2,0,0,0,0,0,0,0,0,0,7,0.09999999910082102,0.04999999989495474,0,0.09999999910082102,0.04999999989495474,0,0,0,0,0,0,0.09999999910082102,0.04999999989495474,0,0,0,0,0,0,0,0,0,0,0,0,0,0,0
657.9,0.09999999910082102,0.04999999989495474,0,0,0,7.899999934898915,7,0,0,0,657.9,0,0,0,0,0,0,0,0,650.0000000651011,8,2,0,0,0,0,0,0,0,0,0,7,0.09999999910082102,0.04999999989495474,0,0.09999999910082102,0.04999999989495474,0,0,0,0,0,0,0.09999999910082102,0.04999999989495474,0,0,0,0,0,0,0,0,0,0,0,0,0,0,0
658.8,0.09999999910082102,0.04999999989495474,0,0,0,8.799999934898892,7,0,0,0,658.8,0,0,0,0,0,0,0,0,650.0000000651011,8,2,0,0,0,0,0,0,0,0,0,7,0.09999999910082102,0.04999999989495474,0,0.09999999910082102,0.04999999989495474,0,0,0,0,0,0,0.09999999910082102,0.04999999989495474,0,0,0,0,0,0,0,0,0,0,0,0,0,0,0
659.7,0.09999999910082102,0.04999999989495474,0,0,0,9.699999934898983,7,0,0,0,659.7,0,0,0,0,0,0,0,0,650.0000000651011,8,2,0,0,0,0,0,0,0,0,0,7,0.09999999910082102,0.04999999989495474,0,0.09999999910082102,0.04999999989495474,0,0,0,0,0,0,0.09999999910082102,0.04999999989495474,0,0,0,0,0,0,0,0,0,0,0,0,0,0,0
660.6,0.09999999910082102,0.04999999989495474,0,0,0,10.59999993489896,7,0,0,0,660.6,0,0,0,0,0,0,0,0,650.0000000651011,8,2,0,0,0,0,0,0,0,0,0,7,0.09999999910082102,0.04999999989495474,0,0.09999999910082102,0.04999999989495474,0,0,0,0,0,0,0.09999999910082102,0.04999999989495474,0,0,0,0,0,0,0,0,0,0,0,0,0,0,0
661.5,0.09999999910082102,0.04999999989495474,0,0,0,11.49999993489894,7,0,0,0,661.5,0,0,0,0,0,0,0,0,650.0000000651011,8,2,0,0,0,0,0,0,0,0,0,7,0.09999999910082102,0.04999999989495474,0,0.09999999910082102,0.04999999989495474,0,0,0,0,0,0,0.09999999910082102,0.04999999989495474,0,0,0,0,0,0,0,0,0,0,0,0,0,0,0
662.4,0.09999999910082102,0.04999999989495474,0,0,0,12.39999993489891,7,0,0,0,662.4,0,0,0,0,0,0,0,0,650.0000000651011,8,2,0,0,0,0,0,0,0,0,0,7,0.09999999910082102,0.04999999989495474,0,0.09999999910082102,0.04999999989495474,0,0,0,0,0,0,0.09999999910082102,0.04999999989495474,0,0,0,0,0,0,0,0,0,0,0,0,0,0,0
663.3,0.09999999910082102,0.04999999989495474,0,0,0,13.29999993489889,7,0,0,0,663.3,0,0,0,0,0,0,0,0,650.0000000651011,8,2,0,0,0,0,0,0,0,0,0,7,0.09999999910082102,0.04999999989495474,0,0.09999999910082102,0.04999999989495474,0,0,0,0,0,0,0.09999999910082102,0.04999999989495474,0,0,0,0,0,0,0,0,0,0,0,0,0,0,0
664.2,0.09999999910082102,0.04999999989495474,0,0,0,14.19999993489898,7,0,0,0,664.2,0,0,0,0,0,0,0,0,650.0000000651011,8,2,0,0,0,0,0,0,0,0,0,7,0.09999999910082102,0.04999999989495474,0,0.09999999910082102,0.04999999989495474,0,0,0,0,0,0,0.09999999910082102,0.04999999989495474,0,0,0,0,0,0,0,0,0,0,0,0,0,0,0
665.1,0.09999999910082102,0.04999999989495474,0,0,0,15.09999993489896,7,0,0,0,665.1,0,0,0,0,0,0,0,0,650.0000000651011,8,2,0,0,0,0,0,0,0,0,0,7,0.09999999910082102,0.04999999989495474,0,0.09999999910082102,0.04999999989495474,0,0,0,0,0,0,0.09999999910082102,0.04999999989495474,0,0,0,0,0,0,0,0,0,0,0,0,0,0,0
666,0.09999999910082102,0.04999999989495474,0,0,0,15.99999993489894,7,0,0,0,666,0,0,0,0,0,0,0,0,650.0000000651011,8,2,0,0,0,0,0,0,0,0,0,7,0.09999999910082102,0.04999999989495474,0,0.09999999910082102,0.04999999989495474,0,0,0,0,0,0,0.09999999910082102,0.04999999989495474,0,0,0,0,0,0,0,0,0,0,0,0,0,0,0
666.9,0.09999999910082102,0.04999999989495474,0,0,0,16.89999993489891,7,0,0,0,666.9,0,0,0,0,0,0,0,0,650.0000000651011,8,2,0,0,0,0,0,0,0,0,0,7,0.09999999910082102,0.04999999989495474,0,0.09999999910082102,0.04999999989495474,0,0,0,0,0,0,0.09999999910082102,0.04999999989495474,0,0,0,0,0,0,0,0,0,0,0,0,0,0,0
667.8,0.09999999910082102,0.04999999989495474,0,0,0,17.79999993489889,7,0,0,0,667.8,0,0,0,0,0,0,0,0,650.0000000651011,8,2,0,0,0,0,0,0,0,0,0,7,0.09999999910082102,0.04999999989495474,0,0.09999999910082102,0.04999999989495474,0,0,0,0,0,0,0.09999999910082102,0.04999999989495474,0,0,0,0,0,0,0,0,0,0,0,0,0,0,0
668.7,0.09999999910082102,0.04999999989495474,0,0,0,18.69999993489898,7,0,0,0,668.7,0,0,0,0,0,0,0,0,650.0000000651011,8,2,0,0,0,0,0,0,0,0,0,7,0.09999999910082102,0.04999999989495474,0,0.09999999910082102,0.04999999989495474,0,0,0,0,0,0,0.09999999910082102,0.04999999989495474,0,0,0,0,0,0,0,0,0,0,0,0,0,0,0
669.6,0.09999999910082102,0.04999999989495474,0,0,0,19.59999993489896,7,0,0,0,669.6,0,0,0,0,0,0,0,0,650.0000000651011,8,2,0,0,0,0,0,0,0,0,0,7,0.09999999910082102,0.04999999989495474,0,0.09999999910082102,0.04999999989495474,0,0,0,0,0,0,0.09999999910082102,0.04999999989495474,0,0,0,0,0,0,0,0,0,0,0,0,0,0,0
670.5,0.09999999910082102,0.04999999989495474,0,0,0,20.49999993489894,7,0,0,0,670.5,0,0,0,0,0,0,0,0,650.0000000651011,8,2,0,0,0,0,0,0,0,0,0,7,0.09999999910082102,0.04999999989495474,0,0.09999999910082102,0.04999999989495474,0,0,0,0,0,0,0.09999999910082102,0.04999999989495474,0,0,0,0,0,0,0,0,0,0,0,0,0,0,0
671.4,0.09999999910082102,0.04999999989495474,0,0,0,21.39999993489891,7,0,0,0,671.4,0,0,0,0,0,0,0,0,650.0000000651011,8,2,0,0,0,0,0,0,0,0,0,7,0.09999999910082102,0.04999999989495474,0,0.09999999910082102,0.04999999989495474,0,0,0,0,0,0,0.09999999910082102,0.04999999989495474,0,0,0,0,0,0,0,0,0,0,0,0,0,0,0
672.3,0.09999999910082102,0.04999999989495474,0,0,0,22.29999993489889,7,0,0,0,672.3,0,0,0,0,0,0,0,0,650.0000000651011,8,2,0,0,0,0,0,0,0,0,0,7,0.09999999910082102,0.04999999989495474,0,0.09999999910082102,0.04999999989495474,0,0,0,0,0,0,0.09999999910082102,0.04999999989495474,0,0,0,0,0,0,0,0,0,0,0,0,0,0,0
673.2,0.09999999910082102,0.04999999989495474,0,0,0,23.19999993489898,7,0,0,0,673.2,0,0,0,0,0,0,0,0,650.0000000651011,8,2,0,0,0,0,0,0,0,0,0,7,0.09999999910082102,0.04999999989495474,0,0.09999999910082102,0.04999999989495474,0,0,0,0,0,0,0.09999999910082102,0.04999999989495474,0,0,0,0,0,0,0,0,0,0,0,0,0,0,0
674.1,0.09999999910082102,0.04999999989495474,0,0,0,24.09999993489896,7,0,0,0,674.1,0,0,0,0,0,0,0,0,650.0000000651011,8,2,0,0,0,0,0,0,0,0,0,7,0.09999999910082102,0.04999999989495474,0,0.09999999910082102,0.04999999989495474,0,0,0,0,0,0,0.09999999910082102,0.04999999989495474,0,0,0,0,0,0,0,0,0,0,0,0,0,0,0
675,0.09999999910082102,0.04999999989495474,0,0,0,24.99999993489894,7,0,0,0,675,0,0,0,0,0,0,0,0,650.0000000651011,8,2,0,0,0,0,0,0,0,0,0,7,0.09999999910082102,0.04999999989495474,0,0.09999999910082102,0.04999999989495474,0,0,0,0,0,0,0.09999999910082102,0.04999999989495474,0,0,0,0,0,0,0,0,0,0,0,0,0,0,0
675.9,0.09999999910082102,0.04999999989495474,0,0,0,25.89999993489891,7,0,0,0,675.9,0,0,0,0,0,0,0,0,650.0000000651011,8,2,0,0,0,0,0,0,0,0,0,7,0.09999999910082102,0.04999999989495474,0,0.09999999910082102,0.04999999989495474,0,0,0,0,0,0,0.09999999910082102,0.04999999989495474,0,0,0,0,0,0,0,0,0,0,0,0,0,0,0
676.8,0.09999999910082102,0.04999999989495474,0,0,0,26.79999993489889,7,0,0,0,676.8,0,0,0,0,0,0,0,0,650.0000000651011,8,2,0,0,0,0,0,0,0,0,0,7,0.09999999910082102,0.04999999989495474,0,0.09999999910082102,0.04999999989495474,0,0,0,0,0,0,0.09999999910082102,0.04999999989495474,0,0,0,0,0,0,0,0,0,0,0,0,0,0,0
677.7,0.09999999910082102,0.04999999989495474,0,0,0,27.69999993489898,7,0,0,0,677.7,0,0,0,0,0,0,0,0,650.0000000651011,8,2,0,0,0,0,0,0,0,0,0,7,0.09999999910082102,0.04999999989495474,0,0.09999999910082102,0.04999999989495474,0,0,0,0,0,0,0.09999999910082102,0.04999999989495474,0,0,0,0,0,0,0,0,0,0,0,0,0,0,0
678.6,0.09999999910082102,0.04999999989495474,0,0,0,28.59999993489896,7,0,0,0,678.6,0,0,0,0,0,0,0,0,650.0000000651011,8,2,0,0,0,0,0,0,0,0,0,7,0.09999999910082102,0.04999999989495474,0,0.09999999910082102,0.04999999989495474,0,0,0,0,0,0,0.09999999910082102,0.04999999989495474,0,0,0,0,0,0,0,0,0,0,0,0,0,0,0
679.5,0.09999999910082102,0.04999999989495474,0,0,0,29.49999993489894,7,0,0,0,679.5,0,0,0,0,0,0,0,0,650.0000000651011,8,2,0,0,0,0,0,0,0,0,0,7,0.09999999910082102,0.04999999989495474,0,0.09999999910082102,0.04999999989495474,0,0,0,0,0,0,0.09999999910082102,0.04999999989495474,0,0,0,0,0,0,0,0,0,0,0,0,0,0,0
680.4,0.09999999910082102,0.04999999989495474,0,0,0,30.39999993489891,7,0,0,0,680.4,0,0,0,0,0,0,0,0,650.0000000651011,8,2,0,0,0,0,0,0,0,0,0,7,0.09999999910082102,0.04999999989495474,0,0.09999999910082102,0.04999999989495474,0,0,0,0,0,0,0.09999999910082102,0.04999999989495474,0,0,0,0,0,0,0,0,0,0,0,0,0,0,0
681.3,0.09999999910082102,0.04999999989495474,0,0,0,31.29999993489889,7,0,0,0,681.3,0,0,0,0,0,0,0,0,650.0000000651011,8,2,0,0,0,0,0,0,0,0,0,7,0.09999999910082102,0.04999999989495474,0,0.09999999910082102,0.04999999989495474,0,0,0,0,0,0,0.09999999910082102,0.04999999989495474,0,0,0,0,0,0,0,0,0,0,0,0,0,0,0
682.2,0.09999999910082102,0.04999999989495474,0,0,0,32.19999993489898,7,0,0,0,682.2,0,0,0,0,0,0,0,0,650.0000000651011,8,2,0,0,0,0,0,0,0,0,0,7,0.09999999910082102,0.04999999989495474,0,0.09999999910082102,0.04999999989495474,0,0,0,0,0,0,0.09999999910082102,0.04999999989495474,0,0,0,0,0,0,0,0,0,0,0,0,0,0,0
683.1,0.09999999910082102,0.04999999989495474,0,0,0,33.09999993489896,7,0,0,0,683.1,0,0,0,0,0,0,0,0,650.0000000651011,8,2,0,0,0,0,0,0,0,0,0,7,0.09999999910082102,0.04999999989495474,0,0.09999999910082102,0.04999999989495474,0,0,0,0,0,0,0.09999999910082102,0.04999999989495474,0,0,0,0,0,0,0,0,0,0,0,0,0,0,0
684,0.09999999910082102,0.04999999989495474,0,0,0,33.99999993489894,7,0,0,0,684,0,0,0,0,0,0,0,0,650.0000000651011,8,2,0,0,0,0,0,0,0,0,0,7,0.09999999910082102,0.04999999989495474,0,0.09999999910082102,0.04999999989495474,0,0,0,0,0,0,0.09999999910082102,0.04999999989495474,0,0,0,0,0,0,0,0,0,0,0,0,0,0,0
684.9,0.09999999910082102,0.04999999989495474,0,0,0,34.89999993489891,7,0,0,0,684.9,0,0,0,0,0,0,0,0,650.0000000651011,8,2,0,0,0,0,0,0,0,0,0,7,0.09999999910082102,0.04999999989495474,0,0.09999999910082102,0.04999999989495474,0,0,0,0,0,0,0.09999999910082102,0.04999999989495474,0,0,0,0,0,0,0,0,0,0,0,0,0,0,0
685.8,0.09999999910082102,0.04999999989495474,0,0,0,35.79999993489889,7,0,0,0,685.8,0,0,0,0,0,0,0,0,650.0000000651011,8,2,0,0,0,0,0,0,0,0,0,7,0.09999999910082102,0.04999999989495474,0,0.09999999910082102,0.04999999989495474,0,0,0,0,0,0,0.09999999910082102,0.04999999989495474,0,0,0,0,0,0,0,0,0,0,0,0,0,0,0
686.7,0.09999999910082102,0.04999999989495474,0,0,0,36.69999993489898,7,0,0,0,686.7,0,0,0,0,0,0,0,0,650.0000000651011,8,2,0,0,0,0,0,0,0,0,0,7,0.09999999910082102,0.04999999989495474,0,0.09999999910082102,0.04999999989495474,0,0,0,0,0,0,0.09999999910082102,0.04999999989495474,0,0,0,0,0,0,0,0,0,0,0,0,0,0,0
687.6,0.09999999910082102,0.04999999989495474,0,0,0,37.59999993489896,7,0,0,0,687.6,0,0,0,0,0,0,0,0,650.0000000651011,8,2,0,0,0,0,0,0,0,0,0,7,0.09999999910082102,0.04999999989495474,0,0.09999999910082102,0.04999999989495474,0,0,0,0,0,0,0.09999999910082102,0.04999999989495474,0,0,0,0,0,0,0,0,0,0,0,0,0,0,0
688.5,0.09999999910082102,0.04999999989495474,0,0,0,38.49999993489894,7,0,0,0,688.5,0,0,0,0,0,0,0,0,650.0000000651011,8,2,0,0,0,0,0,0,0,0,0,7,0.09999999910082102,0.04999999989495474,0,0.09999999910082102,0.04999999989495474,0,0,0,0,0,0,0.09999999910082102,0.04999999989495474,0,0,0,0,0,0,0,0,0,0,0,0,0,0,0
689.4,0.09999999910082102,0.04999999989495474,0,0,0,39.39999993489891,7,0,0,0,689.4,0,0,0,0,0,0,0,0,650.0000000651011,8,2,0,0,0,0,0,0,0,0,0,7,0.09999999910082102,0.04999999989495474,0,0.09999999910082102,0.04999999989495474,0,0,0,0,0,0,0.09999999910082102,0.04999999989495474,0,0,0,0,0,0,0,0,0,0,0,0,0,0,0
690.3,0.09999999910082102,0.04999999989495474,0,0,0,40.29999993489889,7,0,0,0,690.3,0,0,0,0,0,0,0,0,650.0000000651011,8,2,0,0,0,0,0,0,0,0,0,7,0.09999999910082102,0.04999999989495474,0,0.09999999910082102,0.04999999989495474,0,0,0,0,0,0,0.09999999910082102,0.04999999989495474,0,0,0,0,0,0,0,0,0,0,0,0,0,0,0
691.2,0.09999999910082102,0.04999999989495474,0,0,0,41.19999993489898,7,0,0,0,691.2,0,0,0,0,0,0,0,0,650.0000000651011,8,2,0,0,0,0,0,0,0,0,0,7,0.09999999910082102,0.04999999989495474,0,0.09999999910082102,0.04999999989495474,0,0,0,0,0,0,0.09999999910082102,0.04999999989495474,0,0,0,0,0,0,0,0,0,0,0,0,0,0,0
692.1,0.09999999910082102,0.04999999989495474,0,0,0,42.09999993489896,7,0,0,0,692.1,0,0,0,0,0,0,0,0,650.0000000651011,8,2,0,0,0,0,0,0,0,0,0,7,0.09999999910082102,0.04999999989495474,0,0.09999999910082102,0.04999999989495474,0,0,0,0,0,0,0.09999999910082102,0.04999999989495474,0,0,0,0,0,0,0,0,0,0,0,0,0,0,0
693,0.09999999910082102,0.04999999989495474,0,0,0,42.99999993489894,7,0,0,0,693,0,0,0,0,0,0,0,0,650.0000000651011,8,2,0,0,0,0,0,0,0,0,0,7,0.09999999910082102,0.04999999989495474,0,0.09999999910082102,0.04999999989495474,0,0,0,0,0,0,0.09999999910082102,0.04999999989495474,0,0,0,0,0,0,0,0,0,0,0,0,0,0,0
693.9,0.09999999910082102,0.04999999989495474,0,0,0,43.89999993489891,7,0,0,0,693.9,0,0,0,0,0,0,0,0,650.0000000651011,8,2,0,0,0,0,0,0,0,0,0,7,0.09999999910082102,0.04999999989495474,0,0.09999999910082102,0.04999999989495474,0,0,0,0,0,0,0.09999999910082102,0.04999999989495474,0,0,0,0,0,0,0,0,0,0,0,0,0,0,0
694.8,0.09999999910082102,0.04999999989495474,0,0,0,44.79999993489889,7,0,0,0,694.8,0,0,0,0,0,0,0,0,650.0000000651011,8,2,0,0,0,0,0,0,0,0,0,7,0.09999999910082102,0.04999999989495474,0,0.09999999910082102,0.04999999989495474,0,0,0,0,0,0,0.09999999910082102,0.04999999989495474,0,0,0,0,0,0,0,0,0,0,0,0,0,0,0
695.7,0.09999999910082102,0.04999999989495474,0,0,0,45.69999993489898,7,0,0,0,695.7,0,0,0,0,0,0,0,0,650.0000000651011,8,2,0,0,0,0,0,0,0,0,0,7,0.09999999910082102,0.04999999989495474,0,0.09999999910082102,0.04999999989495474,0,0,0,0,0,0,0.09999999910082102,0.04999999989495474,0,0,0,0,0,0,0,0,0,0,0,0,0,0,0
696.6,0.09999999910082102,0.04999999989495474,0,0,0,46.59999993489896,7,0,0,0,696.6,0,0,0,0,0,0,0,0,650.0000000651011,8,2,0,0,0,0,0,0,0,0,0,7,0.09999999910082102,0.04999999989495474,0,0.09999999910082102,0.04999999989495474,0,0,0,0,0,0,0.09999999910082102,0.04999999989495474,0,0,0,0,0,0,0,0,0,0,0,0,0,0,0
697.5,0.09999999910082102,0.04999999989495474,0,0,0,47.49999993489894,7,0,0,0,697.5,0,0,0,0,0,0,0,0,650.0000000651011,8,2,0,0,0,0,0,0,0,0,0,7,0.09999999910082102,0.04999999989495474,0,0.09999999910082102,0.04999999989495474,0,0,0,0,0,0,0.09999999910082102,0.04999999989495474,0,0,0,0,0,0,0,0,0,0,0,0,0,0,0
698.4,0.09999999910082102,0.04999999989495474,0,0,0,48.39999993489891,7,0,0,0,698.4,0,0,0,0,0,0,0,0,650.0000000651011,8,2,0,0,0,0,0,0,0,0,0,7,0.09999999910082102,0.04999999989495474,0,0.09999999910082102,0.04999999989495474,0,0,0,0,0,0,0.09999999910082102,0.04999999989495474,0,0,0,0,0,0,0,0,0,0,0,0,0,0,0
699.3,0.09999999910082102,0.04999999989495474,0,0,0,49.29999993489889,7,0,0,0,699.3,0,0,0,0,0,0,0,0,650.0000000651011,8,2,0,0,0,0,0,0,0,0,0,7,0.09999999910082102,0.04999999989495474,0,0.09999999910082102,0.04999999989495474,0,0,0,0,0,0,0.09999999910082102,0.04999999989495474,0,0,0,0,0,0,0,0,0,0,0,0,0,0,0
700.0000000701011,0.09999999910082102,0.04999999989495474,0,0,0,50.00000000500006,7,0,0,0,700.0000000701011,0,0,0,0,0,0,0,0,650.0000000651011,8,2,0,0,0,0,0,0,0,0,0,7,0.09999999910082102,0.04999999989495474,0,0.09999999910082102,0.04999999989495474,0,0,0,0,0,0,0.09999999910082102,0.04999999989495474,0,0,0,0,0,0,0,0,0,0,0,0,0,0,0
700.0000000701011,0.09999999910082102,0.04999999989495474,-0.00375,-0.0003571428571428575,0,0,8,1,0,0,700.0000000701011,0,1,1,0,1,1,0,0,700.0000000701011,9,1,1,0,0,0,0,0,0,1,1,8,0.09999999910082102,0.04999999989495474,0,0.09999999910082102,0.04999999989495474,0,1,1,1,0,0,0.09999999910082102,0.04999999989495474,0,1,1,1,1,0,0,0,0,0,1,1,0,1,1
700.2,0.09924999936370006,0.04992857134856227,-0.00375,-0.0003571428571428575,0,0.1999999298989223,8,1,0,0,700.2,0,1,1,0,1,1,0,0,700.0000000701011,9,1,1,0,0,0,0,0,0,1,1,8,0.09924999936370006,0.04992857134856227,0,0.09924999936370006,0.04992857134856227,0,1,1,1,0,0,0.09924999936370006,0.04992857134856227,0,1,1,1,1,0,0,0,0,0,1,1,0,1,1
700.2000000701302,0.09924999910071214,0.0499285713235158,-0.00375,-0.0003571428571428575,0,0.2000000000290356,8,1,0,0,700.2000000701302,0,1,1,0,1,1,0,0,700.0000000701011,9,1,1,0,0,0,0,0,0,1,1,8,0.09924999910071214,0.0499285713235158,0,0.09924999910071214,0.0499285713235158,0,1,1,1,0,0,0.09924999910071214,0.0499285713235158,0,1,1,1,1,0,0,0,0,0,1,1,0,1,1
700.2000000701302,0.09924999910071214,0.0499285713235158,-0.00375,-0.0003571428571428575,0,0.2000000000290356,8,0,0,0,700.2000000701302,0,1,1,0,1,1,0,0,700.0000000701011,9,1,0,0,0,0,0,0,0,1,1,8,0.09924999910071214,0.0499285713235158,0,0.09924999910071214,0.0499285713235158,0,1,1,0,0,0,0.09924999910071214,0.0499285713235158,0,1,1,0,0,0,0,0,0,0,1,1,0,1,1
701.1,0.09587499936370006,0.04960714277713369,-0.00375,-0.0003571428571428575,0,1.0999999298989,8,0,0,0,701.1,0,1,1,0,1,1,0,0,700.0000000701011,9,1,0,0,0,0,0,0,0,1,1,8,0.09587499936370006,0.04960714277713369,0,0.09587499936370006,0.04960714277713369,0,1,1,0,0,0,0.09587499936370006,0.04960714277713369,0,1,1,0,0,0,0,0,0,0,1,1,0,1,1
702,0.09249999936369993,0.04928571420570511,-0.00375,-0.0003571428571428575,0,1.999999929898877,8,0,0,0,702,0,1,1,0,1,1,0,0,700.0000000701011,9,1,0,0,0,0,0,0,0,1,1,8,0.09249999936369993,0.04928571420570511,0,0.09249999936369993,0.04928571420570511,0,1,1,0,0,0,0.09249999936369993,0.04928571420570511,0,1,1,0,0,0,0,0,0,0,1,1,0,1,1
702.9,0.08912499936370002,0.04896428563427654,-0.00375,-0.0003571428571428575,0,2.899999929898854,8,0,0,0,702.9,0,1,1,0,1,1,0,0,700.0000000701011,9,1,0,0,0,0,0,0,0,1,1,8,0.08912499936370002,0.04896428563427654,0,0.08912499936370002,0.04896428563427654,0,1,1,0,0,0,0.08912499936370002,0.04896428563427654,0,1,1,0,0,0,0,0,0,0,1,1,0,1,1
703.8,0.08574999936370012,0.04864285706284798,-0.00375,-0.0003571428571428575,0,3.799999929898831,8,0,0,0,703.8,0,1,1,0,1,1,0,0,700.0000000701011,9,1,0,0,0,0,0,0,0,1,1,8,0.08574999936370012,0.04864285706284798,0,0.08574999936370012,0.04864285706284798,0,1,1,0,0,0,0.08574999936370012,0.04864285706284798,0,1,1,0,0,0,0,0,0,0,1,1,0,1,1
704.7,0.08237499936369978,0.04832142849141938,-0.00375,-0.0003571428571428575,0,4.699999929898922,8,0,0,0,704.7,0,1,1,0,1,1,0,0,700.0000000701011,9,1,0,0,0,0,0,0,0,1,1,8,0.08237499936369978,0.04832142849141938,0,0.08237499936369978,0.04832142849141938,0,1,1,0,0,0,0.08237499936369978,0.04832142849141938,0,1,1,0,0,0,0,0,0,0,1,1,0,1,1
705.6,0.07899999936369986,0.04799999991999081,-0.00375,-0.0003571428571428575,0,5.5999999298989,8,0,0,0,705.6,0,1,1,0,1,1,0,0,700.0000000701011,9,1,0,0,0,0,0,0,0,1,1,8,0.07899999936369986,0.04799999991999081,0,0.07899999936369986,0.04799999991999081,0,1,1,0,0,0,0.07899999936369986,0.04799999991999081,0,1,1,0,0,0,0,0,0,0,1,1,0,1,1
706.5,0.07562499936369994,0.04767857134856225,-0.00375,-0.0003571428571428575,0,6.499999929898877,8,0,0,0,706.5,0,1,1,0,1,1,0,0,700.0000000701011,9,1,0,0,0,0,0,0,0,1,1,8,0.07562499936369994,0.04767857134856225,0,0.07562499936369994,0.04767857134856225,0,1,1,0,0,0,0.07562499936369994,0.04767857134856225,0,1,1,0,0,0,0,0,0,0,1,1,0,1,1
707.4,0.07224999936370007,0.04735714277713369,-0.00375,-0.0003571428571428575,0,7.399999929898854,8,0,0,0,707.4,0,1,1,0,1,1,0,0,700.0000000701011,9,1,0,0,0,0,0,0,0,1,1,8,0.07224999936370007,0.04735714277713369,0,0.07224999936370007,0.04735714277713369,0,1,1,0,0,0,0.07224999936370007,0.04735714277713369,0,1,1,0,0,0,0,0,0,0,1,1,0,1,1
708.3,0.06887499936370015,0.04703571420570513,-0.00375,-0.0003571428571428575,0,8.299999929898831,8,0,0,0,708.3,0,1,1,0,1,1,0,0,700.0000000701011,9,1,0,0,0,0,0,0,0,1,1,8,0.06887499936370015,0.04703571420570513,0,0.06887499936370015,0.04703571420570513,0,1,1,0,0,0,0.06887499936370015,0.04703571420570513,0,1,1,0,0,0,0,0,0,0,1,1,0,1,1
709.2,0.06549999936369981,0.04671428563427652,-0.00375,-0.0003571428571428575,0,9.199999929898922,8,0,0,0,709.2,0,1,1,0,1,1,0,0,700.0000000701011,9,1,0,0,0,0,0,0,0,1,1,8,0.06549999936369981,0.04671428563427652,0,0.06549999936369981,0.04671428563427652,0,1,1,0,0,0,0.06549999936369981,0.04671428563427652,0,1,1,0,0,0,0,0,0,0,1,1,0,1,1
710.1,0.06212499936369989,0.04639285706284796,-0.00375,-0.0003571428571428575,0,10.0999999298989,8,0,0,0,710.1,0,1,1,0,1,1,0,0,700.0000000701011,9,1,0,0,0,0,0,0,0,1,1,8,0.06212499936369989,0.04639285706284796,0,0.06212499936369989,0.04639285706284796,0,1,1,0,0,0,0.06212499936369989,0.04639285706284796,0,1,1,0,0,0,0,0,0,0,1,1,0,1,1
711,0.05874999936369998,0.0460714284914194,-0.00375,-0.0003571428571428575,0,10.99999992989888,8,0,0,0,711,0,1,1,0,1,1,0,0,700.0000000701011,9,1,0,0,0,0,0,0,0,1,1,8,0.05874999936369998,0.0460714284914194,0,0.05874999936369998,0.0460714284914194,0,1,1,0,0,0,0.05874999936369998,0.0460714284914194,0,1,1,0,0,0,0,0,0,0,1,1,0,1,1
711.9,0.05537499936370006,0.04574999991999083,-0.00375,-0.0003571428571428575,0,11.89999992989885,8,0,0,0,711.9,0,1,1,0,1,1,0,0,700.0000000701011,9,1,0,0,0,0,0,0,0,1,1,8,0.05537499936370006,0.04574999991999083,0,0.05537499936370006,0.04574999991999083,0,1,1,0,0,0,0.05537499936370006,0.04574999991999083,0,1,1,0,0,0,0,0,0,0,1,1,0,1,1
712.8,0.05199999936370014,0.04542857134856227,-0.00375,-0.0003571428571428575,0,12.79999992989883,8,0,0,0,712.8,0,1,1,0,1,1,0,0,700.0000000701011,9,1,0,0,0,0,0,0,0,1,1,8,0.05199999936370014,0.04542857134856227,0,0.05199999936370014,0.04542857134856227,0,1,1,0,0,0,0.05199999936370014,0.04542857134856227,0,1,1,0,0,0,0,0,0,0,1,1,0,1,1
713.3333331916583,0.04999999989498131,0.04523809520868428,-0.00375,-0.0003571428571428575,0,13.33333312155719,8,0,0,0,713.3333331916583,0,1,1,0,1,1,0,0,700.0000000701011,9,1,0,0,0,0,0,0,0,1,1,8,0.04999999989498131,0.04523809520868428,0,0.04999999989498131,0.04523809520868428,0,1,1,0,0,0,0.04999999989498131,0.04523809520868428,0,1,1,0,0,0,0,0,0,0,1,1,0,1,1
713.3333331916583,0.04999999989498131,0.04523809520868428,0,0,0,0,0,0,0,0,713.3333331916583,0,0,0,0,0,0,0,0,713.3333331916583,1,1,0,0,0,0,0,0,0,0,0,0,0.04999999989498131,0.04523809520868428,0,0.04999999989498131,0.04523809520868428,0,0,0,0,0,0,0.04999999989498131,0.04523809520868428,0,0,0,0,0,0,0,0,0,0,0,0,0,0,0
713.7,0.04999999989498131,0.04523809520868428,0,0,0,0.3666668083417335,0,0,0,0,713.7,0,0,0,0,0,0,0,0,713.3333331916583,1,1,0,0,0,0,0,0,0,0,0,0,0.04999999989498131,0.04523809520868428,0,0.04999999989498131,0.04523809520868428,0,0,0,0,0,0,0.04999999989498131,0.04523809520868428,0,0,0,0,0,0,0,0,0,0,0,0,0,0,0
714.6,0.04999999989498131,0.04523809520868428,0,0,0,1.266666808341711,0,0,0,0,714.6,0,0,0,0,0,0,0,0,713.3333331916583,1,1,0,0,0,0,0,0,0,0,0,0,0.04999999989498131,0.04523809520868428,0,0.04999999989498131,0.04523809520868428,0,0,0,0,0,0,0.04999999989498131,0.04523809520868428,0,0,0,0,0,0,0,0,0,0,0,0,0,0,0
715.5,0.04999999989498131,0.04523809520868428,0,0,0,2.166666808341688,0,0,0,0,715.5,0,0,0,0,0,0,0,0,713.3333331916583,1,1,0,0,0,0,0,0,0,0,0,0,0.04999999989498131,0.04523809520868428,0,0.04999999989498131,0.04523809520868428,0,0,0,0,0,0,0.04999999989498131,0.04523809520868428,0,0,0,0,0,0,0,0,0,0,0,0,0,0,0
716.4,0.04999999989498131,0.04523809520868428,0,0,0,3.066666808341665,0,0,0,0,716.4,0,0,0,0,0,0,0,0,713.3333331916583,1,1,0,0,0,0,0,0,0,0,0,0,0.04999999989498131,0.04523809520868428,0,0.04999999989498131,0.04523809520868428,0,0,0,0,0,0,0.04999999989498131,0.04523809520868428,0,0,0,0,0,0,0,0,0,0,0,0,0,0,0
717.3,0.04999999989498131,0.04523809520868428,0,0,0,3.966666808341643,0,0,0,0,717.3,0,0,0,0,0,0,0,0,713.3333331916583,1,1,0,0,0,0,0,0,0,0,0,0,0.04999999989498131,0.04523809520868428,0,0.04999999989498131,0.04523809520868428,0,0,0,0,0,0,0.04999999989498131,0.04523809520868428,0,0,0,0,0,0,0,0,0,0,0,0,0,0,0
718.2,0.04999999989498131,0.04523809520868428,0,0,0,4.866666808341733,0,0,0,0,718.2,0,0,0,0,0,0,0,0,713.3333331916583,1,1,0,0,0,0,0,0,0,0,0,0,0.04999999989498131,0.04523809520868428,0,0.04999999989498131,0.04523809520868428,0,0,0,0,0,0,0.04999999989498131,0.04523809520868428,0,0,0,0,0,0,0,0,0,0,0,0,0,0,0
719.1,0.04999999989498131,0.04523809520868428,0,0,0,5.766666808341711,0,0,0,0,719.1,0,0,0,0,0,0,0,0,713.3333331916583,1,1,0,0,0,0,0,0,0,0,0,0,0.04999999989498131,0.04523809520868428,0,0.04999999989498131,0.04523809520868428,0,0,0,0,0,0,0.04999999989498131,0.04523809520868428,0,0,0,0,0,0,0,0,0,0,0,0,0,0,0
720,0.04999999989498131,0.04523809520868428,0,0,0,6.666666808341688,0,0,0,0,720,0,0,0,0,0,0,0,0,713.3333331916583,1,1,0,0,0,0,0,0,0,0,0,0,0.04999999989498131,0.04523809520868428,0,0.04999999989498131,0.04523809520868428,0,0,0,0,0,0,0.04999999989498131,0.04523809520868428,0,0,0,0,0,0,0,0,0,0,0,0,0,0,0
720.9,0.04999999989498131,0.04523809520868428,0,0,0,7.566666808341665,0,0,0,0,720.9,0,0,0,0,0,0,0,0,713.3333331916583,1,1,0,0,0,0,0,0,0,0,0,0,0.04999999989498131,0.04523809520868428,0,0.04999999989498131,0.04523809520868428,0,0,0,0,0,0,0.04999999989498131,0.04523809520868428,0,0,0,0,0,0,0,0,0,0,0,0,0,0,0
721.8,0.04999999989498131,0.04523809520868428,0,0,0,8.466666808341643,0,0,0,0,721.8,0,0,0,0,0,0,0,0,713.3333331916583,1,1,0,0,0,0,0,0,0,0,0,0,0.04999999989498131,0.04523809520868428,0,0.04999999989498131,0.04523809520868428,0,0,0,0,0,0,0.04999999989498131,0.04523809520868428,0,0,0,0,0,0,0,0,0,0,0,0,0,0,0
722.7,0.04999999989498131,0.04523809520868428,0,0,0,9.366666808341733,0,0,0,0,722.7,0,0,0,0,0,0,0,0,713.3333331916583,1,1,0,0,0,0,0,0,0,0,0,0,0.04999999989498131,0.04523809520868428,0,0.04999999989498131,0.04523809520868428,0,0,0,0,0,0,0.04999999989498131,0.04523809520868428,0,0,0,0,0,0,0,0,0,0,0,0,0,0,0
723.6,0.04999999989498131,0.04523809520868428,0,0,0,10.26666680834171,0,0,0,0,723.6,0,0,0,0,0,0,0,0,713.3333331916583,1,1,0,0,0,0,0,0,0,0,0,0,0.04999999989498131,0.04523809520868428,0,0.04999999989498131,0.04523809520868428,0,0,0,0,0,0,0.04999999989498131,0.04523809520868428,0,0,0,0,0,0,0,0,0,0,0,0,0,0,0
724.5,0.04999999989498131,0.04523809520868428,0,0,0,11.16666680834169,0,0,0,0,724.5,0,0,0,0,0,0,0,0,713.3333331916583,1,1,0,0,0,0,0,0,0,0,0,0,0.04999999989498131,0.04523809520868428,0,0.04999999989498131,0.04523809520868428,0,0,0,0,0,0,0.04999999989498131,0.04523809520868428,0,0,0,0,0,0,0,0,0,0,0,0,0,0,0
725.4,0.04999999989498131,0.04523809520868428,0,0,0,12.06666680834167,0,0,0,0,725.4,0,0,0,0,0,0,0,0,713.3333331916583,1,1,0,0,0,0,0,0,0,0,0,0,0.04999999989498131,0.04523809520868428,0,0.04999999989498131,0.04523809520868428,0,0,0,0,0,0,0.04999999989498131,0.04523809520868428,0,0,0,0,0,0,0,0,0,0,0,0,0,0,0
726.3,0.04999999989498131,0.04523809520868428,0,0,0,12.96666680834164,0,0,0,0,726.3,0,0,0,0,0,0,0,0,713.3333331916583,1,1,0,0,0,0,0,0,0,0,0,0,0.04999999989498131,0.04523809520868428,0,0.04999999989498131,0.04523809520868428,0,0,0,0,0,0,0.04999999989498131,0.04523809520868428,0,0,0,0,0,0,0,0,0,0,0,0,0,0,0
727.2,0.04999999989498131,0.04523809520868428,0,0,0,13.86666680834173,0,0,0,0,727.2,0,0,0,0,0,0,0,0,713.3333331916583,1,1,0,0,0,0,0,0,0,0,0,0,0.04999999989498131,0.04523809520868428,0,0.04999999989498131,0.04523809520868428,0,0,0,0,0,0,0.04999999989498131,0.04523809520868428,0,0,0,0,0,0,0,0,0,0,0,0,0,0,0
728.1,0.04999999989498131,0.04523809520868428,0,0,0,14.76666680834171,0,0,0,0,728.1,0,0,0,0,0,0,0,0,713.3333331916583,1,1,0,0,0,0,0,0,0,0,0,0,0.04999999989498131,0.04523809520868428,0,0.04999999989498131,0.04523809520868428,0,0,0,0,0,0,0.04999999989498131,0.04523809520868428,0,0,0,0,0,0,0,0,0,0,0,0,0,0,0
729,0.04999999989498131,0.04523809520868428,0,0,0,15.66666680834169,0,0,0,0,729,0,0,0,0,0,0,0,0,713.3333331916583,1,1,0,0,0,0,0,0,0,0,0,0,0.04999999989498131,0.04523809520868428,0,0.04999999989498131,0.04523809520868428,0,0,0,0,0,0,0.04999999989498131,0.04523809520868428,0,0,0,0,0,0,0,0,0,0,0,0,0,0,0
729.9,0.04999999989498131,0.04523809520868428,0,0,0,16.56666680834167,0,0,0,0,729.9,0,0,0,0,0,0,0,0,713.3333331916583,1,1,0,0,0,0,0,0,0,0,0,0,0.04999999989498131,0.04523809520868428,0,0.04999999989498131,0.04523809520868428,0,0,0,0,0,0,0.04999999989498131,0.04523809520868428,0,0,0,0,0,0,0,0,0,0,0,0,0,0,0
730.8,0.04999999989498131,0.04523809520868428,0,0,0,17.46666680834164,0,0,0,0,730.8,0,0,0,0,0,0,0,0,713.3333331916583,1,1,0,0,0,0,0,0,0,0,0,0,0.04999999989498131,0.04523809520868428,0,0.04999999989498131,0.04523809520868428,0,0,0,0,0,0,0.04999999989498131,0.04523809520868428,0,0,0,0,0,0,0,0,0,0,0,0,0,0,0
731.7,0.04999999989498131,0.04523809520868428,0,0,0,18.36666680834173,0,0,0,0,731.7,0,0,0,0,0,0,0,0,713.3333331916583,1,1,0,0,0,0,0,0,0,0,0,0,0.04999999989498131,0.04523809520868428,0,0.04999999989498131,0.04523809520868428,0,0,0,0,0,0,0.04999999989498131,0.04523809520868428,0,0,0,0,0,0,0,0,0,0,0,0,0,0,0
732.6,0.04999999989498131,0.04523809520868428,0,0,0,19.26666680834171,0,0,0,0,732.6,0,0,0,0,0,0,0,0,713.3333331916583,1,1,0,0,0,0,0,0,0,0,0,0,0.04999999989498131,0.04523809520868428,0,0.04999999989498131,0.04523809520868428,0,0,0,0,0,0,0.04999999989498131,0.04523809520868428,0,0,0,0,0,0,0,0,0,0,0,0,0,0,0
733.5,0.04999999989498131,0.04523809520868428,0,0,0,20.16666680834169,0,0,0,0,733.5,0,0,0,0,0,0,0,0,713.3333331916583,1,1,0,0,0,0,0,0,0,0,0,0,0.04999999989498131,0.04523809520868428,0,0.04999999989498131,0.04523809520868428,0,0,0,0,0,0,0.04999999989498131,0.04523809520868428,0,0,0,0,0,0,0,0,0,0,0,0,0,0,0
734.4,0.04999999989498131,0.04523809520868428,0,0,0,21.06666680834167,0,0,0,0,734.4,0,0,0,0,0,0,0,0,713.3333331916583,1,1,0,0,0,0,0,0,0,0,0,0,0.04999999989498131,0.04523809520868428,0,0.04999999989498131,0.04523809520868428,0,0,0,0,0,0,0.04999999989498131,0.04523809520868428,0,0,0,0,0,0,0,0,0,0,0,0,0,0,0
735.3,0.04999999989498131,0.04523809520868428,0,0,0,21.96666680834164,0,0,0,0,735.3,0,0,0,0,0,0,0,0,713.3333331916583,1,1,0,0,0,0,0,0,0,0,0,0,0.04999999989498131,0.04523809520868428,0,0.04999999989498131,0.04523809520868428,0,0,0,0,0,0,0.04999999989498131,0.04523809520868428,0,0,0,0,0,0,0,0,0,0,0,0,0,0,0
736.2,0.04999999989498131,0.04523809520868428,0,0,0,22.86666680834173,0,0,0,0,736.2,0,0,0,0,0,0,0,0,713.3333331916583,1,1,0,0,0,0,0,0,0,0,0,0,0.04999999989498131,0.04523809520868428,0,0.04999999989498131,0.04523809520868428,0,0,0,0,0,0,0.04999999989498131,0.04523809520868428,0,0,0,0,0,0,0,0,0,0,0,0,0,0,0
737.1,0.04999999989498131,0.04523809520868428,0,0,0,23.76666680834171,0,0,0,0,737.1,0,0,0,0,0,0,0,0,713.3333331916583,1,1,0,0,0,0,0,0,0,0,0,0,0.04999999989498131,0.04523809520868428,0,0.04999999989498131,0.04523809520868428,0,0,0,0,0,0,0.04999999989498131,0.04523809520868428,0,0,0,0,0,0,0,0,0,0,0,0,0,0,0
738,0.04999999989498131,0.04523809520868428,0,0,0,24.66666680834169,0,0,0,0,738,0,0,0,0,0,0,0,0,713.3333331916583,1,1,0,0,0,0,0,0,0,0,0,0,0.04999999989498131,0.04523809520868428,0,0.04999999989498131,0.04523809520868428,0,0,0,0,0,0,0.04999999989498131,0.04523809520868428,0,0,0,0,0,0,0,0,0,0,0,0,0,0,0
738.9,0.04999999989498131,0.04523809520868428,0,0,0,25.56666680834167,0,0,0,0,738.9,0,0,0,0,0,0,0,0,713.3333331916583,1,1,0,0,0,0,0,0,0,0,0,0,0.04999999989498131,0.04523809520868428,0,0.04999999989498131,0.04523809520868428,0,0,0,0,0,0,0.04999999989498131,0.04523809520868428,0,0,0,0,0,0,0,0,0,0,0,0,0,0,0
739.8,0.04999999989498131,0.04523809520868428,0,0,0,26.46666680834164,0,0,0,0,739.8,0,0,0,0,0,0,0,0,713.3333331916583,1,1,0,0,0,0,0,0,0,0,0,0,0.04999999989498131,0.04523809520868428,0,0.04999999989498131,0.04523809520868428,0,0,0,0,0,0,0.04999999989498131,0.04523809520868428,0,0,0,0,0,0,0,0,0,0,0,0,0,0,0
740.7,0.04999999989498131,0.04523809520868428,0,0,0,27.36666680834173,0,0,0,0,740.7,0,0,0,0,0,0,0,0,713.3333331916583,1,1,0,0,0,0,0,0,0,0,0,0,0.04999999989498131,0.04523809520868428,0,0.04999999989498131,0.04523809520868428,0,0,0,0,0,0,0.04999999989498131,0.04523809520868428,0,0,0,0,0,0,0,0,0,0,0,0,0,0,0
741.6,0.04999999989498131,0.04523809520868428,0,0,0,28.26666680834171,0,0,0,0,741.6,0,0,0,0,0,0,0,0,713.3333331916583,1,1,0,0,0,0,0,0,0,0,0,0,0.04999999989498131,0.04523809520868428,0,0.04999999989498131,0.04523809520868428,0,0,0,0,0,0,0.04999999989498131,0.04523809520868428,0,0,0,0,0,0,0,0,0,0,0,0,0,0,0
742.5,0.04999999989498131,0.04523809520868428,0,0,0,29.16666680834169,0,0,0,0,742.5,0,0,0,0,0,0,0,0,713.3333331916583,1,1,0,0,0,0,0,0,0,0,0,0,0.04999999989498131,0.04523809520868428,0,0.04999999989498131,0.04523809520868428,0,0,0,0,0,0,0.04999999989498131,0.04523809520868428,0,0,0,0,0,0,0,0,0,0,0,0,0,0,0
743.4,0.04999999989498131,0.04523809520868428,0,0,0,30.06666680834167,0,0,0,0,743.4,0,0,0,0,0,0,0,0,713.3333331916583,1,1,0,0,0,0,0,0,0,0,0,0,0.04999999989498131,0.04523809520868428,0,0.04999999989498131,0.04523809520868428,0,0,0,0,0,0,0.04999999989498131,0.04523809520868428,0,0,0,0,0,0,0,0,0,0,0,0,0,0,0
744.3,0.04999999989498131,0.04523809520868428,0,0,0,30.96666680834164,0,0,0,0,744.3,0,0,0,0,0,0,0,0,713.3333331916583,1,1,0,0,0,0,0,0,0,0,0,0,0.04999999989498131,0.04523809520868428,0,0.04999999989498131,0.04523809520868428,0,0,0,0,0,0,0.04999999989498131,0.04523809520868428,0,0,0,0,0,0,0,0,0,0,0,0,0,0,0
745.2,0.04999999989498131,0.04523809520868428,0,0,0,31.86666680834173,0,0,0,0,745.2,0,0,0,0,0,0,0,0,713.3333331916583,1,1,0,0,0,0,0,0,0,0,0,0,0.04999999989498131,0.04523809520868428,0,0.04999999989498131,0.04523809520868428,0,0,0,0,0,0,0.04999999989498131,0.04523809520868428,0,0,0,0,0,0,0,0,0,0,0,0,0,0,0
746.1,0.04999999989498131,0.04523809520868428,0,0,0,32.76666680834171,0,0,0,0,746.1,0,0,0,0,0,0,0,0,713.3333331916583,1,1,0,0,0,0,0,0,0,0,0,0,0.04999999989498131,0.04523809520868428,0,0.04999999989498131,0.04523809520868428,0,0,0,0,0,0,0.04999999989498131,0.04523809520868428,0,0,0,0,0,0,0,0,0,0,0,0,0,0,0
747,0.04999999989498131,0.04523809520868428,0,0,0,33.66666680834169,0,0,0,0,747,0,0,0,0,0,0,0,0,713.3333331916583,1,1,0,0,0,0,0,0,0,0,0,0,0.04999999989498131,0.04523809520868428,0,0.04999999989498131,0.04523809520868428,0,0,0,0,0,0,0.04999999989498131,0.04523809520868428,0,0,0,0,0,0,0,0,0,0,0,0,0,0,0
747.9,0.04999999989498131,0.04523809520868428,0,0,0,34.56666680834167,0,0,0,0,747.9,0,0,0,0,0,0,0,0,713.3333331916583,1,1,0,0,0,0,0,0,0,0,0,0,0.04999999989498131,0.04523809520868428,0,0.04999999989498131,0.04523809520868428,0,0,0,0,0,0,0.04999999989498131,0.04523809520868428,0,0,0,0,0,0,0,0,0,0,0,0,0,0,0
748.8,0.04999999989498131,0.04523809520868428,0,0,0,35.46666680834164,0,0,0,0,748.8,0,0,0,0,0,0,0,0,713.3333331916583,1,1,0,0,0,0,0,0,0,0,0,0,0.04999999989498131,0.04523809520868428,0,0.04999999989498131,0.04523809520868428,0,0,0,0,0,0,0.04999999989498131,0.04523809520868428,0,0,0,0,0,0,0,0,0,0,0,0,0,0,0
749.7,0.04999999989498131,0.04523809520868428,0,0,0,36.36666680834173,0,0,0,0,749.7,0,0,0,0,0,0,0,0,713.3333331916583,1,1,0,0,0,0,0,0,0,0,0,0,0.04999999989498131,0.04523809520868428,0,0.04999999989498131,0.04523809520868428,0,0,0,0,0,0,0.04999999989498131,0.04523809520868428,0,0,0,0,0,0,0,0,0,0,0,0,0,0,0
750.6,0.04999999989498131,0.04523809520868428,0,0,0,37.26666680834171,0,0,0,0,750.6,0,0,0,0,0,0,0,0,713.3333331916583,1,1,0,0,0,0,0,0,0,0,0,0,0.04999999989498131,0.04523809520868428,0,0.04999999989498131,0.04523809520868428,0,0,0,0,0,0,0.04999999989498131,0.04523809520868428,0,0,0,0,0,0,0,0,0,0,0,0,0,0,0
751.5,0.04999999989498131,0.04523809520868428,0,0,0,38.16666680834169,0,0,0,0,751.5,0,0,0,0,0,0,0,0,713.3333331916583,1,1,0,0,0,0,0,0,0,0,0,0,0.04999999989498131,0.04523809520868428,0,0.04999999989498131,0.04523809520868428,0,0,0,0,0,0,0.04999999989498131,0.04523809520868428,0,0,0,0,0,0,0,0,0,0,0,0,0,0,0
752.4,0.04999999989498131,0.04523809520868428,0,0,0,39.06666680834167,0,0,0,0,752.4,0,0,0,0,0,0,0,0,713.3333331916583,1,1,0,0,0,0,0,0,0,0,0,0,0.04999999989498131,0.04523809520868428,0,0.04999999989498131,0.04523809520868428,0,0,0,0,0,0,0.04999999989498131,0.04523809520868428,0,0,0,0,0,0,0,0,0,0,0,0,0,0,0
753.3,0.04999999989498131,0.04523809520868428,0,0,0,39.96666680834164,0,0,0,0,753.3,0,0,0,0,0,0,0,0,713.3333331916583,1,1,0,0,0,0,0,0,0,0,0,0,0.04999999989498131,0.04523809520868428,0,0.04999999989498131,0.04523809520868428,0,0,0,0,0,0,0.04999999989498131,0.04523809520868428,0,0,0,0,0,0,0,0,0,0,0,0,0,0,0
754.2,0.04999999989498131,0.04523809520868428,0,0,0,40.86666680834173,0,0,0,0,754.2,0,0,0,0,0,0,0,0,713.3333331916583,1,1,0,0,0,0,0,0,0,0,0,0,0.04999999989498131,0.04523809520868428,0,0.04999999989498131,0.04523809520868428,0,0,0,0,0,0,0.04999999989498131,0.04523809520868428,0,0,0,0,0,0,0,0,0,0,0,0,0,0,0
755.1,0.04999999989498131,0.04523809520868428,0,0,0,41.76666680834171,0,0,0,0,755.1,0,0,0,0,0,0,0,0,713.3333331916583,1,1,0,0,0,0,0,0,0,0,0,0,0.04999999989498131,0.04523809520868428,0,0.04999999989498131,0.04523809520868428,0,0,0,0,0,0,0.04999999989498131,0.04523809520868428,0,0,0,0,0,0,0,0,0,0,0,0,0,0,0
756,0.04999999989498131,0.04523809520868428,0,0,0,42.66666680834169,0,0,0,0,756,0,0,0,0,0,0,0,0,713.3333331916583,1,1,0,0,0,0,0,0,0,0,0,0,0.04999999989498131,0.04523809520868428,0,0.04999999989498131,0.04523809520868428,0,0,0,0,0,0,0.04999999989498131,0.04523809520868428,0,0,0,0,0,0,0,0,0,0,0,0,0,0,0
756.9,0.04999999989498131,0.04523809520868428,0,0,0,43.56666680834167,0,0,0,0,756.9,0,0,0,0,0,0,0,0,713.3333331916583,1,1,0,0,0,0,0,0,0,0,0,0,0.04999999989498131,0.04523809520868428,0,0.04999999989498131,0.04523809520868428,0,0,0,0,0,0,0.04999999989498131,0.04523809520868428,0,0,0,0,0,0,0,0,0,0,0,0,0,0,0
757.8,0.04999999989498131,0.04523809520868428,0,0,0,44.46666680834164,0,0,0,0,757.8,0,0,0,0,0,0,0,0,713.3333331916583,1,1,0,0,0,0,0,0,0,0,0,0,0.04999999989498131,0.04523809520868428,0,0.04999999989498131,0.04523809520868428,0,0,0,0,0,0,0.04999999989498131,0.04523809520868428,0,0,0,0,0,0,0,0,0,0,0,0,0,0,0
758.7,0.04999999989498131,0.04523809520868428,0,0,0,45.36666680834173,0,0,0,0,758.7,0,0,0,0,0,0,0,0,713.3333331916583,1,1,0,0,0,0,0,0,0,0,0,0,0.04999999989498131,0.04523809520868428,0,0.04999999989498131,0.04523809520868428,0,0,0,0,0,0,0.04999999989498131,0.04523809520868428,0,0,0,0,0,0,0,0,0,0,0,0,0,0,0
759.6,0.04999999989498131,0.04523809520868428,0,0,0,46.26666680834171,0,0,0,0,759.6,0,0,0,0,0,0,0,0,713.3333331916583,1,1,0,0,0,0,0,0,0,0,0,0,0.04999999989498131,0.04523809520868428,0,0.04999999989498131,0.04523809520868428,0,0,0,0,0,0,0.04999999989498131,0.04523809520868428,0,0,0,0,0,0,0,0,0,0,0,0,0,0,0
760.5,0.04999999989498131,0.04523809520868428,0,0,0,47.16666680834169,0,0,0,0,760.5,0,0,0,0,0,0,0,0,713.3333331916583,1,1,0,0,0,0,0,0,0,0,0,0,0.04999999989498131,0.04523809520868428,0,0.04999999989498131,0.04523809520868428,0,0,0,0,0,0,0.04999999989498131,0.04523809520868428,0,0,0,0,0,0,0,0,0,0,0,0,0,0,0
761.4,0.04999999989498131,0.04523809520868428,0,0,0,48.06666680834167,0,0,0,0,761.4,0,0,0,0,0,0,0,0,713.3333331916583,1,1,0,0,0,0,0,0,0,0,0,0,0.04999999989498131,0.04523809520868428,0,0.04999999989498131,0.04523809520868428,0,0,0,0,0,0,0.04999999989498131,0.04523809520868428,0,0,0,0,0,0,0,0,0,0,0,0,0,0,0
762.3,0.04999999989498131,0.04523809520868428,0,0,0,48.96666680834164,0,0,0,0,762.3,0,0,0,0,0,0,0,0,713.3333331916583,1,1,0,0,0,0,0,0,0,0,0,0,0.04999999989498131,0.04523809520868428,0,0.04999999989498131,0.04523809520868428,0,0,0,0,0,0,0.04999999989498131,0.04523809520868428,0,0,0,0,0,0,0,0,0,0,0,0,0,0,0
763.2,0.04999999989498131,0.04523809520868428,0,0,0,49.86666680834173,0,0,0,0,763.2,0,0,0,0,0,0,0,0,713.3333331916583,1,1,0,0,0,0,0,0,0,0,0,0,0.04999999989498131,0.04523809520868428,0,0.04999999989498131,0.04523809520868428,0,0,0,0,0,0,0.04999999989498131,0.04523809520868428,0,0,0,0,0,0,0,0,0,0,0,0,0,0,0
764.1,0.04999999989498131,0.04523809520868428,0,0,0,50.76666680834171,0,0,0,0,764.1,0,0,0,0,0,0,0,0,713.3333331916583,1,1,0,0,0,0,0,0,0,0,0,0,0.04999999989498131,0.04523809520868428,0,0.04999999989498131,0.04523809520868428,0,0,0,0,0,0,0.04999999989498131,0.04523809520868428,0,0,0,0,0,0,0,0,0,0,0,0,0,0,0
765,0.04999999989498131,0.04523809520868428,0,0,0,51.66666680834169,0,0,0,0,765,0,0,0,0,0,0,0,0,713.3333331916583,1,1,0,0,0,0,0,0,0,0,0,0,0.04999999989498131,0.04523809520868428,0,0.04999999989498131,0.04523809520868428,0,0,0,0,0,0,0.04999999989498131,0.04523809520868428,0,0,0,0,0,0,0,0,0,0,0,0,0,0,0
765.9,0.04999999989498131,0.04523809520868428,0,0,0,52.56666680834167,0,0,0,0,765.9,0,0,0,0,0,0,0,0,713.3333331916583,1,1,0,0,0,0,0,0,0,0,0,0,0.04999999989498131,0.04523809520868428,0,0.04999999989498131,0.04523809520868428,0,0,0,0,0,0,0.04999999989498131,0.04523809520868428,0,0,0,0,0,0,0,0,0,0,0,0,0,0,0
766.8,0.04999999989498131,0.04523809520868428,0,0,0,53.46666680834164,0,0,0,0,766.8,0,0,0,0,0,0,0,0,713.3333331916583,1,1,0,0,0,0,0,0,0,0,0,0,0.04999999989498131,0.04523809520868428,0,0.04999999989498131,0.04523809520868428,0,0,0,0,0,0,0.04999999989498131,0.04523809520868428,0,0,0,0,0,0,0,0,0,0,0,0,0,0,0
767.7,0.04999999989498131,0.04523809520868428,0,0,0,54.36666680834173,0,0,0,0,767.7,0,0,0,0,0,0,0,0,713.3333331916583,1,1,0,0,0,0,0,0,0,0,0,0,0.04999999989498131,0.04523809520868428,0,0.04999999989498131,0.04523809520868428,0,0,0,0,0,0,0.04999999989498131,0.04523809520868428,0,0,0,0,0,0,0,0,0,0,0,0,0,0,0
768.6,0.04999999989498131,0.04523809520868428,0,0,0,55.26666680834171,0,0,0,0,768.6,0,0,0,0,0,0,0,0,713.3333331916583,1,1,0,0,0,0,0,0,0,0,0,0,0.04999999989498131,0.04523809520868428,0,0.04999999989498131,0.04523809520868428,0,0,0,0,0,0,0.04999999989498131,0.04523809520868428,0,0,0,0,0,0,0,0,0,0,0,0,0,0,0
769.5,0.04999999989498131,0.04523809520868428,0,0,0,56.16666680834169,0,0,0,0,769.5,0,0,0,0,0,0,0,0,713.3333331916583,1,1,0,0,0,0,0,0,0,0,0,0,0.04999999989498131,0.04523809520868428,0,0.04999999989498131,0.04523809520868428,0,0,0,0,0,0,0.04999999989498131,0.04523809520868428,0,0,0,0,0,0,0,0,0,0,0,0,0,0,0
770.4,0.04999999989498131,0.04523809520868428,0,0,0,57.06666680834167,0,0,0,0,770.4,0,0,0,0,0,0,0,0,713.3333331916583,1,1,0,0,0,0,0,0,0,0,0,0,0.04999999989498131,0.04523809520868428,0,0.04999999989498131,0.04523809520868428,0,0,0,0,0,0,0.04999999989498131,0.04523809520868428,0,0,0,0,0,0,0,0,0,0,0,0,0,0,0
771.3,0.04999999989498131,0.04523809520868428,0,0,0,57.96666680834164,0,0,0,0,771.3,0,0,0,0,0,0,0,0,713.3333331916583,1,1,0,0,0,0,0,0,0,0,0,0,0.04999999989498131,0.04523809520868428,0,0.04999999989498131,0.04523809520868428,0,0,0,0,0,0,0.04999999989498131,0.04523809520868428,0,0,0,0,0,0,0,0,0,0,0,0,0,0,0
772.2,0.04999999989498131,0.04523809520868428,0,0,0,58.86666680834173,0,0,0,0,772.2,0,0,0,0,0,0,0,0,713.3333331916583,1,1,0,0,0,0,0,0,0,0,0,0,0.04999999989498131,0.04523809520868428,0,0.04999999989498131,0.04523809520868428,0,0,0,0,0,0,0.04999999989498131,0.04523809520868428,0,0,0,0,0,0,0,0,0,0,0,0,0,0,0
773.1,0.04999999989498131,0.04523809520868428,0,0,0,59.76666680834171,0,0,0,0,773.1,0,0,0,0,0,0,0,0,713.3333331916583,1,1,0,0,0,0,0,0,0,0,0,0,0.04999999989498131,0.04523809520868428,0,0.04999999989498131,0.04523809520868428,0,0,0,0,0,0,0.04999999989498131,0.04523809520868428,0,0,0,0,0,0,0,0,0,0,0,0,0,0,0
774,0.04999999989498131,0.04523809520868428,0,0,0,60.66666680834169,0,0,0,0,774,0,0,0,0,0,0,0,0,713.3333331916583,1,1,0,0,0,0,0,0,0,0,0,0,0.04999999989498131,0.04523809520868428,0,0.04999999989498131,0.04523809520868428,0,0,0,0,0,0,0.04999999989498131,0.04523809520868428,0,0,0,0,0,0,0,0,0,0,0,0,0,0,0
774.9,0.04999999989498131,0.04523809520868428,0,0,0,61.56666680834167,0,0,0,0,774.9,0,0,0,0,0,0,0,0,713.3333331916583,1,1,0,0,0,0,0,0,0,0,0,0,0.04999999989498131,0.04523809520868428,0,0.04999999989498131,0.04523809520868428,0,0,0,0,0,0,0.04999999989498131,0.04523809520868428,0,0,0,0,0,0,0,0,0,0,0,0,0,0,0
775.8,0.04999999989498131,0.04523809520868428,0,0,0,62.46666680834164,0,0,0,0,775.8,0,0,0,0,0,0,0,0,713.3333331916583,1,1,0,0,0,0,0,0,0,0,0,0,0.04999999989498131,0.04523809520868428,0,0.04999999989498131,0.04523809520868428,0,0,0,0,0,0,0.04999999989498131,0.04523809520868428,0,0,0,0,0,0,0,0,0,0,0,0,0,0,0
776.7,0.04999999989498131,0.04523809520868428,0,0,0,63.36666680834173,0,0,0,0,776.7,0,0,0,0,0,0,0,0,713.3333331916583,1,1,0,0,0,0,0,0,0,0,0,0,0.04999999989498131,0.04523809520868428,0,0.04999999989498131,0.04523809520868428,0,0,0,0,0,0,0.04999999989498131,0.04523809520868428,0,0,0,0,0,0,0,0,0,0,0,0,0,0,0
777.6,0.04999999989498131,0.04523809520868428,0,0,0,64.26666680834171,0,0,0,0,777.6,0,0,0,0,0,0,0,0,713.3333331916583,1,1,0,0,0,0,0,0,0,0,0,0,0.04999999989498131,0.04523809520868428,0,0.04999999989498131,0.04523809520868428,0,0,0,0,0,0,0.04999999989498131,0.04523809520868428,0,0,0,0,0,0,0,0,0,0,0,0,0,0,0
778.5,0.04999999989498131,0.04523809520868428,0,0,0,65.16666680834169,0,0,0,0,778.5,0,0,0,0,0,0,0,0,713.3333331916583,1,1,0,0,0,0,0,0,0,0,0,0,0.04999999989498131,0.04523809520868428,0,0.04999999989498131,0.04523809520868428,0,0,0,0,0,0,0.04999999989498131,0.04523809520868428,0,0,0,0,0,0,0,0,0,0,0,0,0,0,0
779.4,0.04999999989498131,0.04523809520868428,0,0,0,66.06666680834167,0,0,0,0,779.4,0,0,0,0,0,0,0,0,713.3333331916583,1,1,0,0,0,0,0,0,0,0,0,0,0.04999999989498131,0.04523809520868428,0,0.04999999989498131,0.04523809520868428,0,0,0,0,0,0,0.04999999989498131,0.04523809520868428,0,0,0,0,0,0,0,0,0,0,0,0,0,0,0
780.3,0.04999999989498131,0.04523809520868428,0,0,0,66.96666680834164,0,0,0,0,780.3,0,0,0,0,0,0,0,0,713.3333331916583,1,1,0,0,0,0,0,0,0,0,0,0,0.04999999989498131,0.04523809520868428,0,0.04999999989498131,0.04523809520868428,0,0,0,0,0,0,0.04999999989498131,0.04523809520868428,0,0,0,0,0,0,0,0,0,0,0,0,0,0,0
781.2,0.04999999989498131,0.04523809520868428,0,0,0,67.86666680834173,0,0,0,0,781.2,0,0,0,0,0,0,0,0,713.3333331916583,1,1,0,0,0,0,0,0,0,0,0,0,0.04999999989498131,0.04523809520868428,0,0.04999999989498131,0.04523809520868428,0,0,0,0,0,0,0.04999999989498131,0.04523809520868428,0,0,0,0,0,0,0,0,0,0,0,0,0,0,0
782.1,0.04999999989498131,0.04523809520868428,0,0,0,68.76666680834171,0,0,0,0,782.1,0,0,0,0,0,0,0,0,713.3333331916583,1,1,0,0,0,0,0,0,0,0,0,0,0.04999999989498131,0.04523809520868428,0,0.04999999989498131,0.04523809520868428,0,0,0,0,0,0,0.04999999989498131,0.04523809520868428,0,0,0,0,0,0,0,0,0,0,0,0,0,0,0
783,0.04999999989498131,0.04523809520868428,0,0,0,69.66666680834169,0,0,0,0,783,0,0,0,0,0,0,0,0,713.3333331916583,1,1,0,0,0,0,0,0,0,0,0,0,0.04999999989498131,0.04523809520868428,0,0.04999999989498131,0.04523809520868428,0,0,0,0,0,0,0.04999999989498131,0.04523809520868428,0,0,0,0,0,0,0,0,0,0,0,0,0,0,0
783.9,0.04999999989498131,0.04523809520868428,0,0,0,70.56666680834167,0,0,0,0,783.9,0,0,0,0,0,0,0,0,713.3333331916583,1,1,0,0,0,0,0,0,0,0,0,0,0.04999999989498131,0.04523809520868428,0,0.04999999989498131,0.04523809520868428,0,0,0,0,0,0,0.04999999989498131,0.04523809520868428,0,0,0,0,0,0,0,0,0,0,0,0,0,0,0
784.8,0.04999999989498131,0.04523809520868428,0,0,0,71.46666680834164,0,0,0,0,784.8,0,0,0,0,0,0,0,0,713.3333331916583,1,1,0,0,0,0,0,0,0,0,0,0,0.04999999989498131,0.04523809520868428,0,0.04999999989498131,0.04523809520868428,0,0,0,0,0,0,0.04999999989498131,0.04523809520868428,0,0,0,0,0,0,0,0,0,0,0,0,0,0,0
785.7,0.04999999989498131,0.04523809520868428,0,0,0,72.36666680834173,0,0,0,0,785.7,0,0,0,0,0,0,0,0,713.3333331916583,1,1,0,0,0,0,0,0,0,0,0,0,0.04999999989498131,0.04523809520868428,0,0.04999999989498131,0.04523809520868428,0,0,0,0,0,0,0.04999999989498131,0.04523809520868428,0,0,0,0,0,0,0,0,0,0,0,0,0,0,0
786.6,0.04999999989498131,0.04523809520868428,0,0,0,73.26666680834171,0,0,0,0,786.6,0,0,0,0,0,0,0,0,713.3333331916583,1,1,0,0,0,0,0,0,0,0,0,0,0.04999999989498131,0.04523809520868428,0,0.04999999989498131,0.04523809520868428,0,0,0,0,0,0,0.04999999989498131,0.04523809520868428,0,0,0,0,0,0,0,0,0,0,0,0,0,0,0
787.5,0.04999999989498131,0.04523809520868428,0,0,0,74.16666680834169,0,0,0,0,787.5,0,0,0,0,0,0,0,0,713.3333331916583,1,1,0,0,0,0,0,0,0,0,0,0,0.04999999989498131,0.04523809520868428,0,0.04999999989498131,0.04523809520868428,0,0,0,0,0,0,0.04999999989498131,0.04523809520868428,0,0,0,0,0,0,0,0,0,0,0,0,0,0,0
788.4,0.04999999989498131,0.04523809520868428,0,0,0,75.06666680834167,0,0,0,0,788.4,0,0,0,0,0,0,0,0,713.3333331916583,1,1,0,0,0,0,0,0,0,0,0,0,0.04999999989498131,0.04523809520868428,0,0.04999999989498131,0.04523809520868428,0,0,0,0,0,0,0.04999999989498131,0.04523809520868428,0,0,0,0,0,0,0,0,0,0,0,0,0,0,0
789.3,0.04999999989498131,0.04523809520868428,0,0,0,75.96666680834164,0,0,0,0,789.3,0,0,0,0,0,0,0,0,713.3333331916583,1,1,0,0,0,0,0,0,0,0,0,0,0.04999999989498131,0.04523809520868428,0,0.04999999989498131,0.04523809520868428,0,0,0,0,0,0,0.04999999989498131,0.04523809520868428,0,0,0,0,0,0,0,0,0,0,0,0,0,0,0
790.2,0.04999999989498131,0.04523809520868428,0,0,0,76.86666680834173,0,0,0,0,790.2,0,0,0,0,0,0,0,0,713.3333331916583,1,1,0,0,0,0,0,0,0,0,0,0,0.04999999989498131,0.04523809520868428,0,0.04999999989498131,0.04523809520868428,0,0,0,0,0,0,0.04999999989498131,0.04523809520868428,0,0,0,0,0,0,0,0,0,0,0,0,0,0,0
791.1,0.04999999989498131,0.04523809520868428,0,0,0,77.76666680834171,0,0,0,0,791.1,0,0,0,0,0,0,0,0,713.3333331916583,1,1,0,0,0,0,0,0,0,0,0,0,0.04999999989498131,0.04523809520868428,0,0.04999999989498131,0.04523809520868428,0,0,0,0,0,0,0.04999999989498131,0.04523809520868428,0,0,0,0,0,0,0,0,0,0,0,0,0,0,0
792,0.04999999989498131,0.04523809520868428,0,0,0,78.66666680834169,0,0,0,0,792,0,0,0,0,0,0,0,0,713.3333331916583,1,1,0,0,0,0,0,0,0,0,0,0,0.04999999989498131,0.04523809520868428,0,0.04999999989498131,0.04523809520868428,0,0,0,0,0,0,0.04999999989498131,0.04523809520868428,0,0,0,0,0,0,0,0,0,0,0,0,0,0,0
792.9,0.04999999989498131,0.04523809520868428,0,0,0,79.56666680834167,0,0,0,0,792.9,0,0,0,0,0,0,0,0,713.3333331916583,1,1,0,0,0,0,0,0,0,0,0,0,0.04999999989498131,0.04523809520868428,0,0.04999999989498131,0.04523809520868428,0,0,0,0,0,0,0.04999999989498131,0.04523809520868428,0,0,0,0,0,0,0,0,0,0,0,0,0,0,0
793.8,0.04999999989498131,0.04523809520868428,0,0,0,80.46666680834164,0,0,0,0,793.8,0,0,0,0,0,0,0,0,713.3333331916583,1,1,0,0,0,0,0,0,0,0,0,0,0.04999999989498131,0.04523809520868428,0,0.04999999989498131,0.04523809520868428,0,0,0,0,0,0,0.04999999989498131,0.04523809520868428,0,0,0,0,0,0,0,0,0,0,0,0,0,0,0
794.7,0.04999999989498131,0.04523809520868428,0,0,0,81.36666680834173,0,0,0,0,794.7,0,0,0,0,0,0,0,0,713.3333331916583,1,1,0,0,0,0,0,0,0,0,0,0,0.04999999989498131,0.04523809520868428,0,0.04999999989498131,0.04523809520868428,0,0,0,0,0,0,0.04999999989498131,0.04523809520868428,0,0,0,0,0,0,0,0,0,0,0,0,0,0,0
795.6,0.04999999989498131,0.04523809520868428,0,0,0,82.26666680834171,0,0,0,0,795.6,0,0,0,0,0,0,0,0,713.3333331916583,1,1,0,0,0,0,0,0,0,0,0,0,0.04999999989498131,0.04523809520868428,0,0.04999999989498131,0.04523809520868428,0,0,0,0,0,0,0.04999999989498131,0.04523809520868428,0,0,0,0,0,0,0,0,0,0,0,0,0,0,0
796.5,0.04999999989498131,0.04523809520868428,0,0,0,83.16666680834169,0,0,0,0,796.5,0,0,0,0,0,0,0,0,713.3333331916583,1,1,0,0,0,0,0,0,0,0,0,0,0.04999999989498131,0.04523809520868428,0,0.04999999989498131,0.04523809520868428,0,0,0,0,0,0,0.04999999989498131,0.04523809520868428,0,0,0,0,0,0,0,0,0,0,0,0,0,0,0
797.4,0.04999999989498131,0.04523809520868428,0,0,0,84.06666680834167,0,0,0,0,797.4,0,0,0,0,0,0,0,0,713.3333331916583,1,1,0,0,0,0,0,0,0,0,0,0,0.04999999989498131,0.04523809520868428,0,0.04999999989498131,0.04523809520868428,0,0,0,0,0,0,0.04999999989498131,0.04523809520868428,0,0,0,0,0,0,0,0,0,0,0,0,0,0,0
798.3,0.04999999989498131,0.04523809520868428,0,0,0,84.96666680834164,0,0,0,0,798.3,0,0,0,0,0,0,0,0,713.3333331916583,1,1,0,0,0,0,0,0,0,0,0,0,0.04999999989498131,0.04523809520868428,0,0.04999999989498131,0.04523809520868428,0,0,0,0,0,0,0.04999999989498131,0.04523809520868428,0,0,0,0,0,0,0,0,0,0,0,0,0,0,0
799.2,0.04999999989498131,0.04523809520868428,0,0,0,85.86666680834173,0,0,0,0,799.2,0,0,0,0,0,0,0,0,713.3333331916583,1,1,0,0,0,0,0,0,0,0,0,0,0.04999999989498131,0.04523809520868428,0,0.04999999989498131,0.04523809520868428,0,0,0,0,0,0,0.04999999989498131,0.04523809520868428,0,0,0,0,0,0,0,0,0,0,0,0,0,0,0
800.1,0.04999999989498131,0.04523809520868428,0,0,0,86.76666680834171,0,0,0,0,800.1,0,0,0,0,0,0,0,0,713.3333331916583,1,1,0,0,0,0,0,0,0,0,0,0,0.04999999989498131,0.04523809520868428,0,0.04999999989498131,0.04523809520868428,0,0,0,0,0,0,0.04999999989498131,0.04523809520868428,0,0,0,0,0,0,0,0,0,0,0,0,0,0,0
801,0.04999999989498131,0.04523809520868428,0,0,0,87.66666680834169,0,0,0,0,801,0,0,0,0,0,0,0,0,713.3333331916583,1,1,0,0,0,0,0,0,0,0,0,0,0.04999999989498131,0.04523809520868428,0,0.04999999989498131,0.04523809520868428,0,0,0,0,0,0,0.04999999989498131,0.04523809520868428,0,0,0,0,0,0,0,0,0,0,0,0,0,0,0
801.9,0.04999999989498131,0.04523809520868428,0,0,0,88.56666680834167,0,0,0,0,801.9,0,0,0,0,0,0,0,0,713.3333331916583,1,1,0,0,0,0,0,0,0,0,0,0,0.04999999989498131,0.04523809520868428,0,0.04999999989498131,0.04523809520868428,0,0,0,0,0,0,0.04999999989498131,0.04523809520868428,0,0,0,0,0,0,0,0,0,0,0,0,0,0,0
802.8,0.04999999989498131,0.04523809520868428,0,0,0,89.46666680834164,0,0,0,0,802.8,0,0,0,0,0,0,0,0,713.3333331916583,1,1,0,0,0,0,0,0,0,0,0,0,0.04999999989498131,0.04523809520868428,0,0.04999999989498131,0.04523809520868428,0,0,0,0,0,0,0.04999999989498131,0.04523809520868428,0,0,0,0,0,0,0,0,0,0,0,0,0,0,0
803.7,0.04999999989498131,0.04523809520868428,0,0,0,90.36666680834173,0,0,0,0,803.7,0,0,0,0,0,0,0,0,713.3333331916583,1,1,0,0,0,0,0,0,0,0,0,0,0.04999999989498131,0.04523809520868428,0,0.04999999989498131,0.04523809520868428,0,0,0,0,0,0,0.04999999989498131,0.04523809520868428,0,0,0,0,0,0,0,0,0,0,0,0,0,0,0
804.6,0.04999999989498131,0.04523809520868428,0,0,0,91.26666680834171,0,0,0,0,804.6,0,0,0,0,0,0,0,0,713.3333331916583,1,1,0,0,0,0,0,0,0,0,0,0,0.04999999989498131,0.04523809520868428,0,0.04999999989498131,0.04523809520868428,0,0,0,0,0,0,0.04999999989498131,0.04523809520868428,0,0,0,0,0,0,0,0,0,0,0,0,0,0,0
805.5,0.04999999989498131,0.04523809520868428,0,0,0,92.16666680834169,0,0,0,0,805.5,0,0,0,0,0,0,0,0,713.3333331916583,1,1,0,0,0,0,0,0,0,0,0,0,0.04999999989498131,0.04523809520868428,0,0.04999999989498131,0.04523809520868428,0,0,0,0,0,0,0.04999999989498131,0.04523809520868428,0,0,0,0,0,0,0,0,0,0,0,0,0,0,0
806.4,0.04999999989498131,0.04523809520868428,0,0,0,93.06666680834167,0,0,0,0,806.4,0,0,0,0,0,0,0,0,713.3333331916583,1,1,0,0,0,0,0,0,0,0,0,0,0.04999999989498131,0.04523809520868428,0,0.04999999989498131,0.04523809520868428,0,0,0,0,0,0,0.04999999989498131,0.04523809520868428,0,0,0,0,0,0,0,0,0,0,0,0,0,0,0
807.3,0.04999999989498131,0.04523809520868428,0,0,0,93.96666680834164,0,0,0,0,807.3,0,0,0,0,0,0,0,0,713.3333331916583,1,1,0,0,0,0,0,0,0,0,0,0,0.04999999989498131,0.04523809520868428,0,0.04999999989498131,0.04523809520868428,0,0,0,0,0,0,0.04999999989498131,0.04523809520868428,0,0,0,0,0,0,0,0,0,0,0,0,0,0,0
808.2,0.04999999989498131,0.04523809520868428,0,0,0,94.86666680834173,0,0,0,0,808.2,0,0,0,0,0,0,0,0,713.3333331916583,1,1,0,0,0,0,0,0,0,0,0,0,0.04999999989498131,0.04523809520868428,0,0.04999999989498131,0.04523809520868428,0,0,0,0,0,0,0.04999999989498131,0.04523809520868428,0,0,0,0,0,0,0,0,0,0,0,0,0,0,0
809.1,0.04999999989498131,0.04523809520868428,0,0,0,95.76666680834171,0,0,0,0,809.1,0,0,0,0,0,0,0,0,713.3333331916583,1,1,0,0,0,0,0,0,0,0,0,0,0.04999999989498131,0.04523809520868428,0,0.04999999989498131,0.04523809520868428,0,0,0,0,0,0,0.04999999989498131,0.04523809520868428,0,0,0,0,0,0,0,0,0,0,0,0,0,0,0
810,0.04999999989498131,0.04523809520868428,0,0,0,96.66666680834169,0,0,0,0,810,0,0,0,0,0,0,0,0,713.3333331916583,1,1,0,0,0,0,0,0,0,0,0,0,0.04999999989498131,0.04523809520868428,0,0.04999999989498131,0.04523809520868428,0,0,0,0,0,0,0.04999999989498131,0.04523809520868428,0,0,0,0,0,0,0,0,0,0,0,0,0,0,0
810.9,0.04999999989498131,0.04523809520868428,0,0,0,97.56666680834167,0,0,0,0,810.9,0,0,0,0,0,0,0,0,713.3333331916583,1,1,0,0,0,0,0,0,0,0,0,0,0.04999999989498131,0.04523809520868428,0,0.04999999989498131,0.04523809520868428,0,0,0,0,0,0,0.04999999989498131,0.04523809520868428,0,0,0,0,0,0,0,0,0,0,0,0,0,0,0
811.8,0.04999999989498131,0.04523809520868428,0,0,0,98.46666680834164,0,0,0,0,811.8,0,0,0,0,0,0,0,0,713.3333331916583,1,1,0,0,0,0,0,0,0,0,0,0,0.04999999989498131,0.04523809520868428,0,0.04999999989498131,0.04523809520868428,0,0,0,0,0,0,0.04999999989498131,0.04523809520868428,0,0,0,0,0,0,0,0,0,0,0,0,0,0,0
812.7,0.04999999989498131,0.04523809520868428,0,0,0,99.36666680834173,0,0,0,0,812.7,0,0,0,0,0,0,0,0,713.3333331916583,1,1,0,0,0,0,0,0,0,0,0,0,0.04999999989498131,0.04523809520868428,0,0.04999999989498131,0.04523809520868428,0,0,0,0,0,0,0.04999999989498131,0.04523809520868428,0,0,0,0,0,0,0,0,0,0,0,0,0,0,0
813.6,0.04999999989498131,0.04523809520868428,0,0,0,100.2666668083417,0,0,0,0,813.6,0,0,0,0,0,0,0,0,713.3333331916583,1,1,0,0,0,0,0,0,0,0,0,0,0.04999999989498131,0.04523809520868428,0,0.04999999989498131,0.04523809520868428,0,0,0,0,0,0,0.04999999989498131,0.04523809520868428,0,0,0,0,0,0,0,0,0,0,0,0,0,0,0
814.5,0.04999999989498131,0.04523809520868428,0,0,0,101.1666668083417,0,0,0,0,814.5,0,0,0,0,0,0,0,0,713.3333331916583,1,1,0,0,0,0,0,0,0,0,0,0,0.04999999989498131,0.04523809520868428,0,0.04999999989498131,0.04523809520868428,0,0,0,0,0,0,0.04999999989498131,0.04523809520868428,0,0,0,0,0,0,0,0,0,0,0,0,0,0,0
815.4,0.04999999989498131,0.04523809520868428,0,0,0,102.0666668083417,0,0,0,0,815.4,0,0,0,0,0,0,0,0,713.3333331916583,1,1,0,0,0,0,0,0,0,0,0,0,0.04999999989498131,0.04523809520868428,0,0.04999999989498131,0.04523809520868428,0,0,0,0,0,0,0.04999999989498131,0.04523809520868428,0,0,0,0,0,0,0,0,0,0,0,0,0,0,0
816.3,0.04999999989498131,0.04523809520868428,0,0,0,102.9666668083416,0,0,0,0,816.3,0,0,0,0,0,0,0,0,713.3333331916583,1,1,0,0,0,0,0,0,0,0,0,0,0.04999999989498131,0.04523809520868428,0,0.04999999989498131,0.04523809520868428,0,0,0,0,0,0,0.04999999989498131,0.04523809520868428,0,0,0,0,0,0,0,0,0,0,0,0,0,0,0
817.2,0.04999999989498131,0.04523809520868428,0,0,0,103.8666668083417,0,0,0,0,817.2,0,0,0,0,0,0,0,0,713.3333331916583,1,1,0,0,0,0,0,0,0,0,0,0,0.04999999989498131,0.04523809520868428,0,0.04999999989498131,0.04523809520868428,0,0,0,0,0,0,0.04999999989498131,0.04523809520868428,0,0,0,0,0,0,0,0,0,0,0,0,0,0,0
818.1,0.04999999989498131,0.04523809520868428,0,0,0,104.7666668083417,0,0,0,0,818.1,0,0,0,0,0,0,0,0,713.3333331916583,1,1,0,0,0,0,0,0,0,0,0,0,0.04999999989498131,0.04523809520868428,0,0.04999999989498131,0.04523809520868428,0,0,0,0,0,0,0.04999999989498131,0.04523809520868428,0,0,0,0,0,0,0,0,0,0,0,0,0,0,0
819,0.04999999989498131,0.04523809520868428,0,0,0,105.6666668083417,0,0,0,0,819,0,0,0,0,0,0,0,0,713.3333331916583,1,1,0,0,0,0,0,0,0,0,0,0,0.04999999989498131,0.04523809520868428,0,0.04999999989498131,0.04523809520868428,0,0,0,0,0,0,0.04999999989498131,0.04523809520868428,0,0,0,0,0,0,0,0,0,0,0,0,0,0,0
819.9,0.04999999989498131,0.04523809520868428,0,0,0,106.5666668083417,0,0,0,0,819.9,0,0,0,0,0,0,0,0,713.3333331916583,1,1,0,0,0,0,0,0,0,0,0,0,0.04999999989498131,0.04523809520868428,0,0.04999999989498131,0.04523809520868428,0,0,0,0,0,0,0.04999999989498131,0.04523809520868428,0,0,0,0,0,0,0,0,0,0,0,0,0,0,0
820.8,0.04999999989498131,0.04523809520868428,0,0,0,107.4666668083416,0,0,0,0,820.8,0,0,0,0,0,0,0,0,713.3333331916583,1,1,0,0,0,0,0,0,0,0,0,0,0.04999999989498131,0.04523809520868428,0,0.04999999989498131,0.04523809520868428,0,0,0,0,0,0,0.04999999989498131,0.04523809520868428,0,0,0,0,0,0,0,0,0,0,0,0,0,0,0
821.7,0.04999999989498131,0.04523809520868428,0,0,0,108.3666668083417,0,0,0,0,821.7,0,0,0,0,0,0,0,0,713.3333331916583,1,1,0,0,0,0,0,0,0,0,0,0,0.04999999989498131,0.04523809520868428,0,0.04999999989498131,0.04523809520868428,0,0,0,0,0,0,0.04999999989498131,0.04523809520868428,0,0,0,0,0,0,0,0,0,0,0,0,0,0,0
822.6,0.04999999989498131,0.04523809520868428,0,0,0,109.2666668083417,0,0,0,0,822.6,0,0,0,0,0,0,0,0,713.3333331916583,1,1,0,0,0,0,0,0,0,0,0,0,0.04999999989498131,0.04523809520868428,0,0.04999999989498131,0.04523809520868428,0,0,0,0,0,0,0.04999999989498131,0.04523809520868428,0,0,0,0,0,0,0,0,0,0,0,0,0,0,0
823.5,0.04999999989498131,0.04523809520868428,0,0,0,110.1666668083417,0,0,0,0,823.5,0,0,0,0,0,0,0,0,713.3333331916583,1,1,0,0,0,0,0,0,0,0,0,0,0.04999999989498131,0.04523809520868428,0,0.04999999989498131,0.04523809520868428,0,0,0,0,0,0,0.04999999989498131,0.04523809520868428,0,0,0,0,0,0,0,0,0,0,0,0,0,0,0
824.4,0.04999999989498131,0.04523809520868428,0,0,0,111.0666668083417,0,0,0,0,824.4,0,0,0,0,0,0,0,0,713.3333331916583,1,1,0,0,0,0,0,0,0,0,0,0,0.04999999989498131,0.04523809520868428,0,0.04999999989498131,0.04523809520868428,0,0,0,0,0,0,0.04999999989498131,0.04523809520868428,0,0,0,0,0,0,0,0,0,0,0,0,0,0,0
825.3,0.04999999989498131,0.04523809520868428,0,0,0,111.9666668083416,0,0,0,0,825.3,0,0,0,0,0,0,0,0,713.3333331916583,1,1,0,0,0,0,0,0,0,0,0,0,0.04999999989498131,0.04523809520868428,0,0.04999999989498131,0.04523809520868428,0,0,0,0,0,0,0.04999999989498131,0.04523809520868428,0,0,0,0,0,0,0,0,0,0,0,0,0,0,0
826.2,0.04999999989498131,0.04523809520868428,0,0,0,112.8666668083417,0,0,0,0,826.2,0,0,0,0,0,0,0,0,713.3333331916583,1,1,0,0,0,0,0,0,0,0,0,0,0.04999999989498131,0.04523809520868428,0,0.04999999989498131,0.04523809520868428,0,0,0,0,0,0,0.04999999989498131,0.04523809520868428,0,0,0,0,0,0,0,0,0,0,0,0,0,0,0
827.1,0.04999999989498131,0.04523809520868428,0,0,0,113.7666668083417,0,0,0,0,827.1,0,0,0,0,0,0,0,0,713.3333331916583,1,1,0,0,0,0,0,0,0,0,0,0,0.04999999989498131,0.04523809520868428,0,0.04999999989498131,0.04523809520868428,0,0,0,0,0,0,0.04999999989498131,0.04523809520868428,0,0,0,0,0,0,0,0,0,0,0,0,0,0,0
828,0.04999999989498131,0.04523809520868428,0,0,0,114.6666668083417,0,0,0,0,828,0,0,0,0,0,0,0,0,713.3333331916583,1,1,0,0,0,0,0,0,0,0,0,0,0.04999999989498131,0.04523809520868428,0,0.04999999989498131,0.04523809520868428,0,0,0,0,0,0,0.04999999989498131,0.04523809520868428,0,0,0,0,0,0,0,0,0,0,0,0,0,0,0
828.9,0.04999999989498131,0.04523809520868428,0,0,0,115.5666668083417,0,0,0,0,828.9,0,0,0,0,0,0,0,0,713.3333331916583,1,1,0,0,0,0,0,0,0,0,0,0,0.04999999989498131,0.04523809520868428,0,0.04999999989498131,0.04523809520868428,0,0,0,0,0,0,0.04999999989498131,0.04523809520868428,0,0,0,0,0,0,0,0,0,0,0,0,0,0,0
829.8,0.04999999989498131,0.04523809520868428,0,0,0,116.4666668083416,0,0,0,0,829.8,0,0,0,0,0,0,0,0,713.3333331916583,1,1,0,0,0,0,0,0,0,0,0,0,0.04999999989498131,0.04523809520868428,0,0.04999999989498131,0.04523809520868428,0,0,0,0,0,0,0.04999999989498131,0.04523809520868428,0,0,0,0,0,0,0,0,0,0,0,0,0,0,0
830.7,0.04999999989498131,0.04523809520868428,0,0,0,117.3666668083417,0,0,0,0,830.7,0,0,0,0,0,0,0,0,713.3333331916583,1,1,0,0,0,0,0,0,0,0,0,0,0.04999999989498131,0.04523809520868428,0,0.04999999989498131,0.04523809520868428,0,0,0,0,0,0,0.04999999989498131,0.04523809520868428,0,0,0,0,0,0,0,0,0,0,0,0,0,0,0
831.6,0.04999999989498131,0.04523809520868428,0,0,0,118.2666668083417,0,0,0,0,831.6,0,0,0,0,0,0,0,0,713.3333331916583,1,1,0,0,0,0,0,0,0,0,0,0,0.04999999989498131,0.04523809520868428,0,0.04999999989498131,0.04523809520868428,0,0,0,0,0,0,0.04999999989498131,0.04523809520868428,0,0,0,0,0,0,0,0,0,0,0,0,0,0,0
832.5,0.04999999989498131,0.04523809520868428,0,0,0,119.1666668083417,0,0,0,0,832.5,0,0,0,0,0,0,0,0,713.3333331916583,1,1,0,0,0,0,0,0,0,0,0,0,0.04999999989498131,0.04523809520868428,0,0.04999999989498131,0.04523809520868428,0,0,0,0,0,0,0.04999999989498131,0.04523809520868428,0,0,0,0,0,0,0,0,0,0,0,0,0,0,0
833.4,0.04999999989498131,0.04523809520868428,0,0,0,120.0666668083417,0,0,0,0,833.4,0,0,0,0,0,0,0,0,713.3333331916583,1,1,0,0,0,0,0,0,0,0,0,0,0.04999999989498131,0.04523809520868428,0,0.04999999989498131,0.04523809520868428,0,0,0,0,0,0,0.04999999989498131,0.04523809520868428,0,0,0,0,0,0,0,0,0,0,0,0,0,0,0
834.3,0.04999999989498131,0.04523809520868428,0,0,0,120.9666668083416,0,0,0,0,834.3,0,0,0,0,0,0,0,0,713.3333331916583,1,1,0,0,0,0,0,0,0,0,0,0,0.04999999989498131,0.04523809520868428,0,0.04999999989498131,0.04523809520868428,0,0,0,0,0,0,0.04999999989498131,0.04523809520868428,0,0,0,0,0,0,0,0,0,0,0,0,0,0,0
835.2,0.04999999989498131,0.04523809520868428,0,0,0,121.8666668083417,0,0,0,0,835.2,0,0,0,0,0,0,0,0,713.3333331916583,1,1,0,0,0,0,0,0,0,0,0,0,0.04999999989498131,0.04523809520868428,0,0.04999999989498131,0.04523809520868428,0,0,0,0,0,0,0.04999999989498131,0.04523809520868428,0,0,0,0,0,0,0,0,0,0,0,0,0,0,0
836.1,0.04999999989498131,0.04523809520868428,0,0,0,122.7666668083417,0,0,0,0,836.1,0,0,0,0,0,0,0,0,713.3333331916583,1,1,0,0,0,0,0,0,0,0,0,0,0.04999999989498131,0.04523809520868428,0,0.04999999989498131,0.04523809520868428,0,0,0,0,0,0,0.04999999989498131,0.04523809520868428,0,0,0,0,0,0,0,0,0,0,0,0,0,0,0
837,0.04999999989498131,0.04523809520868428,0,0,0,123.6666668083417,0,0,0,0,837,0,0,0,0,0,0,0,0,713.3333331916583,1,1,0,0,0,0,0,0,0,0,0,0,0.04999999989498131,0.04523809520868428,0,0.04999999989498131,0.04523809520868428,0,0,0,0,0,0,0.04999999989498131,0.04523809520868428,0,0,0,0,0,0,0,0,0,0,0,0,0,0,0
837.9,0.04999999989498131,0.04523809520868428,0,0,0,124.5666668083417,0,0,0,0,837.9,0,0,0,0,0,0,0,0,713.3333331916583,1,1,0,0,0,0,0,0,0,0,0,0,0.04999999989498131,0.04523809520868428,0,0.04999999989498131,0.04523809520868428,0,0,0,0,0,0,0.04999999989498131,0.04523809520868428,0,0,0,0,0,0,0,0,0,0,0,0,0,0,0
838.8,0.04999999989498131,0.04523809520868428,0,0,0,125.4666668083416,0,0,0,0,838.8,0,0,0,0,0,0,0,0,713.3333331916583,1,1,0,0,0,0,0,0,0,0,0,0,0.04999999989498131,0.04523809520868428,0,0.04999999989498131,0.04523809520868428,0,0,0,0,0,0,0.04999999989498131,0.04523809520868428,0,0,0,0,0,0,0,0,0,0,0,0,0,0,0
839.7,0.04999999989498131,0.04523809520868428,0,0,0,126.3666668083417,0,0,0,0,839.7,0,0,0,0,0,0,0,0,713.3333331916583,1,1,0,0,0,0,0,0,0,0,0,0,0.04999999989498131,0.04523809520868428,0,0.04999999989498131,0.04523809520868428,0,0,0,0,0,0,0.04999999989498131,0.04523809520868428,0,0,0,0,0,0,0,0,0,0,0,0,0,0,0
840.6,0.04999999989498131,0.04523809520868428,0,0,0,127.2666668083417,0,0,0,0,840.6,0,0,0,0,0,0,0,0,713.3333331916583,1,1,0,0,0,0,0,0,0,0,0,0,0.04999999989498131,0.04523809520868428,0,0.04999999989498131,0.04523809520868428,0,0,0,0,0,0,0.04999999989498131,0.04523809520868428,0,0,0,0,0,0,0,0,0,0,0,0,0,0,0
841.5,0.04999999989498131,0.04523809520868428,0,0,0,128.1666668083417,0,0,0,0,841.5,0,0,0,0,0,0,0,0,713.3333331916583,1,1,0,0,0,0,0,0,0,0,0,0,0.04999999989498131,0.04523809520868428,0,0.04999999989498131,0.04523809520868428,0,0,0,0,0,0,0.04999999989498131,0.04523809520868428,0,0,0,0,0,0,0,0,0,0,0,0,0,0,0
842.4,0.04999999989498131,0.04523809520868428,0,0,0,129.0666668083417,0,0,0,0,842.4,0,0,0,0,0,0,0,0,713.3333331916583,1,1,0,0,0,0,0,0,0,0,0,0,0.04999999989498131,0.04523809520868428,0,0.04999999989498131,0.04523809520868428,0,0,0,0,0,0,0.04999999989498131,0.04523809520868428,0,0,0,0,0,0,0,0,0,0,0,0,0,0,0
843.3,0.04999999989498131,0.04523809520868428,0,0,0,129.9666668083416,0,0,0,0,843.3,0,0,0,0,0,0,0,0,713.3333331916583,1,1,0,0,0,0,0,0,0,0,0,0,0.04999999989498131,0.04523809520868428,0,0.04999999989498131,0.04523809520868428,0,0,0,0,0,0,0.04999999989498131,0.04523809520868428,0,0,0,0,0,0,0,0,0,0,0,0,0,0,0
844.2,0.04999999989498131,0.04523809520868428,0,0,0,130.8666668083417,0,0,0,0,844.2,0,0,0,0,0,0,0,0,713.3333331916583,1,1,0,0,0,0,0,0,0,0,0,0,0.04999999989498131,0.04523809520868428,0,0.04999999989498131,0.04523809520868428,0,0,0,0,0,0,0.04999999989498131,0.04523809520868428,0,0,0,0,0,0,0,0,0,0,0,0,0,0,0
845.1,0.04999999989498131,0.04523809520868428,0,0,0,131.7666668083417,0,0,0,0,845.1,0,0,0,0,0,0,0,0,713.3333331916583,1,1,0,0,0,0,0,0,0,0,0,0,0.04999999989498131,0.04523809520868428,0,0.04999999989498131,0.04523809520868428,0,0,0,0,0,0,0.04999999989498131,0.04523809520868428,0,0,0,0,0,0,0,0,0,0,0,0,0,0,0
846,0.04999999989498131,0.04523809520868428,0,0,0,132.6666668083417,0,0,0,0,846,0,0,0,0,0,0,0,0,713.3333331916583,1,1,0,0,0,0,0,0,0,0,0,0,0.04999999989498131,0.04523809520868428,0,0.04999999989498131,0.04523809520868428,0,0,0,0,0,0,0.04999999989498131,0.04523809520868428,0,0,0,0,0,0,0,0,0,0,0,0,0,0,0
846.9,0.04999999989498131,0.04523809520868428,0,0,0,133.5666668083417,0,0,0,0,846.9,0,0,0,0,0,0,0,0,713.3333331916583,1,1,0,0,0,0,0,0,0,0,0,0,0.04999999989498131,0.04523809520868428,0,0.04999999989498131,0.04523809520868428,0,0,0,0,0,0,0.04999999989498131,0.04523809520868428,0,0,0,0,0,0,0,0,0,0,0,0,0,0,0
847.8,0.04999999989498131,0.04523809520868428,0,0,0,134.4666668083416,0,0,0,0,847.8,0,0,0,0,0,0,0,0,713.3333331916583,1,1,0,0,0,0,0,0,0,0,0,0,0.04999999989498131,0.04523809520868428,0,0.04999999989498131,0.04523809520868428,0,0,0,0,0,0,0.04999999989498131,0.04523809520868428,0,0,0,0,0,0,0,0,0,0,0,0,0,0,0
848.7,0.04999999989498131,0.04523809520868428,0,0,0,135.3666668083417,0,0,0,0,848.7,0,0,0,0,0,0,0,0,713.3333331916583,1,1,0,0,0,0,0,0,0,0,0,0,0.04999999989498131,0.04523809520868428,0,0.04999999989498131,0.04523809520868428,0,0,0,0,0,0,0.04999999989498131,0.04523809520868428,0,0,0,0,0,0,0,0,0,0,0,0,0,0,0
849.6,0.04999999989498131,0.04523809520868428,0,0,0,136.2666668083417,0,0,0,0,849.6,0,0,0,0,0,0,0,0,713.3333331916583,1,1,0,0,0,0,0,0,0,0,0,0,0.04999999989498131,0.04523809520868428,0,0.04999999989498131,0.04523809520868428,0,0,0,0,0,0,0.04999999989498131,0.04523809520868428,0,0,0,0,0,0,0,0,0,0,0,0,0,0,0
850.5,0.04999999989498131,0.04523809520868428,0,0,0,137.1666668083417,0,0,0,0,850.5,0,0,0,0,0,0,0,0,713.3333331916583,1,1,0,0,0,0,0,0,0,0,0,0,0.04999999989498131,0.04523809520868428,0,0.04999999989498131,0.04523809520868428,0,0,0,0,0,0,0.04999999989498131,0.04523809520868428,0,0,0,0,0,0,0,0,0,0,0,0,0,0,0
851.4,0.04999999989498131,0.04523809520868428,0,0,0,138.0666668083417,0,0,0,0,851.4,0,0,0,0,0,0,0,0,713.3333331916583,1,1,0,0,0,0,0,0,0,0,0,0,0.04999999989498131,0.04523809520868428,0,0.04999999989498131,0.04523809520868428,0,0,0,0,0,0,0.04999999989498131,0.04523809520868428,0,0,0,0,0,0,0,0,0,0,0,0,0,0,0
852.3,0.04999999989498131,0.04523809520868428,0,0,0,138.9666668083416,0,0,0,0,852.3,0,0,0,0,0,0,0,0,713.3333331916583,1,1,0,0,0,0,0,0,0,0,0,0,0.04999999989498131,0.04523809520868428,0,0.04999999989498131,0.04523809520868428,0,0,0,0,0,0,0.04999999989498131,0.04523809520868428,0,0,0,0,0,0,0,0,0,0,0,0,0,0,0
853.2,0.04999999989498131,0.04523809520868428,0,0,0,139.8666668083417,0,0,0,0,853.2,0,0,0,0,0,0,0,0,713.3333331916583,1,1,0,0,0,0,0,0,0,0,0,0,0.04999999989498131,0.04523809520868428,0,0.04999999989498131,0.04523809520868428,0,0,0,0,0,0,0.04999999989498131,0.04523809520868428,0,0,0,0,0,0,0,0,0,0,0,0,0,0,0
854.1,0.04999999989498131,0.04523809520868428,0,0,0,140.7666668083417,0,0,0,0,854.1,0,0,0,0,0,0,0,0,713.3333331916583,1,1,0,0,0,0,0,0,0,0,0,0,0.04999999989498131,0.04523809520868428,0,0.04999999989498131,0.04523809520868428,0,0,0,0,0,0,0.04999999989498131,0.04523809520868428,0,0,0,0,0,0,0,0,0,0,0,0,0,0,0
855,0.04999999989498131,0.04523809520868428,0,0,0,141.6666668083417,0,0,0,0,855,0,0,0,0,0,0,0,0,713.3333331916583,1,1,0,0,0,0,0,0,0,0,0,0,0.04999999989498131,0.04523809520868428,0,0.04999999989498131,0.04523809520868428,0,0,0,0,0,0,0.04999999989498131,0.04523809520868428,0,0,0,0,0,0,0,0,0,0,0,0,0,0,0
855.9,0.04999999989498131,0.04523809520868428,0,0,0,142.5666668083417,0,0,0,0,855.9,0,0,0,0,0,0,0,0,713.3333331916583,1,1,0,0,0,0,0,0,0,0,0,0,0.04999999989498131,0.04523809520868428,0,0.04999999989498131,0.04523809520868428,0,0,0,0,0,0,0.04999999989498131,0.04523809520868428,0,0,0,0,0,0,0,0,0,0,0,0,0,0,0
856.8,0.04999999989498131,0.04523809520868428,0,0,0,143.4666668083416,0,0,0,0,856.8,0,0,0,0,0,0,0,0,713.3333331916583,1,1,0,0,0,0,0,0,0,0,0,0,0.04999999989498131,0.04523809520868428,0,0.04999999989498131,0.04523809520868428,0,0,0,0,0,0,0.04999999989498131,0.04523809520868428,0,0,0,0,0,0,0,0,0,0,0,0,0,0,0
857.7,0.04999999989498131,0.04523809520868428,0,0,0,144.3666668083417,0,0,0,0,857.7,0,0,0,0,0,0,0,0,713.3333331916583,1,1,0,0,0,0,0,0,0,0,0,0,0.04999999989498131,0.04523809520868428,0,0.04999999989498131,0.04523809520868428,0,0,0,0,0,0,0.04999999989498131,0.04523809520868428,0,0,0,0,0,0,0,0,0,0,0,0,0,0,0
858.6,0.04999999989498131,0.04523809520868428,0,0,0,145.2666668083417,0,0,0,0,858.6,0,0,0,0,0,0,0,0,713.3333331916583,1,1,0,0,0,0,0,0,0,0,0,0,0.04999999989498131,0.04523809520868428,0,0.04999999989498131,0.04523809520868428,0,0,0,0,0,0,0.04999999989498131,0.04523809520868428,0,0,0,0,0,0,0,0,0,0,0,0,0,0,0
859.5,0.04999999989498131,0.04523809520868428,0,0,0,146.1666668083417,0,0,0,0,859.5,0,0,0,0,0,0,0,0,713.3333331916583,1,1,0,0,0,0,0,0,0,0,0,0,0.04999999989498131,0.04523809520868428,0,0.04999999989498131,0.04523809520868428,0,0,0,0,0,0,0.04999999989498131,0.04523809520868428,0,0,0,0,0,0,0,0,0,0,0,0,0,0,0
860.4,0.04999999989498131,0.04523809520868428,0,0,0,147.0666668083417,0,0,0,0,860.4,0,0,0,0,0,0,0,0,713.3333331916583,1,1,0,0,0,0,0,0,0,0,0,0,0.04999999989498131,0.04523809520868428,0,0.04999999989498131,0.04523809520868428,0,0,0,0,0,0,0.04999999989498131,0.04523809520868428,0,0,0,0,0,0,0,0,0,0,0,0,0,0,0
861.3,0.04999999989498131,0.04523809520868428,0,0,0,147.9666668083416,0,0,0,0,861.3,0,0,0,0,0,0,0,0,713.3333331916583,1,1,0,0,0,0,0,0,0,0,0,0,0.04999999989498131,0.04523809520868428,0,0.04999999989498131,0.04523809520868428,0,0,0,0,0,0,0.04999999989498131,0.04523809520868428,0,0,0,0,0,0,0,0,0,0,0,0,0,0,0
862.2,0.04999999989498131,0.04523809520868428,0,0,0,148.8666668083417,0,0,0,0,862.2,0,0,0,0,0,0,0,0,713.3333331916583,1,1,0,0,0,0,0,0,0,0,0,0,0.04999999989498131,0.04523809520868428,0,0.04999999989498131,0.04523809520868428,0,0,0,0,0,0,0.04999999989498131,0.04523809520868428,0,0,0,0,0,0,0,0,0,0,0,0,0,0,0
863.1,0.04999999989498131,0.04523809520868428,0,0,0,149.7666668083417,0,0,0,0,863.1,0,0,0,0,0,0,0,0,713.3333331916583,1,1,0,0,0,0,0,0,0,0,0,0,0.04999999989498131,0.04523809520868428,0,0.04999999989498131,0.04523809520868428,0,0,0,0,0,0,0.04999999989498131,0.04523809520868428,0,0,0,0,0,0,0,0,0,0,0,0,0,0,0
864,0.04999999989498131,0.04523809520868428,0,0,0,150.6666668083417,0,0,0,0,864,0,0,0,0,0,0,0,0,713.3333331916583,1,1,0,0,0,0,0,0,0,0,0,0,0.04999999989498131,0.04523809520868428,0,0.04999999989498131,0.04523809520868428,0,0,0,0,0,0,0.04999999989498131,0.04523809520868428,0,0,0,0,0,0,0,0,0,0,0,0,0,0,0
864.9,0.04999999989498131,0.04523809520868428,0,0,0,151.5666668083417,0,0,0,0,864.9,0,0,0,0,0,0,0,0,713.3333331916583,1,1,0,0,0,0,0,0,0,0,0,0,0.04999999989498131,0.04523809520868428,0,0.04999999989498131,0.04523809520868428,0,0,0,0,0,0,0.04999999989498131,0.04523809520868428,0,0,0,0,0,0,0,0,0,0,0,0,0,0,0
865.8,0.04999999989498131,0.04523809520868428,0,0,0,152.4666668083416,0,0,0,0,865.8,0,0,0,0,0,0,0,0,713.3333331916583,1,1,0,0,0,0,0,0,0,0,0,0,0.04999999989498131,0.04523809520868428,0,0.04999999989498131,0.04523809520868428,0,0,0,0,0,0,0.04999999989498131,0.04523809520868428,0,0,0,0,0,0,0,0,0,0,0,0,0,0,0
866.7,0.04999999989498131,0.04523809520868428,0,0,0,153.3666668083417,0,0,0,0,866.7,0,0,0,0,0,0,0,0,713.3333331916583,1,1,0,0,0,0,0,0,0,0,0,0,0.04999999989498131,0.04523809520868428,0,0.04999999989498131,0.04523809520868428,0,0,0,0,0,0,0.04999999989498131,0.04523809520868428,0,0,0,0,0,0,0,0,0,0,0,0,0,0,0
867.6,0.04999999989498131,0.04523809520868428,0,0,0,154.2666668083417,0,0,0,0,867.6,0,0,0,0,0,0,0,0,713.3333331916583,1,1,0,0,0,0,0,0,0,0,0,0,0.04999999989498131,0.04523809520868428,0,0.04999999989498131,0.04523809520868428,0,0,0,0,0,0,0.04999999989498131,0.04523809520868428,0,0,0,0,0,0,0,0,0,0,0,0,0,0,0
868.5,0.04999999989498131,0.04523809520868428,0,0,0,155.1666668083417,0,0,0,0,868.5,0,0,0,0,0,0,0,0,713.3333331916583,1,1,0,0,0,0,0,0,0,0,0,0,0.04999999989498131,0.04523809520868428,0,0.04999999989498131,0.04523809520868428,0,0,0,0,0,0,0.04999999989498131,0.04523809520868428,0,0,0,0,0,0,0,0,0,0,0,0,0,0,0
869.4,0.04999999989498131,0.04523809520868428,0,0,0,156.0666668083417,0,0,0,0,869.4,0,0,0,0,0,0,0,0,713.3333331916583,1,1,0,0,0,0,0,0,0,0,0,0,0.04999999989498131,0.04523809520868428,0,0.04999999989498131,0.04523809520868428,0,0,0,0,0,0,0.04999999989498131,0.04523809520868428,0,0,0,0,0,0,0,0,0,0,0,0,0,0,0
870.3,0.04999999989498131,0.04523809520868428,0,0,0,156.9666668083416,0,0,0,0,870.3,0,0,0,0,0,0,0,0,713.3333331916583,1,1,0,0,0,0,0,0,0,0,0,0,0.04999999989498131,0.04523809520868428,0,0.04999999989498131,0.04523809520868428,0,0,0,0,0,0,0.04999999989498131,0.04523809520868428,0,0,0,0,0,0,0,0,0,0,0,0,0,0,0
871.2,0.04999999989498131,0.04523809520868428,0,0,0,157.8666668083417,0,0,0,0,871.2,0,0,0,0,0,0,0,0,713.3333331916583,1,1,0,0,0,0,0,0,0,0,0,0,0.04999999989498131,0.04523809520868428,0,0.04999999989498131,0.04523809520868428,0,0,0,0,0,0,0.04999999989498131,0.04523809520868428,0,0,0,0,0,0,0,0,0,0,0,0,0,0,0
872.1,0.04999999989498131,0.04523809520868428,0,0,0,158.7666668083417,0,0,0,0,872.1,0,0,0,0,0,0,0,0,713.3333331916583,1,1,0,0,0,0,0,0,0,0,0,0,0.04999999989498131,0.04523809520868428,0,0.04999999989498131,0.04523809520868428,0,0,0,0,0,0,0.04999999989498131,0.04523809520868428,0,0,0,0,0,0,0,0,0,0,0,0,0,0,0
873,0.04999999989498131,0.04523809520868428,0,0,0,159.6666668083417,0,0,0,0,873,0,0,0,0,0,0,0,0,713.3333331916583,1,1,0,0,0,0,0,0,0,0,0,0,0.04999999989498131,0.04523809520868428,0,0.04999999989498131,0.04523809520868428,0,0,0,0,0,0,0.04999999989498131,0.04523809520868428,0,0,0,0,0,0,0,0,0,0,0,0,0,0,0
873.9,0.04999999989498131,0.04523809520868428,0,0,0,160.5666668083417,0,0,0,0,873.9,0,0,0,0,0,0,0,0,713.3333331916583,1,1,0,0,0,0,0,0,0,0,0,0,0.04999999989498131,0.04523809520868428,0,0.04999999989498131,0.04523809520868428,0,0,0,0,0,0,0.04999999989498131,0.04523809520868428,0,0,0,0,0,0,0,0,0,0,0,0,0,0,0
874.8,0.04999999989498131,0.04523809520868428,0,0,0,161.4666668083416,0,0,0,0,874.8,0,0,0,0,0,0,0,0,713.3333331916583,1,1,0,0,0,0,0,0,0,0,0,0,0.04999999989498131,0.04523809520868428,0,0.04999999989498131,0.04523809520868428,0,0,0,0,0,0,0.04999999989498131,0.04523809520868428,0,0,0,0,0,0,0,0,0,0,0,0,0,0,0
875.7,0.04999999989498131,0.04523809520868428,0,0,0,162.3666668083417,0,0,0,0,875.7,0,0,0,0,0,0,0,0,713.3333331916583,1,1,0,0,0,0,0,0,0,0,0,0,0.04999999989498131,0.04523809520868428,0,0.04999999989498131,0.04523809520868428,0,0,0,0,0,0,0.04999999989498131,0.04523809520868428,0,0,0,0,0,0,0,0,0,0,0,0,0,0,0
876.6,0.04999999989498131,0.04523809520868428,0,0,0,163.2666668083417,0,0,0,0,876.6,0,0,0,0,0,0,0,0,713.3333331916583,1,1,0,0,0,0,0,0,0,0,0,0,0.04999999989498131,0.04523809520868428,0,0.04999999989498131,0.04523809520868428,0,0,0,0,0,0,0.04999999989498131,0.04523809520868428,0,0,0,0,0,0,0,0,0,0,0,0,0,0,0
877.5,0.04999999989498131,0.04523809520868428,0,0,0,164.1666668083417,0,0,0,0,877.5,0,0,0,0,0,0,0,0,713.3333331916583,1,1,0,0,0,0,0,0,0,0,0,0,0.04999999989498131,0.04523809520868428,0,0.04999999989498131,0.04523809520868428,0,0,0,0,0,0,0.04999999989498131,0.04523809520868428,0,0,0,0,0,0,0,0,0,0,0,0,0,0,0
878.4,0.04999999989498131,0.04523809520868428,0,0,0,165.0666668083417,0,0,0,0,878.4,0,0,0,0,0,0,0,0,713.3333331916583,1,1,0,0,0,0,0,0,0,0,0,0,0.04999999989498131,0.04523809520868428,0,0.04999999989498131,0.04523809520868428,0,0,0,0,0,0,0.04999999989498131,0.04523809520868428,0,0,0,0,0,0,0,0,0,0,0,0,0,0,0
879.3,0.04999999989498131,0.04523809520868428,0,0,0,165.9666668083416,0,0,0,0,879.3,0,0,0,0,0,0,0,0,713.3333331916583,1,1,0,0,0,0,0,0,0,0,0,0,0.04999999989498131,0.04523809520868428,0,0.04999999989498131,0.04523809520868428,0,0,0,0,0,0,0.04999999989498131,0.04523809520868428,0,0,0,0,0,0,0,0,0,0,0,0,0,0,0
880.2,0.04999999989498131,0.04523809520868428,0,0,0,166.8666668083417,0,0,0,0,880.2,0,0,0,0,0,0,0,0,713.3333331916583,1,1,0,0,0,0,0,0,0,0,0,0,0.04999999989498131,0.04523809520868428,0,0.04999999989498131,0.04523809520868428,0,0,0,0,0,0,0.04999999989498131,0.04523809520868428,0,0,0,0,0,0,0,0,0,0,0,0,0,0,0
881.1,0.04999999989498131,0.04523809520868428,0,0,0,167.7666668083417,0,0,0,0,881.1,0,0,0,0,0,0,0,0,713.3333331916583,1,1,0,0,0,0,0,0,0,0,0,0,0.04999999989498131,0.04523809520868428,0,0.04999999989498131,0.04523809520868428,0,0,0,0,0,0,0.04999999989498131,0.04523809520868428,0,0,0,0,0,0,0,0,0,0,0,0,0,0,0
882,0.04999999989498131,0.04523809520868428,0,0,0,168.6666668083417,0,0,0,0,882,0,0,0,0,0,0,0,0,713.3333331916583,1,1,0,0,0,0,0,0,0,0,0,0,0.04999999989498131,0.04523809520868428,0,0.04999999989498131,0.04523809520868428,0,0,0,0,0,0,0.04999999989498131,0.04523809520868428,0,0,0,0,0,0,0,0,0,0,0,0,0,0,0
882.9,0.04999999989498131,0.04523809520868428,0,0,0,169.5666668083417,0,0,0,0,882.9,0,0,0,0,0,0,0,0,713.3333331916583,1,1,0,0,0,0,0,0,0,0,0,0,0.04999999989498131,0.04523809520868428,0,0.04999999989498131,0.04523809520868428,0,0,0,0,0,0,0.04999999989498131,0.04523809520868428,0,0,0,0,0,0,0,0,0,0,0,0,0,0,0
883.8,0.04999999989498131,0.04523809520868428,0,0,0,170.4666668083416,0,0,0,0,883.8,0,0,0,0,0,0,0,0,713.3333331916583,1,1,0,0,0,0,0,0,0,0,0,0,0.04999999989498131,0.04523809520868428,0,0.04999999989498131,0.04523809520868428,0,0,0,0,0,0,0.04999999989498131,0.04523809520868428,0,0,0,0,0,0,0,0,0,0,0,0,0,0,0
884.7,0.04999999989498131,0.04523809520868428,0,0,0,171.3666668083417,0,0,0,0,884.7,0,0,0,0,0,0,0,0,713.3333331916583,1,1,0,0,0,0,0,0,0,0,0,0,0.04999999989498131,0.04523809520868428,0,0.04999999989498131,0.04523809520868428,0,0,0,0,0,0,0.04999999989498131,0.04523809520868428,0,0,0,0,0,0,0,0,0,0,0,0,0,0,0
885.6,0.04999999989498131,0.04523809520868428,0,0,0,172.2666668083417,0,0,0,0,885.6,0,0,0,0,0,0,0,0,713.3333331916583,1,1,0,0,0,0,0,0,0,0,0,0,0.04999999989498131,0.04523809520868428,0,0.04999999989498131,0.04523809520868428,0,0,0,0,0,0,0.04999999989498131,0.04523809520868428,0,0,0,0,0,0,0,0,0,0,0,0,0,0,0
886.5,0.04999999989498131,0.04523809520868428,0,0,0,173.1666668083417,0,0,0,0,886.5,0,0,0,0,0,0,0,0,713.3333331916583,1,1,0,0,0,0,0,0,0,0,0,0,0.04999999989498131,0.04523809520868428,0,0.04999999989498131,0.04523809520868428,0,0,0,0,0,0,0.04999999989498131,0.04523809520868428,0,0,0,0,0,0,0,0,0,0,0,0,0,0,0
887.4,0.04999999989498131,0.04523809520868428,0,0,0,174.0666668083417,0,0,0,0,887.4,0,0,0,0,0,0,0,0,713.3333331916583,1,1,0,0,0,0,0,0,0,0,0,0,0.04999999989498131,0.04523809520868428,0,0.04999999989498131,0.04523809520868428,0,0,0,0,0,0,0.04999999989498131,0.04523809520868428,0,0,0,0,0,0,0,0,0,0,0,0,0,0,0
888.3,0.04999999989498131,0.04523809520868428,0,0,0,174.9666668083416,0,0,0,0,888.3,0,0,0,0,0,0,0,0,713.3333331916583,1,1,0,0,0,0,0,0,0,0,0,0,0.04999999989498131,0.04523809520868428,0,0.04999999989498131,0.04523809520868428,0,0,0,0,0,0,0.04999999989498131,0.04523809520868428,0,0,0,0,0,0,0,0,0,0,0,0,0,0,0
889.2,0.04999999989498131,0.04523809520868428,0,0,0,175.8666668083417,0,0,0,0,889.2,0,0,0,0,0,0,0,0,713.3333331916583,1,1,0,0,0,0,0,0,0,0,0,0,0.04999999989498131,0.04523809520868428,0,0.04999999989498131,0.04523809520868428,0,0,0,0,0,0,0.04999999989498131,0.04523809520868428,0,0,0,0,0,0,0,0,0,0,0,0,0,0,0
890.1,0.04999999989498131,0.04523809520868428,0,0,0,176.7666668083417,0,0,0,0,890.1,0,0,0,0,0,0,0,0,713.3333331916583,1,1,0,0,0,0,0,0,0,0,0,0,0.04999999989498131,0.04523809520868428,0,0.04999999989498131,0.04523809520868428,0,0,0,0,0,0,0.04999999989498131,0.04523809520868428,0,0,0,0,0,0,0,0,0,0,0,0,0,0,0
891,0.04999999989498131,0.04523809520868428,0,0,0,177.6666668083417,0,0,0,0,891,0,0,0,0,0,0,0,0,713.3333331916583,1,1,0,0,0,0,0,0,0,0,0,0,0.04999999989498131,0.04523809520868428,0,0.04999999989498131,0.04523809520868428,0,0,0,0,0,0,0.04999999989498131,0.04523809520868428,0,0,0,0,0,0,0,0,0,0,0,0,0,0,0
891.9,0.04999999989498131,0.04523809520868428,0,0,0,178.5666668083417,0,0,0,0,891.9,0,0,0,0,0,0,0,0,713.3333331916583,1,1,0,0,0,0,0,0,0,0,0,0,0.04999999989498131,0.04523809520868428,0,0.04999999989498131,0.04523809520868428,0,0,0,0,0,0,0.04999999989498131,0.04523809520868428,0,0,0,0,0,0,0,0,0,0,0,0,0,0,0
892.8,0.04999999989498131,0.04523809520868428,0,0,0,179.4666668083416,0,0,0,0,892.8,0,0,0,0,0,0,0,0,713.3333331916583,1,1,0,0,0,0,0,0,0,0,0,0,0.04999999989498131,0.04523809520868428,0,0.04999999989498131,0.04523809520868428,0,0,0,0,0,0,0.04999999989498131,0.04523809520868428,0,0,0,0,0,0,0,0,0,0,0,0,0,0,0
893.7,0.04999999989498131,0.04523809520868428,0,0,0,180.3666668083417,0,0,0,0,893.7,0,0,0,0,0,0,0,0,713.3333331916583,1,1,0,0,0,0,0,0,0,0,0,0,0.04999999989498131,0.04523809520868428,0,0.04999999989498131,0.04523809520868428,0,0,0,0,0,0,0.04999999989498131,0.04523809520868428,0,0,0,0,0,0,0,0,0,0,0,0,0,0,0
894.6,0.04999999989498131,0.04523809520868428,0,0,0,181.2666668083417,0,0,0,0,894.6,0,0,0,0,0,0,0,0,713.3333331916583,1,1,0,0,0,0,0,0,0,0,0,0,0.04999999989498131,0.04523809520868428,0,0.04999999989498131,0.04523809520868428,0,0,0,0,0,0,0.04999999989498131,0.04523809520868428,0,0,0,0,0,0,0,0,0,0,0,0,0,0,0
895.5,0.04999999989498131,0.04523809520868428,0,0,0,182.1666668083417,0,0,0,0,895.5,0,0,0,0,0,0,0,0,713.3333331916583,1,1,0,0,0,0,0,0,0,0,0,0,0.04999999989498131,0.04523809520868428,0,0.04999999989498131,0.04523809520868428,0,0,0,0,0,0,0.04999999989498131,0.04523809520868428,0,0,0,0,0,0,0,0,0,0,0,0,0,0,0
896.4,0.04999999989498131,0.04523809520868428,0,0,0,183.0666668083417,0,0,0,0,896.4,0,0,0,0,0,0,0,0,713.3333331916583,1,1,0,0,0,0,0,0,0,0,0,0,0.04999999989498131,0.04523809520868428,0,0.04999999989498131,0.04523809520868428,0,0,0,0,0,0,0.04999999989498131,0.04523809520868428,0,0,0,0,0,0,0,0,0,0,0,0,0,0,0
897.3,0.04999999989498131,0.04523809520868428,0,0,0,183.9666668083416,0,0,0,0,897.3,0,0,0,0,0,0,0,0,713.3333331916583,1,1,0,0,0,0,0,0,0,0,0,0,0.04999999989498131,0.04523809520868428,0,0.04999999989498131,0.04523809520868428,0,0,0,0,0,0,0.04999999989498131,0.04523809520868428,0,0,0,0,0,0,0,0,0,0,0,0,0,0,0
898.2,0.04999999989498131,0.04523809520868428,0,0,0,184.8666668083417,0,0,0,0,898.2,0,0,0,0,0,0,0,0,713.3333331916583,1,1,0,0,0,0,0,0,0,0,0,0,0.04999999989498131,0.04523809520868428,0,0.04999999989498131,0.04523809520868428,0,0,0,0,0,0,0.04999999989498131,0.04523809520868428,0,0,0,0,0,0,0,0,0,0,0,0,0,0,0
899.1,0.04999999989498131,0.04523809520868428,0,0,0,185.7666668083417,0,0,0,0,899.1,0,0,0,0,0,0,0,0,713.3333331916583,1,1,0,0,0,0,0,0,0,0,0,0,0.04999999989498131,0.04523809520868428,0,0.04999999989498131,0.04523809520868428,0,0,0,0,0,0,0.04999999989498131,0.04523809520868428,0,0,0,0,0,0,0,0,0,0,0,0,0,0,0
900,0.04999999989498131,0.04523809520868428,0,0,0,186.6666668083417,0,0,0,0,900,0,0,0,0,0,0,0,0,713.3333331916583,1,1,0,0,0,0,0,0,0,0,0,0,0.04999999989498131,0.04523809520868428,0,0.04999999989498131,0.04523809520868428,0,0,0,0,0,0,0.04999999989498131,0.04523809520868428,0,0,0,0,0,0,0,0,0,0,0,0,0,0,0
900,0.04999999989498131,0.04523809520868428,0,0,0,186.6666668083417,0,0,0,0,900,0,0,0,0,0,0,0,0,713.3333331916583,1,1,0,0,0,0,0,0,0,0,0,0,0.04999999989498131,0.04523809520868428,0,0.04999999989498131,0.04523809520868428,0,0,0,0,0,0,0.04999999989498131,0.04523809520868428,0,0,0,0,0,0,0,0,0,0,0,0,0,0,0
