"time","tankA.level_m","tankB.level_m","der(tankA.level_m)","der(tankB.level_m)","q_m3s","valve_open_cmd","zeroFlow.y","valveCommand.openCmd","connectingFlow.level_A_m","connectingFlow.level_B_m","connectingFlow.q_m3s","level_A_m","level_B_m","tankA.qIn_m3s","tankA.qOut_m3s","tankB.qIn_m3s","tankB.qOut_m3s","connectingFlow.openCmd"
0,0.8,0,-0,0,0,0,0,0,0.8,0,0,0.8,0,0,0,0,0,0
0.15,0.8,0,-0,0,0,0,0,0,0.8,0,0,0.8,0,0,0,0,0,0
0.3,0.8,0,-0,0,0,0,0,0,0.8,0,0,0.8,0,0,0,0,0,0
0.45,0.8,0,-0,0,0,0,0,0,0.8,0,0,0.8,0,0,0,0,0,0
0.6,0.8,0,-0,0,0,0,0,0,0.8,0,0,0.8,0,0,0,0,0,0
0.75,0.8,0,-0,0,0,0,0,0,0.8,0,0,0.8,0,0,0,0,0,0
0.9,0.8,0,-0,0,0,0,0,0,0.8,0,0,0.8,0,0,0,0,0,0
1.05,0.8,0,-0,0,0,0,0,0,0.8,0,0,0.8,0,0,0,0,0,0
1.2,0.8,0,-0,0,0,0,0,0,0.8,0,0,0.8,0,0,0,0,0,0
1.35,0.8,0,-0,0,0,0,0,0,0.8,0,0,0.8,0,0,0,0,0,0
1.5,0.8,0,-0,0,0,0,0,0,0.8,0,0,0.8,0,0,0,0,0,0
1.65,0.8,0,-0,0,0,0,0,0,0.8,0,0,0.8,0,0,0,0,0,0
1.8,0.8,0,-0,0,0,0,0,0,0.8,0,0,0.8,0,0,0,0,0,0
1.95,0.8,0,-0,0,0,0,0,0,0.8,0,0,0.8,0,0,0,0,0,0
2.1,0.8,0,-0,0,0,0,0,0,0.8,0,0,0.8,0,0,0,0,0,0
2.25,0.8,0,-0,0,0,0,0,0,0.8,0,0,0.8,0,0,0,0,0,0
2.4,0.8,0,-0,0,0,0,0,0,0.8,0,0,0.8,0,0,0,0,0,0
2.55,0.8,0,-0,0,0,0,0,0,0.8,0,0,0.8,0,0,0,0,0,0
2.7,0.8,0,-0,0,0,0,0,0,0.8,0,0,0.8,0,0,0,0,0,0
2.85,0.8,0,-0,0,0,0,0,0,0.8,0,0,0.8,0,0,0,0,0,0
3,0.8,0,-0,0,0,0,0,0,0.8,0,0,0.8,0,0,0,0,0,0
3.15,0.8,0,-0,0,0,0,0,0,0.8,0,0,0.8,0,0,0,0,0,0
3.3,0.8,0,-0,0,0,0,0,0,0.8,0,0,0.8,0,0,0,0,0,0
3.45,0.8,0,-0,0,0,0,0,0,0.8,0,0,0.8,0,0,0,0,0,0
3.6,0.8,0,-0,0,0,0,0,0,0.8,0,0,0.8,0,0,0,0,0,0
3.75,0.8,0,-0,0,0,0,0,0,0.8,0,0,0.8,0,0,0,0,0,0
3.9,0.8,0,-0,0,0,0,0,0,0.8,0,0,0.8,0,0,0,0,0,0
4.05,0.8,0,-0,0,0,0,0,0,0.8,0,0,0.8,0,0,0,0,0,0
4.2,0.8,0,-0,0,0,0,0,0,0.8,0,0,0.8,0,0,0,0,0,0
4.35,0.8,0,-0,0,0,0,0,0,0.8,0,0,0.8,0,0,0,0,0,0
4.5,0.8,0,-0,0,0,0,0,0,0.8,0,0,0.8,0,0,0,0,0,0
4.65,0.8,0,-0,0,0,0,0,0,0.8,0,0,0.8,0,0,0,0,0,0
4.8,0.8,0,-0,0,0,0,0,0,0.8,0,0,0.8,0,0,0,0,0,0
4.95,0.8,0,-0,0,0,0,0,0,0.8,0,0,0.8,0,0,0,0,0,0
5.000001000000333,0.8,0,-0,0,0,0,0,0,0.8,0,0,0.8,0,0,0,0,0,0
5.000001000000333,0.8,0,-0.04000000000000001,0.04000000000000001,0.02,1,0,1,0.8,0,0.02,0.8,0,0,0.02,0.02,0,1
5.1,0.7960199600420754,0.003980039957924594,-0.03960199600420754,0.03960199600420754,0.01980099800210377,1,0,1,0.7960199600420754,0.003980039957924594,0.01980099800210377,0.7960199600420754,0.003980039957924594,0,0.01980099800210377,0.01980099800210377,0,1
5.25,0.790123726163064,0.009876273836935904,-0.03901237261630641,0.03901237261630641,0.01950618630815321,1,0,1,0.790123726163064,0.009876273836935904,0.01950618630815321,0.790123726163064,0.009876273836935904,0,0.01950618630815321,0.01950618630815321,0,1
5.4,0.7843149805589981,0.01568501944100191,-0.03843149805589981,0.03843149805589981,0.01921574902794991,1,0,1,0.7843149805589981,0.01568501944100191,0.01921574902794991,0.7843149805589981,0.01568501944100191,0,0.01921574902794991,0.01921574902794991,0,1
5.55,0.778591101550529,0.02140889844947096,-0.03785911015505291,0.03785911015505291,0.01892955507752645,1,0,1,0.778591101550529,0.02140889844947096,0.01892955507752645,0.778591101550529,0.02140889844947096,0,0.01892955507752645,0.01892955507752645,0,1
5.7,0.7729521787255751,0.02704782127442486,-0.03729521787255751,0.03729521787255751,0.01864760893627876,1,0,1,0.7729521787255751,0.02704782127442486,0.01864760893627876,0.7729521787255751,0.02704782127442486,0,0.01864760893627876,0.01864760893627876,0,1
5.85,0.7673969209470098,0.03260307905299012,-0.03673969209470099,0.03673969209470099,0.01836984604735049,1,0,1,0.7673969209470098,0.03260307905299012,0.01836984604735049,0.7673969209470098,0.03260307905299012,0,0.01836984604735049,0.01836984604735049,0,1
6,0.7619185860777721,0.03808141392222791,-0.0361918586077772,0.0361918586077772,0.0180959293038886,1,0,1,0.7619185860777721,0.03808141392222791,0.0180959293038886,0.7619185860777721,0.03808141392222791,0,0.0180959293038886,0.0180959293038886,0,1
6.15,0.7565207092661735,0.04347929073382648,-0.03565207092661735,0.03565207092661735,0.01782603546330868,1,0,1,0.7565207092661735,0.04347929073382648,0.01782603546330868,0.7565207092661735,0.04347929073382648,0,0.01782603546330868,0.01782603546330868,0,1
6.3,0.7512032905122142,0.04879670948778578,-0.03512032905122142,0.03512032905122142,0.01756016452561071,1,0,1,0.7512032905122142,0.04879670948778578,0.01756016452561071,0.7512032905122142,0.04879670948778578,0,0.01756016452561071,0.01756016452561071,0,1
6.45,0.7459663298158941,0.05403367018410587,-0.03459663298158941,0.03459663298158941,0.0172983164907947,1,0,1,0.7459663298158941,0.05403367018410587,0.0172983164907947,0.7459663298158941,0.05403367018410587,0,0.0172983164907947,0.0172983164907947,0,1
6.6,0.7408098271772132,0.0591901728227867,-0.03408098271772133,0.03408098271772133,0.01704049135886066,1,0,1,0.7408098271772132,0.0591901728227867,0.01704049135886066,0.7408098271772132,0.0591901728227867,0,0.01704049135886066,0.01704049135886066,0,1
6.75,0.7357146597661344,0.06428534023386551,-0.03357146597661344,0.03357146597661344,0.01678573298830672,1,0,1,0.7357146597661344,0.06428534023386551,0.01678573298830672,0.7357146597661344,0.06428534023386551,0,0.01678573298830672,0.01678573298830672,0,1
6.9,0.7306861784551996,0.06931382154480042,-0.03306861784551995,0.03306861784551995,0.01653430892275998,1,0,1,0.7306861784551996,0.06931382154480042,0.01653430892275998,0.7306861784551996,0.06931382154480042,0,0.01653430892275998,0.01653430892275998,0,1
7.05,0.7257298806341783,0.07427011936582172,-0.03257298806341783,0.03257298806341783,0.01628649403170892,1,0,1,0.7257298806341783,0.07427011936582172,0.01628649403170892,0.7257298806341783,0.07427011936582172,0,0.01628649403170892,0.01628649403170892,0,1
7.2,0.7208457663030705,0.07915423369692942,-0.03208457663030705,0.03208457663030705,0.01604228831515353,1,0,1,0.7208457663030705,0.07915423369692942,0.01604228831515353,0.7208457663030705,0.07915423369692942,0,0.01604228831515353,0.01604228831515353,0,1
7.35,0.7160338354618764,0.08396616453812353,-0.03160338354618764,0.03160338354618764,0.01580169177309382,1,0,1,0.7160338354618764,0.08396616453812353,0.01580169177309382,0.7160338354618764,0.08396616453812353,0,0.01580169177309382,0.01580169177309382,0,1
7.5,0.7112940881105959,0.08870591188940405,-0.0311294088110596,0.0311294088110596,0.0155647044055298,1,0,1,0.7112940881105959,0.08870591188940405,0.0155647044055298,0.7112940881105959,0.08870591188940405,0,0.0155647044055298,0.0155647044055298,0,1
7.65,0.7066265242492289,0.093373475750771,-0.03066265242492289,0.03066265242492289,0.01533132621246145,1,0,1,0.7066265242492289,0.093373475750771,0.01533132621246145,0.7066265242492289,0.093373475750771,0,0.01533132621246145,0.01533132621246145,0,1
7.8,0.7020311438777757,0.09796885612222432,-0.03020311438777757,0.03020311438777757,0.01510155719388879,1,0,1,0.7020311438777757,0.09796885612222432,0.01510155719388879,0.7020311438777757,0.09796885612222432,0,0.01510155719388879,0.01510155719388879,0,1
7.95,0.697507946996236,0.1024920530037641,-0.0297507946996236,0.0297507946996236,0.0148753973498118,1,0,1,0.697507946996236,0.1024920530037641,0.0148753973498118,0.697507946996236,0.1024920530037641,0,0.0148753973498118,0.0148753973498118,0,1
8.1,0.6930569336046097,0.1069430663953902,-0.02930569336046098,0.02930569336046098,0.01465284668023049,1,0,1,0.6930569336046097,0.1069430663953902,0.01465284668023049,0.6930569336046097,0.1069430663953902,0,0.01465284668023049,0.01465284668023049,0,1
8.25,0.6886781037028972,0.1113218962971028,-0.02886781037028972,0.02886781037028972,0.01443390518514486,1,0,1,0.6886781037028972,0.1113218962971028,0.01443390518514486,0.6886781037028972,0.1113218962971028,0,0.01443390518514486,0.01443390518514486,0,1
8.4,0.6843363038539467,0.1156636961460531,-0.02843363038539468,0.02843363038539468,0.01421681519269734,1,0,1,0.6843363038539467,0.1156636961460531,0.01421681519269734,0.6843363038539467,0.1156636961460531,0,0.01421681519269734,0.01421681519269734,0,1
8.550000000000001,0.6800524527739957,0.1199475472260041,-0.02800524527739958,0.02800524527739958,0.01400262263869979,1,0,1,0.6800524527739957,0.1199475472260041,0.01400262263869979,0.6800524527739957,0.1199475472260041,0,0.01400262263869979,0.01400262263869979,0,1
8.699999999999999,0.6758335045431046,0.1241664954568952,-0.02758335045431047,0.02758335045431047,0.01379167522715524,1,0,1,0.6758335045431046,0.1241664954568952,0.01379167522715524,0.6758335045431046,0.1241664954568952,0,0.01379167522715524,0.01379167522715524,0,1
8.85,0.6716794591612734,0.1283205408387265,-0.02716794591612734,0.02716794591612734,0.01358397295806367,1,0,1,0.6716794591612734,0.1283205408387265,0.01358397295806367,0.6716794591612734,0.1283205408387265,0,0.01358397295806367,0.01358397295806367,0,1
9,0.667590316628502,0.132409683371498,-0.0267590316628502,0.0267590316628502,0.0133795158314251,1,0,1,0.667590316628502,0.132409683371498,0.0133795158314251,0.667590316628502,0.132409683371498,0,0.0133795158314251,0.0133795158314251,0,1
9.15,0.6635660769447903,0.1364339230552096,-0.02635660769447904,0.02635660769447904,0.01317830384723952,1,0,1,0.6635660769447903,0.1364339230552096,0.01317830384723952,0.6635660769447903,0.1364339230552096,0,0.01317830384723952,0.01317830384723952,0,1
9.300000000000001,0.6596067401101386,0.1403932598898613,-0.02596067401101387,0.02596067401101387,0.01298033700550693,1,0,1,0.6596067401101386,0.1403932598898613,0.01298033700550693,0.6596067401101386,0.1403932598898613,0,0.01298033700550693,0.01298033700550693,0,1
9.449999999999999,0.6557123061245467,0.1442876938754531,-0.02557123061245468,0.02557123061245468,0.01278561530622734,1,0,1,0.6557123061245467,0.1442876938754531,0.01278561530622734,0.6557123061245467,0.1442876938754531,0,0.01278561530622734,0.01278561530622734,0,1
9.6,0.6518827749880147,0.1481172250119852,-0.02518827749880148,0.02518827749880148,0.01259413874940074,1,0,1,0.6518827749880147,0.1481172250119852,0.01259413874940074,0.6518827749880147,0.1481172250119852,0,0.01259413874940074,0.01259413874940074,0,1
9.75,0.6481181467005426,0.1518818532994574,-0.02481181467005426,0.02481181467005426,0.01240590733502713,1,0,1,0.6481181467005426,0.1518818532994574,0.01240590733502713,0.6481181467005426,0.1518818532994574,0,0.01240590733502713,0.01240590733502713,0,1
9.9,0.6444184212621302,0.1555815787378697,-0.02444184212621303,0.02444184212621303,0.01222092106310651,1,0,1,0.6444184212621302,0.1555815787378697,0.01222092106310651,0.6444184212621302,0.1555815787378697,0,0.01222092106310651,0.01222092106310651,0,1
10.05,0.6407346706213983,0.1592653293786016,-0.02407346706213984,0.02407346706213984,0.01203673353106992,1,0,1,0.6407346706213983,0.1592653293786016,0.01203673353106992,0.6407346706213983,0.1592653293786016,0,0.01203673353106992,0.01203673353106992,0,1
10.2,0.6371016265654046,0.1628983734345953,-0.02371016265654047,0.02371016265654047,0.01185508132827023,1,0,1,0.6371016265654046,0.1628983734345953,0.01185508132827023,0.6371016265654046,0.1628983734345953,0,0.01185508132827023,0.01185508132827023,0,1
10.35,0.6335242848145872,0.1664757151854127,-0.02335242848145873,0.02335242848145873,0.01167621424072936,1,0,1,0.6335242848145872,0.1664757151854127,0.01167621424072936,0.6335242848145872,0.1664757151854127,0,0.01167621424072936,0.01167621424072936,0,1
10.5,0.630002645368946,0.1699973546310538,-0.02300026453689461,0.02300026453689461,0.01150013226844731,1,0,1,0.630002645368946,0.1699973546310538,0.01150013226844731,0.630002645368946,0.1699973546310538,0,0.01150013226844731,0.01150013226844731,0,1
10.65,0.6265367082284813,0.1734632917715186,-0.02265367082284814,0.02265367082284814,0.01132683541142407,1,0,1,0.6265367082284813,0.1734632917715186,0.01132683541142407,0.6265367082284813,0.1734632917715186,0,0.01132683541142407,0.01132683541142407,0,1
10.8,0.6231264733931928,0.176873526606807,-0.02231264733931929,0.02231264733931929,0.01115632366965965,1,0,1,0.6231264733931928,0.176873526606807,0.01115632366965965,0.6231264733931928,0.176873526606807,0,0.01115632366965965,0.01115632366965965,0,1
10.95,0.6197719408630809,0.180228059136919,-0.02197719408630809,0.02197719408630809,0.01098859704315405,1,0,1,0.6197719408630809,0.180228059136919,0.01098859704315405,0.6197719408630809,0.180228059136919,0,0.01098859704315405,0.01098859704315405,0,1
11.1,0.6164731106381451,0.1835268893618547,-0.02164731106381452,0.02164731106381452,0.01082365553190726,1,0,1,0.6164731106381451,0.1835268893618547,0.01082365553190726,0.6164731106381451,0.1835268893618547,0,0.01082365553190726,0.01082365553190726,0,1
11.25,0.6132299827183858,0.1867700172816141,-0.02132299827183859,0.02132299827183859,0.01066149913591929,1,0,1,0.6132299827183858,0.1867700172816141,0.01066149913591929,0.6132299827183858,0.1867700172816141,0,0.01066149913591929,0.01066149913591929,0,1
11.4,0.6100425571038027,0.1899574428961971,-0.02100425571038028,0.02100425571038028,0.01050212785519014,1,0,1,0.6100425571038027,0.1899574428961971,0.01050212785519014,0.6100425571038027,0.1899574428961971,0,0.01050212785519014,0.01050212785519014,0,1
11.55,0.606910833794396,0.1930891662056038,-0.02069108337943961,0.02069108337943961,0.01034554168971981,1,0,1,0.606910833794396,0.1930891662056038,0.01034554168971981,0.606910833794396,0.1930891662056038,0,0.01034554168971981,0.01034554168971981,0,1
11.7,0.6037868517083697,0.1962131482916303,-0.02037868517083697,0.02037868517083697,0.01018934258541849,1,0,1,0.6037868517083697,0.1962131482916303,0.01018934258541849,0.6037868517083697,0.1962131482916303,0,0.01018934258541849,0.01018934258541849,0,1
11.85,0.6007092923283551,0.1992907076716448,-0.02007092923283552,0.02007092923283552,0.01003546461641776,1,0,1,0.6007092923283551,0.1992907076716448,0.01003546461641776,0.6007092923283551,0.1992907076716448,0,0.01003546461641776,0.01003546461641776,0,1
12,0.597679185385811,0.2023208146141889,-0.01976791853858111,0.01976791853858111,0.009883959269290553,1,0,1,0.597679185385811,0.2023208146141889,0.009883959269290553,0.597679185385811,0.2023208146141889,0,0.009883959269290553,0.009883959269290553,0,1
12.15,0.5946965308807372,0.2053034691192627,-0.01946965308807372,0.01946965308807372,0.009734826544036861,1,0,1,0.5946965308807372,0.2053034691192627,0.009734826544036861,0.5946965308807372,0.2053034691192627,0,0.009734826544036861,0.009734826544036861,0,1
12.3,0.5917613288131337,0.2082386711868661,-0.01917613288131338,0.01917613288131338,0.009588066440656691,1,0,1,0.5917613288131337,0.2082386711868661,0.009588066440656691,0.5917613288131337,0.2082386711868661,0,0.009588066440656691,0.009588066440656691,0,1
12.45,0.5888735791830008,0.2111264208169992,-0.01888735791830008,0.01888735791830008,0.009443678959150041,1,0,1,0.5888735791830008,0.2111264208169992,0.009443678959150041,0.5888735791830008,0.2111264208169992,0,0.009443678959150041,0.009443678959150041,0,1
12.6,0.586033281990338,0.2139667180096619,-0.0186033281990338,0.0186033281990338,0.009301664099516901,1,0,1,0.586033281990338,0.2139667180096619,0.009301664099516901,0.586033281990338,0.2139667180096619,0,0.009301664099516901,0.009301664099516901,0,1
12.75,0.5832404372351456,0.2167595627648543,-0.01832404372351457,0.01832404372351457,0.009162021861757285,1,0,1,0.5832404372351456,0.2167595627648543,0.009162021861757285,0.5832404372351456,0.2167595627648543,0,0.009162021861757285,0.009162021861757285,0,1
12.9,0.5804950449174237,0.2195049550825763,-0.01804950449174237,0.01804950449174237,0.009024752245871185,1,0,1,0.5804950449174237,0.2195049550825763,0.009024752245871185,0.5804950449174237,0.2195049550825763,0,0.009024752245871185,0.009024752245871185,0,1
13.05,0.5777971050371721,0.2222028949628279,-0.01777971050371721,0.01777971050371721,0.008889855251858604,1,0,1,0.5777971050371721,0.2222028949628279,0.008889855251858604,0.5777971050371721,0.2222028949628279,0,0.008889855251858604,0.008889855251858604,0,1
13.2,0.5751453940220781,0.2248546059779219,-0.01751453940220781,0.01751453940220781,0.008757269701103907,1,0,1,0.5751453940220781,0.2248546059779219,0.008757269701103907,0.5751453940220781,0.2248546059779219,0,0.008757269701103907,0.008757269701103907,0,1
13.35,0.572516590445617,0.2274834095543829,-0.0172516590445617,0.0172516590445617,0.00862582952228085,1,0,1,0.572516590445617,0.2274834095543829,0.00862582952228085,0.572516590445617,0.2274834095543829,0,0.00862582952228085,0.00862582952228085,0,1
13.5,0.5699285327922237,0.2300714672077763,-0.01699285327922237,0.01699285327922237,0.008496426639611185,1,0,1,0.5699285327922237,0.2300714672077763,0.008496426639611185,0.5699285327922237,0.2300714672077763,0,0.008496426639611185,0.008496426639611185,0,1
13.65,0.5673806611169917,0.2326193388830083,-0.01673806611169917,0.01673806611169917,0.008369033055849587,1,0,1,0.5673806611169917,0.2326193388830083,0.008369033055849587,0.5673806611169917,0.2326193388830083,0,0.008369033055849587,0.008369033055849587,0,1
13.8,0.5648724154750147,0.2351275845249853,-0.01648724154750147,0.01648724154750147,0.008243620773750735,1,0,1,0.5648724154750147,0.2351275845249853,0.008243620773750735,0.5648724154750147,0.2351275845249853,0,0.008243620773750735,0.008243620773750735,0,1
13.95,0.5624032359213862,0.2375967640786137,-0.01624032359213863,0.01624032359213863,0.008120161796069314,1,0,1,0.5624032359213862,0.2375967640786137,0.008120161796069314,0.5624032359213862,0.2375967640786137,0,0.008120161796069314,0.008120161796069314,0,1
14.1,0.5599725625112,0.2400274374888,-0.01599725625112,0.01599725625112,0.007998628125560001,1,0,1,0.5599725625112,0.2400274374888,0.007998628125560001,0.5599725625112,0.2400274374888,0,0.007998628125560001,0.007998628125560001,0,1
14.25,0.5575798352995495,0.2424201647004505,-0.01575798352995495,0.01575798352995495,0.007878991764977476,1,0,1,0.5575798352995495,0.2424201647004505,0.007878991764977476,0.5575798352995495,0.2424201647004505,0,0.007878991764977476,0.007878991764977476,0,1
14.4,0.5552244943415284,0.2447755056584716,-0.01552244943415284,0.01552244943415284,0.007761224717076422,1,0,1,0.5552244943415284,0.2447755056584716,0.007761224717076422,0.5552244943415284,0.2447755056584716,0,0.007761224717076422,0.007761224717076422,0,1
14.55,0.5529059796922303,0.2470940203077696,-0.01529059796922304,0.01529059796922304,0.007645298984611518,1,0,1,0.5529059796922303,0.2470940203077696,0.007645298984611518,0.5529059796922303,0.2470940203077696,0,0.007645298984611518,0.007645298984611518,0,1
14.7,0.5506237314067488,0.2493762685932512,-0.01506237314067489,0.01506237314067489,0.007531186570337443,1,0,1,0.5506237314067488,0.2493762685932512,0.007531186570337443,0.5506237314067488,0.2493762685932512,0,0.007531186570337443,0.007531186570337443,0,1
14.85,0.5483771895401776,0.2516228104598225,-0.01483771895401775,0.01483771895401775,0.007418859477008877,1,0,1,0.5483771895401776,0.2516228104598225,0.007418859477008877,0.5483771895401776,0.2516228104598225,0,0.007418859477008877,0.007418859477008877,0,1
15,0.54616579414761,0.2538342058523899,-0.01461657941476101,0.01461657941476101,0.007308289707380503,1,0,1,0.54616579414761,0.2538342058523899,0.007308289707380503,0.54616579414761,0.2538342058523899,0,0.007308289707380503,0.007308289707380503,0,1
15.15,0.54398898528414,0.25601101471586,-0.014398898528414,0.014398898528414,0.007199449264206999,1,0,1,0.54398898528414,0.25601101471586,0.007199449264206999,0.54398898528414,0.25601101471586,0,0.007199449264206999,0.007199449264206999,0,1
15.3,0.541846203004861,0.258153796995139,-0.0141846203004861,0.0141846203004861,0.007092310150243051,1,0,1,0.541846203004861,0.258153796995139,0.007092310150243051,0.541846203004861,0.258153796995139,0,0.007092310150243051,0.007092310150243051,0,1
15.45,0.5397368873648666,0.2602631126351333,-0.01397368873648666,0.01397368873648666,0.006986844368243332,1,0,1,0.5397368873648666,0.2602631126351333,0.006986844368243332,0.5397368873648666,0.2602631126351333,0,0.006986844368243332,0.006986844368243332,0,1
15.6,0.5376604784192505,0.2623395215807494,-0.01376604784192505,0.01376604784192505,0.006883023920962527,1,0,1,0.5376604784192505,0.2623395215807494,0.006883023920962527,0.5376604784192505,0.2623395215807494,0,0.006883023920962527,0.006883023920962527,0,1
15.75,0.5356164162231062,0.2643835837768937,-0.01356164162231062,0.01356164162231062,0.006780820811155311,1,0,1,0.5356164162231062,0.2643835837768937,0.006780820811155311,0.5356164162231062,0.2643835837768937,0,0.006780820811155311,0.006780820811155311,0,1
15.9,0.5336041408315273,0.2663958591684726,-0.01336041408315274,0.01336041408315274,0.006680207041576368,1,0,1,0.5336041408315273,0.2663958591684726,0.006680207041576368,0.5336041408315273,0.2663958591684726,0,0.006680207041576368,0.006680207041576368,0,1
16.05,0.5316230922996076,0.2683769077003924,-0.01316230922996076,0.01316230922996076,0.006581154614980381,1,0,1,0.5316230922996076,0.2683769077003924,0.006581154614980381,0.5316230922996076,0.2683769077003924,0,0.006581154614980381,0.006581154614980381,0,1
16.2,0.5296727106824406,0.2703272893175594,-0.01296727106824406,0.01296727106824406,0.00648363553412203,1,0,1,0.5296727106824406,0.2703272893175594,0.00648363553412203,0.5296727106824406,0.2703272893175594,0,0.00648363553412203,0.00648363553412203,0,1
16.35,0.5277524360351198,0.2722475639648802,-0.01277524360351198,0.01277524360351198,0.00638762180175599,1,0,1,0.5277524360351198,0.2722475639648802,0.00638762180175599,0.5277524360351198,0.2722475639648802,0,0.00638762180175599,0.00638762180175599,0,1
16.5,0.525861893209934,0.2741381067900659,-0.01258618932099341,0.01258618932099341,0.006293094660496704,1,0,1,0.525861893209934,0.2741381067900659,0.006293094660496704,0.525861893209934,0.2741381067900659,0,0.006293094660496704,0.006293094660496704,0,1
16.65,0.5240011172905743,0.2759988827094256,-0.01240011172905744,0.01240011172905744,0.006200055864528719,1,0,1,0.5240011172905743,0.2759988827094256,0.006200055864528719,0.5240011172905743,0.2759988827094256,0,0.006200055864528719,0.006200055864528719,0,1
16.8,0.5221689098305564,0.2778310901694436,-0.01221689098305564,0.01221689098305564,0.006108445491527822,1,0,1,0.5221689098305564,0.2778310901694436,0.006108445491527822,0.5221689098305564,0.2778310901694436,0,0.006108445491527822,0.006108445491527822,0,1
16.95,0.5203647181645914,0.2796352818354084,-0.01203647181645915,0.01203647181645915,0.006018235908229575,1,0,1,0.5203647181645914,0.2796352818354084,0.006018235908229575,0.5203647181645914,0.2796352818354084,0,0.006018235908229575,0.006018235908229575,0,1
17.1,0.5185879896273905,0.2814120103726093,-0.01185879896273906,0.01185879896273906,0.005929399481369529,1,0,1,0.5185879896273905,0.2814120103726093,0.005929399481369529,0.5185879896273905,0.2814120103726093,0,0.005929399481369529,0.005929399481369529,0,1
17.25,0.5168381715536648,0.2831618284463351,-0.01168381715536649,0.01168381715536649,0.005841908577683245,1,0,1,0.5168381715536648,0.2831618284463351,0.005841908577683245,0.5168381715536648,0.2831618284463351,0,0.005841908577683245,0.005841908577683245,0,1
17.4,0.5151147112781254,0.2848852887218746,-0.01151147112781254,0.01151147112781254,0.005755735563906269,1,0,1,0.5151147112781254,0.2848852887218746,0.005755735563906269,0.5151147112781254,0.2848852887218746,0,0.005755735563906269,0.005755735563906269,0,1
17.55,0.5134170561354831,0.286582943864517,-0.0113417056135483,0.0113417056135483,0.005670852806774151,1,0,1,0.5134170561354831,0.286582943864517,0.005670852806774151,0.5134170561354831,0.286582943864517,0,0.005670852806774151,0.005670852806774151,0,1
17.7,0.5117446534604492,0.2882553465395509,-0.01117446534604491,0.01117446534604491,0.005587232673022456,1,0,1,0.5117446534604492,0.2882553465395509,0.005587232673022456,0.5117446534604492,0.2882553465395509,0,0.005587232673022456,0.005587232673022456,0,1
17.85,0.5100969505877345,0.2899030494122655,-0.01100969505877345,0.01100969505877345,0.005504847529386726,1,0,1,0.5100969505877345,0.2899030494122655,0.005504847529386726,0.5100969505877345,0.2899030494122655,0,0.005504847529386726,0.005504847529386726,0,1
18,0.5084733948520503,0.2915266051479496,-0.01084733948520504,0.01084733948520504,0.005423669742602519,1,0,1,0.5084733948520503,0.2915266051479496,0.005423669742602519,0.5084733948520503,0.2915266051479496,0,0.005423669742602519,0.005423669742602519,0,1
18.15,0.5068734335881078,0.2931265664118922,-0.01068734335881078,0.01068734335881078,0.005343671679405391,1,0,1,0.5068734335881078,0.2931265664118922,0.005343671679405391,0.5068734335881078,0.2931265664118922,0,0.005343671679405391,0.005343671679405391,0,1
18.3,0.5052965141306177,0.2947034858693821,-0.01052965141306178,0.01052965141306178,0.005264825706530892,1,0,1,0.5052965141306177,0.2947034858693821,0.005264825706530892,0.5052965141306177,0.2947034858693821,0,0.005264825706530892,0.005264825706530892,0,1
18.45,0.5037420838142916,0.2962579161857083,-0.01037420838142917,0.01037420838142917,0.005187104190714583,1,0,1,0.5037420838142916,0.2962579161857083,0.005187104190714583,0.5037420838142916,0.2962579161857083,0,0.005187104190714583,0.005187104190714583,0,1
18.6,0.50220958997384,0.2977904100261599,-0.01022095899738401,0.01022095899738401,0.005110479498692005,1,0,1,0.50220958997384,0.2977904100261599,0.005110479498692005,0.50220958997384,0.2977904100261599,0,0.005110479498692005,0.005110479498692005,0,1
18.75,0.5006984799439743,0.2993015200560255,-0.01006984799439744,0.01006984799439744,0.00503492399719872,1,0,1,0.5006984799439743,0.2993015200560255,0.00503492399719872,0.5006984799439743,0.2993015200560255,0,0.00503492399719872,0.00503492399719872,0,1
18.9,0.4992082010594057,0.3007917989405943,-0.009920820105940571,0.009920820105940571,0.004960410052970285,1,0,1,0.4992082010594057,0.3007917989405943,0.004960410052970285,0.4992082010594057,0.3007917989405943,0,0.004960410052970285,0.004960410052970285,0,1
19.05,0.4977382006548449,0.3022617993451551,-0.00977382006548449,0.00977382006548449,0.004886910032742245,1,0,1,0.4977382006548449,0.3022617993451551,0.004886910032742245,0.4977382006548449,0.3022617993451551,0,0.004886910032742245,0.004886910032742245,0,1
19.2,0.4962879260650032,0.3037120739349968,-0.009628792606500319,0.009628792606500319,0.00481439630325016,1,0,1,0.4962879260650032,0.3037120739349968,0.00481439630325016,0.4962879260650032,0.3037120739349968,0,0.00481439630325016,0.00481439630325016,0,1
19.35,0.4948568246245916,0.3051431753754084,-0.009485682462459162,0.009485682462459162,0.004742841231229581,1,0,1,0.4948568246245916,0.3051431753754084,0.004742841231229581,0.4948568246245916,0.3051431753754084,0,0.004742841231229581,0.004742841231229581,0,1
19.5,0.4934557615562494,0.3065442384437505,-0.009345576155624946,0.009345576155624946,0.004672788077812473,1,0,1,0.4934557615562494,0.3065442384437505,0.004672788077812473,0.4934557615562494,0.3065442384437505,0,0.004672788077812473,0.004672788077812473,0,1
19.65,0.4920845513383147,0.3079154486616852,-0.009208455133831473,0.009208455133831473,0.004604227566915736,1,0,1,0.4920845513383147,0.3079154486616852,0.004604227566915736,0.4920845513383147,0.3079154486616852,0,0.004604227566915736,0.004604227566915736,0,1
19.8,0.4907340782947678,0.3092659217052321,-0.009073407829476783,0.009073407829476783,0.004536703914738391,1,0,1,0.4907340782947678,0.3092659217052321,0.004536703914738391,0.4907340782947678,0.3092659217052321,0,0.004536703914738391,0.004536703914738391,0,1
19.95,0.4894039366324275,0.3105960633675725,-0.008940393663242752,0.008940393663242752,0.004470196831621376,1,0,1,0.4894039366324275,0.3105960633675725,0.004470196831621376,0.4894039366324275,0.3105960633675725,0,0.004470196831621376,0.004470196831621376,0,1
20.1,0.4880937205581123,0.3119062794418876,-0.008809372055811232,0.008809372055811232,0.004404686027905616,1,0,1,0.4880937205581123,0.3119062794418876,0.004404686027905616,0.4880937205581123,0.3119062794418876,0,0.004404686027905616,0.004404686027905616,0,1
20.25,0.4868030242786411,0.3131969757213589,-0.008680302427864111,0.008680302427864111,0.004340151213932056,1,0,1,0.4868030242786411,0.3131969757213589,0.004340151213932056,0.4868030242786411,0.3131969757213589,0,0.004340151213932056,0.004340151213932056,0,1
20.4,0.4855314420008325,0.3144685579991675,-0.008553144200083252,0.008553144200083252,0.004276572100041626,1,0,1,0.4855314420008325,0.3144685579991675,0.004276572100041626,0.4855314420008325,0.3144685579991675,0,0.004276572100041626,0.004276572100041626,0,1
20.55,0.484278567931505,0.3157214320684949,-0.008427856793150506,0.008427856793150506,0.004213928396575253,1,0,1,0.484278567931505,0.3157214320684949,0.004213928396575253,0.484278567931505,0.3157214320684949,0,0.004213928396575253,0.004213928396575253,0,1
20.7,0.4830439962774775,0.3169560037225224,-0.008304399627747755,0.008304399627747755,0.004152199813873878,1,0,1,0.4830439962774775,0.3169560037225224,0.004152199813873878,0.4830439962774775,0.3169560037225224,0,0.004152199813873878,0.004152199813873878,0,1
20.85,0.4818273212455686,0.3181726787544313,-0.008182732124556863,0.008182732124556863,0.004091366062278431,1,0,1,0.4818273212455686,0.3181726787544313,0.004091366062278431,0.4818273212455686,0.3181726787544313,0,0.004091366062278431,0.004091366062278431,0,1
21,0.4806281370425969,0.3193718629574031,-0.008062813704259693,0.008062813704259693,0.004031406852129846,1,0,1,0.4806281370425969,0.3193718629574031,0.004031406852129846,0.4806281370425969,0.3193718629574031,0,0.004031406852129846,0.004031406852129846,0,1
21.15,0.4794460378753812,0.3205539621246187,-0.007944603787538125,0.007944603787538125,0.003972301893769062,1,0,1,0.4794460378753812,0.3205539621246187,0.003972301893769062,0.4794460378753812,0.3205539621246187,0,0.003972301893769062,0.003972301893769062,0,1
21.3,0.4782806179507401,0.3217193820492599,-0.007828061795074009,0.007828061795074009,0.003914030897537005,1,0,1,0.4782806179507401,0.3217193820492599,0.003914030897537005,0.4782806179507401,0.3217193820492599,0,0.003914030897537005,0.003914030897537005,0,1
21.45,0.4771314714754922,0.3228685285245077,-0.007713147147549224,0.007713147147549224,0.003856573573774612,1,0,1,0.4771314714754922,0.3228685285245077,0.003856573573774612,0.4771314714754922,0.3228685285245077,0,0.003856573573774612,0.003856573573774612,0,1
21.6,0.4759981926564563,0.3240018073435437,-0.00759981926564563,0.00759981926564563,0.003799909632822815,1,0,1,0.4759981926564563,0.3240018073435437,0.003799909632822815,0.4759981926564563,0.3240018073435437,0,0.003799909632822815,0.003799909632822815,0,1
21.75,0.4748803757004511,0.3251196242995489,-0.007488037570045109,0.007488037570045109,0.003744018785022554,1,0,1,0.4748803757004511,0.3251196242995489,0.003744018785022554,0.4748803757004511,0.3251196242995489,0,0.003744018785022554,0.003744018785022554,0,1
21.9,0.473777614814295,0.326222385185705,-0.007377761481429501,0.007377761481429501,0.003688880740714751,1,0,1,0.473777614814295,0.326222385185705,0.003688880740714751,0.473777614814295,0.326222385185705,0,0.003688880740714751,0.003688880740714751,0,1
22.05,0.4726895042048069,0.327310495795193,-0.007268950420480697,0.007268950420480697,0.003634475210240348,1,0,1,0.4726895042048069,0.327310495795193,0.003634475210240348,0.4726895042048069,0.327310495795193,0,0.003634475210240348,0.003634475210240348,0,1
22.2,0.4716156380788055,0.3283843619211945,-0.00716156380788055,0.00716156380788055,0.003580781903940275,1,0,1,0.4716156380788055,0.3283843619211945,0.003580781903940275,0.4716156380788055,0.3283843619211945,0,0.003580781903940275,0.003580781903940275,0,1
22.35,0.4705556106431094,0.3294443893568905,-0.007055561064310945,0.007055561064310945,0.003527780532155472,1,0,1,0.4705556106431094,0.3294443893568905,0.003527780532155472,0.4705556106431094,0.3294443893568905,0,0.003527780532155472,0.003527780532155472,0,1
22.5,0.4695090161045373,0.3304909838954626,-0.006950901610453736,0.006950901610453736,0.003475450805226868,1,0,1,0.4695090161045373,0.3304909838954626,0.003475450805226868,0.4695090161045373,0.3304909838954626,0,0.003475450805226868,0.003475450805226868,0,1
22.65,0.468484129115967,0.3315158708840329,-0.006848412911596703,0.006848412911596703,0.003424206455798351,1,0,1,0.468484129115967,0.3315158708840329,0.003424206455798351,0.468484129115967,0.3315158708840329,0,0.003424206455798351,0.003424206455798351,0,1
22.8,0.4674828697394693,0.3325171302605306,-0.006748286973946933,0.006748286973946933,0.003374143486973466,1,0,1,0.4674828697394693,0.3325171302605306,0.003374143486973466,0.4674828697394693,0.3325171302605306,0,0.003374143486973466,0.003374143486973466,0,1
22.95,0.4664964796362631,0.3335035203637369,-0.00664964796362631,0.00664964796362631,0.003324823981813155,1,0,1,0.4664964796362631,0.3335035203637369,0.003324823981813155,0.4664964796362631,0.3335035203637369,0,0.003324823981813155,0.003324823981813155,0,1
23.1,0.4655246731899805,0.3344753268100194,-0.006552467318998056,0.006552467318998056,0.003276233659499028,1,0,1,0.4655246731899805,0.3344753268100194,0.003276233659499028,0.4655246731899805,0.3344753268100194,0,0.003276233659499028,0.003276233659499028,0,1
23.25,0.4645671647842537,0.3354328352157462,-0.006456716478425373,0.006456716478425373,0.003228358239212687,1,0,1,0.4645671647842537,0.3354328352157462,0.003228358239212687,0.4645671647842537,0.3354328352157462,0,0.003228358239212687,0.003228358239212687,0,1
23.4,0.4636236688027147,0.3363763311972852,-0.006362366880271475,0.006362366880271475,0.003181183440135738,1,0,1,0.4636236688027147,0.3363763311972852,0.003181183440135738,0.4636236688027147,0.3363763311972852,0,0.003181183440135738,0.003181183440135738,0,1
23.55,0.4626938996289955,0.3373061003710044,-0.006269389962899552,0.006269389962899552,0.003134694981449776,1,0,1,0.4626938996289955,0.3373061003710044,0.003134694981449776,0.4626938996289955,0.3373061003710044,0,0.003134694981449776,0.003134694981449776,0,1
23.7,0.4617775716467283,0.3382224283532717,-0.006177757164672832,0.006177757164672832,0.003088878582336416,1,0,1,0.4617775716467283,0.3382224283532717,0.003088878582336416,0.4617775716467283,0.3382224283532717,0,0.003088878582336416,0.003088878582336416,0,1
23.85,0.460874399239545,0.3391256007604549,-0.006087439923954502,0.006087439923954502,0.003043719961977251,1,0,1,0.460874399239545,0.3391256007604549,0.003043719961977251,0.460874399239545,0.3391256007604549,0,0.003043719961977251,0.003043719961977251,0,1
24,0.4599840967910779,0.3400159032089221,-0.005998409679107791,0.005998409679107791,0.002999204839553896,1,0,1,0.4599840967910779,0.3400159032089221,0.002999204839553896,0.4599840967910779,0.3400159032089221,0,0.002999204839553896,0.002999204839553896,0,1
24.15,0.4591063786849588,0.3408936213150411,-0.005910637868495889,0.005910637868495889,0.002955318934247944,1,0,1,0.4591063786849588,0.3408936213150411,0.002955318934247944,0.4591063786849588,0.3408936213150411,0,0.002955318934247944,0.002955318934247944,0,1
24.3,0.45824095930482,0.3417590406951799,-0.005824095930482004,0.005824095930482004,0.002912047965241002,1,0,1,0.45824095930482,0.3417590406951799,0.002912047965241002,0.45824095930482,0.3417590406951799,0,0.002912047965241002,0.002912047965241002,0,1
24.45,0.4573875530342935,0.3426124469657064,-0.005738755303429355,0.005738755303429355,0.002869377651714678,1,0,1,0.4573875530342935,0.3426124469657064,0.002869377651714678,0.4573875530342935,0.3426124469657064,0,0.002869377651714678,0.002869377651714678,0,1
24.6,0.4565458742570114,0.3434541257429886,-0.005654587425701141,0.005654587425701141,0.00282729371285057,1,0,1,0.4565458742570114,0.3434541257429886,0.00282729371285057,0.4565458742570114,0.3434541257429886,0,0.00282729371285057,0.00282729371285057,0,1
24.75,0.4557156373566057,0.3442843626433942,-0.005571563735660573,0.005571563735660573,0.002785781867830287,1,0,1,0.4557156373566057,0.3442843626433942,0.002785781867830287,0.4557156373566057,0.3442843626433942,0,0.002785781867830287,0.002785781867830287,0,1
24.9,0.4548965567167085,0.3451034432832915,-0.005489655671670851,0.005489655671670851,0.002744827835835426,1,0,1,0.4548965567167085,0.3451034432832915,0.002744827835835426,0.4548965567167085,0.3451034432832915,0,0.002744827835835426,0.002744827835835426,0,1
25.05,0.4540883467209519,0.345911653279048,-0.005408834672095192,0.005408834672095192,0.002704417336047596,1,0,1,0.4540883467209519,0.345911653279048,0.002704417336047596,0.4540883467209519,0.345911653279048,0,0.002704417336047596,0.002704417336047596,0,1
25.2,0.453290721752968,0.346709278247032,-0.005329072175296801,0.005329072175296801,0.002664536087648401,1,0,1,0.453290721752968,0.346709278247032,0.002664536087648401,0.453290721752968,0.346709278247032,0,0.002664536087648401,0.002664536087648401,0,1
25.35,0.4525033961963887,0.3474966038036112,-0.005250339619638872,0.005250339619638872,0.002625169809819436,1,0,1,0.4525033961963887,0.3474966038036112,0.002625169809819436,0.4525033961963887,0.3474966038036112,0,0.002625169809819436,0.002625169809819436,0,1
25.5,0.4517260844348464,0.3482739155651535,-0.005172608443484644,0.005172608443484644,0.002586304221742322,1,0,1,0.4517260844348464,0.3482739155651535,0.002586304221742322,0.4517260844348464,0.3482739155651535,0,0.002586304221742322,0.002586304221742322,0,1
25.65,0.4509585008519728,0.3490414991480271,-0.005095850085197285,0.005095850085197285,0.002547925042598642,1,0,1,0.4509585008519728,0.3490414991480271,0.002547925042598642,0.4509585008519728,0.3490414991480271,0,0.002547925042598642,0.002547925042598642,0,1
25.8,0.4502060021330325,0.3497939978669675,-0.00502060021330325,0.00502060021330325,0.002510300106651625,1,0,1,0.4502060021330325,0.3497939978669675,0.002510300106651625,0.4502060021330325,0.3497939978669675,0,0.002510300106651625,0.002510300106651625,0,1
25.95,0.4494715648254214,0.3505284351745785,-0.004947156482542143,0.004947156482542143,0.002473578241271071,1,0,1,0.4494715648254214,0.3505284351745785,0.002473578241271071,0.4494715648254214,0.3505284351745785,0,0.002473578241271071,0.002473578241271071,0,1
26.1,0.4487479477510141,0.3512520522489858,-0.004874794775101415,0.004874794775101415,0.002437397387550708,1,0,1,0.4487479477510141,0.3512520522489858,0.002437397387550708,0.4487479477510141,0.3512520522489858,0,0.002437397387550708,0.002437397387550708,0,1
26.25,0.4480349519574615,0.3519650480425384,-0.004803495195746155,0.004803495195746155,0.002401747597873078,1,0,1,0.4480349519574615,0.3519650480425384,0.002401747597873078,0.4480349519574615,0.3519650480425384,0,0.002401747597873078,0.002401747597873078,0,1
26.4,0.4473323784924143,0.3526676215075857,-0.004733237849241428,0.004733237849241428,0.002366618924620714,1,0,1,0.4473323784924143,0.3526676215075857,0.002366618924620714,0.4473323784924143,0.3526676215075857,0,0.002366618924620714,0.002366618924620714,0,1
26.55,0.4466400284035231,0.3533599715964769,-0.004664002840352311,0.004664002840352311,0.002332001420176155,1,0,1,0.4466400284035231,0.3533599715964769,0.002332001420176155,0.4466400284035231,0.3533599715964769,0,0.002332001420176155,0.002332001420176155,0,1
26.7,0.4459577027384389,0.3540422972615611,-0.004595770273843891,0.004595770273843891,0.002297885136921946,1,0,1,0.4459577027384389,0.3540422972615611,0.002297885136921946,0.4459577027384389,0.3540422972615611,0,0.002297885136921946,0.002297885136921946,0,1
26.85,0.4452852025448124,0.3547147974551876,-0.004528520254481238,0.004528520254481238,0.002264260127240619,1,0,1,0.4452852025448124,0.3547147974551876,0.002264260127240619,0.4452852025448124,0.3547147974551876,0,0.002264260127240619,0.002264260127240619,0,1
27,0.4446223288702942,0.3553776711297057,-0.004462232887029427,0.004462232887029427,0.002231116443514714,1,0,1,0.4446223288702942,0.3553776711297057,0.002231116443514714,0.4446223288702942,0.3553776711297057,0,0.002231116443514714,0.002231116443514714,0,1
27.15,0.4439688827625355,0.3560311172374644,-0.004396888276253552,0.004396888276253552,0.002198444138126776,1,0,1,0.4439688827625355,0.3560311172374644,0.002198444138126776,0.4439688827625355,0.3560311172374644,0,0.002198444138126776,0.002198444138126776,0,1
27.3,0.4433246652691865,0.3566753347308134,-0.004332466526918655,0.004332466526918655,0.002166233263459327,1,0,1,0.4433246652691865,0.3566753347308134,0.002166233263459327,0.4433246652691865,0.3566753347308134,0,0.002166233263459327,0.002166233263459327,0,1
27.45,0.4426894774378984,0.3573105225621015,-0.004268947743789847,0.004268947743789847,0.002134473871894923,1,0,1,0.4426894774378984,0.3573105225621015,0.002134473871894923,0.4426894774378984,0.3573105225621015,0,0.002134473871894923,0.002134473871894923,0,1
27.6,0.4420631203163218,0.3579368796836781,-0.004206312031632187,0.004206312031632187,0.002103156015816093,1,0,1,0.4420631203163218,0.3579368796836781,0.002103156015816093,0.4420631203163218,0.3579368796836781,0,0.002103156015816093,0.002103156015816093,0,1
27.75,0.4414453949521076,0.3585546050478924,-0.004144539495210759,0.004144539495210759,0.002072269747605379,1,0,1,0.4414453949521076,0.3585546050478924,0.002072269747605379,0.4414453949521076,0.3585546050478924,0,0.002072269747605379,0.002072269747605379,0,1
27.9,0.4408361023929063,0.3591638976070937,-0.00408361023929063,0.00408361023929063,0.002041805119645315,1,0,1,0.4408361023929063,0.3591638976070937,0.002041805119645315,0.4408361023929063,0.3591638976070937,0,0.002041805119645315,0.002041805119645315,0,1
28.05,0.4402350436863688,0.3597649563136311,-0.004023504368636888,0.004023504368636888,0.002011752184318444,1,0,1,0.4402350436863688,0.3597649563136311,0.002011752184318444,0.4402350436863688,0.3597649563136311,0,0.002011752184318444,0.002011752184318444,0,1
28.2,0.439642019880146,0.360357980119854,-0.003964201988014599,0.003964201988014599,0.001982100994007299,1,0,1,0.439642019880146,0.360357980119854,0.001982100994007299,0.439642019880146,0.360357980119854,0,0.001982100994007299,0.001982100994007299,0,1
28.35,0.4390568320218884,0.3609431679781115,-0.003905683202188848,0.003905683202188848,0.001952841601094424,1,0,1,0.4390568320218884,0.3609431679781115,0.001952841601094424,0.4390568320218884,0.3609431679781115,0,0.001952841601094424,0.001952841601094424,0,1
28.5,0.4384792811592471,0.3615207188407528,-0.003847928115924715,0.003847928115924715,0.001923964057962357,1,0,1,0.4384792811592471,0.3615207188407528,0.001923964057962357,0.4384792811592471,0.3615207188407528,0,0.001923964057962357,0.001923964057962357,0,1
28.65,0.4379091683398726,0.3620908316601273,-0.003790916833987268,0.003790916833987268,0.001895458416993634,1,0,1,0.4379091683398726,0.3620908316601273,0.001895458416993634,0.4379091683398726,0.3620908316601273,0,0.001895458416993634,0.001895458416993634,0,1
28.8,0.4373462946114158,0.3626537053885842,-0.003734629461141581,0.003734629461141581,0.001867314730570791,1,0,1,0.4373462946114158,0.3626537053885842,0.001867314730570791,0.4373462946114158,0.3626537053885842,0,0.001867314730570791,0.001867314730570791,0,1
28.95,0.4367936954668752,0.3632063045331247,-0.003679369546687522,0.003679369546687522,0.001839684773343761,1,0,1,0.4367936954668752,0.3632063045331247,0.001839684773343761,0.4367936954668752,0.3632063045331247,0,0.001839684773343761,0.001839684773343761,0,1
29.1,0.4362543890195193,0.3637456109804806,-0.003625438901951933,0.003625438901951933,0.001812719450975967,1,0,1,0.4362543890195193,0.3637456109804806,0.001812719450975967,0.4362543890195193,0.3637456109804806,0,0.001812719450975967,0.001812719450975967,0,1
29.25,0.4357230293479004,0.3642769706520995,-0.003572302934790045,0.003572302934790045,0.001786151467395023,1,0,1,0.4357230293479004,0.3642769706520995,0.001786151467395023,0.4357230293479004,0.3642769706520995,0,0.001786151467395023,0.001786151467395023,0,1
29.4,0.4351994756673774,0.3648005243326225,-0.003519947566737747,0.003519947566737747,0.001759973783368873,1,0,1,0.4351994756673774,0.3648005243326225,0.001759973783368873,0.4351994756673774,0.3648005243326225,0,0.001759973783368873,0.001759973783368873,0,1
29.55,0.4346835871933092,0.3653164128066907,-0.003468358719330922,0.003468358719330922,0.001734179359665461,1,0,1,0.4346835871933092,0.3653164128066907,0.001734179359665461,0.4346835871933092,0.3653164128066907,0,0.001734179359665461,0.001734179359665461,0,1
29.7,0.4341752231410545,0.3658247768589454,-0.003417522314105454,0.003417522314105454,0.001708761157052727,1,0,1,0.4341752231410545,0.3658247768589454,0.001708761157052727,0.4341752231410545,0.3658247768589454,0,0.001708761157052727,0.001708761157052727,0,1
29.85,0.4336742427259723,0.3663257572740277,-0.00336742427259723,0.00336742427259723,0.001683712136298615,1,0,1,0.4336742427259723,0.3663257572740277,0.001683712136298615,0.4336742427259723,0.3663257572740277,0,0.001683712136298615,0.001683712136298615,0,1
30,0.4331805051634212,0.3668194948365787,-0.003318050516342125,0.003318050516342125,0.001659025258171062,1,0,1,0.4331805051634212,0.3668194948365787,0.001659025258171062,0.4331805051634212,0.3668194948365787,0,0.001659025258171062,0.001659025258171062,0,1
30.15,0.4326938696687603,0.3673061303312396,-0.003269386966876037,0.003269386966876037,0.001634693483438018,1,0,1,0.4326938696687603,0.3673061303312396,0.001634693483438018,0.4326938696687603,0.3673061303312396,0,0.001634693483438018,0.001634693483438018,0,1
30.3,0.4322141954573482,0.3677858045426517,-0.003221419545734827,0.003221419545734827,0.001610709772867414,1,0,1,0.4322141954573482,0.3677858045426517,0.001610709772867414,0.4322141954573482,0.3677858045426517,0,0.001610709772867414,0.001610709772867414,0,1
30.45,0.4317413417445439,0.3682586582554561,-0.003174134174454391,0.003174134174454391,0.001587067087227195,1,0,1,0.4317413417445439,0.3682586582554561,0.001587067087227195,0.4317413417445439,0.3682586582554561,0,0.001587067087227195,0.001587067087227195,0,1
30.6,0.4312751677457062,0.3687248322542937,-0.003127516774570627,0.003127516774570627,0.001563758387285313,1,0,1,0.4312751677457062,0.3687248322542937,0.001563758387285313,0.4312751677457062,0.3687248322542937,0,0.001563758387285313,0.001563758387285313,0,1
30.75,0.4308155326761938,0.3691844673238061,-0.003081553267619386,0.003081553267619386,0.001540776633809693,1,0,1,0.4308155326761938,0.3691844673238061,0.001540776633809693,0.4308155326761938,0.3691844673238061,0,0.001540776633809693,0.001540776633809693,0,1
30.9,0.4303622957513658,0.3696377042486342,-0.003036229575136579,0.003036229575136579,0.001518114787568289,1,0,1,0.4303622957513658,0.3696377042486342,0.001518114787568289,0.4303622957513658,0.3696377042486342,0,0.001518114787568289,0.001518114787568289,0,1
31.05,0.4299153161865807,0.3700846838134192,-0.002991531618658072,0.002991531618658072,0.001495765809329036,1,0,1,0.4299153161865807,0.3700846838134192,0.001495765809329036,0.4299153161865807,0.3700846838134192,0,0.001495765809329036,0.001495765809329036,0,1
31.2,0.4294744531971975,0.3705255468028025,-0.002947445319719749,0.002947445319719749,0.001473722659859875,1,0,1,0.4294744531971975,0.3705255468028025,0.001473722659859875,0.4294744531971975,0.3705255468028025,0,0.001473722659859875,0.001473722659859875,0,1
31.35,0.4290395659985751,0.3709604340014248,-0.002903956599857516,0.002903956599857516,0.001451978299928758,1,0,1,0.4290395659985751,0.3709604340014248,0.001451978299928758,0.4290395659985751,0.3709604340014248,0,0.001451978299928758,0.001451978299928758,0,1
31.5,0.4286105138060722,0.3713894861939277,-0.002861051380607227,0.002861051380607227,0.001430525690303614,1,0,1,0.4286105138060722,0.3713894861939277,0.001430525690303614,0.4286105138060722,0.3713894861939277,0,0.001430525690303614,0.001430525690303614,0,1
31.65,0.4281871558350478,0.3718128441649521,-0.002818715583504783,0.002818715583504783,0.001409357791752391,1,0,1,0.4281871558350478,0.3718128441649521,0.001409357791752391,0.4281871558350478,0.3718128441649521,0,0.001409357791752391,0.001409357791752391,0,1
31.8,0.4277693513008605,0.3722306486991394,-0.002776935130086056,0.002776935130086056,0.001388467565043028,1,0,1,0.4277693513008605,0.3722306486991394,0.001388467565043028,0.4277693513008605,0.3722306486991394,0,0.001388467565043028,0.001388467565043028,0,1
31.95,0.4273569594188694,0.3726430405811306,-0.00273569594188694,0.00273569594188694,0.00136784797094347,1,0,1,0.4273569594188694,0.3726430405811306,0.00136784797094347,0.4273569594188694,0.3726430405811306,0,0.00136784797094347,0.00136784797094347,0,1
32.1,0.4269516135660495,0.3730483864339504,-0.002695161356604958,0.002695161356604958,0.001347580678302479,1,0,1,0.4269516135660495,0.3730483864339504,0.001347580678302479,0.4269516135660495,0.3730483864339504,0,0.001347580678302479,0.001347580678302479,0,1
32.25,0.4265559701958849,0.373444029804115,-0.002655597019588496,0.002655597019588496,0.001327798509794248,1,0,1,0.4265559701958849,0.373444029804115,0.001327798509794248,0.4265559701958849,0.373444029804115,0,0.001327798509794248,0.001327798509794248,0,1
32.4,0.4261661763198888,0.3738338236801111,-0.002616617631988888,0.002616617631988888,0.001308308815994444,1,0,1,0.4261661763198888,0.3738338236801111,0.001308308815994444,0.4261661763198888,0.3738338236801111,0,0.001308308815994444,0.001308308815994444,0,1
32.55,0.4257821295678851,0.3742178704321148,-0.002578212956788517,0.002578212956788517,0.001289106478394259,1,0,1,0.4257821295678851,0.3742178704321148,0.001289106478394259,0.4257821295678851,0.3742178704321148,0,0.001289106478394259,0.001289106478394259,0,1
32.7,0.4254037275696975,0.3745962724303024,-0.002540372756969755,0.002540372756969755,0.001270186378484878,1,0,1,0.4254037275696975,0.3745962724303024,0.001270186378484878,0.4254037275696975,0.3745962724303024,0,0.001270186378484878,0.001270186378484878,0,1
32.85,0.4250308679551496,0.3749691320448503,-0.002503086795514964,0.002503086795514964,0.001251543397757482,1,0,1,0.4250308679551496,0.3749691320448503,0.001251543397757482,0.4250308679551496,0.3749691320448503,0,0.001251543397757482,0.001251543397757482,0,1
33,0.4246634483540651,0.3753365516459349,-0.002466344835406509,0.002466344835406509,0.001233172417703254,1,0,1,0.4246634483540651,0.3753365516459349,0.001233172417703254,0.4246634483540651,0.3753365516459349,0,0.001233172417703254,0.001233172417703254,0,1
33.15,0.4243013663962676,0.3756986336037323,-0.002430136639626762,0.002430136639626762,0.001215068319813381,1,0,1,0.4243013663962676,0.3756986336037323,0.001215068319813381,0.4243013663962676,0.3756986336037323,0,0.001215068319813381,0.001215068319813381,0,1
33.3,0.4239445197115809,0.376055480288419,-0.002394451971158096,0.002394451971158096,0.001197225985579048,1,0,1,0.4239445197115809,0.376055480288419,0.001197225985579048,0.4239445197115809,0.376055480288419,0,0.001197225985579048,0.001197225985579048,0,1
33.45,0.4235928059298288,0.3764071940701711,-0.002359280592982888,0.002359280592982888,0.001179640296491444,1,0,1,0.4235928059298288,0.3764071940701711,0.001179640296491444,0.4235928059298288,0.3764071940701711,0,0.001179640296491444,0.001179640296491444,0,1
33.6,0.4232461226808349,0.376753877319165,-0.002324612268083493,0.002324612268083493,0.001162306134041746,1,0,1,0.4232461226808349,0.376753877319165,0.001162306134041746,0.4232461226808349,0.376753877319165,0,0.001162306134041746,0.001162306134041746,0,1
33.75,0.4229043675944228,0.3770956324055771,-0.002290436759442283,0.002290436759442283,0.001145218379721141,1,0,1,0.4229043675944228,0.3770956324055771,0.001145218379721141,0.4229043675944228,0.3770956324055771,0,0.001145218379721141,0.001145218379721141,0,1
33.9,0.4225674383004162,0.3774325616995837,-0.002256743830041624,0.002256743830041624,0.001128371915020812,1,0,1,0.4225674383004162,0.3774325616995837,0.001128371915020812,0.4225674383004162,0.3774325616995837,0,0.001128371915020812,0.001128371915020812,0,1
34.05,0.4222352324286389,0.377764767571361,-0.002223523242863895,0.002223523242863895,0.001111761621431948,1,0,1,0.4222352324286389,0.377764767571361,0.001111761621431948,0.4222352324286389,0.377764767571361,0,0.001111761621431948,0.001111761621431948,0,1
34.2,0.4219076476089146,0.3780923523910853,-0.002190764760891467,0.002190764760891467,0.001095382380445734,1,0,1,0.4219076476089146,0.3780923523910853,0.001095382380445734,0.4219076476089146,0.3780923523910853,0,0.001095382380445734,0.001095382380445734,0,1
34.35,0.421584581471067,0.378415418528933,-0.002158458147106701,0.002158458147106701,0.001079229073553351,1,0,1,0.421584581471067,0.378415418528933,0.001079229073553351,0.421584581471067,0.378415418528933,0,0.001079229073553351,0.001079229073553351,0,1
34.5,0.4212659316449196,0.3787340683550803,-0.002126593164491963,0.002126593164491963,0.001063296582245982,1,0,1,0.4212659316449196,0.3787340683550803,0.001063296582245982,0.4212659316449196,0.3787340683550803,0,0.001063296582245982,0.001063296582245982,0,1
34.65,0.4209515957602963,0.3790484042397037,-0.002095159576029632,0.002095159576029632,0.001047579788014816,1,0,1,0.4209515957602963,0.3790484042397037,0.001047579788014816,0.4209515957602963,0.3790484042397037,0,0.001047579788014816,0.001047579788014816,0,1
34.8,0.4206414714470207,0.3793585285529792,-0.002064147144702078,0.002064147144702078,0.001032073572351039,1,0,1,0.4206414714470207,0.3793585285529792,0.001032073572351039,0.4206414714470207,0.3793585285529792,0,0.001032073572351039,0.001032073572351039,0,1
34.95,0.4203354563349166,0.3796645436650833,-0.002033545633491663,0.002033545633491663,0.001016772816745831,1,0,1,0.4203354563349166,0.3796645436650833,0.001016772816745831,0.4203354563349166,0.3796645436650833,0,0.001016772816745831,0.001016772816745831,0,1
35.1,0.4200334480538075,0.3799665519461924,-0.002003344805380752,0.002003344805380752,0.001001672402690376,1,0,1,0.4200334480538075,0.3799665519461924,0.001001672402690376,0.4200334480538075,0.3799665519461924,0,0.001001672402690376,0.001001672402690376,0,1
35.25,0.4197360129306433,0.3802639870693566,-0.001973601293064336,0.001973601293064336,0.0009868006465321682,1,0,1,0.4197360129306433,0.3802639870693566,0.0009868006465321682,0.4197360129306433,0.3802639870693566,0,0.0009868006465321682,0.0009868006465321682,0,1
35.4,0.4194447426767716,0.3805552573232283,-0.001944474267677165,0.001944474267677165,0.0009722371338385827,1,0,1,0.4194447426767716,0.3805552573232283,0.0009722371338385827,0.4194447426767716,0.3805552573232283,0,0.0009722371338385827,0.0009722371338385827,0,1
35.55,0.4191576835346064,0.3808423164653936,-0.00191576835346064,0.00191576835346064,0.0009578841767303198,1,0,1,0.4191576835346064,0.3808423164653936,0.0009578841767303198,0.4191576835346064,0.3808423164653936,0,0.0009578841767303198,0.0009578841767303198,0,1
35.7,0.418874771290986,0.3811252287090139,-0.001887477129098608,0.001887477129098608,0.0009437385645493041,1,0,1,0.418874771290986,0.3811252287090139,0.0009437385645493041,0.418874771290986,0.3811252287090139,0,0.0009437385645493041,0.0009437385645493041,0,1
35.85,0.4185959428773655,0.3814040571226344,-0.001859594287736555,0.001859594287736555,0.0009297971438682773,1,0,1,0.4185959428773655,0.3814040571226344,0.0009297971438682773,0.4185959428773655,0.3814040571226344,0,0.0009297971438682773,0.0009297971438682773,0,1
36,0.4183211363698157,0.3816788636301843,-0.00183211363698157,0.00183211363698157,0.0009160568184907848,1,0,1,0.4183211363698157,0.3816788636301843,0.0009160568184907848,0.4183211363698157,0.3816788636301843,0,0.0009160568184907848,0.0009160568184907848,0,1
36.15,0.418050290989024,0.381949709010976,-0.0018050290989024,0.0018050290989024,0.0009025145494511999,1,0,1,0.418050290989024,0.381949709010976,0.0009025145494511999,0.418050290989024,0.381949709010976,0,0.0009025145494511999,0.0009025145494511999,0,1
36.3,0.4177833471002939,0.382216652899706,-0.001778334710029395,0.001778334710029395,0.0008891673550146973,1,0,1,0.4177833471002939,0.382216652899706,0.0008891673550146973,0.4177833471002939,0.382216652899706,0,0.0008891673550146973,0.0008891673550146973,0,1
36.45,0.4175202462135453,0.3824797537864546,-0.001752024621354537,0.001752024621354537,0.0008760123106772683,1,0,1,0.4175202462135453,0.3824797537864546,0.0008760123106772683,0.4175202462135453,0.3824797537864546,0,0.0008760123106772683,0.0008760123106772683,0,1
36.6,0.4172609309833143,0.3827390690166856,-0.001726093098331438,0.001726093098331438,0.0008630465491657191,1,0,1,0.4172609309833143,0.3827390690166856,0.0008630465491657191,0.4172609309833143,0.3827390690166856,0,0.0008630465491657191,0.0008630465491657191,0,1
36.75,0.4170053452087536,0.3829946547912463,-0.001700534520875363,0.001700534520875363,0.0008502672604376815,1,0,1,0.4170053452087536,0.3829946547912463,0.0008502672604376815,0.4170053452087536,0.3829946547912463,0,0.0008502672604376815,0.0008502672604376815,0,1
36.9,0.4167534338336315,0.3832465661663684,-0.001675343383363154,0.001675343383363154,0.0008376716916815769,1,0,1,0.4167534338336315,0.3832465661663684,0.0008376716916815769,0.4167534338336315,0.3832465661663684,0,0.0008376716916815769,0.0008376716916815769,0,1
37.05,0.4165051429463331,0.3834948570536668,-0.001650514294633315,0.001650514294633315,0.0008252571473166576,1,0,1,0.4165051429463331,0.3834948570536668,0.0008252571473166576,0.4165051429463331,0.3834948570536668,0,0.0008252571473166576,0.0008252571473166576,0,1
37.2,0.4162604197798597,0.3837395802201402,-0.001626041977985976,0.001626041977985976,0.000813020988992988,1,0,1,0.4162604197798597,0.3837395802201402,0.000813020988992988,0.4162604197798597,0.3837395802201402,0,0.000813020988992988,0.000813020988992988,0,1
37.35,0.4160192127118288,0.3839807872881711,-0.001601921271182882,0.001601921271182882,0.0008009606355914412,1,0,1,0.4160192127118288,0.3839807872881711,0.0008009606355914412,0.4160192127118288,0.3839807872881711,0,0.0008009606355914412,0.0008009606355914412,0,1
37.5,0.415781471264474,0.3842185287355259,-0.001578147126447405,0.001578147126447405,0.0007890735632237023,1,0,1,0.415781471264474,0.3842185287355259,0.0007890735632237023,0.415781471264474,0.3842185287355259,0,0.0007890735632237023,0.0007890735632237023,0,1
37.65,0.4155471461046456,0.3844528538953543,-0.001554714610464564,0.001554714610464564,0.0007773573052322819,1,0,1,0.4155471461046456,0.3844528538953543,0.0007773573052322819,0.4155471461046456,0.3844528538953543,0,0.0007773573052322819,0.0007773573052322819,0,1
37.8,0.4153161890438098,0.3846838109561901,-0.001531618904380988,0.001531618904380988,0.000765809452190494,1,0,1,0.4153161890438098,0.3846838109561901,0.000765809452190494,0.4153161890438098,0.3846838109561901,0,0.000765809452190494,0.000765809452190494,0,1
37.95,0.4150885530380493,0.3849114469619506,-0.001508855303804935,0.001508855303804935,0.0007544276519024673,1,0,1,0.4150885530380493,0.3849114469619506,0.0007544276519024673,0.4150885530380493,0.3849114469619506,0,0.0007544276519024673,0.0007544276519024673,0,1
38.1,0.4148641921880629,0.385135807811937,-0.001486419218806295,0.001486419218806295,0.0007432096094031476,1,0,1,0.4148641921880629,0.385135807811937,0.0007432096094031476,0.4148641921880629,0.385135807811937,0,0.0007432096094031476,0.0007432096094031476,0,1
38.25,0.4146430617391657,0.3853569382608342,-0.001464306173916574,0.001464306173916574,0.0007321530869582871,1,0,1,0.4146430617391657,0.3853569382608342,0.0007321530869582871,0.4146430617391657,0.3853569382608342,0,0.0007321530869582871,0.0007321530869582871,0,1
38.4,0.4144251187746111,0.3855748812253888,-0.001442511877461117,0.001442511877461117,0.0007212559387305584,1,0,1,0.4144251187746111,0.3855748812253888,0.0007212559387305584,0.4144251187746111,0.3855748812253888,0,0.0007212559387305584,0.0007212559387305584,0,1
38.55,0.4142103236036813,0.3857896763963186,-0.001421032360368135,0.001421032360368135,0.0007105161801840677,1,0,1,0.4142103236036813,0.3857896763963186,0.0007105161801840677,0.4142103236036813,0.3857896763963186,0,0.0007105161801840677,0.0007105161801840677,0,1
38.7,0.4139986321433064,0.3860013678566935,-0.001399863214330643,0.001399863214330643,0.0006999316071653217,1,0,1,0.4139986321433064,0.3860013678566935,0.0006999316071653217,0.4139986321433064,0.3860013678566935,0,0.0006999316071653217,0.0006999316071653217,0,1
38.85,0.4137900042700707,0.3862099957299293,-0.001379000427007071,0.001379000427007071,0.0006895002135035356,1,0,1,0.4137900042700707,0.3862099957299293,0.0006895002135035356,0.4137900042700707,0.3862099957299293,0,0.0006895002135035356,0.0006895002135035356,0,1
39,0.4135844010067616,0.3864155989932384,-0.001358440100676162,0.001358440100676162,0.0006792200503380808,1,0,1,0.4135844010067616,0.3864155989932384,0.0006792200503380808,0.4135844010067616,0.3864155989932384,0,0.0006792200503380808,0.0006792200503380808,0,1
39.15,0.4133817845223697,0.3866182154776302,-0.001338178452236977,0.001338178452236977,0.0006690892261184884,1,0,1,0.4133817845223697,0.3866182154776302,0.0006690892261184884,0.4133817845223697,0.3866182154776302,0,0.0006690892261184884,0.0006690892261184884,0,1
39.3,0.4131821181320887,0.3868178818679113,-0.00131821181320887,0.00131821181320887,0.0006591059066044348,1,0,1,0.4131821181320887,0.3868178818679113,0.0006591059066044348,0.4131821181320887,0.3868178818679113,0,0.0006591059066044348,0.0006591059066044348,0,1
39.45,0.4129853662973155,0.3870146337026845,-0.00129853662973155,0.00129853662973155,0.0006492683148657752,1,0,1,0.4129853662973155,0.3870146337026845,0.0006492683148657752,0.4129853662973155,0.3870146337026845,0,0.0006492683148657752,0.0006492683148657752,0,1
39.6,0.4127914946256501,0.3872085053743498,-0.001279149462565016,0.001279149462565016,0.0006395747312825079,1,0,1,0.4127914946256501,0.3872085053743498,0.0006395747312825079,0.4127914946256501,0.3872085053743498,0,0.0006395747312825079,0.0006395747312825079,0,1
39.75,0.4126004698708957,0.3873995301291043,-0.001260046987089569,0.001260046987089569,0.0006300234935447846,1,0,1,0.4126004698708957,0.3873995301291043,0.0006300234935447846,0.4126004698708957,0.3873995301291043,0,0.0006300234935447846,0.0006300234935447846,0,1
39.9,0.4124122599330586,0.3875877400669414,-0.001241225993305861,0.001241225993305861,0.0006206129966529306,1,0,1,0.4124122599330586,0.3875877400669414,0.0006206129966529306,0.4124122599330586,0.3875877400669414,0,0.0006206129966529306,0.0006206129966529306,0,1
40.05,0.4122268338583484,0.3877731661416516,-0.001222683385834838,0.001222683385834838,0.0006113416929174192,1,0,1,0.4122268338583484,0.3877731661416516,0.0006113416929174192,0.4122268338583484,0.3877731661416516,0,0.0006113416929174192,0.0006113416929174192,0,1
40.2,0.4120441618391777,0.3879558381608222,-0.001204416183917773,0.001204416183917773,0.0006022080919588863,1,0,1,0.4120441618391777,0.3879558381608222,0.0006022080919588863,0.4120441618391777,0.3879558381608222,0,0.0006022080919588863,0.0006022080919588863,0,1
40.35,0.4118642152141623,0.3881357847858377,-0.001186421521416231,0.001186421521416231,0.0005932107607081156,1,0,1,0.4118642152141623,0.3881357847858377,0.0005932107607081156,0.4118642152141623,0.3881357847858377,0,0.0005932107607081156,0.0005932107607081156,0,1
40.5,0.4116869664681212,0.3883130335318787,-0.001168696646812123,0.001168696646812123,0.0005843483234060615,1,0,1,0.4116869664681212,0.3883130335318787,0.0005843483234060615,0.4116869664681212,0.3883130335318787,0,0.0005843483234060615,0.0005843483234060615,0,1
40.65,0.4115123892320766,0.3884876107679233,-0.001151238923207665,0.001151238923207665,0.0005756194616038324,1,0,1,0.4115123892320766,0.3884876107679233,0.0005756194616038324,0.4115123892320766,0.3884876107679233,0,0.0005756194616038324,0.0005756194616038324,0,1
40.8,0.4113404582832537,0.3886595417167462,-0.001134045828325375,0.001134045828325375,0.0005670229141626876,1,0,1,0.4113404582832537,0.3886595417167462,0.0005670229141626876,0.4113404582832537,0.3886595417167462,0,0.0005670229141626876,0.0005670229141626876,0,1
40.95,0.411171149545081,0.3888288504549189,-0.001117114954508103,0.001117114954508103,0.0005585574772540514,1,0,1,0.411171149545081,0.3888288504549189,0.0005585574772540514,0.411171149545081,0.3888288504549189,0,0.0005585574772540514,0.0005585574772540514,0,1
41.1,0.4110044400871901,0.3889955599128099,-0.001100444008719009,0.001100444008719009,0.0005502220043595047,1,0,1,0.4110044400871901,0.3889955599128099,0.0005502220043595047,0.4110044400871901,0.3889955599128099,0,0.0005502220043595047,0.0005502220043595047,0,1
41.25,0.4108403081254157,0.3891596918745842,-0.001084030812541575,0.001084030812541575,0.0005420154062707877,1,0,1,0.4108403081254157,0.3891596918745842,0.0005420154062707877,0.4108403081254157,0.3891596918745842,0,0.0005420154062707877,0.0005420154062707877,0,1
41.4,0.4106787330217958,0.3893212669782041,-0.001067873302179584,0.001067873302179584,0.0005339366510897919,1,0,1,0.4106787330217958,0.3893212669782041,0.0005339366510897919,0.4106787330217958,0.3893212669782041,0,0.0005339366510897919,0.0005339366510897919,0,1
41.55,0.4105195247034841,0.3894804752965159,-0.001051952470348411,0.001051952470348411,0.0005259762351742054,1,0,1,0.4105195247034841,0.3894804752965159,0.0005259762351742054,0.4105195247034841,0.3894804752965159,0,0.0005259762351742054,0.0005259762351742054,0,1
41.7,0.4103614846949806,0.3896385153050193,-0.001036148469498066,0.001036148469498066,0.000518074234749033,1,0,1,0.4103614846949806,0.3896385153050193,0.000518074234749033,0.4103614846949806,0.3896385153050193,0,0.000518074234749033,0.000518074234749033,0,1
41.85,0.4102056870612698,0.3897943129387301,-0.001020568706126984,0.001020568706126984,0.0005102843530634921,1,0,1,0.4102056870612698,0.3897943129387301,0.0005102843530634921,0.4102056870612698,0.3897943129387301,0,0.0005102843530634921,0.0005102843530634921,0,1
42,0.4100520962878474,0.3899479037121525,-0.001005209628784742,0.001005209628784742,0.0005026048143923712,1,0,1,0.4100520962878474,0.3899479037121525,0.0005026048143923712,0.4100520962878474,0.3899479037121525,0,0.0005026048143923712,0.0005026048143923712,0,1
42.15,0.4099006774204833,0.3900993225795167,-0.0009900677420483285,0.0009900677420483285,0.0004950338710241642,1,0,1,0.4099006774204833,0.3900993225795167,0.0004950338710241642,0.4099006774204833,0.3900993225795167,0,0.0004950338710241642,0.0004950338710241642,0,1
42.3,0.4097513960652208,0.3902486039347791,-0.0009751396065220852,0.0009751396065220852,0.0004875698032610426,1,0,1,0.4097513960652208,0.3902486039347791,0.0004875698032610426,0.4097513960652208,0.3902486039347791,0,0.0004875698032610426,0.0004875698032610426,0,1
42.45,0.4096042183883775,0.3903957816116224,-0.000960421838837755,0.000960421838837755,0.0004802109194188775,1,0,1,0.4096042183883775,0.3903957816116224,0.0004802109194188775,0.4096042183883775,0.3903957816116224,0,0.0004802109194188775,0.0004802109194188775,0,1
42.6,0.4094591111165444,0.3905408888834556,-0.0009459111116544406,0.0009459111116544406,0.0004729555558272203,1,0,1,0.4094591111165444,0.3905408888834556,0.0004729555558272203,0.4094591111165444,0.3905408888834556,0,0.0004729555558272203,0.0004729555558272203,0,1
42.75,0.4093160415365865,0.3906839584634135,-0.0009316041536586495,0.0009316041536586495,0.0004658020768293248,1,0,1,0.4093160415365865,0.3906839584634135,0.0004658020768293248,0.4093160415365865,0.3906839584634135,0,0.0004658020768293248,0.0004658020768293248,0,1
42.9,0.4091749774956424,0.3908250225043576,-0.000917497749564239,0.000917497749564239,0.0004587488747821195,1,0,1,0.4091749774956424,0.3908250225043576,0.0004587488747821195,0.4091749774956424,0.3908250225043576,0,0.0004587488747821195,0.0004587488747821195,0,1
43.05,0.4090358874011247,0.3909641125988753,-0.000903588740112471,0.000903588740112471,0.0004517943700562355,1,0,1,0.4090358874011247,0.3909641125988753,0.0004517943700562355,0.4090358874011247,0.3909641125988753,0,0.0004517943700562355,0.0004517943700562355,0,1
43.2,0.4088987402207198,0.3911012597792802,-0.0008898740220719793,0.0008898740220719793,0.0004449370110359896,1,0,1,0.4088987402207198,0.3911012597792802,0.0004449370110359896,0.4088987402207198,0.3911012597792802,0,0.0004449370110359896,0.0004449370110359896,0,1
43.35,0.4087635054823877,0.3912364945176122,-0.0008763505482387746,0.0008763505482387746,0.0004381752741193873,1,0,1,0.4087635054823877,0.3912364945176122,0.0004381752741193873,0.4087635054823877,0.3912364945176122,0,0.0004381752741193873,0.0004381752741193873,0,1
43.5,0.4086301532743625,0.3913698467256375,-0.0008630153274362507,0.0008630153274362507,0.0004315076637181254,1,0,1,0.4086301532743625,0.3913698467256375,0.0004315076637181254,0.4086301532743625,0.3913698467256375,0,0.0004315076637181254,0.0004315076637181254,0,1
43.65,0.4084986542451519,0.3915013457548481,-0.0008498654245151894,0.0008498654245151894,0.0004249327122575947,1,0,1,0.4084986542451519,0.3915013457548481,0.0004249327122575947,0.4084986542451519,0.3915013457548481,0,0.0004249327122575947,0.0004249327122575947,0,1
43.8,0.4083689796035372,0.3916310203964627,-0.0008368979603537275,0.0008368979603537275,0.0004184489801768637,1,0,1,0.4083689796035372,0.3916310203964627,0.0004184489801768637,0.4083689796035372,0.3916310203964627,0,0.0004184489801768637,0.0004184489801768637,0,1
43.95,0.4082411011185741,0.3917588988814258,-0.0008241101118574179,0.0008241101118574179,0.000412055055928709,1,0,1,0.4082411011185741,0.3917588988814258,0.000412055055928709,0.4082411011185741,0.3917588988814258,0,0.000412055055928709,0.000412055055928709,0,1
44.1,0.4081149911195915,0.3918850088804083,-0.0008114991119591603,0.0008114991119591603,0.0004057495559795801,1,0,1,0.4081149911195915,0.3918850088804083,0.0004057495559795801,0.4081149911195915,0.3918850088804083,0,0.0004057495559795801,0.0004057495559795801,0,1
44.25,0.4079906224961926,0.3920093775038073,-0.0007990622496192646,0.0007990622496192646,0.0003995311248096323,1,0,1,0.4079906224961926,0.3920093775038073,0.0003995311248096323,0.4079906224961926,0.3920093775038073,0,0.0003995311248096323,0.0003995311248096323,0,1
44.4,0.4078679686982539,0.3921320313017461,-0.0007867968698253903,0.0007867968698253903,0.0003933984349126951,1,0,1,0.4078679686982539,0.3921320313017461,0.0003933984349126951,0.4078679686982539,0.3921320313017461,0,0.0003933984349126951,0.0003933984349126951,0,1
44.55,0.407747003735926,0.3922529962640739,-0.0007747003735926018,0.0007747003735926018,0.0003873501867963009,1,0,1,0.407747003735926,0.3922529962640739,0.0003873501867963009,0.407747003735926,0.3922529962640739,0,0.0003873501867963009,0.0003873501867963009,0,1
44.7,0.4076277021796332,0.3923722978203667,-0.0007627702179633267,0.0007627702179633267,0.0003813851089816634,1,0,1,0.4076277021796332,0.3923722978203667,0.0003813851089816634,0.4076277021796332,0.3923722978203667,0,0.0003813851089816634,0.0003813851089816634,0,1
44.85,0.4075100391600738,0.3924899608399261,-0.0007510039160073868,0.0007510039160073868,0.0003755019580036934,1,0,1,0.4075100391600738,0.3924899608399261,0.0003755019580036934,0.4075100391600738,0.3924899608399261,0,0.0003755019580036934,0.0003755019580036934,0,1
45,0.4073939903682197,0.3926060096317803,-0.0007393990368219695,0.0007393990368219695,0.0003696995184109847,1,0,1,0.4073939903682197,0.3926060096317803,0.0003696995184109847,0.4073939903682197,0.3926060096317803,0,0.0003696995184109847,0.0003696995184109847,0,1
45.15,0.4072795320553166,0.3927204679446833,-0.0007279532055316618,0.0007279532055316618,0.0003639766027658309,1,0,1,0.4072795320553166,0.3927204679446833,0.0003639766027658309,0.4072795320553166,0.3927204679446833,0,0.0003639766027658309,0.0003639766027658309,0,1
45.3,0.4071666410328841,0.3928333589671159,-0.0007166641032884113,0.0007166641032884113,0.0003583320516442057,1,0,1,0.4071666410328841,0.3928333589671159,0.0003583320516442057,0.4071666410328841,0.3928333589671159,0,0.0003583320516442057,0.0003583320516442057,0,1
45.45,0.4070552946727155,0.3929447053272845,-0.0007055294672715485,0.0007055294672715485,0.0003527647336357742,1,0,1,0.4070552946727155,0.3929447053272845,0.0003527647336357742,0.4070552946727155,0.3929447053272845,0,0.0003527647336357742,0.0003527647336357742,0,1
45.6,0.4069454709068779,0.3930545290931221,-0.0006945470906877916,0.0006945470906877916,0.0003472735453438958,1,0,1,0.4069454709068779,0.3930545290931221,0.0003472735453438958,0.4069454709068779,0.3930545290931221,0,0.0003472735453438958,0.0003472735453438958,0,1
45.75,0.4068371482277124,0.3931628517722875,-0.000683714822771242,0.000683714822771242,0.000341857411385621,1,0,1,0.4068371482277124,0.3931628517722875,0.000341857411385621,0.4068371482277124,0.3931628517722875,0,0.000341857411385621,0.000341857411385621,0,1
45.9,0.4067303056878337,0.3932696943121662,-0.0006730305687833726,0.0006730305687833726,0.0003365152843916863,1,0,1,0.4067303056878337,0.3932696943121662,0.0003365152843916863,0.4067303056878337,0.3932696943121662,0,0.0003365152843916863,0.0003365152843916863,0,1
46.05,0.4066249229001304,0.3933750770998695,-0.0006624922900130448,0.0006624922900130448,0.0003312461450065224,1,0,1,0.4066249229001304,0.3933750770998695,0.0003312461450065224,0.4066249229001304,0.3933750770998695,0,0.0003312461450065224,0.0003312461450065224,0,1
46.2,0.4065209800377648,0.3934790199622351,-0.0006520980037764857,0.0006520980037764857,0.0003260490018882428,1,0,1,0.4065209800377648,0.3934790199622351,0.0003260490018882428,0.4065209800377648,0.3934790199622351,0,0.0003260490018882428,0.0003260490018882428,0,1
46.35,0.4064184578341731,0.3935815421658268,-0.0006418457834173136,0.0006418457834173136,0.0003209228917086568,1,0,1,0.4064184578341731,0.3935815421658268,0.0003209228917086568,0.4064184578341731,0.3935815421658268,0,0.0003209228917086568,0.0003209228917086568,0,1
46.5,0.4063173375830653,0.3936826624169347,-0.0006317337583065298,0.0006317337583065298,0.0003158668791532649,1,0,1,0.4063173375830653,0.3936826624169347,0.0003158668791532649,0.4063173375830653,0.3936826624169347,0,0.0003158668791532649,0.0003158668791532649,0,1
46.65,0.406217601138425,0.393782398861575,-0.0006217601138425011,0.0006217601138425011,0.0003108800569212506,1,0,1,0.406217601138425,0.393782398861575,0.0003108800569212506,0.406217601138425,0.393782398861575,0,0.0003108800569212506,0.0003108800569212506,0,1
46.8,0.40611923091451,0.39388076908549,-0.0006119230914509999,0.0006119230914509999,0.0003059615457254999,1,0,1,0.40611923091451,0.39388076908549,0.0003059615457254999,0.40611923091451,0.39388076908549,0,0.0003059615457254999,0.0003059615457254999,0,1
46.95,0.4060222098858514,0.3939777901141486,-0.0006022209885851393,0.0006022209885851393,0.0003011104942925697,1,0,1,0.4060222098858514,0.3939777901141486,0.0003011104942925697,0.4060222098858514,0.3939777901141486,0,0.0003011104942925697,0.0003011104942925697,0,1
47.1,0.4059265215872546,0.3940734784127453,-0.0005926521587254652,0.0005926521587254652,0.0002963260793627326,1,0,1,0.4059265215872546,0.3940734784127453,0.0002963260793627326,0.4059265215872546,0.3940734784127453,0,0.0002963260793627326,0.0002963260793627326,0,1
47.25,0.4058321501137985,0.3941678498862015,-0.0005832150113798507,0.0005832150113798507,0.0002916075056899254,1,0,1,0.4058321501137985,0.3941678498862015,0.0002916075056899254,0.4058321501137985,0.3941678498862015,0,0.0002916075056899254,0.0002916075056899254,0,1
47.4,0.4057390801208358,0.3942609198791641,-0.0005739080120835849,0.0005739080120835849,0.0002869540060417925,1,0,1,0.4057390801208358,0.3942609198791641,0.0002869540060417925,0.4057390801208358,0.3942609198791641,0,0.0002869540060417925,0.0002869540060417925,0,1
47.55,0.4056472968239931,0.3943527031760068,-0.0005647296823993175,0.0005647296823993175,0.0002823648411996588,1,0,1,0.4056472968239931,0.3943527031760068,0.0002823648411996588,0.4056472968239931,0.3943527031760068,0,0.0002823648411996588,0.0002823648411996588,0,1
47.7,0.4055567859991709,0.394443214000829,-0.0005556785999170976,0.0005556785999170976,0.0002778392999585488,1,0,1,0.4055567859991709,0.394443214000829,0.0002778392999585488,0.4055567859991709,0.394443214000829,0,0.0002778392999585488,0.0002778392999585488,0,1
47.85,0.4054675406584909,0.394532459341509,-0.0005467540658490921,0.0005467540658490921,0.0002733770329245461,1,0,1,0.4054675406584909,0.394532459341509,0.0002733770329245461,0.4054675406584909,0.394532459341509,0,0.0002733770329245461,0.0002733770329245461,0,1
48,0.4053834114235899,0.39461658857641,-0.0005383411423589946,0.0005383411423589946,0.0002691705711794973,1,0,1,0.4053834114235899,0.39461658857641,0.0002691705711794973,0.4053834114235899,0.39461658857641,0,0.0002691705711794973,0.0002691705711794973,0,1
48.15,0.4053006844747719,0.3946993155252281,-0.0005300684474771888,0.0005300684474771888,0.0002650342237385944,1,0,1,0.4053006844747719,0.3946993155252281,0.0002650342237385944,0.4053006844747719,0.3946993155252281,0,0.0002650342237385944,0.0002650342237385944,0,1
48.3,0.405219340782438,0.3947806592175619,-0.0005219340782438075,0.0005219340782438075,0.0002609670391219038,1,0,1,0.405219340782438,0.3947806592175619,0.0002609670391219038,0.405219340782438,0.3947806592175619,0,0.0002609670391219038,0.0002609670391219038,0,1
48.45,0.4051393613169896,0.3948606386830103,-0.0005139361316989666,0.0005139361316989666,0.0002569680658494833,1,0,1,0.4051393613169896,0.3948606386830103,0.0002569680658494833,0.4051393613169896,0.3948606386830103,0,0.0002569680658494833,0.0002569680658494833,0,1
48.6,0.4050607270488281,0.3949392729511718,-0.0005060727048828151,0.0005060727048828151,0.0002530363524414075,1,0,1,0.4050607270488281,0.3949392729511718,0.0002530363524414075,0.4050607270488281,0.3949392729511718,0,0.0002530363524414075,0.0002530363524414075,0,1
48.75,0.4049834189483545,0.3950165810516454,-0.0004983418948354524,0.0004983418948354524,0.0002491709474177262,1,0,1,0.4049834189483545,0.3950165810516454,0.0002491709474177262,0.4049834189483545,0.3950165810516454,0,0.0002491709474177262,0.0002491709474177262,0,1
48.9,0.4049074179859701,0.3950925820140298,-0.0004907417985970164,0.0004907417985970164,0.0002453708992985082,1,0,1,0.4049074179859701,0.3950925820140298,0.0002453708992985082,0.4049074179859701,0.3950925820140298,0,0.0002453708992985082,0.0002453708992985082,0,1
49.05,0.4048327051320763,0.3951672948679236,-0.0004832705132076343,0.0004832705132076343,0.0002416352566038171,1,0,1,0.4048327051320763,0.3951672948679236,0.0002416352566038171,0.4048327051320763,0.3951672948679236,0,0.0002416352566038171,0.0002416352566038171,0,1
49.2,0.4047592613570744,0.3952407386429256,-0.0004759261357074385,0.0004759261357074385,0.0002379630678537193,1,0,1,0.4047592613570744,0.3952407386429256,0.0002379630678537193,0.4047592613570744,0.3952407386429256,0,0.0002379630678537193,0.0002379630678537193,0,1
49.35,0.4046870676313653,0.3953129323686346,-0.0004687067631365338,0.0004687067631365338,0.0002343533815682669,1,0,1,0.4046870676313653,0.3953129323686346,0.0002343533815682669,0.4046870676313653,0.3953129323686346,0,0.0002343533815682669,0.0002343533815682669,0,1
49.5,0.4046161049253507,0.3953838950746493,-0.0004616104925350695,0.0004616104925350695,0.0002308052462675347,1,0,1,0.4046161049253507,0.3953838950746493,0.0002308052462675347,0.4046161049253507,0.3953838950746493,0,0.0002308052462675347,0.0002308052462675347,0,1
49.65,0.4045463542094314,0.3954536457905685,-0.0004546354209431447,0.0004546354209431447,0.0002273177104715724,1,0,1,0.4045463542094314,0.3954536457905685,0.0002273177104715724,0.4045463542094314,0.3954536457905685,0,0.0002273177104715724,0.0002273177104715724,0,1
49.8,0.4044777964540091,0.3955222035459908,-0.0004477796454009142,0.0004477796454009142,0.0002238898227004571,1,0,1,0.4044777964540091,0.3955222035459908,0.0002238898227004571,0.4044777964540091,0.3955222035459908,0,0.0002238898227004571,0.0002238898227004571,0,1
49.95,0.4044104126294848,0.3955895873705151,-0.0004410412629484828,0.0004410412629484828,0.0002205206314742414,1,0,1,0.4044104126294848,0.3955895873705151,0.0002205206314742414,0.4044104126294848,0.3955895873705151,0,0.0002205206314742414,0.0002205206314742414,0,1
50.1,0.4043441837062599,0.3956558162937401,-0.0004344183706259886,0.0004344183706259886,0.0002172091853129943,1,0,1,0.4043441837062599,0.3956558162937401,0.0002172091853129943,0.4043441837062599,0.3956558162937401,0,0.0002172091853129943,0.0002172091853129943,0,1
50.25,0.4042790906547354,0.3957209093452645,-0.0004279090654735418,0.0004279090654735418,0.0002139545327367709,1,0,1,0.4042790906547354,0.3957209093452645,0.0002139545327367709,0.4042790906547354,0.3957209093452645,0,0.0002139545327367709,0.0002139545327367709,0,1
50.4,0.4042151144453129,0.395784885554687,-0.0004215114445312918,0.0004215114445312918,0.0002107557222656459,1,0,1,0.4042151144453129,0.395784885554687,0.0002107557222656459,0.4042151144453129,0.395784885554687,0,0.0002107557222656459,0.0002107557222656459,0,1
50.55,0.4041522360483933,0.3958477639516066,-0.0004152236048393376,0.0004152236048393376,0.0002076118024196688,1,0,1,0.4041522360483933,0.3958477639516066,0.0002076118024196688,0.4041522360483933,0.3958477639516066,0,0.0002076118024196688,0.0002076118024196688,0,1
50.7,0.4040904364343783,0.3959095635656216,-0.0004090436434378342,0.0004090436434378342,0.0002045218217189171,1,0,1,0.4040904364343783,0.3959095635656216,0.0002045218217189171,0.4040904364343783,0.3959095635656216,0,0.0002045218217189171,0.0002045218217189171,0,1
50.85,0.4040296965736688,0.3959703034263312,-0.0004029696573668806,0.0004029696573668806,0.0002014848286834403,1,0,1,0.4040296965736688,0.3959703034263312,0.0002014848286834403,0.4040296965736688,0.3959703034263312,0,0.0002014848286834403,0.0002014848286834403,0,1
51,0.4039699974366661,0.3960300025633338,-0.0003969997436666151,0.0003969997436666151,0.0001984998718333075,1,0,1,0.4039699974366661,0.3960300025633338,0.0001984998718333075,0.4039699974366661,0.3960300025633338,0,0.0001984998718333075,0.0001984998718333075,0,1
51.15,0.4039113199937716,0.3960886800062283,-0.0003911319993771645,0.0003911319993771645,0.0001955659996885822,1,0,1,0.4039113199937716,0.3960886800062283,0.0001955659996885822,0.4039113199937716,0.3960886800062283,0,0.0001955659996885822,0.0001955659996885822,0,1
51.3,0.4038536452153864,0.3961463547846135,-0.0003853645215386448,0.0003853645215386448,0.0001926822607693224,1,0,1,0.4038536452153864,0.3961463547846135,0.0001926822607693224,0.4038536452153864,0.3961463547846135,0,0.0001926822607693224,0.0001926822607693224,0,1
51.45,0.4037969540719119,0.396203045928088,-0.000379695407191194,0.000379695407191194,0.000189847703595597,1,0,1,0.4037969540719119,0.396203045928088,0.000189847703595597,0.4037969540719119,0.396203045928088,0,0.000189847703595597,0.000189847703595597,0,1
51.6,0.4037412275337493,0.3962587724662506,-0.0003741227533749336,0.0003741227533749336,0.0001870613766874668,1,0,1,0.4037412275337493,0.3962587724662506,0.0001870613766874668,0.4037412275337493,0.3962587724662506,0,0.0001870613766874668,0.0001870613766874668,0,1
51.75,0.4036864465712998,0.3963135534287001,-0.0003686446571299851,0.0003686446571299851,0.0001843223285649925,1,0,1,0.4036864465712998,0.3963135534287001,0.0001843223285649925,0.4036864465712998,0.3963135534287001,0,0.0001843223285649925,0.0001843223285649925,0,1
51.9,0.4036325921549648,0.3963674078450352,-0.0003632592154964809,0.0003632592154964809,0.0001816296077482405,1,0,1,0.4036325921549648,0.3963674078450352,0.0001816296077482405,0.4036325921549648,0.3963674078450352,0,0.0001816296077482405,0.0001816296077482405,0,1
52.05,0.4035796452551453,0.3964203547448546,-0.0003579645255145369,0.0003579645255145369,0.0001789822627572685,1,0,1,0.4035796452551453,0.3964203547448546,0.0001789822627572685,0.4035796452551453,0.3964203547448546,0,0.0001789822627572685,0.0001789822627572685,0,1
52.2,0.4035275868422429,0.396472413157757,-0.0003527586842242969,0.0003527586842242969,0.0001763793421121485,1,0,1,0.4035275868422429,0.396472413157757,0.0001763793421121485,0.4035275868422429,0.396472413157757,0,0.0001763793421121485,0.0001763793421121485,0,1
52.35,0.4034763978866586,0.3965236021133413,-0.0003476397886658655,0.0003476397886658655,0.0001738198943329328,1,0,1,0.4034763978866586,0.3965236021133413,0.0001738198943329328,0.4034763978866586,0.3965236021133413,0,0.0001738198943329328,0.0001738198943329328,0,1
52.5,0.4034260593587937,0.3965739406412062,-0.0003426059358793754,0.0003426059358793754,0.0001713029679396877,1,0,1,0.4034260593587937,0.3965739406412062,0.0001713029679396877,0.4034260593587937,0.3965739406412062,0,0.0001713029679396877,0.0001713029679396877,0,1
52.65,0.4033765522290496,0.3966234477709504,-0.000337655222904959,0.000337655222904959,0.0001688276114524795,1,0,1,0.4033765522290496,0.3966234477709504,0.0001688276114524795,0.4033765522290496,0.3966234477709504,0,0.0001688276114524795,0.0001688276114524795,0,1
52.8,0.4033278574678273,0.3966721425321726,-0.0003327857467827378,0.0003327857467827378,0.0001663928733913689,1,0,1,0.4033278574678273,0.3966721425321726,0.0001663928733913689,0.4033278574678273,0.3966721425321726,0,0.0001663928733913689,0.0001663928733913689,0,1
52.95,0.4032799560455284,0.3967200439544716,-0.0003279956045528388,0.0003279956045528388,0.0001639978022764194,1,0,1,0.4032799560455284,0.3967200439544716,0.0001639978022764194,0.4032799560455284,0.3967200439544716,0,0.0001639978022764194,0.0001639978022764194,0,1
53.1,0.4032328289325539,0.3967671710674461,-0.0003232828932553889,0.0003232828932553889,0.0001616414466276944,1,0,1,0.4032328289325539,0.3967671710674461,0.0001616414466276944,0.4032328289325539,0.3967671710674461,0,0.0001616414466276944,0.0001616414466276944,0,1
53.25,0.403186457099305,0.3968135429006949,-0.000318645709930504,0.000318645709930504,0.000159322854965252,1,0,1,0.403186457099305,0.3968135429006949,0.000159322854965252,0.403186457099305,0.3968135429006949,0,0.000159322854965252,0.000159322854965252,0,1
53.4,0.4031408215161832,0.3968591784838167,-0.0003140821516183223,0.0003140821516183223,0.0001570410758091612,1,0,1,0.4031408215161832,0.3968591784838167,0.0001570410758091612,0.4031408215161832,0.3968591784838167,0,0.0001570410758091612,0.0001570410758091612,0,1
53.55,0.4030959031535896,0.3969040968464104,-0.0003095903153589596,0.0003095903153589596,0.0001547951576794798,1,0,1,0.4030959031535896,0.3969040968464104,0.0001547951576794798,0.4030959031535896,0.3969040968464104,0,0.0001547951576794798,0.0001547951576794798,0,1
53.7,0.4030516829819255,0.3969483170180744,-0.0003051682981925541,0.0003051682981925541,0.0001525841490962771,1,0,1,0.4030516829819255,0.3969483170180744,0.0001525841490962771,0.4030516829819255,0.3969483170180744,0,0.0001525841490962771,0.0001525841490962771,0,1
53.85,0.4030081419715921,0.3969918580284078,-0.000300814197159216,0.000300814197159216,0.000150407098579608,1,0,1,0.4030081419715921,0.3969918580284078,0.000150407098579608,0.4030081419715921,0.3969918580284078,0,0.000150407098579608,0.000150407098579608,0,1
54,0.4029652610929908,0.3970347389070091,-0.0002965261092990834,0.0002965261092990834,0.0001482630546495417,1,0,1,0.4029652610929908,0.3970347389070091,0.0001482630546495417,0.4029652610929908,0.3970347389070091,0,0.0001482630546495417,0.0001482630546495417,0,1
54.15,0.4029230213165227,0.3970769786834772,-0.0002923021316522778,0.0002923021316522778,0.0001461510658261389,1,0,1,0.4029230213165227,0.3970769786834772,0.0001461510658261389,0.4029230213165227,0.3970769786834772,0,0.0001461510658261389,0.0001461510658261389,0,1
54.3,0.4028826613747586,0.3971173386252413,-0.0002882661374758622,0.0002882661374758622,0.0001441330687379311,1,0,1,0.4028826613747586,0.3971173386252413,0.0001441330687379311,0.4028826613747586,0.3971173386252413,0,0.0001441330687379311,0.0001441330687379311,0,1
54.45,0.4028431704524136,0.3971568295475864,-0.0002843170452413612,0.0002843170452413612,0.0001421585226206806,1,0,1,0.4028431704524136,0.3971568295475864,0.0001421585226206806,0.4028431704524136,0.3971568295475864,0,0.0001421585226206806,0.0001421585226206806,0,1
54.6,0.4028043666074784,0.3971956333925216,-0.0002804366607478403,0.0002804366607478403,0.0001402183303739202,1,0,1,0.4028043666074784,0.3971956333925216,0.0001402183303739202,0.4028043666074784,0.3971956333925216,0,0.0001402183303739202,0.0001402183303739202,0,1
54.75,0.4027662331526258,0.3972337668473742,-0.0002766233152625808,0.0002766233152625808,0.0001383116576312904,1,0,1,0.4027662331526258,0.3972337668473742,0.0001383116576312904,0.4027662331526258,0.3972337668473742,0,0.0001383116576312904,0.0001383116576312904,0,1
54.9,0.4027287534005287,0.3972712465994713,-0.0002728753400528694,0.0002728753400528694,0.0001364376700264347,1,0,1,0.4027287534005287,0.3972712465994713,0.0001364376700264347,0.4027287534005287,0.3972712465994713,0,0.0001364376700264347,0.0001364376700264347,0,1
55.05,0.4026919106638598,0.3973080893361401,-0.000269191066385982,0.000269191066385982,0.000134595533192991,1,0,1,0.4026919106638598,0.3973080893361401,0.000134595533192991,0.4026919106638598,0.3973080893361401,0,0.000134595533192991,0.000134595533192991,0,1
55.2,0.4026556882552918,0.3973443117447081,-0.0002655688255291833,0.0002655688255291833,0.0001327844127645916,1,0,1,0.4026556882552918,0.3973443117447081,0.0001327844127645916,0.4026556882552918,0.3973443117447081,0,0.0001327844127645916,0.0001327844127645916,0,1
55.35,0.4026200694874976,0.3973799305125024,-0.0002620069487497601,0.0002620069487497601,0.00013100347437488,1,0,1,0.4026200694874976,0.3973799305125024,0.00013100347437488,0.4026200694874976,0.3973799305125024,0,0.00013100347437488,0.00013100347437488,0,1
55.5,0.4025850376731499,0.39741496232685,-0.0002585037673149937,0.0002585037673149937,0.0001292518836574969,1,0,1,0.4025850376731499,0.39741496232685,0.0001292518836574969,0.4025850376731499,0.39741496232685,0,0.0001292518836574969,0.0001292518836574969,0,1
55.65,0.4025505761249216,0.3974494238750783,-0.0002550576124921655,0.0002550576124921655,0.0001275288062460828,1,0,1,0.4025505761249216,0.3974494238750783,0.0001275288062460828,0.4025505761249216,0.3974494238750783,0,0.0001275288062460828,0.0001275288062460828,0,1
55.8,0.4025166681554854,0.3974833318445146,-0.0002516668155485402,0.0002516668155485402,0.0001258334077742701,1,0,1,0.4025166681554854,0.3974833318445146,0.0001258334077742701,0.4025166681554854,0.3974833318445146,0,0.0001258334077742701,0.0001258334077742701,0,1
55.95,0.4024832970775141,0.3975167029224859,-0.0002483297077514102,0.0002483297077514102,0.0001241648538757051,1,0,1,0.4024832970775141,0.3975167029224859,0.0001241648538757051,0.4024832970775141,0.3975167029224859,0,0.0001241648538757051,0.0001241648538757051,0,1
56.1,0.4024504462036805,0.3975495537963195,-0.0002450446203680512,0.0002450446203680512,0.0001225223101840256,1,0,1,0.4024504462036805,0.3975495537963195,0.0001225223101840256,0.4024504462036805,0.3975495537963195,0,0.0001225223101840256,0.0001225223101840256,0,1
56.25,0.4024180988466573,0.3975819011533426,-0.0002418098846657335,0.0002418098846657335,0.0001209049423328668,1,0,1,0.4024180988466573,0.3975819011533426,0.0001209049423328668,0.4024180988466573,0.3975819011533426,0,0.0001209049423328668,0.0001209049423328668,0,1
56.4,0.4023862383191173,0.3976137616808826,-0.0002386238319117329,0.0002386238319117329,0.0001193119159558664,1,0,1,0.4023862383191173,0.3976137616808826,0.0001193119159558664,0.4023862383191173,0.3976137616808826,0,0.0001193119159558664,0.0001193119159558664,0,1
56.55,0.4023548479337334,0.3976451520662665,-0.0002354847933733473,0.0002354847933733473,0.0001177423966866736,1,0,1,0.4023548479337334,0.3976451520662665,0.0001177423966866736,0.4023548479337334,0.3976451520662665,0,0.0001177423966866736,0.0001177423966866736,0,1
56.7,0.4023239110031784,0.3976760889968215,-0.0002323911003178469,0.0002323911003178469,0.0001161955501589235,1,0,1,0.4023239110031784,0.3976760889968215,0.0001161955501589235,0.4023239110031784,0.3976760889968215,0,0.0001161955501589235,0.0001161955501589235,0,1
56.85,0.4022934108401249,0.397706589159875,-0.0002293410840124965,0.0002293410840124965,0.0001146705420062483,1,0,1,0.4022934108401249,0.397706589159875,0.0001146705420062483,0.4022934108401249,0.397706589159875,0,0.0001146705420062483,0.0001146705420062483,0,1
57,0.4022633307572458,0.3977366692427541,-0.000226333075724583,0.000226333075724583,0.0001131665378622915,1,0,1,0.4022633307572458,0.3977366692427541,0.0001131665378622915,0.4022633307572458,0.3977366692427541,0,0.0001131665378622915,0.0001131665378622915,0,1
57.15,0.4022336540672139,0.397766345932786,-0.0002233654067213931,0.0002233654067213931,0.0001116827033606965,1,0,1,0.4022336540672139,0.397766345932786,0.0001116827033606965,0.4022336540672139,0.397766345932786,0,0.0001116827033606965,0.0001116827033606965,0,1
57.3,0.4022043640827019,0.3977956359172981,-0.0002204364082701915,0.0002204364082701915,0.0001102182041350958,1,0,1,0.4022043640827019,0.3977956359172981,0.0001102182041350958,0.4022043640827019,0.3977956359172981,0,0.0001102182041350958,0.0001102182041350958,0,1
57.45,0.4021754441163826,0.3978245558836173,-0.0002175444116382652,0.0002175444116382652,0.0001087722058191326,1,0,1,0.4021754441163826,0.3978245558836173,0.0001087722058191326,0.4021754441163826,0.3978245558836173,0,0.0001087722058191326,0.0001087722058191326,0,1
57.6,0.4021468774809289,0.3978531225190711,-0.0002146877480928899,0.0002146877480928899,0.000107343874046445,1,0,1,0.4021468774809289,0.3978531225190711,0.000107343874046445,0.4021468774809289,0.3978531225190711,0,0.000107343874046445,0.000107343874046445,0,1
57.75,0.4021186474890134,0.3978813525109865,-0.000211864748901347,0.000211864748901347,0.0001059323744506735,1,0,1,0.4021186474890134,0.3978813525109865,0.0001059323744506735,0.4021186474890134,0.3978813525109865,0,0.0001059323744506735,0.0001059323744506735,0,1
57.9,0.402090737453309,0.3979092625466909,-0.0002090737453309066,0.0002090737453309066,0.0001045368726654533,1,0,1,0.402090737453309,0.3979092625466909,0.0001045368726654533,0.402090737453309,0.3979092625466909,0,0.0001045368726654533,0.0001045368726654533,0,1
58.05,0.4020631306864886,0.3979368693135114,-0.0002063130686488612,0.0002063130686488612,0.0001031565343244306,1,0,1,0.4020631306864886,0.3979368693135114,0.0001031565343244306,0.4020631306864886,0.3979368693135114,0,0.0001031565343244306,0.0001031565343244306,0,1
58.2,0.4020358105012247,0.3979641894987752,-0.0002035810501224755,0.0002035810501224755,0.0001017905250612378,1,0,1,0.4020358105012247,0.3979641894987752,0.0001017905250612378,0.4020358105012247,0.3979641894987752,0,0.0001017905250612378,0.0001017905250612378,0,1
58.35,0.4020087602101903,0.3979912397898097,-0.0002008760210190308,0.0002008760210190308,0.0001004380105095154,1,0,1,0.4020087602101903,0.3979912397898097,0.0001004380105095154,0.4020087602101903,0.3979912397898097,0,0.0001004380105095154,0.0001004380105095154,0,1
58.5,0.4019819631260581,0.3980180368739419,-0.0001981963126058084,0.0001981963126058084,9.909815630290421e-05,1,0,1,0.4019819631260581,0.3980180368739419,9.909815630290421e-05,0.4019819631260581,0.3980180368739419,0,9.909815630290421e-05,9.909815630290421e-05,0,1
58.65,0.4019554025615009,0.3980445974384991,-0.0001955402561500897,0.0001955402561500897,9.777012807504483e-05,1,0,1,0.4019554025615009,0.3980445974384991,9.777012807504483e-05,0.4019554025615009,0.3980445974384991,0,9.777012807504483e-05,9.777012807504483e-05,0,1
58.8,0.4019290618291914,0.3980709381708085,-0.0001929061829191447,0.0001929061829191447,9.645309145957237e-05,1,0,1,0.4019290618291914,0.3980709381708085,9.645309145957237e-05,0.4019290618291914,0.3980709381708085,0,9.645309145957237e-05,9.645309145957237e-05,0,1
58.95,0.4019029242418026,0.3980970757581974,-0.0001902924241802606,0.0001902924241802606,9.51462120901303e-05,1,0,1,0.4019029242418026,0.3980970757581974,9.51462120901303e-05,0.4019029242418026,0.3980970757581974,0,9.51462120901303e-05,9.51462120901303e-05,0,1
59.1,0.401876973112007,0.3981230268879929,-0.0001876973112007074,0.0001876973112007074,9.384865560035372e-05,1,0,1,0.401876973112007,0.3981230268879929,9.384865560035372e-05,0.401876973112007,0.3981230268879929,0,9.384865560035372e-05,9.384865560035372e-05,0,1
59.25,0.4018511917524777,0.3981488082475222,-0.0001851191752477721,0.0001851191752477721,9.255958762388605e-05,1,0,1,0.4018511917524777,0.3981488082475222,9.255958762388605e-05,0.4018511917524777,0.3981488082475222,0,9.255958762388605e-05,9.255958762388605e-05,0,1
59.4,0.4018255634758872,0.3981744365241128,-0.0001825563475887193,0.0001825563475887193,9.127817379435966e-05,1,0,1,0.4018255634758872,0.3981744365241128,9.127817379435966e-05,0.4018255634758872,0.3981744365241128,0,9.127817379435966e-05,9.127817379435966e-05,0,1
59.55,0.4018000715949084,0.3981999284050915,-0.000180007159490847,0.000180007159490847,9.00035797454235e-05,1,0,1,0.4018000715949084,0.3981999284050915,9.00035797454235e-05,0.4018000715949084,0.3981999284050915,0,9.00035797454235e-05,9.00035797454235e-05,0,1
59.7,0.4017746994222141,0.3982253005777858,-0.0001774699422214143,0.0001774699422214143,8.873497111070717e-05,1,0,1,0.4017746994222141,0.3982253005777858,8.873497111070717e-05,0.4017746994222141,0.3982253005777858,0,8.873497111070717e-05,8.873497111070717e-05,0,1
59.85,0.4017494302704771,0.3982505697295228,-0.0001749430270477137,0.0001749430270477137,8.747151352385685e-05,1,0,1,0.4017494302704771,0.3982505697295228,8.747151352385685e-05,0.4017494302704771,0.3982505697295228,0,8.747151352385685e-05,8.747151352385685e-05,0,1
60,0.4017242474523701,0.3982757525476299,-0.0001724247452370098,0.0001724247452370098,8.621237261850491e-05,1,0,1,0.4017242474523701,0.3982757525476299,8.621237261850491e-05,0.4017242474523701,0.3982757525476299,0,8.621237261850491e-05,8.621237261850491e-05,0,1
60.15,0.4016991342805659,0.398300865719434,-0.0001699134280565951,0.0001699134280565951,8.495671402829753e-05,1,0,1,0.4016991342805659,0.398300865719434,8.495671402829753e-05,0.4016991342805659,0.398300865719434,0,8.495671402829753e-05,8.495671402829753e-05,0,1
60.3,0.4016740740677374,0.3983259259322625,-0.0001674074067737452,0.0001674074067737452,8.370370338687261e-05,1,0,1,0.4016740740677374,0.3983259259322625,8.370370338687261e-05,0.4016740740677374,0.3983259259322625,0,8.370370338687261e-05,8.370370338687261e-05,0,1
60.45,0.4016490501265573,0.3983509498734427,-0.0001649050126557305,0.0001649050126557305,8.245250632786527e-05,1,0,1,0.4016490501265573,0.3983509498734427,8.245250632786527e-05,0.4016490501265573,0.3983509498734427,0,8.245250632786527e-05,8.245250632786527e-05,0,1
60.6,0.401627426739084,0.3983725732609159,-0.0001627426739084059,0.0001627426739084059,8.137133695420296e-05,1,0,1,0.401627426739084,0.3983725732609159,8.137133695420296e-05,0.401627426739084,0.3983725732609159,0,8.137133695420296e-05,8.137133695420296e-05,0,1
60.75,0.4016071591313117,0.3983928408686882,-0.0001607159131311764,0.0001607159131311764,8.03579565655882e-05,1,0,1,0.4016071591313117,0.3983928408686882,8.03579565655882e-05,0.4016071591313117,0.3983928408686882,0,8.03579565655882e-05,8.03579565655882e-05,0,1
60.9,0.4015871996546829,0.3984128003453171,-0.0001587199654682903,0.0001587199654682903,7.935998273414513e-05,1,0,1,0.4015871996546829,0.3984128003453171,7.935998273414513e-05,0.4015871996546829,0.3984128003453171,0,7.935998273414513e-05,7.935998273414513e-05,0,1
61.05,0.4015675389582434,0.3984324610417565,-0.0001567538958243464,0.0001567538958243464,7.83769479121732e-05,1,0,1,0.4015675389582434,0.3984324610417565,7.83769479121732e-05,0.4015675389582434,0.3984324610417565,0,7.83769479121732e-05,7.83769479121732e-05,0,1
61.2,0.4015481676910396,0.3984518323089604,-0.0001548167691039604,0.0001548167691039604,7.740838455198019e-05,1,0,1,0.4015481676910396,0.3984518323089604,7.740838455198019e-05,0.4015481676910396,0.3984518323089604,0,7.740838455198019e-05,7.740838455198019e-05,0,1
61.35,0.4015290765021176,0.3984709234978823,-0.0001529076502117643,0.0001529076502117643,7.645382510588217e-05,1,0,1,0.4015290765021176,0.3984709234978823,7.645382510588217e-05,0.4015290765021176,0.3984709234978823,0,7.645382510588217e-05,7.645382510588217e-05,0,1
61.5,0.4015102560405235,0.3984897439594764,-0.0001510256040523572,0.0001510256040523572,7.551280202617862e-05,1,0,1,0.4015102560405235,0.3984897439594764,7.551280202617862e-05,0.4015102560405235,0.3984897439594764,0,7.551280202617862e-05,7.551280202617862e-05,0,1
61.65,0.4014916969553037,0.3985083030446963,-0.0001491696955303712,0.0001491696955303712,7.45848477651856e-05,1,0,1,0.4014916969553037,0.3985083030446963,7.45848477651856e-05,0.4014916969553037,0.3985083030446963,0,7.45848477651856e-05,7.45848477651856e-05,0,1
61.8,0.401473389895504,0.398526610104496,-0.0001473389895503996,0.0001473389895503996,7.36694947751998e-05,1,0,1,0.401473389895504,0.398526610104496,7.36694947751998e-05,0.401473389895504,0.398526610104496,0,7.36694947751998e-05,7.36694947751998e-05,0,1
61.95,0.4014553255101708,0.3985446744898291,-0.0001455325510170857,0.0001455325510170857,7.276627550854287e-05,1,0,1,0.4014553255101708,0.3985446744898291,7.276627550854287e-05,0.4014553255101708,0.3985446744898291,0,7.276627550854287e-05,7.276627550854287e-05,0,1
62.1,0.4014374944483503,0.3985625055516497,-0.0001437494448350285,0.0001437494448350285,7.187472241751425e-05,1,0,1,0.4014374944483503,0.3985625055516497,7.187472241751425e-05,0.4014374944483503,0.3985625055516497,0,7.187472241751425e-05,7.187472241751425e-05,0,1
62.25,0.4014198873590885,0.3985801126409114,-0.0001419887359088545,0.0001419887359088545,7.099436795442727e-05,1,0,1,0.4014198873590885,0.3985801126409114,7.099436795442727e-05,0.4014198873590885,0.3985801126409114,0,7.099436795442727e-05,7.099436795442727e-05,0,1
62.4,0.4014024948914316,0.3985975051085683,-0.0001402494891431683,0.0001402494891431683,7.012474457158414e-05,1,0,1,0.4014024948914316,0.3985975051085683,7.012474457158414e-05,0.4014024948914316,0.3985975051085683,0,7.012474457158414e-05,7.012474457158414e-05,0,1
62.55,0.4013853076944259,0.398614692305574,-0.0001385307694425964,0.0001385307694425964,6.926538472129818e-05,1,0,1,0.4013853076944259,0.398614692305574,6.926538472129818e-05,0.4013853076944259,0.398614692305574,0,6.926538472129818e-05,6.926538472129818e-05,0,1
62.7,0.4013683164171175,0.3986316835828825,-0.0001368316417117488,0.0001368316417117488,6.841582085587439e-05,1,0,1,0.4013683164171175,0.3986316835828825,6.841582085587439e-05,0.4013683164171175,0.3986316835828825,0,6.841582085587439e-05,6.841582085587439e-05,0,1
62.85,0.4013515117085525,0.3986484882914474,-0.0001351511708552522,0.0001351511708552522,6.75755854276261e-05,1,0,1,0.4013515117085525,0.3986484882914474,6.75755854276261e-05,0.4013515117085525,0.3986484882914474,0,6.75755854276261e-05,6.75755854276261e-05,0,1
63,0.401334884217777,0.3986651157822229,-0.0001334884217777055,0.0001334884217777055,6.674421088885274e-05,1,0,1,0.401334884217777,0.3986651157822229,6.674421088885274e-05,0.401334884217777,0.3986651157822229,0,6.674421088885274e-05,6.674421088885274e-05,0,1
63.15,0.4013184245938374,0.3986815754061626,-0.0001318424593837408,0.0001318424593837408,6.592122969187042e-05,1,0,1,0.4013184245938374,0.3986815754061626,6.592122969187042e-05,0.4013184245938374,0.3986815754061626,0,6.592122969187042e-05,6.592122969187042e-05,0,1
63.3,0.4013021234857796,0.3986978765142203,-0.0001302123485779683,0.0001302123485779683,6.510617428898413e-05,1,0,1,0.4013021234857796,0.3986978765142203,6.510617428898413e-05,0.4013021234857796,0.3986978765142203,0,6.510617428898413e-05,6.510617428898413e-05,0,1
63.45,0.40128597154265,0.3987140284573499,-0.0001285971542650033,0.0001285971542650033,6.429857713250165e-05,1,0,1,0.40128597154265,0.3987140284573499,6.429857713250165e-05,0.40128597154265,0.3987140284573499,0,6.429857713250165e-05,6.429857713250165e-05,0,1
63.6,0.4012699594134946,0.3987300405865054,-0.0001269959413494615,0.0001269959413494615,6.349797067473073e-05,1,0,1,0.4012699594134946,0.3987300405865054,6.349797067473073e-05,0.4012699594134946,0.3987300405865054,0,6.349797067473073e-05,6.349797067473073e-05,0,1
63.75,0.4012540777473595,0.3987459222526404,-0.0001254077747359583,0.0001254077747359583,6.270388736797916e-05,1,0,1,0.4012540777473595,0.3987459222526404,6.270388736797916e-05,0.4012540777473595,0.3987459222526404,0,6.270388736797916e-05,6.270388736797916e-05,0,1
63.9,0.4012383171932912,0.3987616828067088,-0.0001238317193291205,0.0001238317193291205,6.191585966456026e-05,1,0,1,0.4012383171932912,0.3987616828067088,6.191585966456026e-05,0.4012383171932912,0.3987616828067088,0,6.191585966456026e-05,6.191585966456026e-05,0,1
64.05,0.4012226684003356,0.3987773315996643,-0.0001222668400335636,0.0001222668400335636,6.11334200167818e-05,1,0,1,0.4012226684003356,0.3987773315996643,6.11334200167818e-05,0.4012226684003356,0.3987773315996643,0,6.11334200167818e-05,6.11334200167818e-05,0,1
64.2,0.4012071220175388,0.3987928779824611,-0.0001207122017538864,0.0001207122017538864,6.035610087694321e-05,1,0,1,0.4012071220175388,0.3987928779824611,6.035610087694321e-05,0.4012071220175388,0.3987928779824611,0,6.035610087694321e-05,6.035610087694321e-05,0,1
64.34999999999999,0.4011916686939472,0.3988083313060528,-0.0001191668693947212,0.0001191668693947212,5.958343469736061e-05,1,0,1,0.4011916686939472,0.3988083313060528,5.958343469736061e-05,0.4011916686939472,0.3988083313060528,0,5.958343469736061e-05,5.958343469736061e-05,0,1
64.5,0.4011762990786068,0.3988237009213931,-0.0001176299078606835,0.0001176299078606835,5.881495393034175e-05,1,0,1,0.4011762990786068,0.3988237009213931,5.881495393034175e-05,0.4011762990786068,0.3988237009213931,0,5.881495393034175e-05,5.881495393034175e-05,0,1
64.65000000000001,0.4011610038205637,0.3988389961794362,-0.0001161003820563777,0.0001161003820563777,5.805019102818887e-05,1,0,1,0.4011610038205637,0.3988389961794362,5.805019102818887e-05,0.4011610038205637,0.3988389961794362,0,5.805019102818887e-05,5.805019102818887e-05,0,1
64.8,0.4011457735688643,0.3988542264311357,-0.0001145773568864306,0.0001145773568864306,5.728867844321528e-05,1,0,1,0.4011457735688643,0.3988542264311357,5.728867844321528e-05,0.4011457735688643,0.3988542264311357,0,5.728867844321528e-05,5.728867844321528e-05,0,1
64.95,0.4011305989725545,0.3988694010274454,-0.0001130598972554575,0.0001130598972554575,5.652994862772876e-05,1,0,1,0.4011305989725545,0.3988694010274454,5.652994862772876e-05,0.4011305989725545,0.3988694010274454,0,5.652994862772876e-05,5.652994862772876e-05,0,1
65.09999999999999,0.4011154706806808,0.3988845293193192,-0.0001115470680680797,0.0001115470680680797,5.577353403403985e-05,1,0,1,0.4011154706806808,0.3988845293193192,5.577353403403985e-05,0.4011154706806808,0.3988845293193192,0,5.577353403403985e-05,5.577353403403985e-05,0,1
65.25,0.401100379342289,0.398899620657711,-0.0001100379342289015,0.0001100379342289015,5.501896711445076e-05,1,0,1,0.401100379342289,0.398899620657711,5.501896711445076e-05,0.401100379342289,0.398899620657711,0,5.501896711445076e-05,5.501896711445076e-05,0,1
65.40000000000001,0.4010853156064255,0.3989146843935745,-0.0001085315606425497,0.0001085315606425497,5.426578032127483e-05,1,0,1,0.4010853156064255,0.3989146843935745,5.426578032127483e-05,0.4010853156064255,0.3989146843935745,0,5.426578032127483e-05,5.426578032127483e-05,0,1
65.55,0.4010702701221363,0.3989297298778636,-0.0001070270122136341,0.0001070270122136341,5.351350610681705e-05,1,0,1,0.4010702701221363,0.3989297298778636,5.351350610681705e-05,0.4010702701221363,0.3989297298778636,0,5.351350610681705e-05,5.351350610681705e-05,0,1
65.7,0.4010552335384676,0.3989447664615323,-0.0001055233538467648,0.0001055233538467648,5.276167692338241e-05,1,0,1,0.4010552335384676,0.3989447664615323,5.276167692338241e-05,0.4010552335384676,0.3989447664615323,0,5.276167692338241e-05,5.276167692338241e-05,0,1
65.84999999999999,0.4010401965044658,0.3989598034955342,-0.0001040196504465796,0.0001040196504465796,5.200982522328979e-05,1,0,1,0.4010401965044658,0.3989598034955342,5.200982522328979e-05,0.4010401965044658,0.3989598034955342,0,5.200982522328979e-05,5.200982522328979e-05,0,1
66,0.4010251496691767,0.3989748503308232,-0.0001025149669176773,0.0001025149669176773,5.125748345883863e-05,1,0,1,0.4010251496691767,0.3989748503308232,5.125748345883863e-05,0.4010251496691767,0.3989748503308232,0,5.125748345883863e-05,5.125748345883863e-05,0,1
66.15000000000001,0.4010100836816468,0.3989899163183532,-0.000101008368164679,0.000101008368164679,5.050418408233948e-05,1,0,1,0.4010100836816468,0.3989899163183532,5.050418408233948e-05,0.4010100836816468,0.3989899163183532,0,5.050418408233948e-05,5.050418408233948e-05,0,1
66.3,0.400994989190922,0.399005010809078,-9.949891909220022e-05,9.949891909220022e-05,4.974945954610011e-05,1,0,1,0.400994989190922,0.399005010809078,4.974945954610011e-05,0.400994989190922,0.399005010809078,0,4.974945954610011e-05,4.974945954610011e-05,0,1
66.45,0.4009798568460486,0.3990201431539513,-9.798568460486767e-05,9.798568460486767e-05,4.899284230243384e-05,1,0,1,0.4009798568460486,0.3990201431539513,4.899284230243384e-05,0.4009798568460486,0.3990201431539513,0,4.899284230243384e-05,4.899284230243384e-05,0,1
66.59999999999999,0.4009646772960727,0.3990353227039273,-9.646772960726913e-05,9.646772960726913e-05,4.823386480363456e-05,1,0,1,0.4009646772960727,0.3990353227039273,4.823386480363456e-05,0.4009646772960727,0.3990353227039273,0,4.823386480363456e-05,4.823386480363456e-05,0,1
66.75,0.4009494411900405,0.3990505588099594,-9.494411900405343e-05,9.494411900405343e-05,4.747205950202671e-05,1,0,1,0.4009494411900405,0.3990505588099594,4.747205950202671e-05,0.4009494411900405,0.3990505588099594,0,4.747205950202671e-05,4.747205950202671e-05,0,1
66.90000000000001,0.4009362393426852,0.3990637606573147,-9.362393426852744e-05,9.362393426852744e-05,4.681196713426372e-05,1,0,1,0.4009362393426852,0.3990637606573147,4.681196713426372e-05,0.4009362393426852,0.3990637606573147,0,4.681196713426372e-05,4.681196713426372e-05,0,1
67.05,0.400924350036586,0.3990756499634139,-9.243500365860302e-05,9.243500365860302e-05,4.621750182930151e-05,1,0,1,0.400924350036586,0.3990756499634139,4.621750182930151e-05,0.400924350036586,0.3990756499634139,0,4.621750182930151e-05,4.621750182930151e-05,0,1
67.2,0.4009126146068352,0.3990873853931647,-9.126146068352271e-05,9.126146068352271e-05,4.563073034176135e-05,1,0,1,0.4009126146068352,0.3990873853931647,4.563073034176135e-05,0.4009126146068352,0.3990873853931647,0,4.563073034176135e-05,4.563073034176135e-05,0,1
67.34999999999999,0.4009010291524966,0.3990989708475033,-9.010291524966796e-05,9.010291524966796e-05,4.505145762483398e-05,1,0,1,0.4009010291524966,0.3990989708475033,4.505145762483398e-05,0.4009010291524966,0.3990989708475033,0,4.505145762483398e-05,4.505145762483398e-05,0,1
67.5,0.4008895897726341,0.3991104102273659,-8.895897726340918e-05,8.895897726340918e-05,4.447948863170459e-05,1,0,1,0.4008895897726341,0.3991104102273659,4.447948863170459e-05,0.4008895897726341,0.3991104102273659,0,4.447948863170459e-05,4.447948863170459e-05,0,1
67.65000000000001,0.4008782925663111,0.3991217074336889,-8.782925663111119e-05,8.782925663111119e-05,4.39146283155556e-05,1,0,1,0.4008782925663111,0.3991217074336889,4.39146283155556e-05,0.4008782925663111,0.3991217074336889,0,4.39146283155556e-05,4.39146283155556e-05,0,1
67.8,0.4008671336325915,0.3991328663674085,-8.671336325914991e-05,8.671336325914991e-05,4.335668162957496e-05,1,0,1,0.4008671336325915,0.3991328663674085,4.335668162957496e-05,0.4008671336325915,0.3991328663674085,0,4.335668162957496e-05,4.335668162957496e-05,0,1
67.95,0.4008561090705388,0.3991438909294611,-8.561090705388464e-05,8.561090705388464e-05,4.280545352694232e-05,1,0,1,0.4008561090705388,0.3991438909294611,4.280545352694232e-05,0.4008561090705388,0.3991438909294611,0,4.280545352694232e-05,4.280545352694232e-05,0,1
68.09999999999999,0.4008452149792169,0.399154785020783,-8.452149792169683e-05,8.452149792169683e-05,4.226074896084842e-05,1,0,1,0.4008452149792169,0.399154785020783,4.226074896084842e-05,0.4008452149792169,0.399154785020783,0,4.226074896084842e-05,4.226074896084842e-05,0,1
68.25,0.4008344474576894,0.3991655525423105,-8.344474576894579e-05,8.344474576894579e-05,4.17223728844729e-05,1,0,1,0.4008344474576894,0.3991655525423105,4.17223728844729e-05,0.4008344474576894,0.3991655525423105,0,4.17223728844729e-05,4.17223728844729e-05,0,1
68.40000000000001,0.40082380260502,0.3991761973949799,-8.238026050200187e-05,8.238026050200187e-05,4.119013025100093e-05,1,0,1,0.40082380260502,0.3991761973949799,4.119013025100093e-05,0.40082380260502,0.3991761973949799,0,4.119013025100093e-05,4.119013025100093e-05,0,1
68.55,0.4008132765202724,0.3991867234797275,-8.132765202724657e-05,8.132765202724657e-05,4.066382601362328e-05,1,0,1,0.4008132765202724,0.3991867234797275,4.066382601362328e-05,0.4008132765202724,0.3991867234797275,0,4.066382601362328e-05,4.066382601362328e-05,0,1
68.7,0.4008028653025104,0.3991971346974896,-8.028653025103916e-05,8.028653025103916e-05,4.014326512551958e-05,1,0,1,0.4008028653025104,0.3991971346974896,4.014326512551958e-05,0.4008028653025104,0.3991971346974896,0,4.014326512551958e-05,4.014326512551958e-05,0,1
68.84999999999999,0.4007925650507974,0.3992074349492025,-7.925650507974447e-05,7.925650507974447e-05,3.962825253987223e-05,1,0,1,0.4007925650507974,0.3992074349492025,3.962825253987223e-05,0.4007925650507974,0.3992074349492025,0,3.962825253987223e-05,3.962825253987223e-05,0,1
69,0.4007823718641974,0.3992176281358025,-7.823718641974398e-05,7.823718641974398e-05,3.911859320987199e-05,1,0,1,0.4007823718641974,0.3992176281358025,3.911859320987199e-05,0.4007823718641974,0.3992176281358025,0,3.911859320987199e-05,3.911859320987199e-05,0,1
69.15000000000001,0.4007722818417739,0.399227718158226,-7.722818417739697e-05,7.722818417739697e-05,3.861409208869848e-05,1,0,1,0.4007722818417739,0.399227718158226,3.861409208869848e-05,0.4007722818417739,0.399227718158226,0,3.861409208869848e-05,3.861409208869848e-05,0,1
69.3,0.4007622910825908,0.3992377089174092,-7.622910825907936e-05,7.622910825907936e-05,3.811455412953968e-05,1,0,1,0.4007622910825908,0.3992377089174092,3.811455412953968e-05,0.4007622910825908,0.3992377089174092,0,3.811455412953968e-05,3.811455412953968e-05,0,1
69.45,0.4007523956857116,0.3992476043142884,-7.523956857116155e-05,7.523956857116155e-05,3.761978428558077e-05,1,0,1,0.4007523956857116,0.3992476043142884,3.761978428558077e-05,0.4007523956857116,0.3992476043142884,0,3.761978428558077e-05,3.761978428558077e-05,0,1
69.59999999999999,0.4007425917502001,0.3992574082497999,-7.425917502000834e-05,7.425917502000834e-05,3.712958751000417e-05,1,0,1,0.4007425917502001,0.3992574082497999,3.712958751000417e-05,0.4007425917502001,0.3992574082497999,0,3.712958751000417e-05,3.712958751000417e-05,0,1
69.75,0.4007328753751199,0.3992671246248801,-7.328753751199014e-05,7.328753751199014e-05,3.664376875599507e-05,1,0,1,0.4007328753751199,0.3992671246248801,3.664376875599507e-05,0.4007328753751199,0.3992671246248801,0,3.664376875599507e-05,3.664376875599507e-05,0,1
69.90000000000001,0.4007232426595348,0.3992767573404651,-7.232426595348285e-05,7.232426595348285e-05,3.616213297674142e-05,1,0,1,0.4007232426595348,0.3992767573404651,3.616213297674142e-05,0.4007232426595348,0.3992767573404651,0,3.616213297674142e-05,3.616213297674142e-05,0,1
70.05,0.4007136897025084,0.3992863102974915,-7.136897025084577e-05,7.136897025084577e-05,3.568448512542289e-05,1,0,1,0.4007136897025084,0.3992863102974915,3.568448512542289e-05,0.4007136897025084,0.3992863102974915,0,3.568448512542289e-05,3.568448512542289e-05,0,1
70.2,0.4007042126031045,0.3992957873968954,-7.042126031045481e-05,7.042126031045481e-05,3.521063015522741e-05,1,0,1,0.4007042126031045,0.3992957873968954,3.521063015522741e-05,0.4007042126031045,0.3992957873968954,0,3.521063015522741e-05,3.521063015522741e-05,0,1
70.34999999999999,0.4006948074603868,0.3993051925396132,-6.948074603868038e-05,6.948074603868038e-05,3.474037301934019e-05,1,0,1,0.4006948074603868,0.3993051925396132,3.474037301934019e-05,0.4006948074603868,0.3993051925396132,0,3.474037301934019e-05,3.474037301934019e-05,0,1
70.5,0.4006854703734189,0.399314529626581,-6.854703734189282e-05,6.854703734189282e-05,3.427351867094641e-05,1,0,1,0.4006854703734189,0.399314529626581,3.427351867094641e-05,0.4006854703734189,0.399314529626581,0,3.427351867094641e-05,3.427351867094641e-05,0,1
70.65000000000001,0.4006761974412644,0.3993238025587355,-6.761974412644589e-05,6.761974412644589e-05,3.380987206322295e-05,1,0,1,0.4006761974412644,0.3993238025587355,3.380987206322295e-05,0.4006761974412644,0.3993238025587355,0,3.380987206322295e-05,3.380987206322295e-05,0,1
70.8,0.4006669847629873,0.3993330152370126,-6.669847629873771e-05,6.669847629873771e-05,3.334923814936885e-05,1,0,1,0.4006669847629873,0.3993330152370126,3.334923814936885e-05,0.4006669847629873,0.3993330152370126,0,3.334923814936885e-05,3.334923814936885e-05,0,1
70.95,0.4006578284376511,0.3993421715623489,-6.57828437651109e-05,6.57828437651109e-05,3.289142188255545e-05,1,0,1,0.4006578284376511,0.3993421715623489,3.289142188255545e-05,0.4006578284376511,0.3993421715623489,0,3.289142188255545e-05,3.289142188255545e-05,0,1
71.09999999999999,0.4006487245643194,0.3993512754356805,-6.487245643194695e-05,6.487245643194695e-05,3.243622821597348e-05,1,0,1,0.4006487245643194,0.3993512754356805,3.243622821597348e-05,0.4006487245643194,0.3993512754356805,0,3.243622821597348e-05,3.243622821597348e-05,0,1
71.25,0.4006396692420561,0.3993603307579438,-6.396692420561623e-05,6.396692420561623e-05,3.198346210280811e-05,1,0,1,0.4006396692420561,0.3993603307579438,3.198346210280811e-05,0.4006396692420561,0.3993603307579438,0,3.198346210280811e-05,3.198346210280811e-05,0,1
71.40000000000001,0.4006306585699249,0.399369341430075,-6.306585699249468e-05,6.306585699249468e-05,3.153292849624734e-05,1,0,1,0.4006306585699249,0.399369341430075,3.153292849624734e-05,0.4006306585699249,0.399369341430075,0,3.153292849624734e-05,3.153292849624734e-05,0,1
71.55,0.4006216886469893,0.3993783113530106,-6.216886469893601e-05,6.216886469893601e-05,3.1084432349468e-05,1,0,1,0.4006216886469893,0.3993783113530106,3.1084432349468e-05,0.4006216886469893,0.3993783113530106,0,3.1084432349468e-05,3.1084432349468e-05,0,1
71.7,0.4006127555723132,0.3993872444276867,-6.127555723132173e-05,6.127555723132173e-05,3.063777861566086e-05,1,0,1,0.4006127555723132,0.3993872444276867,3.063777861566086e-05,0.4006127555723132,0.3993872444276867,0,3.063777861566086e-05,3.063777861566086e-05,0,1
71.84999999999999,0.4006038554449601,0.3993961445550399,-6.038554449601108e-05,6.038554449601108e-05,3.019277224800554e-05,1,0,1,0.4006038554449601,0.3993961445550399,3.019277224800554e-05,0.4006038554449601,0.3993961445550399,0,3.019277224800554e-05,3.019277224800554e-05,0,1
72,0.4005949843639938,0.3994050156360061,-5.949843639938557e-05,5.949843639938557e-05,2.974921819969279e-05,1,0,1,0.4005949843639938,0.3994050156360061,2.974921819969279e-05,0.4005949843639938,0.3994050156360061,0,2.974921819969279e-05,2.974921819969279e-05,0,1
72.15000000000001,0.400586138428478,0.3994138615715219,-5.861384284780446e-05,5.861384284780446e-05,2.930692142390223e-05,1,0,1,0.400586138428478,0.3994138615715219,2.930692142390223e-05,0.400586138428478,0.3994138615715219,0,2.930692142390223e-05,2.930692142390223e-05,0,1
72.3,0.4005773137374764,0.3994226862625235,-5.77313737476437e-05,5.77313737476437e-05,2.886568687382185e-05,1,0,1,0.4005773137374764,0.3994226862625235,2.886568687382185e-05,0.4005773137374764,0.3994226862625235,0,2.886568687382185e-05,2.886568687382185e-05,0,1
72.45,0.4005685063900526,0.3994314936099473,-5.685063900526811e-05,5.685063900526811e-05,2.842531950263405e-05,1,0,1,0.4005685063900526,0.3994314936099473,2.842531950263405e-05,0.4005685063900526,0.3994314936099473,0,2.842531950263405e-05,2.842531950263405e-05,0,1
72.59999999999999,0.4005597124852705,0.3994402875147294,-5.59712485270536e-05,5.59712485270536e-05,2.79856242635268e-05,1,0,1,0.4005597124852705,0.3994402875147294,2.79856242635268e-05,0.4005597124852705,0.3994402875147294,0,2.79856242635268e-05,2.79856242635268e-05,0,1
72.75,0.4005509281221936,0.3994490718778063,-5.509281221936502e-05,5.509281221936502e-05,2.754640610968251e-05,1,0,1,0.4005509281221936,0.3994490718778063,2.754640610968251e-05,0.4005509281221936,0.3994490718778063,0,2.754640610968251e-05,2.754640610968251e-05,0,1
72.90000000000001,0.4005421493998857,0.3994578506001142,-5.421493998857274e-05,5.421493998857274e-05,2.710746999428637e-05,1,0,1,0.4005421493998857,0.3994578506001142,2.710746999428637e-05,0.4005421493998857,0.3994578506001142,0,2.710746999428637e-05,2.710746999428637e-05,0,1
73.05,0.4005333724174104,0.3994666275825896,-5.33372417410416e-05,5.33372417410416e-05,2.66686208705208e-05,1,0,1,0.4005333724174104,0.3994666275825896,2.66686208705208e-05,0.4005333724174104,0.3994666275825896,0,2.66686208705208e-05,2.66686208705208e-05,0,1
73.2,0.4005250442675412,0.3994749557324587,-5.250442675412415e-05,5.250442675412415e-05,2.625221337706207e-05,1,0,1,0.4005250442675412,0.3994749557324587,2.625221337706207e-05,0.4005250442675412,0.3994749557324587,0,2.625221337706207e-05,2.625221337706207e-05,0,1
73.34999999999999,0.4005172080448878,0.3994827919551121,-5.172080448878624e-05,5.172080448878624e-05,2.586040224439312e-05,1,0,1,0.4005172080448878,0.3994827919551121,2.586040224439312e-05,0.4005172080448878,0.3994827919551121,0,2.586040224439312e-05,2.586040224439312e-05,0,1
73.5,0.4005094629109298,0.3994905370890701,-5.094629109298477e-05,5.094629109298477e-05,2.547314554649238e-05,1,0,1,0.4005094629109298,0.3994905370890701,2.547314554649238e-05,0.4005094629109298,0.3994905370890701,0,2.547314554649238e-05,2.547314554649238e-05,0,1
73.65000000000001,0.400501808865667,0.3994981911343329,-5.018088656670306e-05,5.018088656670306e-05,2.509044328335153e-05,1,0,1,0.400501808865667,0.3994981911343329,2.509044328335153e-05,0.400501808865667,0.3994981911343329,0,2.509044328335153e-05,2.509044328335153e-05,0,1
73.8,0.4004942459090995,0.3995057540909004,-4.942459090995222e-05,4.942459090995222e-05,2.471229545497611e-05,1,0,1,0.4004942459090995,0.3995057540909004,2.471229545497611e-05,0.4004942459090995,0.3995057540909004,0,2.471229545497611e-05,2.471229545497611e-05,0,1
73.95,0.4004867740412272,0.3995132259587727,-4.86774041227267e-05,4.86774041227267e-05,2.433870206136335e-05,1,0,1,0.4004867740412272,0.3995132259587727,2.433870206136335e-05,0.4004867740412272,0.3995132259587727,0,2.433870206136335e-05,2.433870206136335e-05,0,1
74.09999999999999,0.4004793932620503,0.3995206067379496,-4.793932620503205e-05,4.793932620503205e-05,2.396966310251603e-05,1,0,1,0.4004793932620503,0.3995206067379496,2.396966310251603e-05,0.4004793932620503,0.3995206067379496,0,2.396966310251603e-05,2.396966310251603e-05,0,1
74.25,0.4004721035715686,0.3995278964284313,-4.721035715686273e-05,4.721035715686273e-05,2.360517857843136e-05,1,0,1,0.4004721035715686,0.3995278964284313,2.360517857843136e-05,0.4004721035715686,0.3995278964284313,0,2.360517857843136e-05,2.360517857843136e-05,0,1
74.40000000000001,0.4004649049697822,0.3995350950302177,-4.649049697822428e-05,4.649049697822428e-05,2.324524848911214e-05,1,0,1,0.4004649049697822,0.3995350950302177,2.324524848911214e-05,0.4004649049697822,0.3995350950302177,0,2.324524848911214e-05,2.324524848911214e-05,0,1
74.55,0.4004577974566911,0.3995422025433088,-4.577974566911669e-05,4.577974566911669e-05,2.288987283455835e-05,1,0,1,0.4004577974566911,0.3995422025433088,2.288987283455835e-05,0.4004577974566911,0.3995422025433088,0,2.288987283455835e-05,2.288987283455835e-05,0,1
74.7,0.4004507810322953,0.3995492189677046,-4.507810322953443e-05,4.507810322953443e-05,2.253905161476721e-05,1,0,1,0.4004507810322953,0.3995492189677046,2.253905161476721e-05,0.4004507810322953,0.3995492189677046,0,2.253905161476721e-05,2.253905161476721e-05,0,1
74.84999999999999,0.4004438556965948,0.3995561443034051,-4.438556965948304e-05,4.438556965948304e-05,2.219278482974152e-05,1,0,1,0.4004438556965948,0.3995561443034051,2.219278482974152e-05,0.4004438556965948,0.3995561443034051,0,2.219278482974152e-05,2.219278482974152e-05,0,1
75,0.4004370214495896,0.3995629785504103,-4.370214495896252e-05,4.370214495896252e-05,2.185107247948126e-05,1,0,1,0.4004370214495896,0.3995629785504103,2.185107247948126e-05,0.4004370214495896,0.3995629785504103,0,2.185107247948126e-05,2.185107247948126e-05,0,1
75.15000000000001,0.4004302782912796,0.3995697217087203,-4.302782912796733e-05,4.302782912796733e-05,2.151391456398366e-05,1,0,1,0.4004302782912796,0.3995697217087203,2.151391456398366e-05,0.4004302782912796,0.3995697217087203,0,2.151391456398366e-05,2.151391456398366e-05,0,1
75.3,0.4004236262216649,0.399576373778335,-4.236262216649744e-05,4.236262216649744e-05,2.118131108324872e-05,1,0,1,0.4004236262216649,0.399576373778335,2.118131108324872e-05,0.4004236262216649,0.399576373778335,0,2.118131108324872e-05,2.118131108324872e-05,0,1
75.45,0.4004170652407456,0.3995829347592544,-4.170652407455844e-05,4.170652407455844e-05,2.085326203727922e-05,1,0,1,0.4004170652407456,0.3995829347592544,2.085326203727922e-05,0.4004170652407456,0.3995829347592544,0,2.085326203727922e-05,2.085326203727922e-05,0,1
75.59999999999999,0.4004105953485214,0.3995894046514785,-4.105953485214475e-05,4.105953485214475e-05,2.052976742607238e-05,1,0,1,0.4004105953485214,0.3995894046514785,2.052976742607238e-05,0.4004105953485214,0.3995894046514785,0,2.052976742607238e-05,2.052976742607238e-05,0,1
75.75,0.4004042165449926,0.3995957834550073,-4.042165449926194e-05,4.042165449926194e-05,2.021082724963097e-05,1,0,1,0.4004042165449926,0.3995957834550073,2.021082724963097e-05,0.4004042165449926,0.3995957834550073,0,2.021082724963097e-05,2.021082724963097e-05,0,1
75.90000000000001,0.4003979288301591,0.3996020711698409,-3.979288301591e-05,3.979288301591e-05,1.9896441507955e-05,1,0,1,0.4003979288301591,0.3996020711698409,1.9896441507955e-05,0.4003979288301591,0.3996020711698409,0,1.9896441507955e-05,1.9896441507955e-05,0,1
76.05,0.4003917322040208,0.3996082677959791,-3.917322040208338e-05,3.917322040208338e-05,1.958661020104169e-05,1,0,1,0.4003917322040208,0.3996082677959791,1.958661020104169e-05,0.4003917322040208,0.3996082677959791,0,1.958661020104169e-05,1.958661020104169e-05,0,1
76.2,0.4003856266665779,0.399614373333422,-3.856266665779318e-05,3.856266665779318e-05,1.928133332889659e-05,1,0,1,0.4003856266665779,0.399614373333422,1.928133332889659e-05,0.4003856266665779,0.399614373333422,0,1.928133332889659e-05,1.928133332889659e-05,0,1
76.34999999999999,0.4003796122178302,0.3996203877821697,-3.796122178302275e-05,3.796122178302275e-05,1.898061089151138e-05,1,0,1,0.4003796122178302,0.3996203877821697,1.898061089151138e-05,0.4003796122178302,0.3996203877821697,0,1.898061089151138e-05,1.898061089151138e-05,0,1
76.5,0.4003736888577778,0.3996263111422221,-3.736888577778319e-05,3.736888577778319e-05,1.86844428888916e-05,1,0,1,0.4003736888577778,0.3996263111422221,1.86844428888916e-05,0.4003736888577778,0.3996263111422221,0,1.86844428888916e-05,1.86844428888916e-05,0,1
76.65000000000001,0.4003678565864207,0.3996321434135792,-3.678565864207451e-05,3.678565864207451e-05,1.839282932103725e-05,1,0,1,0.4003678565864207,0.3996321434135792,1.839282932103725e-05,0.4003678565864207,0.3996321434135792,0,1.839282932103725e-05,1.839282932103725e-05,0,1
76.8,0.4003621154037589,0.3996378845962411,-3.621154037589114e-05,3.621154037589114e-05,1.810577018794557e-05,1,0,1,0.4003621154037589,0.3996378845962411,1.810577018794557e-05,0.4003621154037589,0.3996378845962411,0,1.810577018794557e-05,1.810577018794557e-05,0,1
76.95,0.4003564653097923,0.3996435346902076,-3.564653097923309e-05,3.564653097923309e-05,1.782326548961655e-05,1,0,1,0.4003564653097923,0.3996435346902076,1.782326548961655e-05,0.4003564653097923,0.3996435346902076,0,1.782326548961655e-05,1.782326548961655e-05,0,1
77.09999999999999,0.400350906304521,0.3996490936954789,-3.509063045210592e-05,3.509063045210592e-05,1.754531522605296e-05,1,0,1,0.400350906304521,0.3996490936954789,1.754531522605296e-05,0.400350906304521,0.3996490936954789,0,1.754531522605296e-05,1.754531522605296e-05,0,1
77.25,0.4003454383879451,0.3996545616120549,-3.454383879450962e-05,3.454383879450962e-05,1.727191939725481e-05,1,0,1,0.4003454383879451,0.3996545616120549,1.727191939725481e-05,0.4003454383879451,0.3996545616120549,0,1.727191939725481e-05,1.727191939725481e-05,0,1
77.40000000000001,0.4003400615600644,0.3996599384399356,-3.400615600643864e-05,3.400615600643864e-05,1.700307800321932e-05,1,0,1,0.4003400615600644,0.3996599384399356,1.700307800321932e-05,0.4003400615600644,0.3996599384399356,0,1.700307800321932e-05,1.700307800321932e-05,0,1
77.55,0.400334775820879,0.3996652241791209,-3.347758208790408e-05,3.347758208790408e-05,1.673879104395204e-05,1,0,1,0.400334775820879,0.3996652241791209,1.673879104395204e-05,0.400334775820879,0.3996652241791209,0,1.673879104395204e-05,1.673879104395204e-05,0,1
77.7,0.4003295811703889,0.399670418829611,-3.295811703889484e-05,3.295811703889484e-05,1.647905851944742e-05,1,0,1,0.4003295811703889,0.399670418829611,1.647905851944742e-05,0.4003295811703889,0.399670418829611,0,1.647905851944742e-05,1.647905851944742e-05,0,1
77.84999999999999,0.400324477608594,0.3996755223914059,-3.244776085940538e-05,3.244776085940538e-05,1.622388042970269e-05,1,0,1,0.400324477608594,0.3996755223914059,1.622388042970269e-05,0.400324477608594,0.3996755223914059,0,1.622388042970269e-05,1.622388042970269e-05,0,1
78,0.4003194651354945,0.3996805348645054,-3.194651354945233e-05,3.194651354945233e-05,1.597325677472616e-05,1,0,1,0.4003194651354945,0.3996805348645054,1.597325677472616e-05,0.4003194651354945,0.3996805348645054,0,1.597325677472616e-05,1.597325677472616e-05,0,1
78.15000000000001,0.4003145437510902,0.3996854562489097,-3.145437510902461e-05,3.145437510902461e-05,1.57271875545123e-05,1,0,1,0.4003145437510902,0.3996854562489097,1.57271875545123e-05,0.4003145437510902,0.3996854562489097,0,1.57271875545123e-05,1.57271875545123e-05,0,1
78.3,0.4003097134553812,0.3996902865446187,-3.097134553812775e-05,3.097134553812775e-05,1.548567276906388e-05,1,0,1,0.4003097134553812,0.3996902865446187,1.548567276906388e-05,0.4003097134553812,0.3996902865446187,0,1.548567276906388e-05,1.548567276906388e-05,0,1
78.45,0.4003049742483675,0.3996950257516324,-3.049742483675622e-05,3.049742483675622e-05,1.524871241837811e-05,1,0,1,0.4003049742483675,0.3996950257516324,1.524871241837811e-05,0.4003049742483675,0.3996950257516324,0,1.524871241837811e-05,1.524871241837811e-05,0,1
78.59999999999999,0.4003003261300491,0.3996996738699508,-3.003261300491556e-05,3.003261300491556e-05,1.501630650245778e-05,1,0,1,0.4003003261300491,0.3996996738699508,1.501630650245778e-05,0.4003003261300491,0.3996996738699508,0,1.501630650245778e-05,1.501630650245778e-05,0,1
78.75,0.400295769100426,0.399704230899574,-2.957691004260021e-05,2.957691004260021e-05,1.478845502130011e-05,1,0,1,0.400295769100426,0.399704230899574,1.478845502130011e-05,0.400295769100426,0.399704230899574,0,1.478845502130011e-05,1.478845502130011e-05,0,1
78.90000000000001,0.4002913031594982,0.3997086968405018,-2.91303159498213e-05,2.91303159498213e-05,1.456515797491065e-05,1,0,1,0.4002913031594982,0.3997086968405018,1.456515797491065e-05,0.4002913031594982,0.3997086968405018,0,1.456515797491065e-05,1.456515797491065e-05,0,1
79.05,0.4002869283072656,0.3997130716927343,-2.869283072656215e-05,2.869283072656215e-05,1.434641536328107e-05,1,0,1,0.4002869283072656,0.3997130716927343,1.434641536328107e-05,0.4002869283072656,0.3997130716927343,0,1.434641536328107e-05,1.434641536328107e-05,0,1
79.2,0.4002826445437284,0.3997173554562716,-2.826445437283942e-05,2.826445437283942e-05,1.413222718641971e-05,1,0,1,0.4002826445437284,0.3997173554562716,1.413222718641971e-05,0.4002826445437284,0.3997173554562716,0,1.413222718641971e-05,1.413222718641971e-05,0,1
79.34999999999999,0.4002784518688863,0.3997215481311136,-2.784518688863647e-05,2.784518688863647e-05,1.392259344431823e-05,1,0,1,0.4002784518688863,0.3997215481311136,1.392259344431823e-05,0.4002784518688863,0.3997215481311136,0,1.392259344431823e-05,1.392259344431823e-05,0,1
79.5,0.4002739954742266,0.3997260045257733,-2.739954742266293e-05,2.739954742266293e-05,1.369977371133147e-05,1,0,1,0.4002739954742266,0.3997260045257733,1.369977371133147e-05,0.4002739954742266,0.3997260045257733,0,1.369977371133147e-05,1.369977371133147e-05,0,1
79.65000000000001,0.4002690547271607,0.3997309452728393,-2.690547271607114e-05,2.690547271607114e-05,1.345273635803557e-05,1,0,1,0.4002690547271607,0.3997309452728393,1.345273635803557e-05,0.4002690547271607,0.3997309452728393,0,1.345273635803557e-05,1.345273635803557e-05,0,1
79.8,0.4002641626974734,0.3997358373025265,-2.641626974734246e-05,2.641626974734246e-05,1.320813487367123e-05,1,0,1,0.4002641626974734,0.3997358373025265,1.320813487367123e-05,0.4002641626974734,0.3997358373025265,0,1.320813487367123e-05,1.320813487367123e-05,0,1
79.95,0.4002593193851646,0.3997406806148353,-2.59319385164658e-05,2.59319385164658e-05,1.29659692582329e-05,1,0,1,0.4002593193851646,0.3997406806148353,1.29659692582329e-05,0.4002593193851646,0.3997406806148353,0,1.29659692582329e-05,1.29659692582329e-05,0,1
80.09999999999999,0.4002545247902345,0.3997454752097654,-2.545247902345227e-05,2.545247902345227e-05,1.272623951172613e-05,1,0,1,0.4002545247902345,0.3997454752097654,1.272623951172613e-05,0.4002545247902345,0.3997454752097654,0,1.272623951172613e-05,1.272623951172613e-05,0,1
80.25,0.4002497789126829,0.3997502210873171,-2.497789126829075e-05,2.497789126829075e-05,1.248894563414538e-05,1,0,1,0.4002497789126829,0.3997502210873171,1.248894563414538e-05,0.4002497789126829,0.3997502210873171,0,1.248894563414538e-05,1.248894563414538e-05,0,1
80.40000000000001,0.4002450817525099,0.39975491824749,-2.450817525099236e-05,2.450817525099236e-05,1.225408762549618e-05,1,0,1,0.4002450817525099,0.39975491824749,1.225408762549618e-05,0.4002450817525099,0.39975491824749,0,1.225408762549618e-05,1.225408762549618e-05,0,1
80.55,0.4002404333097155,0.3997595666902845,-2.404333097155154e-05,2.404333097155154e-05,1.202166548577577e-05,1,0,1,0.4002404333097155,0.3997595666902845,1.202166548577577e-05,0.4002404333097155,0.3997595666902845,0,1.202166548577577e-05,1.202166548577577e-05,0,1
80.7,0.4002358335842997,0.3997641664157002,-2.358335842997383e-05,2.358335842997383e-05,1.179167921498692e-05,1,0,1,0.4002358335842997,0.3997641664157002,1.179167921498692e-05,0.4002358335842997,0.3997641664157002,0,1.179167921498692e-05,1.179167921498692e-05,0,1
80.84999999999999,0.4002312825762624,0.3997687174237375,-2.312825762624815e-05,2.312825762624815e-05,1.156412881312408e-05,1,0,1,0.4002312825762624,0.3997687174237375,1.156412881312408e-05,0.4002312825762624,0.3997687174237375,0,1.156412881312408e-05,1.156412881312408e-05,0,1
81,0.4002267802856038,0.3997732197143962,-2.267802856038004e-05,2.267802856038004e-05,1.133901428019002e-05,1,0,1,0.4002267802856038,0.3997732197143962,1.133901428019002e-05,0.4002267802856038,0.3997732197143962,0,1.133901428019002e-05,1.133901428019002e-05,0,1
81.15000000000001,0.4002223267123237,0.3997776732876762,-2.223267123237505e-05,2.223267123237505e-05,1.111633561618752e-05,1,0,1,0.4002223267123237,0.3997776732876762,1.111633561618752e-05,0.4002223267123237,0.3997776732876762,0,1.111633561618752e-05,1.111633561618752e-05,0,1
81.3,0.4002179218564222,0.3997820781435777,-2.179218564222762e-05,2.179218564222762e-05,1.089609282111381e-05,1,0,1,0.4002179218564222,0.3997820781435777,1.089609282111381e-05,0.4002179218564222,0.3997820781435777,0,1.089609282111381e-05,1.089609282111381e-05,0,1
81.45,0.4002135657178993,0.3997864342821006,-2.135657178993778e-05,2.135657178993778e-05,1.067828589496889e-05,1,0,1,0.4002135657178993,0.3997864342821006,1.067828589496889e-05,0.4002135657178993,0.3997864342821006,0,1.067828589496889e-05,1.067828589496889e-05,0,1
81.59999999999999,0.4002092582967551,0.3997907417032449,-2.092582967551104e-05,2.092582967551104e-05,1.046291483775552e-05,1,0,1,0.4002092582967551,0.3997907417032449,1.046291483775552e-05,0.4002092582967551,0.3997907417032449,0,1.046291483775552e-05,1.046291483775552e-05,0,1
81.75,0.4002049995929893,0.3997950004070106,-2.049995929893633e-05,2.049995929893633e-05,1.024997964946817e-05,1,0,1,0.4002049995929893,0.3997950004070106,1.024997964946817e-05,0.4002049995929893,0.3997950004070106,0,1.024997964946817e-05,1.024997964946817e-05,0,1
81.90000000000001,0.4002007896066022,0.3997992103933977,-2.007896066022474e-05,2.007896066022474e-05,1.003948033011237e-05,1,0,1,0.4002007896066022,0.3997992103933977,1.003948033011237e-05,0.4002007896066022,0.3997992103933977,0,1.003948033011237e-05,1.003948033011237e-05,0,1
82.05,0.4001966283375936,0.3998033716624063,-1.966283375936517e-05,1.966283375936517e-05,9.831416879682587e-06,1,0,1,0.4001966283375936,0.3998033716624063,9.831416879682587e-06,0.4001966283375936,0.3998033716624063,0,9.831416879682587e-06,9.831416879682587e-06,0,1
82.2,0.4001925157859637,0.3998074842140363,-1.925157859636873e-05,1.925157859636873e-05,9.625789298184363e-06,1,0,1,0.4001925157859637,0.3998074842140363,9.625789298184363e-06,0.4001925157859637,0.3998074842140363,0,9.625789298184363e-06,9.625789298184363e-06,0,1
82.34999999999999,0.4001884519517123,0.3998115480482877,-1.884519517122984e-05,1.884519517122984e-05,9.422597585614922e-06,1,0,1,0.4001884519517123,0.3998115480482877,9.422597585614922e-06,0.4001884519517123,0.3998115480482877,0,9.422597585614922e-06,9.422597585614922e-06,0,1
82.5,0.4001844368348395,0.3998155631651605,-1.844368348394854e-05,1.844368348394854e-05,9.221841741974269e-06,1,0,1,0.4001844368348395,0.3998155631651605,9.221841741974269e-06,0.4001844368348395,0.3998155631651605,0,9.221841741974269e-06,9.221841741974269e-06,0,1
82.65000000000001,0.4001804704353453,0.3998195295646547,-1.804704353453035e-05,1.804704353453035e-05,9.023521767265175e-06,1,0,1,0.4001804704353453,0.3998195295646547,9.023521767265175e-06,0.4001804704353453,0.3998195295646547,0,9.023521767265175e-06,9.023521767265175e-06,0,1
82.8,0.4001765527532296,0.3998234472467703,-1.765527532296418e-05,1.765527532296418e-05,8.827637661482091e-06,1,0,1,0.4001765527532296,0.3998234472467703,8.827637661482091e-06,0.4001765527532296,0.3998234472467703,0,8.827637661482091e-06,8.827637661482091e-06,0,1
82.95,0.4001726837884926,0.3998273162115074,-1.726837884926113e-05,1.726837884926113e-05,8.634189424630567e-06,1,0,1,0.4001726837884926,0.3998273162115074,8.634189424630567e-06,0.4001726837884926,0.3998273162115074,0,8.634189424630567e-06,8.634189424630567e-06,0,1
83.09999999999999,0.4001688635411341,0.3998311364588659,-1.688635411341011e-05,1.688635411341011e-05,8.443177056705054e-06,1,0,1,0.4001688635411341,0.3998311364588659,8.443177056705054e-06,0.4001688635411341,0.3998311364588659,0,8.443177056705054e-06,8.443177056705054e-06,0,1
83.25,0.4001650920111542,0.3998349079888457,-1.65092011154222e-05,1.65092011154222e-05,8.254600557711101e-06,1,0,1,0.4001650920111542,0.3998349079888457,8.254600557711101e-06,0.4001650920111542,0.3998349079888457,0,8.254600557711101e-06,8.254600557711101e-06,0,1
83.40000000000001,0.4001613691985529,0.399838630801447,-1.613691985529186e-05,1.613691985529186e-05,8.068459927645932e-06,1,0,1,0.4001613691985529,0.399838630801447,8.068459927645932e-06,0.4001613691985529,0.399838630801447,0,8.068459927645932e-06,8.068459927645932e-06,0,1
83.55,0.4001576951033302,0.3998423048966698,-1.57695103330191e-05,1.57695103330191e-05,7.88475516650955e-06,1,0,1,0.4001576951033302,0.3998423048966698,7.88475516650955e-06,0.4001576951033302,0.3998423048966698,0,7.88475516650955e-06,7.88475516650955e-06,0,1
83.7,0.4001540697254861,0.3998459302745139,-1.540697254860945e-05,1.540697254860945e-05,7.703486274304727e-06,1,0,1,0.4001540697254861,0.3998459302745139,7.703486274304727e-06,0.4001540697254861,0.3998459302745139,0,7.703486274304727e-06,7.703486274304727e-06,0,1
83.84999999999999,0.4001504930650205,0.3998495069349794,-1.504930650205183e-05,1.504930650205183e-05,7.524653251025915e-06,1,0,1,0.4001504930650205,0.3998495069349794,7.524653251025915e-06,0.4001504930650205,0.3998495069349794,0,7.524653251025915e-06,7.524653251025915e-06,0,1
84,0.4001469651219335,0.3998530348780664,-1.469651219335733e-05,1.469651219335733e-05,7.348256096678663e-06,1,0,1,0.4001469651219335,0.3998530348780664,7.348256096678663e-06,0.4001469651219335,0.3998530348780664,0,7.348256096678663e-06,7.348256096678663e-06,0,1
84.15000000000001,0.4001434858962252,0.3998565141037748,-1.434858962252039e-05,1.434858962252039e-05,7.174294811260196e-06,1,0,1,0.4001434858962252,0.3998565141037748,7.174294811260196e-06,0.4001434858962252,0.3998565141037748,0,7.174294811260196e-06,7.174294811260196e-06,0,1
84.3,0.4001400553878954,0.3998599446121046,-1.400553878954103e-05,1.400553878954103e-05,7.002769394770514e-06,1,0,1,0.4001400553878954,0.3998599446121046,7.002769394770514e-06,0.4001400553878954,0.3998599446121046,0,7.002769394770514e-06,7.002769394770514e-06,0,1
84.45,0.4001366735969442,0.3998633264030558,-1.366735969441924e-05,1.366735969441924e-05,6.833679847209618e-06,1,0,1,0.4001366735969442,0.3998633264030558,6.833679847209618e-06,0.4001366735969442,0.3998633264030558,0,6.833679847209618e-06,6.833679847209618e-06,0,1
84.59999999999999,0.4001333405233715,0.3998666594766284,-1.333405233715501e-05,1.333405233715501e-05,6.667026168577506e-06,1,0,1,0.4001333405233715,0.3998666594766284,6.667026168577506e-06,0.4001333405233715,0.3998666594766284,0,6.667026168577506e-06,6.667026168577506e-06,0,1
84.75,0.4001300561671775,0.3998699438328224,-1.300561671775391e-05,1.300561671775391e-05,6.502808358876955e-06,1,0,1,0.4001300561671775,0.3998699438328224,6.502808358876955e-06,0.4001300561671775,0.3998699438328224,0,6.502808358876955e-06,6.502808358876955e-06,0,1
84.90000000000001,0.4001268205283621,0.3998731794716379,-1.268205283621038e-05,1.268205283621038e-05,6.341026418105189e-06,1,0,1,0.4001268205283621,0.3998731794716379,6.341026418105189e-06,0.4001268205283621,0.3998731794716379,0,6.341026418105189e-06,6.341026418105189e-06,0,1
85.05,0.4001236336069252,0.3998763663930748,-1.236336069251887e-05,1.236336069251887e-05,6.181680346259433e-06,1,0,1,0.4001236336069252,0.3998763663930748,6.181680346259433e-06,0.4001236336069252,0.3998763663930748,0,6.181680346259433e-06,6.181680346259433e-06,0,1
85.2,0.4001204954028669,0.3998795045971331,-1.204954028669047e-05,1.204954028669047e-05,6.024770143345237e-06,1,0,1,0.4001204954028669,0.3998795045971331,6.024770143345237e-06,0.4001204954028669,0.3998795045971331,0,6.024770143345237e-06,6.024770143345237e-06,0,1
85.34999999999999,0.4001174059161872,0.3998825940838127,-1.174059161872521e-05,1.174059161872521e-05,5.870295809362603e-06,1,0,1,0.4001174059161872,0.3998825940838127,5.870295809362603e-06,0.4001174059161872,0.3998825940838127,0,5.870295809362603e-06,5.870295809362603e-06,0,1
85.5,0.4001143651468861,0.3998856348531138,-1.143651468861195e-05,1.143651468861195e-05,5.718257344305977e-06,1,0,1,0.4001143651468861,0.3998856348531138,5.718257344305977e-06,0.4001143651468861,0.3998856348531138,0,5.718257344305977e-06,5.718257344305977e-06,0,1
85.65000000000001,0.4001113730949635,0.3998886269050364,-1.113730949635627e-05,1.113730949635627e-05,5.568654748178137e-06,1,0,1,0.4001113730949635,0.3998886269050364,5.568654748178137e-06,0.4001113730949635,0.3998886269050364,0,5.568654748178137e-06,5.568654748178137e-06,0,1
85.8,0.4001084297604196,0.3998915702395803,-1.084297604196372e-05,1.084297604196372e-05,5.421488020981858e-06,1,0,1,0.4001084297604196,0.3998915702395803,5.421488020981858e-06,0.4001084297604196,0.3998915702395803,0,5.421488020981858e-06,5.421488020981858e-06,0,1
85.95,0.4001055351432543,0.3998944648567457,-1.055351432542873e-05,1.055351432542873e-05,5.276757162714363e-06,1,0,1,0.4001055351432543,0.3998944648567457,5.276757162714363e-06,0.4001055351432543,0.3998944648567457,0,5.276757162714363e-06,5.276757162714363e-06,0,1
86.09999999999999,0.4001026892434675,0.3998973107565325,-1.026892434675131e-05,1.026892434675131e-05,5.134462173375654e-06,1,0,1,0.4001026892434675,0.3998973107565325,5.134462173375654e-06,0.4001026892434675,0.3998973107565325,0,5.134462173375654e-06,5.134462173375654e-06,0,1
86.25,0.4000998920610593,0.3999001079389407,-9.989206105931459e-06,9.989206105931459e-06,4.994603052965729e-06,1,0,1,0.4000998920610593,0.3999001079389407,4.994603052965729e-06,0.4000998920610593,0.3999001079389407,0,4.994603052965729e-06,4.994603052965729e-06,0,1
86.40000000000001,0.4000971435960297,0.3999028564039703,-9.714359602969181e-06,9.714359602969181e-06,4.857179801484591e-06,1,0,1,0.4000971435960297,0.3999028564039703,4.857179801484591e-06,0.4000971435960297,0.3999028564039703,0,4.857179801484591e-06,4.857179801484591e-06,0,1
86.55,0.4000944438483786,0.3999055561516213,-9.444384837864473e-06,9.444384837864473e-06,4.722192418932237e-06,1,0,1,0.4000944438483786,0.3999055561516213,4.722192418932237e-06,0.4000944438483786,0.3999055561516213,0,4.722192418932237e-06,4.722192418932237e-06,0,1
86.7,0.4000917928181062,0.3999082071818937,-9.179281810622887e-06,9.179281810622887e-06,4.589640905311444e-06,1,0,1,0.4000917928181062,0.3999082071818937,4.589640905311444e-06,0.4000917928181062,0.3999082071818937,0,4.589640905311444e-06,4.589640905311444e-06,0,1
86.84999999999999,0.4000891905052124,0.3999108094947876,-8.91905052123887e-06,8.91905052123887e-06,4.459525260619435e-06,1,0,1,0.4000891905052124,0.3999108094947876,4.459525260619435e-06,0.4000891905052124,0.3999108094947876,0,4.459525260619435e-06,4.459525260619435e-06,0,1
87,0.400086636909697,0.3999133630903029,-8.663690969706873e-06,8.663690969706873e-06,4.331845484853437e-06,1,0,1,0.400086636909697,0.3999133630903029,4.331845484853437e-06,0.400086636909697,0.3999133630903029,0,4.331845484853437e-06,4.331845484853437e-06,0,1
87.15000000000001,0.4000841320315603,0.3999158679684396,-8.413203156037996e-06,8.413203156037996e-06,4.206601578018998e-06,1,0,1,0.4000841320315603,0.3999158679684396,4.206601578018998e-06,0.4000841320315603,0.3999158679684396,0,4.206601578018998e-06,4.206601578018998e-06,0,1
87.3,0.4000816758708023,0.3999183241291976,-8.167587080232242e-06,8.167587080232242e-06,4.083793540116121e-06,1,0,1,0.4000816758708023,0.3999183241291976,4.083793540116121e-06,0.4000816758708023,0.3999183241291976,0,4.083793540116121e-06,4.083793540116121e-06,0,1
87.45,0.4000792684274228,0.3999207315725772,-7.926842742278506e-06,7.926842742278506e-06,3.963421371139253e-06,1,0,1,0.4000792684274228,0.3999207315725772,3.963421371139253e-06,0.4000792684274228,0.3999207315725772,0,3.963421371139253e-06,3.963421371139253e-06,0,1
87.59999999999999,0.4000769097014218,0.3999230902985781,-7.690970142187891e-06,7.690970142187891e-06,3.845485071093946e-06,1,0,1,0.4000769097014218,0.3999230902985781,3.845485071093946e-06,0.4000769097014218,0.3999230902985781,0,3.845485071093946e-06,3.845485071093946e-06,0,1
87.75,0.4000745996927995,0.3999254003072005,-7.459969279949297e-06,7.459969279949297e-06,3.729984639974648e-06,1,0,1,0.4000745996927995,0.3999254003072005,3.729984639974648e-06,0.4000745996927995,0.3999254003072005,0,3.729984639974648e-06,3.729984639974648e-06,0,1
87.90000000000001,0.4000723384015557,0.3999276615984442,-7.233840155573823e-06,7.233840155573823e-06,3.616920077786912e-06,1,0,1,0.4000723384015557,0.3999276615984442,3.616920077786912e-06,0.4000723384015557,0.3999276615984442,0,3.616920077786912e-06,3.616920077786912e-06,0,1
88.05,0.4000701258276905,0.3999298741723094,-7.012582769055919e-06,7.012582769055919e-06,3.50629138452796e-06,1,0,1,0.4000701258276905,0.3999298741723094,3.50629138452796e-06,0.4000701258276905,0.3999298741723094,0,3.50629138452796e-06,3.50629138452796e-06,0,1
88.2,0.4000679619712039,0.399932038028796,-6.796197120395586e-06,6.796197120395586e-06,3.398098560197793e-06,1,0,1,0.4000679619712039,0.399932038028796,3.398098560197793e-06,0.4000679619712039,0.399932038028796,0,3.398098560197793e-06,3.398098560197793e-06,0,1
88.34999999999999,0.400065846832096,0.399934153167904,-6.584683209598375e-06,6.584683209598375e-06,3.292341604799187e-06,1,0,1,0.400065846832096,0.399934153167904,3.292341604799187e-06,0.400065846832096,0.399934153167904,0,3.292341604799187e-06,3.292341604799187e-06,0,1
88.5,0.4000637804103665,0.3999362195896334,-6.378041036653182e-06,6.378041036653182e-06,3.189020518326591e-06,1,0,1,0.4000637804103665,0.3999362195896334,3.189020518326591e-06,0.4000637804103665,0.3999362195896334,0,3.189020518326591e-06,3.189020518326591e-06,0,1
88.65000000000001,0.4000617627060157,0.3999382372939842,-6.176270601576662e-06,6.176270601576662e-06,3.088135300788331e-06,1,0,1,0.4000617627060157,0.3999382372939842,3.088135300788331e-06,0.4000617627060157,0.3999382372939842,0,3.088135300788331e-06,3.088135300788331e-06,0,1
88.8,0.4000597937190434,0.3999402062809565,-5.979371904346609e-06,5.979371904346609e-06,2.989685952173304e-06,1,0,1,0.4000597937190434,0.3999402062809565,2.989685952173304e-06,0.4000597937190434,0.3999402062809565,0,2.989685952173304e-06,2.989685952173304e-06,0,1
88.95,0.4000578734494498,0.3999421265505502,-5.787344944979678e-06,5.787344944979678e-06,2.893672472489839e-06,1,0,1,0.4000578734494498,0.3999421265505502,2.893672472489839e-06,0.4000578734494498,0.3999421265505502,0,2.893672472489839e-06,2.893672472489839e-06,0,1
89.09999999999999,0.4000560018972347,0.3999439981027653,-5.600189723470317e-06,5.600189723470317e-06,2.800094861735159e-06,1,0,1,0.4000560018972347,0.3999439981027653,2.800094861735159e-06,0.4000560018972347,0.3999439981027653,0,2.800094861735159e-06,2.800094861735159e-06,0,1
89.25,0.4000541790623982,0.3999458209376017,-5.417906239824078e-06,5.417906239824078e-06,2.708953119912039e-06,1,0,1,0.4000541790623982,0.3999458209376017,2.708953119912039e-06,0.4000541790623982,0.3999458209376017,0,2.708953119912039e-06,2.708953119912039e-06,0,1
89.40000000000001,0.4000524049449403,0.3999475950550597,-5.240494494029858e-06,5.240494494029858e-06,2.620247247014929e-06,1,0,1,0.4000524049449403,0.3999475950550597,2.620247247014929e-06,0.4000524049449403,0.3999475950550597,0,2.620247247014929e-06,2.620247247014929e-06,0,1
89.55,0.400050679544861,0.399949320455139,-5.067954486098758e-06,5.067954486098758e-06,2.533977243049379e-06,1,0,1,0.400050679544861,0.399949320455139,2.533977243049379e-06,0.400050679544861,0.399949320455139,0,2.533977243049379e-06,2.533977243049379e-06,0,1
89.7,0.4000490028621602,0.3999509971378398,-4.900286216019679e-06,4.900286216019679e-06,2.450143108009839e-06,1,0,1,0.4000490028621602,0.3999509971378398,2.450143108009839e-06,0.4000490028621602,0.3999509971378398,0,2.450143108009839e-06,2.450143108009839e-06,0,1
89.84999999999999,0.400047374896838,0.3999526251031619,-4.73748968380372e-06,4.73748968380372e-06,2.36874484190186e-06,1,0,1,0.400047374896838,0.3999526251031619,2.36874484190186e-06,0.400047374896838,0.3999526251031619,0,2.36874484190186e-06,2.36874484190186e-06,0,1
90,0.4000457956488944,0.3999542043511055,-4.579564889445331e-06,4.579564889445331e-06,2.289782444722666e-06,1,0,1,0.4000457956488944,0.3999542043511055,2.289782444722666e-06,0.4000457956488944,0.3999542043511055,0,2.289782444722666e-06,2.289782444722666e-06,0,1
90.15000000000001,0.4000442651183295,0.3999557348816705,-4.426511832950064e-06,4.426511832950064e-06,2.213255916475032e-06,1,0,1,0.4000442651183295,0.3999557348816705,2.213255916475032e-06,0.4000442651183295,0.3999557348816705,0,2.213255916475032e-06,2.213255916475032e-06,0,1
90.3,0.400042783305143,0.3999572166948569,-4.278330514306816e-06,4.278330514306816e-06,2.139165257153408e-06,1,0,1,0.400042783305143,0.3999572166948569,2.139165257153408e-06,0.400042783305143,0.3999572166948569,0,2.139165257153408e-06,2.139165257153408e-06,0,1
90.45,0.4000413502093352,0.3999586497906647,-4.13502093352669e-06,4.13502093352669e-06,2.067510466763345e-06,1,0,1,0.4000413502093352,0.3999586497906647,2.067510466763345e-06,0.4000413502093352,0.3999586497906647,0,2.067510466763345e-06,2.067510466763345e-06,0,1
90.59999999999999,0.400039965830906,0.399960034169094,-3.996583090598582e-06,3.996583090598582e-06,1.998291545299291e-06,1,0,1,0.400039965830906,0.399960034169094,1.998291545299291e-06,0.400039965830906,0.399960034169094,0,1.998291545299291e-06,1.998291545299291e-06,0,1
90.75,0.4000386301698553,0.3999613698301446,-3.863016985533596e-06,3.863016985533596e-06,1.931508492766798e-06,1,0,1,0.4000386301698553,0.3999613698301446,1.931508492766798e-06,0.4000386301698553,0.3999613698301446,0,1.931508492766798e-06,1.931508492766798e-06,0,1
90.90000000000001,0.4000373432261832,0.3999626567738167,-3.73432261832618e-06,3.73432261832618e-06,1.86716130916309e-06,1,0,1,0.4000373432261832,0.3999626567738167,1.86716130916309e-06,0.4000373432261832,0.3999626567738167,0,1.86716130916309e-06,1.86716130916309e-06,0,1
91.05,0.4000361049998897,0.3999638950001102,-3.610499988976335e-06,3.610499988976335e-06,1.805249994488167e-06,1,0,1,0.4000361049998897,0.3999638950001102,1.805249994488167e-06,0.4000361049998897,0.3999638950001102,0,1.805249994488167e-06,1.805249994488167e-06,0,1
91.2,0.4000349154909749,0.3999650845090251,-3.491549097489611e-06,3.491549097489611e-06,1.745774548744805e-06,1,0,1,0.4000349154909749,0.3999650845090251,1.745774548744805e-06,0.4000349154909749,0.3999650845090251,0,1.745774548744805e-06,1.745774548744805e-06,0,1
91.34999999999999,0.4000337746994385,0.3999662253005614,-3.377469943854905e-06,3.377469943854905e-06,1.688734971927453e-06,1,0,1,0.4000337746994385,0.3999662253005614,1.688734971927453e-06,0.4000337746994385,0.3999662253005614,0,1.688734971927453e-06,1.688734971927453e-06,0,1
91.5,0.4000326826252808,0.3999673173747191,-3.268262528083321e-06,3.268262528083321e-06,1.634131264041661e-06,1,0,1,0.4000326826252808,0.3999673173747191,1.634131264041661e-06,0.4000326826252808,0.3999673173747191,0,1.634131264041661e-06,1.634131264041661e-06,0,1
91.65000000000001,0.4000316392685017,0.3999683607314983,-3.163926850169308e-06,3.163926850169308e-06,1.581963425084654e-06,1,0,1,0.4000316392685017,0.3999683607314983,1.581963425084654e-06,0.4000316392685017,0.3999683607314983,0,1.581963425084654e-06,1.581963425084654e-06,0,1
91.8,0.4000306446291011,0.3999693553708988,-3.064462910112864e-06,3.064462910112864e-06,1.532231455056432e-06,1,0,1,0.4000306446291011,0.3999693553708988,1.532231455056432e-06,0.4000306446291011,0.3999693553708988,0,1.532231455056432e-06,1.532231455056432e-06,0,1
91.95,0.4000296987070791,0.3999703012929208,-2.969870707913991e-06,2.969870707913991e-06,1.484935353956995e-06,1,0,1,0.4000296987070791,0.3999703012929208,1.484935353956995e-06,0.4000296987070791,0.3999703012929208,0,1.484935353956995e-06,1.484935353956995e-06,0,1
92.09999999999999,0.4000286610715348,0.3999713389284651,-2.866107153487452e-06,2.866107153487452e-06,1.433053576743726e-06,1,0,1,0.4000286610715348,0.3999713389284651,1.433053576743726e-06,0.4000286610715348,0.3999713389284651,0,1.433053576743726e-06,1.433053576743726e-06,0,1
92.25,0.4000268685182725,0.3999731314817275,-2.68685182724937e-06,2.68685182724937e-06,1.343425913624685e-06,1,0,1,0.4000268685182725,0.3999731314817275,1.343425913624685e-06,0.4000268685182725,0.3999731314817275,0,1.343425913624685e-06,1.343425913624685e-06,0,1
92.40000000000001,0.400025102610512,0.3999748973894879,-2.510261051202889e-06,2.510261051202889e-06,1.255130525601445e-06,1,0,1,0.400025102610512,0.3999748973894879,1.255130525601445e-06,0.400025102610512,0.3999748973894879,0,1.255130525601445e-06,1.255130525601445e-06,0,1
92.55,0.4000233633482534,0.3999766366517465,-2.336334825348008e-06,2.336334825348008e-06,1.168167412674004e-06,1,0,1,0.4000233633482534,0.3999766366517465,1.168167412674004e-06,0.4000233633482534,0.3999766366517465,0,1.168167412674004e-06,1.168167412674004e-06,0,1
92.7,0.4000216507314968,0.3999783492685032,-2.165073149679175e-06,2.165073149679175e-06,1.082536574839588e-06,1,0,1,0.4000216507314968,0.3999783492685032,1.082536574839588e-06,0.4000216507314968,0.3999783492685032,0,1.082536574839588e-06,1.082536574839588e-06,0,1
92.84999999999999,0.400019964760242,0.3999800352397579,-1.996476024201943e-06,1.996476024201943e-06,9.982380121009715e-07,1,0,1,0.400019964760242,0.3999800352397579,9.982380121009715e-07,0.400019964760242,0.3999800352397579,0,9.982380121009715e-07,9.982380121009715e-07,0,1
93,0.4000183054344892,0.3999816945655107,-1.830543448921862e-06,1.830543448921862e-06,9.152717244609311e-07,1,0,1,0.4000183054344892,0.3999816945655107,9.152717244609311e-07,0.4000183054344892,0.3999816945655107,0,9.152717244609311e-07,9.152717244609311e-07,0,1
93.15000000000001,0.4000166727542382,0.3999833272457617,-1.66727542382783e-06,1.66727542382783e-06,8.336377119139149e-07,1,0,1,0.4000166727542382,0.3999833272457617,8.336377119139149e-07,0.4000166727542382,0.3999833272457617,0,8.336377119139149e-07,8.336377119139149e-07,0,1
93.3,0.4000150667194892,0.3999849332805107,-1.506671948925398e-06,1.506671948925398e-06,7.533359744626988e-07,1,0,1,0.4000150667194892,0.3999849332805107,7.533359744626988e-07,0.4000150667194892,0.3999849332805107,0,7.533359744626988e-07,7.533359744626988e-07,0,1
93.45,0.4000134873302421,0.3999865126697578,-1.348733024214566e-06,1.348733024214566e-06,6.743665121072829e-07,1,0,1,0.4000134873302421,0.3999865126697578,6.743665121072829e-07,0.4000134873302421,0.3999865126697578,0,6.743665121072829e-07,6.743665121072829e-07,0,1
93.59999999999999,0.400011934586497,0.399988065413503,-1.193458649700885e-06,1.193458649700885e-06,5.967293248504425e-07,1,0,1,0.400011934586497,0.399988065413503,5.967293248504425e-07,0.400011934586497,0.399988065413503,0,5.967293248504425e-07,5.967293248504425e-07,0,1
93.75,0.4000104084882536,0.3999895915117463,-1.040848825367702e-06,1.040848825367702e-06,5.204244126838508e-07,1,0,1,0.4000104084882536,0.3999895915117463,5.204244126838508e-07,0.4000104084882536,0.3999895915117463,0,5.204244126838508e-07,5.204244126838508e-07,0,1
93.90000000000001,0.4000089090355122,0.3999910909644877,-8.909035512261188e-07,8.909035512261188e-07,4.454517756130594e-07,1,0,1,0.4000089090355122,0.3999910909644877,4.454517756130594e-07,0.4000089090355122,0.3999910909644877,0,4.454517756130594e-07,4.454517756130594e-07,0,1
94.05,0.4000074362282728,0.3999925637717271,-7.43622827281687e-07,7.43622827281687e-07,3.718114136408435e-07,1,0,1,0.4000074362282728,0.3999925637717271,3.718114136408435e-07,0.4000074362282728,0.3999925637717271,0,3.718114136408435e-07,3.718114136408435e-07,0,1
94.2,0.4000059900665352,0.3999940099334647,-5.990066535233042e-07,5.990066535233042e-07,2.995033267616521e-07,1,0,1,0.4000059900665352,0.3999940099334647,2.995033267616521e-07,0.4000059900665352,0.3999940099334647,0,2.995033267616521e-07,2.995033267616521e-07,0,1
94.34999999999999,0.4000045705502996,0.3999954294497003,-4.570550299620724e-07,4.570550299620724e-07,2.285275149810362e-07,1,0,1,0.4000045705502996,0.3999954294497003,2.285275149810362e-07,0.4000045705502996,0.3999954294497003,0,2.285275149810362e-07,2.285275149810362e-07,0,1
94.5,0.4000031776795658,0.3999968223204342,-3.177679565813385e-07,3.177679565813385e-07,1.588839782906693e-07,1,0,1,0.4000031776795658,0.3999968223204342,1.588839782906693e-07,0.4000031776795658,0.3999968223204342,0,1.588839782906693e-07,1.588839782906693e-07,0,1
94.65000000000001,0.4000018114543339,0.399998188545666,-1.811454333977558e-07,1.811454333977558e-07,9.05727166988779e-08,1,0,1,0.4000018114543339,0.399998188545666,9.05727166988779e-08,0.4000018114543339,0.399998188545666,0,9.05727166988779e-08,9.05727166988779e-08,0,1
94.8,0.400000471874604,0.3999995281253959,-4.718746040577316e-08,4.718746040577316e-08,2.359373020288658e-08,1,0,1,0.400000471874604,0.3999995281253959,2.359373020288658e-08,0.400000471874604,0.3999995281253959,0,2.359373020288658e-08,2.359373020288658e-08,0,1
94.95,0.399999158940376,0.4000008410596239,-0,0,0,1,0,1,0.399999158940376,0.4000008410596239,0,0.399999158940376,0.4000008410596239,0,0,0,0,1
95.09999999999999,0.3999978726516499,0.4000021273483501,-0,0,0,1,0,1,0.3999978726516499,0.4000021273483501,0,0.3999978726516499,0.4000021273483501,0,0,0,0,1
95.25,0.3999966130084256,0.4000033869915743,-0,0,0,1,0,1,0.3999966130084256,0.4000033869915743,0,0.3999966130084256,0.4000033869915743,0,0,0,0,1
95.40000000000001,0.3999953800107033,0.4000046199892966,-0,0,0,1,0,1,0.3999953800107033,0.4000046199892966,0,0.3999953800107033,0.4000046199892966,0,0,0,0,1
95.55,0.3999941736584829,0.400005826341517,-0,0,0,1,0,1,0.3999941736584829,0.400005826341517,0,0.3999941736584829,0.400005826341517,0,0,0,0,1
95.7,0.3999929939517645,0.4000070060482354,-0,0,0,1,0,1,0.3999929939517645,0.4000070060482354,0,0.3999929939517645,0.4000070060482354,0,0,0,0,1
95.84999999999999,0.3999918408905479,0.400008159109452,-0,0,0,1,0,1,0.3999918408905479,0.400008159109452,0,0.3999918408905479,0.400008159109452,0,0,0,0,1
96,0.3999907144748333,0.4000092855251667,-0,0,0,1,0,1,0.3999907144748333,0.4000092855251667,0,0.3999907144748333,0.4000092855251667,0,0,0,0,1
96.15000000000001,0.3999896147046205,0.4000103852953795,-0,0,0,1,0,1,0.3999896147046205,0.4000103852953795,0,0.3999896147046205,0.4000103852953795,0,0,0,0,1
96.3,0.3999885415799097,0.4000114584200903,-0,0,0,1,0,1,0.3999885415799097,0.4000114584200903,0,0.3999885415799097,0.4000114584200903,0,0,0,0,1
96.45,0.3999874951007007,0.4000125048992992,-0,0,0,1,0,1,0.3999874951007007,0.4000125048992992,0,0.3999874951007007,0.4000125048992992,0,0,0,0,1
96.59999999999999,0.3999864752669937,0.4000135247330063,-0,0,0,1,0,1,0.3999864752669937,0.4000135247330063,0,0.3999864752669937,0.4000135247330063,0,0,0,0,1
96.75,0.3999854820787885,0.4000145179212114,-0,0,0,1,0,1,0.3999854820787885,0.4000145179212114,0,0.3999854820787885,0.4000145179212114,0,0,0,0,1
96.90000000000001,0.3999845155360853,0.4000154844639146,-0,0,0,1,0,1,0.3999845155360853,0.4000154844639146,0,0.3999845155360853,0.4000154844639146,0,0,0,0,1
97.05,0.399983575638884,0.4000164243611159,-0,0,0,1,0,1,0.399983575638884,0.4000164243611159,0,0.399983575638884,0.4000164243611159,0,0,0,0,1
97.2,0.3999826623871846,0.4000173376128153,-0,0,0,1,0,1,0.3999826623871846,0.4000173376128153,0,0.3999826623871846,0.4000173376128153,0,0,0,0,1
97.34999999999999,0.3999817757809871,0.4000182242190128,-0,0,0,1,0,1,0.3999817757809871,0.4000182242190128,0,0.3999817757809871,0.4000182242190128,0,0,0,0,1
97.5,0.3999809158202915,0.4000190841797084,-0,0,0,1,0,1,0.3999809158202915,0.4000190841797084,0,0.3999809158202915,0.4000190841797084,0,0,0,0,1
97.65000000000001,0.3999800825050979,0.400019917494902,-0,0,0,1,0,1,0.3999800825050979,0.400019917494902,0,0.3999800825050979,0.400019917494902,0,0,0,0,1
97.8,0.3999792758354062,0.4000207241645938,-0,0,0,1,0,1,0.3999792758354062,0.4000207241645938,0,0.3999792758354062,0.4000207241645938,0,0,0,0,1
97.95,0.3999784958112163,0.4000215041887837,-0,0,0,1,0,1,0.3999784958112163,0.4000215041887837,0,0.3999784958112163,0.4000215041887837,0,0,0,0,1
98.09999999999999,0.3999777424325283,0.4000222575674716,-0,0,0,1,0,1,0.3999777424325283,0.4000222575674716,0,0.3999777424325283,0.4000222575674716,0,0,0,0,1
98.25,0.3999770156993422,0.4000229843006577,-0,0,0,1,0,1,0.3999770156993422,0.4000229843006577,0,0.3999770156993422,0.4000229843006577,0,0,0,0,1
98.40000000000001,0.3999763156116581,0.4000236843883418,-0,0,0,1,0,1,0.3999763156116581,0.4000236843883418,0,0.3999763156116581,0.4000236843883418,0,0,0,0,1
98.55,0.399975642169476,0.400024357830524,-0,0,0,1,0,1,0.399975642169476,0.400024357830524,0,0.399975642169476,0.400024357830524,0,0,0,0,1
98.7,0.3999749953727956,0.4000250046272043,-0,0,0,1,0,1,0.3999749953727956,0.4000250046272043,0,0.3999749953727956,0.4000250046272043,0,0,0,0,1
98.84999999999999,0.3999743752216172,0.4000256247783828,-0,0,0,1,0,1,0.3999743752216172,0.4000256247783828,0,0.3999743752216172,0.4000256247783828,0,0,0,0,1
99,0.3999737817159407,0.4000262182840592,-0,0,0,1,0,1,0.3999737817159407,0.4000262182840592,0,0.3999737817159407,0.4000262182840592,0,0,0,0,1
99.15000000000001,0.3999732148557661,0.4000267851442338,-0,0,0,1,0,1,0.3999732148557661,0.4000267851442338,0,0.3999732148557661,0.4000267851442338,0,0,0,0,1
99.3,0.3999726746410934,0.4000273253589065,-0,0,0,1,0,1,0.3999726746410934,0.4000273253589065,0,0.3999726746410934,0.4000273253589065,0,0,0,0,1
99.45,0.3999721610719227,0.4000278389280773,-0,0,0,1,0,1,0.3999721610719227,0.4000278389280773,0,0.3999721610719227,0.4000278389280773,0,0,0,0,1
99.59999999999999,0.3999716741482538,0.4000283258517461,-0,0,0,1,0,1,0.3999716741482538,0.4000283258517461,0,0.3999716741482538,0.4000283258517461,0,0,0,0,1
99.75,0.3999712138700869,0.400028786129913,-0,0,0,1,0,1,0.3999712138700869,0.400028786129913,0,0.3999712138700869,0.400028786129913,0,0,0,0,1
99.90000000000001,0.3999707802374218,0.4000292197625781,-0,0,0,1,0,1,0.3999707802374218,0.4000292197625781,0,0.3999707802374218,0.4000292197625781,0,0,0,0,1
100.05,0.3999703732502587,0.4000296267497412,-0,0,0,1,0,1,0.3999703732502587,0.4000296267497412,0,0.3999703732502587,0.4000296267497412,0,0,0,0,1
100.2,0.3999699929085974,0.4000300070914025,-0,0,0,1,0,1,0.3999699929085974,0.4000300070914025,0,0.3999699929085974,0.4000300070914025,0,0,0,0,1
100.35,0.3999696392124382,0.4000303607875618,-0,0,0,1,0,1,0.3999696392124382,0.4000303607875618,0,0.3999696392124382,0.4000303607875618,0,0,0,0,1
100.5,0.3999693121617807,0.4000306878382192,-0,0,0,1,0,1,0.3999693121617807,0.4000306878382192,0,0.3999693121617807,0.4000306878382192,0,0,0,0,1
100.65,0.3999690117566252,0.4000309882433747,-0,0,0,1,0,1,0.3999690117566252,0.4000309882433747,0,0.3999690117566252,0.4000309882433747,0,0,0,0,1
100.8,0.3999687379969716,0.4000312620030284,-0,0,0,1,0,1,0.3999687379969716,0.4000312620030284,0,0.3999687379969716,0.4000312620030284,0,0,0,0,1
100.95,0.3999684908828199,0.4000315091171801,-0,0,0,1,0,1,0.3999684908828199,0.4000315091171801,0,0.3999684908828199,0.4000315091171801,0,0,0,0,1
101.1,0.3999682704141702,0.4000317295858298,-0,0,0,1,0,1,0.3999682704141702,0.4000317295858298,0,0.3999682704141702,0.4000317295858298,0,0,0,0,1
101.25,0.3999680765910223,0.4000319234089776,-0,0,0,1,0,1,0.3999680765910223,0.4000319234089776,0,0.3999680765910223,0.4000319234089776,0,0,0,0,1
101.4,0.3999679094133763,0.4000320905866236,-0,0,0,1,0,1,0.3999679094133763,0.4000320905866236,0,0.3999679094133763,0.4000320905866236,0,0,0,0,1
101.55,0.3999677688812323,0.4000322311187677,-0,0,0,1,0,1,0.3999677688812323,0.4000322311187677,0,0.3999677688812323,0.4000322311187677,0,0,0,0,1
101.7,0.3999676549945901,0.4000323450054098,-0,0,0,1,0,1,0.3999676549945901,0.4000323450054098,0,0.3999676549945901,0.4000323450054098,0,0,0,0,1
101.85,0.3999675677534499,0.4000324322465501,-0,0,0,1,0,1,0.3999675677534499,0.4000324322465501,0,0.3999675677534499,0.4000324322465501,0,0,0,0,1
102,0.3999675071578115,0.4000324928421884,-0,0,0,1,0,1,0.3999675071578115,0.4000324928421884,0,0.3999675071578115,0.4000324928421884,0,0,0,0,1
102.15,0.3999674732076751,0.4000325267923248,-0,0,0,1,0,1,0.3999674732076751,0.4000325267923248,0,0.3999674732076751,0.4000325267923248,0,0,0,0,1
102.3,0.3999674659030406,0.4000325340969593,-0,0,0,1,0,1,0.3999674659030406,0.4000325340969593,0,0.3999674659030406,0.4000325340969593,0,0,0,0,1
102.45,0.3999674852439081,0.4000325147560919,-0,0,0,1,0,1,0.3999674852439081,0.4000325147560919,0,0.3999674852439081,0.4000325147560919,0,0,0,0,1
102.6,0.3999675312302773,0.4000324687697226,-0,0,0,1,0,1,0.3999675312302773,0.4000324687697226,0,0.3999675312302773,0.4000324687697226,0,0,0,0,1
102.75,0.3999676038621485,0.4000323961378514,-0,0,0,1,0,1,0.3999676038621485,0.4000323961378514,0,0.3999676038621485,0.4000323961378514,0,0,0,0,1
102.9,0.3999677031395217,0.4000322968604783,-0,0,0,1,0,1,0.3999677031395217,0.4000322968604783,0,0.3999677031395217,0.4000322968604783,0,0,0,0,1
103.05,0.3999678290623968,0.4000321709376032,-0,0,0,1,0,1,0.3999678290623968,0.4000321709376032,0,0.3999678290623968,0.4000321709376032,0,0,0,0,1
103.2,0.3999679816307737,0.4000320183692262,-0,0,0,1,0,1,0.3999679816307737,0.4000320183692262,0,0.3999679816307737,0.4000320183692262,0,0,0,0,1
103.35,0.3999681608446525,0.4000318391553474,-0,0,0,1,0,1,0.3999681608446525,0.4000318391553474,0,0.3999681608446525,0.4000318391553474,0,0,0,0,1
103.5,0.3999683667040332,0.4000316332959667,-0,0,0,1,0,1,0.3999683667040332,0.4000316332959667,0,0.3999683667040332,0.4000316332959667,0,0,0,0,1
103.65,0.3999685992089159,0.400031400791084,-0,0,0,1,0,1,0.3999685992089159,0.400031400791084,0,0.3999685992089159,0.400031400791084,0,0,0,0,1
103.8,0.3999688583593005,0.4000311416406994,-0,0,0,1,0,1,0.3999688583593005,0.4000311416406994,0,0.3999688583593005,0.4000311416406994,0,0,0,0,1
103.95,0.399969144155187,0.400030855844813,-0,0,0,1,0,1,0.399969144155187,0.400030855844813,0,0.399969144155187,0.400030855844813,0,0,0,0,1
104.1,0.3999694565965754,0.4000305434034245,-0,0,0,1,0,1,0.3999694565965754,0.4000305434034245,0,0.3999694565965754,0.4000305434034245,0,0,0,0,1
104.25,0.3999697956834657,0.4000302043165342,-0,0,0,1,0,1,0.3999697956834657,0.4000302043165342,0,0.3999697956834657,0.4000302043165342,0,0,0,0,1
104.4,0.3999701614158579,0.400029838584142,-0,0,0,1,0,1,0.3999701614158579,0.400029838584142,0,0.3999701614158579,0.400029838584142,0,0,0,0,1
104.55,0.399970553793752,0.4000294462062479,-0,0,0,1,0,1,0.399970553793752,0.4000294462062479,0,0.399970553793752,0.4000294462062479,0,0,0,0,1
104.7,0.3999709728171481,0.4000290271828519,-0,0,0,1,0,1,0.3999709728171481,0.4000290271828519,0,0.3999709728171481,0.4000290271828519,0,0,0,0,1
104.85,0.3999705079552683,0.4000294920447316,-0,0,0,1,0,1,0.3999705079552683,0.4000294920447316,0,0.3999705079552683,0.4000294920447316,0,0,0,0,1
105,0.3999699546123111,0.4000300453876889,-0,0,0,1,0,1,0.3999699546123111,0.4000300453876889,0,0.3999699546123111,0.4000300453876889,0,0,0,0,1
105.15,0.3999694043523481,0.4000305956476519,-0,0,0,1,0,1,0.3999694043523481,0.4000305956476519,0,0.3999694043523481,0.4000305956476519,0,0,0,0,1
105.3,0.3999688571753794,0.4000311428246205,-0,0,0,1,0,1,0.3999688571753794,0.4000311428246205,0,0.3999688571753794,0.4000311428246205,0,0,0,0,1
105.45,0.399968313081405,0.400031686918595,-0,0,0,1,0,1,0.399968313081405,0.400031686918595,0,0.399968313081405,0.400031686918595,0,0,0,0,1
105.6,0.3999677720704249,0.400032227929575,-0,0,0,1,0,1,0.3999677720704249,0.400032227929575,0,0.3999677720704249,0.400032227929575,0,0,0,0,1
105.75,0.3999672341424392,0.4000327658575608,-0,0,0,1,0,1,0.3999672341424392,0.4000327658575608,0,0.3999672341424392,0.4000327658575608,0,0,0,0,1
105.9,0.3999666992974477,0.4000333007025523,-0,0,0,1,0,1,0.3999666992974477,0.4000333007025523,0,0.3999666992974477,0.4000333007025523,0,0,0,0,1
106.05,0.3999661675354505,0.4000338324645494,-0,0,0,1,0,1,0.3999661675354505,0.4000338324645494,0,0.3999661675354505,0.4000338324645494,0,0,0,0,1
106.2,0.3999656388564476,0.4000343611435523,-0,0,0,1,0,1,0.3999656388564476,0.4000343611435523,0,0.3999656388564476,0.4000343611435523,0,0,0,0,1
106.35,0.399965113260439,0.4000348867395609,-0,0,0,1,0,1,0.399965113260439,0.4000348867395609,0,0.399965113260439,0.4000348867395609,0,0,0,0,1
106.5,0.3999645907474247,0.4000354092525752,-0,0,0,1,0,1,0.3999645907474247,0.4000354092525752,0,0.3999645907474247,0.4000354092525752,0,0,0,0,1
106.65,0.3999640713174047,0.4000359286825952,-0,0,0,1,0,1,0.3999640713174047,0.4000359286825952,0,0.3999640713174047,0.4000359286825952,0,0,0,0,1
106.8,0.3999635549703791,0.4000364450296208,-0,0,0,1,0,1,0.3999635549703791,0.4000364450296208,0,0.3999635549703791,0.4000364450296208,0,0,0,0,1
106.95,0.3999630417063477,0.4000369582936522,-0,0,0,1,0,1,0.3999630417063477,0.4000369582936522,0,0.3999630417063477,0.4000369582936522,0,0,0,0,1
107.1,0.3999625315253106,0.4000374684746893,-0,0,0,1,0,1,0.3999625315253106,0.4000374684746893,0,0.3999625315253106,0.4000374684746893,0,0,0,0,1
107.25,0.3999620244272679,0.4000379755727321,-0,0,0,1,0,1,0.3999620244272679,0.4000379755727321,0,0.3999620244272679,0.4000379755727321,0,0,0,0,1
107.4,0.3999615204122194,0.4000384795877805,-0,0,0,1,0,1,0.3999615204122194,0.4000384795877805,0,0.3999615204122194,0.4000384795877805,0,0,0,0,1
107.55,0.3999610194801652,0.4000389805198348,-0,0,0,1,0,1,0.3999610194801652,0.4000389805198348,0,0.3999610194801652,0.4000389805198348,0,0,0,0,1
107.7,0.3999605216311052,0.4000394783688947,-0,0,0,1,0,1,0.3999605216311052,0.4000394783688947,0,0.3999605216311052,0.4000394783688947,0,0,0,0,1
107.85,0.3999600268650397,0.4000399731349602,-0,0,0,1,0,1,0.3999600268650397,0.4000399731349602,0,0.3999600268650397,0.4000399731349602,0,0,0,0,1
108,0.3999595351819684,0.4000404648180315,-0,0,0,1,0,1,0.3999595351819684,0.4000404648180315,0,0.3999595351819684,0.4000404648180315,0,0,0,0,1
108.15,0.3999590465818914,0.4000409534181085,-0,0,0,1,0,1,0.3999590465818914,0.4000409534181085,0,0.3999590465818914,0.4000409534181085,0,0,0,0,1
108.3,0.3999585610648087,0.4000414389351912,-0,0,0,1,0,1,0.3999585610648087,0.4000414389351912,0,0.3999585610648087,0.4000414389351912,0,0,0,0,1
108.45,0.3999580786307204,0.4000419213692796,-0,0,0,1,0,1,0.3999580786307204,0.4000419213692796,0,0.3999580786307204,0.4000419213692796,0,0,0,0,1
108.6,0.3999575992796262,0.4000424007203737,-0,0,0,1,0,1,0.3999575992796262,0.4000424007203737,0,0.3999575992796262,0.4000424007203737,0,0,0,0,1
108.75,0.3999571230115264,0.4000428769884735,-0,0,0,1,0,1,0.3999571230115264,0.4000428769884735,0,0.3999571230115264,0.4000428769884735,0,0,0,0,1
108.9,0.3999566498264209,0.400043350173579,-0,0,0,1,0,1,0.3999566498264209,0.400043350173579,0,0.3999566498264209,0.400043350173579,0,0,0,0,1
109.05,0.3999561797243097,0.4000438202756902,-0,0,0,1,0,1,0.3999561797243097,0.4000438202756902,0,0.3999561797243097,0.4000438202756902,0,0,0,0,1
109.2,0.3999557127051928,0.4000442872948071,-0,0,0,1,0,1,0.3999557127051928,0.4000442872948071,0,0.3999557127051928,0.4000442872948071,0,0,0,0,1
109.35,0.3999552487690702,0.4000447512309297,-0,0,0,1,0,1,0.3999552487690702,0.4000447512309297,0,0.3999552487690702,0.4000447512309297,0,0,0,0,1
109.5,0.399954787915942,0.400045212084058,-0,0,0,1,0,1,0.399954787915942,0.400045212084058,0,0.399954787915942,0.400045212084058,0,0,0,0,1
109.65,0.3999543301458079,0.400045669854192,-0,0,0,1,0,1,0.3999543301458079,0.400045669854192,0,0.3999543301458079,0.400045669854192,0,0,0,0,1
109.8,0.3999538754586682,0.4000461245413317,-0,0,0,1,0,1,0.3999538754586682,0.4000461245413317,0,0.3999538754586682,0.4000461245413317,0,0,0,0,1
109.95,0.3999534238545228,0.4000465761454771,-0,0,0,1,0,1,0.3999534238545228,0.4000465761454771,0,0.3999534238545228,0.4000465761454771,0,0,0,0,1
110.1,0.3999529753333717,0.4000470246666282,-0,0,0,1,0,1,0.3999529753333717,0.4000470246666282,0,0.3999529753333717,0.4000470246666282,0,0,0,0,1
110.25,0.3999525298952149,0.400047470104785,-0,0,0,1,0,1,0.3999525298952149,0.400047470104785,0,0.3999525298952149,0.400047470104785,0,0,0,0,1
110.4,0.3999520875400524,0.4000479124599475,-0,0,0,1,0,1,0.3999520875400524,0.4000479124599475,0,0.3999520875400524,0.4000479124599475,0,0,0,0,1
110.55,0.3999516482678842,0.4000483517321158,-0,0,0,1,0,1,0.3999516482678842,0.4000483517321158,0,0.3999516482678842,0.4000483517321158,0,0,0,0,1
110.7,0.3999512120787103,0.4000487879212896,-0,0,0,1,0,1,0.3999512120787103,0.4000487879212896,0,0.3999512120787103,0.4000487879212896,0,0,0,0,1
110.85,0.3999507789725307,0.4000492210274693,-0,0,0,1,0,1,0.3999507789725307,0.4000492210274693,0,0.3999507789725307,0.4000492210274693,0,0,0,0,1
111,0.3999503489493453,0.4000496510506546,-0,0,0,1,0,1,0.3999503489493453,0.4000496510506546,0,0.3999503489493453,0.4000496510506546,0,0,0,0,1
111.15,0.3999499220091544,0.4000500779908456,-0,0,0,1,0,1,0.3999499220091544,0.4000500779908456,0,0.3999499220091544,0.4000500779908456,0,0,0,0,1
111.3,0.3999494981519576,0.4000505018480423,-0,0,0,1,0,1,0.3999494981519576,0.4000505018480423,0,0.3999494981519576,0.4000505018480423,0,0,0,0,1
111.45,0.3999490773777552,0.4000509226222447,-0,0,0,1,0,1,0.3999490773777552,0.4000509226222447,0,0.3999490773777552,0.4000509226222447,0,0,0,0,1
111.6,0.3999486596865471,0.4000513403134529,-0,0,0,1,0,1,0.3999486596865471,0.4000513403134529,0,0.3999486596865471,0.4000513403134529,0,0,0,0,1
111.75,0.3999482450783333,0.4000517549216666,-0,0,0,1,0,1,0.3999482450783333,0.4000517549216666,0,0.3999482450783333,0.4000517549216666,0,0,0,0,1
111.9,0.3999478335531138,0.4000521664468862,-0,0,0,1,0,1,0.3999478335531138,0.4000521664468862,0,0.3999478335531138,0.4000521664468862,0,0,0,0,1
112.05,0.3999474251108885,0.4000525748891114,-0,0,0,1,0,1,0.3999474251108885,0.4000525748891114,0,0.3999474251108885,0.4000525748891114,0,0,0,0,1
112.2,0.3999470197516576,0.4000529802483423,-0,0,0,1,0,1,0.3999470197516576,0.4000529802483423,0,0.3999470197516576,0.4000529802483423,0,0,0,0,1
112.35,0.399946617475421,0.4000533825245789,-0,0,0,1,0,1,0.399946617475421,0.4000533825245789,0,0.399946617475421,0.4000533825245789,0,0,0,0,1
112.5,0.3999462182821787,0.4000537817178212,-0,0,0,1,0,1,0.3999462182821787,0.4000537817178212,0,0.3999462182821787,0.4000537817178212,0,0,0,0,1
112.65,0.3999458221719306,0.4000541778280693,-0,0,0,1,0,1,0.3999458221719306,0.4000541778280693,0,0.3999458221719306,0.4000541778280693,0,0,0,0,1
112.8,0.3999454291446769,0.400054570855323,-0,0,0,1,0,1,0.3999454291446769,0.400054570855323,0,0.3999454291446769,0.400054570855323,0,0,0,0,1
112.95,0.3999450392004175,0.4000549607995824,-0,0,0,1,0,1,0.3999450392004175,0.4000549607995824,0,0.3999450392004175,0.4000549607995824,0,0,0,0,1
113.1,0.3999446523391524,0.4000553476608475,-0,0,0,1,0,1,0.3999446523391524,0.4000553476608475,0,0.3999446523391524,0.4000553476608475,0,0,0,0,1
113.25,0.3999442685608815,0.4000557314391184,-0,0,0,1,0,1,0.3999442685608815,0.4000557314391184,0,0.3999442685608815,0.4000557314391184,0,0,0,0,1
113.4,0.399943887865605,0.4000561121343949,-0,0,0,1,0,1,0.399943887865605,0.4000561121343949,0,0.399943887865605,0.4000561121343949,0,0,0,0,1
113.55,0.3999435102533228,0.4000564897466771,-0,0,0,1,0,1,0.3999435102533228,0.4000564897466771,0,0.3999435102533228,0.4000564897466771,0,0,0,0,1
113.7,0.3999431357240348,0.4000568642759651,-0,0,0,1,0,1,0.3999431357240348,0.4000568642759651,0,0.3999431357240348,0.4000568642759651,0,0,0,0,1
113.85,0.3999427642777412,0.4000572357222588,-0,0,0,1,0,1,0.3999427642777412,0.4000572357222588,0,0.3999427642777412,0.4000572357222588,0,0,0,0,1
114,0.3999423959144419,0.400057604085558,-0,0,0,1,0,1,0.3999423959144419,0.400057604085558,0,0.3999423959144419,0.400057604085558,0,0,0,0,1
114.15,0.3999420306341369,0.4000579693658631,-0,0,0,1,0,1,0.3999420306341369,0.4000579693658631,0,0.3999420306341369,0.4000579693658631,0,0,0,0,1
114.3,0.3999416684368261,0.4000583315631738,-0,0,0,1,0,1,0.3999416684368261,0.4000583315631738,0,0.3999416684368261,0.4000583315631738,0,0,0,0,1
114.45,0.3999413093225097,0.4000586906774903,-0,0,0,1,0,1,0.3999413093225097,0.4000586906774903,0,0.3999413093225097,0.4000586906774903,0,0,0,0,1
114.6,0.3999409532911876,0.4000590467088124,-0,0,0,1,0,1,0.3999409532911876,0.4000590467088124,0,0.3999409532911876,0.4000590467088124,0,0,0,0,1
114.75,0.3999406003428597,0.4000593996571403,-0,0,0,1,0,1,0.3999406003428597,0.4000593996571403,0,0.3999406003428597,0.4000593996571403,0,0,0,0,1
114.9,0.3999402504775261,0.4000597495224738,-0,0,0,1,0,1,0.3999402504775261,0.4000597495224738,0,0.3999402504775261,0.4000597495224738,0,0,0,0,1
115.05,0.3999399036951869,0.400060096304813,-0,0,0,1,0,1,0.3999399036951869,0.400060096304813,0,0.3999399036951869,0.400060096304813,0,0,0,0,1
115.2,0.399939559995842,0.400060440004158,-0,0,0,1,0,1,0.399939559995842,0.400060440004158,0,0.399939559995842,0.400060440004158,0,0,0,0,1
115.35,0.3999392193794913,0.4000607806205086,-0,0,0,1,0,1,0.3999392193794913,0.4000607806205086,0,0.3999392193794913,0.4000607806205086,0,0,0,0,1
115.5,0.399938881846135,0.400061118153865,-0,0,0,1,0,1,0.399938881846135,0.400061118153865,0,0.399938881846135,0.400061118153865,0,0,0,0,1
115.65,0.3999385473957729,0.400061452604227,-0,0,0,1,0,1,0.3999385473957729,0.400061452604227,0,0.3999385473957729,0.400061452604227,0,0,0,0,1
115.8,0.3999382160284052,0.4000617839715948,-0,0,0,1,0,1,0.3999382160284052,0.4000617839715948,0,0.3999382160284052,0.4000617839715948,0,0,0,0,1
115.95,0.3999378877440317,0.4000621122559682,-0,0,0,1,0,1,0.3999378877440317,0.4000621122559682,0,0.3999378877440317,0.4000621122559682,0,0,0,0,1
116.1,0.3999375625426526,0.4000624374573474,-0,0,0,1,0,1,0.3999375625426526,0.4000624374573474,0,0.3999375625426526,0.4000624374573474,0,0,0,0,1
116.25,0.3999372404242678,0.4000627595757322,-0,0,0,1,0,1,0.3999372404242678,0.4000627595757322,0,0.3999372404242678,0.4000627595757322,0,0,0,0,1
116.4,0.3999369213888772,0.4000630786111227,-0,0,0,1,0,1,0.3999369213888772,0.4000630786111227,0,0.3999369213888772,0.4000630786111227,0,0,0,0,1
116.55,0.3999366054364809,0.400063394563519,-0,0,0,1,0,1,0.3999366054364809,0.400063394563519,0,0.3999366054364809,0.400063394563519,0,0,0,0,1
116.7,0.399936292567079,0.400063707432921,-0,0,0,1,0,1,0.399936292567079,0.400063707432921,0,0.399936292567079,0.400063707432921,0,0,0,0,1
116.85,0.3999359827806713,0.4000640172193286,-0,0,0,1,0,1,0.3999359827806713,0.4000640172193286,0,0.3999359827806713,0.4000640172193286,0,0,0,0,1
117,0.3999356760772579,0.400064323922742,-0,0,0,1,0,1,0.3999356760772579,0.400064323922742,0,0.3999356760772579,0.400064323922742,0,0,0,0,1
117.15,0.3999353724568389,0.400064627543161,-0,0,0,1,0,1,0.3999353724568389,0.400064627543161,0,0.3999353724568389,0.400064627543161,0,0,0,0,1
117.3,0.3999350719194142,0.4000649280805857,-0,0,0,1,0,1,0.3999350719194142,0.4000649280805857,0,0.3999350719194142,0.4000649280805857,0,0,0,0,1
117.45,0.3999347744649837,0.4000652255350162,-0,0,0,1,0,1,0.3999347744649837,0.4000652255350162,0,0.3999347744649837,0.4000652255350162,0,0,0,0,1
117.6,0.3999344800935475,0.4000655199064524,-0,0,0,1,0,1,0.3999344800935475,0.4000655199064524,0,0.3999344800935475,0.4000655199064524,0,0,0,0,1
117.75,0.3999341888051056,0.4000658111948943,-0,0,0,1,0,1,0.3999341888051056,0.4000658111948943,0,0.3999341888051056,0.4000658111948943,0,0,0,0,1
117.9,0.3999339005996581,0.4000660994003418,-0,0,0,1,0,1,0.3999339005996581,0.4000660994003418,0,0.3999339005996581,0.4000660994003418,0,0,0,0,1
118.05,0.3999336154772049,0.4000663845227951,-0,0,0,1,0,1,0.3999336154772049,0.4000663845227951,0,0.3999336154772049,0.4000663845227951,0,0,0,0,1
118.2,0.3999333334377458,0.4000666665622541,-0,0,0,1,0,1,0.3999333334377458,0.4000666665622541,0,0.3999333334377458,0.4000666665622541,0,0,0,0,1
118.35,0.3999330544812812,0.4000669455187187,-0,0,0,1,0,1,0.3999330544812812,0.4000669455187187,0,0.3999330544812812,0.4000669455187187,0,0,0,0,1
118.5,0.3999327786078108,0.4000672213921891,-0,0,0,1,0,1,0.3999327786078108,0.4000672213921891,0,0.3999327786078108,0.4000672213921891,0,0,0,0,1
118.65,0.3999325058173347,0.4000674941826652,-0,0,0,1,0,1,0.3999325058173347,0.4000674941826652,0,0.3999325058173347,0.4000674941826652,0,0,0,0,1
118.8,0.399932236109853,0.4000677638901469,-0,0,0,1,0,1,0.399932236109853,0.4000677638901469,0,0.399932236109853,0.4000677638901469,0,0,0,0,1
118.95,0.3999319694853655,0.4000680305146344,-0,0,0,1,0,1,0.3999319694853655,0.4000680305146344,0,0.3999319694853655,0.4000680305146344,0,0,0,0,1
119.1,0.3999317059438724,0.4000682940561275,-0,0,0,1,0,1,0.3999317059438724,0.4000682940561275,0,0.3999317059438724,0.4000682940561275,0,0,0,0,1
119.25,0.3999314454853735,0.4000685545146265,-0,0,0,1,0,1,0.3999314454853735,0.4000685545146265,0,0.3999314454853735,0.4000685545146265,0,0,0,0,1
119.4,0.3999311881098689,0.400068811890131,-0,0,0,1,0,1,0.3999311881098689,0.400068811890131,0,0.3999311881098689,0.400068811890131,0,0,0,0,1
119.55,0.3999309338173587,0.4000690661826413,-0,0,0,1,0,1,0.3999309338173587,0.4000690661826413,0,0.3999309338173587,0.4000690661826413,0,0,0,0,1
119.7,0.3999306826078426,0.4000693173921573,-0,0,0,1,0,1,0.3999306826078426,0.4000693173921573,0,0.3999306826078426,0.4000693173921573,0,0,0,0,1
119.85,0.399930434481321,0.4000695655186789,-0,0,0,1,0,1,0.399930434481321,0.4000695655186789,0,0.399930434481321,0.4000695655186789,0,0,0,0,1
120,0.3999301894377936,0.4000698105622064,-0,0,0,1,0,1,0.3999301894377936,0.4000698105622064,0,0.3999301894377936,0.4000698105622064,0,0,0,0,1
120.15,0.3999299474772606,0.4000700525227394,-0,0,0,1,0,1,0.3999299474772606,0.4000700525227394,0,0.3999299474772606,0.4000700525227394,0,0,0,0,1
120.3,0.3999297085997218,0.4000702914002782,-0,0,0,1,0,1,0.3999297085997218,0.4000702914002782,0,0.3999297085997218,0.4000702914002782,0,0,0,0,1
120.45,0.3999294728051773,0.4000705271948227,-0,0,0,1,0,1,0.3999294728051773,0.4000705271948227,0,0.3999294728051773,0.4000705271948227,0,0,0,0,1
120.6,0.3999292400936271,0.4000707599063729,-0,0,0,1,0,1,0.3999292400936271,0.4000707599063729,0,0.3999292400936271,0.4000707599063729,0,0,0,0,1
120.75,0.3999290104650712,0.4000709895349287,-0,0,0,1,0,1,0.3999290104650712,0.4000709895349287,0,0.3999290104650712,0.4000709895349287,0,0,0,0,1
120.9,0.3999287839195096,0.4000712160804903,-0,0,0,1,0,1,0.3999287839195096,0.4000712160804903,0,0.3999287839195096,0.4000712160804903,0,0,0,0,1
121.05,0.3999285604569423,0.4000714395430576,-0,0,0,1,0,1,0.3999285604569423,0.4000714395430576,0,0.3999285604569423,0.4000714395430576,0,0,0,0,1
121.2,0.3999283400773693,0.4000716599226306,-0,0,0,1,0,1,0.3999283400773693,0.4000716599226306,0,0.3999283400773693,0.4000716599226306,0,0,0,0,1
121.35,0.3999281227807907,0.4000718772192093,-0,0,0,1,0,1,0.3999281227807907,0.4000718772192093,0,0.3999281227807907,0.4000718772192093,0,0,0,0,1
121.5,0.3999279085672063,0.4000720914327937,-0,0,0,1,0,1,0.3999279085672063,0.4000720914327937,0,0.3999279085672063,0.4000720914327937,0,0,0,0,1
121.65,0.3999276974366162,0.4000723025633838,-0,0,0,1,0,1,0.3999276974366162,0.4000723025633838,0,0.3999276974366162,0.4000723025633838,0,0,0,0,1
121.8,0.3999274893890204,0.4000725106109795,-0,0,0,1,0,1,0.3999274893890204,0.4000725106109795,0,0.3999274893890204,0.4000725106109795,0,0,0,0,1
121.95,0.3999272844244189,0.4000727155755811,-0,0,0,1,0,1,0.3999272844244189,0.4000727155755811,0,0.3999272844244189,0.4000727155755811,0,0,0,0,1
122.1,0.3999270825428117,0.4000729174571883,-0,0,0,1,0,1,0.3999270825428117,0.4000729174571883,0,0.3999270825428117,0.4000729174571883,0,0,0,0,1
122.25,0.3999268837441988,0.4000731162558012,-0,0,0,1,0,1,0.3999268837441988,0.4000731162558012,0,0.3999268837441988,0.4000731162558012,0,0,0,0,1
122.4,0.3999266880285802,0.4000733119714197,-0,0,0,1,0,1,0.3999266880285802,0.4000733119714197,0,0.3999266880285802,0.4000733119714197,0,0,0,0,1
122.55,0.3999264953959559,0.400073504604044,-0,0,0,1,0,1,0.3999264953959559,0.400073504604044,0,0.3999264953959559,0.400073504604044,0,0,0,0,1
122.7,0.3999263058463259,0.400073694153674,-0,0,0,1,0,1,0.3999263058463259,0.400073694153674,0,0.3999263058463259,0.400073694153674,0,0,0,0,1
122.85,0.3999261193796902,0.4000738806203097,-0,0,0,1,0,1,0.3999261193796902,0.4000738806203097,0,0.3999261193796902,0.4000738806203097,0,0,0,0,1
123,0.3999259359960489,0.4000740640039511,-0,0,0,1,0,1,0.3999259359960489,0.4000740640039511,0,0.3999259359960489,0.4000740640039511,0,0,0,0,1
123.15,0.3999257556954017,0.4000742443045982,-0,0,0,1,0,1,0.3999257556954017,0.4000742443045982,0,0.3999257556954017,0.4000742443045982,0,0,0,0,1
123.3,0.3999255784777489,0.400074421522251,-0,0,0,1,0,1,0.3999255784777489,0.400074421522251,0,0.3999255784777489,0.400074421522251,0,0,0,0,1
123.45,0.3999254043430904,0.4000745956569095,-0,0,0,1,0,1,0.3999254043430904,0.4000745956569095,0,0.3999254043430904,0.4000745956569095,0,0,0,0,1
123.6,0.3999252332914262,0.4000747667085737,-0,0,0,1,0,1,0.3999252332914262,0.4000747667085737,0,0.3999252332914262,0.4000747667085737,0,0,0,0,1
123.75,0.3999250653227563,0.4000749346772436,-0,0,0,1,0,1,0.3999250653227563,0.4000749346772436,0,0.3999250653227563,0.4000749346772436,0,0,0,0,1
123.9,0.3999249004370807,0.4000750995629193,-0,0,0,1,0,1,0.3999249004370807,0.4000750995629193,0,0.3999249004370807,0.4000750995629193,0,0,0,0,1
124.05,0.3999247386343994,0.4000752613656005,-0,0,0,1,0,1,0.3999247386343994,0.4000752613656005,0,0.3999247386343994,0.4000752613656005,0,0,0,0,1
124.2,0.3999245799147124,0.4000754200852875,-0,0,0,1,0,1,0.3999245799147124,0.4000754200852875,0,0.3999245799147124,0.4000754200852875,0,0,0,0,1
124.35,0.3999244242780197,0.4000755757219803,-0,0,0,1,0,1,0.3999244242780197,0.4000755757219803,0,0.3999244242780197,0.4000755757219803,0,0,0,0,1
124.5,0.3999242717243213,0.4000757282756787,-0,0,0,1,0,1,0.3999242717243213,0.4000757282756787,0,0.3999242717243213,0.4000757282756787,0,0,0,0,1
124.65,0.3999241222536172,0.4000758777463828,-0,0,0,1,0,1,0.3999241222536172,0.4000758777463828,0,0.3999241222536172,0.4000758777463828,0,0,0,0,1
124.8,0.3999239758659073,0.4000760241340926,-0,0,0,1,0,1,0.3999239758659073,0.4000760241340926,0,0.3999239758659073,0.4000760241340926,0,0,0,0,1
124.95,0.3999238325611918,0.4000761674388081,-0,0,0,1,0,1,0.3999238325611918,0.4000761674388081,0,0.3999238325611918,0.4000761674388081,0,0,0,0,1
125.1,0.3999236923394706,0.4000763076605293,-0,0,0,1,0,1,0.3999236923394706,0.4000763076605293,0,0.3999236923394706,0.4000763076605293,0,0,0,0,1
125.25,0.3999235552007437,0.4000764447992562,-0,0,0,1,0,1,0.3999235552007437,0.4000764447992562,0,0.3999235552007437,0.4000764447992562,0,0,0,0,1
125.4,0.3999234211450111,0.4000765788549889,-0,0,0,1,0,1,0.3999234211450111,0.4000765788549889,0,0.3999234211450111,0.4000765788549889,0,0,0,0,1
125.55,0.3999232901722727,0.4000767098277272,-0,0,0,1,0,1,0.3999232901722727,0.4000767098277272,0,0.3999232901722727,0.4000767098277272,0,0,0,0,1
125.7,0.3999231622825288,0.4000768377174712,-0,0,0,1,0,1,0.3999231622825288,0.4000768377174712,0,0.3999231622825288,0.4000768377174712,0,0,0,0,1
125.85,0.3999230374757791,0.4000769625242209,-0,0,0,1,0,1,0.3999230374757791,0.4000769625242209,0,0.3999230374757791,0.4000769625242209,0,0,0,0,1
126,0.3999229157520236,0.4000770842479763,-0,0,0,1,0,1,0.3999229157520236,0.4000770842479763,0,0.3999229157520236,0.4000770842479763,0,0,0,0,1
126.15,0.3999227971112624,0.4000772028887375,-0,0,0,1,0,1,0.3999227971112624,0.4000772028887375,0,0.3999227971112624,0.4000772028887375,0,0,0,0,1
126.3,0.3999226815534957,0.4000773184465042,-0,0,0,1,0,1,0.3999226815534957,0.4000773184465042,0,0.3999226815534957,0.4000773184465042,0,0,0,0,1
126.45,0.3999225690787231,0.4000774309212768,-0,0,0,1,0,1,0.3999225690787231,0.4000774309212768,0,0.3999225690787231,0.4000774309212768,0,0,0,0,1
126.6,0.3999224596869449,0.400077540313055,-0,0,0,1,0,1,0.3999224596869449,0.400077540313055,0,0.3999224596869449,0.400077540313055,0,0,0,0,1
126.75,0.399922353378161,0.400077646621839,-0,0,0,1,0,1,0.399922353378161,0.400077646621839,0,0.399922353378161,0.400077646621839,0,0,0,0,1
126.9,0.3999222501523714,0.4000777498476286,-0,0,0,1,0,1,0.3999222501523714,0.4000777498476286,0,0.3999222501523714,0.4000777498476286,0,0,0,0,1
127.05,0.399922150009576,0.4000778499904239,-0,0,0,1,0,1,0.399922150009576,0.4000778499904239,0,0.399922150009576,0.4000778499904239,0,0,0,0,1
127.2,0.399922052949775,0.4000779470502249,-0,0,0,1,0,1,0.399922052949775,0.4000779470502249,0,0.399922052949775,0.4000779470502249,0,0,0,0,1
127.35,0.3999219589729683,0.4000780410270317,-0,0,0,1,0,1,0.3999219589729683,0.4000780410270317,0,0.3999219589729683,0.4000780410270317,0,0,0,0,1
127.5,0.3999218680791559,0.4000781319208441,-0,0,0,1,0,1,0.3999218680791559,0.4000781319208441,0,0.3999218680791559,0.4000781319208441,0,0,0,0,1
127.65,0.3999217802683377,0.4000782197316622,-0,0,0,1,0,1,0.3999217802683377,0.4000782197316622,0,0.3999217802683377,0.4000782197316622,0,0,0,0,1
127.8,0.3999216955405138,0.4000783044594861,-0,0,0,1,0,1,0.3999216955405138,0.4000783044594861,0,0.3999216955405138,0.4000783044594861,0,0,0,0,1
127.95,0.3999216138956844,0.4000783861043156,-0,0,0,1,0,1,0.3999216138956844,0.4000783861043156,0,0.3999216138956844,0.4000783861043156,0,0,0,0,1
128.1,0.3999215353338491,0.4000784646661508,-0,0,0,1,0,1,0.3999215353338491,0.4000784646661508,0,0.3999215353338491,0.4000784646661508,0,0,0,0,1
128.25,0.3999214598550082,0.4000785401449918,-0,0,0,1,0,1,0.3999214598550082,0.4000785401449918,0,0.3999214598550082,0.4000785401449918,0,0,0,0,1
128.4,0.3999213874591615,0.4000786125408384,-0,0,0,1,0,1,0.3999213874591615,0.4000786125408384,0,0.3999213874591615,0.4000786125408384,0,0,0,0,1
128.55,0.3999213181463092,0.4000786818536907,-0,0,0,1,0,1,0.3999213181463092,0.4000786818536907,0,0.3999213181463092,0.4000786818536907,0,0,0,0,1
128.7,0.3999212519164511,0.4000787480835488,-0,0,0,1,0,1,0.3999212519164511,0.4000787480835488,0,0.3999212519164511,0.4000787480835488,0,0,0,0,1
128.85,0.3999211887695874,0.4000788112304126,-0,0,0,1,0,1,0.3999211887695874,0.4000788112304126,0,0.3999211887695874,0.4000788112304126,0,0,0,0,1
129,0.3999211287057179,0.400078871294282,-0,0,0,1,0,1,0.3999211287057179,0.400078871294282,0,0.3999211287057179,0.400078871294282,0,0,0,0,1
129.15,0.3999210717248428,0.4000789282751571,-0,0,0,1,0,1,0.3999210717248428,0.4000789282751571,0,0.3999210717248428,0.4000789282751571,0,0,0,0,1
129.3,0.399921017826962,0.4000789821730379,-0,0,0,1,0,1,0.399921017826962,0.4000789821730379,0,0.399921017826962,0.4000789821730379,0,0,0,0,1
129.45,0.3999209670120754,0.4000790329879245,-0,0,0,1,0,1,0.3999209670120754,0.4000790329879245,0,0.3999209670120754,0.4000790329879245,0,0,0,0,1
129.6,0.3999209192801832,0.4000790807198167,-0,0,0,1,0,1,0.3999209192801832,0.4000790807198167,0,0.3999209192801832,0.4000790807198167,0,0,0,0,1
129.75,0.3999208746312852,0.4000791253687147,-0,0,0,1,0,1,0.3999208746312852,0.4000791253687147,0,0.3999208746312852,0.4000791253687147,0,0,0,0,1
129.9,0.3999208330653816,0.4000791669346184,-0,0,0,1,0,1,0.3999208330653816,0.4000791669346184,0,0.3999208330653816,0.4000791669346184,0,0,0,0,1
130.05,0.3999208104220355,0.4000791895779644,-0,0,0,1,0,1,0.3999208104220355,0.4000791895779644,0,0.3999208104220355,0.4000791895779644,0,0,0,0,1
130.2,0.3999208104220355,0.4000791895779644,-0,0,0,1,0,1,0.3999208104220355,0.4000791895779644,0,0.3999208104220355,0.4000791895779644,0,0,0,0,1
130.35,0.3999208104220355,0.4000791895779644,-0,0,0,1,0,1,0.3999208104220355,0.4000791895779644,0,0.3999208104220355,0.4000791895779644,0,0,0,0,1
130.5,0.3999208104220355,0.4000791895779644,-0,0,0,1,0,1,0.3999208104220355,0.4000791895779644,0,0.3999208104220355,0.4000791895779644,0,0,0,0,1
130.65,0.3999208104220355,0.4000791895779644,-0,0,0,1,0,1,0.3999208104220355,0.4000791895779644,0,0.3999208104220355,0.4000791895779644,0,0,0,0,1
130.8,0.3999208104220355,0.4000791895779644,-0,0,0,1,0,1,0.3999208104220355,0.4000791895779644,0,0.3999208104220355,0.4000791895779644,0,0,0,0,1
130.95,0.3999208104220355,0.4000791895779644,-0,0,0,1,0,1,0.3999208104220355,0.4000791895779644,0,0.3999208104220355,0.4000791895779644,0,0,0,0,1
131.1,0.3999208104220355,0.4000791895779644,-0,0,0,1,0,1,0.3999208104220355,0.4000791895779644,0,0.3999208104220355,0.4000791895779644,0,0,0,0,1
131.25,0.3999208104220355,0.4000791895779644,-0,0,0,1,0,1,0.3999208104220355,0.4000791895779644,0,0.3999208104220355,0.4000791895779644,0,0,0,0,1
131.4,0.3999208104220355,0.4000791895779644,-0,0,0,1,0,1,0.3999208104220355,0.4000791895779644,0,0.3999208104220355,0.4000791895779644,0,0,0,0,1
131.55,0.3999208104220355,0.4000791895779644,-0,0,0,1,0,1,0.3999208104220355,0.4000791895779644,0,0.3999208104220355,0.4000791895779644,0,0,0,0,1
131.7,0.3999208104220355,0.4000791895779644,-0,0,0,1,0,1,0.3999208104220355,0.4000791895779644,0,0.3999208104220355,0.4000791895779644,0,0,0,0,1
131.85,0.3999208104220355,0.4000791895779644,-0,0,0,1,0,1,0.3999208104220355,0.4000791895779644,0,0.3999208104220355,0.4000791895779644,0,0,0,0,1
132,0.3999208104220355,0.4000791895779644,-0,0,0,1,0,1,0.3999208104220355,0.4000791895779644,0,0.3999208104220355,0.4000791895779644,0,0,0,0,1
132.15,0.3999208104220355,0.4000791895779644,-0,0,0,1,0,1,0.3999208104220355,0.4000791895779644,0,0.3999208104220355,0.4000791895779644,0,0,0,0,1
132.3,0.3999208104220355,0.4000791895779644,-0,0,0,1,0,1,0.3999208104220355,0.4000791895779644,0,0.3999208104220355,0.4000791895779644,0,0,0,0,1
132.45,0.3999208104220355,0.4000791895779644,-0,0,0,1,0,1,0.3999208104220355,0.4000791895779644,0,0.3999208104220355,0.4000791895779644,0,0,0,0,1
132.6,0.3999208104220355,0.4000791895779644,-0,0,0,1,0,1,0.3999208104220355,0.4000791895779644,0,0.3999208104220355,0.4000791895779644,0,0,0,0,1
132.75,0.3999208104220355,0.4000791895779644,-0,0,0,1,0,1,0.3999208104220355,0.4000791895779644,0,0.3999208104220355,0.4000791895779644,0,0,0,0,1
132.9,0.3999208104220355,0.4000791895779644,-0,0,0,1,0,1,0.3999208104220355,0.4000791895779644,0,0.3999208104220355,0.4000791895779644,0,0,0,0,1
133.05,0.3999208104220355,0.4000791895779644,-0,0,0,1,0,1,0.3999208104220355,0.4000791895779644,0,0.3999208104220355,0.4000791895779644,0,0,0,0,1
133.2,0.3999208104220355,0.4000791895779644,-0,0,0,1,0,1,0.3999208104220355,0.4000791895779644,0,0.3999208104220355,0.4000791895779644,0,0,0,0,1
133.35,0.3999208104220355,0.4000791895779644,-0,0,0,1,0,1,0.3999208104220355,0.4000791895779644,0,0.3999208104220355,0.4000791895779644,0,0,0,0,1
133.5,0.3999208104220355,0.4000791895779644,-0,0,0,1,0,1,0.3999208104220355,0.4000791895779644,0,0.3999208104220355,0.4000791895779644,0,0,0,0,1
133.65,0.3999208104220355,0.4000791895779644,-0,0,0,1,0,1,0.3999208104220355,0.4000791895779644,0,0.3999208104220355,0.4000791895779644,0,0,0,0,1
133.8,0.3999208104220355,0.4000791895779644,-0,0,0,1,0,1,0.3999208104220355,0.4000791895779644,0,0.3999208104220355,0.4000791895779644,0,0,0,0,1
133.95,0.3999208104220355,0.4000791895779644,-0,0,0,1,0,1,0.3999208104220355,0.4000791895779644,0,0.3999208104220355,0.4000791895779644,0,0,0,0,1
134.1,0.3999208104220355,0.4000791895779644,-0,0,0,1,0,1,0.3999208104220355,0.4000791895779644,0,0.3999208104220355,0.4000791895779644,0,0,0,0,1
134.25,0.3999208104220355,0.4000791895779644,-0,0,0,1,0,1,0.3999208104220355,0.4000791895779644,0,0.3999208104220355,0.4000791895779644,0,0,0,0,1
134.4,0.3999208104220355,0.4000791895779644,-0,0,0,1,0,1,0.3999208104220355,0.4000791895779644,0,0.3999208104220355,0.4000791895779644,0,0,0,0,1
134.55,0.3999208104220355,0.4000791895779644,-0,0,0,1,0,1,0.3999208104220355,0.4000791895779644,0,0.3999208104220355,0.4000791895779644,0,0,0,0,1
134.7,0.3999208104220355,0.4000791895779644,-0,0,0,1,0,1,0.3999208104220355,0.4000791895779644,0,0.3999208104220355,0.4000791895779644,0,0,0,0,1
134.85,0.3999208104220355,0.4000791895779644,-0,0,0,1,0,1,0.3999208104220355,0.4000791895779644,0,0.3999208104220355,0.4000791895779644,0,0,0,0,1
135,0.3999208104220355,0.4000791895779644,-0,0,0,1,0,1,0.3999208104220355,0.4000791895779644,0,0.3999208104220355,0.4000791895779644,0,0,0,0,1
135.15,0.3999208104220355,0.4000791895779644,-0,0,0,1,0,1,0.3999208104220355,0.4000791895779644,0,0.3999208104220355,0.4000791895779644,0,0,0,0,1
135.3,0.3999208104220355,0.4000791895779644,-0,0,0,1,0,1,0.3999208104220355,0.4000791895779644,0,0.3999208104220355,0.4000791895779644,0,0,0,0,1
135.45,0.3999208104220355,0.4000791895779644,-0,0,0,1,0,1,0.3999208104220355,0.4000791895779644,0,0.3999208104220355,0.4000791895779644,0,0,0,0,1
135.6,0.3999208104220355,0.4000791895779644,-0,0,0,1,0,1,0.3999208104220355,0.4000791895779644,0,0.3999208104220355,0.4000791895779644,0,0,0,0,1
135.75,0.3999208104220355,0.4000791895779644,-0,0,0,1,0,1,0.3999208104220355,0.4000791895779644,0,0.3999208104220355,0.4000791895779644,0,0,0,0,1
135.9,0.3999208104220355,0.4000791895779644,-0,0,0,1,0,1,0.3999208104220355,0.4000791895779644,0,0.3999208104220355,0.4000791895779644,0,0,0,0,1
136.05,0.3999208104220355,0.4000791895779644,-0,0,0,1,0,1,0.3999208104220355,0.4000791895779644,0,0.3999208104220355,0.4000791895779644,0,0,0,0,1
136.2,0.3999208104220355,0.4000791895779644,-0,0,0,1,0,1,0.3999208104220355,0.4000791895779644,0,0.3999208104220355,0.4000791895779644,0,0,0,0,1
136.35,0.3999208104220355,0.4000791895779644,-0,0,0,1,0,1,0.3999208104220355,0.4000791895779644,0,0.3999208104220355,0.4000791895779644,0,0,0,0,1
136.5,0.3999208104220355,0.4000791895779644,-0,0,0,1,0,1,0.3999208104220355,0.4000791895779644,0,0.3999208104220355,0.4000791895779644,0,0,0,0,1
136.65,0.3999208104220355,0.4000791895779644,-0,0,0,1,0,1,0.3999208104220355,0.4000791895779644,0,0.3999208104220355,0.4000791895779644,0,0,0,0,1
136.8,0.3999208104220355,0.4000791895779644,-0,0,0,1,0,1,0.3999208104220355,0.4000791895779644,0,0.3999208104220355,0.4000791895779644,0,0,0,0,1
136.95,0.3999208104220355,0.4000791895779644,-0,0,0,1,0,1,0.3999208104220355,0.4000791895779644,0,0.3999208104220355,0.4000791895779644,0,0,0,0,1
137.1,0.3999208104220355,0.4000791895779644,-0,0,0,1,0,1,0.3999208104220355,0.4000791895779644,0,0.3999208104220355,0.4000791895779644,0,0,0,0,1
137.25,0.3999208104220355,0.4000791895779644,-0,0,0,1,0,1,0.3999208104220355,0.4000791895779644,0,0.3999208104220355,0.4000791895779644,0,0,0,0,1
137.4,0.3999208104220355,0.4000791895779644,-0,0,0,1,0,1,0.3999208104220355,0.4000791895779644,0,0.3999208104220355,0.4000791895779644,0,0,0,0,1
137.55,0.3999208104220355,0.4000791895779644,-0,0,0,1,0,1,0.3999208104220355,0.4000791895779644,0,0.3999208104220355,0.4000791895779644,0,0,0,0,1
137.7,0.3999208104220355,0.4000791895779644,-0,0,0,1,0,1,0.3999208104220355,0.4000791895779644,0,0.3999208104220355,0.4000791895779644,0,0,0,0,1
137.85,0.3999208104220355,0.4000791895779644,-0,0,0,1,0,1,0.3999208104220355,0.4000791895779644,0,0.3999208104220355,0.4000791895779644,0,0,0,0,1
138,0.3999208104220355,0.4000791895779644,-0,0,0,1,0,1,0.3999208104220355,0.4000791895779644,0,0.3999208104220355,0.4000791895779644,0,0,0,0,1
138.15,0.3999208104220355,0.4000791895779644,-0,0,0,1,0,1,0.3999208104220355,0.4000791895779644,0,0.3999208104220355,0.4000791895779644,0,0,0,0,1
138.3,0.3999208104220355,0.4000791895779644,-0,0,0,1,0,1,0.3999208104220355,0.4000791895779644,0,0.3999208104220355,0.4000791895779644,0,0,0,0,1
138.45,0.3999208104220355,0.4000791895779644,-0,0,0,1,0,1,0.3999208104220355,0.4000791895779644,0,0.3999208104220355,0.4000791895779644,0,0,0,0,1
138.6,0.3999208104220355,0.4000791895779644,-0,0,0,1,0,1,0.3999208104220355,0.4000791895779644,0,0.3999208104220355,0.4000791895779644,0,0,0,0,1
138.75,0.3999208104220355,0.4000791895779644,-0,0,0,1,0,1,0.3999208104220355,0.4000791895779644,0,0.3999208104220355,0.4000791895779644,0,0,0,0,1
138.9,0.3999208104220355,0.4000791895779644,-0,0,0,1,0,1,0.3999208104220355,0.4000791895779644,0,0.3999208104220355,0.4000791895779644,0,0,0,0,1
139.05,0.3999208104220355,0.4000791895779644,-0,0,0,1,0,1,0.3999208104220355,0.4000791895779644,0,0.3999208104220355,0.4000791895779644,0,0,0,0,1
139.2,0.3999208104220355,0.4000791895779644,-0,0,0,1,0,1,0.3999208104220355,0.4000791895779644,0,0.3999208104220355,0.4000791895779644,0,0,0,0,1
139.35,0.3999208104220355,0.4000791895779644,-0,0,0,1,0,1,0.3999208104220355,0.4000791895779644,0,0.3999208104220355,0.4000791895779644,0,0,0,0,1
139.5,0.3999208104220355,0.4000791895779644,-0,0,0,1,0,1,0.3999208104220355,0.4000791895779644,0,0.3999208104220355,0.4000791895779644,0,0,0,0,1
139.65,0.3999208104220355,0.4000791895779644,-0,0,0,1,0,1,0.3999208104220355,0.4000791895779644,0,0.3999208104220355,0.4000791895779644,0,0,0,0,1
139.8,0.3999208104220355,0.4000791895779644,-0,0,0,1,0,1,0.3999208104220355,0.4000791895779644,0,0.3999208104220355,0.4000791895779644,0,0,0,0,1
139.95,0.3999208104220355,0.4000791895779644,-0,0,0,1,0,1,0.3999208104220355,0.4000791895779644,0,0.3999208104220355,0.4000791895779644,0,0,0,0,1
140.1,0.3999208104220355,0.4000791895779644,-0,0,0,1,0,1,0.3999208104220355,0.4000791895779644,0,0.3999208104220355,0.4000791895779644,0,0,0,0,1
140.25,0.3999208104220355,0.4000791895779644,-0,0,0,1,0,1,0.3999208104220355,0.4000791895779644,0,0.3999208104220355,0.4000791895779644,0,0,0,0,1
140.4,0.3999208104220355,0.4000791895779644,-0,0,0,1,0,1,0.3999208104220355,0.4000791895779644,0,0.3999208104220355,0.4000791895779644,0,0,0,0,1
140.55,0.3999208104220355,0.4000791895779644,-0,0,0,1,0,1,0.3999208104220355,0.4000791895779644,0,0.3999208104220355,0.4000791895779644,0,0,0,0,1
140.7,0.3999208104220355,0.4000791895779644,-0,0,0,1,0,1,0.3999208104220355,0.4000791895779644,0,0.3999208104220355,0.4000791895779644,0,0,0,0,1
140.85,0.3999208104220355,0.4000791895779644,-0,0,0,1,0,1,0.3999208104220355,0.4000791895779644,0,0.3999208104220355,0.4000791895779644,0,0,0,0,1
141,0.3999208104220355,0.4000791895779644,-0,0,0,1,0,1,0.3999208104220355,0.4000791895779644,0,0.3999208104220355,0.4000791895779644,0,0,0,0,1
141.15,0.3999208104220355,0.4000791895779644,-0,0,0,1,0,1,0.3999208104220355,0.4000791895779644,0,0.3999208104220355,0.4000791895779644,0,0,0,0,1
141.3,0.3999208104220355,0.4000791895779644,-0,0,0,1,0,1,0.3999208104220355,0.4000791895779644,0,0.3999208104220355,0.4000791895779644,0,0,0,0,1
141.45,0.3999208104220355,0.4000791895779644,-0,0,0,1,0,1,0.3999208104220355,0.4000791895779644,0,0.3999208104220355,0.4000791895779644,0,0,0,0,1
141.6,0.3999208104220355,0.4000791895779644,-0,0,0,1,0,1,0.3999208104220355,0.4000791895779644,0,0.3999208104220355,0.4000791895779644,0,0,0,0,1
141.75,0.3999208104220355,0.4000791895779644,-0,0,0,1,0,1,0.3999208104220355,0.4000791895779644,0,0.3999208104220355,0.4000791895779644,0,0,0,0,1
141.9,0.3999208104220355,0.4000791895779644,-0,0,0,1,0,1,0.3999208104220355,0.4000791895779644,0,0.3999208104220355,0.4000791895779644,0,0,0,0,1
142.05,0.3999208104220355,0.4000791895779644,-0,0,0,1,0,1,0.3999208104220355,0.4000791895779644,0,0.3999208104220355,0.4000791895779644,0,0,0,0,1
142.2,0.3999208104220355,0.4000791895779644,-0,0,0,1,0,1,0.3999208104220355,0.4000791895779644,0,0.3999208104220355,0.4000791895779644,0,0,0,0,1
142.35,0.3999208104220355,0.4000791895779644,-0,0,0,1,0,1,0.3999208104220355,0.4000791895779644,0,0.3999208104220355,0.4000791895779644,0,0,0,0,1
142.5,0.3999208104220355,0.4000791895779644,-0,0,0,1,0,1,0.3999208104220355,0.4000791895779644,0,0.3999208104220355,0.4000791895779644,0,0,0,0,1
142.65,0.3999208104220355,0.4000791895779644,-0,0,0,1,0,1,0.3999208104220355,0.4000791895779644,0,0.3999208104220355,0.4000791895779644,0,0,0,0,1
142.8,0.3999208104220355,0.4000791895779644,-0,0,0,1,0,1,0.3999208104220355,0.4000791895779644,0,0.3999208104220355,0.4000791895779644,0,0,0,0,1
142.95,0.3999208104220355,0.4000791895779644,-0,0,0,1,0,1,0.3999208104220355,0.4000791895779644,0,0.3999208104220355,0.4000791895779644,0,0,0,0,1
143.1,0.3999208104220355,0.4000791895779644,-0,0,0,1,0,1,0.3999208104220355,0.4000791895779644,0,0.3999208104220355,0.4000791895779644,0,0,0,0,1
143.25,0.3999208104220355,0.4000791895779644,-0,0,0,1,0,1,0.3999208104220355,0.4000791895779644,0,0.3999208104220355,0.4000791895779644,0,0,0,0,1
143.4,0.3999208104220355,0.4000791895779644,-0,0,0,1,0,1,0.3999208104220355,0.4000791895779644,0,0.3999208104220355,0.4000791895779644,0,0,0,0,1
143.55,0.3999208104220355,0.4000791895779644,-0,0,0,1,0,1,0.3999208104220355,0.4000791895779644,0,0.3999208104220355,0.4000791895779644,0,0,0,0,1
143.7,0.3999208104220355,0.4000791895779644,-0,0,0,1,0,1,0.3999208104220355,0.4000791895779644,0,0.3999208104220355,0.4000791895779644,0,0,0,0,1
143.85,0.3999208104220355,0.4000791895779644,-0,0,0,1,0,1,0.3999208104220355,0.4000791895779644,0,0.3999208104220355,0.4000791895779644,0,0,0,0,1
144,0.3999208104220355,0.4000791895779644,-0,0,0,1,0,1,0.3999208104220355,0.4000791895779644,0,0.3999208104220355,0.4000791895779644,0,0,0,0,1
144.15,0.3999208104220355,0.4000791895779644,-0,0,0,1,0,1,0.3999208104220355,0.4000791895779644,0,0.3999208104220355,0.4000791895779644,0,0,0,0,1
144.3,0.3999208104220355,0.4000791895779644,-0,0,0,1,0,1,0.3999208104220355,0.4000791895779644,0,0.3999208104220355,0.4000791895779644,0,0,0,0,1
144.45,0.3999208104220355,0.4000791895779644,-0,0,0,1,0,1,0.3999208104220355,0.4000791895779644,0,0.3999208104220355,0.4000791895779644,0,0,0,0,1
144.6,0.3999208104220355,0.4000791895779644,-0,0,0,1,0,1,0.3999208104220355,0.4000791895779644,0,0.3999208104220355,0.4000791895779644,0,0,0,0,1
144.75,0.3999208104220355,0.4000791895779644,-0,0,0,1,0,1,0.3999208104220355,0.4000791895779644,0,0.3999208104220355,0.4000791895779644,0,0,0,0,1
144.9,0.3999208104220355,0.4000791895779644,-0,0,0,1,0,1,0.3999208104220355,0.4000791895779644,0,0.3999208104220355,0.4000791895779644,0,0,0,0,1
145.05,0.3999208104220355,0.4000791895779644,-0,0,0,1,0,1,0.3999208104220355,0.4000791895779644,0,0.3999208104220355,0.4000791895779644,0,0,0,0,1
145.2,0.3999208104220355,0.4000791895779644,-0,0,0,1,0,1,0.3999208104220355,0.4000791895779644,0,0.3999208104220355,0.4000791895779644,0,0,0,0,1
145.35,0.3999208104220355,0.4000791895779644,-0,0,0,1,0,1,0.3999208104220355,0.4000791895779644,0,0.3999208104220355,0.4000791895779644,0,0,0,0,1
145.5,0.3999208104220355,0.4000791895779644,-0,0,0,1,0,1,0.3999208104220355,0.4000791895779644,0,0.3999208104220355,0.4000791895779644,0,0,0,0,1
145.65,0.3999208104220355,0.4000791895779644,-0,0,0,1,0,1,0.3999208104220355,0.4000791895779644,0,0.3999208104220355,0.4000791895779644,0,0,0,0,1
145.8,0.3999208104220355,0.4000791895779644,-0,0,0,1,0,1,0.3999208104220355,0.4000791895779644,0,0.3999208104220355,0.4000791895779644,0,0,0,0,1
145.95,0.3999208104220355,0.4000791895779644,-0,0,0,1,0,1,0.3999208104220355,0.4000791895779644,0,0.3999208104220355,0.4000791895779644,0,0,0,0,1
146.1,0.3999208104220355,0.4000791895779644,-0,0,0,1,0,1,0.3999208104220355,0.4000791895779644,0,0.3999208104220355,0.4000791895779644,0,0,0,0,1
146.25,0.3999208104220355,0.4000791895779644,-0,0,0,1,0,1,0.3999208104220355,0.4000791895779644,0,0.3999208104220355,0.4000791895779644,0,0,0,0,1
146.4,0.3999208104220355,0.4000791895779644,-0,0,0,1,0,1,0.3999208104220355,0.4000791895779644,0,0.3999208104220355,0.4000791895779644,0,0,0,0,1
146.55,0.3999208104220355,0.4000791895779644,-0,0,0,1,0,1,0.3999208104220355,0.4000791895779644,0,0.3999208104220355,0.4000791895779644,0,0,0,0,1
146.7,0.3999208104220355,0.4000791895779644,-0,0,0,1,0,1,0.3999208104220355,0.4000791895779644,0,0.3999208104220355,0.4000791895779644,0,0,0,0,1
146.85,0.3999208104220355,0.4000791895779644,-0,0,0,1,0,1,0.3999208104220355,0.4000791895779644,0,0.3999208104220355,0.4000791895779644,0,0,0,0,1
147,0.3999208104220355,0.4000791895779644,-0,0,0,1,0,1,0.3999208104220355,0.4000791895779644,0,0.3999208104220355,0.4000791895779644,0,0,0,0,1
147.15,0.3999208104220355,0.4000791895779644,-0,0,0,1,0,1,0.3999208104220355,0.4000791895779644,0,0.3999208104220355,0.4000791895779644,0,0,0,0,1
147.3,0.3999208104220355,0.4000791895779644,-0,0,0,1,0,1,0.3999208104220355,0.4000791895779644,0,0.3999208104220355,0.4000791895779644,0,0,0,0,1
147.45,0.3999208104220355,0.4000791895779644,-0,0,0,1,0,1,0.3999208104220355,0.4000791895779644,0,0.3999208104220355,0.4000791895779644,0,0,0,0,1
147.6,0.3999208104220355,0.4000791895779644,-0,0,0,1,0,1,0.3999208104220355,0.4000791895779644,0,0.3999208104220355,0.4000791895779644,0,0,0,0,1
147.75,0.3999208104220355,0.4000791895779644,-0,0,0,1,0,1,0.3999208104220355,0.4000791895779644,0,0.3999208104220355,0.4000791895779644,0,0,0,0,1
147.9,0.3999208104220355,0.4000791895779644,-0,0,0,1,0,1,0.3999208104220355,0.4000791895779644,0,0.3999208104220355,0.4000791895779644,0,0,0,0,1
148.05,0.3999208104220355,0.4000791895779644,-0,0,0,1,0,1,0.3999208104220355,0.4000791895779644,0,0.3999208104220355,0.4000791895779644,0,0,0,0,1
148.2,0.3999208104220355,0.4000791895779644,-0,0,0,1,0,1,0.3999208104220355,0.4000791895779644,0,0.3999208104220355,0.4000791895779644,0,0,0,0,1
148.35,0.3999208104220355,0.4000791895779644,-0,0,0,1,0,1,0.3999208104220355,0.4000791895779644,0,0.3999208104220355,0.4000791895779644,0,0,0,0,1
148.5,0.3999208104220355,0.4000791895779644,-0,0,0,1,0,1,0.3999208104220355,0.4000791895779644,0,0.3999208104220355,0.4000791895779644,0,0,0,0,1
148.65,0.3999208104220355,0.4000791895779644,-0,0,0,1,0,1,0.3999208104220355,0.4000791895779644,0,0.3999208104220355,0.4000791895779644,0,0,0,0,1
148.8,0.3999208104220355,0.4000791895779644,-0,0,0,1,0,1,0.3999208104220355,0.4000791895779644,0,0.3999208104220355,0.4000791895779644,0,0,0,0,1
148.95,0.3999208104220355,0.4000791895779644,-0,0,0,1,0,1,0.3999208104220355,0.4000791895779644,0,0.3999208104220355,0.4000791895779644,0,0,0,0,1
149.1,0.3999208104220355,0.4000791895779644,-0,0,0,1,0,1,0.3999208104220355,0.4000791895779644,0,0.3999208104220355,0.4000791895779644,0,0,0,0,1
149.25,0.3999208104220355,0.4000791895779644,-0,0,0,1,0,1,0.3999208104220355,0.4000791895779644,0,0.3999208104220355,0.4000791895779644,0,0,0,0,1
149.4,0.3999208104220355,0.4000791895779644,-0,0,0,1,0,1,0.3999208104220355,0.4000791895779644,0,0.3999208104220355,0.4000791895779644,0,0,0,0,1
149.55,0.3999208104220355,0.4000791895779644,-0,0,0,1,0,1,0.3999208104220355,0.4000791895779644,0,0.3999208104220355,0.4000791895779644,0,0,0,0,1
149.7,0.3999208104220355,0.4000791895779644,-0,0,0,1,0,1,0.3999208104220355,0.4000791895779644,0,0.3999208104220355,0.4000791895779644,0,0,0,0,1
149.85,0.3999208104220355,0.4000791895779644,-0,0,0,1,0,1,0.3999208104220355,0.4000791895779644,0,0.3999208104220355,0.4000791895779644,0,0,0,0,1
150,0.3999208104220355,0.4000791895779644,-0,0,0,1,0,1,0.3999208104220355,0.4000791895779644,0,0.3999208104220355,0.4000791895779644,0,0,0,0,1
150,0.3999208104220355,0.4000791895779644,-0,0,0,1,0,1,0.3999208104220355,0.4000791895779644,0,0.3999208104220355,0.4000791895779644,0,0,0,0,1
