"time","capacitor.v","inductor.i","der(capacitor.v)","der(inductor.i)","ground.p.i","ground.p.v","idealSwitch.LossPower","idealSwitch.T_heatPort","idealSwitch.v","inductor.v","resistor.LossPower","resistor.R_actual","resistor.n.v","resistor.v","switch_closed","idealSwitch.control","capacitor.i","capacitor.n.i","capacitor.n.v","capacitor.p.i","capacitor.p.v","capacitor_voltage_V","idealSwitch.i","idealSwitch.n.i","idealSwitch.n.v","idealSwitch.p.i","idealSwitch.p.v","inductor.n.i","inductor.n.v","inductor.p.i","inductor.p.v","loop_current_A","resistor.i","resistor.n.i","resistor.p.i","resistor.p.v","scheduledSwitch.closed"
0,10,0,0,-10,0,0,0,293.15,0,-10,0,0.2,-0,0,0,0,0,-0,0,0,10,10,0,-0,-0,0,0,-0,10,0,-0,0,0,-0,0,-0,0
0.15,9.999998500010452,-9.99999650002115e-06,-9.99999650002115e-06,9.99911264898401e-12,0,0,9.999993000043527e-05,293.15,-9.999996500021151,9.99911264898401e-12,1.999998600008705e-11,0.2,9.999998500020451,-1.99999930000423e-06,0,0,-9.99999650002115e-06,9.99999650002115e-06,0,-9.99999650002115e-06,9.999998500010452,9.999998500010452,-9.99999650002115e-06,9.99999650002115e-06,9.999996500021151,-9.99999650002115e-06,0,9.99999650002115e-06,9.999998500010452,-9.99999650002115e-06,9.999998500020451,-9.99999650002115e-06,-9.99999650002115e-06,9.99999650002115e-06,-9.99999650002115e-06,9.999996500021151,0
0.3,9.999997000011209,-9.999995000022206e-06,-9.999995000022206e-06,9.99733629214461e-12,0,0,9.999990000046913e-05,293.15,-9.999995000022206,9.99733629214461e-12,1.999998000009383e-11,0.2,9.999997000021207,-1.999999000004442e-06,0,0,-9.999995000022206e-06,9.999995000022206e-06,0,-9.999995000022206e-06,9.999997000011209,9.999997000011209,-9.999995000022206e-06,9.999995000022206e-06,9.999995000022206,-9.999995000022206e-06,0,9.999995000022206e-06,9.999997000011209,-9.999995000022206e-06,9.999997000021207,-9.999995000022206e-06,-9.999995000022206e-06,9.999995000022206e-06,-9.999995000022206e-06,9.999995000022206,0
0.45,9.999995500012398,-9.999993500023696e-06,-9.999993500023696e-06,9.99911264898401e-12,0,0,9.999987000051618e-05,293.15,-9.999993500023697,9.99911264898401e-12,1.999997400010324e-11,0.2,9.999995500022397,-1.999998700004739e-06,0,0,-9.999993500023696e-06,9.999993500023696e-06,0,-9.999993500023696e-06,9.999995500012398,9.999995500012398,-9.999993500023696e-06,9.999993500023696e-06,9.999993500023697,-9.999993500023696e-06,0,9.999993500023696e-06,9.999995500012398,-9.999993500023696e-06,9.999995500022397,-9.999993500023696e-06,-9.999993500023696e-06,9.999993500023696e-06,-9.999993500023696e-06,9.999993500023697,0
0.6,9.999994000013629,-9.999992000025227e-06,-9.999992000025227e-06,9.99733629214461e-12,0,0,9.999984000056854e-05,293.15,-9.999992000025227,9.99733629214461e-12,1.999996800011371e-11,0.2,9.999994000023626,-1.999998400005045e-06,0,0,-9.999992000025227e-06,9.999992000025227e-06,0,-9.999992000025227e-06,9.999994000013629,9.999994000013629,-9.999992000025227e-06,9.999992000025227e-06,9.999992000025227,-9.999992000025227e-06,0,9.999992000025227e-06,9.999994000013629,-9.999992000025227e-06,9.999994000023626,-9.999992000025227e-06,-9.999992000025227e-06,9.999992000025227e-06,-9.999992000025227e-06,9.999992000025227,0
0.75,9.999992500015708,-9.999990500027606e-06,-9.999990500027606e-06,9.99911264898401e-12,0,0,9.999981000064238e-05,293.15,-9.999990500027607,9.99911264898401e-12,1.999996200012847e-11,0.2,9.999992500025707,-1.999998100005521e-06,0,0,-9.999990500027606e-06,9.999990500027606e-06,0,-9.999990500027606e-06,9.999992500015708,9.999992500015708,-9.999990500027606e-06,9.999990500027606e-06,9.999990500027607,-9.999990500027606e-06,0,9.999990500027606e-06,9.999992500015708,-9.999990500027606e-06,9.999992500025707,-9.999990500027606e-06,-9.999990500027606e-06,9.999990500027606e-06,-9.999990500027606e-06,9.999990500027607,0
0.9,9.999991000017788,-9.999989000029986e-06,-9.999989000029986e-06,9.99733629214461e-12,0,0,9.999978000072071e-05,293.15,-9.999989000029986,9.99733629214461e-12,1.999995600014415e-11,0.2,9.999991000027785,-1.999997800005997e-06,0,0,-9.999989000029986e-06,9.999989000029986e-06,0,-9.999989000029986e-06,9.999991000017788,9.999991000017788,-9.999989000029986e-06,9.999989000029986e-06,9.999989000029986,-9.999989000029986e-06,0,9.999989000029986e-06,9.999991000017788,-9.999989000029986e-06,9.999991000027785,-9.999989000029986e-06,-9.999989000029986e-06,9.999989000029986e-06,-9.999989000029986e-06,9.999989000029986,0
1.05,9.999989500019867,-9.999987500032367e-06,-9.999987500032367e-06,9.99911264898401e-12,0,0,9.999975000080358e-05,293.15,-9.999987500032367,9.99911264898401e-12,1.999995000016072e-11,0.2,9.999989500029866,-1.999997500006474e-06,0,0,-9.999987500032367e-06,9.999987500032367e-06,0,-9.999987500032367e-06,9.999989500019867,9.999989500019867,-9.999987500032367e-06,9.999987500032367e-06,9.999987500032367,-9.999987500032367e-06,0,9.999987500032367e-06,9.999989500019867,-9.999987500032367e-06,9.999989500029866,-9.999987500032367e-06,-9.999987500032367e-06,9.999987500032367e-06,-9.999987500032367e-06,9.999987500032367,0
1.2,9.999988000022109,-9.999986000034909e-06,-9.999986000034909e-06,1.000088900582341e-11,0,0,9.999972000089418e-05,293.15,-9.999986000034909,1.000088900582341e-11,1.999994400017884e-11,0.2,9.99998800003211,-1.999997200006982e-06,0,0,-9.999986000034909e-06,9.999986000034909e-06,0,-9.999986000034909e-06,9.999988000022109,9.999988000022109,-9.999986000034909e-06,9.999986000034909e-06,9.999986000034909,-9.999986000034909e-06,0,9.999986000034909e-06,9.999988000022109,-9.999986000034909e-06,9.99998800003211,-9.999986000034909e-06,-9.999986000034909e-06,9.999986000034909e-06,-9.999986000034909e-06,9.999986000034909,0
1.35,9.999986500025969,-9.999984500039069e-06,-9.999984500039069e-06,1.000088900582341e-11,0,0,9.999969000102163e-05,293.15,-9.999984500039069,1.000088900582341e-11,1.999993800020433e-11,0.2,9.99998650003597,-1.999996900007814e-06,0,0,-9.999984500039069e-06,9.999984500039069e-06,0,-9.999984500039069e-06,9.999986500025969,9.999986500025969,-9.999984500039069e-06,9.999984500039069e-06,9.999984500039069,-9.999984500039069e-06,0,9.999984500039069e-06,9.999986500025969,-9.999984500039069e-06,9.99998650003597,-9.999984500039069e-06,-9.999984500039069e-06,9.999984500039069e-06,-9.999984500039069e-06,9.999984500039069,0
1.5,9.999985000029827,-9.999983000043227e-06,-9.999983000043227e-06,1.000088900582341e-11,0,0,9.999966000115355e-05,293.15,-9.999983000043228,1.000088900582341e-11,1.999993200023071e-11,0.2,9.999985000039828,-1.999996600008646e-06,0,0,-9.999983000043227e-06,9.999983000043227e-06,0,-9.999983000043227e-06,9.999985000029827,9.999985000029827,-9.999983000043227e-06,9.999983000043227e-06,9.999983000043228,-9.999983000043227e-06,0,9.999983000043227e-06,9.999985000029827,-9.999983000043227e-06,9.999985000039828,-9.999983000043227e-06,-9.999983000043227e-06,9.999983000043227e-06,-9.999983000043227e-06,9.999983000043228,0
1.65,9.999983500033686,-9.999981500047387e-06,-9.999981500047387e-06,1.000088900582341e-11,0,0,9.999963000128998e-05,293.15,-9.999981500047387,1.000088900582341e-11,1.9999926000258e-11,0.2,9.999983500043687,-1.999996300009477e-06,0,0,-9.999981500047387e-06,9.999981500047387e-06,0,-9.999981500047387e-06,9.999983500033686,9.999983500033686,-9.999981500047387e-06,9.999981500047387e-06,9.999981500047387,-9.999981500047387e-06,0,9.999981500047387e-06,9.999983500033686,-9.999981500047387e-06,9.999983500043687,-9.999981500047387e-06,-9.999981500047387e-06,9.999981500047387e-06,-9.999981500047387e-06,9.999981500047387,0
1.8,9.999982000037544,-9.999980000051545e-06,-9.999980000051545e-06,1.000088900582341e-11,0,0,9.999960000143089e-05,293.15,-9.999980000051545,1.000088900582341e-11,1.999992000028618e-11,0.2,9.999982000047545,-1.999996000010309e-06,0,0,-9.999980000051545e-06,9.999980000051545e-06,0,-9.999980000051545e-06,9.999982000037544,9.999982000037544,-9.999980000051545e-06,9.999980000051545e-06,9.999980000051545,-9.999980000051545e-06,0,9.999980000051545e-06,9.999982000037544,-9.999980000051545e-06,9.999982000047545,-9.999980000051545e-06,-9.999980000051545e-06,9.999980000051545e-06,-9.999980000051545e-06,9.999980000051545,0
1.95,9.999980500041405,-9.999978500055705e-06,-9.999978500055705e-06,1.000088900582341e-11,0,0,9.999957000157635e-05,293.15,-9.999978500055706,1.000088900582341e-11,1.999991400031527e-11,0.2,9.999980500051405,-1.999995700011141e-06,0,0,-9.999978500055705e-06,9.999978500055705e-06,0,-9.999978500055705e-06,9.999980500041405,9.999980500041405,-9.999978500055705e-06,9.999978500055705e-06,9.999978500055706,-9.999978500055705e-06,0,9.999978500055705e-06,9.999980500041405,-9.999978500055705e-06,9.999980500051405,-9.999978500055705e-06,-9.999978500055705e-06,9.999978500055705e-06,-9.999978500055705e-06,9.999978500055706,0
2.1,9.999979000045263,-9.999977000059863e-06,-9.999977000059863e-06,9.99911264898401e-12,0,0,9.999954000172625e-05,293.15,-9.999977000059863,9.99911264898401e-12,1.999990800034525e-11,0.2,9.999979000055262,-1.999995400011973e-06,0,0,-9.999977000059863e-06,9.999977000059863e-06,0,-9.999977000059863e-06,9.999979000045263,9.999979000045263,-9.999977000059863e-06,9.999977000059863e-06,9.999977000059863,-9.999977000059863e-06,0,9.999977000059863e-06,9.999979000045263,-9.999977000059863e-06,9.999979000055262,-9.999977000059863e-06,-9.999977000059863e-06,9.999977000059863e-06,-9.999977000059863e-06,9.999977000059863,0
2.25,9.999977500049122,-9.999975500064023e-06,-9.999975500064023e-06,1.000088900582341e-11,0,0,9.999951000188071e-05,293.15,-9.999975500064023,1.000088900582341e-11,1.999990200037614e-11,0.2,9.999977500059122,-1.999995100012805e-06,0,0,-9.999975500064023e-06,9.999975500064023e-06,0,-9.999975500064023e-06,9.999977500049122,9.999977500049122,-9.999975500064023e-06,9.999975500064023e-06,9.999975500064023,-9.999975500064023e-06,0,9.999975500064023e-06,9.999977500049122,-9.999975500064023e-06,9.999977500059122,-9.999975500064023e-06,-9.999975500064023e-06,9.999975500064023e-06,-9.999975500064023e-06,9.999975500064023,0
2.4,9.99997600005363,-9.99997400006883e-06,-9.99997400006883e-06,1.000088900582341e-11,0,0,9.999948000205259e-05,293.15,-9.99997400006883,1.000088900582341e-11,1.999989600041052e-11,0.2,9.999976000063631,-1.999994800013766e-06,0,0,-9.99997400006883e-06,9.99997400006883e-06,0,-9.99997400006883e-06,9.99997600005363,9.99997600005363,-9.99997400006883e-06,9.99997400006883e-06,9.99997400006883,-9.99997400006883e-06,0,9.99997400006883e-06,9.99997600005363,-9.99997400006883e-06,9.999976000063631,-9.99997400006883e-06,-9.99997400006883e-06,9.99997400006883e-06,-9.99997400006883e-06,9.99997400006883,0
2.55,9.999974500061048,-9.999972500076547e-06,-9.999972500076547e-06,9.99911264898401e-12,0,0,9.999945000228719e-05,293.15,-9.999972500076547,9.99911264898401e-12,1.999989000045744e-11,0.2,9.999974500071048,-1.99999450001531e-06,0,0,-9.999972500076547e-06,9.999972500076547e-06,0,-9.999972500076547e-06,9.999974500061048,9.999974500061048,-9.999972500076547e-06,9.999972500076547e-06,9.999972500076547,-9.999972500076547e-06,0,9.999972500076547e-06,9.999974500061048,-9.999972500076547e-06,9.999974500071048,-9.999972500076547e-06,-9.999972500076547e-06,9.999972500076547e-06,-9.999972500076547e-06,9.999972500076547,0
2.7,9.999973000068467,-9.999971000084266e-06,-9.999971000084266e-06,1.000088900582341e-11,0,0,9.999942000252633e-05,293.15,-9.999971000084267,1.000088900582341e-11,1.999988400050526e-11,0.2,9.999973000078468,-1.999994200016853e-06,0,0,-9.999971000084266e-06,9.999971000084266e-06,0,-9.999971000084266e-06,9.999973000068467,9.999973000068467,-9.999971000084266e-06,9.999971000084266e-06,9.999971000084267,-9.999971000084266e-06,0,9.999971000084266e-06,9.999973000068467,-9.999971000084266e-06,9.999973000078468,-9.999971000084266e-06,-9.999971000084266e-06,9.999971000084266e-06,-9.999971000084266e-06,9.999971000084267,0
2.85,9.999971500075885,-9.999969500091983e-06,-9.999969500091983e-06,9.99911264898401e-12,0,0,9.999939000276992e-05,293.15,-9.999969500091984,9.99911264898401e-12,1.999987800055398e-11,0.2,9.999971500085884,-1.999993900018397e-06,0,0,-9.999969500091983e-06,9.999969500091983e-06,0,-9.999969500091983e-06,9.999971500075885,9.999971500075885,-9.999969500091983e-06,9.999969500091983e-06,9.999969500091984,-9.999969500091983e-06,0,9.999969500091983e-06,9.999971500075885,-9.999969500091983e-06,9.999971500085884,-9.999969500091983e-06,-9.999969500091983e-06,9.999969500091983e-06,-9.999969500091983e-06,9.999969500091984,0
3,9.999970000083302,-9.999968000099701e-06,-9.999968000099701e-06,9.99911264898401e-12,0,0,9.999936000301801e-05,293.15,-9.999968000099701,9.99911264898401e-12,1.999987200060361e-11,0.2,9.999970000093301,-1.99999360001994e-06,0,0,-9.999968000099701e-06,9.999968000099701e-06,0,-9.999968000099701e-06,9.999970000083302,9.999970000083302,-9.999968000099701e-06,9.999968000099701e-06,9.999968000099701,-9.999968000099701e-06,0,9.999968000099701e-06,9.999970000083302,-9.999968000099701e-06,9.999970000093301,-9.999968000099701e-06,-9.999968000099701e-06,9.999968000099701e-06,-9.999968000099701e-06,9.999968000099701,0
3.15,9.99996850009072,-9.999966500107418e-06,-9.999966500107418e-06,9.99911264898401e-12,0,0,9.999933000327062e-05,293.15,-9.999966500107419,9.99911264898401e-12,1.999986600065412e-11,0.2,9.999968500100719,-1.999993300021484e-06,0,0,-9.999966500107418e-06,9.999966500107418e-06,0,-9.999966500107418e-06,9.99996850009072,9.99996850009072,-9.999966500107418e-06,9.999966500107418e-06,9.999966500107419,-9.999966500107418e-06,0,9.999966500107418e-06,9.99996850009072,-9.999966500107418e-06,9.999968500100719,-9.999966500107418e-06,-9.999966500107418e-06,9.999966500107418e-06,-9.999966500107418e-06,9.999966500107419,0
3.3,9.999967000098138,-9.999965000115137e-06,-9.999965000115137e-06,9.99911264898401e-12,0,0,9.999930000352775e-05,293.15,-9.999965000115138,9.99911264898401e-12,1.999986000070555e-11,0.2,9.999967000108137,-1.999993000023027e-06,0,0,-9.999965000115137e-06,9.999965000115137e-06,0,-9.999965000115137e-06,9.999967000098138,9.999967000098138,-9.999965000115137e-06,9.999965000115137e-06,9.999965000115138,-9.999965000115137e-06,0,9.999965000115137e-06,9.999967000098138,-9.999965000115137e-06,9.999967000108137,-9.999965000115137e-06,-9.999965000115137e-06,9.999965000115137e-06,-9.999965000115137e-06,9.999965000115138,0
3.45,9.999965500105557,-9.999963500122855e-06,-9.999963500122855e-06,9.99733629214461e-12,0,0,9.999927000378934e-05,293.15,-9.999963500122854,9.99733629214461e-12,1.999985400075787e-11,0.2,9.999965500115554,-1.999992700024571e-06,0,0,-9.999963500122855e-06,9.999963500122855e-06,0,-9.999963500122855e-06,9.999965500105557,9.999965500105557,-9.999963500122855e-06,9.999963500122855e-06,9.999963500122854,-9.999963500122855e-06,0,9.999963500122855e-06,9.999965500105557,-9.999963500122855e-06,9.999965500115554,-9.999963500122855e-06,-9.999963500122855e-06,9.999963500122855e-06,-9.999963500122855e-06,9.999963500122854,0
3.6,9.999964000112975,-9.999962000130572e-06,-9.999962000130572e-06,9.99733629214461e-12,0,0,9.999924000405544e-05,293.15,-9.999962000130573,9.99733629214461e-12,1.999984800081108e-11,0.2,9.999964000122972,-1.999992400026114e-06,0,0,-9.999962000130572e-06,9.999962000130572e-06,0,-9.999962000130572e-06,9.999964000112975,9.999964000112975,-9.999962000130572e-06,9.999962000130572e-06,9.999962000130573,-9.999962000130572e-06,0,9.999962000130572e-06,9.999964000112975,-9.999962000130572e-06,9.999964000122972,-9.999962000130572e-06,-9.999962000130572e-06,9.999962000130572e-06,-9.999962000130572e-06,9.999962000130573,0
3.75,9.999962500120391,-9.999960500138291e-06,-9.999960500138291e-06,1.000088900582341e-11,0,0,9.999921000432607e-05,293.15,-9.999960500138291,1.000088900582341e-11,1.999984200086521e-11,0.2,9.999962500130392,-1.999992100027658e-06,0,0,-9.999960500138291e-06,9.999960500138291e-06,0,-9.999960500138291e-06,9.999962500120391,9.999962500120391,-9.999960500138291e-06,9.999960500138291e-06,9.999960500138291,-9.999960500138291e-06,0,9.999960500138291e-06,9.999962500120391,-9.999960500138291e-06,9.999962500130392,-9.999960500138291e-06,-9.999960500138291e-06,9.999960500138291e-06,-9.999960500138291e-06,9.999960500138291,0
3.9,9.99996100012781,-9.999959000146008e-06,-9.999959000146008e-06,9.99911264898401e-12,0,0,9.999918000460115e-05,293.15,-9.999959000146008,9.99911264898401e-12,1.999983600092023e-11,0.2,9.999961000137809,-1.999991800029202e-06,0,0,-9.999959000146008e-06,9.999959000146008e-06,0,-9.999959000146008e-06,9.99996100012781,9.99996100012781,-9.999959000146008e-06,9.999959000146008e-06,9.999959000146008,-9.999959000146008e-06,0,9.999959000146008e-06,9.99996100012781,-9.999959000146008e-06,9.999961000137809,-9.999959000146008e-06,-9.999959000146008e-06,9.999959000146008e-06,-9.999959000146008e-06,9.999959000146008,0
4.05,9.999959500135228,-9.999957500153726e-06,-9.999957500153726e-06,9.99911264898401e-12,0,0,9.999915000488077e-05,293.15,-9.999957500153727,9.99911264898401e-12,1.999983000097615e-11,0.2,9.999959500145227,-1.999991500030745e-06,0,0,-9.999957500153726e-06,9.999957500153726e-06,0,-9.999957500153726e-06,9.999959500135228,9.999959500135228,-9.999957500153726e-06,9.999957500153726e-06,9.999957500153727,-9.999957500153726e-06,0,9.999957500153726e-06,9.999959500135228,-9.999957500153726e-06,9.999959500145227,-9.999957500153726e-06,-9.999957500153726e-06,9.999957500153726e-06,-9.999957500153726e-06,9.999957500153727,0
4.2,9.999958000142646,-9.999956000161445e-06,-9.999956000161445e-06,9.99911264898401e-12,0,0,9.999912000516489e-05,293.15,-9.999956000161445,9.99911264898401e-12,1.999982400103298e-11,0.2,9.999958000152645,-1.999991200032289e-06,0,0,-9.999956000161445e-06,9.999956000161445e-06,0,-9.999956000161445e-06,9.999958000142646,9.999958000142646,-9.999956000161445e-06,9.999956000161445e-06,9.999956000161445,-9.999956000161445e-06,0,9.999956000161445e-06,9.999958000142646,-9.999956000161445e-06,9.999958000152645,-9.999956000161445e-06,-9.999956000161445e-06,9.999956000161445e-06,-9.999956000161445e-06,9.999956000161445,0
4.35,9.999956500150065,-9.999954500169162e-06,-9.999954500169162e-06,9.99911264898401e-12,0,0,9.999909000545349e-05,293.15,-9.999954500169164,9.99911264898401e-12,1.99998180010907e-11,0.2,9.999956500160064,-1.999990900033833e-06,0,0,-9.999954500169162e-06,9.999954500169162e-06,0,-9.999954500169162e-06,9.999956500150065,9.999956500150065,-9.999954500169162e-06,9.999954500169162e-06,9.999954500169164,-9.999954500169162e-06,0,9.999954500169162e-06,9.999956500150065,-9.999954500169162e-06,9.999956500160064,-9.999954500169162e-06,-9.999954500169162e-06,9.999954500169162e-06,-9.999954500169162e-06,9.999954500169164,0
4.5,9.999955000157481,-9.99995300017688e-06,-9.99995300017688e-06,9.99911264898401e-12,0,0,9.999906000574659e-05,293.15,-9.99995300017688,9.99911264898401e-12,1.999981200114932e-11,0.2,9.99995500016748,-1.999990600035376e-06,0,0,-9.99995300017688e-06,9.99995300017688e-06,0,-9.99995300017688e-06,9.999955000157481,9.999955000157481,-9.99995300017688e-06,9.99995300017688e-06,9.99995300017688,-9.99995300017688e-06,0,9.99995300017688e-06,9.999955000157481,-9.99995300017688e-06,9.99995500016748,-9.99995300017688e-06,-9.99995300017688e-06,9.99995300017688e-06,-9.99995300017688e-06,9.99995300017688,0
4.65,9.999953500164899,-9.999951500184597e-06,-9.999951500184597e-06,9.99733629214461e-12,0,0,9.999903000604417e-05,293.15,-9.999951500184597,9.99733629214461e-12,1.999980600120884e-11,0.2,9.999953500174897,-1.999990300036919e-06,0,0,-9.999951500184597e-06,9.999951500184597e-06,0,-9.999951500184597e-06,9.999953500164899,9.999953500164899,-9.999951500184597e-06,9.999951500184597e-06,9.999951500184597,-9.999951500184597e-06,0,9.999951500184597e-06,9.999953500164899,-9.999951500184597e-06,9.999953500174897,-9.999951500184597e-06,-9.999951500184597e-06,9.999951500184597e-06,-9.999951500184597e-06,9.999951500184597,0
4.8,9.999952000174913,-9.99995000019491e-06,-9.99995000019491e-06,9.99733629214461e-12,0,0,9.999900000639819e-05,293.15,-9.999950000194911,9.99733629214461e-12,1.999980000127964e-11,0.2,9.99995200018491,-1.999990000038982e-06,0,0,-9.99995000019491e-06,9.99995000019491e-06,0,-9.99995000019491e-06,9.999952000174913,9.999952000174913,-9.99995000019491e-06,9.99995000019491e-06,9.999950000194911,-9.99995000019491e-06,0,9.99995000019491e-06,9.999952000174913,-9.99995000019491e-06,9.99995200018491,-9.99995000019491e-06,-9.99995000019491e-06,9.99995000019491e-06,-9.99995000019491e-06,9.999950000194911,0
4.95,9.999950500189449,-9.999948500209746e-06,-9.999948500209746e-06,9.995559935305209e-12,0,0,9.999897000684714e-05,293.15,-9.999948500209745,9.995559935305209e-12,1.999979400136943e-11,0.2,9.999950500199445,-1.999989700041949e-06,0,0,-9.999948500209746e-06,9.999948500209746e-06,0,-9.999948500209746e-06,9.999950500189449,9.999950500189449,-9.999948500209746e-06,9.999948500209746e-06,9.999948500209745,-9.999948500209746e-06,0,9.999948500209746e-06,9.999950500189449,-9.999948500209746e-06,9.999950500199445,-9.999948500209746e-06,-9.999948500209746e-06,9.999948500209746e-06,-9.999948500209746e-06,9.999948500209745,0
5.000000001000071,9.999950000194284,-9.999948000214681e-06,-9.999948000214681e-06,9.99733629214461e-12,0,0,9.99989600069976e-05,293.15,-9.999948000214681,9.99733629214461e-12,1.999979200139952e-11,0.2,9.999950000204281,-1.999989600042936e-06,0,0,-9.999948000214681e-06,9.999948000214681e-06,0,-9.999948000214681e-06,9.999950000194284,9.999950000194284,-9.999948000214681e-06,9.999948000214681e-06,9.999948000214681,-9.999948000214681e-06,0,9.999948000214681e-06,9.999950000194284,-9.999948000214681e-06,9.999950000204281,-9.999948000214681e-06,-9.999948000214681e-06,9.999948000214681e-06,-9.999948000214681e-06,9.999948000214681,0
5.000000001000071,9.999950000194284,-9.999948000214681e-06,-9.999948000214681e-06,-9.999948000194683,0,0,9.999896000699759e-17,293.15,-9.999948000214681e-12,-9.999948000194683,1.999979200139952e-11,0.2,1.999999599990936e-06,-1.999989600042936e-06,1,1,-9.999948000214681e-06,9.999948000214681e-06,0,-9.999948000214681e-06,9.999950000194284,9.999950000194284,-9.999948000214681e-06,9.999948000214681e-06,9.999948000214681e-12,-9.999948000214681e-06,0,9.999948000214681e-06,9.999950000194284,-9.999948000214681e-06,1.999999599990936e-06,-9.999948000214681e-06,-9.999948000214681e-06,9.999948000214681e-06,-9.999948000214681e-06,9.999948000214681e-12,1
5.1,9.950322852653231,-0.988421285065109,-0.988421285065109,-9.752637607218924,0,0,9.769766367697612e-07,293.15,-9.884212850651088e-07,-9.752637607218924,0.1953953273539523,0.2,0.1976852454343069,-0.1976842570130218,1,1,-0.988421285065109,0.988421285065109,0,-0.988421285065109,9.950322852653231,9.950322852653231,-0.988421285065109,0.988421285065109,9.884212850651088e-07,-0.988421285065109,0,0.988421285065109,9.950322852653231,-0.988421285065109,0.1976852454343069,-0.988421285065109,-0.988421285065109,0.988421285065109,-0.988421285065109,9.884212850651088e-07,1
5.25,9.694186503522811,-2.413204776324022,-2.413204776324022,-9.21154313505323,0,0,5.823557292473075e-06,293.15,-2.413204776324022e-06,-9.21154313505323,1.164711458494615,0.2,0.4826433684695808,-0.4826409552648045,1,1,-2.413204776324022,2.413204776324022,0,-2.413204776324022,9.694186503522811,9.694186503522811,-2.413204776324022,2.413204776324022,2.413204776324022e-06,-2.413204776324022,0,2.413204776324022,9.694186503522811,-2.413204776324022,0.4826433684695808,-2.413204776324022,-2.413204776324022,2.413204776324022,-2.413204776324022,2.413204776324022e-06,1
5.4,9.231141169237448,-3.742489432279354,-3.742489432279354,-8.482639540292144,0,0,1.400622715072264e-05,293.15,-3.742489432279354e-06,-8.482639540292144,2.801245430144529,0.2,0.7485016289453031,-0.7484978864558709,1,1,-3.742489432279354,3.742489432279354,0,-3.742489432279354,9.231141169237448,9.231141169237448,-3.742489432279354,3.742489432279354,3.742489432279354e-06,-3.742489432279354,0,3.742489432279354,9.231141169237448,-3.742489432279354,0.7485016289453031,-3.742489432279354,-3.742489432279354,3.742489432279354,-3.742489432279354,3.742489432279354e-06,1
5.55,8.577545239832146,-4.949690005125542,-4.949690005125542,-7.587602289117032,0,0,2.449943114683969e-05,293.15,-4.949690005125542e-06,-7.587602289117032,4.899886229367937,0.2,0.9899429507151135,-0.9899380010251084,1,1,-4.949690005125542,4.949690005125542,0,-4.949690005125542,8.577545239832146,8.577545239832146,-4.949690005125542,4.949690005125542,4.949690005125542e-06,-4.949690005125542,0,4.949690005125542,8.577545239832146,-4.949690005125542,0.9899429507151135,-4.949690005125542,-4.949690005125542,4.949690005125542,-4.949690005125542,4.949690005125542e-06,1
5.7,7.753492322713123,-6.011701973440407,-6.011701973440407,-6.551145916323069,0,0,3.614056061746728e-05,293.15,-6.011701973440407e-06,-6.551145916323069,7.228112123493458,0.2,1.202346406390055,-1.202340394688082,1,1,-6.011701973440407,6.011701973440407,0,-6.011701973440407,7.753492322713123,7.753492322713123,-6.011701973440407,6.011701973440407,6.011701973440407e-06,-6.011701973440407,0,6.011701973440407,7.753492322713123,-6.011701973440407,1.202346406390055,-6.011701973440407,-6.011701973440407,6.011701973440407,-6.011701973440407,6.011701973440407e-06,1
5.85,6.782255797871175,-6.909318897481824,-6.909318897481824,-5.400385109055913,0,0,4.773868762709944e-05,293.15,-6.909318897481823e-06,-5.400385109055913,9.54773752541989,0.2,1.381870688815262,-1.381863779496365,1,1,-6.909318897481824,6.909318897481824,0,-6.909318897481824,6.782255797871175,6.782255797871175,-6.909318897481824,6.909318897481824,6.909318897481823e-06,-6.909318897481824,0,6.909318897481824,6.782255797871175,-6.909318897481824,1.381870688815262,-6.909318897481824,-6.909318897481824,6.909318897481824,-6.909318897481824,6.909318897481823e-06,1
6,5.689672491984373,-7.627542106040136,-7.627542106040136,-4.16415644323424,0,0,5.817939857941519e-05,293.15,-7.627542106040135e-06,-4.16415644323424,11.63587971588304,0.2,1.525516048750133,-1.525508421208027,1,1,-7.627542106040136,7.627542106040136,0,-7.627542106040136,5.689672491984373,5.689672491984373,-7.627542106040136,7.627542106040136,7.627542106040135e-06,-7.627542106040136,0,7.627542106040136,5.689672491984373,-7.627542106040136,1.525516048750133,-7.627542106040136,-7.627542106040136,7.627542106040136,-7.627542106040136,7.627542106040135e-06,1
6.15,4.503499632029386,-8.155784577153812,-8.155784577153812,-2.872334560814046,0,0,6.651682206893996e-05,293.15,-8.15578457715381e-06,-2.872334560814046,13.303364413788,0.2,1.63116507121534,-1.631156915430762,1,1,-8.155784577153812,8.155784577153812,0,-8.155784577153812,4.503499632029386,4.503499632029386,-8.155784577153812,8.155784577153812,8.15578457715381e-06,-8.155784577153812,0,8.155784577153812,4.503499632029386,-8.155784577153812,1.63116507121534,-8.155784577153812,-8.155784577153812,8.155784577153812,-8.155784577153812,8.15578457715381e-06,1
6.3,3.252747160852734,-8.487973713452213,-8.487973713452213,-1.555143930188577,0,0,7.204569776025575e-05,293.15,-8.487973713452213e-06,-1.555143930188577,14.40913955205115,0.2,1.697603230664156,-1.697594742690443,1,1,-8.487973713452213,8.487973713452213,0,-8.487973713452213,3.252747160852734,3.252747160852734,-8.487973713452213,8.487973713452213,8.487973713452213e-06,-8.487973713452213,0,8.487973713452213,3.252747160852734,-8.487973713452213,1.697603230664156,-8.487973713452213,-8.487973713452213,8.487973713452213,-8.487973713452213,8.487973713452213e-06,1
6.45,1.966995440551681,-8.622554566930226,-8.622554566930226,-0.242475904611068,0,0,7.43484472596893e-05,293.15,-8.622554566930226e-06,-0.242475904611068,14.86968945193786,0.2,1.724519535940612,-1.724510913386045,1,1,-8.622554566930226,8.622554566930226,0,-8.622554566930226,1.966995440551681,1.966995440551681,-8.622554566930226,8.622554566930226,8.622554566930226e-06,-8.622554566930226,0,8.622554566930226,1.966995440551681,-8.622554566930226,1.724519535940612,-8.622554566930226,-8.622554566930226,8.622554566930226,-8.622554566930226,8.622554566930226e-06,1
6.6,0.6757253194548447,-8.562389815210683,-8.562389815210683,1.036761205977107,0,0,7.331451934762363e-05,293.15,-8.562389815210683e-06,1.036761205977107,14.66290386952473,0.2,1.712486525431952,-1.712477963042137,1,1,-8.562389815210683,8.562389815210683,0,-8.562389815210683,0.6757253194548447,0.6757253194548447,-8.562389815210683,8.562389815210683,8.562389815210683e-06,-8.562389815210683,0,8.562389815210683,0.6757253194548447,-8.562389815210683,1.712486525431952,-8.562389815210683,-8.562389815210683,8.562389815210683,-8.562389815210683,8.562389815210683e-06,1
6.75,-0.5923316424754709,-8.314566232011925,-8.314566232011925,2.255253203444088,0,0,6.913201162651299e-05,293.15,-8.314566232011925e-06,2.255253203444088,13.8264023253026,0.2,1.662921560968617,-1.662913246402385,1,1,-8.314566232011925,8.314566232011925,0,-8.314566232011925,-0.5923316424754709,-0.5923316424754709,-8.314566232011925,8.314566232011925,8.314566232011925e-06,-8.314566232011925,0,8.314566232011925,-0.5923316424754709,-8.314566232011925,1.662921560968617,-8.314566232011925,-8.314566232011925,8.314566232011925,-8.314566232011925,8.314566232011925e-06,1
6.9,-1.809806641476313,-7.89011295525416,-7.89011295525416,3.387837122640101,0,0,6.225388244666953e-05,293.15,-7.89011295525416e-06,3.387837122640101,12.45077648933391,0.2,1.578030481163787,-1.578022591050832,1,1,-7.89011295525416,7.89011295525416,0,-7.89011295525416,-1.809806641476313,-1.809806641476313,-7.89011295525416,7.89011295525416,7.89011295525416e-06,-7.89011295525416,0,7.89011295525416,-1.809806641476313,-7.89011295525416,1.578030481163787,-7.89011295525416,-7.89011295525416,7.89011295525416,-7.89011295525416,7.89011295525416e-06,1
7.05,-2.95125877913857,-7.30364092541542,-7.30364092541542,4.41199426786258,0,0,5.3343170767403e-05,293.15,-7.303640925415419e-06,4.41199426786258,10.6686341534806,0.2,1.460735488724009,-1.460728185083084,1,1,-7.30364092541542,7.30364092541542,0,-7.30364092541542,-2.95125877913857,-2.95125877913857,-7.30364092541542,7.30364092541542,7.303640925415419e-06,-7.30364092541542,0,7.30364092541542,-2.95125877913857,-7.30364092541542,1.460735488724009,-7.30364092541542,-7.30364092541542,7.30364092541542,-7.30364092541542,7.303640925415419e-06,1
7.2,-3.993681063829762,-6.572913873507952,-6.572913873507952,5.308270411445227,0,0,4.320319678855331e-05,293.15,-6.572913873507951e-06,5.308270411445227,8.640639357710663,0.2,1.314589347615464,-1.314582774701591,1,1,-6.572913873507952,6.572913873507952,0,-6.572913873507952,-3.993681063829762,-3.993681063829762,-6.572913873507952,6.572913873507952,6.572913873507951e-06,-6.572913873507952,0,6.572913873507952,-3.993681063829762,-6.572913873507952,1.314589347615464,-6.572913873507952,-6.572913873507952,6.572913873507952,-6.572913873507952,6.572913873507951e-06,1
7.35,-4.916937421744578,-5.718362047252766,-5.718362047252766,6.060615549557179,0,0,3.269966450346084e-05,293.15,-5.718362047252766e-06,6.060615549557179,6.539932900692169,0.2,1.1436781278126,-1.143672409450553,1,1,-5.718362047252766,5.718362047252766,0,-5.718362047252766,-4.916937421744578,-4.916937421744578,-5.718362047252766,5.718362047252766,5.718362047252766e-06,-5.718362047252766,0,5.718362047252766,-4.916937421744578,-5.718362047252766,1.1436781278126,-5.718362047252766,-5.718362047252766,5.718362047252766,-5.718362047252766,5.718362047252766e-06,1
7.5,-5.704123362172814,-4.762551422535735,-4.762551422535735,6.656638409231384,0,0,2.268189605229715e-05,293.15,-4.762551422535734e-06,6.656638409231384,4.53637921045943,0.2,0.9525150470585695,-0.9525102845071469,1,1,-4.762551422535735,4.762551422535735,0,-4.762551422535735,-5.704123362172814,-5.704123362172814,-4.762551422535735,4.762551422535735,4.762551422535734e-06,-4.762551422535735,0,4.762551422535735,-5.704123362172814,-4.762551422535735,0.9525150470585695,-4.762551422535735,-4.762551422535735,4.762551422535735,-4.762551422535735,4.762551422535734e-06,1
7.65,-6.341844426283856,-3.729621319141025,-3.729621319141025,7.087772419733381,0,0,1.391007518419124e-05,293.15,-3.729621319141025e-06,7.087772419733381,2.782015036838248,0.2,0.7459279934495242,-0.7459242638282051,1,1,-3.729621319141025,3.729621319141025,0,-3.729621319141025,-6.341844426283856,-6.341844426283856,-3.729621319141025,3.729621319141025,3.729621319141025e-06,-3.729621319141025,0,3.729621319141025,-6.341844426283856,-3.729621319141025,0.7459279934495242,-3.729621319141025,-3.729621319141025,3.729621319141025,-3.729621319141025,3.729621319141025e-06,1
7.8,-6.820408883779186,-2.644703855255779,-2.644703855255779,7.349352299534197,0,0,6.994458482004782e-06,293.15,-2.644703855255779e-06,7.349352299534197,1.398891696400957,0.2,0.5289434157550111,-0.5289407710511559,1,1,-2.644703855255779,2.644703855255779,0,-2.644703855255779,-6.820408883779186,-6.820408883779186,-2.644703855255779,2.644703855255779,2.644703855255779e-06,-2.644703855255779,0,2.644703855255779,-6.820408883779186,-2.644703855255779,0.5289434157550111,-2.644703855255779,-2.644703855255779,2.644703855255779,-2.644703855255779,2.644703855255779e-06,1
7.95,-7.13393265822883,-1.533338553427209,-1.533338553427209,7.440601902252825,0,0,2.351127119426246e-06,293.15,-1.533338553427209e-06,7.440601902252825,0.4702254238852492,0.2,0.3066692440239953,-0.3066677106854419,1,1,-1.533338553427209,1.533338553427209,0,-1.533338553427209,-7.13393265822883,-7.13393265822883,-1.533338553427209,1.533338553427209,1.533338553427209e-06,-1.533338553427209,0,1.533338553427209,-7.13393265822883,-1.533338553427209,0.3066692440239953,-1.533338553427209,-1.533338553427209,1.533338553427209,-1.533338553427209,1.533338553427209e-06,1
8.1,-7.280356987065855,-0.4208952595950201,-0.4208952595950201,7.364536459880119,0,0,1.771528195495593e-07,293.15,-4.2089525959502e-07,7.364536459880119,0.03543056390991187,0.2,0.08417947281426361,-0.08417905191900402,1,1,-0.4208952595950201,0.4208952595950201,0,-0.4208952595950201,-7.280356987065855,-7.280356987065855,-0.4208952595950201,0.4208952595950201,4.2089525959502e-07,-0.4208952595950201,0,0.4208952595950201,-7.280356987065855,-0.4208952595950201,0.08417947281426361,-0.4208952595950201,-0.4208952595950201,0.4208952595950201,-0.4208952595950201,4.2089525959502e-07,1
8.25,-7.261380875530373,0.6679821109136355,0.6679821109136355,7.127783785365534,0,0,4.462001005006364e-07,293.15,6.679821109136355e-07,7.127783785365534,0.08924002010012728,0.2,-0.133597090164838,0.1335964221827271,1,1,0.6679821109136355,-0.6679821109136355,0,0.6679821109136355,-7.261380875530373,-7.261380875530373,0.6679821109136355,-0.6679821109136355,-6.679821109136355e-07,0.6679821109136355,0,-0.6679821109136355,-7.261380875530373,0.6679821109136355,-0.133597090164838,0.6679821109136355,0.6679821109136355,-0.6679821109136355,0.6679821109136355,-6.679821109136355e-07,1
8.4,-7.082312538447774,1.709899384600047,1.709899384600047,6.74033095162838,0,0,2.92375590545562e-06,293.15,1.709899384600047e-06,6.74033095162838,0.5847511810911241,0.2,-0.3419815868193941,0.3419798769200095,1,1,1.709899384600047,-1.709899384600047,0,1.709899384600047,-7.082312538447774,-7.082312538447774,1.709899384600047,-1.709899384600047,-1.709899384600047e-06,1.709899384600047,0,-1.709899384600047,-7.082312538447774,1.709899384600047,-0.3419815868193941,1.709899384600047,1.709899384600047,-1.709899384600047,1.709899384600047,-1.709899384600047e-06,1
8.550000000000001,-6.751845222579054,2.683192754459977,2.683192754459977,6.215203988494304,0,0,7.199523357586517e-06,293.15,2.683192754459977e-06,6.215203988494304,1.439904671517304,0.2,-0.5366412340847498,0.5366385508919954,1,1,2.683192754459977,-2.683192754459977,0,2.683192754459977,-6.751845222579054,-6.751845222579054,2.683192754459977,-2.683192754459977,-2.683192754459977e-06,2.683192754459977,0,-2.683192754459977,-6.751845222579054,2.683192754459977,-0.5366412340847498,2.683192754459977,2.683192754459977,-2.683192754459977,2.683192754459977,-2.683192754459977e-06,1
8.699999999999999,-6.281764845753413,3.568356941263423,3.568356941263423,5.568089889143787,0,0,1.273317126026285e-05,293.15,3.568356941263423e-06,5.568089889143787,2.54663425205257,0.2,-0.7136749566096259,0.7136713882526846,1,1,3.568356941263423,-3.568356941263423,0,3.568356941263423,-6.281764845753413,-6.281764845753413,3.568356941263423,-3.568356941263423,-3.568356941263423e-06,3.568356941263423,0,-3.568356941263423,-6.281764845753413,3.568356941263423,-0.7136749566096259,3.568356941263423,3.568356941263423,-3.568356941263423,3.568356941263423,-3.568356941263423e-06,1
8.85,-5.686597815247301,4.348412901036341,4.348412901036341,4.816910886627131,0,0,1.890869475789929e-05,293.15,4.348412901036341e-06,4.816910886627131,3.781738951579858,0.2,-0.8696869286201694,0.8696825802072683,1,1,4.348412901036341,-4.348412901036341,0,4.348412901036341,-5.686597815247301,-5.686597815247301,4.348412901036341,-4.348412901036341,-4.348412901036341e-06,4.348412901036341,0,-4.348412901036341,-5.686597815247301,4.348412901036341,-0.8696869286201694,4.348412901036341,4.348412901036341,-4.348412901036341,4.348412901036341,-4.348412901036341e-06,1
9,-4.983208705457606,5.009208889671454,5.009208889671454,3.981361918314425,0,0,2.509217370036352e-05,293.15,5.009208889671454e-06,3.981361918314425,5.018434740072704,0.2,-1.00184678714318,1.001841777934291,1,1,5.009208889671454,-5.009208889671454,0,5.009208889671454,-4.983208705457606,-4.983208705457606,5.009208889671454,-5.009208889671454,-5.009208889671454e-06,5.009208889671454,0,-5.009208889671454,-4.983208705457606,5.009208889671454,-1.00184678714318,5.009208889671454,5.009208889671454,-5.009208889671454,5.009208889671454,-5.009208889671454e-06,1
9.15,-4.19035798976689,5.539649949002765,5.539649949002765,3.082422460316388,0,0,3.068772155748633e-05,293.15,5.539649949002765e-06,3.082422460316388,6.137544311497267,0.2,-1.107935529450502,1.107929989800553,1,1,5.539649949002765,-5.539649949002765,0,5.539649949002765,-4.19035798976689,-4.19035798976689,5.539649949002765,-5.539649949002765,-5.539649949002765e-06,5.539649949002765,0,-5.539649949002765,-4.19035798976689,5.539649949002765,-1.107935529450502,5.539649949002765,5.539649949002765,-5.539649949002765,5.539649949002765,-5.539649949002765e-06,1
9.300000000000001,-3.32823095524925,5.931853045484692,5.931853045484692,2.141854414299265,0,0,3.518688055322601e-05,293.15,5.931853045484691e-06,2.141854414299265,7.037376110645202,0.2,-1.186376540949984,1.186370609096938,1,1,5.931853045484692,-5.931853045484692,0,5.931853045484692,-3.32823095524925,-3.32823095524925,5.931853045484692,-5.931853045484692,-5.931853045484691e-06,5.931853045484692,0,-5.931853045484692,-3.32823095524925,5.931853045484692,-1.186376540949984,5.931853045484692,5.931853045484692,-5.931853045484692,5.931853045484692,-5.931853045484691e-06,1
9.449999999999999,-2.417949007899479,6.181226505979323,6.181226505979323,1.181697525477108,0,0,3.820756111822135e-05,293.15,6.181226505979323e-06,1.181697525477108,7.641512223644271,0.2,-1.236251482422371,1.236245301195865,1,1,6.181226505979323,-6.181226505979323,0,6.181226505979323,-2.417949007899479,-2.417949007899479,6.181226505979323,-6.181226505979323,-6.181226505979323e-06,6.181226505979323,0,-6.181226505979323,-2.417949007899479,6.181226505979323,-1.236251482422371,6.181226505979323,6.181226505979323,-6.181226505979323,6.181226505979323,-6.181226505979323e-06,1
9.6,-1.481074717826917,6.286474420358945,6.286474420358945,0.2237735472807079,0,0,3.951976063782733e-05,293.15,6.286474420358944e-06,0.2237735472807079,7.903952127565467,0.2,-1.257301170546209,1.257294884071789,1,1,6.286474420358945,-6.286474420358945,0,6.286474420358945,-1.481074717826917,-1.481074717826917,6.286474420358945,-6.286474420358945,-6.286474420358944e-06,6.286474420358945,0,-6.286474420358945,-1.481074717826917,6.286474420358945,-1.257301170546209,6.286474420358945,6.286474420358945,-6.286474420358945,6.286474420358945,-6.286474420358944e-06,1
9.75,-0.5391217116585093,6.249527843478281,6.249527843478281,-0.7107901065649905,0,0,3.90565982664103e-05,293.15,6.249527843478281e-06,-0.7107901065649905,7.811319653282061,0.2,-1.2499118182235,1.249905568695656,1,1,6.249527843478281,-6.249527843478281,0,6.249527843478281,-0.5391217116585093,-0.5391217116585093,6.249527843478281,-6.249527843478281,-6.249527843478281e-06,6.249527843478281,0,-6.249527843478281,-0.5391217116585093,6.249527843478281,-1.2499118182235,6.249527843478281,6.249527843478281,-6.249527843478281,6.249527843478281,-6.249527843478281e-06,1
9.9,0.386919853909379,6.075406715333631,6.075406715333631,-1.60200727238282,0,0,3.691056675672097e-05,293.15,6.07540671533363e-06,-1.60200727238282,7.382113351344196,0.2,-1.215087418473441,1.215081343066726,1,1,6.075406715333631,-6.075406715333631,0,6.075406715333631,0.386919853909379,0.386919853909379,6.075406715333631,-6.075406715333631,-6.07540671533363e-06,6.075406715333631,0,-6.075406715333631,0.386919853909379,6.075406715333631,-1.215087418473441,6.075406715333631,6.075406715333631,-6.075406715333631,6.075406715333631,-6.07540671533363e-06,1
10.05,1.277032189730705,5.772017474999259,5.772017474999259,-2.431441456748032,0,0,3.331618573169681e-05,293.15,5.772017474999258e-06,-2.431441456748032,6.663237146339364,0.2,-1.154409267017327,1.154403494999852,1,1,5.772017474999259,-5.772017474999259,0,5.772017474999259,1.277032189730705,1.277032189730705,5.772017474999259,-5.772017474999259,-5.772017474999258e-06,5.772017474999259,0,-5.772017474999259,1.277032189730705,5.772017474999259,-1.154409267017327,5.772017474999259,5.772017474999259,-5.772017474999259,5.772017474999259,-5.772017474999258e-06,1
10.2,2.112584056569343,5.349892896586144,5.349892896586144,-3.182567985779468,0,0,2.862135400494288e-05,293.15,5.349892896586143e-06,-3.182567985779468,5.724270800988576,0.2,-1.069983929210125,1.069978579317229,1,1,5.349892896586144,-5.349892896586144,0,5.349892896586144,2.112584056569343,2.112584056569343,5.349892896586144,-5.349892896586144,-5.349892896586143e-06,5.349892896586144,0,-5.349892896586144,2.112584056569343,5.349892896586144,-1.069983929210125,5.349892896586144,5.349892896586144,-5.349892896586144,5.349892896586144,-5.349892896586143e-06,1
10.35,2.876701966332631,4.821881386662437,4.821881386662437,-3.841083065546505,0,0,2.325054010704166e-05,293.15,4.821881386662436e-06,-3.841083065546505,4.650108021408332,0.2,-0.9643810992138739,0.9643762773324873,1,1,4.821881386662437,-4.821881386662437,0,4.821881386662437,2.876701966332631,2.876701966332631,4.821881386662437,-4.821881386662437,-4.821881386662436e-06,4.821881386662437,0,-4.821881386662437,2.876701966332631,4.821881386662437,-0.9643810992138739,4.821881386662437,4.821881386662437,-4.821881386662437,4.821881386662437,-4.821881386662436e-06,1
10.5,3.554591553161825,4.202794295230682,4.202794295230682,-4.395154615002257,0,0,1.766347988802357e-05,293.15,4.202794295230683e-06,-4.395154615002257,3.532695977604714,0.2,-0.8405630618404318,0.8405588590461366,1,1,4.202794295230682,-4.202794295230682,0,4.202794295230682,3.554591553161825,3.554591553161825,4.202794295230682,-4.202794295230682,-4.202794295230683e-06,4.202794295230682,0,-4.202794295230682,3.554591553161825,4.202794295230682,-0.8405630618404318,4.202794295230682,4.202794295230682,-4.202794295230682,4.202794295230682,-4.202794295230683e-06,1
10.65,4.133803405581383,3.509020200720205,3.509020200720205,-4.835610954745625,0,0,1.231322276906247e-05,293.15,3.509020200720205e-06,-4.835610954745625,2.462644553812494,0.2,-0.7018075491642418,0.7018040401440411,1,1,3.509020200720205,-3.509020200720205,0,3.509020200720205,4.133803405581383,4.133803405581383,3.509020200720205,-3.509020200720205,-3.509020200720205e-06,3.509020200720205,0,-3.509020200720205,4.133803405581383,3.509020200720205,-0.7018075491642418,3.509020200720205,3.509020200720205,-3.509020200720205,3.509020200720205,-3.509020200720205e-06,1
10.8,4.60443926189337,2.758115736885288,2.758115736885288,-5.156065167386165,0,0,7.607202418054277e-06,293.15,2.758115736885288e-06,-5.156065167386165,1.521440483610856,0.2,-0.5516259054927947,0.5516231473770578,1,1,2.758115736885288,-2.758115736885288,0,2.758115736885288,4.60443926189337,4.60443926189337,2.758115736885288,-2.758115736885288,-2.758115736885288e-06,2.758115736885288,0,-2.758115736885288,4.60443926189337,2.758115736885288,-0.5516259054927947,2.758115736885288,2.758115736885288,-2.758115736885288,2.758115736885288,-2.758115736885288e-06,1
10.95,4.959295564218975,1.968382620068374,1.968382620068374,-5.352974056615269,0,0,3.874530138987238e-06,293.15,1.968382620068374e-06,-5.352974056615269,0.7749060277974475,0.2,-0.3936784923962949,0.3936765240136749,1,1,1.968382620068374,-1.968382620068374,0,1.968382620068374,4.959295564218975,4.959295564218975,1.968382620068374,-1.968382620068374,-1.968382620068374e-06,1.968382620068374,0,-1.968382620068374,4.959295564218975,1.968382620068374,-0.3936784923962949,1.968382620068374,1.968382620068374,-1.968382620068374,1.968382620068374,-1.968382620068374e-06,1
11.1,5.193943198667042,1.158440718716762,1.158440718716762,-5.425632500851113,0,0,1.341984898781009e-06,293.15,1.158440718716762e-06,-5.425632500851113,0.2683969797562017,0.2,-0.2316893021840712,0.2316881437433524,1,1,1.158440718716762,-1.158440718716762,0,1.158440718716762,5.193943198667042,5.193943198667042,1.158440718716762,-1.158440718716762,-1.158440718716762e-06,1.158440718716762,0,-1.158440718716762,5.193943198667042,1.158440718716762,-0.2316893021840712,1.158440718716762,1.158440718716762,-1.158440718716762,1.158440718716762,-1.158440718716762e-06,1
11.25,5.306743456653291,0.3468067098769204,0.3468067098769204,-5.376105145435385,0,0,1.202748940156544e-07,293.15,3.468067098769203e-07,-5.376105145435385,0.02405497880313088,0.2,-0.06936168878209395,0.06936134197538407,1,1,0.3468067098769204,-0.3468067098769204,0,0.3468067098769204,5.306743456653291,5.306743456653291,0.3468067098769204,-0.3468067098769204,-3.468067098769203e-07,0.3468067098769204,0,-0.3468067098769204,5.306743456653291,0.3468067098769204,-0.06936168878209395,0.3468067098769204,0.3468067098769204,-0.3468067098769204,0.3468067098769204,-3.468067098769203e-07,1
11.4,5.298801883690536,-0.4485125527575891,-0.4485125527575891,-5.209098924626465,0,0,2.011635099811291e-07,293.15,-4.485125527575891e-07,-5.209098924626465,0.04023270199622583,0.2,0.08970295906407058,-0.08970251055151782,1,1,-0.4485125527575891,0.4485125527575891,0,-0.4485125527575891,5.298801883690536,5.298801883690536,-0.4485125527575891,0.4485125527575891,4.485125527575891e-07,-0.4485125527575891,0,0.4485125527575891,5.298801883690536,-0.4485125527575891,0.08970295906407058,-0.4485125527575891,-0.4485125527575891,0.4485125527575891,-0.4485125527575891,4.485125527575891e-07,1
11.55,5.173862676037314,-1.21040335766391,-1.21040335766391,-4.931780794101174,0,0,1.465076288244067e-06,293.15,-1.21040335766391e-06,-4.931780794101174,0.2930152576488134,0.2,0.2420818819361397,-0.242080671532782,1,1,-1.21040335766391,1.21040335766391,0,-1.21040335766391,5.173862676037314,5.173862676037314,-1.21040335766391,1.21040335766391,1.21040335766391e-06,-1.21040335766391,0,1.21040335766391,5.173862676037314,-1.21040335766391,0.2420818819361397,-1.21040335766391,-1.21040335766391,1.21040335766391,-1.21040335766391,1.21040335766391e-06,1
11.7,4.938147862645264,-1.922997368844812,-1.922997368844812,-4.553546465878933,0,0,3.697918880584071e-06,293.15,-1.922997368844812e-06,-4.553546465878933,0.7395837761168143,0.2,0.3846013967663313,-0.3845994737689625,1,1,-1.922997368844812,1.922997368844812,0,-1.922997368844812,4.938147862645264,4.938147862645264,-1.922997368844812,1.922997368844812,1.922997368844812e-06,-1.922997368844812,0,1.922997368844812,4.938147862645264,-1.922997368844812,0.3846013967663313,-1.922997368844812,-1.922997368844812,1.922997368844812,-1.922997368844812,1.922997368844812e-06,1
11.85,4.600146396731908,-2.571985871690678,-2.571985871690678,-4.085746650407901,0,0,6.615111324176457e-06,293.15,-2.571985871690678e-06,-4.085746650407901,1.323022264835291,0.2,0.5143997463240073,-0.5143971743381356,1,1,-2.571985871690678,2.571985871690678,0,-2.571985871690678,4.600146396731908,4.600146396731908,-2.571985871690678,2.571985871690678,2.571985871690678e-06,-2.571985871690678,0,2.571985871690678,4.600146396731908,-2.571985871690678,0.5143997463240073,-2.571985871690678,-2.571985871690678,2.571985871690678,-2.571985871690678,2.571985871690678e-06,1
12,4.170359387115558,-3.1448902881044,-3.1448902881044,-3.541378184604389,0,0,9.890334924213375e-06,293.15,-3.1448902881044e-06,-3.541378184604389,1.978066984842676,0.2,0.6289812025111682,-0.6289780576208801,1,1,-3.1448902881044,3.1448902881044,0,-3.1448902881044,4.170359387115558,4.170359387115558,-3.1448902881044,3.1448902881044,3.1448902881044e-06,-3.1448902881044,0,3.1448902881044,4.170359387115558,-3.1448902881044,0.6289812025111682,-3.1448902881044,-3.1448902881044,3.1448902881044,-3.1448902881044,3.1448902881044e-06,1
12.15,3.661008273904742,-3.63128414977474,-3.63128414977474,-2.934747812665644,0,0,1.318622457640525e-05,293.15,-3.631284149774739e-06,-2.934747812665644,2.637244915281051,0.2,0.7262604612390978,-0.726256829954948,1,1,-3.63128414977474,3.63128414977474,0,-3.63128414977474,3.661008273904742,3.661008273904742,-3.63128414977474,3.63128414977474,3.631284149774739e-06,-3.63128414977474,0,3.63128414977474,3.661008273904742,-3.63128414977474,0.7262604612390978,-3.63128414977474,-3.63128414977474,3.63128414977474,-3.63128414977474,3.631284149774739e-06,1
12.3,3.085713594301819,-4.022963127389374,-4.022963127389374,-2.281116945860817,0,0,1.61842323243345e-05,293.15,-4.022963127389374e-06,-2.281116945860817,3.2368464648669,0.2,0.8045966484410023,-0.8045926254778749,1,1,-4.022963127389374,4.022963127389374,0,-4.022963127389374,3.085713594301819,3.085713594301819,-4.022963127389374,4.022963127389374,4.022963127389374e-06,-4.022963127389374,0,4.022963127389374,3.085713594301819,-4.022963127389374,0.8045966484410023,-4.022963127389374,-4.022963127389374,4.022963127389374,-4.022963127389374,4.022963127389374e-06,1
12.45,2.459152285290775,-4.314060846279375,-4.314060846279375,-1.596335801974054,0,0,1.861112098540072e-05,293.15,-4.314060846279375e-06,-1.596335801974054,3.722224197080144,0.2,0.8628164833167213,-0.862812169255875,1,1,-4.314060846279375,4.314060846279375,0,-4.314060846279375,2.459152285290775,2.459152285290775,-4.314060846279375,4.314060846279375,4.314060846279375e-06,-4.314060846279375,0,4.314060846279375,2.459152285290775,-4.314060846279375,0.8628164833167213,-4.314060846279375,-4.314060846279375,4.314060846279375,-4.314060846279375,4.314060846279375e-06,1
12.6,1.796701758270021,-4.501109623919147,-4.501109623919147,-0.8964753323765675,0,0,2.025998784653756e-05,293.15,-4.501109623919147e-06,-0.8964753323765675,4.051997569307513,0.2,0.9002264258934534,-0.9002219247838295,1,1,-4.501109623919147,4.501109623919147,0,-4.501109623919147,1.796701758270021,1.796701758270021,-4.501109623919147,4.501109623919147,4.501109623919147e-06,-4.501109623919147,0,4.501109623919147,1.796701758270021,-4.501109623919147,0.9002264258934534,-4.501109623919147,-4.501109623919147,4.501109623919147,-4.501109623919147,4.501109623919147e-06,1
12.75,1.114078971104594,-4.583046276650625,-4.583046276650625,-0.197465132728192,0,0,2.100431317392116e-05,293.15,-4.583046276650625e-06,-0.197465132728192,4.200862634784232,0.2,0.9166138383764018,-0.9166092553301252,1,1,-4.583046276650625,4.583046276650625,0,-4.583046276650625,1.114078971104594,1.114078971104594,-4.583046276650625,4.583046276650625,4.583046276650625e-06,-4.583046276650625,0,4.583046276650625,1.114078971104594,-4.583046276650625,0.9166138383764018,-4.583046276650625,-4.583046276650625,4.583046276650625,-4.583046276650625,4.583046276650625e-06,1
12.9,0.4269826657863117,-4.561164575102068,-4.561164575102068,0.485254810398677,0,0,2.080422228116603e-05,293.15,-4.561164575102068e-06,0.485254810398677,4.160844456233206,0.2,0.9122374761849887,-0.9122329150204136,1,1,-4.561164575102068,4.561164575102068,0,-4.561164575102068,0.4269826657863117,0.4269826657863117,-4.561164575102068,4.561164575102068,4.561164575102068e-06,-4.561164575102068,0,4.561164575102068,0.4269826657863117,-4.561164575102068,0.9122374761849887,-4.561164575102068,-4.561164575102068,4.561164575102068,-4.561164575102068,4.561164575102068e-06,1
13.05,-0.2492534063958881,-4.439016943874798,-4.439016943874798,1.137061234187792,0,0,1.970487142800755e-05,293.15,-4.439016943874798e-06,1.137061234187792,3.940974285601511,0.2,0.8878078277919036,-0.8878033887749597,1,1,-4.439016943874798,4.439016943874798,0,-4.439016943874798,-0.2492534063958881,-0.2492534063958881,-4.439016943874798,4.439016943874798,4.439016943874798e-06,-4.439016943874798,0,4.439016943874798,-0.2492534063958881,-4.439016943874798,0.8878078277919036,-4.439016943874798,-4.439016943874798,4.439016943874798,-4.439016943874798,4.439016943874798e-06,1
13.2,-0.8999889576446202,-4.22226914903663,-4.22226914903663,1.744447009721095,0,0,1.782755676690651e-05,293.15,-4.22226914903663e-06,1.744447009721095,3.565511353381302,0.2,0.8444580520764752,-0.8444538298073261,1,1,-4.22226914903663,4.22226914903663,0,-4.22226914903663,-0.8999889576446202,-0.8999889576446202,-4.22226914903663,4.22226914903663,4.22226914903663e-06,-4.22226914903663,0,4.22226914903663,-0.8999889576446202,-4.22226914903663,0.8444580520764752,-4.22226914903663,-4.22226914903663,4.22226914903663,-4.22226914903663,4.22226914903663e-06,1
13.35,-1.511580574959754,-3.918512471515752,-3.918512471515752,2.295286987775375,0,0,1.535473998942449e-05,293.15,-3.918512471515751e-06,2.295286987775375,3.070947997884898,0.2,0.7837064128156219,-0.7837024943031504,1,1,-3.918512471515752,3.918512471515752,0,-3.918512471515752,-1.511580574959754,-1.511580574959754,-3.918512471515752,3.918512471515752,3.918512471515751e-06,-3.918512471515752,0,3.918512471515752,-1.511580574959754,-3.918512471515752,0.7837064128156219,-3.918512471515752,-3.918512471515752,3.918512471515752,-3.918512471515752,3.918512471515751e-06,1
13.5,-2.071654106740517,-3.537038842747014,-3.537038842747014,2.779065412328762,0,0,1.251064377510114e-05,293.15,-3.537038842747014e-06,2.779065412328762,2.502128755020228,0.2,0.7074113055882456,-0.7074077685494029,1,1,-3.537038842747014,3.537038842747014,0,-3.537038842747014,-2.071654106740517,-2.071654106740517,-3.537038842747014,3.537038842747014,3.537038842747014e-06,-3.537038842747014,0,3.537038842747014,-2.071654106740517,-3.537038842747014,0.7074113055882456,-3.537038842747014,-3.537038842747014,3.537038842747014,-3.537038842747014,3.537038842747014e-06,1
13.65,-2.569340902976228,-3.088584998899721,-3.088584998899721,3.187060991341171,0,0,9.53935729542839e-06,293.15,-3.088584998899721e-06,3.187060991341171,1.907871459085678,0.2,0.6177200883649432,-0.6177169997799443,1,1,-3.088584998899721,3.088584998899721,0,-3.088584998899721,-2.569340902976228,-2.569340902976228,-3.088584998899721,3.088584998899721,3.088584998899721e-06,-3.088584998899721,0,3.088584998899721,-2.569340902976228,-3.088584998899721,0.6177200883649432,-3.088584998899721,-3.088584998899721,3.088584998899721,-3.088584998899721,3.088584998899721e-06,1
13.8,-2.995473807208118,-2.585052255767245,-2.585052255767245,3.512486843413822,0,0,6.68249516504732e-06,293.15,-2.585052255767245e-06,3.512486843413822,1.336499033009464,0.2,0.5170130362057048,-0.517010451153449,1,1,-2.585052255767245,2.585052255767245,0,-2.585052255767245,-2.995473807208118,-2.995473807208118,-2.585052255767245,2.585052255767245,2.585052255767245e-06,-2.585052255767245,0,2.585052255767245,-2.995473807208118,-2.585052255767245,0.5170130362057048,-2.585052255767245,-2.585052255767245,2.585052255767245,-2.585052255767245,2.585052255767245e-06,1
13.95,-3.342739681875324,-2.039208771903664,-2.039208771903664,3.750583475464828,0,0,4.15837241540885e-06,293.15,-2.039208771903664e-06,3.750583475464828,0.8316744830817699,0.2,0.4078437935895047,-0.4078417543807328,1,1,-2.039208771903664,2.039208771903664,0,-2.039208771903664,-3.342739681875324,-3.342739681875324,-2.039208771903664,2.039208771903664,2.039208771903664e-06,-2.039208771903664,0,2.039208771903664,-3.342739681875324,-2.039208771903664,0.4078437935895047,-2.039208771903664,-2.039208771903664,2.039208771903664,-2.039208771903664,2.039208771903664e-06,1
14.1,-3.605786405160052,-1.464381439349313,-1.464381439349313,3.898664157411354,0,0,2.144412999910765e-06,293.15,-1.464381439349313e-06,3.898664157411354,0.4288825999821531,0.2,0.2928777522513019,-0.2928762878698626,1,1,-1.464381439349313,1.464381439349313,0,-1.464381439349313,-3.605786405160052,-3.605786405160052,-1.464381439349313,1.464381439349313,1.464381439349313e-06,-1.464381439349313,0,1.464381439349313,-3.605786405160052,-1.464381439349313,0.2928777522513019,-1.464381439349313,-1.464381439349313,1.464381439349313,-1.464381439349313,1.464381439349313e-06,1
14.25,-3.78128331030801,-0.8741445266882573,-0.8741445266882573,3.956113089790188,0,0,7.641286535390372e-07,293.15,-8.741445266882572e-07,3.956113089790188,0.1528257307078075,0.2,0.1748297794821781,-0.1748289053376515,1,1,-0.8741445266882573,0.8741445266882573,0,-0.8741445266882573,-3.78128331030801,-3.78128331030801,-0.8741445266882573,0.8741445266882573,8.741445266882572e-07,-0.8741445266882573,0,0.8741445266882573,-3.78128331030801,-0.8741445266882573,0.1748297794821781,-0.8741445266882573,-0.8741445266882573,0.8741445266882573,-0.8741445266882573,8.741445266882572e-07,1
14.4,-3.867935157965075,-0.2820120471705735,-0.2820120471705735,3.924337849411237,0,0,7.953079474933776e-08,293.15,-2.820120471705735e-07,3.924337849411237,0.01590615894986756,0.2,0.05640269144616188,-0.0564024094341147,1,1,-0.2820120471705735,0.2820120471705735,0,-0.2820120471705735,-3.867935157965075,-3.867935157965075,-0.2820120471705735,0.2820120471705735,2.820120471705735e-07,-0.2820120471705735,0,0.2820120471705735,-3.867935157965075,-0.2820120471705735,0.05640269144616188,-0.2820120471705735,-0.2820120471705735,0.2820120471705735,-0.2820120471705735,2.820120471705735e-07,1
14.55,-3.866450631451928,0.2988594537779117,0.2988594537779117,3.806678441836892,0,0,8.931697311243175e-08,293.15,2.988594537779117e-07,3.806678441836892,0.01786339462248635,0.2,-0.05977218961503612,0.05977189075558235,1,1,0.2988594537779117,-0.2988594537779117,0,0.2988594537779117,-3.866450631451928,-3.866450631451928,0.2988594537779117,-0.2988594537779117,-2.988594537779117e-07,0.2988594537779117,0,-0.2988594537779117,-3.866450631451928,0.2988594537779117,-0.05977218961503612,0.2988594537779117,0.2988594537779117,-0.2988594537779117,0.2988594537779117,-2.988594537779117e-07,1
14.7,-3.779467422992052,0.855951411975157,0.855951411975157,3.608276284645608,0,0,7.326528196622648e-07,293.15,8.559514119751569e-07,3.608276284645608,0.146530563932453,0.2,-0.1711911383464434,0.1711902823950314,1,1,0.855951411975157,-0.855951411975157,0,0.855951411975157,-3.779467422992052,-3.779467422992052,0.855951411975157,-0.855951411975157,-8.559514119751569e-07,0.855951411975157,0,-0.855951411975157,-3.779467422992052,0.855951411975157,-0.1711911383464434,0.855951411975157,0.855951411975157,-0.855951411975157,0.855951411975157,-8.559514119751569e-07,1
14.85,-3.611436856206881,1.377641343080646,1.377641343080646,3.335907209949409,0,0,1.897895670165045e-06,293.15,1.377641343080646e-06,3.335907209949409,0.3795791340330091,0.2,-0.2755296462574722,0.2755282686161292,1,1,1.377641343080646,-1.377641343080646,0,1.377641343080646,-3.611436856206881,-3.611436856206881,1.377641343080646,-1.377641343080646,-1.377641343080646e-06,1.377641343080646,0,-1.377641343080646,-3.611436856206881,1.377641343080646,-0.2755296462574722,1.377641343080646,1.377641343080646,-1.377641343080646,1.377641343080646,-1.377641343080646e-06,1
15,-3.368471822492367,1.853433510366165,1.853433510366165,2.997783266985624,0,0,3.435215777348244e-06,293.15,1.853433510366165e-06,2.997783266985624,0.6870431554696489,0.2,-0.3706885555067433,0.370686702073233,1,1,1.853433510366165,-1.853433510366165,0,1.853433510366165,-3.368471822492367,-3.368471822492367,1.853433510366165,-1.853433510366165,-1.853433510366165e-06,1.853433510366165,0,-1.853433510366165,-3.368471822492367,1.853433510366165,-0.3706885555067433,1.853433510366165,1.853433510366165,-1.853433510366165,1.853433510366165,-1.853433510366165e-06,1
15.15,-3.058162427114882,2.274157838828003,2.274157838828003,2.603328585191443,0,0,5.171793875902852e-06,293.15,2.274157838828003e-06,2.603328585191443,1.034358775180571,0.2,-0.4548338419234394,0.4548315677656006,1,1,2.274157838828003,-2.274157838828003,0,2.274157838828003,-3.058162427114882,-3.058162427114882,2.274157838828003,-2.274157838828003,-2.274157838828003e-06,2.274157838828003,0,-2.274157838828003,-3.058162427114882,2.274157838828003,-0.4548338419234394,2.274157838828003,2.274157838828003,-2.274157838828003,2.274157838828003,-2.274157838828003e-06,1
15.3,-2.689364395942618,2.632133610039265,2.632133610039265,2.162935041801155,0,0,6.928127341098334e-06,293.15,2.632133610039265e-06,2.162935041801155,1.385625468219667,0.2,-0.5264293541414631,0.526426722007853,1,1,2.632133610039265,-2.632133610039265,0,2.632133610039265,-2.689364395942618,-2.689364395942618,2.632133610039265,-2.632133610039265,-2.632133610039265e-06,2.632133610039265,0,-2.632133610039265,-2.689364395942618,2.632133610039265,-0.5264293541414631,2.632133610039265,2.632133610039265,-2.632133610039265,2.632133610039265,-2.632133610039265e-06,1
15.45,-2.271965742296712,2.921295363981742,2.921295363981742,1.687703748205,0,0,8.533966603621217e-06,293.15,2.921295363981742e-06,1.687703748205,1.706793320724243,0.2,-0.5842619940917123,0.5842590727963484,1,1,2.921295363981742,-2.921295363981742,0,2.921295363981742,-2.271965742296712,-2.271965742296712,2.921295363981742,-2.921295363981742,-2.921295363981742e-06,2.921295363981742,0,-2.921295363981742,-2.271965742296712,2.921295363981742,-0.5842619940917123,2.921295363981742,2.921295363981742,-2.921295363981742,2.921295363981742,-2.921295363981742e-06,1
15.6,-1.816637502099784,3.1372793708793,3.1372793708793,1.189178490644553,0,0,9.842521850944813e-06,293.15,3.137279370879299e-06,1.189178490644553,1.968504370188963,0.2,-0.6274590114552309,0.62745587417586,1,1,3.1372793708793,-3.1372793708793,0,3.1372793708793,-1.816637502099784,-1.816637502099784,3.1372793708793,-3.1372793708793,-3.137279370879299e-06,3.1372793708793,0,-3.1372793708793,-1.816637502099784,3.1372793708793,-0.6274590114552309,3.1372793708793,3.1372793708793,-3.1372793708793,3.1372793708793,-3.137279370879299e-06,1
15.75,-1.33457449907094,3.277469886129158,3.277469886129158,0.6790772443752219,0,0,1.074180885448347e-05,293.15,3.277469886129157e-06,0.6790772443752219,2.148361770896695,0.2,-0.6554972546957177,0.6554939772258316,1,1,3.277469886129158,-3.277469886129158,0,3.277469886129158,-1.33457449907094,-1.33457449907094,3.277469886129158,-3.277469886129158,-3.277469886129157e-06,3.277469886129158,0,-3.277469886129158,-1.33457449907094,3.277469886129158,-0.6554972546957177,3.277469886129158,3.277469886129158,-3.277469886129158,3.277469886129158,-3.277469886129157e-06,1
15.9,-0.8372321824045423,3.341005348932578,3.341005348932578,0.1690277716126778,0,0,1.11623167415961e-05,293.15,3.341005348932578e-06,0.1690277716126778,2.232463348319219,0.2,-0.6682044107918645,0.6682010697865156,1,1,3.341005348932578,-3.341005348932578,0,3.341005348932578,-0.8372321824045423,-0.8372321824045423,3.341005348932578,-3.341005348932578,-3.341005348932578e-06,3.341005348932578,0,-3.341005348932578,-0.8372321824045423,3.341005348932578,-0.6682044107918645,3.341005348932578,3.341005348932578,-3.341005348932578,3.341005348932578,-3.341005348932578e-06,1
16.05,-0.3360654849096182,3.328745591720034,3.328745591720034,-0.3296869621799803,0,0,1.108054721439556e-05,293.15,3.328745591720034e-06,-0.3296869621799803,2.216109442879112,0.2,-0.6657524470895986,0.6657491183440069,1,1,3.328745591720034,-3.328745591720034,0,3.328745591720034,-0.3360654849096182,-0.3360654849096182,3.328745591720034,-3.328745591720034,-3.328745591720034e-06,3.328745591720034,0,-3.328745591720034,-0.3360654849096182,3.328745591720034,-0.6657524470895986,3.328745591720034,3.328745591720034,-3.328745591720034,3.328745591720034,-3.328745591720034e-06,1
16.2,0.1577245941110085,3.243201955893321,3.243201955893321,-0.8063682284916286,0,0,1.051835892671026e-05,293.15,3.243201955893321e-06,-0.8063682284916286,2.103671785342053,0.2,-0.6486436343806201,0.6486403911786642,1,1,3.243201955893321,-3.243201955893321,0,3.243201955893321,0.1577245941110085,0.1577245941110085,3.243201955893321,-3.243201955893321,-3.243201955893321e-06,3.243201955893321,0,-3.243201955893321,0.1577245941110085,3.243201955893321,-0.6486436343806201,3.243201955893321,3.243201955893321,-3.243201955893321,3.243201955893321,-3.243201955893321e-06,1
16.35,0.6334313044096058,3.088432924801078,3.088432924801078,-1.251120977802746,0,0,9.538417930995339e-06,293.15,3.088432924801078e-06,-1.251120977802746,1.907683586199068,0.2,-0.6176896733931404,0.6176865849602156,1,1,3.088432924801078,-3.088432924801078,0,3.088432924801078,0.6334313044096058,0.6334313044096058,3.088432924801078,-3.088432924801078,-3.088432924801078e-06,3.088432924801078,0,-3.088432924801078,0.6334313044096058,3.088432924801078,-0.6176896733931404,3.088432924801078,3.088432924801078,-3.088432924801078,3.088432924801078,-3.088432924801078e-06,1
16.5,1.081064413710119,2.869908594922942,2.869908594922942,-1.655049002603302,0,0,8.236375343212573e-06,293.15,2.869908594922941e-06,-1.655049002603302,1.647275068642515,0.2,-0.5739845888931833,0.5739817189845884,1,1,2.869908594922942,-2.869908594922942,0,2.869908594922942,1.081064413710119,1.081064413710119,2.869908594922942,-2.869908594922942,-2.869908594922941e-06,2.869908594922942,0,-2.869908594922942,1.081064413710119,2.869908594922942,-0.5739845888931833,2.869908594922942,2.869908594922942,-2.869908594922942,2.869908594922942,-2.869908594922941e-06,1
16.65,1.491550050985347,2.594347931718656,2.594347931718656,-2.01042223167701,0,0,6.730641190812871e-06,293.15,2.594347931718656e-06,-2.01042223167701,1.346128238162574,0.2,-0.518872180691663,0.5188695863437313,1,1,2.594347931718656,-2.594347931718656,0,2.594347931718656,1.491550050985347,1.491550050985347,2.594347931718656,-2.594347931718656,-2.594347931718656e-06,2.594347931718656,0,-2.594347931718656,1.491550050985347,2.594347931718656,-0.518872180691663,2.594347931718656,2.594347931718656,-2.594347931718656,2.594347931718656,-2.594347931718656e-06,1
16.8,1.856904382312329,2.269533216102657,2.269533216102657,-2.310813295066076,0,0,5.150781018993268e-06,293.15,2.269533216102656e-06,-2.310813295066076,1.030156203798654,0.2,-0.4539089127537475,0.4539066432205314,1,1,2.269533216102657,-2.269533216102657,0,2.269533216102657,1.856904382312329,1.856904382312329,2.269533216102657,-2.269533216102657,-2.269533216102656e-06,2.269533216102657,0,-2.269533216102657,1.856904382312329,2.269533216102657,-0.4539089127537475,2.269533216102657,2.269533216102657,-2.269533216102657,2.269533216102657,-2.269533216102656e-06,1
16.95,2.170378041644134,1.904106442683047,1.904106442683047,-2.551201234287186,0,0,3.625621345067087e-06,293.15,1.904106442683047e-06,-2.551201234287186,0.7251242690134175,0.2,-0.3808231926430521,0.3808212885366094,1,1,1.904106442683047,-1.904106442683047,0,1.904106442683047,2.170378041644134,2.170378041644134,1.904106442683047,-1.904106442683047,-1.904106442683047e-06,1.904106442683047,0,-1.904106442683047,2.170378041644134,1.904106442683047,-0.3808231926430521,1.904106442683047,1.904106442683047,-1.904106442683047,1.904106442683047,-1.904106442683047e-06,1
17.1,2.42656896120214,1.507352704808516,1.507352704808516,-2.728041009516548,0,0,2.272112176693548e-06,293.15,1.507352704808516e-06,-2.728041009516548,0.4544224353387096,0.2,-0.3014720483144079,0.3014705409617031,1,1,1.507352704808516,-1.507352704808516,0,1.507352704808516,2.42656896120214,2.42656896120214,1.507352704808516,-1.507352704808516,-1.507352704808516e-06,1.507352704808516,0,-1.507352704808516,2.42656896120214,1.507352704808516,-0.3014720483144079,1.507352704808516,1.507352704808516,-1.507352704808516,1.507352704808516,-1.507352704808516e-06,1
17.25,2.621502063306328,1.088975764065081,1.088975764065081,-2.839298305095109,0,0,1.185868214721128e-06,293.15,1.088975764065081e-06,-2.839298305095109,0.2371736429442256,0.2,-0.2177962417887804,0.2177951528130163,1,1,1.088975764065081,-1.088975764065081,0,1.088975764065081,2.621502063306328,2.621502063306328,1.088975764065081,-1.088975764065081,-1.088975764065081e-06,1.088975764065081,0,-1.088975764065081,2.621502063306328,1.088975764065081,-0.2177962417887804,1.088975764065081,1.088975764065081,-1.088975764065081,1.088975764065081,-1.088975764065081e-06,1
17.4,2.752675038935506,0.6588709911492725,0.6588709911492725,-2.884449896036351,0,0,4.341109829780247e-07,293.15,6.588709911492725e-07,-2.884449896036351,0.08682219659560494,0.2,-0.1317748571008457,0.1317741982298545,1,1,0.6588709911492725,-0.6588709911492725,0,0.6588709911492725,2.752675038935506,2.752675038935506,0.6588709911492725,-0.6588709911492725,-6.588709911492725e-07,0.6588709911492725,0,-0.6588709911492725,2.752675038935506,0.6588709911492725,-0.1317748571008457,0.6588709911492725,0.6588709911492725,-0.6588709911492725,0.6588709911492725,-6.588709911492725e-07,1
17.55,2.819070194024589,0.2269007709387822,0.2269007709387822,-2.864450575113117,0,0,5.148395985261371e-08,293.15,2.269007709387822e-07,-2.864450575113117,0.01029679197052274,0.2,-0.04538038108852738,0.04538015418775644,1,1,0.2269007709387822,-0.2269007709387822,0,0.2269007709387822,2.819070194024589,2.819070194024589,0.2269007709387822,-0.2269007709387822,-2.269007709387822e-07,0.2269007709387822,0,-0.2269007709387822,2.819070194024589,0.2269007709387822,-0.04538038108852738,0.2269007709387822,0.2269007709387822,-0.2269007709387822,0.2269007709387822,-2.269007709387822e-07,1
17.7,2.821133073539202,-0.1973227215881042,-0.1973227215881042,-2.781668331898859,0,0,3.893625645493647e-08,293.15,-1.973227215881042e-07,-2.781668331898859,0.007787251290987295,0.2,0.03946474164034242,-0.03946454431762084,1,1,-0.1973227215881042,0.1973227215881042,0,-0.1973227215881042,2.821133073539202,2.821133073539202,-0.1973227215881042,0.1973227215881042,1.973227215881042e-07,-0.1973227215881042,0,0.1973227215881042,2.821133073539202,-0.1973227215881042,0.03946474164034242,-0.1973227215881042,-0.1973227215881042,0.1973227215881042,-0.1973227215881042,1.973227215881042e-07,1
17.85,2.760719355510606,-0.6046427846277512,-0.6046427846277512,-2.639790193942271,0,0,3.655928970024012e-07,293.15,-6.046427846277512e-07,-2.639790193942271,0.07311857940048024,0.2,0.1209291615683349,-0.1209285569255503,1,1,-0.6046427846277512,0.6046427846277512,0,-0.6046427846277512,2.760719355510606,2.760719355510606,-0.6046427846277512,0.6046427846277512,6.046427846277512e-07,-0.6046427846277512,0,0.6046427846277512,2.760719355510606,-0.6046427846277512,0.1209291615683349,-0.6046427846277512,-0.6046427846277512,0.6046427846277512,-0.6046427846277512,6.046427846277512e-07,1
18,2.641012125166622,-0.9865473138510584,-0.9865473138510584,-2.443701675849096,0,0,9.732756024667387e-07,293.15,-9.865473138510585e-07,-2.443701675849096,0.1946551204933478,0.2,0.1973104493175255,-0.1973094627702117,1,1,-0.9865473138510584,0.9865473138510584,0,-0.9865473138510584,2.641012125166622,2.641012125166622,-0.9865473138510584,0.9865473138510584,9.865473138510585e-07,-0.9865473138510584,0,0.9865473138510584,2.641012125166622,-0.9865473138510584,0.1973104493175255,-0.9865473138510584,-0.9865473138510584,0.9865473138510584,-0.9865473138510584,9.865473138510585e-07,1
18.15,2.466412230160266,-1.335338086159539,-1.335338086159539,-2.199343277590271,0,0,1.783127804348221e-06,293.15,-1.335338086159539e-06,-2.199343277590271,0.3566255608696444,0.2,0.2670689525699941,-0.2670676172319079,1,1,-1.335338086159539,1.335338086159539,0,-1.335338086159539,2.466412230160266,2.466412230160266,-1.335338086159539,1.335338086159539,1.335338086159539e-06,-1.335338086159539,0,1.335338086159539,2.466412230160266,-1.335338086159539,0.2670689525699941,-1.335338086159539,-1.335338086159539,1.335338086159539,-1.335338086159539,1.335338086159539e-06,1
18.3,2.24240491090759,-1.644277015609532,-1.644277015609532,-1.913547863508668,0,0,2.703646904061789e-06,293.15,-1.644277015609532e-06,-1.913547863508668,0.5407293808123579,0.2,0.328857047398922,-0.3288554031219064,1,1,-1.644277015609532,1.644277015609532,0,-1.644277015609532,2.24240491090759,2.24240491090759,-1.644277015609532,1.644277015609532,1.644277015609532e-06,-1.644277015609532,0,1.644277015609532,2.24240491090759,-1.644277015609532,0.328857047398922,-1.644277015609532,-1.644277015609532,1.644277015609532,-1.644277015609532,1.644277015609532e-06,1
18.45,1.975406394964182,-1.907706848189628,-1.907706848189628,-1.593863117619408,0,0,3.639345418629605e-06,293.15,-1.907706848189628e-06,-1.593863117619408,0.7278690837259211,0.2,0.3815432773447739,-0.3815413696379257,1,1,-1.907706848189628,1.907706848189628,0,-1.907706848189628,1.975406394964182,1.975406394964182,-1.907706848189628,1.907706848189628,1.907706848189628e-06,-1.907706848189628,0,1.907706848189628,1.975406394964182,-1.907706848189628,0.3815432773447739,-1.907706848189628,-1.907706848189628,1.907706848189628,-1.907706848189628,1.907706848189628e-06,1
18.6,1.67259443130358,-2.121144382243261,-2.121144382243261,-1.248363433710546,0,0,4.499253490322146e-06,293.15,-2.121144382243261e-06,-1.248363433710546,0.8998506980644293,0.2,0.4242309975930345,-0.4242288764486523,1,1,-2.121144382243261,2.121144382243261,0,-2.121144382243261,1.67259443130358,1.67259443130358,-2.121144382243261,2.121144382243261,2.121144382243261e-06,-2.121144382243261,0,2.121144382243261,1.67259443130358,-2.121144382243261,0.4242309975930345,-2.121144382243261,-2.121144382243261,2.121144382243261,-2.121144382243261,2.121144382243261e-06,1
18.75,1.341726984946288,-2.281344972145475,-2.281344972145475,-0.8854557091722208,0,0,5.204534881933438e-06,293.15,-2.281344972145475e-06,-0.8854557091722208,1.040906976386688,0.2,0.4562712757740672,-0.456268994429095,1,1,-2.281344972145475,2.281344972145475,0,-2.281344972145475,1.341726984946288,1.341726984946288,-2.281344972145475,2.281344972145475,2.281344972145475e-06,-2.281344972145475,0,2.281344972145475,1.341726984946288,-2.281344972145475,0.4562712757740672,-2.281344972145475,-2.281344972145475,2.281344972145475,-2.281344972145475,2.281344972145475e-06,1
18.9,0.9909534417877899,-2.386337694805429,-2.386337694805429,-0.5136835164890092,0,0,5.694607593649288e-06,293.15,-2.386337694805429e-06,-0.5136835164890092,1.138921518729858,0.2,0.4772699252987806,-0.4772675389610858,1,1,-2.386337694805429,2.386337694805429,0,-2.386337694805429,0.9909534417877899,0.9909534417877899,-2.386337694805429,2.386337694805429,2.386337694805429e-06,-2.386337694805429,0,2.386337694805429,0.9909534417877899,-2.386337694805429,0.4772699252987806,-2.386337694805429,-2.386337694805429,2.386337694805429,-2.386337694805429,2.386337694805429e-06,1
19.05,0.628622777171947,-2.435431156261239,-2.435431156261239,-0.1415341104885429,0,0,5.931324916887957e-06,293.15,-2.435431156261239e-06,-0.1415341104885429,1.186264983377592,0.2,0.4870886666834042,-0.4870862312522479,1,1,-2.435431156261239,2.435431156261239,0,-2.435431156261239,0.628622777171947,0.628622777171947,-2.435431156261239,2.435431156261239,2.435431156261239e-06,-2.435431156261239,0,2.435431156261239,0.628622777171947,-2.435431156261239,0.4870886666834042,-2.435431156261239,-2.435431156261239,2.435431156261239,-2.435431156261239,2.435431156261239e-06,1
19.2,0.2630931632436673,-2.429190311112951,-2.429190311112951,0.222747328169234,0,0,5.900965567605034e-06,293.15,-2.429190311112951e-06,0.222747328169234,1.180193113521007,0.2,0.4858404914129013,-0.4858380622225902,1,1,-2.429190311112951,2.429190311112951,0,-2.429190311112951,0.2630931632436673,0.2630931632436673,-2.429190311112951,2.429190311112951,2.429190311112951e-06,-2.429190311112951,0,2.429190311112951,0.2630931632436673,-2.429190311112951,0.4858404914129013,-2.429190311112951,-2.429190311112951,2.429190311112951,-2.429190311112951,2.429190311112951e-06,1
19.35,-0.09745360989329721,-2.369389459710512,-2.369389459710512,0.5713338712248595,0,0,5.614006411787273e-06,293.15,-2.369389459710512e-06,0.5713338712248595,1.122801282357455,0.2,0.4738802613315622,-0.4738778919421025,1,1,-2.369389459710512,2.369389459710512,0,-2.369389459710512,-0.09745360989329721,-0.09745360989329721,-2.369389459710512,2.369389459710512,2.369389459710512e-06,-2.369389459710512,0,2.369389459710512,-0.09745360989329721,-2.369389459710512,0.4738802613315622,-2.369389459710512,-2.369389459710512,2.369389459710512,-2.369389459710512,2.369389459710512e-06,1
19.5,-0.4451880171157914,-2.258935222822989,-2.258935222822989,0.896977320615612,0,0,5.102788340910345e-06,293.15,-2.258935222822988e-06,0.896977320615612,1.020557668182069,0.2,0.4517893034998205,-0.4517870445645977,1,1,-2.258935222822989,2.258935222822989,0,-2.258935222822989,-0.4451880171157914,-0.4451880171157914,-2.258935222822989,2.258935222822989,2.258935222822988e-06,-2.258935222822989,0,2.258935222822989,-0.4451880171157914,-2.258935222822989,0.4517893034998205,-2.258935222822989,-2.258935222822989,2.258935222822989,-2.258935222822989,2.258935222822988e-06,1
19.65,-0.7727950803617688,-2.101768198900395,-2.101768198900395,1.193150821910047,0,0,4.417429561909009e-06,293.15,-2.101768198900395e-06,1.193150821910047,0.8834859123818019,0.2,0.4203557415482779,-0.4203536397800789,1,1,-2.101768198900395,2.101768198900395,0,-2.101768198900395,-0.7727950803617688,-0.7727950803617688,-2.101768198900395,2.101768198900395,2.101768198900395e-06,-2.101768198900395,0,2.101768198900395,-0.7727950803617688,-2.101768198900395,0.4203557415482779,-2.101768198900395,-2.101768198900395,2.101768198900395,-2.101768198900395,2.101768198900395e-06,1
19.8,-1.07362183855778,-1.902746371158768,-1.902746371158768,1.454173015535905,0,0,3.620443752957858e-06,293.15,-1.902746371158767e-06,1.454173015535905,0.7240887505915717,0.2,0.3805511769781247,-0.3805492742317536,1,1,-1.902746371158768,1.902746371158768,0,-1.902746371158768,-1.07362183855778,-1.07362183855778,-1.902746371158768,1.902746371158768,1.902746371158767e-06,-1.902746371158768,0,1.902746371158768,-1.07362183855778,-1.902746371158768,0.3805511769781247,-1.902746371158768,-1.902746371158768,1.902746371158768,-1.902746371158768,1.902746371158767e-06,1
19.95,-1.34180418778888,-1.667509964831532,-1.667509964831532,1.675307848265152,0,0,2.780589482812457e-06,293.15,-1.667509964831532e-06,1.675307848265152,0.5561178965624913,0.2,0.3335036604762712,-0.3335019929663064,1,1,-1.667509964831532,1.667509964831532,0,-1.667509964831532,-1.34180418778888,-1.34180418778888,-1.667509964831532,1.667509964831532,1.667509964831532e-06,-1.667509964831532,0,1.667509964831532,-1.34180418778888,-1.667509964831532,0.3335036604762712,-1.667509964831532,-1.667509964831532,1.667509964831532,-1.667509964831532,1.667509964831532e-06,1
20.1,-1.572373757233442,-1.402333928016396,-1.402333928016396,1.852841945170649,0,0,1.966540445665893e-06,293.15,-1.402333928016396e-06,1.852841945170649,0.3933080891331787,0.2,0.2804681879372072,-0.2804667856032791,1,1,-1.402333928016396,1.402333928016396,0,-1.402333928016396,-1.572373757233442,-1.572373757233442,-1.402333928016396,1.402333928016396,1.402333928016396e-06,-1.402333928016396,0,1.402333928016396,-1.572373757233442,-1.402333928016396,0.2804681879372072,-1.402333928016396,-1.402333928016396,1.402333928016396,-1.402333928016396,1.402333928016396e-06,1
20.25,-1.761340960274505,-1.11396996278852,-1.11396996278852,1.984136066802172,0,0,1.240929077995056e-06,293.15,-1.113969962788519e-06,1.984136066802172,0.2481858155990112,0.2,0.2227951065276667,-0.2227939925577039,1,1,-1.11396996278852,1.11396996278852,0,-1.11396996278852,-1.761340960274505,-1.761340960274505,-1.11396996278852,1.11396996278852,1.113969962788519e-06,-1.11396996278852,0,1.11396996278852,-1.761340960274505,-1.11396996278852,0.2227951065276667,-1.11396996278852,-1.11396996278852,1.11396996278852,-1.11396996278852,1.113969962788519e-06,1
20.4,-1.905754701975707,-0.8094832028205609,-0.8094832028205609,2.067652152023022,0,0,6.552630556486333e-07,293.15,-8.094832028205608e-07,2.067652152023022,0.1310526111297267,0.2,0.161897450047315,-0.1618966405641122,1,1,-0.8094832028205609,0.8094832028205609,0,-0.8094832028205609,-1.905754701975707,-1.905754701975707,-0.8094832028205609,0.8094832028205609,8.094832028205608e-07,-0.8094832028205609,0,0.8094832028205609,-1.905754701975707,-0.8094832028205609,0.161897450047315,-0.8094832028205609,-0.8094832028205609,0.8094832028205609,-0.8094832028205609,8.094832028205608e-07,1
20.55,-2.003736808178612,-0.4960866661085888,-0.4960866661085888,2.102954637486996,0,0,2.461019802907345e-07,293.15,-4.960866661085888e-07,2.102954637486996,0.0492203960581469,0.2,0.09921782930838388,-0.09921733322171777,1,1,-0.4960866661085888,0.4960866661085888,0,-0.4960866661085888,-2.003736808178612,-2.003736808178612,-0.4960866661085888,0.4960866661085888,4.960866661085888e-07,-0.4960866661085888,0,0.4960866661085888,-2.003736808178612,-0.4960866661085888,0.09921782930838388,-0.4960866661085888,-0.4960866661085888,0.4960866661085888,-0.4960866661085888,4.960866661085888e-07,1
20.7,-2.054491662216296,-0.1809774275314082,-0.1809774275314082,2.090687328700005,0,0,3.27528292758861e-08,293.15,-1.809774275314082e-07,2.090687328700005,0.006550565855177221,0.2,0.03619566648370917,-0.03619548550628164,1,1,-0.1809774275314082,0.1809774275314082,0,-0.1809774275314082,-2.054491662216296,-2.054491662216296,-0.1809774275314082,0.1809774275314082,1.809774275314082e-07,-0.1809774275314082,0,0.1809774275314082,-2.054491662216296,-0.1809774275314082,0.03619566648370917,-0.1809774275314082,-0.1809774275314082,0.1809774275314082,-0.1809774275314082,1.809774275314082e-07,1
20.85,-2.058292437501759,0.1288223644415186,0.1288223644415186,2.032527835791091,0,0,1.659520158030343e-08,293.15,1.288223644415186e-07,2.032527835791091,0.003319040316060686,0.2,-0.02576460171066816,0.02576447288830372,1,1,0.1288223644415186,-0.1288223644415186,0,0.1288223644415186,-2.058292437501759,-2.058292437501759,0.1288223644415186,-0.1288223644415186,-1.288223644415186e-07,0.1288223644415186,0,-0.1288223644415186,-2.058292437501759,0.1288223644415186,-0.02576460171066816,0.1288223644415186,0.1288223644415186,-0.1288223644415186,0.1288223644415186,-1.288223644415186e-07,1
21,-2.016442710091068,0.4266155641742723,0.4266155641742723,1.93111917064065,0,0,1.820008395957327e-07,293.15,4.266155641742723e-07,1.93111917064065,0.03640016791914653,0.2,-0.08532353945041865,0.08532311283485447,1,1,0.4266155641742723,-0.4266155641742723,0,0.4266155641742723,-2.016442710091068,-2.016442710091068,0.4266155641742723,-0.4266155641742723,-4.266155641742723e-07,0.4266155641742723,0,-0.4266155641742723,-2.016442710091068,0.4266155641742723,-0.08532353945041865,0.4266155641742723,0.4266155641742723,-0.4266155641742723,0.4266155641742723,-4.266155641742723e-07,1
21.15,-1.931217584270347,0.7061685607975944,0.7061685607975944,1.789983165942267,0,0,4.986740362589457e-07,293.15,7.061685607975944e-07,1.789983165942267,0.09973480725178915,0.2,-0.1412344183280797,0.1412337121595189,1,1,0.7061685607975944,-0.7061685607975944,0,0.7061685607975944,-1.931217584270347,-1.931217584270347,0.7061685607975944,-0.7061685607975944,-7.061685607975944e-07,0.7061685607975944,0,-0.7061685607975944,-1.931217584270347,0.7061685607975944,-0.1412344183280797,0.7061685607975944,0.7061685607975944,-0.7061685607975944,0.7061685607975944,-7.061685607975944e-07,1
21.3,-1.805784770147504,0.9618356667246536,0.9618356667246536,1.613416674966906,0,0,9.251278497836587e-07,293.15,9.618356667246535e-07,1.613416674966906,0.1850255699567318,0.2,-0.1923680951805974,0.1923671333449307,1,1,0.9618356667246536,-0.9618356667246536,0,0.9618356667246536,-1.805784770147504,-1.805784770147504,0.9618356667246536,-0.9618356667246536,-9.618356667246535e-07,0.9618356667246536,0,-0.9618356667246536,-1.805784770147504,0.9618356667246536,-0.1923680951805974,0.9618356667246536,0.9618356667246536,-0.9618356667246536,0.9618356667246536,-9.618356667246535e-07,1
21.45,-1.644107580033456,1.188666249770731,1.188666249770731,1.40637314141306,0,0,1.412927453344015e-06,293.15,1.188666249770731e-06,1.40637314141306,0.282585490668803,0.2,-0.2377344386203961,0.2377332499541463,1,1,1.188666249770731,-1.188666249770731,0,1.188666249770731,-1.644107580033456,-1.644107580033456,1.188666249770731,-1.188666249770731,-1.188666249770731e-06,1.188666249770731,0,-1.188666249770731,-1.644107580033456,1.188666249770731,-0.2377344386203961,1.188666249770731,1.188666249770731,-1.188666249770731,1.188666249770731,-1.188666249770731e-06,1
21.6,-1.450834347442942,1.382494286490942,1.382494286490942,1.174334107650467,0,0,1.911290452180099e-06,293.15,1.382494286490942e-06,1.174334107650467,0.3822580904360199,0.2,-0.276500239792475,0.2764988572981885,1,1,1.382494286490942,-1.382494286490942,0,1.382494286490942,-1.450834347442942,-1.450834347442942,1.382494286490942,-1.382494286490942,-1.382494286490942e-06,1.382494286490942,0,-1.382494286490942,-1.450834347442942,1.382494286490942,-0.276500239792475,1.382494286490942,1.382494286490942,-1.382494286490942,1.382494286490942,-1.382494286490942e-06,1
21.75,-1.231174954596582,1.540006909157493,1.540006909157493,0.9231720327581738,0,0,2.371621280252815e-06,293.15,1.540006909157493e-06,0.9231720327581738,0.474324256050563,0.2,-0.3080029218384078,0.3080013818314986,1,1,1.540006909157493,-1.540006909157493,0,1.540006909157493,-1.231174954596582,-1.231174954596582,1.540006909157493,-1.540006909157493,-1.540006909157493e-06,1.540006909157493,0,-1.540006909157493,-1.231174954596582,1.540006909157493,-0.3080029218384078,1.540006909157493,1.540006909157493,-1.540006909157493,1.540006909157493,-1.540006909157493e-06,1
21.9,-0.9907690286813784,1.658792504213391,1.658792504213391,0.659008869046196,0,0,2.751592572034531e-06,293.15,1.65879250421339e-06,0.659008869046196,0.5503185144069064,0.2,-0.3317601596351824,0.3317585008426782,1,1,1.658792504213391,-1.658792504213391,0,1.658792504213391,-0.9907690286813784,-0.9907690286813784,1.658792504213391,-1.658792504213391,-1.65879250421339e-06,1.658792504213391,0,-1.658792504213391,-0.9907690286813784,1.658792504213391,-0.3317601596351824,1.658792504213391,1.658792504213391,-1.658792504213391,1.658792504213391,-1.65879250421339e-06,1
22.05,-0.7355485881687871,1.737367829459634,1.737367829459634,0.3880732849090309,0,0,3.018446974841279e-06,293.15,1.737367829459634e-06,0.3880732849090309,0.6036893949682559,0.2,-0.3474753032597562,0.3474735658919268,1,1,1.737367829459634,-1.737367829459634,0,1.737367829459634,-0.7355485881687871,-0.7355485881687871,1.737367829459634,-1.737367829459634,-1.737367829459634e-06,1.737367829459634,0,-1.737367829459634,-0.7355485881687871,1.737367829459634,-0.3474753032597562,1.737367829459634,1.737367829459634,-1.737367829459634,1.737367829459634,-1.737367829459634e-06,1
22.2,-0.4715980396945187,1.7751827356509,1.7751827356509,0.1165597173816031,0,0,3.151273744953012e-06,293.15,1.7751827356509e-06,0.1165597173816031,0.6302547489906025,0.2,-0.3550383223129156,0.35503654713018,1,1,1.7751827356509,-1.7751827356509,0,1.7751827356509,-0.4715980396945187,-0.4715980396945187,1.7751827356509,-1.7751827356509,-1.7751827356509e-06,1.7751827356509,0,-1.7751827356509,-0.4715980396945187,1.7751827356509,-0.3550383223129156,1.7751827356509,1.7751827356509,-1.7751827356509,1.7751827356509,-1.7751827356509e-06,1
22.35,-0.2050151238491672,1.772605430118847,1.772605430118847,-0.1495077347800322,0,0,3.142130010886821e-06,293.15,1.772605430118847e-06,-0.1495077347800322,0.6284260021773642,0.2,-0.3545228586291994,0.3545210860237693,1,1,1.772605430118847,-1.772605430118847,0,1.772605430118847,-0.2050151238491672,-0.2050151238491672,1.772605430118847,-1.772605430118847,-1.772605430118847e-06,1.772605430118847,0,-1.772605430118847,-0.2050151238491672,1.772605430118847,-0.3545228586291994,1.772605430118847,1.772605430118847,-1.772605430118847,1.772605430118847,-1.772605430118847e-06,1
22.5,0.05822443961923936,1.730886816559122,1.730886816559122,-0.4044035338178802,0,0,2.99596917173817e-06,293.15,1.730886816559121e-06,-0.4044035338178802,0.5991938343476341,0.2,-0.3461790941986409,0.3461773633118244,1,1,1.730886816559122,-1.730886816559122,0,1.730886816559122,0.05822443961923936,0.05822443961923936,1.730886816559122,-1.730886816559122,-1.730886816559121e-06,1.730886816559122,0,-1.730886816559122,0.05822443961923936,1.730886816559122,-0.3461790941986409,1.730886816559122,1.730886816559122,-1.730886816559122,1.730886816559122,-1.730886816559121e-06,1
22.65,0.3123954351874814,1.652106616591817,1.652106616591817,-0.6428184106124615,0,0,2.729456272586462e-06,293.15,1.652106616591817e-06,-0.6428184106124615,0.5458912545172925,0.2,-0.3304229754249801,0.3304213233183635,1,1,1.652106616591817,-1.652106616591817,0,1.652106616591817,0.3123954351874814,0.3123954351874814,1.652106616591817,-1.652106616591817,-1.652106616591817e-06,1.652106616591817,0,-1.652106616591817,0.3123954351874814,1.652106616591817,-0.3304229754249801,1.652106616591817,1.652106616591817,-1.652106616591817,1.652106616591817,-1.652106616591817e-06,1
22.8,0.5521426291448073,1.539103316934449,1.539103316934449,-0.8599648316350141,0,0,2.368839020198624e-06,293.15,1.539103316934449e-06,-0.8599648316350141,0.4737678040397249,0.2,-0.3078222024902069,0.3078206633868899,1,1,1.539103316934449,-1.539103316934449,0,1.539103316934449,0.5521426291448073,0.5521426291448073,1.539103316934449,-1.539103316934449,-1.539103316934449e-06,1.539103316934449,0,-1.539103316934449,0.5521426291448073,1.539103316934449,-0.3078222024902069,1.539103316934449,1.539103316934449,-1.539103316934449,1.539103316934449,-1.539103316934449e-06,1
22.95,0.7725880530598522,1.395388456540056,1.395388456540056,-1.05166713975632,0,0,1.94710894464524e-06,293.15,1.395388456540056e-06,-1.05166713975632,0.3894217889290481,0.2,-0.2790790866964678,0.2790776913080112,1,1,1.395388456540056,-1.395388456540056,0,1.395388456540056,0.7725880530598522,0.7725880530598522,1.395388456540056,-1.395388456540056,-1.395388456540056e-06,1.395388456540056,0,-1.395388456540056,0.7725880530598522,1.395388456540056,-0.2790790866964678,1.395388456540056,1.395388456540056,-1.395388456540056,1.395388456540056,-1.395388456540056e-06,1
23.1,0.9694250073188442,1.22504934258843,1.22504934258843,-1.214436100885873,0,0,1.500745891776344e-06,293.15,1.22504934258843e-06,-1.214436100885873,0.3001491783552688,0.2,-0.2450110935670285,0.2450098685176859,1,1,1.22504934258843,-1.22504934258843,0,1.22504934258843,0.9694250073188442,0.9694250073188442,1.22504934258843,-1.22504934258843,-1.22504934258843e-06,1.22504934258843,0,-1.22504934258843,0.9694250073188442,1.22504934258843,-0.2450110935670285,1.22504934258843,1.22504934258843,-1.22504934258843,1.22504934258843,-1.22504934258843e-06,1
23.25,1.138996490833303,1.032641555484196,1.032641555484196,-1.345525834571698,0,0,1.06634858211282e-06,293.15,1.032641555484196e-06,-1.345525834571698,0.213269716422564,0.2,-0.2065293437383947,0.2065283110968392,1,1,1.032641555484196,-1.032641555484196,0,1.032641555484196,1.138996490833303,1.138996490833303,1.032641555484196,-1.032641555484196,-1.032641555484196e-06,1.032641555484196,0,-1.032641555484196,1.138996490833303,1.032641555484196,-0.2065293437383947,1.032641555484196,1.032641555484196,-1.032641555484196,1.032641555484196,-1.032641555484196e-06,1
23.4,1.278356570435899,0.823074175314672,0.823074175314672,-1.442972228573009,0,0,6.774510980699274e-07,293.15,8.230741753146719e-07,-1.442972228573009,0.1354902196139855,0.2,-0.1646156581371097,0.1646148350629344,1,1,0.823074175314672,-0.823074175314672,0,0.823074175314672,1.278356570435899,1.278356570435899,0.823074175314672,-0.823074175314672,-8.230741753146719e-07,0.823074175314672,0,-0.823074175314672,1.278356570435899,0.823074175314672,-0.1646156581371097,0.823074175314672,0.823074175314672,-0.823074175314672,0.823074175314672,-8.230741753146719e-07,1
23.55,1.38531507737642,0.601490930907595,0.601490930907595,-1.50561386504887,0,0,3.617913399640852e-07,293.15,6.01490930907595e-07,-1.50561386504887,0.07235826799281704,0.2,-0.1202987876724499,0.120298186181519,1,1,0.601490930907595,-0.601490930907595,0,0.601490930907595,1.38531507737642,1.38531507737642,0.601490930907595,-0.601490930907595,-6.01490930907595e-07,0.601490930907595,0,-0.601490930907595,1.38531507737642,0.601490930907595,-0.1202987876724499,0.601490930907595,0.601490930907595,-0.601490930907595,0.601490930907595,-6.01490930907595e-07,1
23.7,1.458463269664794,0.3731493160551427,0.3731493160551427,-1.533093506025138,0,0,1.392404120724208e-07,293.15,3.731493160551427e-07,-1.533093506025138,0.02784808241448416,0.2,-0.0746302363603446,0.07462986321102855,1,1,0.3731493160551427,-0.3731493160551427,0,0.3731493160551427,1.458463269664794,1.458463269664794,0.3731493160551427,-0.3731493160551427,-3.731493160551427e-07,0.3731493160551427,0,-0.3731493160551427,1.458463269664794,0.3731493160551427,-0.0746302363603446,0.3731493160551427,0.3731493160551427,-0.3731493160551427,0.3731493160551427,-3.731493160551427e-07,1
23.85,1.497182041094737,0.1433009748420865,0.1433009748420865,-1.525842379364129,0,0,2.05351693906923e-08,293.15,1.433009748420865e-07,-1.525842379364129,0.004107033878138461,0.2,-0.02866033826939214,0.0286601949684173,1,1,0.1433009748420865,-0.1433009748420865,0,0.1433009748420865,1.497182041094737,1.497182041094737,0.1433009748420865,-0.1433009748420865,-1.433009748420865e-07,0.1433009748420865,0,-0.1433009748420865,1.497182041094737,0.1433009748420865,-0.02866033826939214,0.1433009748420865,0.1433009748420865,-0.1433009748420865,0.1433009748420865,-1.433009748420865e-07,1
24,1.501632506902799,-0.08292437743642361,-0.08292437743642361,-1.485047548491137,0,0,6.876452373218442e-09,293.15,-8.292437743642361e-08,-1.485047548491137,0.001375290474643688,0.2,0.01658495841166216,-0.01658487548728472,1,1,-0.08292437743642361,0.08292437743642361,0,-0.08292437743642361,1.501632506902799,1.501632506902799,-0.08292437743642361,0.08292437743642361,8.292437743642361e-08,-0.08292437743642361,0,0.08292437743642361,1.501632506902799,-0.08292437743642361,0.01658495841166216,-0.08292437743642361,-0.08292437743642361,0.08292437743642361,-0.08292437743642361,8.292437743642361e-08,1
24.15,1.472728872230503,-0.3006286903625887,-0.3006286903625887,-1.412602833529295,0,0,9.03776094691252e-08,293.15,-3.006286903625886e-07,-1.412602833529295,0.01807552189382504,0.2,0.0601260387012081,-0.06012573807251773,1,1,-0.3006286903625887,0.3006286903625887,0,-0.3006286903625887,1.472728872230503,1.472728872230503,-0.3006286903625887,0.3006286903625887,3.006286903625886e-07,-0.3006286903625887,0,0.3006286903625887,1.472728872230503,-0.3006286903625887,0.0601260387012081,-0.3006286903625887,-0.3006286903625887,0.3006286903625887,-0.3006286903625887,3.006286903625886e-07,1
24.3,1.412096543669068,-0.5052473239473361,-0.5052473239473361,-1.311046573632277,0,0,2.552748583559443e-07,293.15,-5.05247323947336e-07,-1.311046573632277,0.05105497167118887,0.2,0.1010499700367912,-0.1010494647894672,1,1,-0.5052473239473361,0.5052473239473361,0,-0.5052473239473361,1.412096543669068,1.412096543669068,-0.5052473239473361,0.5052473239473361,5.05247323947336e-07,-0.5052473239473361,0,0.5052473239473361,1.412096543669068,-0.5052473239473361,0.1010499700367912,-0.5052473239473361,-0.5052473239473361,0.5052473239473361,-0.5052473239473361,5.05247323947336e-07,1
24.45,1.322014748445667,-0.6926400252606656,-0.6926400252606656,-1.183486050753508,0,0,4.797502045930955e-07,293.15,-6.926400252606656e-07,-1.183486050753508,0.09595004091861908,0.2,0.1385286976921584,-0.1385280050521331,1,1,-0.6926400252606656,0.6926400252606656,0,-0.6926400252606656,1.322014748445667,1.322014748445667,-0.6926400252606656,0.6926400252606656,6.926400252606656e-07,-0.6926400252606656,0,0.6926400252606656,1.322014748445667,-0.6926400252606656,0.1385286976921584,-0.6926400252606656,-0.6926400252606656,0.6926400252606656,-0.6926400252606656,6.926400252606656e-07,1
24.6,1.205346813781222,-0.8591699274200666,-0.8591699274200666,-1.033511969127281,0,0,7.381729641830025e-07,293.15,-8.591699274200665e-07,-1.033511969127281,0.1476345928366005,0.2,0.1718348446539407,-0.1718339854840133,1,1,-0.8591699274200666,0.8591699274200666,0,-0.8591699274200666,1.205346813781222,1.205346813781222,-0.8591699274200666,0.8591699274200666,8.591699274200665e-07,-0.8591699274200666,0,0.8591699274200666,1.205346813781222,-0.8591699274200666,0.1718348446539407,-0.8591699274200666,-0.8591699274200666,0.8591699274200666,-0.8591699274200666,8.591699274200665e-07,1
24.75,1.065459800082082,-1.001769420248852,-1.001769420248852,-0.8651049142628917,0,0,1.003541971345721e-06,293.15,-1.001769420248852e-06,-0.8651049142628917,0.2007083942691442,0.2,0.2003548858191906,-0.2003538840497704,1,1,-1.001769420248852,1.001769420248852,0,-1.001769420248852,1.065459800082082,1.065459800082082,-1.001769420248852,1.001769420248852,1.001769420248852e-06,-1.001769420248852,0,1.001769420248852,1.065459800082082,-1.001769420248852,0.2003548858191906,-1.001769420248852,-1.001769420248852,1.001769420248852,-1.001769420248852,1.001769420248852e-06,1
24.9,0.9061348049666051,-1.117990781649232,-1.117990781649232,-0.6825355306459772,0,0,1.24990338785266e-06,293.15,-1.117990781649232e-06,-0.6825355306459772,0.2499806775705321,0.2,0.223599274320628,-0.2235981563298464,1,1,-1.117990781649232,1.117990781649232,0,-1.117990781649232,0.9061348049666051,0.9061348049666051,-1.117990781649232,1.117990781649232,1.117990781649232e-06,-1.117990781649232,0,1.117990781649232,0.9061348049666051,-1.117990781649232,0.223599274320628,-1.117990781649232,-1.117990781649232,1.117990781649232,-1.117990781649232,1.117990781649232e-06,1
25.05,0.7314713112530853,-1.206042385820737,-1.206042385820737,-0.4902616280465521,0,0,1.454538236396175e-06,293.15,-1.206042385820737e-06,-0.4902616280465521,0.290907647279235,0.2,0.2412096832065332,-0.2412084771641474,1,1,-1.206042385820737,1.206042385820737,0,-1.206042385820737,0.7314713112530853,0.7314713112530853,-1.206042385820737,1.206042385820737,1.206042385820737e-06,-1.206042385820737,0,1.206042385820737,0.7314713112530853,-1.206042385820737,0.2412096832065332,-1.206042385820737,-1.206042385820737,1.206042385820737,-1.206042385820737,1.206042385820737e-06,1
25.2,0.5457869696861024,-1.264808808689668,-1.264808808689668,-0.2928239431393601,0,0,1.599741322538978e-06,293.15,-1.264808808689668e-06,-0.2928239431393601,0.3199482645077956,0.2,0.2529630265467424,-0.2529617617379337,1,1,-1.264808808689668,1.264808808689668,0,-1.264808808689668,0.5457869696861024,0.5457869696861024,-1.264808808689668,1.264808808689668,1.264808808689668e-06,-1.264808808689668,0,1.264808808689668,0.5457869696861024,-1.264808808689668,0.2529630265467424,-1.264808808689668,-1.264808808689668,1.264808808689668,-1.264808808689668,1.264808808689668e-06,1
25.35,0.3535156277613873,-1.293855316240466,-1.293855316240466,-0.09474327065797794,0,0,1.674061579363715e-06,293.15,-1.293855316240466e-06,-0.09474327065797794,0.3348123158727431,0.2,0.2587723571034093,-0.2587710632480931,1,1,-1.293855316240466,1.293855316240466,0,-1.293855316240466,0.3535156277613873,0.3535156277613873,-1.293855316240466,1.293855316240466,1.293855316240466e-06,-1.293855316240466,0,1.293855316240466,0.3535156277613873,-1.293855316240466,0.2587723571034093,-1.293855316240466,-1.293855316240466,1.293855316240466,-1.293855316240466,1.293855316240466e-06,1
25.5,0.1591058271204846,-1.293417804363541,-1.293417804363541,0.09957902717002806,0,0,1.672929616644604e-06,293.15,-1.293417804363541e-06,0.09957902717002806,0.3345859233289208,0.2,0.2586848542905126,-0.2586835608727083,1,1,-1.293417804363541,1.293417804363541,0,-1.293417804363541,0.1591058271204846,0.1591058271204846,-1.293417804363541,1.293417804363541,1.293417804363541e-06,-1.293417804363541,0,1.293417804363541,0.1591058271204846,-1.293417804363541,0.2586848542905126,-1.293417804363541,-1.293417804363541,1.293417804363541,-1.293417804363541,1.293417804363541e-06,1
25.65,-0.03307805184448837,-1.26437733206058,-1.26437733206058,0.2859547826339365,0,0,1.598650037828631e-06,293.15,-1.26437733206058e-06,0.2859547826339365,0.3197300075657263,0.2,0.2528767307894482,-0.2528754664121161,1,1,-1.26437733206058,1.26437733206058,0,-1.26437733206058,-0.03307805184448837,-0.03307805184448837,-1.26437733206058,1.26437733206058,1.26437733206058e-06,-1.26437733206058,0,1.26437733206058,-0.03307805184448837,-1.26437733206058,0.2528767307894482,-1.26437733206058,-1.26437733206058,1.26437733206058,-1.26437733206058,1.26437733206058e-06,1
25.8,-0.2188498670692098,-1.208221776889642,-1.208221776889642,0.4604954306689151,0,0,1.459799862150364e-06,293.15,-1.208221776889642e-06,0.4604954306689151,0.2919599724300728,0.2,0.2416455635997053,-0.2416443553779284,1,1,-1.208221776889642,1.208221776889642,0,-1.208221776889642,-0.2188498670692098,-0.2188498670692098,-1.208221776889642,1.208221776889642,1.208221776889642e-06,-1.208221776889642,0,1.208221776889642,-0.2188498670692098,-1.208221776889642,0.2416455635997053,-1.208221776889642,-1.208221776889642,1.208221776889642,-1.208221776889642,1.208221776889642e-06,1
25.95,-0.3942891251711823,-1.126995031490974,-1.126995031490974,0.6196892584644085,0,0,1.270117801005341e-06,293.15,-1.126995031490974e-06,0.6196892584644085,0.2540235602010681,0.2,0.2254001332932262,-0.2253990062981947,1,1,-1.126995031490974,1.126995031490974,0,-1.126995031490974,-0.3942891251711823,-0.3942891251711823,-1.126995031490974,1.126995031490974,1.126995031490974e-06,-1.126995031490974,0,1.126995031490974,-0.3942891251711823,-1.126995031490974,0.2254001332932262,-1.126995031490974,-1.126995031490974,1.126995031490974,-1.126995031490974,1.126995031490974e-06,1
26.1,-0.5558196713863134,-1.023235082813059,-1.023235082813059,0.760467711184008,0,0,1.047010034699447e-06,293.15,-1.023235082813059e-06,0.760467711184008,0.2094020069398895,0.2,0.2046480397976946,-0.2046470165626118,1,1,-1.023235082813059,1.023235082813059,0,-1.023235082813059,-0.5558196713863134,-0.5558196713863134,-1.023235082813059,1.023235082813059,1.023235082813059e-06,-1.023235082813059,0,1.023235082813059,-0.5558196713863134,-1.023235082813059,0.2046480397976946,-1.023235082813059,-1.023235082813059,1.023235082813059,-1.023235082813059,1.023235082813059e-06,1
26.25,-0.7002789246239883,-0.8999036077181509,-0.8999036077181509,0.8802605460712263,0,0,8.098265031841437e-07,293.15,-8.999036077181509e-07,0.8802605460712263,0.1619653006368288,0.2,0.1799816214472379,-0.1799807215436302,1,1,-0.8999036077181509,0.8999036077181509,0,-0.8999036077181509,-0.7002789246239883,-0.7002789246239883,-0.8999036077181509,0.8999036077181509,8.999036077181509e-07,-0.8999036077181509,0,0.8999036077181509,-0.7002789246239883,-0.8999036077181509,0.1799816214472379,-0.8999036077181509,-0.8999036077181509,0.8999036077181509,-0.8999036077181509,8.999036077181509e-07,1
26.4,-0.8249753911789887,-0.7603076689282939,-0.7603076689282939,0.9770376852723164,0,0,5.780677514311762e-07,293.15,-7.603076689282939e-07,0.9770376852723164,0.1156135502862352,0.2,0.1520622940933277,-0.1520615337856588,1,1,-0.7603076689282939,0.7603076689282939,0,-0.7603076689282939,-0.8249753911789887,-0.8249753911789887,-0.7603076689282939,0.7603076689282939,7.603076689282939e-07,-0.7603076689282939,0,0.7603076689282939,-0.8249753911789887,-0.7603076689282939,0.1520622940933277,-0.7603076689282939,-0.7603076689282939,0.7603076689282939,-0.7603076689282939,7.603076689282939e-07,1
26.55,-0.9277343111810381,-0.6080164140311755,-0.6080164140311755,1.049338202003687,0,0,3.696839597313298e-07,293.15,-6.080164140311754e-07,1.049338202003687,0.07393679194626596,0.2,0.1216038908226491,-0.1216032828062351,1,1,-0.6080164140311755,0.6080164140311755,0,-0.6080164140311755,-0.9277343111810381,-0.9277343111810381,-0.6080164140311755,0.6080164140311755,6.080164140311754e-07,-0.6080164140311755,0,0.6080164140311755,-0.9277343111810381,-0.6080164140311755,0.1216038908226491,-0.6080164140311755,-0.6080164140311755,0.6080164140311755,-0.6080164140311755,6.080164140311754e-07,1
26.7,-1.00693071964256,-0.4467744178356995,-0.4467744178356995,1.096286049984118,0,0,1.996073804324282e-07,293.15,-4.467744178356995e-07,1.096286049984118,0.03992147608648564,0.2,0.08935533034155774,-0.0893548835671399,1,1,-0.4467744178356995,0.4467744178356995,0,-0.4467744178356995,-1.00693071964256,-1.00693071964256,-0.4467744178356995,0.4467744178356995,4.467744178356995e-07,-0.4467744178356995,0,0.4467744178356995,-1.00693071964256,-0.4467744178356995,0.08935533034155774,-0.4467744178356995,-0.4467744178356995,0.4467744178356995,-0.4467744178356995,4.467744178356995e-07,1
26.85,-1.061508742113447,-0.2804135777162082,-0.2804135777162082,1.117591738070267,0,0,7.863177456760394e-08,293.15,-2.804135777162082e-07,1.117591738070267,0.01572635491352079,0.2,0.05608299595681937,-0.05608271554324165,1,1,-0.2804135777162082,0.2804135777162082,0,-0.2804135777162082,-1.061508742113447,-1.061508742113447,-0.2804135777162082,0.2804135777162082,2.804135777162082e-07,-0.2804135777162082,0,0.2804135777162082,-1.061508742113447,-0.2804135777162082,0.05608299595681937,-0.2804135777162082,-0.2804135777162082,0.2804135777162082,-0.2804135777162082,2.804135777162082e-07,1
27,-1.090988590918764,-0.1127657959264464,-0.1127657959264464,1.113541862869849,0,0,1.271612473092494e-08,293.15,-1.127657959264464e-07,1.113541862869849,0.002543224946184989,0.2,0.0225532719510852,-0.02255315918528927,1,1,-0.1127657959264464,0.1127657959264464,0,-0.1127657959264464,-1.090988590918764,-1.090988590918764,-0.1127657959264464,0.1127657959264464,1.127657959264464e-07,-0.1127657959264464,0,0.1127657959264464,-1.090988590918764,-0.1127657959264464,0.0225532719510852,-0.1127657959264464,-0.1127657959264464,0.1127657959264464,-0.1127657959264464,1.127657959264464e-07,1
27.15,-1.095459873828976,0.05242182409159724,0.05242182409159724,1.084975456588832,0,0,2.748047641090364e-09,293.15,5.242182409159723e-08,1.084975456588832,0.000549609528218073,0.2,-0.01048441724014354,0.01048436481831945,1,1,0.05242182409159724,-0.05242182409159724,0,0.05242182409159724,-1.095459873828976,-1.095459873828976,0.05242182409159724,-0.05242182409159724,-5.242182409159723e-08,0.05242182409159724,0,-0.05242182409159724,-1.095459873828976,0.05242182409159724,-0.01048441724014354,0.05242182409159724,0.05242182409159724,-0.05242182409159724,0.05242182409159724,-5.242182409159723e-08,1
27.3,-1.075562736525836,0.2115673104992493,0.2115673104992493,1.033249062858675,0,0,4.476072687188576e-08,293.15,2.115673104992493e-07,1.033249062858675,0.008952145374377152,0.2,-0.04231367366716036,0.04231346209984986,1,1,0.2115673104992493,-0.2115673104992493,0,0.2115673104992493,-1.075562736525836,-1.075562736525836,0.2115673104992493,-0.2115673104992493,-2.115673104992493e-07,0.2115673104992493,0,-0.2115673104992493,-1.075562736525836,0.2115673104992493,-0.04231367366716036,0.2115673104992493,0.2115673104992493,-0.2115673104992493,0.2115673104992493,-2.115673104992493e-07,1
27.45,-1.032457719390125,0.361328322769061,0.361328322769061,0.9601916935079898,0,0,1.305581568351027e-07,293.15,3.61328322769061e-07,0.9601916935079898,0.02611163136702055,0.2,-0.07226602588213497,0.07226566455381221,1,1,0.361328322769061,-0.361328322769061,0,0.361328322769061,-1.032457719390125,-1.032457719390125,0.361328322769061,-0.361328322769061,-3.61328322769061e-07,0.361328322769061,0,-0.361328322769061,-1.032457719390125,0.361328322769061,-0.07226602588213497,0.361328322769061,0.361328322769061,-0.361328322769061,0.361328322769061,-3.61328322769061e-07,1
27.6,-0.9677843617335729,0.4986688377770374,0.4986688377770374,0.8680500955093275,0,0,2.486706097699012e-07,293.15,4.986688377770373e-07,0.8680500955093275,0.04973412195398024,0.2,-0.09973426622424525,0.09973376755540747,1,1,0.4986688377770374,-0.4986688377770374,0,0.4986688377770374,-0.9677843617335729,-0.9677843617335729,0.4986688377770374,-0.4986688377770374,-4.986688377770373e-07,0.4986688377770374,0,-0.4986688377770374,-0.9677843617335729,0.4986688377770374,-0.09973426622424525,0.4986688377770374,0.4986688377770374,-0.4986688377770374,0.4986688377770374,-4.986688377770373e-07,1
27.75,-0.8836110050222131,0.6209174124047679,0.6209174124047679,0.7594269016238471,0,0,3.855384330274327e-07,293.15,6.209174124047679e-07,0.7594269016238471,0.07710768660548654,0.2,-0.124184103398366,0.1241834824809536,1,1,0.6209174124047679,-0.6209174124047679,0,0.6209174124047679,-0.8836110050222131,-0.8836110050222131,0.6209174124047679,-0.6209174124047679,-6.209174124047679e-07,0.6209174124047679,0,-0.6209174124047679,-0.8836110050222131,0.6209174124047679,-0.124184103398366,0.6209174124047679,0.6209174124047679,-0.6209174124047679,0.6209174124047679,-6.209174124047679e-07,1
27.9,-0.7823763004291405,0.7258155024273881,0.7258155024273881,0.6372124741281605,0,0,5.268081435639218e-07,293.15,7.258155024273881e-07,0.6372124741281605,0.1053616287127844,0.2,-0.14516382630098,0.1451631004854776,1,1,0.7258155024273881,-0.7258155024273881,0,0.7258155024273881,-0.7823763004291405,-0.7823763004291405,0.7258155024273881,-0.7258155024273881,-7.258155024273881e-07,0.7258155024273881,0,-0.7258155024273881,-0.7823763004291405,0.7258155024273881,-0.14516382630098,0.7258155024273881,0.7258155024273881,-0.7258155024273881,0.7258155024273881,-7.258155024273881e-07,1
28.05,-0.6668242020467429,0.8115550354753173,0.8115550354753173,0.5045123833966439,0,0,6.586215756053435e-07,293.15,8.115550354753172e-07,0.5045123833966439,0.1317243151210687,0.2,-0.1623118186500989,0.1623110070950635,1,1,0.8115550354753173,-0.8115550354753173,0,0.8115550354753173,-0.6668242020467429,-0.6668242020467429,0.8115550354753173,-0.8115550354753173,-8.115550354753172e-07,0.8115550354753173,0,-0.8115550354753173,-0.6668242020467429,0.8115550354753173,-0.1623118186500989,0.8115550354753173,0.8115550354753173,-0.8115550354753173,0.8115550354753173,-8.115550354753172e-07,1
28.2,-0.5399344191966934,0.8768054286552118,0.8768054286552118,0.3645724566602224,0,0,7.687877597192497e-07,293.15,8.768054286552118e-07,0.3645724566602224,0.15375755194385,0.2,-0.175361962536471,0.1753610857310424,1,1,0.8768054286552118,-0.8768054286552118,0,0.8768054286552118,-0.5399344191966934,-0.5399344191966934,0.8768054286552118,-0.8768054286552118,-8.768054286552118e-07,0.8768054286552118,0,-0.8768054286552118,-0.5399344191966934,0.8768054286552118,-0.175361962536471,0.8768054286552118,0.8768054286552118,-0.8768054286552118,0.8768054286552118,-8.768054286552118e-07,1
28.35,-0.404849378729537,0.920728619362986,0.920728619362986,0.2207027341283204,0,0,8.477411905140704e-07,293.15,9.20728619362986e-07,0.2207027341283204,0.1695482381028141,0.2,-0.1841466446012166,0.1841457238725972,1,1,0.920728619362986,-0.920728619362986,0,0.920728619362986,-0.404849378729537,-0.404849378729537,0.920728619362986,-0.920728619362986,-9.20728619362986e-07,0.920728619362986,0,-0.920728619362986,-0.404849378729537,0.920728619362986,-0.1841466446012166,0.920728619362986,0.920728619362986,-0.920728619362986,0.920728619362986,-9.20728619362986e-07,1
28.5,-0.2647999538378027,0.9429831605000331,0.9429831605000331,0.07620237875463556,0,0,8.89217240986631e-07,293.15,9.42983160500033e-07,0.07620237875463556,0.1778434481973262,0.2,-0.1885975750831671,0.1885966321000066,1,1,0.9429831605000331,-0.9429831605000331,0,0.9429831605000331,-0.2647999538378027,-0.2647999538378027,0.9429831605000331,-0.9429831605000331,-9.42983160500033e-07,0.9429831605000331,0,-0.9429831605000331,-0.2647999538378027,0.9429831605000331,-0.1885975750831671,0.9429831605000331,0.9429831605000331,-0.9429831605000331,0.9429831605000331,-9.42983160500033e-07,1
28.65,-0.1230313522399508,0.9437172105356162,0.9437172105356162,-0.06571303358438303,0,0,8.906021734611245e-07,293.15,9.437172105356161e-07,-0.06571303358438303,0.1781204346922249,0.2,-0.1887443858243338,0.1887434421071232,1,1,0.9437172105356162,-0.9437172105356162,0,0.9437172105356162,-0.1230313522399508,-0.1230313522399508,0.9437172105356162,-0.9437172105356162,-9.437172105356161e-07,0.9437172105356162,0,-0.9437172105356162,-0.1230313522399508,0.9437172105356162,-0.1887443858243338,0.9437172105356162,0.9437172105356162,-0.9437172105356162,0.9437172105356162,-9.437172105356161e-07,1
28.8,0.01726906889845774,0.923550486934509,0.923550486934509,-0.2019800898358465,0,0,8.529455019169687e-07,293.15,9.23550486934509e-07,-0.2019800898358465,0.1705891003833938,0.2,-0.1847110209373888,0.1847100973869018,1,1,0.923550486934509,-0.923550486934509,0,0.923550486934509,0.01726906889845774,0.01726906889845774,0.923550486934509,-0.923550486934509,-9.23550486934509e-07,0.923550486934509,0,-0.923550486934509,0.01726906889845774,0.923550486934509,-0.1847110209373888,0.923550486934509,0.923550486934509,-0.923550486934509,0.923550486934509,-9.23550486934509e-07,1
28.95,0.1530406839555708,0.88354698367157,0.88354698367157,-0.3297509642368684,0,0,7.806552723551296e-07,293.15,8.8354698367157e-07,-0.3297509642368684,0.1561310544710259,0.2,-0.1767102802812977,0.176709396734314,1,1,0.88354698367157,-0.88354698367157,0,0.88354698367157,0.1530406839555708,0.1530406839555708,0.88354698367157,-0.88354698367157,-8.8354698367157e-07,0.88354698367157,0,-0.88354698367157,0.1530406839555708,0.88354698367157,-0.1767102802812977,0.88354698367157,0.88354698367157,-0.88354698367157,0.88354698367157,-8.8354698367157e-07,1
29.1,0.2814135100070563,0.8251780454009725,0.8251780454009725,-0.4464499442652963,0,0,6.809188066117695e-07,293.15,8.251780454009725e-07,-0.4464499442652963,0.1361837613223539,0.2,-0.1650364342582399,0.1650356090801945,1,1,0.8251780454009725,-0.8251780454009725,0,0.8251780454009725,0.2814135100070563,0.2814135100070563,0.8251780454009725,-0.8251780454009725,-8.251780454009725e-07,0.8251780454009725,0,-0.8251780454009725,0.2814135100070563,0.8251780454009725,-0.1650364342582399,0.8251780454009725,0.8251780454009725,-0.8251780454009725,0.8251780454009725,-8.251780454009725e-07,1
29.25,0.399766038812912,0.7502778087337298,0.7502778087337298,-0.5498223508374667,0,0,5.629167902782872e-07,293.15,7.502778087337298e-07,-0.5498223508374667,0.1125833580556575,0.2,-0.1500563120245547,0.150055561746746,1,1,0.7502778087337298,-0.7502778087337298,0,0.7502778087337298,0.399766038812912,0.399766038812912,0.7502778087337298,-0.7502778087337298,-7.502778087337298e-07,0.7502778087337298,0,-0.7502778087337298,0.399766038812912,0.7502778087337298,-0.1500563120245547,0.7502778087337298,0.7502778087337298,-0.7502778087337298,0.7502778087337298,-7.502778087337298e-07,1
29.4,0.5057760340334274,0.660992039373516,0.660992039373516,-0.63797510290017,0,0,4.369104761151598e-07,293.15,6.60992039373516e-07,-0.63797510290017,0.08738209522303196,0.2,-0.1321990688667426,0.1321984078747032,1,1,0.660992039373516,-0.660992039373516,0,0.660992039373516,0.5057760340334274,0.5057760340334274,0.660992039373516,-0.660992039373516,-6.60992039373516e-07,0.660992039373516,0,-0.660992039373516,0.5057760340334274,0.660992039373516,-0.1321990688667426,0.660992039373516,0.660992039373516,-0.660992039373516,0.660992039373516,-6.60992039373516e-07,1
29.55,0.5974628349480974,0.5597212554529568,0.5597212554529568,-0.7094076457599442,0,0,3.132878838058341e-07,293.15,5.597212554529568e-07,-0.7094076457599442,0.06265757676116683,0.2,-0.1119448108118468,0.1119442510905914,1,1,0.5597212554529568,-0.5597212554529568,0,0.5597212554529568,0.5974628349480974,0.5974628349480974,0.5597212554529568,-0.5597212554529568,-5.597212554529568e-07,0.5597212554529568,0,-0.5597212554529568,0.5974628349480974,0.5597212554529568,-0.1119448108118468,0.5597212554529568,0.5597212554529568,-0.5597212554529568,0.5597212554529568,-5.597212554529568e-07,1
29.7,0.6732213154982755,0.4490602478328471,0.4490602478328471,-0.7630338141250927,0,0,2.01655106183698e-07,293.15,4.490602478328471e-07,-0.7630338141250927,0.04033102123673961,0.2,-0.08981249862681726,0.08981204956656942,1,1,0.4490602478328471,-0.4490602478328471,0,0.4490602478328471,0.6732213154982755,0.6732213154982755,0.4490602478328471,-0.4490602478328471,-4.490602478328471e-07,0.4490602478328471,0,-0.4490602478328471,0.6732213154982755,0.4490602478328471,-0.08981249862681726,0.4490602478328471,0.4490602478328471,-0.4490602478328471,0.4490602478328471,-4.490602478328471e-07,1
29.85,0.7318461880183873,0.3317348477407457,0.3317348477407457,-0.7981934893013842,0,0,1.100480092055758e-07,293.15,3.317348477407457e-07,-0.7981934893013842,0.02200960184111515,0.2,-0.0663473012829969,0.06634696954814916,1,1,0.3317348477407457,-0.3317348477407457,0,0.3317348477407457,0.7318461880183873,0.7318461880183873,0.3317348477407457,-0.3317348477407457,-3.317348477407457e-07,0.3317348477407457,0,-0.3317348477407457,0.7318461880183873,0.3317348477407457,-0.0663473012829969,0.3317348477407457,0.3317348477407457,-0.3317348477407457,0.3317348477407457,-3.317348477407457e-07,1
30,0.7725467491952663,0.2105377586694281,0.2105377586694281,-0.8146545114669106,0,0,4.432614782554636e-08,293.15,2.105377586694281e-07,-0.8146545114669106,0.008865229565109271,0.2,-0.0421077622716443,0.04210755173388563,1,1,0.2105377586694281,-0.2105377586694281,0,0.2105377586694281,0.7725467491952663,0.7725467491952663,0.2105377586694281,-0.2105377586694281,-2.105377586694281e-07,0.2105377586694281,0,-0.2105377586694281,0.7725467491952663,0.2105377586694281,-0.0421077622716443,0.2105377586694281,0.2105377586694281,-0.2105377586694281,0.2105377586694281,-2.105377586694281e-07,1
30.15,0.7949523811123167,0.08826480332776811,0.08826480332776811,-0.8126054300426736,0,0,7.790675506489583e-09,293.15,8.82648033277681e-08,-0.8126054300426736,0.001558135101297917,0.2,-0.01765304893035695,0.01765296066555362,1,1,0.08826480332776811,-0.08826480332776811,0,0.08826480332776811,0.7949523811123167,0.7949523811123167,0.08826480332776811,-0.08826480332776811,-8.82648033277681e-08,0.08826480332776811,0,-0.08826480332776811,0.7949523811123167,0.08826480332776811,-0.01765304893035695,0.08826480332776811,0.08826480332776811,-0.08826480332776811,0.08826480332776811,-8.82648033277681e-08,1
30.3,0.7991080619154923,-0.03234701697194813,-0.03234701697194813,-0.7926386261740858,0,0,1.0463295069835e-09,293.15,-3.234701697194813e-08,-0.7926386261740858,0.0002092659013967001,0.2,0.006469435741406599,-0.006469403394389627,1,1,-0.03234701697194813,0.03234701697194813,0,-0.03234701697194813,0.7991080619154923,0.7991080619154923,-0.03234701697194813,0.03234701697194813,3.234701697194813e-08,-0.03234701697194813,0,0.03234701697194813,0.7991080619154923,-0.03234701697194813,0.006469435741406599,-0.03234701697194813,-0.03234701697194813,0.03234701697194813,-0.03234701697194813,3.234701697194813e-08,1
30.45,0.7854612464118133,-0.1486783506073805,-0.1486783506073805,-0.7557254276119866,0,0,2.210525193933115e-08,293.15,-1.486783506073805e-07,-0.7557254276119866,0.004421050387866231,0.2,0.0297358187998267,-0.0297356701214761,1,1,-0.1486783506073805,0.1486783506073805,0,-0.1486783506073805,0.7854612464118133,0.7854612464118133,-0.1486783506073805,0.1486783506073805,1.486783506073805e-07,-0.1486783506073805,0,0.1486783506073805,0.7854612464118133,-0.1486783506073805,0.0297358187998267,-0.1486783506073805,-0.1486783506073805,0.1486783506073805,-0.1486783506073805,1.486783506073805e-07,1
30.6,0.7548400827013834,-0.258282000543506,-0.258282000543506,-0.7031834243106816,0,0,6.670959180475565e-08,293.15,-2.58282000543506e-07,-0.7031834243106816,0.01334191836095113,0.2,0.05165665839070175,-0.05165640010870121,1,1,-0.258282000543506,0.258282000543506,0,-0.258282000543506,0.7548400827013834,0.7548400827013834,-0.258282000543506,0.258282000543506,2.58282000543506e-07,-0.258282000543506,0,0.258282000543506,0.7548400827013834,-0.258282000543506,0.05165665839070175,-0.258282000543506,-0.258282000543506,0.258282000543506,-0.258282000543506,2.58282000543506e-07,1
30.75,0.7084236655376449,-0.3589318606591853,-0.3589318606591853,-0.6366369344739472,0,0,1.288320805962648e-07,293.15,-3.589318606591853e-07,-0.6366369344739472,0.02576641611925296,0.2,0.07178673106369772,-0.07178637213183706,1,1,-0.3589318606591853,0.3589318606591853,0,-0.3589318606591853,0.7084236655376449,0.7084236655376449,-0.3589318606591853,0.3589318606591853,3.589318606591853e-07,-0.3589318606591853,0,0.3589318606591853,0.7084236655376449,-0.3589318606591853,0.07178673106369772,-0.3589318606591853,-0.3589318606591853,0.3589318606591853,-0.3589318606591853,3.589318606591853e-07,1
30.9,0.6477058239810295,-0.4486658154661042,-0.4486658154661042,-0.5579722122219932,0,0,2.013010139678643e-07,293.15,-4.486658154661042e-07,-0.5579722122219932,0.04026020279357286,0.2,0.08973361175903632,-0.08973316309322085,1,1,-0.4486658154661042,0.4486658154661042,0,-0.4486658154661042,0.6477058239810295,0.6477058239810295,-0.4486658154661042,0.4486658154661042,4.486658154661042e-07,-0.4486658154661042,0,0.4486658154661042,0.6477058239810295,-0.4486658154661042,0.08973361175903632,-0.4486658154661042,-0.4486658154661042,0.4486658154661042,-0.4486658154661042,4.486658154661042e-07,1
31.05,0.5744525784560278,-0.5258211943717007,-0.5258211943717007,-0.4692878137604933,0,0,2.764879284504819e-07,293.15,-5.258211943717007e-07,-0.4692878137604933,0.05529758569009638,0.2,0.1051647646955345,-0.1051642388743401,1,1,-0.5258211943717007,0.5258211943717007,0,-0.5258211943717007,0.5744525784560278,0.5744525784560278,-0.5258211943717007,0.5258211943717007,5.258211943717007e-07,-0.5258211943717007,0,0.5258211943717007,0.5744525784560278,-0.5258211943717007,0.1051647646955345,-0.5258211943717007,-0.5258211943717007,0.5258211943717007,-0.5258211943717007,5.258211943717007e-07,1
31.2,0.4906550826457345,-0.5890627363776817,-0.5890627363776817,-0.3728419463074618,0,0,3.469949073887621e-07,293.15,-5.890627363776816e-07,-0.3728419463074618,0.06939898147775243,0.2,0.1178131363382727,-0.1178125472755363,1,1,-0.5890627363776817,0.5890627363776817,0,-0.5890627363776817,0.4906550826457345,0.4906550826457345,-0.5890627363776817,0.5890627363776817,5.890627363776816e-07,-0.5890627363776817,0,0.5890627363776817,0.4906550826457345,-0.5890627363776817,0.1178131363382727,-0.5890627363776817,-0.5890627363776817,0.5890627363776817,-0.5890627363776817,5.890627363776816e-07,1
31.35,0.3984789652562702,-0.6374025768405283,-0.6374025768405283,-0.2709978124855877,0,0,4.062820449629455e-07,293.15,-6.374025768405282e-07,-0.2709978124855877,0.0812564089925891,0.2,0.1274811527706825,-0.1274805153681056,1,1,-0.6374025768405283,0.6374025768405283,0,-0.6374025768405283,0.3984789652562702,0.3984789652562702,-0.6374025768405283,0.6374025768405283,6.374025768405282e-07,-0.6374025768405283,0,0.6374025768405283,0.3984789652562702,-0.6374025768405283,0.1274811527706825,-0.6374025768405283,-0.6374025768405283,0.6374025768405283,-0.6374025768405283,6.374025768405282e-07,1
31.5,0.300211171266248,-0.6702115849866088,-0.6702115849866088,-0.1661681840573413,0,0,4.491835686502624e-07,293.15,-6.702115849866088e-07,-0.1661681840573413,0.08983671373005249,0.2,0.1340429872089068,-0.1340423169973218,1,1,-0.6702115849866088,0.6702115849866088,0,-0.6702115849866088,0.300211171266248,0.300211171266248,-0.6702115849866088,0.6702115849866088,6.702115849866088e-07,-0.6702115849866088,0,0.6702115849866088,0.300211171266248,-0.6702115849866088,0.1340429872089068,-0.6702115849866088,-0.6702115849866088,0.6702115849866088,-0.6702115849866088,6.702115849866088e-07,1
31.65,0.1982058591271373,-0.687222976412277,-0.687222976412277,-0.0607605766217055,0,0,4.72275419308949e-07,293.15,-6.87222976412277e-07,-0.0607605766217055,0.09445508386178983,0.2,0.1374452825054318,-0.1374445952824554,1,1,-0.687222976412277,0.687222976412277,0,-0.687222976412277,0.1982058591271373,0.1982058591271373,-0.687222976412277,0.687222976412277,6.87222976412277e-07,-0.687222976412277,0,0.687222976412277,0.1982058591271373,-0.687222976412277,0.1374452825054318,-0.687222976412277,-0.687222976412277,0.687222976412277,-0.687222976412277,6.87222976412277e-07,1
31.8,0.09483027979125658,-0.688527312309353,-0.688527312309353,0.04287587119792635,0,0,4.740698597959413e-07,293.15,-6.88527312309353e-07,0.04287587119792635,0.0948139719591883,0.2,0.1377061509891829,-0.1377054624618706,1,1,-0.688527312309353,0.688527312309353,0,-0.688527312309353,0.09483027979125658,0.09483027979125658,-0.688527312309353,0.688527312309353,6.88527312309353e-07,-0.688527312309353,0,0.688527312309353,0.09483027979125658,-0.688527312309353,0.1377061509891829,-0.688527312309353,-0.688527312309353,0.688527312309353,-0.688527312309353,6.88527312309353e-07,1
31.95,-0.007587950151528099,-0.6745599242871794,-0.6745599242871794,0.1425006095688883,0,0,4.550310914543252e-07,293.15,-6.745599242871794e-07,0.1425006095688883,0.09100621829086504,0.2,0.1349126594173602,-0.1349119848574359,1,1,-0.6745599242871794,0.6745599242871794,0,-0.6745599242871794,-0.007587950151528099,-0.007587950151528099,-0.6745599242871794,0.6745599242871794,6.745599242871794e-07,-0.6745599242871794,0,0.6745599242871794,-0.007587950151528099,-0.6745599242871794,0.1349126594173602,-0.6745599242871794,-0.6745599242871794,0.6745599242871794,-0.6745599242871794,6.745599242871794e-07,1
32.1,-0.1068112219588385,-0.6460812627844379,-0.6460812627844379,0.2360281205969889,0,0,4.174209981211339e-07,293.15,-6.460812627844379e-07,0.2360281205969889,0.08348419962422679,0.2,0.1292168986381504,-0.1292162525568876,1,1,-0.6460812627844379,0.6460812627844379,0,-0.6460812627844379,-0.1068112219588385,-0.1068112219588385,-0.6460812627844379,0.6460812627844379,6.460812627844379e-07,-0.6460812627844379,0,0.6460812627844379,-0.1068112219588385,-0.6460812627844379,0.1292168986381504,-0.6460812627844379,-0.6460812627844379,0.6460812627844379,-0.6460812627844379,6.460812627844379e-07,1
32.25,-0.2007387033613279,-0.6041502502203808,-0.6041502502203808,0.3215693575556542,0,0,3.649975248413488e-07,293.15,-6.041502502203808e-07,0.3215693575556542,0.07299950496826975,0.2,0.1208306541943264,-0.1208300500440762,1,1,-0.6041502502203808,0.6041502502203808,0,-0.6041502502203808,-0.2007387033613279,-0.2007387033613279,-0.6041502502203808,0.6041502502203808,6.041502502203808e-07,-0.6041502502203808,0,0.6041502502203808,-0.2007387033613279,-0.6041502502203808,0.1208306541943264,-0.6041502502203808,-0.6041502502203808,0.6041502502203808,-0.6041502502203808,6.041502502203808e-07,1
32.4,-0.28744885170491,-0.5500921936634863,-0.5500921936634863,0.3974678405298009,0,0,3.026014215295065e-07,293.15,-5.500921936634863e-07,0.3974678405298009,0.0605202843059013,0.2,0.1100189888248909,-0.1100184387326973,1,1,-0.5500921936634863,0.5500921936634863,0,-0.5500921936634863,-0.28744885170491,-0.28744885170491,-0.5500921936634863,0.5500921936634863,5.500921936634863e-07,-0.5500921936634863,0,0.5500921936634863,-0.28744885170491,-0.5500921936634863,0.1100189888248909,-0.5500921936634863,-0.5500921936634863,0.5500921936634863,-0.5500921936634863,5.500921936634863e-07,1
32.55,-0.3652366135308134,-0.4854615334238985,-0.4854615334238985,0.4623294056771265,0,0,2.35672900434283e-07,293.15,-4.854615334238985e-07,0.4623294056771265,0.04713458008685659,0.2,0.09709279214631313,-0.09709230668477971,1,1,-0.4854615334238985,0.4854615334238985,0,-0.4854615334238985,-0.3652366135308134,-0.3652366135308134,-0.4854615334238985,0.4854615334238985,4.854615334238985e-07,-0.4854615334238985,0,0.4854615334238985,-0.3652366135308134,-0.4854615334238985,0.09709279214631313,-0.4854615334238985,-0.4854615334238985,0.4854615334238985,-0.4854615334238985,4.854615334238985e-07,1
32.7,-0.4326446534316244,-0.4120006269675278,-0.4120006269675278,0.5150451908257569,0,0,1.69744516621636e-07,293.15,-4.120006269675278e-07,0.5150451908257569,0.03394890332432719,0.2,0.08240053739413251,-0.08240012539350555,1,1,-0.4120006269675278,0.4120006269675278,0,-0.4120006269675278,-0.4326446534316244,-0.4326446534316244,-0.4120006269675278,0.4120006269675278,4.120006269675278e-07,-0.4120006269675278,0,0.4120006269675278,-0.4326446534316244,-0.4120006269675278,0.08240053739413251,-0.4120006269675278,-0.4120006269675278,0.4120006269675278,-0.4120006269675278,4.120006269675278e-07,1
32.85,-0.488488454540118,-0.331595753341492,-0.331595753341492,0.5548079368041697,0,0,1.099557436341116e-07,293.15,-3.315957533414921e-07,0.5548079368041697,0.02199114872682233,0.2,0.06631948226405175,-0.06631915066829841,1,1,-0.331595753341492,0.331595753341492,0,-0.331595753341492,-0.488488454540118,-0.488488454540118,-0.331595753341492,0.331595753341492,3.315957533414921e-07,-0.331595753341492,0,0.331595753341492,-0.488488454540118,-0.331595753341492,0.06631948226405175,-0.331595753341492,-0.331595753341492,0.331595753341492,-0.331595753341492,3.315957533414921e-07,1
33,-0.5318742890549256,-0.2462310384285188,-0.2462310384285188,0.5811207429716678,0,0,6.062972428558667e-08,293.15,-2.462310384285187e-07,0.5811207429716678,0.01212594485711734,0.2,0.04924645391674218,-0.04924620768570376,1,1,-0.2462310384285188,0.2462310384285188,0,-0.2462310384285188,-0.5318742890549256,-0.5318742890549256,-0.2462310384285188,0.2462310384285188,2.462310384285187e-07,-0.2462310384285188,0,0.2462310384285188,-0.5318742890549256,-0.2462310384285188,0.04924645391674218,-0.2462310384285188,-0.2462310384285188,0.2462310384285188,-0.2462310384285188,2.462310384285187e-07,1
33.15,-0.5622104746041251,-0.1579417058636871,-0.1579417058636871,0.5937989737185684,0,0,2.494558245113145e-08,293.15,-1.579417058636871e-07,0.5937989737185684,0.004989116490226291,0.2,0.03158849911444329,-0.03158834117273742,1,1,-0.1579417058636871,0.1579417058636871,0,-0.1579417058636871,-0.5622104746041251,-0.5622104746041251,-0.1579417058636871,0.1579417058636871,1.579417058636871e-07,-0.1579417058636871,0,0.1579417058636871,-0.5622104746041251,-0.1579417058636871,0.03158849911444329,-0.1579417058636871,-0.1579417058636871,0.1579417058636871,-0.1579417058636871,1.579417058636871e-07,1
33.3,-0.5792115924522544,-0.06876752506737295,-0.06876752506737295,0.592965166233254,0,0,4.728972503891767e-09,293.15,-6.876752506737294e-08,0.592965166233254,0.0009457945007783535,0.2,0.01375357378099966,-0.01375350501347459,1,1,-0.06876752506737295,0.06876752506737295,0,-0.06876752506737295,-0.5792115924522544,-0.5792115924522544,-0.06876752506737295,0.06876752506737295,6.876752506737294e-08,-0.06876752506737295,0,0.06876752506737295,-0.5792115924522544,-0.06876752506737295,0.01375357378099966,-0.06876752506737295,-0.06876752506737295,0.06876752506737295,-0.06876752506737295,6.876752506737294e-08,1
33.45,-0.5828955716274752,0.01929242557049299,0.01929242557049299,0.5790370672209511,0,0,3.721976843930118e-10,293.15,1.929242557049299e-08,0.5790370672209511,7.443953687860238e-05,0.2,-0.003858504406524169,0.003858485114098599,1,1,0.01929242557049299,-0.01929242557049299,0,0.01929242557049299,-0.5828955716274752,-0.5828955716274752,0.01929242557049299,-0.01929242557049299,-1.929242557049299e-08,0.01929242557049299,0,-0.01929242557049299,-0.5828955716274752,0.01929242557049299,-0.003858504406524169,0.01929242557049299,0.01929242557049299,-0.01929242557049299,0.01929242557049299,-1.929242557049299e-08,1
33.6,-0.5735745600530424,0.1043228332049794,0.1043228332049794,0.5527098890892134,0,0,1.088325352791395e-08,293.15,1.043228332049794e-07,0.5527098890892134,0.002176650705582791,0.2,-0.02086467096382909,0.02086456664099588,1,1,0.1043228332049794,-0.1043228332049794,0,0.1043228332049794,-0.5735745600530424,-0.5735745600530424,0.1043228332049794,-0.1043228332049794,-1.043228332049794e-07,0.1043228332049794,0,-0.1043228332049794,-0.5735745600530424,0.1043228332049794,-0.02086467096382909,0.1043228332049794,0.1043228332049794,-0.1043228332049794,0.1043228332049794,-1.043228332049794e-07,1
33.75,-0.5518391522948467,0.1845320086166134,0.1845320086166134,0.5149325660395154,0,0,3.405206220408189e-08,293.15,1.845320086166134e-07,0.5149325660395154,0.006810412440816378,0.2,-0.0369065862553313,0.03690640172332268,1,1,0.1845320086166134,-0.1845320086166134,0,0.1845320086166134,-0.5518391522948467,-0.5518391522948467,0.1845320086166134,-0.1845320086166134,-1.845320086166134e-07,0.1845320086166134,0,-0.1845320086166134,-0.5518391522948467,0.1845320086166134,-0.0369065862553313,0.1845320086166134,0.1845320086166134,-0.1845320086166134,0.1845320086166134,-1.845320086166134e-07,1
33.9,-0.5185371212563211,0.2582878605960853,0.2582878605960853,0.4668792908492435,0,0,6.671261893130279e-08,293.15,2.582878605960853e-07,0.4668792908492435,0.01334252378626056,0.2,-0.05165783040707766,0.05165757211921706,1,1,0.2582878605960853,-0.2582878605960853,0,0.2582878605960853,-0.5185371212563211,-0.5185371212563211,0.2582878605960853,-0.2582878605960853,-2.582878605960853e-07,0.2582878605960853,0,-0.2582878605960853,-0.5185371212563211,0.2582878605960853,-0.05165783040707766,0.2582878605960853,0.2582878605960853,-0.2582878605960853,0.2582878605960853,-2.582878605960853e-07,1
34.05,-0.4747471544888252,0.324149372350938,0.324149372350938,0.4099169558692652,0,0,1.050728155955071e-07,293.15,3.24149372350938e-07,0.4099169558692652,0.02101456311910142,0.2,-0.06483019861955996,0.06482987447018761,1,1,0.324149372350938,-0.324149372350938,0,0.324149372350938,-0.4747471544888252,-0.4747471544888252,0.324149372350938,-0.324149372350938,-3.24149372350938e-07,0.324149372350938,0,-0.324149372350938,-0.4747471544888252,0.324149372350938,-0.06483019861955996,0.324149372350938,0.324149372350938,-0.324149372350938,0.324149372350938,-3.24149372350938e-07,1
34.2,-0.4217480163979397,0.3808926861592767,0.3808926861592767,0.3455690982733982,0,0,1.450792383696293e-07,293.15,3.808926861592767e-07,0.3455690982733982,0.02901584767392586,0.2,-0.07617891812454151,0.07617853723185536,1,1,0.3808926861592767,-0.3808926861592767,0,0.3808926861592767,-0.4217480163979397,-0.4217480163979397,0.3808926861592767,-0.3808926861592767,-3.808926861592767e-07,0.3808926861592767,0,-0.3808926861592767,-0.4217480163979397,0.3808926861592767,-0.07617891812454151,0.3808926861592767,0.3808926861592767,-0.3808926861592767,0.3808926861592767,-3.808926861592767e-07,1
34.35,-0.3609844818410717,0.4275319274426898,0.4275319274426898,0.2754776688206063,0,0,1.827835489828613e-07,293.15,4.275319274426897e-07,0.2754776688206063,0.03655670979657227,0.2,-0.08550681302046539,0.08550638548853795,1,1,0.4275319274426898,-0.4275319274426898,0,0.4275319274426898,-0.3609844818410717,-0.3609844818410717,0.4275319274426898,-0.4275319274426898,-4.275319274426897e-07,0.4275319274426898,0,-0.4275319274426898,-0.3609844818410717,0.4275319274426898,-0.08550681302046539,0.4275319274426898,0.4275319274426898,-0.4275319274426898,0.4275319274426898,-4.275319274426897e-07,1
34.5,-0.2940303860817607,0.4633338913313476,0.4633338913313476,0.2013631444815999,0,0,2.14678294856249e-07,293.15,4.633338913313475e-07,0.2013631444815999,0.0429356589712498,0.2,-0.09266724160016085,0.09266677826626951,1,1,0.4633338913313476,-0.4633338913313476,0,0.4633338913313476,-0.2940303860817607,-0.2940303860817607,0.4633338913313476,-0.4633338913313476,-4.633338913313475e-07,0.4633338913313476,0,-0.4633338913313476,-0.2940303860817607,0.4633338913313476,-0.09266724160016085,0.4633338913313476,0.4633338913313476,-0.4633338913313476,0.4633338913313476,-4.633338913313475e-07,1
34.65,-0.2225499950519698,0.4878267493886683,0.4878267493886683,0.1249841573474867,0,0,2.379749374191146e-07,293.15,4.878267493886683e-07,0.1249841573474867,0.04759498748382292,0.2,-0.09756583770448306,0.09756534987773367,1,1,0.4878267493886683,-0.4878267493886683,0,0.4878267493886683,-0.2225499950519698,-0.2225499950519698,0.4878267493886683,-0.4878267493886683,-4.878267493886683e-07,0.4878267493886683,0,-0.4878267493886683,-0.2225499950519698,0.4878267493886683,-0.09756583770448306,0.4878267493886683,0.4878267493886683,-0.4878267493886683,0.4878267493886683,-4.878267493886683e-07,1
34.8,-0.1482585447670776,0.5008029184798511,0.5008029184798511,0.0480974602681889,0,0,2.508035631579364e-07,293.15,5.008029184798511e-07,0.0480974602681889,0.05016071263158729,0.2,-0.1001610844988887,0.1001605836959702,1,1,0.5008029184798511,-0.5008029184798511,0,0.5008029184798511,-0.1482585447670776,-0.1482585447670776,0.5008029184798511,-0.5008029184798511,-5.008029184798511e-07,0.5008029184798511,0,-0.5008029184798511,-0.1482585447670776,0.5008029184798511,-0.1001610844988887,0.5008029184798511,0.5008029184798511,-0.5008029184798511,0.5008029184798511,-5.008029184798511e-07,1
34.95,-0.07288276091051329,0.5023156689578722,0.5023156689578722,-0.02758087519673011,0,0,2.523210312805946e-07,293.15,5.023156689578721e-07,-0.02758087519673011,0.05046420625611893,0.2,-0.1004636361072434,0.1004631337915744,1,1,0.5023156689578722,-0.5023156689578722,0,0.5023156689578722,-0.07288276091051329,-0.07288276091051329,0.5023156689578722,-0.5023156689578722,-5.023156689578721e-07,0.5023156689578722,0,-0.5023156689578722,-0.07288276091051329,0.5023156689578722,-0.1004636361072434,0.5023156689578722,0.5023156689578722,-0.5023156689578722,0.5023156689578722,-5.023156689578721e-07,1
35.1,0.001877674631107384,0.4926703507132555,0.4926703507132555,-0.1004122374441092,0,0,2.427240744719222e-07,293.15,4.926703507132555e-07,-0.1004122374441092,0.04854481489438443,0.2,-0.09853456281300181,0.0985340701426511,1,1,0.4926703507132555,-0.4926703507132555,0,0.4926703507132555,0.001877674631107384,0.001877674631107384,0.4926703507132555,-0.4926703507132555,-4.926703507132555e-07,0.4926703507132555,0,-0.4926703507132555,0.001877674631107384,0.4926703507132555,-0.09853456281300181,0.4926703507132555,0.4926703507132555,-0.4926703507132555,0.4926703507132555,-4.926703507132555e-07,1
35.25,0.07438694398012392,0.472410176469672,0.472410176469672,-0.1688694516842348,0,0,2.231713748321067e-07,293.15,4.72410176469672e-07,-0.1688694516842348,0.04463427496642133,0.2,-0.09448250770411087,0.09448203529393441,1,1,0.472410176469672,-0.472410176469672,0,0.472410176469672,0.07438694398012392,0.07438694398012392,0.472410176469672,-0.472410176469672,-4.72410176469672e-07,0.472410176469672,0,-0.472410176469672,0.07438694398012392,0.472410176469672,-0.09448250770411087,0.472410176469672,0.472410176469672,-0.472410176469672,0.472410176469672,-4.72410176469672e-07,1
35.4,0.1431073461422613,0.4422970781678724,0.4422970781678724,-0.231567204072914,0,0,1.95626705355837e-07,293.15,4.422970781678724e-07,-0.231567204072914,0.03912534107116741,0.2,-0.08845985793065266,0.08845941563357448,1,1,0.4422970781678724,-0.4422970781678724,0,0.4422970781678724,0.1431073461422613,0.1431073461422613,0.4422970781678724,-0.4422970781678724,-4.422970781678724e-07,0.4422970781678724,0,-0.4422970781678724,0.1431073461422613,0.4422970781678724,-0.08845985793065266,0.4422970781678724,0.4422970781678724,-0.4422970781678724,0.4422970781678724,-4.422970781678724e-07,1
35.55,0.2066305023192221,0.4032885336829631,0.4032885336829631,-0.2872886123443484,0,0,1.626416414001545e-07,293.15,4.032885336829631e-07,-0.2872886123443484,0.0325283282800309,0.2,-0.08065811002512631,0.08065770673659263,1,1,0.4032885336829631,-0.4032885336829631,0,0.4032885336829631,0.2066305023192221,0.2066305023192221,0.4032885336829631,-0.4032885336829631,-4.032885336829631e-07,0.4032885336829631,0,-0.4032885336829631,0.2066305023192221,0.4032885336829631,-0.08065811002512631,0.4032885336829631,0.4032885336829631,-0.4032885336829631,0.4032885336829631,-4.032885336829631e-07,1
35.7,0.263704615735912,0.3565104839051498,0.3565104839051498,-0.3350070690274258,0,0,1.270997251342841e-07,293.15,3.565104839051498e-07,-0.3350070690274258,0.02541994502685682,0.2,-0.07130245329151388,0.07130209678102997,1,1,0.3565104839051498,-0.3565104839051498,0,0.3565104839051498,0.263704615735912,0.263704615735912,0.3565104839051498,-0.3565104839051498,-3.565104839051498e-07,0.3565104839051498,0,-0.3565104839051498,0.263704615735912,0.3565104839051498,-0.07130245329151388,0.3565104839051498,0.3565104839051498,-0.3565104839051498,0.3565104839051498,-3.565104839051498e-07,1
35.85,0.3132575592330962,0.3032274859679057,0.3032274859679057,-0.3739033596541633,0,0,9.194690824641642e-08,293.15,3.032274859679056e-07,-0.3739033596541633,0.01838938164928329,0.2,-0.0606458004210671,0.06064549719358114,1,1,0.3032274859679057,-0.3032274859679057,0,0.3032274859679057,0.3132575592330962,0.3132575592330962,0.3032274859679057,-0.3032274859679057,-3.032274859679056e-07,0.3032274859679057,0,-0.3032274859679057,0.3132575592330962,0.3032274859679057,-0.0606458004210671,0.3032274859679057,0.3032274859679057,-0.3032274859679057,0.3032274859679057,-3.032274859679056e-07,1
36,0.3544153457943763,0.2448106613760611,0.2448106613760611,-0.4033777228802499,0,0,5.993225992338447e-08,293.15,2.448106613760611e-07,-0.4033777228802499,0.0119864519846769,0.2,-0.04896237708587361,0.04896213227521223,1,1,0.2448106613760611,-0.2448106613760611,0,0.2448106613760611,0.3544153457943763,0.3544153457943763,0.2448106613760611,-0.2448106613760611,-2.448106613760611e-07,0.2448106613760611,0,-0.2448106613760611,0.3544153457943763,0.2448106613760611,-0.04896237708587361,0.2448106613760611,0.2448106613760611,-0.2448106613760611,0.2448106613760611,-2.448106613760611e-07,1
36.15,0.386515468643973,0.1827041616151708,0.1827041616151708,-0.4230564836711687,0,0,3.338081067150244e-08,293.15,1.827041616151708e-07,-0.4230564836711687,0.006676162134300489,0.2,-0.03654101502719577,0.03654083232303416,1,1,0.1827041616151708,-0.1827041616151708,0,0.1827041616151708,0.386515468643973,0.386515468643973,0.1827041616151708,-0.1827041616151708,-1.827041616151708e-07,0.1827041616151708,0,-0.1827041616151708,0.386515468643973,0.1827041616151708,-0.03654101502719577,0.1827041616151708,0.1827041616151708,-0.1827041616151708,0.1827041616151708,-1.827041616151708e-07,1
36.3,0.4091154826823607,0.1183911051140425,0.1183911051140425,-0.4327938220962743,0,0,1.401645377012427e-08,293.15,1.183911051140425e-07,-0.4327938220962743,0.002803290754024855,0.2,-0.02367833941391363,0.02367822102280851,1,1,0.1183911051140425,-0.1183911051140425,0,0.1183911051140425,0.4091154826823607,0.4091154826823607,0.1183911051140425,-0.1183911051140425,-1.183911051140425e-07,0.1183911051140425,0,-0.1183911051140425,0.4091154826823607,0.1183911051140425,-0.02367833941391363,0.1183911051140425,0.1183911051140425,-0.1183911051140425,0.1183911051140425,-1.183911051140425e-07,1
36.45,0.4219961699900863,0.05335958334474549,0.05335958334474549,-0.4326681400186187,0,0,2.84724513472484e-09,293.15,5.335958334474549e-08,-0.4326681400186187,0.0005694490269449682,0.2,-0.01067197002853244,0.0106719166689491,1,1,0.05335958334474549,-0.05335958334474549,0,0.05335958334474549,0.4219961699900863,0.4219961699900863,0.05335958334474549,-0.05335958334474549,-5.335958334474549e-08,0.05335958334474549,0,-0.05335958334474549,0.4219961699900863,0.05335958334474549,-0.01067197002853244,0.05335958334474549,0.05335958334474549,-0.05335958334474549,0.05335958334474549,-5.335958334474549e-08,1
36.6,0.4251597902656736,-0.01093038894758381,-0.01093038894758381,-0.4229737015457679,0,0,1.194734025454623e-10,293.15,-1.093038894758381e-08,-0.4229737015457679,2.389468050909246e-05,0.2,0.00218608871990571,-0.002186077789516762,1,1,-0.01093038894758381,0.01093038894758381,0,-0.01093038894758381,0.4251597902656736,0.4251597902656736,-0.01093038894758381,0.01093038894758381,1.093038894758381e-08,-0.01093038894758381,0,0.01093038894758381,0.4251597902656736,-0.01093038894758381,0.00218608871990571,-0.01093038894758381,-0.01093038894758381,0.01093038894758381,-0.01093038894758381,1.093038894758381e-08,1
36.75,0.418823589755412,-0.07307837662882043,-0.07307837662882043,-0.4042078413512713,0,0,5.340449130703728e-09,293.15,-7.307837662882043e-08,-0.4042078413512713,0.001068089826140746,0.2,0.01461574840414072,-0.01461567532576409,1,1,-0.07307837662882043,0.07307837662882043,0,-0.07307837662882043,0.418823589755412,0.418823589755412,-0.07307837662882043,0.07307837662882043,7.307837662882043e-08,-0.07307837662882043,0,0.07307837662882043,0.418823589755412,-0.07307837662882043,0.01461574840414072,-0.07307837662882043,-0.07307837662882043,0.07307837662882043,-0.07307837662882043,7.307837662882043e-08,1
36.9,0.4034084962382621,-0.1317726941355439,-0.1317726941355439,-0.3770538256384592,0,0,1.73640429197396e-08,293.15,-1.317726941355439e-07,-0.3770538256384592,0.00347280858394792,0.2,0.02635467059980291,-0.02635453882710878,1,1,-0.1317726941355439,0.1317726941355439,0,-0.1317726941355439,0.4034084962382621,0.4034084962382621,-0.1317726941355439,0.1317726941355439,1.317726941355439e-07,-0.1317726941355439,0,0.1317726941355439,0.4034084962382621,-0.1317726941355439,0.02635467059980291,-0.1317726941355439,-0.1317726941355439,0.1317726941355439,-0.1317726941355439,1.317726941355439e-07,1
37.05,0.3795239092838502,-0.1858168597262124,-0.1858168597262124,-0.3423603515217479,0,0,3.452790535851089e-08,293.15,-1.858168597262124e-07,-0.3423603515217479,0.00690558107170218,0.2,0.03716355776210221,-0.03716337194524248,1,1,-0.1858168597262124,0.1858168597262124,0,-0.1858168597262124,0.3795239092838502,0.3795239092838502,-0.1858168597262124,0.1858168597262124,1.858168597262124e-07,-0.1858168597262124,0,0.1858168597262124,0.3795239092838502,-0.1858168597262124,0.03716355776210221,-0.1858168597262124,-0.1858168597262124,0.1858168597262124,-0.1858168597262124,1.858168597262124e-07,1
37.2,0.347948594774961,-0.2341526423450067,-0.2341526423450067,-0.3011178321533173,0,0,5.48274599171486e-08,293.15,-2.341526423450066e-07,-0.3011178321533173,0.01096549198342972,0.2,0.04683076262164368,-0.04683052846900133,1,1,-0.2341526423450067,0.2341526423450067,0,-0.2341526423450067,0.347948594774961,0.347948594774961,-0.2341526423450067,0.2341526423450067,2.341526423450066e-07,-0.2341526423450067,0,0.2341526423450067,0.347948594774961,-0.2341526423450067,0.04683076262164368,-0.2341526423450067,-0.2341526423450067,0.2341526423450067,-0.2341526423450067,2.341526423450066e-07,1
37.35,0.3096084156341968,-0.2758793358967007,-0.2758793358967007,-0.2544322725755208,0,0,7.610940797480459e-08,293.15,-2.758793358967007e-07,-0.2544322725755208,0.01522188159496092,0.2,0.05517614305867603,-0.05517586717934014,1,1,-0.2758793358967007,0.2758793358967007,0,-0.2758793358967007,0.3096084156341968,0.3096084156341968,-0.2758793358967007,0.2758793358967007,2.758793358967007e-07,-0.2758793358967007,0,0.2758793358967007,0.3096084156341968,-0.2758793358967007,0.05517614305867603,-0.2758793358967007,-0.2758793358967007,0.2758793358967007,-0.2758793358967007,2.758793358967007e-07,1
37.5,0.2655515836413028,-0.3102691404666937,-0.3102691404666937,-0.2034974452788236,0,0,9.626693952594092e-08,293.15,-3.102691404666937e-07,-0.2034974452788236,0.01925338790518819,0.2,0.06205413836247922,-0.06205382809333875,1,1,-0.3102691404666937,0.3102691404666937,0,-0.3102691404666937,0.2655515836413028,0.2655515836413028,-0.3102691404666937,0.3102691404666937,3.102691404666937e-07,-0.3102691404666937,0,0.3102691404666937,0.2655515836413028,-0.3102691404666937,0.06205413836247922,-0.3102691404666937,-0.3102691404666937,0.3102691404666937,-0.3102691404666937,3.102691404666937e-07,1
37.65,0.2169217765779967,-0.3367780419025579,-0.3367780419025579,-0.1495658314194432,0,0,1.134194495077211e-07,293.15,-3.367780419025579e-07,-0.1495658314194432,0.02268388990154422,0.2,0.06735594515855349,-0.06735560838051159,1,1,-0.3367780419025579,0.3367780419025579,0,-0.3367780419025579,0.2169217765779967,0.2169217765779967,-0.3367780419025579,0.3367780419025579,3.367780419025579e-07,-0.3367780419025579,0,0.3367780419025579,0.2169217765779967,-0.3367780419025579,0.06735594515855349,-0.3367780419025579,-0.3367780419025579,0.3367780419025579,-0.3367780419025579,3.367780419025579e-07,1
37.8,0.1649300513304598,-0.3550524753086801,-0.3550524753086801,-0.09391920121624851,0,0,1.260622602228209e-07,293.15,-3.550524753086801e-07,-0.09391920121624851,0.02521245204456418,0.2,0.07101085011421134,-0.07101049506173603,1,1,-0.3550524753086801,0.3550524753086801,0,-0.3550524753086801,0.1649300513304598,0.1649300513304598,-0.3550524753086801,0.3550524753086801,3.550524753086801e-07,-0.3550524753086801,0,0.3550524753086801,0.1649300513304598,-0.3550524753086801,0.07101085011421134,-0.3550524753086801,-0.3550524753086801,0.3550524753086801,-0.3550524753086801,3.550524753086801e-07,1
37.95,0.110826052599504,-0.3649315404979013,-0.3649315404979013,-0.03783937956838328,0,0,1.331750292501714e-07,293.15,-3.649315404979013e-07,-0.03783937956838328,0.02663500585003427,0.2,0.07298667303112076,-0.07298630809958026,1,1,-0.3649315404979013,0.3649315404979013,0,-0.3649315404979013,0.110826052599504,0.110826052599504,-0.3649315404979013,0.3649315404979013,3.649315404979013e-07,-0.3649315404979013,0,0.3649315404979013,0.110826052599504,-0.3649315404979013,0.07298667303112076,-0.3649315404979013,-0.3649315404979013,0.3649315404979013,-0.3649315404979013,3.649315404979013e-07,1
38.1,0.05586922224682427,-0.3664447640764789,-0.3664447640764789,0.01742009701323558,0,0,1.342817651190662e-07,293.15,-3.664447640764788e-07,0.01742009701323558,0.02685635302381325,0.2,0.07328931926005985,-0.07328895281529578,1,1,-0.3664447640764789,0.3664447640764789,0,-0.3664447640764789,0.05586922224682427,0.05586922224682427,-0.3664447640764789,0.3664447640764789,3.664447640764788e-07,-0.3664447640764789,0,0.3664447640764789,0.05586922224682427,-0.3664447640764789,0.07328931926005985,-0.3664447640764789,-0.3664447640764789,0.3664447640764789,-0.3664447640764789,3.664447640764788e-07,1
38.25,0.00130064137557362,-0.3598059608352961,-0.3598059608352961,0.07066091059744643,0,0,1.294603294526106e-07,293.15,-3.598059608352961e-07,0.07066091059744643,0.02589206589052213,0.2,0.07196155197302005,-0.07196119216705922,1,1,-0.3598059608352961,0.3598059608352961,0,-0.3598059608352961,0.00130064137557362,0.00130064137557362,-0.3598059608352961,0.3598059608352961,3.598059608352961e-07,-0.3598059608352961,0,0.3598059608352961,0.00130064137557362,-0.3598059608352961,0.07196155197302005,-0.3598059608352961,-0.3598059608352961,0.3598059608352961,-0.3598059608352961,3.598059608352961e-07,1
38.4,-0.05168387770240816,-0.3454029476704799,-0.3454029476704799,0.1207648126394518,0,0,1.193031962594562e-07,293.15,-3.454029476704798e-07,0.1207648126394518,0.02386063925189125,0.2,0.06908093493704365,-0.06908058953409597,1,1,-0.3454029476704799,0.3454029476704799,0,-0.3454029476704799,-0.05168387770240816,-0.05168387770240816,-0.3454029476704799,0.3454029476704799,3.454029476704798e-07,-0.3454029476704799,0,0.3454029476704799,-0.05168387770240816,-0.3454029476704799,0.06908093493704365,-0.3454029476704799,-0.3454029476704799,0.3454029476704799,-0.3454029476704799,3.454029476704798e-07,1
38.55,-0.101958902595189,-0.323783845102694,-0.323783845102694,0.1667159953995729,0,0,1.048359783494853e-07,293.15,-3.23783845102694e-07,0.1667159953995729,0.02096719566989707,0.2,0.0647570928043839,-0.0647567690205388,1,1,-0.323783845102694,0.323783845102694,0,-0.323783845102694,-0.101958902595189,-0.101958902595189,-0.323783845102694,0.323783845102694,3.23783845102694e-07,-0.323783845102694,0,0.323783845102694,-0.101958902595189,-0.323783845102694,0.0647570928043839,-0.323783845102694,-0.323783845102694,0.323783845102694,-0.323783845102694,3.23783845102694e-07,1
38.7,-0.1484922395472127,-0.2956402641292439,-0.2956402641292439,0.2076205880133256,0,0,8.740316577440908e-08,293.15,-2.956402641292439e-07,0.2076205880133256,0.01748063315488182,0.2,0.05912834846611291,-0.05912805282584878,1,1,-0.2956402641292439,0.2956402641292439,0,-0.2956402641292439,-0.1484922395472127,-0.1484922395472127,-0.2956402641292439,0.2956402641292439,2.956402641292439e-07,-0.2956402641292439,0,0.2956402641292439,-0.1484922395472127,-0.2956402641292439,0.05912834846611291,-0.2956402641292439,-0.2956402641292439,0.2956402641292439,-0.2956402641292439,2.956402641292439e-07,1
38.85,-0.1903649350829152,-0.2617876725709112,-0.2617876725709112,0.24272273138477,0,0,6.853278551009462e-08,293.15,-2.617876725709112e-07,0.24272273138477,0.01370655710201893,0.2,0.05235779630185482,-0.05235753451418225,1,1,-0.2617876725709112,0.2617876725709112,0,-0.2617876725709112,-0.1903649350829152,-0.1903649350829152,-0.2617876725709112,0.2617876725709112,2.617876725709112e-07,-0.2617876725709112,0,0.2617876725709112,-0.1903649350829152,-0.2617876725709112,0.05235779630185482,-0.2617876725709112,-0.2617876725709112,0.2617876725709112,-0.2617876725709112,2.617876725709112e-07,1
39,-0.2267883577894537,-0.223143785682194,-0.223143785682194,0.2714173380696782,0,0,4.979314908858094e-08,293.15,-2.23143785682194e-07,0.2714173380696782,0.00995862981771619,0.2,0.0446289802802245,-0.04462875713643881,1,1,-0.223143785682194,0.223143785682194,0,-0.223143785682194,-0.2267883577894537,-0.2267883577894537,-0.223143785682194,0.223143785682194,2.23143785682194e-07,-0.223143785682194,0,0.223143785682194,-0.2267883577894537,-0.223143785682194,0.0446289802802245,-0.223143785682194,-0.223143785682194,0.223143785682194,-0.223143785682194,2.23143785682194e-07,1
39.15,-0.257117733444807,-0.1807051824293903,-0.1807051824293903,0.2932589506358675,0,0,3.265436295683923e-08,293.15,-1.807051824293903e-07,0.2932589506358675,0.006530872591367845,0.2,0.03614121719106049,-0.03614103648587806,1,1,-0.1807051824293903,0.1807051824293903,0,-0.1807051824293903,-0.257117733444807,-0.257117733444807,-0.1807051824293903,0.1807051824293903,1.807051824293903e-07,-0.1807051824293903,0,0.1807051824293903,-0.257117733444807,-0.1807051824293903,0.03614121719106049,-0.1807051824293903,-0.1807051824293903,0.1807051824293903,-0.1807051824293903,1.807051824293903e-07,1
39.3,-0.2808621386583901,-0.1355229353636141,-0.1355229353636141,0.3079668612540483,0,0,1.836646600957034e-08,293.15,-1.355229353636141e-07,0.3079668612540483,0.003673293201914068,0.2,0.02710472259565819,-0.02710458707272283,1,1,-0.1355229353636141,0.1355229353636141,0,-0.1355229353636141,-0.2808621386583901,-0.2808621386583901,-0.1355229353636141,0.1355229353636141,1.355229353636141e-07,-0.1355229353636141,0,0.1355229353636141,-0.2808621386583901,-0.1355229353636141,0.02710472259565819,-0.1355229353636141,-0.1355229353636141,0.1355229353636141,-0.1355229353636141,1.355229353636141e-07,1
39.45,-0.2976909032546026,-0.08867776253084218,-0.08867776253084218,0.3154265444385336,0,0,7.863745567476438e-09,293.15,-8.867776253084218e-08,0.3154265444385336,0.001572749113495288,0.2,0.01773564118393097,-0.01773555250616844,1,1,-0.08867776253084218,0.08867776253084218,0,-0.08867776253084218,-0.2976909032546026,-0.2976909032546026,-0.08867776253084218,0.08867776253084218,8.867776253084218e-08,-0.08867776253084218,0,0.08867776253084218,-0.2976909032546026,-0.08867776253084218,0.01773564118393097,-0.08867776253084218,-0.08867776253084218,0.08867776253084218,-0.08867776253084218,8.867776253084218e-08,1
39.6,-0.3074360810448847,-0.04125522789075296,-0.04125522789075296,0.3156871678782632,0,0,1.70199382831796e-09,293.15,-4.125522789075295e-08,0.3156871678782632,0.0003403987656635922,0.2,0.008251086833378482,-0.008251045578150592,1,1,-0.04125522789075296,0.04125522789075296,0,-0.04125522789075296,-0.3074360810448847,-0.3074360810448847,-0.04125522789075296,0.04125522789075296,4.125522789075295e-08,-0.04125522789075296,0,0.04125522789075296,-0.3074360810448847,-0.04125522789075296,0.008251086833378482,-0.04125522789075296,-0.04125522789075296,0.04125522789075296,-0.04125522789075296,4.125522789075295e-08,1
39.75,-0.3100914367177322,0.005678416212577956,0.005678416212577956,0.3089557477968004,0,0,3.224441068326817e-11,293.15,5.678416212577955e-09,0.3089557477968004,6.448882136653635e-06,0.2,-0.001135688920931804,0.001135683242515591,1,1,0.005678416212577956,-0.005678416212577956,0,0.005678416212577956,-0.3100914367177322,-0.3100914367177322,0.005678416212577956,-0.005678416212577956,-5.678416212577955e-09,0.005678416212577956,0,-0.005678416212577956,-0.3100914367177322,0.005678416212577956,-0.001135688920931804,0.005678416212577956,0.005678416212577956,-0.005678416212577956,0.005678416212577956,-5.678416212577955e-09,1
39.9,-0.3058077872618496,0.0510992558727531,0.0510992558727531,0.2955878849880431,0,0,2.611133950749092e-09,293.15,5.10992558727531e-08,0.2955878849880431,0.0005222267901498185,0.2,-0.01021990227380649,0.01021985117455062,1,1,0.0510992558727531,-0.0510992558727531,0,0.0510992558727531,-0.3058077872618496,-0.3058077872618496,0.0510992558727531,-0.0510992558727531,-5.10992558727531e-08,0.0510992558727531,0,-0.0510992558727531,-0.3058077872618496,0.0510992558727531,-0.01021990227380649,0.0510992558727531,0.0510992558727531,-0.0510992558727531,0.0510992558727531,-5.10992558727531e-08,1
40.05,-0.2948849663497491,0.09404708702310106,0.09404708702310106,0.2760754548980419,0,0,8.844854577530745e-09,293.15,9.404708702310106e-08,0.2760754548980419,0.001768970915506149,0.2,-0.01880951145170724,0.01880941740462021,1,1,0.09404708702310106,-0.09404708702310106,0,0.09404708702310106,-0.2948849663497491,-0.2948849663497491,0.09404708702310106,-0.09404708702310106,-9.404708702310106e-08,0.09404708702310106,0,-0.09404708702310106,-0.2948849663497491,0.09404708702310106,-0.01880951145170724,0.09404708702310106,0.09404708702310106,-0.09404708702310106,0.09404708702310106,-9.404708702310106e-08,1
40.2,-0.2777608857584882,0.1336448296132334,0.1336448296132334,0.2510317861910119,0,0,1.786094048235019e-08,293.15,1.336448296132334e-07,0.2510317861910119,0.003572188096470038,0.2,-0.02672909956747629,0.02672896592264668,1,1,0.1336448296132334,-0.1336448296132334,0,0.1336448296132334,-0.2777608857584882,-0.2777608857584882,0.1336448296132334,-0.1336448296132334,-1.336448296132334e-07,0.1336448296132334,0,-0.1336448296132334,-0.2777608857584882,0.1336448296132334,-0.02672909956747629,0.1336448296132334,0.1336448296132334,-0.1336448296132334,0.1336448296132334,-1.336448296132334e-07,1
40.35,-0.254997680383819,0.1691154239789893,0.1691154239789893,0.2211744264725971,0,0,2.860002662759332e-08,293.15,1.691154239789893e-07,0.2211744264725971,0.005720005325518664,0.2,-0.03382325391122185,0.03382308479579787,1,1,0.1691154239789893,-0.1691154239789893,0,0.1691154239789893,-0.254997680383819,-0.254997680383819,0.1691154239789893,-0.1691154239789893,-1.691154239789893e-07,0.1691154239789893,0,-0.1691154239789893,-0.254997680383819,0.1691154239789893,-0.03382325391122185,0.1691154239789893,0.1691154239789893,-0.1691154239789893,0.1691154239789893,-1.691154239789893e-07,1
40.5,-0.2272656344654121,0.1997960854925896,0.1997960854925896,0.1873062175708086,0,0,3.991847577816218e-08,293.15,1.997960854925896e-07,0.1873062175708086,0.007983695155632436,0.2,-0.03995941689460342,0.03995921709851793,1,1,0.1997960854925896,-0.1997960854925896,0,0.1997960854925896,-0.2272656344654121,-0.2272656344654121,0.1997960854925896,-0.1997960854925896,-1.997960854925896e-07,0.1997960854925896,0,-0.1997960854925896,-0.2272656344654121,0.1997960854925896,-0.03995941689460342,0.1997960854925896,0.1997960854925896,-0.1997960854925896,0.1997960854925896,-1.997960854925896e-07,1
40.65,-0.1953251708506246,0.225149622219766,0.225149622219766,0.1502950212570491,0,0,5.069235238570336e-08,293.15,2.25149622219766e-07,0.1502950212570491,0.01013847047714067,0.2,-0.04503014959357542,0.04502992444395321,1,1,0.225149622219766,-0.225149622219766,0,0.225149622219766,-0.1953251708506246,-0.1953251708506246,0.225149622219766,-0.225149622219766,-2.25149622219766e-07,0.225149622219766,0,-0.225149622219766,-0.1953251708506246,0.225149622219766,-0.04503014959357542,0.225149622219766,0.225149622219766,-0.225149622219766,0.225149622219766,-2.25149622219766e-07,1
40.8,-0.1600073190903928,0.2447725243538972,0.2447725243538972,0.111052569447089,0,0,5.991358867857919e-08,293.15,2.447725243538972e-07,0.111052569447089,0.01198271773571584,0.2,-0.0489547496433038,0.04895450487077944,1,1,0.2447725243538972,-0.2447725243538972,0,0.2447725243538972,-0.1600073190903928,-0.1600073190903928,0.2447725243538972,-0.2447725243538972,-2.447725243538972e-07,0.2447725243538972,0,-0.2447725243538972,-0.1600073190903928,0.2447725243538972,-0.0489547496433038,0.2447725243538972,0.2447725243538972,-0.2447725243538972,0.2447725243538972,-2.447725243538972e-07,1
40.95,-0.1221932908575769,0.2584000487657104,0.2584000487657104,0.07051302270438609,0,0,6.67705852021215e-08,293.15,2.584000487657104e-07,0.07051302270438609,0.0133541170404243,0.2,-0.05168026815319084,0.05168000975314208,1,1,0.2584000487657104,-0.2584000487657104,0,0.2584000487657104,-0.1221932908575769,-0.1221932908575769,0.2584000487657104,-0.2584000487657104,-2.584000487657104e-07,0.2584000487657104,0,-0.2584000487657104,-0.1221932908575769,0.2584000487657104,-0.05168026815319084,0.2584000487657104,0.2584000487657104,-0.2584000487657104,0.2584000487657104,-2.584000487657104e-07,1
41.1,-0.08279346837005838,0.2659078976925826,0.2659078976925826,0.02961162292364417,0,0,7.070701005528895e-08,293.15,2.659078976925825e-07,0.02961162292364417,0.01414140201105779,0.2,-0.05318184544641421,0.05318157953851652,1,1,0.2659078976925826,-0.2659078976925826,0,0.2659078976925826,-0.08279346837005838,-0.08279346837005838,0.2659078976925826,-0.2659078976925826,-2.659078976925825e-07,0.2659078976925826,0,-0.2659078976925826,-0.08279346837005838,0.2659078976925826,-0.05318184544641421,0.2659078976925826,0.2659078976925826,-0.2659078976925826,0.2659078976925826,-2.659078976925825e-07,1
41.25,-0.0427264133514762,0.2673108221796781,0.2673108221796781,-0.01073601839528159,0,0,7.145507565437546e-08,293.15,2.67310822179678e-07,-0.01073601839528159,0.01429101513087509,0.2,-0.05346243174675779,0.05346216443593561,1,1,0.2673108221796781,-0.2673108221796781,0,0.2673108221796781,-0.0427264133514762,-0.0427264133514762,0.2673108221796781,-0.2673108221796781,-2.67310822179678e-07,0.2673108221796781,0,-0.2673108221796781,-0.0427264133514762,0.2673108221796781,-0.05346243174675779,0.2673108221796781,0.2673108221796781,-0.2673108221796781,0.2673108221796781,-2.67310822179678e-07,1
41.4,-0.002898295164683545,0.2627582466246816,0.2627582466246816,-0.04965361691849941,0,0,6.9041896169277e-08,293.15,2.627582466246816e-07,-0.04965361691849941,0.0138083792338554,0.2,-0.05255191208318295,0.05255164932493633,1,1,0.2627582466246816,-0.2627582466246816,0,0.2627582466246816,-0.002898295164683545,-0.002898295164683545,0.2627582466246816,-0.2627582466246816,-2.627582466246816e-07,0.2627582466246816,0,-0.2627582466246816,-0.002898295164683545,0.2627582466246816,-0.05255191208318295,0.2627582466246816,0.2627582466246816,-0.2627582466246816,0.2627582466246816,-2.627582466246816e-07,1
41.55,0.03581677341768352,0.2525268913102506,0.2525268913102506,-0.08632240420662494,0,0,6.376983083481912e-08,293.15,2.525268913102506e-07,-0.08632240420662494,0.01275396616696382,0.2,-0.05050563078894143,0.05050537826205012,1,1,0.2525268913102506,-0.2525268913102506,0,0.2525268913102506,0.03581677341768352,0.03581677341768352,0.2525268913102506,-0.2525268913102506,-2.525268913102506e-07,0.2525268913102506,0,-0.2525268913102506,0.03581677341768352,0.2525268913102506,-0.05050563078894143,0.2525268913102506,0.2525268913102506,-0.2525268913102506,0.2525268913102506,-2.525268913102506e-07,1
41.7,0.07259515312823643,0.2370109724755404,0.2370109724755404,-0.119997584634317,0,0,5.617420107380136e-08,293.15,2.370109724755404e-07,-0.119997584634317,0.01123484021476027,0.2,-0.04740243150608055,0.04740219449510807,1,1,0.2370109724755404,-0.2370109724755404,0,0.2370109724755404,0.07259515312823643,0.07259515312823643,0.2370109724755404,-0.2370109724755404,-2.370109724755404e-07,0.2370109724755404,0,-0.2370109724755404,0.07259515312823643,0.2370109724755404,-0.04740243150608055,0.2370109724755404,0.2370109724755404,-0.2370109724755404,0.2370109724755404,-2.370109724755404e-07,1
41.85,0.1066803979213039,0.2167099650786634,0.2167099650786634,-0.1500226076470016,0,0,4.696320896439549e-08,293.15,2.167099650786634e-07,-0.1500226076470016,0.009392641792879099,0.2,-0.04334220972569775,0.04334199301573267,1,1,0.2167099650786634,-0.2167099650786634,0,0.2167099650786634,0.1066803979213039,0.1066803979213039,0.2167099650786634,-0.2167099650786634,-2.167099650786634e-07,0.2167099650786634,0,-0.2167099650786634,0.1066803979213039,0.2167099650786634,-0.04334220972569775,0.2167099650786634,0.2167099650786634,-0.2167099650786634,0.2167099650786634,-2.167099650786634e-07,1
42,0.137397980291282,0.1922144274462223,0.1922144274462223,-0.1758410579949539,0,0,3.694638611847905e-08,293.15,1.922144274462223e-07,-0.1758410579949539,0.007389277223695811,0.2,-0.0384430777036719,0.03844288548924446,1,1,0.1922144274462223,-0.1922144274462223,0,0.1922144274462223,0.137397980291282,0.137397980291282,0.1922144274462223,-0.1922144274462223,-1.922144274462223e-07,0.1922144274462223,0,-0.1922144274462223,0.137397980291282,0.1922144274462223,-0.0384430777036719,0.1922144274462223,0.1922144274462223,-0.1922144274462223,0.1922144274462223,-1.922144274462223e-07,1
42.15,0.1641678503064833,0.1641902918489337,0.1641902918489337,-0.1970060728665619,0,0,2.695845193743803e-08,293.15,1.641902918489337e-07,-0.1970060728665619,0.005391690387487606,0.2,-0.03283822256007859,0.03283805836978675,1,1,0.1641902918489337,-0.1641902918489337,0,0.1641902918489337,0.1641678503064833,0.1641678503064833,0.1641902918489337,-0.1641902918489337,-1.641902918489337e-07,0.1641902918489337,0,-0.1641902918489337,0.1641678503064833,0.1641902918489337,-0.03283822256007859,0.1641902918489337,0.1641902918489337,-0.1641902918489337,0.1641902918489337,-1.641902918489337e-07,1
42.3,0.1865144131106954,0.1333618569253606,0.1333618569253606,-0.2131869178576245,0,0,1.778538488258036e-08,293.15,1.333618569253606e-07,-0.2131869178576245,0.003557076976516072,0.2,-0.02667250474692905,0.02667237138507213,1,1,0.1333618569253606,-0.1333618569253606,0,0.1333618569253606,0.1865144131106954,0.1865144131106954,0.1333618569253606,-0.1333618569253606,-1.333618569253606e-07,0.1333618569253606,0,-0.1333618569253606,0.1865144131106954,0.1333618569253606,-0.02667250474692905,0.1333618569253606,0.1333618569253606,-0.1333618569253606,0.1333618569253606,-1.333618569253606e-07,1
42.45,0.2040740031972087,0.1004940633207006,0.1004940633207006,-0.2241729163554121,0,0,1.009905676270499e-08,293.15,1.004940633207006e-07,-0.2241729163554121,0.002019811352540998,0.2,-0.02009891315820345,0.02009881266414013,1,1,0.1004940633207006,-0.1004940633207006,0,0.1004940633207006,0.2040740031972087,0.2040740031972087,0.1004940633207006,-0.1004940633207006,-1.004940633207006e-07,0.1004940633207006,0,-0.1004940633207006,0.2040740031972087,0.1004940633207006,-0.02009891315820345,0.1004940633207006,0.1004940633207006,-0.1004940633207006,0.1004940633207006,-1.004940633207006e-07,1
42.6,0.2165996288247165,0.06637436230006974,0.06637436230006974,-0.2298745676590928,0,0,4.405555970740918e-09,293.15,6.637436230006973e-08,-0.2298745676590928,0.0008811111941481839,0.2,-0.01327493883437625,0.01327487246001395,1,1,0.06637436230006974,-0.06637436230006974,0,0.06637436230006974,0.2165996288247165,0.2165996288247165,0.06637436230006974,-0.06637436230006974,-6.637436230006973e-08,0.06637436230006974,0,-0.06637436230006974,0.2165996288247165,0.06637436230006974,-0.01327493883437625,0.06637436230006974,0.06637436230006974,-0.06637436230006974,0.06637436230006974,-6.637436230006973e-08,1
42.75,0.2239629291551863,0.03179462906139621,0.03179462906139621,-0.2303218867620946,0,0,1.01089843715178e-09,293.15,3.17946290613962e-08,-0.2303218867620946,0.0002021796874303561,0.2,-0.006358957606908303,0.006358925812279242,1,1,0.03179462906139621,-0.03179462906139621,0,0.03179462906139621,0.2239629291551863,0.2239629291551863,0.03179462906139621,-0.03179462906139621,-3.17946290613962e-08,0.03179462906139621,0,-0.03179462906139621,0.2239629291551863,0.03179462906139621,-0.006358957606908303,0.03179462906139621,0.03179462906139621,-0.03179462906139621,0.03179462906139621,-3.17946290613962e-08,1
42.9,0.2261535958162126,-0.002466491902595551,-0.002466491902595551,-0.2256602949692016,0,0,6.083582305569422e-12,293.15,-2.466491902595551e-09,-0.2256602949692016,1.216716461113884e-06,0.2,0.0004933008470110129,-0.0004932983805191102,1,1,-0.002466491902595551,0.002466491902595551,0,-0.002466491902595551,0.2261535958162126,0.2261535958162126,-0.002466491902595551,0.002466491902595551,2.466491902595551e-09,-0.002466491902595551,0,0.002466491902595551,0.2261535958162126,-0.002466491902595551,0.0004933008470110129,-0.002466491902595551,-0.002466491902595551,0.002466491902595551,-0.002466491902595551,2.466491902595551e-09,1
43.05,0.2232760411443568,-0.03566041619473268,-0.03566041619473268,-0.216143922244994,0,0,1.271665283181553e-09,293.15,-3.566041619473268e-08,-0.216143922244994,0.0002543330566363106,0.2,0.007132118899362732,-0.007132083238946537,1,1,-0.03566041619473268,0.03566041619473268,0,-0.03566041619473268,0.2232760411443568,0.2232760411443568,-0.03566041619473268,0.03566041619473268,3.566041619473268e-08,-0.03566041619473268,0,0.03566041619473268,0.2232760411443568,-0.03566041619473268,0.007132118899362732,-0.03566041619473268,-0.03566041619473268,0.03566041619473268,-0.03566041619473268,3.566041619473268e-08,1
43.2,0.215543716881343,-0.06708429069004816,-0.06708429069004816,-0.2021267916590427,0,0,4.500302057386883e-09,293.15,-6.708429069004816e-08,-0.2021267916590427,0.0009000604114773765,0.2,0.01341692522230032,-0.01341685813800963,1,1,-0.06708429069004816,0.06708429069004816,0,-0.06708429069004816,0.215543716881343,0.215543716881343,-0.06708429069004816,0.06708429069004816,6.708429069004816e-08,-0.06708429069004816,0,0.06708429069004816,0.215543716881343,-0.06708429069004816,0.01341692522230032,-0.06708429069004816,-0.06708429069004816,0.06708429069004816,-0.06708429069004816,6.708429069004816e-08,1
43.35,0.2032712005933641,-0.09609521483487091,-0.09609521483487091,-0.1840520615311751,0,0,9.234290314159994e-09,293.15,-9.60952148348709e-08,-0.1840520615311751,0.001846858062831999,0.2,0.01921913906218902,-0.01921904296697418,1,1,-0.09609521483487091,0.09609521483487091,0,-0.09609521483487091,0.2032712005933641,0.2032712005933641,-0.09609521483487091,0.09609521483487091,9.60952148348709e-08,-0.09609521483487091,0,0.09609521483487091,0.2032712005933641,-0.09609521483487091,0.01921913906218902,-0.09609521483487091,-0.09609521483487091,0.09609521483487091,-0.09609521483487091,9.60952148348709e-08,1
43.5,0.1868641830146313,-0.1221226429701767,-0.1221226429701767,-0.1624395322979529,0,0,1.491393992602125e-08,293.15,-1.221226429701767e-07,-0.1624395322979529,0.00298278798520425,0.2,0.02442465071667831,-0.02442452859403534,1,1,-0.1221226429701767,0.1221226429701767,0,-0.1221226429701767,0.1868641830146313,0.1868641830146313,-0.1221226429701767,0.1221226429701767,1.221226429701767e-07,-0.1221226429701767,0,0.1221226429701767,0.1868641830146313,-0.1221226429701767,0.02442465071667831,-0.1221226429701767,-0.1221226429701767,0.1221226429701767,-0.1221226429701767,1.221226429701767e-07,1
43.65,0.1668078699117623,-0.1446789319393392,-0.1446789319393392,-0.1378719388449625,0,0,2.093199334710794e-08,293.15,-1.446789319393392e-07,-0.1378719388449625,0.004186398669421588,0.2,0.02893593106679978,-0.02893578638786784,1,1,-0.1446789319393392,0.1446789319393392,0,-0.1446789319393392,0.1668078699117623,0.1668078699117623,-0.1446789319393392,0.1446789319393392,1.446789319393392e-07,-0.1446789319393392,0,0.1446789319393392,0.1668078699117623,-0.1446789319393392,0.02893593106679978,-0.1446789319393392,-0.1446789319393392,0.1446789319393392,-0.1446789319393392,1.446789319393392e-07,1
43.8,0.1436538512259743,-0.1633676375687516,-0.1633676375687516,-0.1109801603445865,0,0,2.668898500479499e-08,293.15,-1.633676375687516e-07,-0.1109801603445865,0.005337797000958999,0.2,0.0326736908813879,-0.03267352751375033,1,1,-0.1633676375687516,0.1633676375687516,0,-0.1633676375687516,0.1436538512259743,0.1436538512259743,-0.1633676375687516,0.1633676375687516,1.633676375687516e-07,-0.1633676375687516,0,0.1633676375687516,0.1436538512259743,-0.1633676375687516,0.0326736908813879,-0.1633676375687516,-0.1633676375687516,0.1633676375687516,-0.1633676375687516,1.633676375687516e-07,1
43.95,0.1180059417158973,-0.1778895822755435,-0.1778895822755435,-0.08242784737120634,0,0,3.164470348216734e-08,293.15,-1.778895822755434e-07,-0.08242784737120634,0.00632894069643347,0.2,0.03557809434469097,-0.03557791645510869,1,1,-0.1778895822755435,0.1778895822755435,0,-0.1778895822755435,0.1180059417158973,0.1180059417158973,-0.1778895822755435,0.1778895822755435,1.778895822755434e-07,-0.1778895822755435,0,0.1778895822755435,0.1180059417158973,-0.1778895822755435,0.03557809434469097,-0.1778895822755435,-0.1778895822755435,0.1778895822755435,-0.1778895822755435,1.778895822755434e-07,1
44.1,0.09050529739278876,-0.1880466517697141,-0.1880466517697141,-0.05289577899219417,0,0,3.536154324180011e-08,293.15,-1.880466517697141e-07,-0.05289577899219417,0.007072308648360022,0.2,0.03760951840059459,-0.03760933035394282,1,1,-0.1880466517697141,0.1880466517697141,0,-0.1880466517697141,0.09050529739278876,0.09050529739278876,-0.1880466517697141,0.1880466517697141,1.880466517697141e-07,-0.1880466517697141,0,0.1880466517697141,0.09050529739278876,-0.1880466517697141,0.03760951840059459,-0.1880466517697141,-0.1880466517697141,0.1880466517697141,-0.1880466517697141,1.880466517697141e-07,1
44.25,0.06181510634268256,-0.1937431215685469,-0.1937431215685469,-0.02306628828585161,0,0,3.753639715512474e-08,293.15,-1.937431215685469e-07,-0.02306628828585161,0.007507279431024949,0.2,0.03874881805683095,-0.03874862431370938,1,1,-0.1937431215685469,0.1937431215685469,0,-0.1937431215685469,0.06181510634268256,0.06181510634268256,-0.1937431215685469,0.1937431215685469,1.937431215685469e-07,-0.1937431215685469,0,0.1937431215685469,0.06181510634268256,-0.1937431215685469,0.03874881805683095,-0.1937431215685469,-0.1937431215685469,0.1937431215685469,-0.1937431215685469,1.937431215685469e-07,1
44.4,0.03260527656081622,-0.1949848057306185,-0.1949848057306185,0.006391879570113224,0,0,3.801907446580706e-08,293.15,-1.949848057306185e-07,0.006391879570113224,0.007603814893161412,0.2,0.03899715613092945,-0.03899696114612371,1,1,-0.1949848057306185,0.1949848057306185,0,-0.1949848057306185,0.03260527656081622,0.03260527656081622,-0.1949848057306185,0.1949848057306185,1.949848057306185e-07,-0.1949848057306185,0,0.1949848057306185,0.03260527656081622,-0.1949848057306185,0.03899715613092945,-0.1949848057306185,-0.1949848057306185,0.1949848057306185,-0.1949848057306185,1.949848057306185e-07,1
44.55,0.003537409197922886,-0.1918759083800191,-0.1918759083800191,0.03483796435398932,0,0,3.68163642166575e-08,293.15,-1.918759083800191e-07,0.03483796435398932,0.007363272843331501,0.2,0.03837537355191221,-0.03837518167600383,1,1,-0.1918759083800191,0.1918759083800191,0,-0.1918759083800191,0.003537409197922886,0.003537409197922886,-0.1918759083800191,0.1918759083800191,1.918759083800191e-07,-0.1918759083800191,0,0.1918759083800191,0.003537409197922886,-0.1918759083800191,0.03837537355191221,-0.1918759083800191,-0.1918759083800191,0.1918759083800191,-0.1918759083800191,1.918759083800191e-07,1
44.7,-0.02474958120301645,-0.1846137804607442,-0.1846137804607442,0.06167252190894576,0,0,3.408224793600787e-08,293.15,-1.846137804607442e-07,0.06167252190894576,0.006816449587201573,0.2,0.0369229407059293,-0.03692275609214885,1,1,-0.1846137804607442,0.1846137804607442,0,-0.1846137804607442,-0.02474958120301645,-0.02474958120301645,-0.1846137804607442,0.1846137804607442,1.846137804607442e-07,-0.1846137804607442,0,0.1846137804607442,-0.02474958120301645,-0.1846137804607442,0.0369229407059293,-0.1846137804607442,-0.1846137804607442,0.1846137804607442,-0.1846137804607442,1.846137804607442e-07,1
44.85,-0.05165295327437386,-0.1734818598056929,-0.1734818598056929,0.08634949871737226,0,0,3.00959556816421e-08,293.15,-1.734818598056929e-07,0.08634949871737226,0.00601919113632842,0.2,0.0346965454429984,-0.03469637196113859,1,1,-0.1734818598056929,0.1734818598056929,0,-0.1734818598056929,-0.05165295327437386,-0.05165295327437386,-0.1734818598056929,0.1734818598056929,1.734818598056929e-07,-0.1734818598056929,0,0.1734818598056929,-0.05165295327437386,-0.1734818598056929,0.0346965454429984,-0.1734818598056929,-0.1734818598056929,0.1734818598056929,-0.1734818598056929,1.734818598056929e-07,1
45,-0.07661838136005676,-0.1588408020092175,-0.1588408020092175,0.1083867006027023,0,0,2.523040038293143e-08,293.15,-1.588408020092175e-07,0.1083867006027023,0.005046080076586286,0.2,0.03176831924264551,-0.0317681604018435,1,1,-0.1588408020092175,0.1588408020092175,0,-0.1588408020092175,-0.07661838136005676,-0.07661838136005676,-0.1588408020092175,0.1588408020092175,1.588408020092175e-07,-0.1588408020092175,0,0.1588408020092175,-0.07661838136005676,-0.1588408020092175,0.03176831924264551,-0.1588408020092175,-0.1588408020092175,0.1588408020092175,-0.1588408020092175,1.588408020092175e-07,1
45.15,-0.09915079962668162,-0.1411182438809794,-0.1411182438809794,0.1273745895211214,0,0,1.991435875605158e-08,293.15,-1.411182438809794e-07,0.1273745895211214,0.003982871751210317,0.2,0.02822378989443976,-0.02822364877619588,1,1,-0.1411182438809794,0.1411182438809794,0,-0.1411182438809794,-0.09915079962668162,-0.09915079962668162,-0.1411182438809794,0.1411182438809794,1.411182438809794e-07,-0.1411182438809794,0,0.1411182438809794,-0.09915079962668162,-0.1411182438809794,0.02822378989443976,-0.1411182438809794,-0.1411182438809794,0.1411182438809794,-0.1411182438809794,1.411182438809794e-07,1
45.3,-0.1188236177437737,-0.1207973680063148,-0.1207973680063148,0.1429832121424046,0,0,1.459200411725306e-08,293.15,-1.207973680063148e-07,0.1429832121424046,0.002918400823450611,0.2,0.02415959439863098,-0.02415947360126297,1,1,-0.1207973680063148,0.1207973680063148,0,-0.1207973680063148,-0.1188236177437737,-0.1188236177437737,-0.1207973680063148,0.1207973680063148,1.207973680063148e-07,-0.1207973680063148,0,0.1207973680063148,-0.1188236177437737,-0.1207973680063148,0.02415959439863098,-0.1207973680063148,-0.1207973680063148,0.1207973680063148,-0.1207973680063148,1.207973680063148e-07,1
45.45,-0.1352860905368737,-0.0984045464998365,-0.0984045464998365,0.1549670982413875,0,0,9.683454771838483e-09,293.15,-9.840454649983649e-08,0.1549670982413875,0.001936690954367697,0.2,0.0196810077045138,-0.0196809092999673,1,1,-0.0984045464998365,0.0984045464998365,0,-0.0984045464998365,-0.1352860905368737,-0.1352860905368737,-0.0984045464998365,0.0984045464998365,9.840454649983649e-08,-0.0984045464998365,0,0.0984045464998365,-0.1352860905368737,-0.0984045464998365,0.0196810077045138,-0.0984045464998365,-0.0984045464998365,0.0984045464998365,-0.0984045464998365,9.840454649983649e-08,1
45.6,-0.1482688976042886,-0.07449644735628433,-0.07449644735628433,0.1631682615719928,0,0,5.549720668707642e-09,293.15,-7.449644735628432e-08,0.1631682615719928,0.001109944133741529,0.2,0.01489936396770422,-0.01489928947125687,1,1,-0.07449644735628433,0.07449644735628433,0,-0.07449644735628433,-0.1482688976042886,-0.1482688976042886,-0.07449644735628433,0.07449644735628433,7.449644735628432e-08,-0.07449644735628433,0,0.07449644735628433,-0.1482688976042886,-0.07449644735628433,0.01489936396770422,-0.07449644735628433,-0.07449644735628433,0.07449644735628433,-0.07449644735628433,7.449644735628432e-08,1
45.75,-0.1575876492222249,-0.04964680369576964,-0.04964680369576964,0.1675170596081825,0,0,2.464805117206286e-09,293.15,-4.964680369576964e-08,0.1675170596081825,0.0004929610234412573,0.2,0.009929410385957625,-0.009929360739153929,1,1,-0.04964680369576964,0.04964680369576964,0,-0.04964680369576964,-0.1575876492222249,-0.1575876492222249,-0.04964680369576964,0.04964680369576964,4.964680369576964e-08,-0.04964680369576964,0,0.04964680369576964,-0.1575876492222249,-0.04964680369576964,0.009929410385957625,-0.04964680369576964,-0.04964680369576964,0.04964680369576964,-0.04964680369576964,4.964680369576964e-08,1
45.9,-0.1631444605237164,-0.02443322397290905,-0.02443322397290905,0.1680311297515222,0,0,5.969824337103373e-10,293.15,-2.443322397290904e-08,0.1680311297515222,0.0001193964867420675,0.2,0.004886669227805782,-0.004886644794581809,1,1,-0.02443322397290905,0.02443322397290905,0,-0.02443322397290905,-0.1631444605237164,-0.1631444605237164,-0.02443322397290905,0.02443322397290905,2.443322397290904e-08,-0.02443322397290905,0,0.02443322397290905,-0.1631444605237164,-0.02443322397290905,0.004886669227805782,-0.02443322397290905,-0.02443322397290905,0.02443322397290905,-0.02443322397290905,2.443322397290904e-08,1
46.05,-0.1649275960329563,0.0005757072682070334,0.0005757072682070334,0.1648124540036076,0,0,3.31438858666405e-13,293.15,5.757072682070333e-10,0.1648124540036076,6.628777173328101e-08,0.2,-0.0001151420293486749,0.0001151414536414067,1,1,0.0005757072682070334,-0.0005757072682070334,0,0.0005757072682070334,-0.1649275960329563,-0.1649275960329563,0.0005757072682070334,-0.0005757072682070334,-5.757072682070333e-10,0.0005757072682070334,0,-0.0005757072682070334,-0.1649275960329563,0.0005757072682070334,-0.0001151420293486749,0.0005757072682070334,0.0005757072682070334,-0.0005757072682070334,0.0005757072682070334,-5.757072682070333e-10,1
46.2,-0.1630091230387744,0.0248327291362201,0.0248327291362201,0.1580425523788012,0,0,6.166644363528748e-10,293.15,2.48327291362201e-08,0.1580425523788012,0.000123332887270575,0.2,-0.004966570659973157,0.004966545827244021,1,1,0.0248327291362201,-0.0248327291362201,0,0.0248327291362201,-0.1630091230387744,-0.1630091230387744,0.0248327291362201,-0.0248327291362201,-2.48327291362201e-08,0.0248327291362201,0,-0.0248327291362201,-0.1630091230387744,0.0248327291362201,-0.004966570659973157,0.0248327291362201,0.0248327291362201,-0.0248327291362201,0.0248327291362201,-2.48327291362201e-08,1
46.35,-0.1575409020438764,0.04782340100516789,0.04782340100516789,0.1479761740194418,0,0,2.287077683701093e-09,293.15,4.782340100516788e-08,0.1479761740194418,0.0004574155367402186,0.2,-0.009564728024434583,0.009564680201033578,1,1,0.04782340100516789,-0.04782340100516789,0,0.04782340100516789,-0.1575409020438764,-0.1575409020438764,0.04782340100516789,-0.04782340100516789,-4.782340100516788e-08,0.04782340100516789,0,-0.04782340100516789,-0.1575409020438764,0.04782340100516789,-0.009564728024434583,0.04782340100516789,0.04782340100516789,-0.04782340100516789,0.04782340100516789,-4.782340100516788e-08,1
46.5,-0.1487488332580961,0.06907650360511021,0.06907650360511021,0.1349334634605705,0,0,4.771563350306803e-09,293.15,6.90765036051102e-08,0.1349334634605705,0.0009543126700613608,0.2,-0.01381536979752565,0.01381530072102204,1,1,0.06907650360511021,-0.06907650360511021,0,0.06907650360511021,-0.1487488332580961,-0.1487488332580961,0.06907650360511021,-0.06907650360511021,-6.90765036051102e-08,0.06907650360511021,0,-0.06907650360511021,-0.1487488332580961,0.06907650360511021,-0.01381536979752565,0.06907650360511021,0.06907650360511021,-0.06907650360511021,0.06907650360511021,-6.90765036051102e-08,1
46.65,-0.1369256640712095,0.08817317434712475,0.08817317434712475,0.1192909410286102,0,0,7.774508674448458e-09,293.15,8.817317434712474e-08,0.1192909410286102,0.001554901734889692,0.2,-0.0176347230425993,0.01763463486942495,1,1,0.08817317434712475,-0.08817317434712475,0,0.08817317434712475,-0.1369256640712095,-0.1369256640712095,0.08817317434712475,-0.08817317434712475,-8.817317434712474e-08,0.08817317434712475,0,-0.08817317434712475,-0.1369256640712095,0.08817317434712475,-0.0176347230425993,0.08817317434712475,0.08817317434712475,-0.08817317434712475,0.08817317434712475,-8.817317434712474e-08,1
46.8,-0.1224225710329865,0.1047546613974047,0.1047546613974047,0.1014715339988441,0,0,1.097353908448492e-08,293.15,1.047546613974047e-07,0.1014715339988441,0.002194707816896984,0.2,-0.02095103703414235,0.02095093227948095,1,1,0.1047546613974047,-0.1047546613974047,0,0.1047546613974047,-0.1224225710329865,-0.1224225710329865,0.1047546613974047,-0.1047546613974047,-1.047546613974047e-07,0.1047546613974047,0,-0.1047546613974047,-0.1224225710329865,0.1047546613974047,-0.02095103703414235,0.1047546613974047,0.1047546613974047,-0.1047546613974047,0.1047546613974047,-1.047546613974047e-07,1
46.95,-0.1056396266397311,0.1185284428814357,0.1185284428814357,0.0819338195350011,0,0,1.404899177189776e-08,293.15,1.185284428814357e-07,0.0819338195350011,0.002809798354379553,0.2,-0.02370580710473002,0.02370568857628714,1,1,0.1185284428814357,-0.1185284428814357,0,0.1185284428814357,-0.1056396266397311,-0.1056396266397311,0.1185284428814357,-0.1185284428814357,-1.185284428814357e-07,0.1185284428814357,0,-0.1185284428814357,-0.1056396266397311,0.1185284428814357,-0.02370580710473002,0.1185284428814357,0.1185284428814357,-0.1185284428814357,0.1185284428814357,-1.185284428814357e-07,1
47.1,-0.08701552550382592,0.1292727703709815,0.1292727703709815,0.06116084215685925,0,0,1.67114491593885e-08,293.15,1.292727703709815e-07,0.06116084215685925,0.003342289831877701,0.2,-0.02585468334696667,0.0258545540741963,1,1,0.1292727703709815,-0.1292727703709815,0,0.1292727703709815,-0.08701552550382592,-0.08701552550382592,0.1292727703709815,-0.1292727703709815,-1.292727703709815e-07,0.1292727703709815,0,-0.1292727703709815,-0.08701552550382592,0.1292727703709815,-0.02585468334696667,0.1292727703709815,0.1292727703709815,-0.1292727703709815,0.1292727703709815,-1.292727703709815e-07,1
47.25,-0.06701673123945091,0.1368394821357311,0.1368394821357311,0.03964869797282256,0,0,1.872504387117508e-08,293.15,1.368394821357311e-07,0.03964869797282256,0.003745008774235016,0.2,-0.02736803326662836,0.02736789642714623,1,1,0.1368394821357311,-0.1368394821357311,0,0.1368394821357311,-0.06701673123945091,-0.06701673123945091,0.1368394821357311,-0.1368394821357311,-1.368394821357311e-07,0.1368394821357311,0,-0.1368394821357311,-0.06701673123945091,0.1368394821357311,-0.02736803326662836,0.1368394821357311,0.1368394821357311,-0.1368394821357311,0.1368394821357311,-1.368394821357311e-07,1
47.4,-0.04612633043715825,0.1411550729538383,0.1411550729538383,0.01789517469131765,0,0,1.99247546206034e-08,293.15,1.411550729538383e-07,0.01789517469131765,0.003984950924120681,0.2,-0.02823115574584061,0.02823101459076766,1,1,0.1411550729538383,-0.1411550729538383,0,0.1411550729538383,-0.04612633043715825,-0.04612633043715825,0.1411550729538383,-0.1411550729538383,-1.411550729538383e-07,0.1411550729538383,0,-0.1411550729538383,-0.04612633043715825,0.1411550729538383,-0.02823115574584061,0.1411550729538383,0.1411550729538383,-0.1411550729538383,0.1411550729538383,-1.411550729538383e-07,1
47.55,-0.02483286048166089,0.1422201673720376,0.1422201673720376,-0.003611315212914013,0,0,2.02265760073304e-08,293.15,1.422201673720376e-07,-0.003611315212914013,0.00404531520146608,0.2,-0.0284441756945749,0.02844403347440753,1,1,0.1422201673720376,-0.1422201673720376,0,0.1422201673720376,-0.02483286048166089,-0.02483286048166089,0.1422201673720376,-0.1422201673720376,-1.422201673720376e-07,0.1422201673720376,0,-0.1422201673720376,-0.02483286048166089,0.1422201673720376,-0.0284441756945749,0.1422201673720376,0.1422201673720376,-0.1422201673720376,0.1422201673720376,-1.422201673720376e-07,1
47.7,-0.003619336203000745,0.1401072696754551,0.1401072696754551,-0.02440225783935996,0,0,1.963004701591071e-08,293.15,1.401072696754551e-07,-0.02440225783935996,0.003926009403182142,0.2,-0.02802159404236071,0.02802145393509103,1,1,0.1401072696754551,-0.1401072696754551,0,0.1401072696754551,-0.003619336203000745,-0.003619336203000745,0.1401072696754551,-0.1401072696754551,-1.401072696754551e-07,0.1401072696754551,0,-0.1401072696754551,-0.003619336203000745,0.1401072696754551,-0.02802159404236071,0.1401072696754551,0.1401072696754551,-0.1401072696754551,0.1401072696754551,-1.401072696754551e-07,1
47.85,0.01704727040188145,0.1349570507452784,0.1349570507452784,-0.04403881550798787,0,0,1.821340554586364e-08,293.15,1.349570507452784e-07,-0.04403881550798787,0.003642681109172728,0.2,-0.02699154510610642,0.02699141014905567,1,1,0.1349570507452784,-0.1349570507452784,0,0.1349570507452784,0.01704727040188145,0.01704727040188145,0.1349570507452784,-0.1349570507452784,-1.349570507452784e-07,0.1349570507452784,0,-0.1349570507452784,0.01704727040188145,0.1349570507452784,-0.02699154510610642,0.1349570507452784,0.1349570507452784,-0.1349570507452784,0.1349570507452784,-1.349570507452784e-07,1
48,0.03672589699410094,0.1269732370955178,0.1269732370955178,-0.0621206713864416,0,0,1.612220293851458e-08,293.15,1.269732370955178e-07,-0.0621206713864416,0.003224440587702916,0.2,-0.02539477439234066,0.02539464741910356,1,1,0.1269732370955178,-0.1269732370955178,0,0.1269732370955178,0.03672589699410094,0.03672589699410094,0.1269732370955178,-0.1269732370955178,-1.269732370955178e-07,0.1269732370955178,0,-0.1269732370955178,0.03672589699410094,0.1269732370955178,-0.02539477439234066,0.1269732370955178,0.1269732370955178,-0.1269732370955178,0.1269732370955178,-1.269732370955178e-07,1
48.15,0.05501036061419178,0.1164162024725527,0.1164162024725527,-0.0782937175249048,0,0,1.355273219813039e-08,293.15,1.164162024725527e-07,-0.0782937175249048,0.002710546439626078,0.2,-0.02328335691071302,0.02328324049451055,1,1,0.1164162024725527,-0.1164162024725527,0,0.1164162024725527,0.05501036061419178,0.05501036061419178,0.1164162024725527,-0.1164162024725527,-1.164162024725527e-07,0.1164162024725527,0,-0.1164162024725527,0.05501036061419178,0.1164162024725527,-0.02328335691071302,0.1164162024725527,0.1164162024725527,-0.1164162024725527,0.1164162024725527,-1.164162024725527e-07,1
48.3,0.0715373444834804,0.103595575926918,0.103595575926918,-0.09225656326443993,0,0,1.073204335162984e-08,293.15,1.03595575926918e-07,-0.09225656326443993,0.002146408670325968,0.2,-0.02071921878095953,0.02071911518538361,1,1,0.103595575926918,-0.103595575926918,0,0.103595575926918,0.0715373444834804,0.0715373444834804,0.103595575926918,-0.103595575926918,-1.03595575926918e-07,0.103595575926918,0,-0.103595575926918,0.0715373444834804,0.103595575926918,-0.02071921878095953,0.103595575926918,0.103595575926918,-0.103595575926918,0.103595575926918,-1.03595575926918e-07,1
48.45,0.08599314727009222,0.08886190683315094,0.08886190683315094,-0.1037656174986292,0,0,7.896438486023597e-09,293.15,8.886190683315093e-08,-0.1037656174986292,0.00157928769720472,0.2,-0.01777247022853702,0.01777238136663019,1,1,0.08886190683315094,-0.08886190683315094,0,0.08886190683315094,0.08599314727009222,0.08599314727009222,0.08886190683315094,-0.08886190683315094,-8.886190683315093e-08,0.08886190683315094,0,-0.08886190683315094,0.08599314727009222,0.08886190683315094,-0.01777247022853702,0.08886190683315094,0.08886190683315094,-0.08886190683315094,0.08886190683315094,-8.886190683315093e-08,1
48.6,0.09811915343966915,0.07259770494537636,0.07259770494537636,-0.1126387670264494,0,0,5.270426763335923e-09,293.15,7.259770494537636e-08,-0.1126387670264494,0.001054085352667185,0.2,-0.01451961358678022,0.01451954098907527,1,1,0.07259770494537636,-0.07259770494537636,0,0.07259770494537636,0.09811915343966915,0.09811915343966915,0.07259770494537636,-0.07259770494537636,-7.259770494537636e-08,0.07259770494537636,0,-0.07259770494537636,0.09811915343966915,0.07259770494537636,-0.01451961358678022,0.07259770494537636,0.07259770494537636,-0.07259770494537636,0.07259770494537636,-7.259770494537636e-08,1
48.75,0.1077159557085676,0.05520804334109237,0.05520804334109237,-0.1187576195848294,0,0,3.047928049551934e-09,293.15,5.520804334109237e-08,-0.1187576195848294,0.0006095856099103868,0.2,-0.01104166387626182,0.01104160866821847,1,1,0.05520804334109237,-0.05520804334109237,0,0.05520804334109237,0.1077159557085676,0.1077159557085676,0.05520804334109237,-0.05520804334109237,-5.520804334109237e-08,0.05520804334109237,0,-0.05520804334109237,0.1077159557085676,0.05520804334109237,-0.01104166387626182,0.05520804334109237,0.05520804334109237,-0.05520804334109237,0.05520804334109237,-5.520804334109237e-08,1
48.9,0.114645974655276,0.03711091783017157,0.03711091783017157,-0.1220681953322281,0,0,1.377220222197746e-09,293.15,3.711091783017157e-08,-0.1220681953322281,0.0002754440444395493,0.2,-0.007422220676952145,0.007422183566034315,1,1,0.03711091783017157,-0.03711091783017157,0,0.03711091783017157,0.114645974655276,0.114645974655276,0.03711091783017157,-0.03711091783017157,-3.711091783017157e-08,0.03711091783017157,0,-0.03711091783017157,0.114645974655276,0.03711091783017157,-0.007422220676952145,0.03711091783017157,0.03711091783017157,-0.03711091783017157,0.03711091783017157,-3.711091783017157e-08,1
49.05,0.118834713902859,0.01872762402425234,0.01872762402425234,-0.1225802574353335,0,0,3.507239015937533e-10,293.15,1.872762402425234e-08,-0.1225802574353335,7.014478031875067e-05,0.2,-0.003745543532474492,0.003745524804850468,1,1,0.01872762402425234,-0.01872762402425234,0,0.01872762402425234,0.118834713902859,0.118834713902859,0.01872762402425234,-0.01872762402425234,-1.872762402425234e-08,0.01872762402425234,0,-0.01872762402425234,0.118834713902859,0.01872762402425234,-0.003745543532474492,0.01872762402425234,0.01872762402425234,-0.01872762402425234,0.01872762402425234,-1.872762402425234e-08,1
49.2,0.1202705275421946,0.0004733347164529362,0.0004733347164529362,-0.1203651949588199,0,0,2.240457537995815e-13,293.15,4.733347164529362e-10,-0.1203651949588199,4.480915075991631e-08,0.2,-9.466741662530369e-05,9.466694329058725e-05,1,1,0.0004733347164529362,-0.0004733347164529362,0,0.0004733347164529362,0.1202705275421946,0.1202705275421946,0.0004733347164529362,-0.0004733347164529362,-4.733347164529362e-10,0.0004733347164529362,0,-0.0004733347164529362,0.1202705275421946,0.0004733347164529362,-9.466741662530369e-05,0.0004733347164529362,0.0004733347164529362,-0.0004733347164529362,0.0004733347164529362,-4.733347164529362e-10,1
49.35,0.1190030039725511,-0.01725189696079908,-0.01725189696079908,-0.1155526073284943,0,0,2.976279487460286e-10,293.15,-1.725189696079908e-08,-0.1155526073284943,5.952558974920573e-05,0.2,0.003450396644056778,-0.003450379392159817,1,1,-0.01725189696079908,0.01725189696079908,0,-0.01725189696079908,0.1190030039725511,0.1190030039725511,-0.01725189696079908,0.01725189696079908,1.725189696079908e-08,-0.01725189696079908,0,0.01725189696079908,0.1190030039725511,-0.01725189696079908,0.003450396644056778,-0.01725189696079908,-0.01725189696079908,0.01725189696079908,-0.01725189696079908,1.725189696079908e-08,1
49.5,0.1151400969384655,-0.03407155534852478,-0.03407155534852478,-0.1083257517972052,0,0,1.160870883867588e-09,293.15,-3.407155534852478e-08,-0.1083257517972052,0.0002321741767735176,0.2,0.006814345141260306,-0.006814311069704957,1,1,-0.03407155534852478,0.03407155534852478,0,-0.03407155534852478,0.1151400969384655,0.1151400969384655,-0.03407155534852478,0.03407155534852478,3.407155534852478e-08,-0.03407155534852478,0,0.03407155534852478,0.1151400969384655,-0.03407155534852478,0.006814345141260306,-0.03407155534852478,-0.03407155534852478,0.03407155534852478,-0.03407155534852478,3.407155534852478e-08,1
49.65,0.1088439749736007,-0.04964028072598665,-0.04964028072598665,-0.09891586918812259,0,0,2.464157470554762e-09,293.15,-4.964028072598665e-08,-0.09891586918812259,0.0004928314941109525,0.2,0.009928105785478057,-0.009928056145197331,1,1,-0.04964028072598665,0.04964028072598665,0,-0.04964028072598665,0.1088439749736007,0.1088439749736007,-0.04964028072598665,0.04964028072598665,4.964028072598665e-08,-0.04964028072598665,0,0.04964028072598665,0.1088439749736007,-0.04964028072598665,0.009928105785478057,-0.04964028072598665,-0.04964028072598665,0.04964028072598665,-0.04964028072598665,4.964028072598665e-08,1
49.8,0.1003258507368591,-0.06365059856117963,-0.06365059856117963,-0.08759566737402461,0,0,4.051398697196442e-09,293.15,-6.365059856117963e-08,-0.08759566737402461,0.0008102797394392887,0.2,0.01273018336283449,-0.01273011971223593,1,1,-0.06365059856117963,0.06365059856117963,0,-0.06365059856117963,0.1003258507368591,0.1003258507368591,-0.06365059856117963,0.06365059856117963,6.365059856117963e-08,-0.06365059856117963,0,0.06365059856117963,0.1003258507368591,-0.06365059856117963,0.01273018336283449,-0.06365059856117963,-0.06365059856117963,0.06365059856117963,-0.06365059856117963,6.365059856117963e-08,1
49.95,0.08983986051258172,-0.0758386087959366,-0.0758386087959366,-0.07467206291478561,0,0,5.751494584103111e-09,293.15,-7.583860879593659e-08,-0.07467206291478561,0.001150298916820622,0.2,0.01516779759779611,-0.01516772175918732,1,1,-0.0758386087959366,0.0758386087959366,0,-0.0758386087959366,0.08983986051258172,0.08983986051258172,-0.0758386087959366,0.0758386087959366,7.583860879593659e-08,-0.0758386087959366,0,0.0758386087959366,0.08983986051258172,-0.0758386087959366,0.01516779759779611,-0.0758386087959366,-0.0758386087959366,0.0758386087959366,-0.0758386087959366,7.583860879593659e-08,1
50.1,0.07767615440075437,-0.08598851035229062,-0.08598851035229062,-0.0604783663417859,0,0,7.39402391260599e-09,293.15,-8.598851035229061e-08,-0.0604783663417859,0.001478804782521198,0.2,0.01719778805896848,-0.01719770207045812,1,1,-0.08598851035229062,0.08598851035229062,0,-0.08598851035229062,0.07767615440075437,0.07767615440075437,-0.08598851035229062,0.08598851035229062,8.598851035229061e-08,-0.08598851035229062,0,0.08598851035229062,0.07767615440075437,-0.08598851035229062,0.01719778805896848,-0.08598851035229062,-0.08598851035229062,0.08598851035229062,-0.08598851035229062,8.598851035229061e-08,1
50.25,0.06415343682255813,-0.09393599193403812,-0.09393599193403812,-0.04536614449975857,0,0,8.823970580631674e-09,293.15,-9.393599193403812e-08,-0.04536614449975857,0.001764794116126335,0.2,0.01878729232279956,-0.01878719838680763,1,1,-0.09393599193403812,0.09393599193403812,0,-0.09393599193403812,0.06415343682255813,0.06415343682255813,-0.09393599193403812,0.09393599193403812,9.393599193403812e-08,-0.09393599193403812,0,0.09393599193403812,0.06415343682255813,-0.09393599193403812,0.01878729232279956,-0.09393599193403812,-0.09393599193403812,0.09393599193403812,-0.09393599193403812,9.393599193403812e-08,1
50.4,0.04961105380982106,-0.09957031556469773,-0.09957031556469773,-0.02969689112656595,0,0,9.914247741653485e-09,293.15,-9.957031556469772e-08,-0.02969689112656595,0.001982849548330697,0.2,0.01991416268325511,-0.01991406311293955,1,1,-0.09957031556469773,0.09957031556469773,0,-0.09957031556469773,0.04961105380982106,0.04961105380982106,-0.09957031556469773,0.09957031556469773,9.957031556469772e-08,-0.09957031556469773,0,0.09957031556469773,0.04961105380982106,-0.09957031556469773,0.01991416268325511,-0.09957031556469773,-0.09957031556469773,0.09957031556469773,-0.09957031556469773,9.957031556469772e-08,1
50.55,0.03440088124329527,-0.1028351886957013,-0.1028351886957013,-0.01383374066896631,0,0,1.057507603408049e-08,293.15,-1.028351886957013e-07,-0.01383374066896631,0.002115015206816098,0.2,0.02056714057432895,-0.02056703773914026,1,1,-0.1028351886957013,0.1028351886957013,0,-0.1028351886957013,0.03440088124329527,0.03440088124329527,-0.1028351886957013,0.1028351886957013,1.028351886957013e-07,-0.1028351886957013,0,0.1028351886957013,0.03440088124329527,-0.1028351886957013,0.02056714057432895,-0.1028351886957013,-0.1028351886957013,0.1028351886957013,-0.1028351886957013,1.028351886957013e-07,1
50.7,0.01887916963738077,-0.1037284205397304,-0.1037284205397304,0.001866618198985856,0,0,1.075958522766717e-08,293.15,-1.037284205397304e-07,0.001866618198985856,0.002151917045533434,0.2,0.02074578783636662,-0.02074568410794608,1,1,-0.1037284205397304,0.1037284205397304,0,-0.1037284205397304,0.01887916963738077,0.01887916963738077,-0.1037284205397304,0.1037284205397304,1.037284205397304e-07,-0.1037284205397304,0,0.1037284205397304,0.01887916963738077,-0.1037284205397304,0.02074578783636662,-0.1037284205397304,-0.1037284205397304,0.1037284205397304,-0.1037284205397304,1.037284205397304e-07,1
50.85,0.0033985348714845,-0.1023003335220354,-0.1023003335220354,0.01706163413325611,0,0,1.046535823871968e-08,293.15,-1.023003335220354e-07,0.01706163413325611,0.002093071647743937,0.2,0.02046016900474061,-0.02046006670440709,1,1,-0.1023003335220354,0.1023003335220354,0,-0.1023003335220354,0.0033985348714845,0.0033985348714845,-0.1023003335220354,0.1023003335220354,1.023003335220354e-07,-0.1023003335220354,0,0.1023003335220354,0.0033985348714845,-0.1023003335220354,0.02046016900474061,-0.1023003335220354,-0.1023003335220354,0.1023003335220354,-0.1023003335220354,1.023003335220354e-07,1
51,-0.01169974148512796,-0.09865114013676,-0.09865114013676,0.0314300681636201,0,0,9.732047450282661e-09,293.15,-9.865114013676e-08,0.0314300681636201,0.001946409490056532,0.2,0.01973032667849214,-0.019730228027352,1,1,-0.09865114013676,0.09865114013676,0,-0.09865114013676,-0.01169974148512796,-0.01169974148512796,-0.09865114013676,0.09865114013676,9.865114013676e-08,-0.09865114013676,0,0.09865114013676,-0.01169974148512796,-0.09865114013676,0.01973032667849214,-0.09865114013676,-0.09865114013676,0.09865114013676,-0.09865114013676,9.865114013676e-08,1
51.15,-0.02609292404444116,-0.09292722444888164,-0.09292722444888164,0.04467846186144193,0,0,8.635469043772826e-09,293.15,-9.292722444888164e-08,0.04467846186144193,0.001727093808754565,0.2,0.01858553781700078,-0.01858544488977633,1,1,-0.09292722444888164,0.09292722444888164,0,-0.09292722444888164,-0.02609292404444116,-0.02609292404444116,-0.09292722444888164,0.09292722444888164,9.292722444888164e-08,-0.09292722444888164,0,0.09292722444888164,-0.02609292404444116,-0.09292722444888164,0.01858553781700078,-0.09292722444888164,-0.09292722444888164,0.09292722444888164,-0.09292722444888164,9.292722444888164e-08,1
51.3,-0.03948340985955338,-0.08531653838120055,-0.08531653838120055,0.05654680285233188,0,0,7.278911721350867e-09,293.15,-8.531653838120055e-08,0.05654680285233188,0.001455782344270174,0.2,0.01706339299277849,-0.01706330767624011,1,1,-0.08531653838120055,0.08531653838120055,0,-0.08531653838120055,-0.03948340985955338,-0.03948340985955338,-0.08531653838120055,0.08531653838120055,8.531653838120055e-08,-0.08531653838120055,0,0.08531653838120055,-0.03948340985955338,-0.08531653838120055,0.01706339299277849,-0.08531653838120055,-0.08531653838120055,0.08531653838120055,-0.08531653838120055,8.531653838120055e-08,1
51.45,-0.05160458670952179,-0.07604323458200703,-0.07604323458200703,0.06681330966915777,0,0,5.782573525694149e-09,293.15,-7.604323458200702e-08,0.06681330966915777,0.00115651470513883,0.2,0.01520872295963599,-0.01520864691640141,1,1,-0.07604323458200703,0.07604323458200703,0,-0.07604323458200703,-0.05160458670952179,-0.05160458670952179,-0.07604323458200703,0.07604323458200703,7.604323458200702e-08,-0.07604323458200703,0,0.07604323458200703,-0.05160458670952179,-0.07604323458200703,0.01520872295963599,-0.07604323458200703,-0.07604323458200703,0.07604323458200703,-0.07604323458200703,7.604323458200702e-08,1
51.6,-0.06222579340876533,-0.06536161450908141,-0.06536161450908141,0.07529818167219612,0,0,4.272140651233763e-09,293.15,-6.536161450908142e-08,0.07529818167219612,0.0008544281302467525,0.2,0.01307238826343079,-0.01307232290181628,1,1,-0.06536161450908141,0.06536161450908141,0,-0.06536161450908141,-0.06222579340876533,-0.06222579340876533,-0.06536161450908141,0.06536161450908141,6.536161450908142e-08,-0.06536161450908141,0,0.06536161450908141,-0.06222579340876533,-0.06536161450908141,0.01307238826343079,-0.06536161450908141,-0.06536161450908141,0.06536161450908141,-0.06536161450908141,6.536161450908142e-08,1
51.75,-0.07115637860613996,-0.05354962646732736,-0.05354962646732736,0.0818663574492319,0,0,2.867562494790287e-09,293.15,-5.354962646732736e-08,0.0818663574492319,0.0005735124989580575,0.2,0.01070997884309194,-0.01070992529346547,1,1,-0.05354962646732736,0.05354962646732736,0,-0.05354962646732736,-0.07115637860613996,-0.07115637860613996,-0.05354962646732736,0.05354962646732736,5.354962646732736e-08,-0.05354962646732736,0,0.05354962646732736,-0.07115637860613996,-0.05354962646732736,0.01070997884309194,-0.05354962646732736,-0.05354962646732736,0.05354962646732736,-0.05354962646732736,5.354962646732736e-08,1
51.9,-0.07824873320816947,-0.04090201201164247,-0.04090201201164247,0.08642917651250998,0,0,1.672974586600544e-09,293.15,-4.090201201164246e-08,0.08642917651250998,0.0003345949173201089,0.2,0.008180443304340505,-0.008180402402328493,1,1,-0.04090201201164247,0.04090201201164247,0,-0.04090201201164247,-0.07824873320816947,-0.07824873320816947,-0.04090201201164247,0.04090201201164247,4.090201201164246e-08,-0.04090201201164247,0,0.04090201201164247,-0.07824873320816947,-0.04090201201164247,0.008180443304340505,-0.04090201201164247,-0.04090201201164247,0.04090201201164247,-0.04090201201164247,4.090201201164246e-08,1
52.05,-0.0834002660603924,-0.02772328671737443,-0.02772328671737443,0.088944951127154,0,0,7.685806264137493e-10,293.15,-2.772328671737443e-08,0.088944951127154,0.0001537161252827499,0.2,0.005544685066761603,-0.005544657343474885,1,1,-0.02772328671737443,0.02772328671737443,0,-0.02772328671737443,-0.0834002660603924,-0.0834002660603924,-0.02772328671737443,0.02772328671737443,2.772328671737443e-08,-0.02772328671737443,0,0.02772328671737443,-0.0834002660603924,-0.02772328671737443,0.005544685066761603,-0.02772328671737443,-0.02772328671737443,0.02772328671737443,-0.02772328671737443,2.772328671737443e-08,1
52.2,-0.08655437489644344,-0.01432071771700323,-0.01432071771700323,0.0894185327605618,0,0,2.050829559300902e-10,293.15,-1.432071771700323e-08,0.0894185327605618,4.101659118601804e-05,0.2,0.002864157864118363,-0.002864143543400646,1,1,-0.01432071771700323,0.01432071771700323,0,-0.01432071771700323,-0.08655437489644344,-0.08655437489644344,-0.01432071771700323,0.01432071771700323,1.432071771700323e-08,-0.01432071771700323,0,0.01432071771700323,-0.08655437489644344,-0.01432071771700323,0.002864157864118363,-0.01432071771700323,-0.01432071771700323,0.01432071771700323,-0.01432071771700323,1.432071771700323e-08,1
52.35,-0.08770031078666776,-0.0009974426968410942,-0.0009974426968410942,0.08789980032347867,0,0,9.948919334816351e-13,293.15,-9.974426968410943e-10,0.08789980032347867,1.98978386696327e-07,0.2,0.0001994895368109157,-0.0001994885393682189,1,1,-0.0009974426968410942,0.0009974426968410942,0,-0.0009974426968410942,-0.08770031078666776,-0.08770031078666776,-0.0009974426968410942,0.0009974426968410942,9.974426968410943e-10,-0.0009974426968410942,0,0.0009974426968410942,-0.08770031078666776,-0.0009974426968410942,0.0001994895368109157,-0.0009974426968410942,-0.0009974426968410942,0.0009974426968410942,-0.0009974426968410942,9.974426968410943e-10,1
52.5,-0.08687207229694745,0.01195411368458827,0.01195411368458827,0.08448123760591611,0,0,1.429008339840606e-10,293.15,1.195411368458827e-08,0.08448123760591611,2.858016679681212e-05,0.2,-0.002390834691031339,0.002390822736917654,1,1,0.01195411368458827,-0.01195411368458827,0,0.01195411368458827,-0.08687207229694745,-0.08687207229694745,0.01195411368458827,-0.01195411368458827,-1.195411368458827e-08,0.01195411368458827,0,-0.01195411368458827,-0.08687207229694745,0.01195411368458827,-0.002390834691031339,0.01195411368458827,0.01195411368458827,-0.01195411368458827,0.01195411368458827,-1.195411368458827e-08,1
52.65,-0.08414633932396598,0.02425839825251112,0.02425839825251112,0.0792946354150655,0,0,5.884698857774345e-10,293.15,2.425839825251112e-08,0.0792946354150655,0.0001176939771554869,0.2,-0.004851703908900477,0.004851679650502224,1,1,0.02425839825251112,-0.02425839825251112,0,0.02425839825251112,-0.08414633932396598,-0.08414633932396598,0.02425839825251112,-0.02425839825251112,-2.425839825251112e-08,0.02425839825251112,0,-0.02425839825251112,-0.08414633932396598,0.02425839825251112,-0.004851703908900477,0.02425839825251112,0.02425839825251112,-0.02425839825251112,0.02425839825251112,-2.425839825251112e-08,1
52.8,-0.07963949066191056,0.03566231313912604,0.03566231313912604,0.07250699237177222,0,0,1.271800578433082e-09,293.15,3.566231313912604e-08,0.07250699237177222,0.0002543601156866163,0.2,-0.007132498290138347,0.007132462627825208,1,1,0.03566231313912604,-0.03566231313912604,0,0.03566231313912604,-0.07963949066191056,-0.07963949066191056,0.03566231313912604,-0.03566231313912604,-3.566231313912604e-08,0.03566231313912604,0,-0.03566231313912604,-0.07963949066191056,0.03566231313912604,-0.007132498290138347,0.03566231313912604,0.03566231313912604,-0.03566231313912604,0.03566231313912604,-3.566231313912604e-08,1
52.95,-0.07350388587301272,0.04594017143913035,0.04594017143913035,0.06431580564501521,0,0,2.110499351856688e-09,293.15,4.594017143913035e-08,0.06431580564501521,0.0004220998703713377,0.2,-0.009188080227997511,0.009188034287826071,1,1,0.04594017143913035,-0.04594017143913035,0,0.04594017143913035,-0.07350388587301272,-0.07350388587301272,0.04594017143913035,-0.04594017143913035,-4.594017143913035e-08,0.04594017143913035,0,-0.04594017143913035,-0.07350388587301272,0.04594017143913035,-0.009188080227997511,0.04594017143913035,0.04594017143913035,-0.04594017143913035,0.04594017143913035,-4.594017143913035e-08,1
53.1,-0.06592340995210268,0.05489786563850905,0.05489786563850905,0.05494378192653523,0,0,3.013775651663792e-09,293.15,5.489786563850905e-08,0.05494378192653523,0.0006027551303327585,0.2,-0.01097962802556745,0.01097957312770181,1,1,0.05489786563850905,-0.05489786563850905,0,0.05489786563850905,-0.06592340995210268,-0.06592340995210268,0.05489786563850905,-0.05489786563850905,-5.489786563850905e-08,0.05489786563850905,0,-0.05489786563850905,-0.06592340995210268,0.05489786563850905,-0.01097962802556745,0.05489786563850905,0.05489786563850905,-0.05489786563850905,0.05489786563850905,-5.489786563850905e-08,1
53.25,-0.05710847707853258,0.06237622790854166,0.06237622790854166,0.04463316912059634,0,0,3.890793808098331e-09,293.15,6.237622790854165e-08,0.04463316912059634,0.0007781587616196662,0.2,-0.01247530795793624,0.01247524558170833,1,1,0.06237622790854166,-0.06237622790854166,0,0.06237622790854166,-0.05710847707853258,-0.05710847707853258,0.06237622790854166,-0.06237622790854166,-6.237622790854165e-08,0.06237622790854166,0,-0.06237622790854166,-0.05710847707853258,0.06237622790854166,-0.01247530795793624,0.06237622790854166,0.06237622790854166,-0.06237622790854166,0.06237622790854166,-6.237622790854165e-08,1
53.4,-0.04729060011859331,0.06825353588606324,0.06825353588606324,0.03363982468784478,0,0,4.658545160950122e-09,293.15,6.825353588606324e-08,0.03363982468784478,0.0009317090321900246,0.2,-0.01365077543074853,0.01365070717721265,1,1,0.06825353588606324,-0.06825353588606324,0,0.06825353588606324,-0.04729060011859331,-0.04729060011859331,0.06825353588606324,-0.06825353588606324,-6.825353588606324e-08,0.06825353588606324,0,-0.06825353588606324,-0.04729060011859331,0.06825353588606324,-0.01365077543074853,0.06825353588606324,0.06825353588606324,-0.06825353588606324,0.06825353588606324,-6.825353588606324e-08,1
53.55,-0.03671663287615911,0.07244707184833285,0.07244707184833285,0.02222714605942069,0,0,5.248578219397502e-09,293.15,7.244707184833284e-08,0.02222714605942069,0.0010497156438795,0.2,-0.01448948681673842,0.01448941436966657,1,1,0.07244707184833285,-0.07244707184833285,0,0.07244707184833285,-0.03671663287615911,-0.03671663287615911,0.07244707184833285,-0.07244707184833285,-7.244707184833284e-08,0.07244707184833285,0,-0.07244707184833285,-0.03671663287615911,0.07244707184833285,-0.01448948681673842,0.07244707184833285,0.07244707184833285,-0.07244707184833285,0.07244707184833285,-7.244707184833284e-08,1
53.7,-0.02564286462771733,0.0749138270883051,0.0749138270883051,0.01066002429622922,0,0,5.612081489016475e-09,293.15,7.49138270883051e-08,0.01066002429622922,0.001122416297803295,0.2,-0.01498284033148811,0.01498276541766102,1,1,0.0749138270883051,-0.0749138270883051,0,0.0749138270883051,-0.02564286462771733,-0.02564286462771733,0.0749138270883051,-0.0749138270883051,-7.49138270883051e-08,0.0749138270883051,0,-0.0749138270883051,-0.02564286462771733,0.0749138270883051,-0.01498284033148811,0.0749138270883051,0.0749138270883051,-0.0749138270883051,0.0749138270883051,-7.49138270883051e-08,1
53.85,-0.0143290657849345,0.07565026605460198,0.07565026605460198,-0.0008010630762519538,0,0,5.722962754132066e-09,293.15,7.565026605460198e-08,-0.0008010630762519538,0.001144592550826413,0.2,-0.01513012886118645,0.0151300532109204,1,1,0.07565026605460198,-0.07565026605460198,0,0.07565026605460198,-0.0143290657849345,-0.0143290657849345,0.07565026605460198,-0.07565026605460198,-7.565026605460198e-08,0.07565026605460198,0,-0.07565026605460198,-0.0143290657849345,0.07565026605460198,-0.01513012886118645,0.07565026605460198,0.07565026605460198,-0.07565026605460198,0.07565026605460198,-7.565026605460198e-08,1
54,-0.003032640924130744,0.0746912304106955,0.0746912304106955,-0.01190567984923877,0,0,5.578779900263604e-09,293.15,7.46912304106955e-08,-0.01190567984923877,0.001115755980052721,0.2,-0.01493832077336951,0.0149382460821391,1,1,0.0746912304106955,-0.0746912304106955,0,0.0746912304106955,-0.003032640924130744,-0.003032640924130744,0.0746912304106955,-0.0746912304106955,-7.46912304106955e-08,0.0746912304106955,0,-0.0746912304106955,-0.003032640924130744,0.0746912304106955,-0.01493832077336951,0.0746912304106955,0.0746912304106955,-0.0746912304106955,0.0746912304106955,-7.46912304106955e-08,1
54.15,0.007997000455148055,0.07210805640178732,0.07210805640178732,-0.02241868384356192,0,0,5.199571798043341e-09,293.15,7.210805640178732e-08,-0.02241868384356192,0.001039914359608668,0.2,-0.01442168338841387,0.01442161128035746,1,1,0.07210805640178732,-0.07210805640178732,0,0.07210805640178732,0.007997000455148055,0.007997000455148055,0.07210805640178732,-0.07210805640178732,-7.210805640178732e-08,0.07210805640178732,0,-0.07210805640178732,0.007997000455148055,0.07210805640178732,-0.01442168338841387,0.07210805640178732,0.07210805640178732,-0.07210805640178732,0.07210805640178732,-7.210805640178732e-08,1
54.3,0.018523719503736,0.0680058944929651,0.0680058944929651,-0.03212496640822352,0,0,4.624801685788301e-09,293.15,6.800589449296509e-08,-0.03212496640822352,0.0009249603371576601,0.2,-0.01360124690448751,0.01360117889859302,1,1,0.0680058944929651,-0.0680058944929651,0,0.0680058944929651,0.018523719503736,0.018523719503736,0.0680058944929651,-0.0680058944929651,-6.800589449296509e-08,0.0680058944929651,0,-0.0680058944929651,0.018523719503736,0.0680058944929651,-0.01360124690448751,0.0680058944929651,0.0680058944929651,-0.0680058944929651,0.0680058944929651,-6.800589449296509e-08,1
54.45,0.02832948479963183,0.06252039748530307,0.06252039748530307,-0.04083362681708993,0,0,3.90880010172029e-09,293.15,6.252039748530306e-08,-0.04083362681708993,0.0007817600203440581,0.2,-0.0125041420174581,0.01250407949706061,1,1,0.06252039748530307,-0.06252039748530307,0,0.06252039748530307,0.02832948479963183,0.02832948479963183,0.06252039748530307,-0.06252039748530307,-6.252039748530306e-08,0.06252039748530307,0,-0.06252039748530307,0.02832948479963183,0.06252039748530307,-0.0125041420174581,0.06252039748530307,0.06252039748530307,-0.06252039748530307,0.06252039748530307,-6.252039748530306e-08,1
54.6,0.03721866337839694,0.05581381692613558,0.05581381692613558,-0.04838148257744099,0,0,3.115182159864178e-09,293.15,5.581381692613557e-08,-0.04838148257744099,0.0006230364319728357,0.2,-0.01116281919904404,0.01116276338522712,1,1,0.05581381692613558,-0.05581381692613558,0,0.05581381692613558,0.03721866337839694,0.03721866337839694,0.05581381692613558,-0.05581381692613558,-5.581381692613557e-08,0.05581381692613558,0,-0.05581381692613558,0.03721866337839694,0.05581381692613558,-0.01116281919904404,0.05581381692613558,0.05581381692613558,-0.05581381692613558,0.05581381692613558,-5.581381692613557e-08,1
54.75,0.04502167374569508,0.04807061714558761,0.04807061714558761,-0.05463584524542975,0,0,2.310784232757662e-09,293.15,4.807061714558761e-08,-0.05463584524542975,0.0004621568465515324,0.2,-0.009614171499734668,0.009614123429117523,1,1,0.04807061714558761,-0.04807061714558761,0,0.04807061714558761,0.04502167374569508,0.04502167374569508,0.04807061714558761,-0.04807061714558761,-4.807061714558761e-08,0.04807061714558761,0,-0.04807061714558761,0.04502167374569508,0.04807061714558761,-0.009614171499734668,0.04807061714558761,0.04807061714558761,-0.04807061714558761,0.04807061714558761,-4.807061714558761e-08,1
54.9,0.05159798831479666,0.03949275200054512,0.03949275200054512,-0.05949657820765768,0,0,1.55967746057656e-09,293.15,3.949275200054511e-08,-0.05949657820765768,0.0003119354921153122,0.2,-0.007898589892861026,0.007898550400109025,1,1,0.03949275200054512,-0.03949275200054512,0,0.03949275200054512,0.05159798831479666,0.05159798831479666,0.03949275200054512,-0.03949275200054512,-3.949275200054511e-08,0.03949275200054512,0,-0.03949275200054512,0.05159798831479666,0.03949275200054512,-0.007898589892861026,0.03949275200054512,0.03949275200054512,-0.03949275200054512,0.03949275200054512,-3.949275200054511e-08,1
55.05,0.05683836653578291,0.03029466903332293,0.03029466903332293,-0.06289733063711653,0,0,9.177669718385752e-10,293.15,3.029466903332293e-08,-0.06289733063711653,0.0001835533943677151,0.2,-0.006058964101333619,0.006058933806664587,1,1,0.03029466903332293,-0.03029466903332293,0,0.03029466903332293,0.05683836653578291,0.05683836653578291,0.03029466903332293,-0.03029466903332293,-3.029466903332293e-08,0.03029466903332293,0,-0.03029466903332293,0.05683836653578291,0.03029466903332293,-0.006058964101333619,0.03029466903332293,0.03029466903332293,-0.03029466903332293,0.03029466903332293,-3.029466903332293e-08,1
55.2,0.06066635130828274,0.02069819980413876,0.02069819980413876,-0.0648060119673103,0,0,4.284154751320496e-10,293.15,2.069819980413875e-08,-0.0648060119673103,8.568309502640993e-05,0.2,-0.004139660659027555,0.004139639960827751,1,1,0.02069819980413876,-0.02069819980413876,0,0.02069819980413876,0.06066635130828274,0.06066635130828274,0.02069819980413876,-0.02069819980413876,-2.069819980413875e-08,0.02069819980413876,0,-0.02069819980413876,0.06066635130828274,0.02069819980413876,-0.004139660659027555,0.02069819980413876,0.02069819980413876,-0.02069819980413876,0.02069819980413876,-2.069819980413875e-08,1
55.35,0.06303900248671934,0.01092743338021322,0.01092743338021322,-0.06522450009019537,0,0,1.194088002789982e-10,293.15,1.092743338021322e-08,-0.06522450009019537,2.388176005579963e-05,0.2,-0.002185497603476025,0.002185486676042645,1,1,0.01092743338021322,-0.01092743338021322,0,0.01092743338021322,0.06303900248671934,0.06303900248671934,0.01092743338021322,-0.01092743338021322,-1.092743338021322e-08,0.01092743338021322,0,-0.01092743338021322,0.06303900248671934,0.01092743338021322,-0.002185497603476025,0.01092743338021322,0.01092743338021322,-0.01092743338021322,0.01092743338021322,-1.092743338021322e-08,1
55.5,0.06394683323893731,0.001203693401225262,0.001203693401225262,-0.06418757312287576,0,0,1.448877804153241e-12,293.15,1.203693401225262e-09,-0.06418757312287576,2.897755608306481e-07,0.2,-0.0002407398839384537,0.0002407386802450525,1,1,0.001203693401225262,-0.001203693401225262,0,0.001203693401225262,0.06394683323893731,0.06394683323893731,0.001203693401225262,-0.001203693401225262,-1.203693401225262e-09,0.001203693401225262,0,-0.001203693401225262,0.06394683323893731,0.001203693401225262,-0.0002407398839384537,0.001203693401225262,0.001203693401225262,-0.001203693401225262,0.001203693401225262,-1.203693401225262e-09,1
55.65,0.06341305826886713,-0.00825928086155729,-0.00825928086155729,-0.06176119383727481,0,0,6.821572035008652e-11,293.15,-8.259280861557289e-09,-0.06176119383727481,1.364314407001731e-05,0.2,0.00165186443159232,-0.001651856172311458,1,1,-0.00825928086155729,0.00825928086155729,0,-0.00825928086155729,0.06341305826886713,0.06341305826886713,-0.00825928086155729,0.00825928086155729,8.259280861557289e-09,-0.00825928086155729,0,0.00825928086155729,0.06341305826886713,-0.00825928086155729,0.00165186443159232,-0.00825928086155729,-0.00825928086155729,0.00825928086155729,-0.00825928086155729,8.259280861557289e-09,1
55.8,0.06149209577446813,-0.01725983627304453,-0.01725983627304453,-0.05804011126002295,0,0,2.979019481723037e-10,293.15,-1.725983627304453e-08,-0.05804011126002295,5.958038963446073e-05,0.2,0.003451984514445179,-0.003451967254608906,1,1,-0.01725983627304453,0.01725983627304453,0,-0.01725983627304453,0.06149209577446813,0.06149209577446813,-0.01725983627304453,0.01725983627304453,1.725983627304453e-08,-0.01725983627304453,0,0.01725983627304453,0.06149209577446813,-0.01725983627304453,0.003451984514445179,-0.01725983627304453,-0.01725983627304453,0.01725983627304453,-0.01725983627304453,1.725983627304453e-08,1
55.95,0.05826744141624925,-0.02561250696785144,-0.02561250696785144,-0.05314491441017199,0,0,6.560005131782389e-10,293.15,-2.561250696785144e-08,-0.05314491441017199,0.0001312001026356478,0.2,0.005122527006077257,-0.005122501393570289,1,1,-0.02561250696785144,0.02561250696785144,0,-0.02561250696785144,0.05826744141624925,0.05826744141624925,-0.02561250696785144,0.02561250696785144,2.561250696785144e-08,-0.02561250696785144,0,0.02561250696785144,0.05826744141624925,-0.02561250696785144,0.005122527006077257,-0.02561250696785144,-0.02561250696785144,0.02561250696785144,-0.02561250696785144,2.561250696785144e-08,1
56.1,0.05384897504417085,-0.03315164948113657,-0.03315164948113657,-0.04721861199629405,0,0,1.099031863320143e-09,293.15,-3.315164948113657e-08,-0.04721861199629405,0.0002198063726640286,0.2,0.006630363047876797,-0.006630329896227315,1,1,-0.03315164948113657,0.03315164948113657,0,-0.03315164948113657,0.05384897504417085,0.05384897504417085,-0.03315164948113657,0.03315164948113657,3.315164948113657e-08,-0.03315164948113657,0,0.03315164948113657,0.05384897504417085,-0.03315164948113657,0.006630363047876797,-0.03315164948113657,-0.03315164948113657,0.03315164948113657,-0.03315164948113657,3.315164948113657e-08,1
56.25,0.04836973289692063,-0.03973450695511355,-0.03973450695511355,-0.04042279177139096,0,0,1.578831042965967e-09,293.15,-3.973450695511354e-08,-0.04042279177139096,0.0003157662085931934,0.2,0.007946941125529666,-0.00794690139102271,1,1,-0.03973450695511355,0.03973450695511355,0,-0.03973450695511355,0.04836973289692063,0.04836973289692063,-0.03973450695511355,0.03973450695511355,3.973450695511354e-08,-0.03973450695511355,0,0.03973450695511355,0.04836973289692063,-0.03973450695511355,0.007946941125529666,-0.03973450695511355,-0.03973450695511355,0.03973450695511355,-0.03973450695511355,3.973450695511354e-08,1
56.4,0.04198229283286056,-0.04524370428495125,-0.04524370428495125,-0.03293350673216602,0,0,2.046992777424115e-09,293.15,-4.524370428495124e-08,-0.03293350673216602,0.0004093985554848231,0.2,0.009048786100694534,-0.009048740856990249,1,1,-0.04524370428495125,0.04524370428495125,0,-0.04524370428495125,0.04198229283286056,0.04198229283286056,-0.04524370428495125,0.04524370428495125,4.524370428495124e-08,-0.04524370428495125,0,0.04524370428495125,0.04198229283286056,-0.04524370428495125,0.009048786100694534,-0.04524370428495125,-0.04524370428495125,0.04524370428495125,-0.04524370428495125,4.524370428495124e-08,1
56.55,0.03485481592303017,-0.04958909071549251,-0.04958909071549251,-0.02493694819084095,0,0,2.459077917989346e-09,293.15,-4.958909071549251e-08,-0.02493694819084095,0.0004918155835978692,0.2,0.009917867732189219,-0.009917818143098504,1,1,-0.04958909071549251,0.04958909071549251,0,-0.04958909071549251,0.03485481592303017,0.03485481592303017,-0.04958909071549251,0.04958909071549251,4.958909071549251e-08,-0.04958909071549251,0,0.04958909071549251,0.03485481592303017,-0.04958909071549251,0.009917867732189219,-0.04958909071549251,-0.04958909071549251,0.04958909071549251,-0.04958909071549251,4.958909071549251e-08,1
56.7,0.02716686306829144,-0.05270892005467032,-0.05270892005467032,-0.01662502634843732,0,0,2.778230253329627e-09,293.15,-5.270892005467032e-08,-0.01662502634843732,0.0005556460506659255,0.2,0.01054183671985412,-0.01054178401093406,1,1,-0.05270892005467032,0.05270892005467032,0,-0.05270892005467032,0.02716686306829144,0.02716686306829144,-0.05270892005467032,0.05270892005467032,5.270892005467032e-08,-0.05270892005467032,0,0.05270892005467032,0.02716686306829144,-0.05270892005467032,0.01054183671985412,-0.05270892005467032,-0.05270892005467032,0.05270892005467032,-0.05270892005467032,5.270892005467032e-08,1
56.85,0.01910509099713554,-0.0545703964613127,-0.0545703964613127,-0.008190957134476533,0,0,2.97792816994485e-09,293.15,-5.45703964613127e-08,-0.008190957134476533,0.00059558563398897,0.2,0.010914133862659,-0.01091407929226254,1,1,-0.0545703964613127,0.0545703964613127,0,-0.0545703964613127,0.01910509099713554,0.01910509099713554,-0.0545703964613127,0.0545703964613127,5.45703964613127e-08,-0.0545703964613127,0,0.0545703964613127,0.01910509099713554,-0.0545703964613127,0.010914133862659,-0.0545703964613127,-0.0545703964613127,0.0545703964613127,-0.0545703964613127,5.45703964613127e-08,1
57,0.01085890868461807,-0.05516952603070668,-0.05516952603070668,0.0001750516910492949,0,0,3.043676602452821e-09,293.15,-5.516952603070668e-08,0.0001750516910492949,0.0006087353204905644,0.2,0.01103396037566737,-0.01103390520614134,1,1,-0.05516952603070668,0.05516952603070668,0,-0.05516952603070668,0.01085890868461807,0.01085890868461807,-0.05516952603070668,0.05516952603070668,5.516952603070668e-08,-0.05516952603070668,0,0.05516952603070668,0.01085890868461807,-0.05516952603070668,0.01103396037566737,-0.05516952603070668,-0.05516952603070668,0.05516952603070668,-0.05516952603070668,5.516952603070668e-08,1
57.15,0.002616207381903427,-0.05453036263280914,-0.05453036263280914,0.008289919675021034,0,0,2.973560448865667e-09,293.15,-5.453036263280913e-08,0.008289919675021034,0.0005947120897731334,0.2,0.01090612705692446,-0.01090607252656183,1,1,-0.05453036263280914,0.05453036263280914,0,-0.05453036263280914,0.002616207381903427,0.002616207381903427,-0.05453036263280914,0.05453036263280914,5.453036263280913e-08,-0.05453036263280914,0,0.05453036263280914,0.002616207381903427,-0.05453036263280914,0.01090612705692446,-0.05453036263280914,-0.05453036263280914,0.05453036263280914,-0.05453036263280914,5.453036263280913e-08,1
57.3,-0.005440753700898555,-0.05270365038189267,-0.05270365038189267,0.01598153648092747,0,0,2.777674763576776e-09,293.15,-5.270365038189267e-08,0.01598153648092747,0.0005555349527153552,0.2,0.01054078278002892,-0.01054073007637854,1,1,-0.05270365038189267,0.05270365038189267,0,-0.05270365038189267,-0.005440753700898555,-0.005440753700898555,-0.05270365038189267,0.05270365038189267,5.270365038189267e-08,-0.05270365038189267,0,0.05270365038189267,-0.005440753700898555,-0.05270365038189267,0.01054078278002892,-0.05270365038189267,-0.05270365038189267,0.05270365038189267,-0.05270365038189267,5.270365038189267e-08,1
57.45,-0.01313920760897582,-0.04976489801425181,-0.04976489801425181,0.0230922369767242,0,0,2.476545074368884e-09,293.15,-4.976489801425181e-08,0.0230922369767242,0.0004953090148737768,0.2,0.009953029367748377,-0.009952979602850362,1,1,-0.04976489801425181,0.04976489801425181,0,-0.04976489801425181,-0.01313920760897582,-0.01313920760897582,-0.04976489801425181,0.04976489801425181,4.976489801425181e-08,-0.04976489801425181,0,0.04976489801425181,-0.01313920760897582,-0.04976489801425181,0.009953029367748377,-0.04976489801425181,-0.04976489801425181,0.04976489801425181,-0.04976489801425181,4.976489801425181e-08,1
57.6,-0.02031943023032166,-0.045811994617816,-0.045811994617816,0.02948187496587948,0,0,2.098738850862802e-09,293.15,-4.5811994617816e-08,0.02948187496587948,0.0004197477701725605,0.2,0.009162444735557818,-0.0091623989235632,1,1,-0.045811994617816,0.045811994617816,0,-0.045811994617816,-0.02031943023032166,-0.02031943023032166,-0.045811994617816,0.045811994617816,4.5811994617816e-08,-0.045811994617816,0,0.045811994617816,-0.02031943023032166,-0.045811994617816,0.009162444735557818,-0.045811994617816,-0.045811994617816,0.045811994617816,-0.045811994617816,4.5811994617816e-08,1
57.75,-0.02683788156976313,-0.04096236914123427,-0.04096236914123427,0.03503039636037912,0,0,1.677915685662742e-09,293.15,-4.096236914123427e-08,0.03503039636037912,0.0003355831371325484,0.2,0.008192514790615996,-0.008192473828246855,1,1,-0.04096236914123427,0.04096236914123427,0,-0.04096236914123427,-0.02683788156976313,-0.02683788156976313,-0.04096236914123427,0.04096236914123427,4.096236914123427e-08,-0.04096236914123427,0,0.04096236914123427,-0.02683788156976313,-0.04096236914123427,0.008192514790615996,-0.04096236914123427,-0.04096236914123427,0.04096236914123427,-0.04096236914123427,4.096236914123427e-08,1
57.9,-0.03256990295967491,-0.03534981793003553,-0.03534981793003553,0.03963990189549995,0,0,1.249609627686661e-09,293.15,-3.534981793003553e-08,0.03963990189549995,0.0002499219255373323,0.2,0.007069998935825036,-0.007069963586007106,1,1,-0.03534981793003553,0.03534981793003553,0,-0.03534981793003553,-0.03256990295967491,-0.03256990295967491,-0.03534981793003553,0.03534981793003553,3.534981793003553e-08,-0.03534981793003553,0,0.03534981793003553,-0.03256990295967491,-0.03534981793003553,0.007069998935825036,-0.03534981793003553,-0.03534981793003553,0.03534981793003553,-0.03534981793003553,3.534981793003553e-08,1
58.05,-0.03741192589815046,-0.02912106558150422,-0.02912106558150422,0.04323616813551688,0,0,8.480364606022699e-10,293.15,-2.912106558150422e-08,0.04323616813551688,0.000169607292120454,0.2,0.005824242237366427,-0.005824213116300846,1,1,-0.02912106558150422,0.02912106558150422,0,-0.02912106558150422,-0.03741192589815046,-0.03741192589815046,-0.02912106558150422,0.02912106558150422,2.912106558150422e-08,-0.02912106558150422,0,0.02912106558150422,-0.03741192589815046,-0.02912106558150422,0.005824242237366427,-0.02912106558150422,-0.02912106558150422,0.02912106558150422,-0.02912106558150422,2.912106558150422e-08,1
58.2,-0.04128312413015899,-0.02243212945639938,-0.02243212945639938,0.04576957245356832,0,0,5.032004319486608e-10,293.15,-2.243212945639938e-08,0.04576957245356832,0.0001006400863897322,0.2,0.004486448323409333,-0.004486425891279877,1,1,-0.02243212945639938,0.02243212945639938,0,-0.02243212945639938,-0.04128312413015899,-0.04128312413015899,-0.02243212945639938,0.02243212945639938,2.243212945639938e-08,-0.02243212945639938,0,0.02243212945639938,-0.04128312413015899,-0.02243212945639938,0.004486448323409333,-0.02243212945639938,-0.02243212945639938,0.02243212945639938,-0.02243212945639938,2.243212945639938e-08,1
58.35,-0.04412654736609675,-0.01544459927534637,-0.01544459927534637,0.04721548266576529,0,0,2.385356467760295e-10,293.15,-1.544459927534636e-08,0.04721548266576529,4.77071293552059e-05,0.2,0.003088935299668549,-0.003088919855069273,1,1,-0.01544459927534637,0.01544459927534637,0,-0.01544459927534637,-0.04412654736609675,-0.04412654736609675,-0.01544459927534637,0.01544459927534637,1.544459927534636e-08,-0.01544459927534637,0,0.01544459927534637,-0.04412654736609675,-0.01544459927534637,0.003088935299668549,-0.01544459927534637,-0.01544459927534637,0.01544459927534637,-0.01544459927534637,1.544459927534636e-08,1
58.5,-0.04590966533403195,-0.008321893766942239,-0.008321893766942239,0.04757405240931416,0,0,6.925391586827209e-11,293.15,-8.321893766942239e-09,0.04757405240931416,1.385078317365442e-05,0.2,0.001664387075282215,-0.001664378753388448,1,1,-0.008321893766942239,0.008321893766942239,0,-0.008321893766942239,-0.04590966533403195,-0.04590966533403195,-0.008321893766942239,0.008321893766942239,8.321893766942239e-09,-0.008321893766942239,0,0.008321893766942239,-0.04590966533403195,-0.008321893766942239,0.001664387075282215,-0.008321893766942239,-0.008321893766942239,0.008321893766942239,-0.008321893766942239,8.321893766942239e-09,1
58.65,-0.04662436236966341,-0.001225593293056437,-0.001225593293056437,0.04686948225386799,0,0,1.502078919984922e-12,293.15,-1.225593293056437e-09,0.04686948225386799,3.004157839969846e-07,0.2,0.0002451198842045806,-0.0002451186586112875,1,1,-0.001225593293056437,0.001225593293056437,0,-0.001225593293056437,-0.04662436236966341,-0.04662436236966341,-0.001225593293056437,0.001225593293056437,1.225593293056437e-09,-0.001225593293056437,0,0.001225593293056437,-0.04662436236966341,-0.001225593293056437,0.0002451198842045806,-0.001225593293056437,-0.001225593293056437,0.001225593293056437,-0.001225593293056437,1.225593293056437e-09,1
58.8,-0.04628640915026005,0.005688083563768057,0.005688083563768057,0.04514878674942287,0,0,3.235429462840832e-11,293.15,5.688083563768057e-09,0.04514878674942287,6.470858925681665e-06,0.2,-0.001137622400837175,0.001137616712753611,1,1,0.005688083563768057,-0.005688083563768057,0,0.005688083563768057,-0.04628640915026005,-0.04628640915026005,0.005688083563768057,-0.005688083563768057,-5.688083563768057e-09,0.005688083563768057,0,-0.005688083563768057,-0.04628640915026005,0.005688083563768057,-0.001137622400837175,0.005688083563768057,0.005688083563768057,-0.005688083563768057,0.005688083563768057,-5.688083563768057e-09,1
58.95,-0.04493439211810523,0.01227157342216822,0.01227157342216822,0.04248006516209817,0,0,1.505915142556654e-10,293.15,1.227157342216822e-08,0.04248006516209817,3.011830285113308e-05,0.2,-0.002454326956007066,0.002454314684433644,1,1,0.01227157342216822,-0.01227157342216822,0,0.01227157342216822,-0.04493439211810523,-0.04493439211810523,0.01227157342216822,-0.01227157342216822,-1.227157342216822e-08,0.01227157342216822,0,-0.01227157342216822,-0.04493439211810523,0.01227157342216822,-0.002454326956007066,0.01227157342216822,0.01227157342216822,-0.01227157342216822,0.01227157342216822,-1.227157342216822e-08,1
59.1,-0.04262819595846325,0.0183889807565854,0.0183889807565854,0.03895038141816541,0,0,3.381546132660683e-10,293.15,1.83889807565854e-08,0.03895038141816541,6.763092265321367e-05,0.2,-0.003677814540297837,0.003677796151317081,1,1,0.0183889807565854,-0.0183889807565854,0,0.0183889807565854,-0.04262819595846325,-0.04262819595846325,0.0183889807565854,-0.0183889807565854,-1.83889807565854e-08,0.0183889807565854,0,-0.0183889807565854,-0.04262819595846325,0.0183889807565854,-0.003677814540297837,0.0183889807565854,0.0183889807565854,-0.0183889807565854,0.0183889807565854,-1.83889807565854e-08,1
59.25,-0.03944704744384468,0.02391874023798281,0.02391874023798281,0.03466327547750788,0,0,5.721061345720982e-10,293.15,2.391874023798281e-08,0.03466327547750788,0.0001144212269144196,0.2,-0.004783771966336801,0.004783748047596563,1,1,0.02391874023798281,-0.02391874023798281,0,0.02391874023798281,-0.03944704744384468,-0.03944704744384468,0.02391874023798281,-0.02391874023798281,-2.391874023798281e-08,0.02391874023798281,0,-0.02391874023798281,-0.03944704744384468,0.02391874023798281,-0.004783771966336801,0.02391874023798281,0.02391874023798281,-0.02391874023798281,0.02391874023798281,-2.391874023798281e-08,1
59.4,-0.03548718405589092,0.02875587508153973,0.02875587508153973,0.02973598028370789,0,0,8.269003517051176e-10,293.15,2.875587508153973e-08,0.02973598028370789,0.0001653800703410235,0.2,-0.005751203772183027,0.005751175016307946,1,1,0.02875587508153973,-0.02875587508153973,0,0.02875587508153973,-0.03548718405589092,-0.03548718405589092,0.02875587508153973,-0.02875587508153973,-2.875587508153973e-08,0.02875587508153973,0,-0.02875587508153973,-0.03548718405589092,0.02875587508153973,-0.005751203772183027,0.02875587508153973,0.02875587508153973,-0.02875587508153973,0.02875587508153973,-2.875587508153973e-08,1
59.55,-0.03085923305766384,0.03281384198797274,0.03281384198797274,0.0242964318462273,0,0,1.076748226011643e-09,293.15,3.281384198797274e-08,0.0242964318462273,0.0002153496452023286,0.2,-0.006562801211436537,0.006562768397594549,1,1,0.03281384198797274,-0.03281384198797274,0,0.03281384198797274,-0.03085923305766384,-0.03085923305766384,0.03281384198797274,-0.03281384198797274,-3.281384198797274e-08,0.03281384198797274,0,-0.03281384198797274,-0.03085923305766384,0.03281384198797274,-0.006562801211436537,0.03281384198797274,0.03281384198797274,-0.03281384198797274,0.03281384198797274,-3.281384198797274e-08,1
59.7,-0.02568532976631054,0.0360258897987968,0.0360258897987968,0.01848011578066138,0,0,1.297864735795051e-09,293.15,3.60258897987968e-08,0.01848011578066138,0.0002595729471590103,0.2,-0.007205213985649159,0.00720517795975936,1,1,0.0360258897987968,-0.0360258897987968,0,0.0360258897987968,-0.02568532976631054,-0.02568532976631054,0.0360258897987968,-0.0360258897987968,-3.60258897987968e-08,0.0360258897987968,0,-0.0360258897987968,-0.02568532976631054,0.0360258897987968,-0.007205213985649159,0.0360258897987968,0.0360258897987968,-0.0360258897987968,0.0360258897987968,-3.60258897987968e-08,1
59.85,-0.02009607871910201,0.03834595505391727,0.03834595505391727,0.0124268493623635,0,0,1.470412268997043e-09,293.15,3.834595505391727e-08,0.0124268493623635,0.0002940824537994087,0.2,-0.007669229356738507,0.007669191010783454,1,1,0.03834595505391727,-0.03834595505391727,0,0.03834595505391727,-0.02009607871910201,-0.02009607871910201,0.03834595505391727,-0.03834595505391727,-3.834595505391727e-08,0.03834595505391727,0,-0.03834595505391727,-0.02009607871910201,0.03834595505391727,-0.007669229356738507,0.03834595505391727,0.03834595505391727,-0.03834595505391727,0.03834595505391727,-3.834595505391727e-08,1
60,-0.0142274144493428,0.0397490751736928,0.0397490751736928,0.006277559665529068,0,0,1.579988977163882e-09,293.15,3.97490751736928e-08,0.006277559665529068,0.0003159977954327764,0.2,-0.007949854783813735,0.007949815034738562,1,1,0.0397490751736928,-0.0397490751736928,0,0.0397490751736928,-0.0142274144493428,-0.0142274144493428,0.0397490751736928,-0.0397490751736928,-3.97490751736928e-08,0.0397490751736928,0,-0.0397490751736928,-0.0142274144493428,0.0397490751736928,-0.007949854783813735,0.0397490751736928,0.0397490751736928,-0.0397490751736928,0.0397490751736928,-3.97490751736928e-08,1
60.15,-0.008217442229111433,0.04023124329167464,0.04023124329167464,0.0001711533395332143,0,0,1.618552936793915e-09,293.15,4.023124329167464e-08,0.0001711533395332143,0.0003237105873587831,0.2,-0.008046288889578219,0.008046248658334927,1,1,0.04023124329167464,-0.04023124329167464,0,0.04023124329167464,-0.008217442229111433,-0.008217442229111433,0.04023124329167464,-0.04023124329167464,-4.023124329167464e-08,0.04023124329167464,0,-0.04023124329167464,-0.008217442229111433,0.04023124329167464,-0.008046288889578219,0.04023124329167464,0.04023124329167464,-0.04023124329167464,0.04023124329167464,-4.023124329167464e-08,1
60.3,-0.002203323281055441,0.03980894026204043,0.03980894026204043,-0.005758504580292909,0,0,1.584751724786704e-09,293.15,3.980894026204043e-08,-0.005758504580292909,0.0003169503449573408,0.2,-0.00796182786134835,0.007961788052408087,1,1,0.03980894026204043,-0.03980894026204043,0,0.03980894026204043,-0.002203323281055441,-0.002203323281055441,0.03980894026204043,-0.03980894026204043,-3.980894026204043e-08,0.03980894026204043,0,-0.03980894026204043,-0.002203323281055441,0.03980894026204043,-0.00796182786134835,0.03980894026204043,0.03980894026204043,-0.03980894026204043,0.03980894026204043,-3.980894026204043e-08,1
60.45,0.003681749811931301,0.03851840137216575,0.03851840137216575,-0.01138546860476582,0,0,1.48366724426726e-09,293.15,3.851840137216575e-08,-0.01138546860476582,0.0002967334488534521,0.2,-0.007703718792834523,0.007703680274433151,1,1,0.03851840137216575,-0.03851840137216575,0,0.03851840137216575,0.003681749811931301,0.003681749811931301,0.03851840137216575,-0.03851840137216575,-3.851840137216575e-08,0.03851840137216575,0,-0.03851840137216575,0.003681749811931301,0.03851840137216575,-0.007703718792834523,0.03851840137216575,0.03851840137216575,-0.03851840137216575,0.03851840137216575,-3.851840137216575e-08,1
60.6,0.009311459272396478,0.03641408221894151,0.03641408221894151,-0.016594312130267,0,0,1.325985383847832e-09,293.15,3.641408221894151e-08,-0.016594312130267,0.0002651970767695665,0.2,-0.007282852857870521,0.007282816443788302,1,1,0.03641408221894151,-0.03641408221894151,0,0.03641408221894151,0.009311459272396478,0.009311459272396478,0.03641408221894151,-0.03641408221894151,-3.641408221894151e-08,0.03641408221894151,0,-0.03641408221894151,0.009311459272396478,0.03641408221894151,-0.007282852857870521,0.03641408221894151,0.03641408221894151,-0.03641408221894151,0.03641408221894151,-3.641408221894151e-08,1
60.75,0.01456875653272664,0.0335664316676487,0.0335664316676487,-0.02128207643268805,0,0,1.126705334898929e-09,293.15,3.35664316676487e-08,-0.02128207643268805,0.0002253410669797859,0.2,-0.006713319899961409,0.006713286333529741,1,1,0.0335664316676487,-0.0335664316676487,0,0.0335664316676487,0.01456875653272664,0.01456875653272664,0.0335664316676487,-0.0335664316676487,-3.35664316676487e-08,0.0335664316676487,0,-0.0335664316676487,0.01456875653272664,0.0335664316676487,-0.006713319899961409,0.0335664316676487,0.0335664316676487,-0.0335664316676487,0.0335664316676487,-3.35664316676487e-08,1
60.9,0.01934839767406417,0.03006022344299374,0.03006022344299374,-0.02536047242288636,0,0,9.036170334427104e-10,293.15,3.006022344299374e-08,-0.02536047242288636,0.0001807234066885421,0.2,-0.006012074748822192,0.006012044688598749,1,1,0.03006022344299374,-0.03006022344299374,0,0.03006022344299374,0.01934839767406417,0.01934839767406417,0.03006022344299374,-0.03006022344299374,-3.006022344299374e-08,0.03006022344299374,0,-0.03006022344299374,0.01934839767406417,0.03006022344299374,-0.006012074748822192,0.03006022344299374,0.03006022344299374,-0.03006022344299374,0.03006022344299374,-3.006022344299374e-08,1
61.05,0.02355887755589115,0.0259924312430449,0.0259924312430449,-0.02875738979693137,0,0,6.756064819244164e-10,293.15,2.599243124304489e-08,-0.02875738979693137,0.0001351212963848833,0.2,-0.005198512241040222,0.005198486248608979,1,1,0.0259924312430449,-0.0259924312430449,0,0.0259924312430449,0.02355887755589115,0.02355887755589115,0.0259924312430449,-0.0259924312430449,-2.599243124304489e-08,0.0259924312430449,0,-0.0259924312430449,0.02355887755589115,0.0259924312430449,-0.005198512241040222,0.0259924312430449,0.0259924312430449,-0.0259924312430449,0.0259924312430449,-2.599243124304489e-08,1
61.2,0.02712391857910696,0.02146979993501951,0.02146979993501951,-0.03141790003591079,0,0,4.609523092497636e-10,293.15,2.146979993501951e-08,-0.03141790003591079,9.219046184995273e-05,0.2,-0.004293981456803837,0.004293959987003901,1,1,0.02146979993501951,-0.02146979993501951,0,0.02146979993501951,0.02712391857910696,0.02712391857910696,0.02146979993501951,-0.02146979993501951,-2.146979993501951e-08,0.02146979993501951,0,-0.02146979993501951,0.02712391857910696,0.02146979993501951,-0.004293981456803837,0.02146979993501951,0.02146979993501951,-0.02146979993501951,0.02146979993501951,-2.146979993501951e-08,1
61.35,0.02998340242822943,0.01660579212279402,0.01660579212279402,-0.03330457745858036,0,0,2.757523320254478e-10,293.15,1.660579212279402e-08,-0.03330457745858036,5.515046640508956e-05,0.2,-0.003321175030350926,0.003321158424558803,1,1,0.01660579212279402,-0.01660579212279402,0,0.01660579212279402,0.02998340242822943,0.02998340242822943,0.01660579212279402,-0.01660579212279402,-1.660579212279402e-08,0.01660579212279402,0,-0.01660579212279402,0.02998340242822943,0.01660579212279402,-0.003321175030350926,0.01660579212279402,0.01660579212279402,-0.01660579212279402,0.01660579212279402,-1.660579212279402e-08,1
61.5,0.03209478463913976,0.01151818016262844,0.01151818016262844,-0.03439843218984561,0,0,1.326684742587672e-10,293.15,1.151818016262844e-08,-0.03439843218984561,2.653369485175345e-05,0.2,-0.00230364755070585,0.002303636032525687,1,1,0.01151818016262844,-0.01151818016262844,0,0.01151818016262844,0.03209478463913976,0.03209478463913976,0.01151818016262844,-0.01151818016262844,-1.151818016262844e-08,0.01151818016262844,0,-0.01151818016262844,0.03209478463913976,0.01151818016262844,-0.00230364755070585,0.01151818016262844,0.01151818016262844,-0.01151818016262844,0.01151818016262844,-1.151818016262844e-08,1
61.65,0.0334336512247036,0.006326108534719164,0.006326108534719164,-0.03469887925775597,0,0,4.001964919304665e-11,293.15,6.326108534719164e-09,-0.03469887925775597,8.003929838609331e-06,0.2,-0.001265228033052368,0.001265221706943833,1,1,0.006326108534719164,-0.006326108534719164,0,0.006326108534719164,0.0334336512247036,0.0334336512247036,0.006326108534719164,-0.006326108534719164,-6.326108534719164e-09,0.006326108534719164,0,-0.006326108534719164,0.0334336512247036,0.006326108534719164,-0.001265228033052368,0.006326108534719164,0.006326108534719164,-0.006326108534719164,0.006326108534719164,-6.326108534719164e-09,1
61.8,0.03399355725366923,0.001147456431144265,0.001147456431144265,-0.03422304968735452,0,0,1.316656261374334e-12,293.15,1.147456431144265e-09,-0.03422304968735452,2.633312522748669e-07,0.2,-0.0002294924336852842,0.0002294912862288531,1,1,0.001147456431144265,-0.001147456431144265,0,0.001147456431144265,0.03399355725366923,0.03399355725366923,0.001147456431144265,-0.001147456431144265,-1.147456431144265e-09,0.001147456431144265,0,-0.001147456431144265,0.03399355725366923,0.001147456431144265,-0.0002294924336852842,0.001147456431144265,0.001147456431144265,-0.001147456431144265,0.001147456431144265,-1.147456431144265e-09,1
61.95,0.03378481554187499,-0.003903587857247775,-0.003903587857247775,-0.03300409406683757,0,0,1.523799815925228e-11,293.15,-3.903587857247775e-09,-0.03300409406683757,3.047599631850456e-06,0.2,0.0007807214750374124,-0.0007807175714495551,1,1,-0.003903587857247775,0.003903587857247775,0,-0.003903587857247775,0.03378481554187499,0.03378481554187499,-0.003903587857247775,0.003903587857247775,3.903587857247775e-09,-0.003903587857247775,0,0.003903587857247775,0.03378481554187499,-0.003903587857247775,0.0007807214750374124,-0.003903587857247775,-0.003903587857247775,0.003903587857247775,-0.003903587857247775,3.903587857247775e-09,1
62.1,0.03283464429679201,-0.008719046174041269,-0.008719046174041269,-0.03109082634293758,0,0,7.602176618506367e-11,293.15,-8.719046174041267e-09,-0.03109082634293758,1.520435323701274e-05,0.2,0.001743817953854428,-0.001743809234808254,1,1,-0.008719046174041269,0.008719046174041269,0,-0.008719046174041269,0.03283464429679201,0.03283464429679201,-0.008719046174041269,0.008719046174041269,8.719046174041267e-09,-0.008719046174041269,0,0.008719046174041269,0.03283464429679201,-0.008719046174041269,0.001743817953854428,-0.008719046174041269,-0.008719046174041269,0.008719046174041269,-0.008719046174041269,8.719046174041267e-09,1
62.25,0.03118596909505006,-0.01319936867113162,-0.01319936867113162,-0.02854608216145506,0,0,1.742233333164509e-10,293.15,-1.319936867113162e-08,-0.02854608216145506,3.484466666329018e-05,0.2,0.002639886933594995,-0.002639873734226324,1,1,-0.01319936867113162,0.01319936867113162,0,-0.01319936867113162,0.03118596909505006,0.03118596909505006,-0.01319936867113162,0.01319936867113162,1.319936867113162e-08,-0.01319936867113162,0,0.01319936867113162,0.03118596909505006,-0.01319936867113162,0.002639886933594995,-0.01319936867113162,-0.01319936867113162,0.01319936867113162,-0.01319936867113162,1.319936867113162e-08,1
62.4,0.02889613267369958,-0.01725533935242322,-0.01725533935242322,-0.02544504754787558,0,0,2.977467361672852e-10,293.15,-1.725533935242322e-08,-0.02544504754787558,5.954934723345706e-05,0.2,0.003451085125823996,-0.003451067870484644,1,1,-0.01725533935242322,0.01725533935242322,0,-0.01725533935242322,0.02889613267369958,0.02889613267369958,-0.01725533935242322,0.01725533935242322,1.725533935242322e-08,-0.01725533935242322,0,0.01725533935242322,0.02889613267369958,-0.01725533935242322,0.003451085125823996,-0.01725533935242322,-0.01725533935242322,0.01725533935242322,-0.01725533935242322,1.725533935242322e-08,1
62.55,0.02603461342589531,-0.02080958361633226,-0.02080958361633226,-0.02187267589304524,0,0,4.330387702851241e-10,293.15,-2.080958361633226e-08,-0.02187267589304524,8.660775405702483e-05,0.2,0.004161937532850069,-0.004161916723266453,1,1,-0.02080958361633226,0.02080958361633226,0,-0.02080958361633226,0.02603461342589531,0.02603461342589531,-0.02080958361633226,0.02080958361633226,2.080958361633226e-08,-0.02080958361633226,0,0.02080958361633226,0.02603461342589531,-0.02080958361633226,0.004161937532850069,-0.02080958361633226,-0.02080958361633226,0.02080958361633226,-0.02080958361633226,2.080958361633226e-08,1
62.7,0.02268168429898604,-0.02379830364720794,-0.02379830364720794,-0.01792199977124081,0,0,5.663592564847109e-10,293.15,-2.379830364720794e-08,-0.01792199977124081,0.0001132718512969422,0.2,0.004759684527745237,-0.004759660729441589,1,1,-0.02379830364720794,0.02379830364720794,0,-0.02379830364720794,0.02268168429898604,0.02268168429898604,-0.02379830364720794,0.02379830364720794,2.379830364720794e-08,-0.02379830364720794,0,0.02379830364720794,0.02268168429898604,-0.02379830364720794,0.004759684527745237,-0.02379830364720794,-0.02379830364720794,0.02379830364720794,-0.02379830364720794,2.379830364720794e-08,1
62.85,0.0189261258874105,-0.02617231865432463,-0.02617231865432463,-0.01369163598422692,0,0,6.849902637435087e-10,293.15,-2.617231865432462e-08,-0.01369163598422692,0.0001369980527487018,0.2,0.00523448990318358,-0.005234463730864926,1,1,-0.02617231865432463,0.02617231865432463,0,-0.02617231865432463,0.0189261258874105,0.0189261258874105,-0.02617231865432463,0.02617231865432463,2.617231865432462e-08,-0.02617231865432463,0,0.02617231865432463,0.0189261258874105,-0.02617231865432463,0.00523448990318358,-0.02617231865432463,-0.02617231865432463,0.02617231865432463,-0.02617231865432463,2.617231865432462e-08,1
63,0.01486286833198646,-0.02789742449514288,-0.02789742449514288,-0.009283355535533383,0,0,7.782662934621979e-10,293.15,-2.789742449514288e-08,-0.009283355535533383,0.0001556532586924396,0.2,0.005579512796453072,-0.005579484899028576,1,1,-0.02789742449514288,0.02789742449514288,0,-0.02789742449514288,0.01486286833198646,0.01486286833198646,-0.02789742449514288,0.02789742449514288,2.789742449514288e-08,-0.02789742449514288,0,0.02789742449514288,0.01486286833198646,-0.02789742449514288,0.005579512796453072,-0.02789742449514288,-0.02789742449514288,0.02789742449514288,-0.02789742449514288,2.789742449514288e-08,1
63.15,0.01059070367339142,-0.0289542057940159,-0.0289542057940159,-0.00479983356038245,0,0,8.383460331622238e-10,293.15,-2.89542057940159e-08,-0.00479983356038245,0.0001676692066324448,0.2,0.005790870113008975,-0.00579084115880318,1,1,-0.0289542057940159,0.0289542057940159,0,-0.0289542057940159,0.01059070367339142,0.01059070367339142,-0.0289542057940159,0.0289542057940159,2.89542057940159e-08,-0.0289542057940159,0,0.0289542057940159,0.01059070367339142,-0.0289542057940159,0.005790870113008975,-0.0289542057940159,-0.0289542057940159,0.0289542057940159,-0.0289542057940159,2.89542057940159e-08,1
63.3,0.006210313649470455,-0.02933894640896134,-0.02933894640896134,-0.0003424950287317782,0,0,8.607737763879053e-10,293.15,-2.933894640896134e-08,-0.0003424950287317782,0.0001721547552775811,0.2,0.005867818620738677,-0.005867789281792268,1,1,-0.02933894640896134,0.02933894640896134,0,-0.02933894640896134,0.006210313649470455,0.006210313649470455,-0.02933894640896134,0.02933894640896134,2.933894640896134e-08,-0.02933894640896134,0,0.02933894640896134,0.006210313649470455,-0.02933894640896134,0.005867818620738677,-0.02933894640896134,-0.02933894640896134,0.02933894640896134,-0.02933894640896134,2.933894640896134e-08,1
63.45,0.001821892720543751,-0.02906309404554818,-0.02906309404554818,0.003990755151659931,0,0,8.446634355003778e-10,293.15,-2.906309404554817e-08,0.003990755151659931,0.0001689326871000756,0.2,0.005812647872203681,-0.005812618809109635,1,1,-0.02906309404554818,0.02906309404554818,0,-0.02906309404554818,0.001821892720543751,0.001821892720543751,-0.02906309404554818,0.02906309404554818,2.906309404554817e-08,-0.02906309404554818,0,0.02906309404554818,0.001821892720543751,-0.02906309404554818,0.005812647872203681,-0.02906309404554818,-0.02906309404554818,0.02906309404554818,-0.02906309404554818,2.906309404554817e-08,1
63.6,-0.002477058924875349,-0.02815259749755085,-0.02815259749755085,0.008107606576983017,0,0,7.925687458591065e-10,293.15,-2.815259749755085e-08,0.008107606576983017,0.0001585137491718213,0.2,0.005630547652107668,-0.005630519499510171,1,1,-0.02815259749755085,0.02815259749755085,0,-0.02815259749755085,-0.002477058924875349,-0.002477058924875349,-0.02815259749755085,0.02815259749755085,2.815259749755085e-08,-0.02815259749755085,0,0.02815259749755085,-0.002477058924875349,-0.02815259749755085,0.005630547652107668,-0.02815259749755085,-0.02815259749755085,0.02815259749755085,-0.02815259749755085,2.815259749755085e-08,1
63.75,-0.00659408754295521,-0.02664612888274951,-0.02664612888274951,0.01192333996563399,0,0,7.100161844360974e-10,293.15,-2.66461288827495e-08,0.01192333996563399,0.0001420032368872195,0.2,0.005329252422678784,-0.005329225776549902,1,1,-0.02664612888274951,0.02664612888274951,0,-0.02664612888274951,-0.00659408754295521,-0.00659408754295521,-0.02664612888274951,0.02664612888274951,2.66461288827495e-08,-0.02664612888274951,0,0.02664612888274951,-0.00659408754295521,-0.02664612888274951,0.005329252422678784,-0.02664612888274951,-0.02664612888274951,0.02664612888274951,-0.02664612888274951,2.66461288827495e-08,1
63.9,-0.01044359025394655,-0.02459466919225521,-0.02459466919225521,0.01536254868706679,0,0,6.048977526764674e-10,293.15,-2.459466919225521e-08,0.01536254868706679,0.0001209795505352935,0.2,0.004918958433120233,-0.004918933838451042,1,1,-0.02459466919225521,0.02459466919225521,0,-0.02459466919225521,-0.01044359025394655,-0.01044359025394655,-0.02459466919225521,0.02459466919225521,2.459466919225521e-08,-0.02459466919225521,0,0.02459466919225521,-0.01044359025394655,-0.02459466919225521,0.004918958433120233,-0.02459466919225521,-0.02459466919225521,0.02459466919225521,-0.02459466919225521,2.459466919225521e-08,1
64.05,-0.01394845323050995,-0.02205968681481618,-0.02205968681481618,0.01836041265316,0,0,4.866297823677749e-10,293.15,-2.205968681481618e-08,0.01836041265316,9.732595647355497e-05,0.2,0.004411959422650051,-0.004411937362963236,1,1,-0.02205968681481618,0.02205968681481618,0,-0.02205968681481618,-0.01394845323050995,-0.01394845323050995,-0.02205968681481618,0.02205968681481618,2.205968681481618e-08,-0.02205968681481618,0,0.02205968681481618,-0.01394845323050995,-0.02205968681481618,0.004411959422650051,-0.02205968681481618,-0.02205968681481618,0.02205968681481618,-0.02205968681481618,2.205968681481618e-08,1
64.2,-0.0170414396622313,-0.01911160812496933,-0.01911160812496933,0.02086378039883329,0,0,3.652535651223938e-10,293.15,-1.911160812496933e-08,0.02086378039883329,7.305071302447876e-05,0.2,0.003822340736601992,-0.003822321624993867,1,1,-0.01911160812496933,0.01911160812496933,0,-0.01911160812496933,-0.0170414396622313,-0.0170414396622313,-0.01911160812496933,0.01911160812496933,1.911160812496933e-08,-0.01911160812496933,0,0.01911160812496933,-0.0170414396622313,-0.01911160812496933,0.003822340736601992,-0.01911160812496933,-0.01911160812496933,0.01911160812496933,-0.01911160812496933,1.911160812496933e-08,1
64.34999999999999,-0.01966610946485189,-0.01582784024956665,-0.01582784024956665,0.02283169334260547,0,0,2.50520526965802e-10,293.15,-1.582784024956665e-08,0.02283169334260547,5.010410539316041e-05,0.2,0.003165583877753579,-0.00316556804991333,1,1,-0.01582784024956665,0.01582784024956665,0,-0.01582784024956665,-0.01966610946485189,-0.01966610946485189,-0.01582784024956665,0.01582784024956665,1.582784024956665e-08,-0.01582784024956665,0,0.01582784024956665,-0.01966610946485189,-0.01582784024956665,0.003165583877753579,-0.01582784024956665,-0.01582784024956665,0.01582784024956665,-0.01582784024956665,1.582784024956665e-08,1
64.5,-0.02177802158235128,-0.01229088257372866,-0.01229088257372866,0.02423621038797959,0,0,1.510657944411869e-10,293.15,-1.229088257372866e-08,0.02423621038797959,3.021315888823739e-05,0.2,0.002458188805628307,-0.002458176514745733,1,1,-0.01229088257372866,0.01229088257372866,0,-0.01229088257372866,-0.02177802158235128,-0.02177802158235128,-0.01229088257372866,0.01229088257372866,1.229088257372866e-08,-0.01229088257372866,0,0.01229088257372866,-0.02177802158235128,-0.01229088257372866,0.002458188805628307,-0.01229088257372866,-0.01229088257372866,0.01229088257372866,-0.01229088257372866,1.229088257372866e-08,1
64.65000000000001,-0.02334550120404129,-0.008586405113189866,-0.008586405113189866,0.02506279081308437,0,0,7.372635276781306e-11,293.15,-8.586405113189865e-09,0.02506279081308437,1.474527055356261e-05,0.2,0.001717289609043086,-0.001717281022637973,1,1,-0.008586405113189866,0.008586405113189866,0,-0.008586405113189866,-0.02334550120404129,-0.02334550120404129,-0.008586405113189866,0.008586405113189866,8.586405113189865e-09,-0.008586405113189866,0,0.008586405113189866,-0.02334550120404129,-0.008586405113189866,0.001717289609043086,-0.008586405113189866,-0.008586405113189866,0.008586405113189866,-0.008586405113189866,8.586405113189865e-09,1
64.8,-0.0243501356749367,-0.004801282801855003,-0.004801282801855003,0.0253103970365905,0,0,2.305231654338862e-11,293.15,-4.801282801855002e-09,0.0253103970365905,4.610463308677726e-06,0.2,0.0009602613616538025,-0.0009602565603710006,1,1,-0.004801282801855003,0.004801282801855003,0,-0.004801282801855003,-0.0243501356749367,-0.0243501356749367,-0.004801282801855003,0.004801282801855003,4.801282801855002e-09,-0.004801282801855003,0,0.004801282801855003,-0.0243501356749367,-0.004801282801855003,0.0009602613616538025,-0.004801282801855003,-0.004801282801855003,0.004801282801855003,-0.004801282801855003,4.801282801855002e-09,1
64.95,-0.02478656009638256,-0.001021674333270508,-0.001021674333270508,0.024990895984711,0,0,1.043818443263737e-12,293.15,-1.021674333270508e-09,0.024990895984711,2.087636886527475e-07,0.2,0.0002043358883284349,-0.0002043348666541016,1,1,-0.001021674333270508,0.001021674333270508,0,-0.001021674333270508,-0.02478656009638256,-0.02478656009638256,-0.001021674333270508,0.001021674333270508,1.021674333270508e-09,-0.001021674333270508,0,0.001021674333270508,-0.02478656009638256,-0.001021674333270508,0.0002043358883284349,-0.001021674333270508,-0.001021674333270508,0.001021674333270508,-0.001021674333270508,1.021674333270508e-09,1
65.09999999999999,-0.02466159311313715,0.002668866562458449,0.002668866562458449,0.0241278171317789,0,0,7.122848728208778e-12,293.15,2.668866562458449e-09,0.0241278171317789,1.424569745641756e-06,0.2,-0.0005337759813582523,0.0005337733124916898,1,1,0.002668866562458449,-0.002668866562458449,0,0.002668866562458449,-0.02466159311313715,-0.02466159311313715,0.002668866562458449,-0.002668866562458449,-2.668866562458449e-09,0.002668866562458449,0,-0.002668866562458449,-0.02466159311313715,0.002668866562458449,-0.0005337759813582523,0.002668866562458449,0.002668866562458449,-0.002668866562458449,0.002668866562458449,-2.668866562458449e-09,1
65.25,-0.02399456207620608,0.006191261173259121,0.006191261173259121,0.02275630365029308,0,0,3.83317149155059e-11,293.15,6.191261173259121e-09,0.02275630365029308,7.666342983101182e-06,0.2,-0.001238258425912997,0.001238252234651824,1,1,0.006191261173259121,-0.006191261173259121,0,0.006191261173259121,-0.02399456207620608,-0.02399456207620608,0.006191261173259121,-0.006191261173259121,-6.191261173259121e-09,0.006191261173259121,0,-0.006191261173259121,-0.02399456207620608,0.006191261173259121,-0.001238258425912997,0.006191261173259121,0.006191261173259121,-0.006191261173259121,0.006191261173259121,-6.191261173259121e-09,1
65.40000000000001,-0.02281629263769716,0.009472572106767156,0.009472572106767156,0.02092176874377163,0,0,8.972962231790315e-11,293.15,9.472572106767155e-09,0.02092176874377163,1.794592446358063e-05,0.2,-0.001894523893925538,0.001894514421353431,1,1,0.009472572106767156,-0.009472572106767156,0,0.009472572106767156,-0.02281629263769716,-0.02281629263769716,0.009472572106767156,-0.009472572106767156,-9.472572106767155e-09,0.009472572106767156,0,-0.009472572106767156,-0.02281629263769716,0.009472572106767156,-0.001894523893925538,0.009472572106767156,0.009472572106767156,-0.009472572106767156,0.009472572106767156,-9.472572106767155e-09,1
65.55,-0.02116816285158686,0.01244742397405103,0.01244742397405103,0.01867866560935268,0,0,1.549383635897803e-10,293.15,1.244742397405103e-08,0.01867866560935268,3.098767271795606e-05,0.2,-0.00248949724223418,0.002489484794810206,1,1,0.01244742397405103,-0.01244742397405103,0,0.01244742397405103,-0.02116816285158686,-0.02116816285158686,0.01244742397405103,-0.01244742397405103,-1.244742397405103e-08,0.01244742397405103,0,-0.01244742397405103,-0.02116816285158686,0.01244742397405103,-0.00248949724223418,0.01244742397405103,0.01244742397405103,-0.01244742397405103,0.01244742397405103,-1.244742397405103e-08,1
65.7,-0.01910038160033243,0.01505893984276675,0.01505893984276675,0.01608857857283924,0,0,2.267716691880677e-10,293.15,1.505893984276675e-08,0.01608857857283924,4.535433383761355e-05,0.2,-0.003011803027493192,0.003011787968553349,1,1,0.01505893984276675,-0.01505893984276675,0,0.01505893984276675,-0.01910038160033243,-0.01910038160033243,0.01505893984276675,-0.01505893984276675,-1.505893984276675e-08,0.01505893984276675,0,-0.01505893984276675,-0.01910038160033243,0.01505893984276675,-0.003011803027493192,0.01505893984276675,0.01505893984276675,-0.01505893984276675,0.01505893984276675,-1.505893984276675e-08,1
65.84999999999999,-0.01667115138963255,0.01726013476485952,0.01726013476485952,0.01321910717652588,0,0,2.979122521011123e-10,293.15,1.726013476485952e-08,0.01321910717652588,5.958245042022247e-05,0.2,-0.00345204421310667,0.003452026952971905,1,1,0.01726013476485952,-0.01726013476485952,0,0.01726013476485952,-0.01667115138963255,-0.01667115138963255,0.01726013476485952,-0.01726013476485952,-1.726013476485952e-08,0.01726013476485952,0,-0.01726013476485952,-0.01667115138963255,0.01726013476485952,-0.00345204421310667,0.01726013476485952,0.01726013476485952,-0.01726013476485952,0.01726013476485952,-1.726013476485952e-08,1
66,-0.01394489174898775,0.01901447625083352,0.01901447625083352,0.0101419774843448,0,0,3.615503070935121e-10,293.15,1.901447625083352e-08,0.0101419774843448,7.231006141870242e-05,0.2,-0.003802914264642956,0.003802895250166705,1,1,0.01901447625083352,-0.01901447625083352,0,0.01901447625083352,-0.01394489174898775,-0.01394489174898775,0.01901447625083352,-0.01901447625083352,-1.901447625083352e-08,0.01901447625083352,0,-0.01901447625083352,-0.01394489174898775,0.01901447625083352,-0.003802914264642956,0.01901447625083352,0.01901447625083352,-0.01901447625083352,0.01901447625083352,-1.901447625083352e-08,1
66.15000000000001,-0.01099071342451232,0.02029648519823484,0.02029648519823484,0.006931396088380151,0,0,4.119473114021659e-10,293.15,2.029648519823484e-08,0.006931396088380151,8.238946228043319e-05,0.2,-0.004059317336132166,0.004059297039646968,1,1,0.02029648519823484,-0.02029648519823484,0,0.02029648519823484,-0.01099071342451232,-0.01099071342451232,0.02029648519823484,-0.02029648519823484,-2.029648519823484e-08,0.02029648519823484,0,-0.02029648519823484,-0.01099071342451232,0.02029648519823484,-0.004059317336132166,0.02029648519823484,0.02029648519823484,-0.02029648519823484,0.02029648519823484,-2.029648519823484e-08,1
66.3,-0.007880640442864423,0.02109171543844366,0.02109171543844366,0.003662276263460253,0,0,4.448604601362826e-10,293.15,2.109171543844366e-08,0.003662276263460253,8.897209202725653e-05,0.2,-0.004218364179404171,0.004218343087688732,1,1,0.02109171543844366,-0.02109171543844366,0,0.02109171543844366,-0.007880640442864423,-0.007880640442864423,0.02109171543844366,-0.02109171543844366,-2.109171543844366e-08,0.02109171543844366,0,-0.02109171543844366,-0.007880640442864423,0.02109171543844366,-0.004218364179404171,0.02109171543844366,0.02109171543844366,-0.02109171543844366,0.02109171543844366,-2.109171543844366e-08,1
66.45,-0.004688011176480667,0.02139682207855017,0.02139682207855017,0.0004086253639485546,0,0,4.57823995061132e-10,293.15,2.139682207855017e-08,0.0004086253639485546,9.15647990122264e-05,0.2,-0.004279385812532113,0.004279364415710034,1,1,0.02139682207855017,-0.02139682207855017,0,0.02139682207855017,-0.004688011176480667,-0.004688011176480667,0.02139682207855017,-0.02139682207855017,-2.139682207855017e-08,0.02139682207855017,0,-0.02139682207855017,-0.004688011176480667,0.02139682207855017,-0.004279385812532113,0.02139682207855017,0.02139682207855017,-0.02139682207855017,0.02139682207855017,-2.139682207855017e-08,1
66.59999999999999,-0.001485876609632815,0.02121940141925717,0.02121940141925717,-0.002758024893620037,0,0,4.50262996591573e-10,293.15,2.121940141925716e-08,-0.002758024893620037,9.005259931831461e-05,0.2,-0.004243901503252852,0.004243880283851433,1,1,0.02121940141925717,-0.02121940141925717,0,0.02121940141925717,-0.001485876609632815,-0.001485876609632815,0.02121940141925717,-0.02121940141925717,-2.121940141925716e-08,0.02121940141925717,0,-0.02121940141925717,-0.001485876609632815,0.02121940141925717,-0.004243901503252852,0.02121940141925717,0.02121940141925717,-0.02121940141925717,0.02121940141925717,-2.121940141925716e-08,1
66.75,0.001654616885396858,0.02057763834354156,0.02057763834354156,-0.005770165131743513,0,0,4.234391997975917e-10,293.15,2.057763834354156e-08,-0.005770165131743513,8.468783995951836e-05,0.2,-0.004115548246346655,0.004115527668708312,1,1,0.02057763834354156,-0.02057763834354156,0,0.02057763834354156,0.001654616885396858,0.001654616885396858,0.02057763834354156,-0.02057763834354156,-2.057763834354156e-08,0.02057763834354156,0,-0.02057763834354156,0.001654616885396858,0.02057763834354156,-0.004115548246346655,0.02057763834354156,0.02057763834354156,-0.02057763834354156,0.02057763834354156,-2.057763834354156e-08,1
66.90000000000001,0.00466573404102845,0.01949957683592442,0.01949957683592442,-0.008565668907790171,0,0,3.802334967801202e-10,293.15,1.949957683592442e-08,-0.008565668907790171,7.604669935602406e-05,0.2,-0.00389993486676172,0.003899915367184884,1,1,0.01949957683592442,-0.01949957683592442,0,0.01949957683592442,0.00466573404102845,0.00466573404102845,0.01949957683592442,-0.01949957683592442,-1.949957683592442e-08,0.01949957683592442,0,-0.01949957683592442,0.00466573404102845,0.01949957683592442,-0.00389993486676172,0.01949957683592442,0.01949957683592442,-0.01949957683592442,0.01949957683592442,-1.949957683592442e-08,1
67.05,0.007484651058294858,0.01802207852840928,0.01802207852840928,-0.01108908478605524,0,0,3.247953144841508e-10,293.15,1.802207852840928e-08,-0.01108908478605524,6.495906289683016e-05,0.2,-0.003604433727760384,0.003604415705681856,1,1,0.01802207852840928,-0.01802207852840928,0,0.01802207852840928,0.007484651058294858,0.007484651058294858,0.01802207852840928,-0.01802207852840928,-1.802207852840928e-08,0.01802207852840928,0,-0.01802207852840928,0.007484651058294858,0.01802207852840928,-0.003604433727760384,0.01802207852840928,0.01802207852840928,-0.01802207852840928,0.01802207852840928,-1.802207852840928e-08,1
67.2,0.01005471643673353,0.01618960809028862,0.01618960809028862,-0.01329265424439934,0,0,2.621034101171388e-10,293.15,1.618960809028862e-08,-0.01329265424439934,5.242068202342775e-05,0.2,-0.003237937807665815,0.003237921618057724,1,1,0.01618960809028862,-0.01618960809028862,0,0.01618960809028862,0.01005471643673353,0.01005471643673353,0.01618960809028862,-0.01618960809028862,-1.618960809028862e-08,0.01618960809028862,0,-0.01618960809028862,0.01005471643673353,0.01618960809028862,-0.003237937807665815,0.01618960809028862,0.01618960809028862,-0.01618960809028862,0.01618960809028862,-1.618960809028862e-08,1
67.34999999999999,0.01232651242605859,0.01405308333434702,0.01405308333434702,-0.01513714314601133,0,0,1.974891512021019e-10,293.15,1.405308333434702e-08,-0.01513714314601133,3.949783024042038e-05,0.2,-0.002810630719952738,0.002810616666869404,1,1,0.01405308333434702,-0.01405308333434702,0,0.01405308333434702,0.01232651242605859,0.01232651242605859,0.01405308333434702,-0.01405308333434702,-1.405308333434702e-08,0.01405308333434702,0,-0.01405308333434702,0.01232651242605859,0.01405308333434702,-0.002810630719952738,0.01405308333434702,0.01405308333434702,-0.01405308333434702,0.01405308333434702,-1.405308333434702e-08,1
67.5,0.01425866177074206,0.01166853454961639,0.01166853454961639,-0.01659238034919989,0,0,1.361546985355915e-10,293.15,1.166853454961639e-08,-0.01659238034919989,2.723093970711829e-05,0.2,-0.002333718578457828,0.002333706909923279,1,1,0.01166853454961639,-0.01166853454961639,0,0.01166853454961639,0.01425866177074206,0.01425866177074206,0.01166853454961639,-0.01166853454961639,-1.166853454961639e-08,0.01166853454961639,0,-0.01166853454961639,0.01425866177074206,0.01166853454961639,-0.002333718578457828,0.01166853454961639,0.01166853454961639,-0.01166853454961639,0.01166853454961639,-1.166853454961639e-08,1
67.65000000000001,0.01581833689058093,0.009096016325535689,0.009096016325535689,-0.0176375492517044,0,0,8.273751299441177e-11,293.15,9.096016325535689e-09,-0.0176375492517044,1.654750259888236e-05,0.2,-0.001819212361123463,0.001819203265107138,1,1,0.009096016325535689,-0.009096016325535689,0,0.009096016325535689,0.01581833689058093,0.01581833689058093,0.009096016325535689,-0.009096016325535689,-9.096016325535689e-09,0.009096016325535689,0,-0.009096016325535689,0.01581833689058093,0.009096016325535689,-0.001819212361123463,0.009096016325535689,0.009096016325535689,-0.009096016325535689,0.009096016325535689,-9.096016325535689e-09,1
67.8,0.01698188222902184,0.006398187797392937,0.006398187797392937,-0.01826152618668822,0,0,4.093680709070788e-11,293.15,6.398187797392937e-09,-0.01826152618668822,8.187361418141578e-06,0.2,-0.001279643957666385,0.001279637559478588,1,1,0.006398187797392937,-0.006398187797392937,0,0.006398187797392937,0.01698188222902184,0.01698188222902184,0.006398187797392937,-0.006398187797392937,-6.398187797392937e-09,0.006398187797392937,0,-0.006398187797392937,0.01698188222902184,0.006398187797392937,-0.001279643957666385,0.006398187797392937,0.006398187797392937,-0.006398187797392937,0.006398187797392937,-6.398187797392937e-09,1
67.95,0.01773517817353485,0.003638647430672048,0.003638647430672048,-0.01846291129831669,0,0,1.323975512473629e-11,293.15,3.638647430672047e-09,-0.01846291129831669,2.647951024947259e-06,0.2,-0.0007277331247818402,0.0007277294861344095,1,1,0.003638647430672048,-0.003638647430672048,0,0.003638647430672048,0.01773517817353485,0.01773517817353485,0.003638647430672048,-0.003638647430672048,-3.638647430672047e-09,0.003638647430672048,0,-0.003638647430672048,0.01773517817353485,0.003638647430672048,-0.0007277331247818402,0.003638647430672048,0.003638647430672048,-0.003638647430672048,0.003638647430672048,-3.638647430672047e-09,1
68.09999999999999,0.01807380808071452,0.0008804010434602502,0.0008804010434602502,-0.01824988916980761,0,0,7.751059973258974e-13,293.15,8.804010434602502e-10,-0.01824988916980761,1.550211994651795e-07,0.2,-0.0001760810890930935,0.0001760802086920501,1,1,0.0008804010434602502,-0.0008804010434602502,0,0.0008804010434602502,0.01807380808071452,0.01807380808071452,0.0008804010434602502,-0.0008804010434602502,-8.804010434602502e-10,0.0008804010434602502,0,-0.0008804010434602502,0.01807380808071452,0.0008804010434602502,-0.0001760810890930935,0.0008804010434602502,0.0008804010434602502,-0.0008804010434602502,0.0008804010434602502,-8.804010434602502e-10,1
68.25,0.01800274762359051,-0.00181585099792128,-0.00181585099792128,-0.01763957560815526,0,0,3.297314846651707e-12,293.15,-1.81585099792128e-09,-0.01763957560815526,6.594629693303414e-07,0.2,0.0003631720154352539,-0.0003631701995842559,1,1,-0.00181585099792128,0.00181585099792128,0,-0.00181585099792128,0.01800274762359051,0.01800274762359051,-0.00181585099792128,0.00181585099792128,1.81585099792128e-09,-0.00181585099792128,0,0.00181585099792128,0.01800274762359051,-0.00181585099792128,0.0003631720154352539,-0.00181585099792128,-0.00181585099792128,0.00181585099792128,-0.00181585099792128,1.81585099792128e-09,1
68.40000000000001,0.01753571292715836,-0.004392612799988592,-0.004392612799988592,-0.01665718597454784,0,0,1.929504721062361e-11,293.15,-4.392612799988591e-09,-0.01665718597454784,3.859009442124723e-06,0.2,0.0008785269526105184,-0.0008785225599977184,1,1,-0.004392612799988592,0.004392612799988592,0,-0.004392612799988592,0.01753571292715836,0.01753571292715836,-0.004392612799988592,0.004392612799988592,4.392612799988591e-09,-0.004392612799988592,0,0.004392612799988592,0.01753571292715836,-0.004392612799988592,0.0008785269526105184,-0.004392612799988592,-0.004392612799988592,0.004392612799988592,-0.004392612799988592,4.392612799988591e-09,1
68.55,0.01669455684816313,-0.006796458848270942,-0.006796458848270942,-0.0153352582820501,0,0,4.619185287624038e-11,293.15,-6.796458848270942e-09,-0.0153352582820501,9.238370575248078e-06,0.2,0.001359298566113037,-0.001359291769654189,1,1,-0.006796458848270942,0.006796458848270942,0,-0.006796458848270942,0.01669455684816313,0.01669455684816313,-0.006796458848270942,0.006796458848270942,6.796458848270942e-09,-0.006796458848270942,0,0.006796458848270942,0.01669455684816313,-0.006796458848270942,0.001359298566113037,-0.006796458848270942,-0.006796458848270942,0.006796458848270942,-0.006796458848270942,6.796458848270942e-09,1
68.7,0.01550868568232007,-0.00897911224082759,-0.00897911224082759,-0.01371285425504231,0,0,8.062445663337985e-11,293.15,-8.979112240827588e-09,-0.01371285425504231,1.612489132667597e-05,0.2,0.001795831427277759,-0.001795822448165518,1,1,-0.00897911224082759,0.00897911224082759,0,-0.00897911224082759,0.01550868568232007,0.01550868568232007,-0.00897911224082759,0.00897911224082759,8.979112240827588e-09,-0.00897911224082759,0,0.00897911224082759,0.01550868568232007,-0.00897911224082759,0.001795831427277759,-0.00897911224082759,-0.00897911224082759,0.00897911224082759,-0.00897911224082759,8.979112240827588e-09,1
68.84999999999999,0.01401435743649221,-0.0108982993579019,-0.0108982993579019,-0.01183468666661247,0,0,1.18772928894445e-10,293.15,-1.08982993579019e-08,-0.01183468666661247,2.375458577888899e-05,0.2,0.002179670769879738,-0.00217965987158038,1,1,-0.0108982993579019,0.0108982993579019,0,-0.0108982993579019,0.01401435743649221,0.01401435743649221,-0.0108982993579019,0.0108982993579019,1.08982993579019e-08,-0.0108982993579019,0,0.0108982993579019,0.01401435743649221,-0.0108982993579019,0.002179670769879738,-0.0108982993579019,-0.0108982993579019,0.0108982993579019,-0.0108982993579019,1.08982993579019e-08,1
69,0.01225400562564853,-0.01251920850199426,-0.01251920850199426,-0.009750151406041175,0,0,1.567305815164053e-10,293.15,-1.251920850199426e-08,-0.009750151406041175,3.134611630328107e-05,0.2,0.002503854219607354,-0.002503841700398852,1,1,-0.01251920850199426,0.01251920850199426,0,-0.01251920850199426,0.01225400562564853,0.01225400562564853,-0.01251920850199426,0.01251920850199426,1.251920850199426e-08,-0.01251920850199426,0,0.01251920850199426,0.01225400562564853,-0.01251920850199426,0.002503854219607354,-0.01251920850199426,-0.01251920850199426,0.01251920850199426,-0.01251920850199426,1.251920850199426e-08,1
69.15000000000001,0.01027477852575236,-0.01381511121634764,-0.01381511121634764,-0.007511742467371615,0,0,1.908572979200542e-10,293.15,-1.381511121634764e-08,-0.007511742467371615,3.817145958401085e-05,0.2,0.002763036058380744,-0.002763022243269527,1,1,-0.01381511121634764,0.01381511121634764,0,-0.01381511121634764,0.01027477852575236,0.01027477852575236,-0.01381511121634764,0.01381511121634764,1.381511121634764e-08,-0.01381511121634764,0,0.01381511121634764,0.01027477852575236,-0.01381511121634764,0.002763036058380744,-0.01381511121634764,-0.01381511121634764,0.01381511121634764,-0.01381511121634764,1.381511121634764e-08,1
69.3,0.008127014033298513,-0.01476724522383171,-0.01476724522383171,-0.005173550221286947,0,0,2.180715315007805e-10,293.15,-1.476724522383171e-08,-0.005173550221286947,4.36143063001561e-05,0.2,0.002953463812011566,-0.002953449044766342,1,1,-0.01476724522383171,0.01476724522383171,0,-0.01476724522383171,0.008127014033298513,0.008127014033298513,-0.01476724522383171,0.01476724522383171,1.476724522383171e-08,-0.01476724522383171,0,0.01476724522383171,0.008127014033298513,-0.01476724522383171,0.002953463812011566,-0.01476724522383171,-0.01476724522383171,0.01476724522383171,-0.01476724522383171,1.476724522383171e-08,1
69.45,0.005862822586326723,-0.01536483610362495,-0.01536483610362495,-0.002789840000765629,0,0,2.360781884912567e-10,293.15,-1.536483610362495e-08,-0.002789840000765629,4.721563769825134e-05,0.2,0.003072982585561093,-0.00307296722072499,1,1,-0.01536483610362495,0.01536483610362495,0,-0.01536483610362495,0.005862822586326723,0.005862822586326723,-0.01536483610362495,0.01536483610362495,1.536483610362495e-08,-0.01536483610362495,0,0.01536483610362495,0.005862822586326723,-0.01536483610362495,0.003072982585561093,-0.01536483610362495,-0.01536483610362495,0.01536483610362495,-0.01536483610362495,1.536483610362495e-08,1
69.59999999999999,0.003535423706866425,-0.01560500362262666,-0.01560500362262666,-0.0004144073773374689,0,0,2.435161380621913e-10,293.15,-1.560500362262666e-08,-0.0004144073773374689,4.870322761243827e-05,0.2,0.003121016329528956,-0.003121000724525333,1,1,-0.01560500362262666,0.01560500362262666,0,-0.01560500362262666,0.003535423706866425,0.003535423706866425,-0.01560500362262666,0.01560500362262666,1.560500362262666e-08,-0.01560500362262666,0,0.01560500362262666,0.003535423706866425,-0.01560500362262666,0.003121016329528956,-0.01560500362262666,-0.01560500362262666,0.01560500362262666,-0.01560500362262666,1.560500362262666e-08,1
69.75,0.001198267204316663,-0.01549269081725325,-0.01549269081725325,0.001900286451824806,0,0,2.400234687590033e-10,293.15,-1.549269081725325e-08,0.001900286451824806,4.800469375180067e-05,0.2,0.003098553656141468,-0.003098538163450651,1,1,-0.01549269081725325,0.01549269081725325,0,-0.01549269081725325,0.001198267204316663,0.001198267204316663,-0.01549269081725325,0.01549269081725325,1.549269081725325e-08,-0.01549269081725325,0,0.01549269081725325,0.001198267204316663,-0.01549269081725325,0.003098553656141468,-0.01549269081725325,-0.01549269081725325,0.01549269081725325,-0.01549269081725325,1.549269081725325e-08,1
69.90000000000001,-0.001096303312210459,-0.01504063425229733,-0.01504063425229733,0.004104445203304176,0,0,2.262206787113796e-10,293.15,-1.504063425229733e-08,0.004104445203304176,4.524413574227592e-05,0.2,0.003008141891093718,-0.003008126850459466,1,1,-0.01504063425229733,0.01504063425229733,0,-0.01504063425229733,-0.001096303312210459,-0.001096303312210459,-0.01504063425229733,0.01504063425229733,1.504063425229733e-08,-0.01504063425229733,0,0.01504063425229733,-0.001096303312210459,-0.01504063425229733,0.003008141891093718,-0.01504063425229733,-0.01504063425229733,0.01504063425229733,-0.01504063425229733,1.504063425229733e-08,1
70.05,-0.003298274070236895,-0.01426902367042303,-0.01426902367042303,0.006152093073345173,0,0,2.036050365070928e-10,293.15,-1.426902367042303e-08,0.006152093073345173,4.072100730141857e-05,0.2,0.002853819003108278,-0.002853804734084607,1,1,-0.01426902367042303,0.01426902367042303,0,-0.01426902367042303,-0.003298274070236895,-0.003298274070236895,-0.01426902367042303,0.01426902367042303,1.426902367042303e-08,-0.01426902367042303,0,0.01426902367042303,-0.003298274070236895,-0.01426902367042303,0.002853819003108278,-0.01426902367042303,-0.01426902367042303,0.01426902367042303,-0.01426902367042303,1.426902367042303e-08,1
70.2,-0.005361741588193109,-0.0132048216023649,-0.0132048216023649,0.008002719113487692,0,0,1.743673135502827e-10,293.15,-1.32048216023649e-08,0.008002719113487692,3.487346271005656e-05,0.2,0.002640977525294583,-0.002640964320472981,1,1,-0.0132048216023649,0.0132048216023649,0,-0.0132048216023649,-0.005361741588193109,-0.005361741588193109,-0.0132048216023649,0.0132048216023649,1.32048216023649e-08,-0.0132048216023649,0,0.0132048216023649,-0.005361741588193109,-0.0132048216023649,0.002640977525294583,-0.0132048216023649,-0.0132048216023649,0.0132048216023649,-0.0132048216023649,1.32048216023649e-08,1
70.34999999999999,-0.007245775498337504,-0.0118803768336374,-0.0118803768336374,0.009621862745441818,0,0,1.411433537092283e-10,293.15,-1.18803768336374e-08,0.009621862745441818,2.822867074184565e-05,0.2,0.002376087247104314,-0.00237607536672748,1,1,-0.0118803768336374,0.0118803768336374,0,-0.0118803768336374,-0.007245775498337504,-0.007245775498337504,-0.0118803768336374,0.0118803768336374,1.18803768336374e-08,-0.0118803768336374,0,0.0118803768336374,-0.007245775498337504,-0.0118803768336374,0.002376087247104314,-0.0118803768336374,-0.0118803768336374,0.0118803768336374,-0.0118803768336374,1.18803768336374e-08,1
70.5,-0.008914144475164637,-0.01033230090335838,-0.01033230090335838,0.01098061498813722,0,0,1.067564419575404e-10,293.15,-1.033230090335838e-08,0.01098061498813722,2.135128839150807e-05,0.2,0.002066470512972579,-0.002066460180671676,1,1,-0.01033230090335838,0.01033230090335838,0,-0.01033230090335838,-0.008914144475164637,-0.008914144475164637,-0.01033230090335838,0.01033230090335838,1.033230090335838e-08,-0.01033230090335838,0,0.01033230090335838,-0.008914144475164637,-0.01033230090335838,0.002066470512972579,-0.01033230090335838,-0.01033230090335838,0.01033230090335838,-0.01033230090335838,1.033230090335838e-08,1
70.65000000000001,-0.01033637132805069,-0.00860093955491595,-0.00860093955491595,0.01205656783997344,0,0,7.397616122731778e-11,293.15,-8.600939554915949e-09,0.01205656783997344,1.479523224546356e-05,0.2,0.001720196511922745,-0.00172018791098319,1,1,-0.00860093955491595,0.00860093955491595,0,-0.00860093955491595,-0.01033637132805069,-0.01033637132805069,-0.00860093955491595,0.00860093955491595,8.600939554915949e-09,-0.00860093955491595,0,0.00860093955491595,-0.01033637132805069,-0.00860093955491595,0.001720196511922745,-0.00860093955491595,-0.00860093955491595,0.00860093955491595,-0.00860093955491595,8.600939554915949e-09,1
70.8,-0.01148785335636957,-0.006729815878376504,-0.006729815878376504,0.01283382326186074,0,0,4.529042175684851e-11,293.15,-6.729815878376503e-09,0.01283382326186074,9.058084351369702e-06,0.2,0.001345969905491179,-0.001345963175675301,1,1,-0.006729815878376504,0.006729815878376504,0,-0.006729815878376504,-0.01148785335636957,-0.01148785335636957,-0.006729815878376504,0.006729815878376504,6.729815878376503e-09,-0.006729815878376504,0,0.006729815878376504,-0.01148785335636957,-0.006729815878376504,0.001345969905491179,-0.006729815878376504,-0.006729815878376504,0.006729815878376504,-0.006729815878376504,6.729815878376503e-09,1
70.95,-0.01235076348363852,-0.004765037935965708,-0.004765037935965708,0.0133037758358696,0,0,2.270558653119234e-11,293.15,-4.765037935965708e-09,0.0133037758358696,4.541117306238468e-06,0.2,0.0009530123522310777,-0.0009530075871931417,1,1,-0.004765037935965708,0.004765037935965708,0,-0.004765037935965708,-0.01235076348363852,-0.01235076348363852,-0.004765037935965708,0.004765037935965708,4.765037935965708e-09,-0.004765037935965708,0,0.004765037935965708,-0.01235076348363852,-0.004765037935965708,0.0009530123522310777,-0.004765037935965708,-0.004765037935965708,0.004765037935965708,-0.004765037935965708,4.765037935965708e-09,1
71.09999999999999,-0.01291464007373732,-0.002753464404428214,-0.002753464404428214,0.01346533570808736,0,0,7.58156622645322e-12,293.15,-2.753464404428214e-09,0.01346533570808736,1.516313245290644e-06,0.2,0.0005506956343500472,-0.0005506928808856428,1,1,-0.002753464404428214,0.002753464404428214,0,-0.002753464404428214,-0.01291464007373732,-0.01291464007373732,-0.002753464404428214,0.002753464404428214,2.753464404428214e-09,-0.002753464404428214,0,0.002753464404428214,-0.01291464007373732,-0.002753464404428214,0.0005506956343500472,-0.002753464404428214,-0.002753464404428214,0.002753464404428214,-0.002753464404428214,2.753464404428214e-09,1
71.25,-0.01317609697102369,-0.0007410450437301701,-0.0007410450437301701,0.01332430672081476,0,0,5.491477568370496e-13,293.15,-7.4104504373017e-10,0.01332430672081476,1.098295513674099e-07,0.2,0.0001482097497910778,-0.000148209008746034,1,1,-0.0007410450437301701,0.0007410450437301701,0,-0.0007410450437301701,-0.01317609697102369,-0.01317609697102369,-0.0007410450437301701,0.0007410450437301701,7.4104504373017e-10,-0.0007410450437301701,0,0.0007410450437301701,-0.01317609697102369,-0.0007410450437301701,0.0001482097497910778,-0.0007410450437301701,-0.0007410450437301701,0.0007410450437301701,-0.0007410450437301701,7.4104504373017e-10,1
71.40000000000001,-0.01313865608194844,0.001228326675773922,0.001228326675773922,0.01289298951846699,0,0,1.508786422417813e-12,293.15,1.228326675773922e-09,0.01289298951846699,3.017572844835626e-07,0.2,-0.0002456665634814601,0.0002456653351547844,1,1,0.001228326675773922,-0.001228326675773922,0,0.001228326675773922,-0.01313865608194844,-0.01313865608194844,0.001228326675773922,-0.001228326675773922,-1.228326675773922e-09,0.001228326675773922,0,-0.001228326675773922,-0.01313865608194844,0.001228326675773922,-0.0002456665634814601,0.001228326675773922,0.001228326675773922,-0.001228326675773922,0.001228326675773922,-1.228326675773922e-09,1
71.55,-0.01281182534760862,0.003112691152190746,0.003112691152190746,0.01218928400447932,0,0,9.688846208926551e-12,293.15,3.112691152190746e-09,0.01218928400447932,1.937769241785311e-06,0.2,-0.0006225413431293013,0.0006225382304381492,1,1,0.003112691152190746,-0.003112691152190746,0,0.003112691152190746,-0.01281182534760862,-0.01281182534760862,0.003112691152190746,-0.003112691152190746,-3.112691152190746e-09,0.003112691152190746,0,-0.003112691152190746,-0.01281182534760862,0.003112691152190746,-0.0006225413431293013,0.003112691152190746,0.003112691152190746,-0.003112691152190746,0.003112691152190746,-3.112691152190746e-09,1
71.7,-0.0122111960893961,0.004872986052368674,0.004872986052368674,0.01123659400593632,0,0,2.374599306657963e-11,293.15,4.872986052368674e-09,0.01123659400593632,4.749198613315926e-06,0.2,-0.0009746020834597871,0.0009745972104737348,1,1,0.004872986052368674,-0.004872986052368674,0,0.004872986052368674,-0.0122111960893961,-0.0122111960893961,0.004872986052368674,-0.004872986052368674,-4.872986052368674e-09,0.004872986052368674,0,-0.004872986052368674,-0.0122111960893961,0.004872986052368674,-0.0009746020834597871,0.004872986052368674,0.004872986052368674,-0.004872986052368674,0.004872986052368674,-4.872986052368674e-09,1
71.84999999999999,-0.01135795703044354,0.006473575519810997,0.006473575519810997,0.01006323545290582,0,0,4.190718001069622e-11,293.15,6.473575519810996e-09,0.01006323545290582,8.381436002139244e-06,0.2,-0.001294721577537719,0.001294715103962199,1,1,0.006473575519810997,-0.006473575519810997,0,0.006473575519810997,-0.01135795703044354,-0.01135795703044354,0.006473575519810997,-0.006473575519810997,-6.473575519810996e-09,0.006473575519810997,0,-0.006473575519810997,-0.01135795703044354,0.006473575519810997,-0.001294721577537719,0.006473575519810997,0.006473575519810997,-0.006473575519810997,0.006473575519810997,-6.473575519810996e-09,1
72,-0.01027846382668402,0.007883153460806359,0.007883153460806359,0.00870182525136929,0,0,6.214410848662327e-11,293.15,7.883153460806359e-09,0.00870182525136929,1.242882169732465e-05,0.2,-0.001576638575314732,0.001576630692161272,1,1,0.007883153460806359,-0.007883153460806359,0,0.007883153460806359,-0.01027846382668402,-0.01027846382668402,0.007883153460806359,-0.007883153460806359,-7.883153460806359e-09,0.007883153460806359,0,-0.007883153460806359,-0.01027846382668402,0.007883153460806359,-0.001576638575314732,0.007883153460806359,0.007883153460806359,-0.007883153460806359,0.007883153460806359,-7.883153460806359e-09,1
72.15000000000001,-0.009003641682511743,0.009076060409174497,0.009076060409174497,0.007188420524616435,0,0,8.237487255098473e-11,293.15,9.076060409174496e-09,0.007188420524616435,1.647497451019695e-05,0.2,-0.001815221157895308,0.001815212081834899,1,1,0.009076060409174497,-0.009076060409174497,0,0.009076060409174497,-0.009003641682511743,-0.009003641682511743,0.009076060409174497,-0.009076060409174497,-9.076060409174496e-09,0.009076060409174497,0,-0.009076060409174497,-0.009003641682511743,0.009076060409174497,-0.001815221157895308,0.009076060409174497,0.009076060409174497,-0.009076060409174497,0.009076060409174497,-9.076060409174496e-09,1
72.3,-0.007567700404441451,0.01003293221783251,0.01003293221783251,0.005561103927942731,0,0,1.006597288876215e-10,293.15,1.003293221783251e-08,0.005561103927942731,2.013194577752431e-05,0.2,-0.00200659647649872,0.002006586443566502,1,1,0.01003293221783251,-0.01003293221783251,0,0.01003293221783251,-0.007567700404441451,-0.007567700404441451,0.01003293221783251,-0.01003293221783251,-1.003293221783251e-08,0.01003293221783251,0,-0.01003293221783251,-0.007567700404441451,0.01003293221783251,-0.00200659647649872,0.01003293221783251,0.01003293221783251,-0.01003293221783251,0.01003293221783251,-1.003293221783251e-08,1
72.45,-0.006006907488457739,0.01073982900091192,0.01073982900091192,0.003858930948446355,0,0,1.153439269688286e-10,293.15,1.073982900091192e-08,0.003858930948446355,2.306878539376573e-05,0.2,-0.002147976540011384,0.002147965800182383,1,1,0.01073982900091192,-0.01073982900091192,0,0.01073982900091192,-0.006006907488457739,-0.006006907488457739,0.01073982900091192,-0.01073982900091192,-1.073982900091192e-08,0.01073982900091192,0,-0.01073982900091192,-0.006006907488457739,0.01073982900091192,-0.002147976540011384,0.01073982900091192,0.01073982900091192,-0.01073982900091192,0.01073982900091192,-1.073982900091192e-08,1
72.59999999999999,-0.004359093925099772,0.01118875042540694,0.01118875042540694,0.002121332651267958,0,0,1.251881360820439e-10,293.15,1.118875042540694e-08,0.002121332651267958,2.503762721640879e-05,0.2,-0.002237761273831813,0.002237750085081388,1,1,0.01118875042540694,-0.01118875042540694,0,0.01118875042540694,-0.004359093925099772,-0.004359093925099772,0.01118875042540694,-0.01118875042540694,-1.118875042540694e-08,0.01118875042540694,0,-0.01118875042540694,-0.004359093925099772,0.01118875042540694,-0.002237761273831813,0.01118875042540694,0.01118875042540694,-0.01118875042540694,0.01118875042540694,-1.118875042540694e-08,1
72.75,-0.002662996541455452,0.01137706099381195,0.01137706099381195,0.0003875729656320683,0,0,1.294375168569174e-10,293.15,1.137706099381195e-08,0.0003875729656320683,2.588750337138348e-05,0.2,-0.002275423575823384,0.00227541219876239,1,1,0.01137706099381195,-0.01137706099381195,0,0.01137706099381195,-0.002662996541455452,-0.002662996541455452,0.01137706099381195,-0.01137706099381195,-1.137706099381195e-08,0.01137706099381195,0,-0.01137706099381195,-0.002662996541455452,0.01137706099381195,-0.002275423575823384,0.01137706099381195,0.01137706099381195,-0.01137706099381195,0.01137706099381195,-1.137706099381195e-08,1
72.90000000000001,-0.0009579097472131802,0.01130773236636531,0.01130773236636531,-0.001303648033792248,0,0,1.278648112693455e-10,293.15,1.130773236636531e-08,-0.001303648033792248,2.557296225386911e-05,0.2,-0.002261557781005428,0.002261546473273061,1,1,0.01130773236636531,-0.01130773236636531,0,0.01130773236636531,-0.0009579097472131802,-0.0009579097472131802,0.01130773236636531,-0.01130773236636531,-1.130773236636531e-08,0.01130773236636531,0,-0.01130773236636531,-0.0009579097472131802,0.01130773236636531,-0.002261557781005428,0.01130773236636531,0.01130773236636531,-0.01130773236636531,0.01130773236636531,-1.130773236636531e-08,1
73.05,0.0007176388168628392,0.01098978946246594,0.01098978946246594,-0.002915607699145489,0,0,1.207754724293273e-10,293.15,1.098978946246594e-08,-0.002915607699145489,2.415509448586546e-05,0.2,-0.00219796888228265,0.002197957892493187,1,1,0.01098978946246594,-0.01098978946246594,0,0.01098978946246594,0.0007176388168628392,0.0007176388168628392,0.01098978946246594,-0.01098978946246594,-1.098978946246594e-08,0.01098978946246594,0,-0.01098978946246594,0.0007176388168628392,0.01098978946246594,-0.00219796888228265,0.01098978946246594,0.01098978946246594,-0.01098978946246594,0.01098978946246594,-1.098978946246594e-08,1
73.2,0.002327146023535715,0.01043792301832086,0.01043792301832086,-0.004414741065122906,0,0,1.089502369363925e-10,293.15,1.043792301832086e-08,-0.004414741065122906,2.179004738727849e-05,0.2,-0.002087595041587191,0.002087584603664172,1,1,0.01043792301832086,-0.01043792301832086,0,0.01043792301832086,0.002327146023535715,0.002327146023535715,0.01043792301832086,-0.01043792301832086,-1.043792301832086e-08,0.01043792301832086,0,-0.01043792301832086,0.002327146023535715,0.01043792301832086,-0.002087595041587191,0.01043792301832086,0.01043792301832086,-0.01043792301832086,0.01043792301832086,-1.043792301832086e-08,1
73.34999999999999,0.003837181471381263,0.00967190672914538,0.00967190672914538,-0.005771572489117068,0,0,9.354577977728769e-11,293.15,9.67190672914538e-09,-0.005771572489117068,1.870915595545754e-05,0.2,-0.001934391017735805,0.001934381345829076,1,1,0.00967190672914538,-0.00967190672914538,0,0.00967190672914538,0.003837181471381263,0.003837181471381263,0.00967190672914538,-0.00967190672914538,-9.67190672914538e-09,0.00967190672914538,0,-0.00967190672914538,0.003837181471381263,0.00967190672914538,-0.001934391017735805,0.00967190672914538,0.00967190672914538,-0.00967190672914538,0.00967190672914538,-9.67190672914538e-09,1
73.5,0.00521804341579224,0.008714864276817825,0.008714864276817825,-0.006961024986020082,0,0,7.594885936335546e-11,293.15,8.714864276817824e-09,-0.006961024986020082,1.51897718726711e-05,0.2,-0.001742981570227842,0.001742972855363565,1,1,0.008714864276817825,-0.008714864276817825,0,0.008714864276817825,0.00521804341579224,0.00521804341579224,0.008714864276817825,-0.008714864276817825,-8.714864276817824e-09,0.008714864276817825,0,-0.008714864276817825,0.00521804341579224,0.008714864276817825,-0.001742981570227842,0.008714864276817825,0.008714864276817825,-0.008714864276817825,0.008714864276817825,-8.714864276817824e-09,1
73.65000000000001,0.006443028524204545,0.007593360820382827,0.007593360820382827,-0.007961708281641932,0,0,5.765912854852496e-11,293.15,7.593360820382827e-09,-0.007961708281641932,1.153182570970499e-05,0.2,-0.001518679757437386,0.001518672164076565,1,1,0.007593360820382827,-0.007593360820382827,0,0.007593360820382827,0.006443028524204545,0.006443028524204545,0.007593360820382827,-0.007593360820382827,-7.593360820382827e-09,0.007593360820382827,0,-0.007593360820382827,0.006443028524204545,0.007593360820382827,-0.001518679757437386,0.007593360820382827,0.007593360820382827,-0.007593360820382827,0.007593360820382827,-7.593360820382827e-09,1
73.8,0.007489530573524386,0.006336752828849598,0.006336752828849598,-0.008756887476047135,0,0,4.015443641393337e-11,293.15,6.336752828849597e-09,-0.008756887476047135,8.030887282786677e-06,0.2,-0.001267356902522748,0.00126735056576992,1,1,0.006336752828849598,-0.006336752828849598,0,0.006336752828849598,0.007489530573524386,0.007489530573524386,0.006336752828849598,-0.006336752828849598,-6.336752828849597e-09,0.006336752828849598,0,-0.006336752828849598,0.007489530573524386,0.006336752828849598,-0.001267356902522748,0.006336752828849598,0.006336752828849598,-0.006336752828849598,0.006336752828849598,-6.336752828849597e-09,1
73.95,0.008339198358139651,0.00497669666035836,0.00497669666035836,-0.009334542666907983,0,0,2.476750964922205e-11,293.15,4.97669666035836e-09,-0.009334542666907983,4.953501929844411e-06,0.2,-0.0009953443087683325,0.0009953393320716721,1,1,0.00497669666035836,-0.00497669666035836,0,0.00497669666035836,0.008339198358139651,0.008339198358139651,0.00497669666035836,-0.00497669666035836,-4.97669666035836e-09,0.00497669666035836,0,-0.00497669666035836,0.008339198358139651,0.00497669666035836,-0.0009953443087683325,0.00497669666035836,0.00497669666035836,-0.00497669666035836,0.00497669666035836,-4.97669666035836e-09,1
74.09999999999999,0.008978772534850566,0.003546803724020837,0.003546803724020837,-0.009688136826458457,0,0,1.257981665672808e-11,293.15,3.546803724020837e-09,-0.009688136826458457,2.515963331345616e-06,0.2,-0.0007093642916078915,0.0007093607448041675,1,1,0.003546803724020837,-0.003546803724020837,0,0.003546803724020837,0.008978772534850566,0.008978772534850566,0.003546803724020837,-0.003546803724020837,-3.546803724020837e-09,0.003546803724020837,0,-0.003546803724020837,0.008978772534850566,0.003546803724020837,-0.0007093642916078915,0.003546803724020837,0.003546803724020837,-0.003546803724020837,0.003546803724020837,-3.546803724020837e-09,1
74.25,0.009400659747797625,0.002081231304774069,0.002081231304774069,-0.009816908089983744,0,0,4.331523743971572e-12,293.15,2.081231304774069e-09,-0.009816908089983744,8.663047487943145e-07,0.2,-0.0004162483421861185,0.0004162462609548137,1,1,0.002081231304774069,-0.002081231304774069,0,0.002081231304774069,0.009400659747797625,0.009400659747797625,0.002081231304774069,-0.002081231304774069,-2.081231304774069e-09,0.002081231304774069,0,-0.002081231304774069,0.009400659747797625,0.002081231304774069,-0.0004162483421861185,0.002081231304774069,0.002081231304774069,-0.002081231304774069,0.002081231304774069,-2.081231304774069e-09,1
74.40000000000001,0.009602233916072704,0.0006132222281214907,0.0006132222281214907,-0.00972487897491923,0,0,3.760415010622856e-13,293.15,6.132222281214907e-10,-0.00972487897491923,7.520830021245713e-08,0.2,-0.0001226450588465263,0.0001226444456242982,1,1,0.0006132222281214907,-0.0006132222281214907,0,0.0006132222281214907,0.009602233916072704,0.009602233916072704,0.0006132222281214907,-0.0006132222281214907,-6.132222281214907e-10,0.0006132222281214907,0,-0.0006132222281214907,0.009602233916072704,0.0006132222281214907,-0.0001226450588465263,0.0006132222281214907,0.0006132222281214907,-0.0006132222281214907,0.0006132222281214907,-6.132222281214907e-10,1
74.55,0.009585782051575752,-0.0008249750413837673,-0.0008249750413837673,-0.009420786218323957,0,0,6.805838189061486e-13,293.15,-8.249750413837673e-10,-0.009420786218323957,1.361167637812297e-07,0.2,0.0001649958332517948,-0.0001649950082767535,1,1,-0.0008249750413837673,0.0008249750413837673,0,-0.0008249750413837673,0.009585782051575752,0.009585782051575752,-0.0008249750413837673,0.0008249750413837673,8.249750413837673e-10,-0.0008249750413837673,0,0.0008249750413837673,0.009585782051575752,-0.0008249750413837673,0.0001649958332517948,-0.0008249750413837673,-0.0008249750413837673,0.0008249750413837673,-0.0008249750413837673,8.249750413837673e-10,1
74.7,0.009357885369228221,-0.002202761285903011,-0.002202761285903011,-0.008917330909286333,0,0,4.852157282673087e-12,293.15,-2.202761285903011e-09,-0.008917330909286333,9.704314565346174e-07,0.2,0.0004405544599418881,-0.0004405522571806022,1,1,-0.002202761285903011,0.002202761285903011,0,-0.002202761285903011,0.009357885369228221,0.009357885369228221,-0.002202761285903011,0.002202761285903011,2.202761285903011e-09,-0.002202761285903011,0,0.002202761285903011,0.009357885369228221,-0.002202761285903011,0.0004405544599418881,-0.002202761285903011,-0.002202761285903011,0.002202761285903011,-0.002202761285903011,2.202761285903011e-09,1
74.84999999999999,0.008929515617630064,-0.003491424049851628,-0.003491424049851628,-0.008231227316235689,0,0,1.219004189588235e-11,293.15,-3.491424049851628e-09,-0.008231227316235689,2.438008379176469e-06,0.2,0.0006982883013943755,-0.0006982848099703257,1,1,-0.003491424049851628,0.003491424049851628,0,-0.003491424049851628,0.008929515617630064,0.008929515617630064,-0.003491424049851628,0.003491424049851628,3.491424049851628e-09,-0.003491424049851628,0,0.003491424049851628,0.008929515617630064,-0.003491424049851628,0.0006982883013943755,-0.003491424049851628,-0.003491424049851628,0.003491424049851628,-0.003491424049851628,3.491424049851628e-09,1
75,0.008315975267282439,-0.004664703459039428,-0.004664703459039428,-0.007383029910771094,0,0,2.17594583607744e-11,293.15,-4.664703459039428e-09,-0.007383029910771094,4.351891672154881e-06,0.2,0.0009329453565113447,-0.0009329406918078857,1,1,-0.004664703459039428,0.004664703459039428,0,-0.004664703459039428,0.008315975267282439,0.008315975267282439,-0.004664703459039428,0.004664703459039428,4.664703459039428e-09,-0.004664703459039428,0,0.004664703459039428,0.008315975267282439,-0.004664703459039428,0.0009329453565113447,-0.004664703459039428,-0.004664703459039428,0.004664703459039428,-0.004664703459039428,4.664703459039428e-09,1
75.15000000000001,0.007536477571855945,-0.00569972111108522,-0.00569972111108522,-0.00639652764991779,0,0,3.248682074415054e-11,293.15,-5.69972111108522e-09,-0.00639652764991779,6.497364148830108e-06,0.2,0.001139949921938155,-0.001139944222217044,1,1,-0.00569972111108522,0.00569972111108522,0,-0.00569972111108522,0.007536477571855945,0.007536477571855945,-0.00569972111108522,0.00569972111108522,5.69972111108522e-09,-0.00569972111108522,0,0.00569972111108522,0.007536477571855945,-0.00569972111108522,0.001139949921938155,-0.00569972111108522,-0.00569972111108522,0.00569972111108522,-0.00569972111108522,5.69972111108522e-09,1
75.3,0.006613641627399431,-0.006577595931036136,-0.006577595931036136,-0.005298115863596273,0,0,4.326476823198313e-11,293.15,-6.577595931036136e-09,-0.005298115863596273,8.652953646396625e-06,0.2,0.001315525763803158,-0.001315519186207227,1,1,-0.006577595931036136,0.006577595931036136,0,-0.006577595931036136,0.006613641627399431,0.006613641627399431,-0.006577595931036136,0.006577595931036136,6.577595931036136e-09,-0.006577595931036136,0,0.006577595931036136,0.006613641627399431,-0.006577595931036136,0.001315525763803158,-0.006577595931036136,-0.006577595931036136,0.006577595931036136,-0.006577595931036136,6.577595931036136e-09,1
75.45,0.005572268737616311,-0.007284116891482761,-0.007284116891482761,-0.004115438075202867,0,0,5.305835888878448e-11,293.15,-7.28411689148276e-09,-0.004115438075202867,1.06116717777569e-05,0.2,0.001456830662413444,-0.001456823378296552,1,1,-0.007284116891482761,0.007284116891482761,0,-0.007284116891482761,0.005572268737616311,0.005572268737616311,-0.007284116891482761,0.007284116891482761,7.28411689148276e-09,-0.007284116891482761,0,0.007284116891482761,0.005572268737616311,-0.007284116891482761,0.001456830662413444,-0.007284116891482761,-0.007284116891482761,0.007284116891482761,-0.007284116891482761,7.28411689148276e-09,1
75.59999999999999,0.004438361331284712,-0.007808906299207713,-0.007808906299207713,-0.002876572262536871,0,0,6.097901758980591e-11,293.15,-7.808906299207714e-09,-0.002876572262536871,1.219580351796118e-05,0.2,0.001561789068747842,-0.001561781259841543,1,1,-0.007808906299207713,0.007808906299207713,0,-0.007808906299207713,0.004438361331284712,0.004438361331284712,-0.007808906299207713,0.007808906299207713,7.808906299207714e-09,-0.007808906299207713,0,0.007808906299207713,0.004438361331284712,-0.007808906299207713,0.001561789068747842,-0.007808906299207713,-0.007808906299207713,0.007808906299207713,-0.007808906299207713,7.808906299207714e-09,1
75.75,0.003239341635453021,-0.008145787396154035,-0.008145787396154035,-0.001610176010434818,0,0,6.635385230334193e-11,293.15,-8.145787396154034e-09,-0.001610176010434818,1.327077046066839e-05,0.2,0.001629165625018203,-0.001629157479230807,1,1,-0.008145787396154035,0.008145787396154035,0,-0.008145787396154035,0.003239341635453021,0.003239341635453021,-0.008145787396154035,0.008145787396154035,8.145787396154034e-09,-0.008145787396154035,0,0.008145787396154035,0.003239341635453021,-0.008145787396154035,0.001629165625018203,-0.008145787396154035,-0.008145787396154035,0.008145787396154035,-0.008145787396154035,8.145787396154034e-09,1
75.90000000000001,0.002003437589996436,-0.008292577358549113,-0.008292577358549113,-0.000344913825709255,0,0,6.876683924752138e-11,293.15,-8.292577358549112e-09,-0.000344913825709255,1.375336784950428e-05,0.2,0.001658523764287181,-0.001658515471709823,1,1,-0.008292577358549113,0.008292577358549113,0,-0.008292577358549113,0.002003437589996436,0.002003437589996436,-0.008292577358549113,0.008292577358549113,8.292577358549112e-09,-0.008292577358549113,0,0.008292577358549113,0.002003437589996436,-0.008292577358549113,0.001658523764287181,-0.008292577358549113,-0.008292577358549113,0.008292577358549113,-0.008292577358549113,8.292577358549112e-09,1
76.05,0.0007596813345670131,-0.008251151066990418,-0.008251151066990418,0.0008905571299821378,0,0,6.808149393029712e-11,293.15,-8.251151066990419e-09,0.0008905571299821378,1.361629878605943e-05,0.2,0.001650238464549151,-0.001650230213398084,1,1,-0.008251151066990418,0.008251151066990418,0,-0.008251151066990418,0.0007596813345670131,0.0007596813345670131,-0.008251151066990418,0.008251151066990418,8.251151066990419e-09,-0.008251151066990418,0,0.008251151066990418,0.0007596813345670131,-0.008251151066990418,0.001650238464549151,-0.008251151066990418,-0.008251151066990418,0.008251151066990418,-0.008251151066990418,8.251151066990419e-09,1
76.2,-0.0004634727615192195,-0.008027983257253828,-0.008027983257253828,0.002069077440953243,0,0,6.444851517874778e-11,293.15,-8.027983257253828e-09,0.002069077440953243,1.288970303574956e-05,0.2,0.001605604679434023,-0.001605596651450766,1,1,-0.008027983257253828,0.008027983257253828,0,-0.008027983257253828,-0.0004634727615192195,-0.0004634727615192195,-0.008027983257253828,0.008027983257253828,8.027983257253828e-09,-0.008027983257253828,0,0.008027983257253828,-0.0004634727615192195,-0.008027983257253828,0.001605604679434023,-0.008027983257253828,-0.008027983257253828,0.008027983257253828,-0.008027983257253828,8.027983257253828e-09,1
76.34999999999999,-0.001639795483778368,-0.007633748811335317,-0.007633748811335317,0.003166552879794243,0,0,5.827412091456335e-11,293.15,-7.633748811335316e-09,0.003166552879794243,1.165482418291267e-05,0.2,0.001526757396015875,-0.001526749762267063,1,1,-0.007633748811335317,0.007633748811335317,0,-0.007633748811335317,-0.001639795483778368,-0.001639795483778368,-0.007633748811335317,0.007633748811335317,7.633748811335316e-09,-0.007633748811335317,0,0.007633748811335317,-0.001639795483778368,-0.007633748811335317,0.001526757396015875,-0.007633748811335317,-0.007633748811335317,0.007633748811335317,-0.007633748811335317,7.633748811335316e-09,1
76.5,-0.002744961433412116,-0.007082556643047692,-0.007082556643047692,0.004161479844578297,0,0,5.016260860197899e-11,293.15,-7.082556643047691e-09,0.004161479844578297,1.00325217203958e-05,0.2,0.001416518411166181,-0.001416511328609539,1,1,-0.007082556643047692,0.007082556643047692,0,-0.007082556643047692,-0.002744961433412116,-0.002744961433412116,-0.007082556643047692,0.007082556643047692,7.082556643047691e-09,-0.007082556643047692,0,0.007082556643047692,-0.002744961433412116,-0.007082556643047692,0.001416518411166181,-0.007082556643047692,-0.007082556643047692,0.007082556643047692,-0.007082556643047692,7.082556643047691e-09,1
76.65000000000001,-0.00375715886625649,-0.006391277401888705,-0.006391277401888705,0.005035420737911632,0,0,4.084842682789322e-11,293.15,-6.391277401888704e-09,0.005035420737911632,8.169685365578646e-06,0.2,0.001278261871655143,-0.001278255480377741,1,1,-0.006391277401888705,0.006391277401888705,0,-0.006391277401888705,-0.00375715886625649,-0.00375715886625649,-0.006391277401888705,0.006391277401888705,6.391277401888704e-09,-0.006391277401888705,0,0.006391277401888705,-0.00375715886625649,-0.006391277401888705,0.001278261871655143,-0.006391277401888705,-0.006391277401888705,0.006391277401888705,-0.006391277401888705,6.391277401888704e-09,1
76.8,-0.004656838999301186,-0.005579048329076902,-0.005579048329076902,0.005772654244164895,0,0,3.112578025817577e-11,293.15,-5.579048329076901e-09,0.005772654244164895,6.225156051635154e-06,0.2,0.001115815244863709,-0.00111580966581538,1,1,-0.005579048329076902,0.005579048329076902,0,-0.005579048329076902,-0.004656838999301186,-0.004656838999301186,-0.005579048329076902,0.005579048329076902,5.579048329076901e-09,-0.005579048329076902,0,0.005579048329076902,-0.004656838999301186,-0.005579048329076902,0.001115815244863709,-0.005579048329076902,-0.005579048329076902,0.005579048329076902,-0.005579048329076902,5.579048329076901e-09,1
76.95,-0.005426946276617771,-0.004667089602982091,-0.004667089602982091,0.006360368864303792,0,0,2.178172536226353e-11,293.15,-4.667089602982091e-09,0.006360368864303792,4.356345072452707e-06,0.2,0.0009334225876860213,-0.0009334179205964183,1,1,-0.004667089602982091,0.004667089602982091,0,-0.004667089602982091,-0.005426946276617771,-0.005426946276617771,-0.004667089602982091,0.004667089602982091,4.667089602982091e-09,-0.004667089602982091,0,0.004667089602982091,-0.005426946276617771,-0.004667089602982091,0.0009334225876860213,-0.004667089602982091,-0.004667089602982091,0.004667089602982091,-0.004667089602982091,4.667089602982091e-09,1
77.09999999999999,-0.006053774465799531,-0.003678495869831228,-0.003678495869831228,0.006789477318261647,0,0,1.35313318643654e-11,293.15,-3.678495869831228e-09,0.006789477318261647,2.706266372873081e-06,0.2,0.0007357028524621154,-0.0007356991739662456,1,1,-0.003678495869831228,0.003678495869831228,0,-0.003678495869831228,-0.006053774465799531,-0.006053774465799531,-0.003678495869831228,0.003678495869831228,3.678495869831228e-09,-0.003678495869831228,0,0.003678495869831228,-0.006053774465799531,-0.003678495869831228,0.0007357028524621154,-0.003678495869831228,-0.003678495869831228,0.003678495869831228,-0.003678495869831228,3.678495869831228e-09,1
77.25,-0.006527393582713419,-0.002637742648928764,-0.002637742648928764,0.007054944750241821,0,0,6.957686281977733e-12,293.15,-2.637742648928764e-09,0.007054944750241821,1.391537256395547e-06,0.2,0.0005275511675284019,-0.0005275485297857529,1,1,-0.002637742648928764,0.002637742648928764,0,-0.002637742648928764,-0.006527393582713419,-0.006527393582713419,-0.002637742648928764,0.002637742648928764,2.637742648928764e-09,-0.002637742648928764,0,0.002637742648928764,-0.006527393582713419,-0.002637742648928764,0.0005275511675284019,-0.002637742648928764,-0.002637742648928764,0.002637742648928764,-0.002637742648928764,2.637742648928764e-09,1
77.40000000000001,-0.006842480199474573,-0.001569896522093781,-0.001569896522093781,0.007156461073789851,0,0,2.464575090082148e-12,293.15,-1.569896522093781e-09,0.007156461073789851,4.929150180164297e-07,0.2,0.0003139808743152782,-0.0003139793044187561,1,1,-0.001569896522093781,0.001569896522093781,0,-0.001569896522093781,-0.006842480199474573,-0.006842480199474573,-0.001569896522093781,0.001569896522093781,1.569896522093781e-09,-0.001569896522093781,0,0.001569896522093781,-0.006842480199474573,-0.001569896522093781,0.0003139808743152782,-0.001569896522093781,-0.001569896522093781,0.001569896522093781,-0.001569896522093781,1.569896522093781e-09,1
77.55,-0.00699722254669774,-0.000499104160564855,-0.000499104160564855,0.007097043877914872,0,0,2.491049630931486e-13,293.15,-4.991041605648551e-10,0.007097043877914872,4.982099261862972e-08,0.2,9.982133121713157e-05,-9.982083211297101e-05,1,1,-0.000499104160564855,0.000499104160564855,0,-0.000499104160564855,-0.00699722254669774,-0.00699722254669774,-0.000499104160564855,0.000499104160564855,4.991041605648551e-10,-0.000499104160564855,0,0.000499104160564855,-0.00699722254669774,-0.000499104160564855,9.982133121713157e-05,-0.000499104160564855,-0.000499104160564855,0.000499104160564855,-0.000499104160564855,4.991041605648551e-10,1
77.7,-0.006992994020084744,0.0005510322918250547,0.0005510322918250547,0.006882787010687442,0,0,3.036365866339722e-13,293.15,5.510322918250547e-10,0.006882787010687442,6.072731732679445e-08,0.2,-0.0001102070093973028,0.0001102064583650109,1,1,0.0005510322918250547,-0.0005510322918250547,0,0.0005510322918250547,-0.006992994020084744,-0.006992994020084744,0.0005510322918250547,-0.0005510322918250547,-5.510322918250547e-10,0.0005510322918250547,0,-0.0005510322918250547,-0.006992994020084744,0.0005510322918250547,-0.0001102070093973028,0.0005510322918250547,0.0005510322918250547,-0.0005510322918250547,0.0005510322918250547,-5.510322918250547e-10,1
77.84999999999999,-0.006834317613538317,0.001558250921873971,0.001558250921873971,0.006522665870912601,0,0,2.42814593552108e-12,293.15,1.558250921873971e-09,0.006522665870912601,4.856291871042161e-07,0.2,-0.000311651742625716,0.0003116501843747942,1,1,0.001558250921873971,-0.001558250921873971,0,0.001558250921873971,-0.006834317613538317,-0.006834317613538317,0.001558250921873971,-0.001558250921873971,-1.558250921873971e-09,0.001558250921873971,0,-0.001558250921873971,-0.006834317613538317,0.001558250921873971,-0.000311651742625716,0.001558250921873971,0.001558250921873971,-0.001558250921873971,0.001558250921873971,-1.558250921873971e-09,1
78,-0.006528736186499995,0.002501557071207015,0.002501557071207015,0.006028422270701521,0,0,6.257787780505817e-12,293.15,2.501557071207015e-09,0.006028422270701521,1.251557556101164e-06,0.2,-0.0005003139157984742,0.000500311414241403,1,1,0.002501557071207015,-0.002501557071207015,0,0.002501557071207015,-0.006528736186499995,-0.006528736186499995,0.002501557071207015,-0.002501557071207015,-2.501557071207015e-09,0.002501557071207015,0,-0.002501557071207015,-0.006528736186499995,0.002501557071207015,-0.0005003139157984742,0.002501557071207015,0.002501557071207015,-0.002501557071207015,0.002501557071207015,-2.501557071207015e-09,1
78.15000000000001,-0.006087323815704336,0.003361536045511052,0.003361536045511052,0.00541501324506608,0,0,1.129992458527008e-11,293.15,3.361536045511052e-09,0.00541501324506608,2.259984917054017e-06,0.2,-0.000672310570638256,0.0006723072091022105,1,1,0.003361536045511052,-0.003361536045511052,0,0.003361536045511052,-0.006087323815704336,-0.006087323815704336,0.003361536045511052,-0.003361536045511052,-3.361536045511052e-09,0.003361536045511052,0,-0.003361536045511052,-0.006087323815704336,0.003361536045511052,-0.000672310570638256,0.003361536045511052,0.003361536045511052,-0.003361536045511052,0.003361536045511052,-3.361536045511052e-09,1
78.3,-0.005524299604130337,0.00412128868763069,0.00412128868763069,0.004700037745315511,0,0,1.698502044679269e-11,293.15,4.12128868763069e-09,0.004700037745315511,3.397004089358539e-06,0.2,-0.0008242618588148256,0.000824257737526138,1,1,0.00412128868763069,-0.00412128868763069,0,0.00412128868763069,-0.005524299604130337,-0.005524299604130337,0.00412128868763069,-0.00412128868763069,-4.12128868763069e-09,0.00412128868763069,0,-0.00412128868763069,-0.005524299604130337,0.00412128868763069,-0.0008242618588148256,0.00412128868763069,0.00412128868763069,-0.00412128868763069,0.00412128868763069,-4.12128868763069e-09,1
78.45,-0.004856028714487919,0.004767008189988787,0.004767008189988787,0.003902622309481971,0,0,2.272436708342016e-11,293.15,4.767008189988786e-09,0.003902622309481971,4.544873416684034e-06,0.2,-0.0009534064050059474,0.0009534016379977574,1,1,0.004767008189988787,-0.004767008189988787,0,0.004767008189988787,-0.004856028714487919,-0.004856028714487919,0.004767008189988787,-0.004767008189988787,-4.767008189988786e-09,0.004767008189988787,0,-0.004767008189988787,-0.004856028714487919,0.004767008189988787,-0.0009534064050059474,0.004767008189988787,0.004767008189988787,-0.004767008189988787,0.004767008189988787,-4.767008189988786e-09,1
78.59999999999999,-0.004100438461517271,0.005288362204989267,0.005288362204989267,0.003042760732157213,0,0,2.796677481115894e-11,293.15,5.288362204989267e-09,0.003042760732157213,5.593354962231789e-06,0.2,-0.001057677729360058,0.001057672440997853,1,1,0.005288362204989267,-0.005288362204989267,0,0.005288362204989267,-0.004100438461517271,-0.004100438461517271,0.005288362204989267,-0.005288362204989267,-5.288362204989267e-09,0.005288362204989267,0,-0.005288362204989267,-0.004100438461517271,0.005288362204989267,-0.001057677729360058,0.005288362204989267,0.005288362204989267,-0.005288362204989267,0.005288362204989267,-5.288362204989267e-09,1
78.75,-0.003276468773826916,0.005677908354664516,0.005677908354664516,0.002140881424985658,0,0,3.223864328396912e-11,293.15,5.677908354664516e-09,0.002140881424985658,6.447728656793823e-06,0.2,-0.001135587348841258,0.001135581670932903,1,1,0.005677908354664516,-0.005677908354664516,0,0.005677908354664516,-0.003276468773826916,-0.003276468773826916,0.005677908354664516,-0.005677908354664516,-5.677908354664516e-09,0.005677908354664516,0,-0.005677908354664516,-0.003276468773826916,0.005677908354664516,-0.001135587348841258,0.005677908354664516,0.005677908354664516,-0.005677908354664516,0.005677908354664516,-5.677908354664516e-09,1
78.90000000000001,-0.002404179413130279,0.005930397977318324,0.005930397977318324,0.001218093887268637,0,0,3.516962016938126e-11,293.15,5.930397977318323e-09,0.001218093887268637,7.033924033876255e-06,0.2,-0.001186085525861642,0.001186079595463665,1,1,0.005930397977318324,-0.005930397977318324,0,0.005930397977318324,-0.002404179413130279,-0.002404179413130279,0.005930397977318324,-0.005930397977318324,-5.930397977318323e-09,0.005930397977318324,0,-0.005930397977318324,-0.002404179413130279,0.005930397977318324,-0.001186085525861642,0.005930397977318324,0.005930397977318324,-0.005930397977318324,0.005930397977318324,-5.930397977318323e-09,1
79.05,-0.001504233790601023,0.006043865429908204,0.006043865429908204,0.0002954546607539525,0,0,3.652830933483948e-11,293.15,6.043865429908204e-09,0.0002954546607539525,7.305661866967897e-06,0.2,-0.001208779129847071,0.001208773085981641,1,1,0.006043865429908204,-0.006043865429908204,0,0.006043865429908204,-0.001504233790601023,-0.001504233790601023,0.006043865429908204,-0.006043865429908204,-6.043865429908204e-09,0.006043865429908204,0,-0.006043865429908204,-0.001504233790601023,0.006043865429908204,-0.001208779129847071,0.006043865429908204,0.006043865429908204,-0.006043865429908204,0.006043865429908204,-6.043865429908204e-09,1
79.2,-0.000597602296048758,0.006019519603994152,0.006019519603994152,-0.0006063076442696764,0,0,3.62346162628699e-11,293.15,6.019519603994151e-09,-0.0006063076442696764,7.246923252573983e-06,0.2,-0.001203909940318434,0.001203903920798831,1,1,0.006019519603994152,-0.006019519603994152,0,0.006019519603994152,-0.000597602296048758,-0.000597602296048758,0.006019519603994152,-0.006019519603994152,-6.019519603994151e-09,0.006019519603994152,0,-0.006019519603994152,-0.000597602296048758,0.006019519603994152,-0.001203909940318434,0.006019519603994152,0.006019519603994152,-0.006019519603994152,0.006019519603994152,-6.019519603994151e-09,1
79.34999999999999,0.0002950725507870138,0.00586257091788574,0.00586257091788574,-0.00146759259693508,0,0,3.436973776723964e-11,293.15,5.862570917885739e-09,-0.00146759259693508,6.873947553447929e-06,0.2,-0.001172520046148066,0.001172514183577148,1,1,0.00586257091788574,-0.00586257091788574,0,0.00586257091788574,0.0002950725507870138,0.0002950725507870138,0.00586257091788574,-0.00586257091788574,-5.862570917885739e-09,0.00586257091788574,0,-0.00586257091788574,0.0002950725507870138,0.00586257091788574,-0.001172520046148066,0.00586257091788574,0.00586257091788574,-0.00586257091788574,0.00586257091788574,-5.862570917885739e-09,1
79.5,0.001154484710983362,0.005581245924453118,0.005581245924453118,-0.00227073947711991,0,0,3.115030606922453e-11,293.15,5.581245924453118e-09,-0.00227073947711991,6.230061213844907e-06,0.2,-0.001116254766136548,0.001116249184890624,1,1,0.005581245924453118,-0.005581245924453118,0,0.005581245924453118,0.001154484710983362,0.001154484710983362,0.005581245924453118,-0.005581245924453118,-5.581245924453118e-09,0.005581245924453118,0,-0.005581245924453118,0.001154484710983362,0.005581245924453118,-0.001116254766136548,0.005581245924453118,0.005581245924453118,-0.005581245924453118,0.005581245924453118,-5.581245924453118e-09,1
79.65000000000001,0.001962935913229361,0.005185263089217989,0.005185263089217989,-0.002999993716336048,0,0,2.688695330440648e-11,293.15,5.185263089217989e-09,-0.002999993716336048,5.377390660881296e-06,0.2,-0.001037057803106687,0.001037052617843598,1,1,0.005185263089217989,-0.005185263089217989,0,0.005185263089217989,0.001962935913229361,0.001962935913229361,0.005185263089217989,-0.005185263089217989,-5.185263089217989e-09,0.005185263089217989,0,-0.005185263089217989,0.001962935913229361,0.005185263089217989,-0.001037057803106687,0.005185263089217989,0.005185263089217989,-0.005185263089217989,0.005185263089217989,-5.185263089217989e-09,1
79.8,0.002704380061537538,0.004686413725347098,0.004686413725347098,-0.003641667493020683,0,0,2.196247360512166e-11,293.15,4.686413725347098e-09,-0.003641667493020683,4.392494721024333e-06,0.2,-0.0009372874314831449,0.0009372827450694196,1,1,0.004686413725347098,-0.004686413725347098,0,0.004686413725347098,0.002704380061537538,0.002704380061537538,0.004686413725347098,-0.004686413725347098,-4.686413725347098e-09,0.004686413725347098,0,-0.004686413725347098,0.002704380061537538,0.004686413725347098,-0.0009372874314831449,0.004686413725347098,0.004686413725347098,-0.004686413725347098,0.004686413725347098,-4.686413725347098e-09,1
79.95,0.003364347423475184,0.004098200037598152,0.004098200037598152,-0.004183991529194853,0,0,1.679524354816949e-11,293.15,4.098200037598152e-09,-0.004183991529194853,3.359048709633899e-06,0.2,-0.000819644105719668,0.0008196400075196304,1,1,0.004098200037598152,-0.004098200037598152,0,0.004098200037598152,0.003364347423475184,0.003364347423475184,0.004098200037598152,-0.004098200037598152,-4.098200037598152e-09,0.004098200037598152,0,-0.004098200037598152,0.003364347423475184,0.004098200037598152,-0.000819644105719668,0.004098200037598152,0.004098200037598152,-0.004098200037598152,0.004098200037598152,-4.098200037598152e-09,1
80.09999999999999,0.003930353600142307,0.003436177748253739,0.003436177748253739,-0.004617592585970802,0,0,1.180731751759413e-11,293.15,3.436177748253739e-09,-0.004617592585970802,2.361463503518827e-06,0.2,-0.000687238985828496,0.0006872355496507478,1,1,0.003436177748253739,-0.003436177748253739,0,0.003436177748253739,0.003930353600142307,0.003930353600142307,0.003436177748253739,-0.003436177748253739,-3.436177748253739e-09,0.003436177748253739,0,-0.003436177748253739,0.003930353600142307,0.003436177748253739,-0.000687238985828496,0.003436177748253739,0.003436177748253739,-0.003436177748253739,0.003436177748253739,-3.436177748253739e-09,1
80.25,0.004392388886234725,0.002717676761077161,0.002717676761077161,-0.004935926956126918,0,0,7.385766977698846e-12,293.15,2.71767676107716e-09,-0.004935926956126918,1.477153395539769e-06,0.2,-0.0005435380698921931,0.0005435353522154321,1,1,0.002717676761077161,-0.002717676761077161,0,0.002717676761077161,0.004392388886234725,0.004392388886234725,0.002717676761077161,-0.002717676761077161,-2.71767676107716e-09,0.002717676761077161,0,-0.002717676761077161,0.004392388886234725,0.002717676761077161,-0.0005435380698921931,0.002717676761077161,0.002717676761077161,-0.002717676761077161,0.002717676761077161,-2.71767676107716e-09,1
80.40000000000001,0.004743331418247241,0.001960604084783747,0.001960604084783747,-0.005135454195808076,0,0,3.843968377270713e-12,293.15,1.960604084783747e-09,-0.005135454195808076,7.687936754541426e-07,0.2,-0.0003921227775608341,0.0003921208169567494,1,1,0.001960604084783747,-0.001960604084783747,0,0.001960604084783747,0.004743331418247241,0.004743331418247241,0.001960604084783747,-0.001960604084783747,-1.960604084783747e-09,0.001960604084783747,0,-0.001960604084783747,0.004743331418247241,0.001960604084783747,-0.0003921227775608341,0.001960604084783747,0.001960604084783747,-0.001960604084783747,0.001960604084783747,-1.960604084783747e-09,1
80.55,0.004979110745439903,0.001182964577034091,0.001182964577034091,-0.005215704843811298,0,0,1.399405190517445e-12,293.15,1.182964577034091e-09,-0.005215704843811298,2.798810381034889e-07,0.2,-0.0002365940983713952,0.0002365929154068181,1,1,0.001182964577034091,-0.001182964577034091,0,0.001182964577034091,0.004979110745439903,0.004979110745439903,0.001182964577034091,-0.001182964577034091,-1.182964577034091e-09,0.001182964577034091,0,-0.001182964577034091,0.004979110745439903,0.001182964577034091,-0.0002365940983713952,0.001182964577034091,0.001182964577034091,-0.001182964577034091,0.001182964577034091,-1.182964577034091e-09,1
80.7,0.005098226330981816,0.0004021789054464544,0.0004021789054464544,-0.005178662514250012,0,0,1.617478719861081e-13,293.15,4.021789054464543e-10,-0.005178662514250012,3.234957439722162e-08,0.2,-8.043618326819631e-05,8.043578108929087e-05,1,1,0.0004021789054464544,-0.0004021789054464544,0,0.0004021789054464544,0.005098226330981816,0.005098226330981816,0.0004021789054464544,-0.0004021789054464544,-4.021789054464543e-10,0.0004021789054464544,0,-0.0004021789054464544,0.005098226330981816,0.0004021789054464544,-8.043618326819631e-05,0.0004021789054464544,0.0004021789054464544,-0.0004021789054464544,0.0004021789054464544,-4.021789054464543e-10,1
80.84999999999999,0.005101083174167457,-0.0003646097619797255,-0.0003646097619797255,-0.00502816085716175,0,0,1.32940278530912e-13,293.15,-3.646097619797254e-10,-0.00502816085716175,2.658805570618241e-08,0.2,7.292231700570708e-05,-7.29219523959451e-05,1,1,-0.0003646097619797255,0.0003646097619797255,0,-0.0003646097619797255,0.005101083174167457,0.005101083174167457,-0.0003646097619797255,0.0003646097619797255,3.646097619797254e-10,-0.0003646097619797255,0,0.0003646097619797255,0.005101083174167457,-0.0003646097619797255,7.292231700570708e-05,-0.0003646097619797255,-0.0003646097619797255,0.0003646097619797255,-0.0003646097619797255,3.646097619797254e-10,1
81,0.004990728680777156,-0.001100963062256104,-0.001100963062256104,-0.004770534967362873,0,0,1.212119664452338e-12,293.15,-1.100963062256104e-09,-0.004770534967362873,2.424239328904677e-07,0.2,0.0002201937134142831,-0.0002201926124512209,1,1,-0.001100963062256104,0.001100963062256104,0,-0.001100963062256104,0.004990728680777156,0.004990728680777156,-0.001100963062256104,0.001100963062256104,1.100963062256104e-09,-0.001100963062256104,0,0.001100963062256104,0.004990728680777156,-0.001100963062256104,0.0002201937134142831,-0.001100963062256104,-0.001100963062256104,0.001100963062256104,-0.001100963062256104,1.100963062256104e-09,1
81.15000000000001,0.004772663619595041,-0.001791284577140293,-0.001791284577140293,-0.004414404912882405,0,0,3.208700436300679e-12,293.15,-1.791284577140293e-09,-0.004414404912882405,6.417400872601359e-07,0.2,0.0003582587067126358,-0.0003582569154280587,1,1,-0.001791284577140293,0.001791284577140293,0,-0.001791284577140293,0.004772663619595041,0.004772663619595041,-0.001791284577140293,0.001791284577140293,1.791284577140293e-09,-0.001791284577140293,0,0.001791284577140293,0.004772663619595041,-0.001791284577140293,0.0003582587067126358,-0.001791284577140293,-0.001791284577140293,0.001791284577140293,-0.001791284577140293,1.791284577140293e-09,1
81.3,0.004455315430600631,-0.0024212186356923,-0.0024212186356923,-0.003971069282243536,0,0,5.862299681823683e-12,293.15,-2.4212186356923e-09,-0.003971069282243536,1.172459936364737e-06,0.2,0.0004842461483570957,-0.00048424372713846,1,1,-0.0024212186356923,0.0024212186356923,0,-0.0024212186356923,0.004455315430600631,0.004455315430600631,-0.0024212186356923,0.0024212186356923,2.4212186356923e-09,-0.0024212186356923,0,0.0024212186356923,0.004455315430600631,-0.0024212186356923,0.0004842461483570957,-0.0024212186356923,-0.0024212186356923,0.0024212186356923,-0.0024212186356923,2.4212186356923e-09,1
81.45,0.004049271188264808,-0.002978569586904493,-0.002978569586904493,-0.003453554292314322,0,0,8.8718767840324e-12,293.15,-2.978569586904492e-09,-0.003453554292314322,1.77437535680648e-06,0.2,0.0005957168959504855,-0.0005957139173808986,1,1,-0.002978569586904493,0.002978569586904493,0,-0.002978569586904493,0.004049271188264808,0.004049271188264808,-0.002978569586904493,0.002978569586904493,2.978569586904492e-09,-0.002978569586904493,0,0.002978569586904493,0.004049271188264808,-0.002978569586904493,0.0005957168959504855,-0.002978569586904493,-0.002978569586904493,0.002978569586904493,-0.002978569586904493,2.978569586904492e-09,1
81.59999999999999,0.00356601318526997,-0.003453492658675008,-0.003453492658675008,-0.002875311200042309,0,0,1.192661154352218e-11,293.15,-3.453492658675008e-09,-0.002875311200042309,2.385322308704436e-06,0.2,0.0006907019852276605,-0.0006906985317350017,1,1,-0.003453492658675008,0.003453492658675008,0,-0.003453492658675008,0.00356601318526997,0.00356601318526997,-0.003453492658675008,0.003453492658675008,3.453492658675008e-09,-0.003453492658675008,0,0.003453492658675008,0.00356601318526997,-0.003453492658675008,0.0006907019852276605,-0.003453492658675008,-0.003453492658675008,0.003453492658675008,-0.003453492658675008,3.453492658675008e-09,1
81.75,0.003018287476094991,-0.00383824660848542,-0.00383824660848542,-0.002250634316151299,0,0,1.473213702754983e-11,293.15,-3.83824660848542e-09,-0.002250634316151299,2.946427405509967e-06,0.2,0.0007676531599436926,-0.0007676493216970841,1,1,-0.00383824660848542,0.00383824660848542,0,-0.00383824660848542,0.003018287476094991,0.003018287476094991,-0.00383824660848542,0.00383824660848542,3.83824660848542e-09,-0.00383824660848542,0,0.00383824660848542,0.003018287476094991,-0.00383824660848542,0.0007676531599436926,-0.00383824660848542,-0.00383824660848542,0.00383824660848542,-0.00383824660848542,3.83824660848542e-09,1
81.90000000000001,0.002419670808785257,-0.004127013166424959,-0.004127013166424959,-0.001594264048487099,0,0,1.703223767584496e-11,293.15,-4.127013166424959e-09,-0.001594264048487099,3.406447535168993e-06,0.2,0.0008254067602981582,-0.0008254026332849918,1,1,-0.004127013166424959,0.004127013166424959,0,-0.004127013166424959,0.002419670808785257,0.002419670808785257,-0.004127013166424959,0.004127013166424959,4.127013166424959e-09,-0.004127013166424959,0,0.004127013166424959,0.002419670808785257,-0.004127013166424959,0.0008254067602981582,-0.004127013166424959,-0.004127013166424959,0.004127013166424959,-0.004127013166424959,4.127013166424959e-09,1
82.05,0.00178480196777357,-0.004315976415463487,-0.004315976415463487,-0.0009216023687044574,0,0,1.862765241883705e-11,293.15,-4.315976415463487e-09,-0.0009216023687044574,3.72553048376741e-06,0.2,0.0008631995990691128,-0.0008631952830926974,1,1,-0.004315976415463487,0.004315976415463487,0,-0.004315976415463487,0.00178480196777357,0.00178480196777357,-0.004315976415463487,0.004315976415463487,4.315976415463487e-09,-0.004315976415463487,0,0.004315976415463487,0.00178480196777357,-0.004315976415463487,0.0008631995990691128,-0.004315976415463487,-0.004315976415463487,0.004315976415463487,-0.004315976415463487,4.315976415463487e-09,1
82.2,0.001129160618117572,-0.004403606345123282,-0.004403606345123282,-0.00024843494548657,0,0,1.939174884281003e-11,293.15,-4.403606345123283e-09,-0.00024843494548657,3.878349768562007e-06,0.2,0.0008807256726310016,-0.0008807212690246565,1,1,-0.004403606345123282,0.004403606345123282,0,-0.004403606345123282,0.001129160618117572,0.001129160618117572,-0.004403606345123282,0.004403606345123282,4.403606345123283e-09,-0.004403606345123282,0,0.004403606345123282,0.001129160618117572,-0.004403606345123282,0.0008807256726310016,-0.004403606345123282,-0.004403606345123282,0.004403606345123282,-0.004403606345123282,4.403606345123283e-09,1
82.34999999999999,0.0004682831598122222,-0.004390912241355848,-0.004390912241355848,0.0004099036793711888,0,0,1.928011031128864e-11,293.15,-4.390912241355848e-09,0.0004099036793711888,3.856022062257727e-06,0.2,0.000878186839183411,-0.0008781824482711697,1,1,-0.004390912241355848,0.004390912241355848,0,-0.004390912241355848,0.0004682831598122222,0.0004682831598122222,-0.004390912241355848,0.004390912241355848,4.390912241355848e-09,-0.004390912241355848,0,0.004390912241355848,0.0004682831598122222,-0.004390912241355848,0.000878186839183411,-0.004390912241355848,-0.004390912241355848,0.004390912241355848,-0.004390912241355848,4.390912241355848e-09,1
82.5,-0.0001827645763993024,-0.004281464970738029,-0.004281464970738029,0.001039061852011879,0,0,1.833094229565679e-11,293.15,-4.281464970738029e-09,0.001039061852011879,3.666188459131359e-06,0.2,0.0008562972756125767,-0.000856292994147606,1,1,-0.004281464970738029,0.004281464970738029,0,-0.004281464970738029,-0.0001827645763993024,-0.0001827645763993024,-0.004281464970738029,0.004281464970738029,4.281464970738029e-09,-0.004281464970738029,0,0.004281464970738029,-0.0001827645763993024,-0.004281464970738029,0.0008562972756125767,-0.004281464970738029,-0.004281464970738029,0.004281464970738029,-0.004281464970738029,4.281464970738029e-09,1
82.65000000000001,-0.0008103904856527842,-0.004081014201963193,-0.004081014201963193,0.001626597407059625,0,0,1.665467691662527e-11,293.15,-4.081014201963192e-09,0.001626597407059625,3.330935383325055e-06,0.2,0.0008162069214068405,-0.0008162028403926385,1,1,-0.004081014201963193,0.004081014201963193,0,-0.004081014201963193,-0.0008103904856527842,-0.0008103904856527842,-0.004081014201963193,0.004081014201963193,4.081014201963192e-09,-0.004081014201963193,0,0.004081014201963193,-0.0008103904856527842,-0.004081014201963193,0.0008162069214068405,-0.004081014201963193,-0.004081014201963193,0.004081014201963193,-0.004081014201963193,4.081014201963192e-09,1
82.8,-0.001401875145559033,-0.0037963998608739,-0.0037963998608739,0.002161158914133674,0,0,1.441265190364337e-11,293.15,-3.7963998608739e-09,0.002161158914133674,2.882530380728674e-06,0.2,0.000759283768574641,-0.0007592799721747801,1,1,-0.0037963998608739,0.0037963998608739,0,-0.0037963998608739,-0.001401875145559033,-0.001401875145559033,-0.0037963998608739,0.0037963998608739,3.7963998608739e-09,-0.0037963998608739,0,0.0037963998608739,-0.001401875145559033,-0.0037963998608739,0.000759283768574641,-0.0037963998608739,-0.0037963998608739,0.0037963998608739,-0.0037963998608739,3.7963998608739e-09,1
82.95,-0.001945449079671648,-0.003436112349052008,-0.003436112349052008,0.002632674985594398,0,0,1.180686807530771e-11,293.15,-3.436112349052008e-09,0.002632674985594398,2.361373615061541e-06,0.2,0.0006872259059227506,-0.0006872224698104015,1,1,-0.003436112349052008,0.003436112349052008,0,-0.003436112349052008,-0.001945449079671648,-0.001945449079671648,-0.003436112349052008,0.003436112349052008,3.436112349052008e-09,-0.003436112349052008,0,0.003436112349052008,-0.001945449079671648,-0.003436112349052008,0.0006872259059227506,-0.003436112349052008,-0.003436112349052008,0.003436112349052008,-0.003436112349052008,3.436112349052008e-09,1
83.09999999999999,-0.002430286766873339,-0.003009978842478055,-0.003009978842478055,0.003032285545347792,0,0,9.05997263216553e-12,293.15,-3.009978842478055e-09,0.003032285545347792,1.811994526433106e-06,0.2,0.0006019987784744535,-0.000601995768495611,1,1,-0.003009978842478055,0.003009978842478055,0,-0.003009978842478055,-0.002430286766873339,-0.002430286766873339,-0.003009978842478055,0.003009978842478055,3.009978842478055e-09,-0.003009978842478055,0,0.003009978842478055,-0.002430286766873339,-0.003009978842478055,0.0006019987784744535,-0.003009978842478055,-0.003009978842478055,0.003009978842478055,-0.003009978842478055,3.009978842478055e-09,1
83.25,-0.002846591633999771,-0.002529536265681974,-0.002529536265681974,0.003352501416672432,0,0,6.398553719400308e-12,293.15,-2.529536265681974e-09,0.003352501416672432,1.279710743880062e-06,0.2,0.0005059097826726605,-0.0005059072531363949,1,1,-0.002529536265681974,0.002529536265681974,0,-0.002529536265681974,-0.002846591633999771,-0.002846591633999771,-0.002529536265681974,0.002529536265681974,2.529536265681974e-09,-0.002529536265681974,0,0.002529536265681974,-0.002846591633999771,-0.002529536265681974,0.0005059097826726605,-0.002529536265681974,-0.002529536265681974,0.002529536265681974,-0.002529536265681974,2.529536265681974e-09,1
83.40000000000001,-0.003186853145596193,-0.00200761168523556,-0.00200761168523556,0.00358837749025499,0,0,4.030504678694363e-12,293.15,-2.007611685235559e-09,0.00358837749025499,8.061009357388727e-07,0.2,0.0004015243446587972,-0.0004015223370471119,1,1,-0.00200761168523556,0.00200761168523556,0,-0.00200761168523556,-0.003186853145596193,-0.003186853145596193,-0.00200761168523556,0.00200761168523556,2.007611685235559e-09,-0.00200761168523556,0,0.00200761168523556,-0.003186853145596193,-0.00200761168523556,0.0004015243446587972,-0.00200761168523556,-0.00200761168523556,0.00200761168523556,-0.00200761168523556,2.007611685235559e-09,1
83.55,-0.003446326084511378,-0.001457054520793061,-0.001457054520793061,0.003737738445724512,0,0,2.123007876563497e-12,293.15,-1.457054520793061e-09,0.003737738445724512,4.246015753126995e-07,0.2,0.0002914123612131331,-0.0002914109041586123,1,1,-0.001457054520793061,0.001457054520793061,0,-0.001457054520793061,-0.003446326084511378,-0.003446326084511378,-0.001457054520793061,0.001457054520793061,1.457054520793061e-09,-0.001457054520793061,0,0.001457054520793061,-0.003446326084511378,-0.001457054520793061,0.0002914123612131331,-0.001457054520793061,-0.001457054520793061,0.001457054520793061,-0.001457054520793061,1.457054520793061e-09,1
83.7,-0.003622164752424626,-0.0008908426047120864,-0.0008908426047120864,0.003800334164209648,0,0,7.936005463702145e-13,293.15,-8.908426047120864e-10,0.003800334164209648,1.587201092740429e-07,0.2,0.000178169411785022,-0.0001781685209424173,1,1,-0.0008908426047120864,0.0008908426047120864,0,-0.0008908426047120864,-0.003622164752424626,-0.003622164752424626,-0.0008908426047120864,0.0008908426047120864,8.908426047120864e-10,-0.0008908426047120864,0,0.0008908426047120864,-0.003622164752424626,-0.0008908426047120864,0.000178169411785022,-0.0008908426047120864,-0.0008908426047120864,0.0008908426047120864,-0.0008908426047120864,8.908426047120864e-10,1
83.84999999999999,-0.003713209992965699,-0.0003215179314314365,-0.0003215179314314365,0.003777513900769918,0,0,1.033737802319499e-13,293.15,-3.215179314314365e-10,0.003777513900769918,2.067475604638998e-08,0.2,6.430390780421873e-05,-6.43035862862873e-05,1,1,-0.0003215179314314365,0.0003215179314314365,0,-0.0003215179314314365,-0.003713209992965699,-0.003713209992965699,-0.0003215179314314365,0.0003215179314314365,3.215179314314365e-10,-0.0003215179314314365,0,0.0003215179314314365,-0.003713209992965699,-0.0003215179314314365,6.430390780421873e-05,-0.0003215179314314365,-0.0003215179314314365,0.0003215179314314365,-0.0003215179314314365,3.215179314314365e-10,1
84,-0.003719631265813031,0.00023852211842589,0.00023852211842589,0.003671926603605735,0,0,5.68928009783743e-14,293.15,2.3852211842589e-10,0.003671926603605735,1.137856019567486e-08,0.2,-4.770466220729643e-05,4.770442368517801e-05,1,1,0.00023852211842589,-0.00023852211842589,0,0.00023852211842589,-0.003719631265813031,-0.003719631265813031,0.00023852211842589,-0.00023852211842589,-2.3852211842589e-10,0.00023852211842589,0,-0.00023852211842589,-0.003719631265813031,0.00023852211842589,-4.770466220729643e-05,0.00023852211842589,0.00023852211842589,-0.00023852211842589,0.00023852211842589,-2.3852211842589e-10,1
84.15000000000001,-0.003643214745451566,0.0007769504398586066,0.0007769504398586066,0.003487823880529405,0,0,6.036519859964822e-13,293.15,7.769504398586065e-10,0.003487823880529405,1.207303971992964e-07,0.2,-0.0001553908649221612,0.0001553900879717213,1,1,0.0007769504398586066,-0.0007769504398586066,0,0.0007769504398586066,-0.003643214745451566,-0.003643214745451566,0.0007769504398586066,-0.0007769504398586066,-7.769504398586065e-10,0.0007769504398586066,0,-0.0007769504398586066,-0.003643214745451566,0.0007769504398586066,-0.0001553908649221612,0.0007769504398586066,0.0007769504398586066,-0.0007769504398586066,0.0007769504398586066,-7.769504398586065e-10,1
84.3,-0.003487865165489169,0.001282071870637447,0.001282071870637447,0.003231449509289809,0,0,1.643708281479801e-12,293.15,1.282071870637446e-09,0.003231449509289809,3.287416562959603e-07,0.2,-0.0002564156561993599,0.0002564143741274893,1,1,0.001282071870637447,-0.001282071870637447,0,0.001282071870637447,-0.003487865165489169,-0.003487865165489169,0.001282071870637447,-0.001282071870637447,-1.282071870637446e-09,0.001282071870637447,0,-0.001282071870637447,-0.003487865165489169,0.001282071870637447,-0.0002564156561993599,0.001282071870637447,0.001282071870637447,-0.001282071870637447,0.001282071870637447,-1.282071870637446e-09,1
84.45,-0.00325962784733937,0.001743200020464778,0.001743200020464778,0.002910986100046394,0,0,3.038746311348404e-12,293.15,1.743200020464778e-09,0.002910986100046394,6.077492622696808e-07,0.2,-0.0003486417472929762,0.0003486400040929557,1,1,0.001743200020464778,-0.001743200020464778,0,0.001743200020464778,-0.00325962784733937,-0.00325962784733937,0.001743200020464778,-0.001743200020464778,-1.743200020464778e-09,0.001743200020464778,0,-0.001743200020464778,-0.00325962784733937,0.001743200020464778,-0.0003486417472929762,0.001743200020464778,0.001743200020464778,-0.001743200020464778,0.001743200020464778,-1.743200020464778e-09,1
84.59999999999999,-0.002966563331397671,0.002151685006508935,0.002151685006508935,0.002536224178410878,0,0,4.629748367235356e-12,293.15,2.151685006508935e-09,0.002536224178410878,9.259496734470714e-07,0.2,-0.0004303391529867935,0.0004303370013017871,1,1,0.002151685006508935,-0.002151685006508935,0,0.002151685006508935,-0.002966563331397671,-0.002966563331397671,0.002151685006508935,-0.002151685006508935,-2.151685006508935e-09,0.002151685006508935,0,-0.002151685006508935,-0.002966563331397671,0.002151685006508935,-0.0004303391529867935,0.002151685006508935,0.002151685006508935,-0.002151685006508935,0.002151685006508935,-2.151685006508935e-09,1
84.75,-0.002616958283718508,0.00250071065151248,0.00250071065151248,0.00211681365270536,0,0,6.253553762587974e-12,293.15,2.50071065151248e-09,0.00211681365270536,1.250710752517595e-06,0.2,-0.0005001446310131476,0.0005001421303024961,1,1,0.00250071065151248,-0.00250071065151248,0,0.00250071065151248,-0.002616958283718508,-0.002616958283718508,0.00250071065151248,-0.00250071065151248,-2.50071065151248e-09,0.00250071065151248,0,-0.00250071065151248,-0.002616958283718508,0.00250071065151248,-0.0005001446310131476,0.00250071065151248,0.00250071065151248,-0.00250071065151248,0.00250071065151248,-2.50071065151248e-09,1
84.90000000000001,-0.002220031476141727,0.00278447979806726,0.00278447979806726,0.001663132732048476,0,0,7.75332774584469e-12,293.15,2.78447979806726e-09,0.001663132732048476,1.550665549168938e-06,0.2,-0.0005568987440932501,0.000556895959613452,1,1,0.00278447979806726,-0.00278447979806726,0,0.00278447979806726,-0.002220031476141727,-0.002220031476141727,0.00278447979806726,-0.00278447979806726,-2.78447979806726e-09,0.00278447979806726,0,-0.00278447979806726,-0.002220031476141727,0.00278447979806726,-0.0005568987440932501,0.00278447979806726,0.00278447979806726,-0.00278447979806726,0.00278447979806726,-2.78447979806726e-09,1
85.05,-0.001785417421680314,0.002998593232629165,0.002998593232629165,0.001185695776561249,0,0,8.991561374769422e-12,293.15,2.998593232629164e-09,0.001185695776561249,1.798312274953885e-06,0.2,-0.0005997216451190656,0.0005997186465258329,1,1,0.002998593232629165,-0.002998593232629165,0,0.002998593232629165,-0.001785417421680314,-0.001785417421680314,0.002998593232629165,-0.002998593232629165,-2.998593232629164e-09,0.002998593232629165,0,-0.002998593232629165,-0.001785417421680314,0.002998593232629165,-0.0005997216451190656,0.002998593232629165,0.002998593232629165,-0.002998593232629165,0.002998593232629165,-2.998593232629164e-09,1
85.2,-0.001323585901180888,0.003139829145231854,0.003139829145231854,0.0006956169323053721,0,0,9.858527061247394e-12,293.15,3.139829145231854e-09,0.0006956169323053721,1.971705412249479e-06,0.2,-0.0006279689688755162,0.0006279658290463709,1,1,0.003139829145231854,-0.003139829145231854,0,0.003139829145231854,-0.001323585901180888,-0.001323585901180888,0.003139829145231854,-0.003139829145231854,-3.139829145231854e-09,0.003139829145231854,0,-0.003139829145231854,-0.001323585901180888,0.003139829145231854,-0.0006279689688755162,0.003139829145231854,0.003139829145231854,-0.003139829145231854,0.003139829145231854,-3.139829145231854e-09,1
85.34999999999999,-0.0008460529465280438,0.003206911970345552,0.003206911970345552,0.0002046673455469631,0,0,1.028428438554559e-11,293.15,3.206911970345551e-09,0.0002046673455469631,2.056856877109118e-06,0.2,-0.0006413856009810807,0.0006413823940691104,1,1,0.003206911970345552,-0.003206911970345552,0,0.003206911970345552,-0.0008460529465280438,-0.0008460529465280438,0.003206911970345552,-0.003206911970345552,-3.206911970345551e-09,0.003206911970345552,0,-0.003206911970345552,-0.0008460529465280438,0.003206911970345552,-0.0006413856009810807,0.003206911970345552,0.003206911970345552,-0.003206911970345552,0.003206911970345552,-3.206911970345551e-09,1
85.5,-0.0003644462985843914,0.003200805155279573,0.003200805155279573,-0.0002757179332766786,0,0,1.024515364206429e-11,293.15,3.200805155279573e-09,-0.0002757179332766786,2.049030728412859e-06,0.2,-0.00064016423186107,0.0006401610310559147,1,1,0.003200805155279573,-0.003200805155279573,0,0.003200805155279573,-0.0003644462985843914,-0.0003644462985843914,0.003200805155279573,-0.003200805155279573,-3.200805155279573e-09,0.003200805155279573,0,-0.003200805155279573,-0.0003644462985843914,0.003200805155279573,-0.00064016423186107,0.003200805155279573,0.003200805155279573,-0.003200805155279573,0.003200805155279573,-3.200805155279573e-09,1
85.65000000000001,0.0001103722382870269,0.003124193082987727,0.003124193082987727,-0.0007352139790776553,0,0,9.760582419788356e-12,293.15,3.124193082987727e-09,-0.0007352139790776553,1.952116483957672e-06,0.2,-0.0006248417407906284,0.0006248386165975454,1,1,0.003124193082987727,-0.003124193082987727,0,0.003124193082987727,0.0001103722382870269,0.0001103722382870269,0.003124193082987727,-0.003124193082987727,-3.124193082987727e-09,0.003124193082987727,0,-0.003124193082987727,0.0001103722382870269,0.003124193082987727,-0.0006248417407906284,0.003124193082987727,0.003124193082987727,-0.003124193082987727,0.003124193082987727,-3.124193082987727e-09,1
85.8,0.0005686717384136894,0.002981237090506098,0.002981237090506098,-0.001164922137752,0,0,8.887774589809262e-12,293.15,2.981237090506098e-09,-0.001164922137752,1.777554917961853e-06,0.2,-0.0005962503993383101,0.0005962474181012196,1,1,0.002981237090506098,-0.002981237090506098,0,0.002981237090506098,0.0005686717384136894,0.0005686717384136894,0.002981237090506098,-0.002981237090506098,-2.981237090506098e-09,0.002981237090506098,0,-0.002981237090506098,0.0005686717384136894,0.002981237090506098,-0.0005962503993383101,0.002981237090506098,0.002981237090506098,-0.002981237090506098,0.002981237090506098,-2.981237090506098e-09,1
85.95,0.00100117134882738,0.002776752322269779,0.002776752322269779,-0.001556524590033657,0,0,7.710353459230608e-12,293.15,2.776752322269779e-09,-0.001556524590033657,1.542070691846121e-06,0.2,-0.0005553532412062779,0.0005553504644539557,1,1,0.002776752322269779,-0.002776752322269779,0,0.002776752322269779,0.00100117134882738,0.00100117134882738,0.002776752322269779,-0.002776752322269779,-2.776752322269779e-09,0.002776752322269779,0,-0.002776752322269779,0.00100117134882738,0.002776752322269779,-0.0005553532412062779,0.002776752322269779,0.002776752322269779,-0.002776752322269779,0.002776752322269779,-2.776752322269779e-09,1
86.09999999999999,0.001399198237708961,0.002516684475260259,0.002516684475260259,-0.001902537649445488,0,0,6.333700748016003e-12,293.15,2.516684475260259e-09,-0.001902537649445488,1.266740149603201e-06,0.2,-0.000503339411736527,0.0005033368950520517,1,1,0.002516684475260259,-0.002516684475260259,0,0.002516684475260259,0.001399198237708961,0.001399198237708961,0.002516684475260259,-0.002516684475260259,-2.516684475260259e-09,0.002516684475260259,0,-0.002516684475260259,0.001399198237708961,0.002516684475260259,-0.000503339411736527,0.002516684475260259,0.002516684475260259,-0.002516684475260259,0.002516684475260259,-2.516684475260259e-09,1
86.25,0.001754626463642523,0.002208218901027327,0.002208218901027327,-0.00219627245206689,0,0,4.876230714854338e-12,293.15,2.208218901027327e-09,-0.00219627245206689,9.752461429708676e-07,0.2,-0.0004416459884243666,0.0004416437802054655,1,1,0.002208218901027327,-0.002208218901027327,0,0.002208218901027327,0.001754626463642523,0.001754626463642523,0.002208218901027327,-0.002208218901027327,-2.208218901027327e-09,0.002208218901027327,0,-0.002208218901027327,0.001754626463642523,0.002208218901027327,-0.0004416459884243666,0.002208218901027327,0.002208218901027327,-0.002208218901027327,0.002208218901027327,-2.208218901027327e-09,1
86.40000000000001,0.002060207654756641,0.00185975702088865,0.00185975702088865,-0.002432160918691392,0,0,3.458696176744628e-12,293.15,1.85975702088865e-09,-0.002432160918691392,6.917392353489257e-07,0.2,-0.000371953263934751,0.0003719514041777301,1,1,0.00185975702088865,-0.00185975702088865,0,0.00185975702088865,0.002060207654756641,0.002060207654756641,0.00185975702088865,-0.00185975702088865,-1.85975702088865e-09,0.00185975702088865,0,-0.00185975702088865,0.002060207654756641,0.00185975702088865,-0.000371953263934751,0.00185975702088865,0.00185975702088865,-0.00185975702088865,0.00185975702088865,-1.85975702088865e-09,1
86.55,0.002310489449090228,0.001480826476919037,0.001480826476919037,-0.002606656225300512,0,0,2.192847054744446e-12,293.15,1.480826476919037e-09,-0.002606656225300512,4.385694109488894e-07,0.2,-0.0002961667762102843,0.0002961652953838074,1,1,0.001480826476919037,-0.001480826476919037,0,0.001480826476919037,0.002310489449090228,0.002310489449090228,0.001480826476919037,-0.001480826476919037,-1.480826476919037e-09,0.001480826476919037,0,-0.001480826476919037,0.002310489449090228,0.001480826476919037,-0.0002961667762102843,0.001480826476919037,0.001480826476919037,-0.001480826476919037,0.001480826476919037,-1.480826476919037e-09,1
86.7,0.00250229828933834,0.001080695759179094,0.001080695759179094,-0.002718438521869918,0,0,1.167903323907678e-12,293.15,1.080695759179094e-09,-0.002718438521869918,2.335806647815357e-07,0.2,-0.000216140232531578,0.0002161391518358188,1,1,0.001080695759179094,-0.001080695759179094,0,0.001080695759179094,0.00250229828933834,0.00250229828933834,0.001080695759179094,-0.001080695759179094,-1.080695759179094e-09,0.001080695759179094,0,-0.001080695759179094,0.00250229828933834,0.001080695759179094,-0.000216140232531578,0.001080695759179094,0.001080695759179094,-0.001080695759179094,0.001080695759179094,-1.080695759179094e-09,1
86.84999999999999,0.002633357862799683,0.0006687050968914287,0.0006687050968914287,-0.002767099550883066,0,0,4.47166506608575e-13,293.15,6.687050968914286e-10,-0.002767099550883066,8.943330132171502e-08,0.2,-0.0001337416880833826,0.0001337410193782858,1,1,0.0006687050968914287,-0.0006687050968914287,0,0.0006687050968914287,0.002633357862799683,0.002633357862799683,0.0006687050968914287,-0.0006687050968914287,-6.687050968914286e-10,0.0006687050968914287,0,-0.0006687050968914287,0.002633357862799683,0.0006687050968914287,-0.0001337416880833826,0.0006687050968914287,0.0006687050968914287,-0.0006687050968914287,0.0006687050968914287,-6.687050968914286e-10,1
87,0.002702765895963914,0.0002539079722886059,0.0002539079722886059,-0.002753547744329607,0,0,6.446925839171147e-14,293.15,2.539079722886059e-10,-0.002753547744329607,1.289385167834229e-08,0.2,-5.078184836569347e-05,5.078159445772118e-05,1,1,0.0002539079722886059,-0.0002539079722886059,0,0.0002539079722886059,0.002702765895963914,0.002702765895963914,0.0002539079722886059,-0.0002539079722886059,-2.539079722886059e-10,0.0002539079722886059,0,-0.0002539079722886059,0.002702765895963914,0.0002539079722886059,-5.078184836569347e-05,0.0002539079722886059,0.0002539079722886059,-0.0002539079722886059,0.0002539079722886059,-2.539079722886059e-10,1
87.15000000000001,0.002710393339105719,-0.0001547107346779247,-0.0001547107346779247,-0.0026794510374594,0,0,2.39354114245832e-14,293.15,-1.547107346779247e-10,-0.0026794510374594,4.78708228491664e-09,0.2,3.094230164631961e-05,-3.094214693558493e-05,1,1,-0.0001547107346779247,0.0001547107346779247,0,-0.0001547107346779247,0.002710393339105719,0.002710393339105719,-0.0001547107346779247,0.0001547107346779247,1.547107346779247e-10,-0.0001547107346779247,0,0.0001547107346779247,0.002710393339105719,-0.0001547107346779247,3.094230164631961e-05,-0.0001547107346779247,-0.0001547107346779247,0.0001547107346779247,-0.0001547107346779247,1.547107346779247e-10,1
87.3,0.002657356775932695,-0.0005479578396569096,-0.0005479578396569096,-0.002547764660043474,0,0,3.002577940414675e-13,293.15,-5.479578396569096e-10,-0.002547764660043474,6.00515588082935e-08,0.2,0.0001095921158892216,-0.0001095915679313819,1,1,-0.0005479578396569096,0.0005479578396569096,0,-0.0005479578396569096,0.002657356775932695,0.002657356775932695,-0.0005479578396569096,0.0005479578396569096,5.479578396569096e-10,-0.0005479578396569096,0,0.0005479578396569096,0.002657356775932695,-0.0005479578396569096,0.0001095921158892216,-0.0005479578396569096,-0.0005479578396569096,0.0005479578396569096,-0.0005479578396569096,5.479578396569096e-10,1
87.45,0.002546600093010222,-0.0009170793239816466,-0.0009170793239816466,-0.002363183311134569,0,0,8.41034486474634e-13,293.15,-9.170793239816466e-10,-0.002363183311134569,1.682068972949268e-07,0.2,0.0001834167818756533,-0.0001834158647963293,1,1,-0.0009170793239816466,0.0009170793239816466,0,-0.0009170793239816466,0.002546600093010222,0.002546600093010222,-0.0009170793239816466,0.0009170793239816466,9.170793239816466e-10,-0.0009170793239816466,0,0.0009170793239816466,0.002546600093010222,-0.0009170793239816466,0.0001834167818756533,-0.0009170793239816466,-0.0009170793239816466,0.0009170793239816466,-0.0009170793239816466,9.170793239816466e-10,1
87.59999999999999,0.002382685669003472,-0.001254360336462934,-0.001254360336462934,-0.002131812347350549,0,0,1.573419853691404e-12,293.15,-1.254360336462934e-09,-0.002131812347350549,3.146839707382809e-07,0.2,0.0002508733216529232,-0.0002508720672925868,1,1,-0.001254360336462934,0.001254360336462934,0,-0.001254360336462934,0.002382685669003472,0.002382685669003472,-0.001254360336462934,0.001254360336462934,1.254360336462934e-09,-0.001254360336462934,0,0.001254360336462934,0.002382685669003472,-0.001254360336462934,0.0002508733216529232,-0.001254360336462934,-0.001254360336462934,0.001254360336462934,-0.001254360336462934,1.254360336462934e-09,1
87.75,0.00217149509029672,-0.001553534023940727,-0.001553534023940727,-0.001860786731974551,0,0,2.413467963541466e-12,293.15,-1.553534023940727e-09,-0.001860786731974551,4.826935927082933e-07,0.2,0.0003107083583221693,-0.0003107068047881454,1,1,-0.001553534023940727,0.001553534023940727,0,-0.001553534023940727,0.00217149509029672,0.00217149509029672,-0.001553534023940727,0.001553534023940727,1.553534023940727e-09,-0.001553534023940727,0,0.001553534023940727,0.00217149509029672,-0.001553534023940727,0.0003107083583221693,-0.001553534023940727,-0.001553534023940727,0.001553534023940727,-0.001553534023940727,1.553534023940727e-09,1
87.90000000000001,0.001918874186944438,-0.001809872567909397,-0.001809872567909397,-0.001556897863489991,0,0,3.275638712070956e-12,293.15,-1.809872567909397e-09,-0.001556897863489991,6.551277424141913e-07,0.2,0.0003619763234544474,-0.0003619745135818795,1,1,-0.001809872567909397,0.001809872567909397,0,-0.001809872567909397,0.001918874186944438,0.001918874186944438,-0.001809872567909397,0.001809872567909397,1.809872567909397e-09,-0.001809872567909397,0,0.001809872567909397,0.001918874186944438,-0.001809872567909397,0.0003619763234544474,-0.001809872567909397,-0.001809872567909397,0.001809872567909397,-0.001809872567909397,1.809872567909397e-09,1
88.05,0.001631319531381249,-0.002018983806551934,-0.002018983806551934,-0.001227520751087056,0,0,4.076295611118935e-12,293.15,-2.018983806551933e-09,-0.001227520751087056,8.152591222237872e-07,0.2,0.0004037987802941933,-0.0004037967613103867,1,1,-0.002018983806551934,0.002018983806551934,0,-0.002018983806551934,0.001631319531381249,0.001631319531381249,-0.002018983806551934,0.002018983806551934,2.018983806551933e-09,-0.002018983806551934,0,0.002018983806551934,0.001631319531381249,-0.002018983806551934,0.0004037987802941933,-0.002018983806551934,-0.002018983806551934,0.002018983806551934,-0.002018983806551934,2.018983806551933e-09,1
88.2,0.001315836004902121,-0.0021774788649982,-0.0021774788649982,-0.0008803380544236164,0,0,4.741414207513848e-12,293.15,-2.1774788649982e-09,-0.0008803380544236164,9.482828415027697e-07,0.2,0.000435497950478505,-0.00043549577299964,1,1,-0.0021774788649982,0.0021774788649982,0,-0.0021774788649982,0.001315836004902121,0.001315836004902121,-0.0021774788649982,0.0021774788649982,2.1774788649982e-09,-0.0021774788649982,0,0.0021774788649982,0.001315836004902121,-0.0021774788649982,0.000435497950478505,-0.0021774788649982,-0.0021774788649982,0.0021774788649982,-0.0021774788649982,2.1774788649982e-09,1
88.34999999999999,0.0009800750097353414,-0.002282813504359406,-0.002282813504359406,-0.0005235100260499558,0,0,5.211237495685672e-12,293.15,-2.282813504359406e-09,-0.0005235100260499558,1.042247499137134e-06,0.2,0.0004565649836853856,-0.0004565627008718812,1,1,-0.002282813504359406,0.002282813504359406,0,-0.002282813504359406,0.0009800750097353414,0.0009800750097353414,-0.002282813504359406,0.002282813504359406,2.282813504359406e-09,-0.002282813504359406,0,0.002282813504359406,0.0009800750097353414,-0.002282813504359406,0.0004565649836853856,-0.002282813504359406,-0.002282813504359406,0.002282813504359406,-0.002282813504359406,2.282813504359406e-09,1
88.5,0.0006326484109615108,-0.002333968785330533,-0.002333968785330533,-0.0001658523199266189,0,0,5.447410290897283e-12,293.15,-2.333968785330533e-09,-0.0001658523199266189,1.089482058179457e-06,0.2,0.0004667960910348919,-0.0004667937570661066,1,1,-0.002333968785330533,0.002333968785330533,0,-0.002333968785330533,0.0006326484109615108,0.0006326484109615108,-0.002333968785330533,0.002333968785330533,2.333968785330533e-09,-0.002333968785330533,0,0.002333968785330533,0.0006326484109615108,-0.002333968785330533,0.0004667960910348919,-0.002333968785330533,-0.002333968785330533,0.002333968785330533,-0.002333968785330533,2.333968785330533e-09,1
88.65000000000001,0.0002821560504092836,-0.002331852448899259,-0.002331852448899259,0.0001842167712230172,0,0,5.437535843437472e-12,293.15,-2.331852448899259e-09,0.0001842167712230172,1.087507168687494e-06,0.2,0.0004663728216323007,-0.0004663704897798518,1,1,-0.002331852448899259,0.002331852448899259,0,-0.002331852448899259,0.0002821560504092836,0.0002821560504092836,-0.002331852448899259,0.002331852448899259,2.331852448899259e-09,-0.002331852448899259,0,0.002331852448899259,0.0002821560504092836,-0.002331852448899259,0.0004663728216323007,-0.002331852448899259,-0.002331852448899259,0.002331852448899259,-0.002331852448899259,2.331852448899259e-09,1
88.8,-6.383794943766516e-05,-0.002278450606509769,-0.002278450606509769,0.0005195303491902254,0,0,5.191337166304732e-12,293.15,-2.278450606509769e-09,0.0005195303491902254,1.038267433260946e-06,0.2,0.0004556923997525603,-0.0004556901213019537,1,1,-0.002278450606509769,0.002278450606509769,0,-0.002278450606509769,-6.383794943766516e-05,-6.383794943766516e-05,-0.002278450606509769,0.002278450606509769,2.278450606509769e-09,-0.002278450606509769,0,0.002278450606509769,-6.383794943766516e-05,-0.002278450606509769,0.0004556923997525603,-0.002278450606509769,-0.002278450606509769,0.002278450606509769,-0.002278450606509769,2.278450606509769e-09,1
88.95,-0.000398189996712648,-0.002176708348958418,-0.002176708348958418,0.0008335338432126807,0,0,4.738059236425283e-12,293.15,-2.176708348958418e-09,0.0008335338432126807,9.476118472850568e-07,0.2,0.0004353438465000326,-0.0004353416697916837,1,1,-0.002176708348958418,0.002176708348958418,0,-0.002176708348958418,-0.000398189996712648,-0.000398189996712648,-0.002176708348958418,0.002176708348958418,2.176708348958418e-09,-0.002176708348958418,0,0.002176708348958418,-0.000398189996712648,-0.002176708348958418,0.0004353438465000326,-0.002176708348958418,-0.002176708348958418,0.002176708348958418,-0.002176708348958418,2.176708348958418e-09,1
89.09999999999999,-0.0007142715277287477,-0.002029962892424569,-0.002029962892424569,0.001120266136176554,0,0,4.120749344620722e-12,293.15,-2.029962892424569e-09,0.001120266136176554,8.241498689241444e-07,0.2,0.0004059946084478063,-0.0004059925784849138,1,1,-0.002029962892424569,0.002029962892424569,0,-0.002029962892424569,-0.0007142715277287477,-0.0007142715277287477,-0.002029962892424569,0.002029962892424569,2.029962892424569e-09,-0.002029962892424569,0,0.002029962892424569,-0.0007142715277287477,-0.002029962892424569,0.0004059946084478063,-0.002029962892424569,-0.002029962892424569,0.002029962892424569,-0.002029962892424569,2.029962892424569e-09,1
89.25,-0.001005596062176557,-0.001842322915515549,-0.001842322915515549,0.001374062487602583,0,0,3.394153725033712e-12,293.15,-1.842322915515549e-09,0.001374062487602583,6.788307450067424e-07,0.2,0.0003684664254260253,-0.0003684645831031098,1,1,-0.001842322915515549,0.001842322915515549,0,-0.001842322915515549,-0.001005596062176557,-0.001005596062176557,-0.001842322915515549,0.001842322915515549,1.842322915515549e-09,-0.001842322915515549,0,0.001842322915515549,-0.001005596062176557,-0.001842322915515549,0.0003684664254260253,-0.001842322915515549,-0.001842322915515549,0.001842322915515549,-0.001842322915515549,1.842322915515549e-09,1
89.40000000000001,-0.00126595404503808,-0.001619055151031197,-0.001619055151031197,0.001589766694299471,0,0,2.621339582080651e-12,293.15,-1.619055151031197e-09,0.001589766694299471,5.242679164161303e-07,0.2,0.0003238126492613904,-0.0003238110302062394,1,1,-0.001619055151031197,0.001619055151031197,0,-0.001619055151031197,-0.00126595404503808,-0.00126595404503808,-0.001619055151031197,0.001619055151031197,1.619055151031197e-09,-0.001619055151031197,0,0.001619055151031197,-0.00126595404503808,-0.001619055151031197,0.0003238126492613904,-0.001619055151031197,-0.001619055151031197,0.001619055151031197,-0.001619055151031197,1.619055151031197e-09,1
89.55,-0.00149008470641208,-0.001366447286454233,-0.001366447286454233,0.001763375530150213,0,0,1.867178186658136e-12,293.15,-1.366447286454233e-09,0.001763375530150213,3.734356373316273e-07,0.2,0.000273290823738133,-0.0002732894572908466,1,1,-0.001366447286454233,0.001366447286454233,0,-0.001366447286454233,-0.00149008470641208,-0.00149008470641208,-0.001366447286454233,0.001366447286454233,1.366447286454233e-09,-0.001366447286454233,0,0.001366447286454233,-0.00149008470641208,-0.001366447286454233,0.000273290823738133,-0.001366447286454233,-0.001366447286454233,0.001366447286454233,-0.001366447286454233,1.366447286454233e-09,1
89.7,-0.001674021941005358,-0.001091522859908583,-0.001091522859908583,0.001892327604509935,0,0,1.191422153703013e-12,293.15,-1.091522859908583e-09,0.001892327604509935,2.382844307406026e-07,0.2,0.0002183056635045766,-0.0002183045719817167,1,1,-0.001091522859908583,0.001091522859908583,0,-0.001091522859908583,-0.001674021941005358,-0.001674021941005358,-0.001091522859908583,0.001091522859908583,1.091522859908583e-09,-0.001091522859908583,0,0.001091522859908583,-0.001674021941005358,-0.001091522859908583,0.0002183056635045766,-0.001091522859908583,-0.001091522859908583,0.001091522859908583,-0.001091522859908583,1.091522859908583e-09,1
89.84999999999999,-0.001815693323195593,-0.0008009535431478631,-0.0008009535431478631,0.001975884832778709,0,0,6.415265782811158e-13,293.15,-8.009535431478631e-10,0.001975884832778709,1.283053156562232e-07,0.2,0.0001601915095831158,-0.0001601907086295726,1,1,-0.0008009535431478631,0.0008009535431478631,0,-0.0008009535431478631,-0.001815693323195593,-0.001815693323195593,-0.0008009535431478631,0.0008009535431478631,8.009535431478631e-10,-0.0008009535431478631,0,0.0008009535431478631,-0.001815693323195593,-0.0008009535431478631,0.0001601915095831158,-0.0008009535431478631,-0.0008009535431478631,0.0008009535431478631,-0.0008009535431478631,8.009535431478631e-10,1
90,-0.001913353737866637,-0.0005013508835747768,-0.0005013508835747768,0.002013624415932476,0,0,2.513527084612095e-13,293.15,-5.013508835747768e-10,0.002013624415932476,5.027054169224189e-08,0.2,0.000100270678065839,-0.0001002701767149554,1,1,-0.0005013508835747768,0.0005013508835747768,0,-0.0005013508835747768,-0.001913353737866637,-0.001913353737866637,-0.0005013508835747768,0.0005013508835747768,5.013508835747768e-10,-0.0005013508835747768,0,0.0005013508835747768,-0.001913353737866637,-0.0005013508835747768,0.000100270678065839,-0.0005013508835747768,-0.0005013508835747768,0.0005013508835747768,-0.0005013508835747768,5.013508835747768e-10,1
90.15000000000001,-0.001966158307540611,-0.000199254415132323,-0.000199254415132323,0.002006009389821491,0,0,3.970232194972409e-14,293.15,-1.99254415132323e-10,0.002006009389821491,7.94046438994482e-09,0.2,3.985108228087973e-05,-3.98508830264646e-05,1,1,-0.000199254415132323,0.000199254415132323,0,-0.000199254415132323,-0.001966158307540611,-0.001966158307540611,-0.000199254415132323,0.000199254415132323,1.99254415132323e-10,-0.000199254415132323,0,0.000199254415132323,-0.001966158307540611,-0.000199254415132323,3.985108228087973e-05,-0.000199254415132323,-0.000199254415132323,0.000199254415132323,-0.000199254415132323,1.99254415132323e-10,1
90.3,-0.001973842772896304,9.878276160185136e-05,9.878276160185136e-05,0.001954086121793172,0,0,9.758033989688199e-15,293.15,9.878276160185136e-11,0.001954086121793172,1.95160679793764e-09,0.2,-1.975665110313187e-05,1.975655232037027e-05,1,1,9.878276160185136e-05,-9.878276160185136e-05,0,9.878276160185136e-05,-0.001973842772896304,-0.001973842772896304,9.878276160185136e-05,-9.878276160185136e-05,-9.878276160185136e-11,9.878276160185136e-05,0,-9.878276160185136e-05,-0.001973842772896304,9.878276160185136e-05,-1.975665110313187e-05,9.878276160185136e-05,9.878276160185136e-05,-9.878276160185136e-05,9.878276160185136e-05,-9.878276160185136e-11,1
90.45,-0.001937068892307468,0.0003858459526717637,0.0003858459526717637,0.001859899315927163,0,0,1.488770991931809e-13,293.15,3.858459526717637e-10,0.001859899315927163,2.97754198386362e-08,0.2,-7.716957638030543e-05,7.716919053435276e-05,1,1,0.0003858459526717637,-0.0003858459526717637,0,0.0003858459526717637,-0.001937068892307468,-0.001937068892307468,0.0003858459526717637,-0.0003858459526717637,-3.858459526717637e-10,0.0003858459526717637,0,-0.0003858459526717637,-0.001937068892307468,0.0003858459526717637,-7.716957638030543e-05,0.0003858459526717637,0.0003858459526717637,-0.0003858459526717637,0.0003858459526717637,-3.858459526717637e-10,1
90.59999999999999,-0.001858127159012905,0.0006553352774657755,0.0006553352774657755,0.001727059448184472,0,0,4.294643258911449e-13,293.15,6.553352774657754e-10,0.001727059448184472,8.589286517822898e-08,0.2,-0.0001310677108284326,0.0001310670554931551,1,1,0.0006553352774657755,-0.0006553352774657755,0,0.0006553352774657755,-0.001858127159012905,-0.001858127159012905,0.0006553352774657755,-0.0006553352774657755,-6.553352774657754e-10,0.0006553352774657755,0,-0.0006553352774657755,-0.001858127159012905,0.0006553352774657755,-0.0001310677108284326,0.0006553352774657755,0.0006553352774657755,-0.0006553352774657755,0.0006553352774657755,-6.553352774657754e-10,1
90.75,-0.001740582462781554,0.0009017475386908019,0.0009017475386908019,0.001560232053295855,0,0,8.131486235349192e-13,293.15,9.017475386908018e-10,0.001560232053295855,1.626297247069839e-07,0.2,-0.0001803504094856991,0.0001803495077381604,1,1,0.0009017475386908019,-0.0009017475386908019,0,0.0009017475386908019,-0.001740582462781554,-0.001740582462781554,0.0009017475386908019,-0.0009017475386908019,-9.017475386908018e-10,0.0009017475386908019,0,-0.0009017475386908019,-0.001740582462781554,0.0009017475386908019,-0.0001803504094856991,0.0009017475386908019,0.0009017475386908019,-0.0009017475386908019,0.0009017475386908019,-9.017475386908018e-10,1
90.90000000000001,-0.001588530267615086,0.001120682581001085,0.001120682581001085,0.001364392630732288,0,0,1.255929447359253e-12,293.15,1.120682581001085e-09,0.001364392630732288,2.511858894718507e-07,0.2,-0.000224137636882798,0.000224136516200217,1,1,0.001120682581001085,-0.001120682581001085,0,0.001120682581001085,-0.001588530267615086,-0.001588530267615086,0.001120682581001085,-0.001120682581001085,-1.120682581001085e-09,0.001120682581001085,0,-0.001120682581001085,-0.001588530267615086,0.001120682581001085,-0.000224137636882798,0.001120682581001085,0.001120682581001085,-0.001120682581001085,0.001120682581001085,-1.120682581001085e-09,1
91.05,-0.00140617118952684,0.001308856823038287,0.001308856823038287,0.001144398516062359,0,0,1.713106183213877e-12,293.15,1.308856823038287e-09,0.001144398516062359,3.426212366427755e-07,0.2,-0.0002617726734644804,0.0002617713646076574,1,1,0.001308856823038287,-0.001308856823038287,0,0.001308856823038287,-0.00140617118952684,-0.00140617118952684,0.001308856823038287,-0.001308856823038287,-1.308856823038287e-09,0.001308856823038287,0,-0.001308856823038287,-0.00140617118952684,0.001308856823038287,-0.0002617726734644804,0.001308856823038287,0.001308856823038287,-0.001308856823038287,0.001308856823038287,-1.308856823038287e-09,1
91.2,-0.001198034587514052,0.001462901203933788,0.001462901203933788,0.0009054528838260902,0,0,2.140079932470926e-12,293.15,1.462901203933788e-09,0.0009054528838260902,4.280159864941852e-07,0.2,-0.0002925817036879615,0.0002925802407867576,1,1,0.001462901203933788,-0.001462901203933788,0,0.001462901203933788,-0.001198034587514052,-0.001198034587514052,0.001462901203933788,-0.001462901203933788,-1.462901203933788e-09,0.001462901203933788,0,-0.001462901203933788,-0.001198034587514052,0.001462901203933788,-0.0002925817036879615,0.001462901203933788,0.001462901203933788,-0.001462901203933788,0.001462901203933788,-1.462901203933788e-09,1
91.34999999999999,-0.0009694030371193789,0.001580168725627858,0.001580168725627858,0.0006533677118250817,0,0,2.496933201452369e-12,293.15,1.580168725627858e-09,0.0006533677118250817,4.993866402904738e-07,0.2,-0.0003160353252942972,0.0003160337451255716,1,1,0.001580168725627858,-0.001580168725627858,0,0.001580168725627858,-0.0009694030371193789,-0.0009694030371193789,0.001580168725627858,-0.001580168725627858,-1.580168725627858e-09,0.001580168725627858,0,-0.001580168725627858,-0.0009694030371193789,0.001580168725627858,-0.0003160353252942972,0.001580168725627858,0.001580168725627858,-0.001580168725627858,0.001580168725627858,-1.580168725627858e-09,1
91.5,-0.0007258929833013469,0.001658857534652493,0.001658857534652493,0.0003941198175133136,0,0,2.751808320273348e-12,293.15,1.658857534652493e-09,0.0003941198175133136,5.503616640546696e-07,0.2,-0.0003317731657880333,0.0003317715069304987,1,1,0.001658857534652493,-0.001658857534652493,0,0.001658857534652493,-0.0007258929833013469,-0.0007258929833013469,0.001658857534652493,-0.001658857534652493,-1.658857534652493e-09,0.001658857534652493,0,-0.001658857534652493,-0.0007258929833013469,0.001658857534652493,-0.0003317731657880333,0.001658857534652493,0.001658857534652493,-0.001658857534652493,0.001658857534652493,-1.658857534652493e-09,1
91.65000000000001,-0.0004735112870624366,0.001698135870919296,0.001698135870919296,0.0001338824147427064,0,0,2.883665436102836e-12,293.15,1.698135870919296e-09,0.0001338824147427064,5.767330872205673e-07,0.2,-0.0003396288723197301,0.0003396271741838592,1,1,0.001698135870919296,-0.001698135870919296,0,0.001698135870919296,-0.0004735112870624366,-0.0004735112870624366,0.001698135870919296,-0.001698135870919296,-1.698135870919296e-09,0.001698135870919296,0,-0.001698135870919296,-0.0004735112870624366,0.001698135870919296,-0.0003396288723197301,0.001698135870919296,0.001698135870919296,-0.001698135870919296,0.001698135870919296,-1.698135870919296e-09,1
91.8,-0.0002183679749246459,0.001698515630232737,0.001698515630232737,-0.0001213368496375318,0,0,2.884955346144913e-12,293.15,1.698515630232737e-09,-0.0001213368496375318,5.769910692289827e-07,0.2,-0.0003397048245621777,0.0003397031260465475,1,1,0.001698515630232737,-0.001698515630232737,0,0.001698515630232737,-0.0002183679749246459,-0.0002183679749246459,0.001698515630232737,-0.001698515630232737,-1.698515630232737e-09,0.001698515630232737,0,-0.001698515630232737,-0.0002183679749246459,0.001698515630232737,-0.0003397048245621777,0.001698515630232737,0.001698515630232737,-0.001698515630232737,0.001698515630232737,-1.698515630232737e-09,1
91.95,3.377166781630981e-05,0.001661518442436851,0.001661518442436851,-0.0003660770178221224,0,0,2.760643534557779e-12,293.15,1.661518442436851e-09,-0.0003660770178221224,5.521287069115558e-07,0.2,-0.0003323053500058126,0.0003323036884873702,1,1,0.001661518442436851,-0.001661518442436851,0,0.001661518442436851,3.377166781630981e-05,3.377166781630981e-05,0.001661518442436851,-0.001661518442436851,-1.661518442436851e-09,0.001661518442436851,0,-0.001661518442436851,3.377166781630981e-05,0.001661518442436851,-0.0003323053500058126,0.001661518442436851,0.001661518442436851,-0.001661518442436851,0.001661518442436851,-1.661518442436851e-09,1
92.09999999999999,0.0002775992964001256,0.001589234083838554,0.001589234083838554,-0.0005954477024019203,0,0,2.525664973234169e-12,293.15,1.589234083838554e-09,-0.0005954477024019203,5.051329946468338e-07,0.2,-0.0003178484060017947,0.0003178468167677109,1,1,0.001589234083838554,-0.001589234083838554,0,0.001589234083838554,0.0002775992964001256,0.0002775992964001256,0.001589234083838554,-0.001589234083838554,-1.589234083838554e-09,0.001589234083838554,0,-0.001589234083838554,0.0002775992964001256,0.001589234083838554,-0.0003178484060017947,0.001589234083838554,0.001589234083838554,-0.001589234083838554,0.001589234083838554,-1.589234083838554e-09,1
92.25,0.0005081741052489046,0.001484305336599452,0.001484305336599452,-0.0008050366568741316,0,0,2.203162332257613e-12,293.15,1.484305336599452e-09,-0.0008050366568741316,4.406324664515227e-07,0.2,-0.0002968625516252271,0.0002968610673198905,1,1,0.001484305336599452,-0.001484305336599452,0,0.001484305336599452,0.0005081741052489046,0.0005081741052489046,0.001484305336599452,-0.001484305336599452,-1.484305336599452e-09,0.001484305336599452,0,-0.001484305336599452,0.0005081741052489046,0.001484305336599452,-0.0002968625516252271,0.001484305336599452,0.001484305336599452,-0.001484305336599452,0.001484305336599452,-1.484305336599452e-09,1
92.40000000000001,0.0007209854423420436,0.001349710816619226,0.001349710816619226,-0.0009909289553767053,0,0,1.821719288498937e-12,293.15,1.349710816619226e-09,-0.0009909289553767053,3.643438576997875e-07,0.2,-0.0002699435130346618,0.0002699421633238452,1,1,0.001349710816619226,-0.001349710816619226,0,0.001349710816619226,0.0007209854423420436,0.0007209854423420436,0.001349710816619226,-0.001349710816619226,-1.349710816619226e-09,0.001349710816619226,0,-0.001349710816619226,0.0007209854423420436,0.001349710816619226,-0.0002699435130346618,0.001349710816619226,0.001349710816619226,-0.001349710816619226,0.001349710816619226,-1.349710816619226e-09,1
92.55,0.0009117322218661834,0.001188942730044506,0.001188942730044506,-0.001149521956817815,0,0,1.413584815325682e-12,293.15,1.188942730044506e-09,-0.001149521956817815,2.827169630651364e-07,0.2,-0.0002377897349516312,0.0002377885460089011,1,1,0.001188942730044506,-0.001188942730044506,0,0.001188942730044506,0.0009117322218661834,0.0009117322218661834,0.001188942730044506,-0.001188942730044506,-1.188942730044506e-09,0.001188942730044506,0,-0.001188942730044506,0.0009117322218661834,0.001188942730044506,-0.0002377897349516312,0.001188942730044506,0.001188942730044506,-0.001188942730044506,0.001188942730044506,-1.188942730044506e-09,1
92.7,0.001076629506046966,0.001006315514257372,0.001006315514257372,-0.001277893615213954,0,0,1.012670914235079e-12,293.15,1.006315514257372e-09,-0.001277893615213954,2.025341828470158e-07,0.2,-0.0002012641091669887,0.0002012631028514744,1,1,0.001006315514257372,-0.001006315514257372,0,0.001006315514257372,0.001076629506046966,0.001076629506046966,0.001006315514257372,-0.001006315514257372,-1.006315514257372e-09,0.001006315514257372,0,-0.001006315514257372,0.001076629506046966,0.001006315514257372,-0.0002012641091669887,0.001006315514257372,0.001006315514257372,-0.001006315514257372,0.001006315514257372,-1.006315514257372e-09,1
92.84999999999999,0.001212625828078359,0.0008067426721997869,0.0008067426721997869,-0.001373975169260988,0,0,6.508337391480528e-13,293.15,8.067426721997868e-10,-0.001373975169260988,1.301667478296106e-07,0.2,-0.0001613493411826296,0.0001613485344399574,1,1,0.0008067426721997869,-0.0008067426721997869,0,0.0008067426721997869,0.001212625828078359,0.001212625828078359,0.0008067426721997869,-0.0008067426721997869,-8.067426721997868e-10,0.0008067426721997869,0,-0.0008067426721997869,0.001212625828078359,0.0008067426721997869,-0.0001613493411826296,0.0008067426721997869,0.0008067426721997869,-0.0008067426721997869,0.0008067426721997869,-8.067426721997868e-10,1
93,0.001317630475083703,0.0005955747456560187,0.0005955747456560187,-0.001436746019789652,0,0,3.547092776632313e-13,293.15,5.955747456560186e-10,-0.001436746019789652,7.094185553264627e-08,0.2,-0.0001191155447059494,0.0001191149491312037,1,1,0.0005955747456560187,-0.0005955747456560187,0,0.0005955747456560187,0.001317630475083703,0.001317630475083703,0.0005955747456560187,-0.0005955747456560187,-5.955747456560186e-10,0.0005955747456560187,0,-0.0005955747456560187,0.001317630475083703,0.0005955747456560187,-0.0001191155447059494,0.0005955747456560187,0.0005955747456560187,-0.0005955747456560187,0.0005955747456560187,-5.955747456560186e-10,1
93.15000000000001,0.001390581018745208,0.000377866572935395,0.000377866572935395,-0.00146615471119886,0,0,1.427831469419402e-13,293.15,3.77866572935395e-10,-0.00146615471119886,2.855662938838804e-08,0.2,-7.557369245365194e-05,7.557331458707901e-05,1,1,0.000377866572935395,-0.000377866572935395,0,0.000377866572935395,0.001390581018745208,0.001390581018745208,0.000377866572935395,-0.000377866572935395,-3.77866572935395e-10,0.000377866572935395,0,-0.000377866572935395,0.001390581018745208,0.000377866572935395,-7.557369245365194e-05,0.000377866572935395,0.000377866572935395,-0.000377866572935395,0.000377866572935395,-3.77866572935395e-10,1
93.3,0.001430989525901842,0.000158218921927632,0.000158218921927632,-0.00146263346850629,0,0,2.503322725594211e-14,293.15,1.58218921927632e-10,-0.00146263346850629,5.006645451188423e-09,0.2,-3.164394260444833e-05,3.16437843855264e-05,1,1,0.000158218921927632,-0.000158218921927632,0,0.000158218921927632,0.001430989525901842,0.001430989525901842,0.000158218921927632,-0.000158218921927632,-1.58218921927632e-10,0.000158218921927632,0,-0.000158218921927632,0.001430989525901842,0.000158218921927632,-3.164394260444833e-05,0.000158218921927632,0.000158218921927632,-0.000158218921927632,0.000158218921927632,-1.58218921927632e-10,1
93.45,0.001438794713688565,-5.884670781759361e-05,-5.884670781759361e-05,-0.001427025313278339,0,0,3.462935020969233e-15,293.15,-5.88467078175936e-11,-0.001427025313278339,6.925870041938466e-10,0.2,1.176940041022654e-05,-1.176934156351872e-05,1,1,-5.884670781759361e-05,5.884670781759361e-05,0,-5.884670781759361e-05,0.001438794713688565,0.001438794713688565,-5.884670781759361e-05,5.884670781759361e-05,5.88467078175936e-11,-5.884670781759361e-05,0,5.884670781759361e-05,0.001438794713688565,-5.884670781759361e-05,1.176940041022654e-05,-5.884670781759361e-05,-5.884670781759361e-05,5.884670781759361e-05,-5.884670781759361e-05,5.88467078175936e-11,1
93.59999999999999,0.001414453920114782,-0.0002686945732789893,-0.0002686945732789893,-0.001360714736764411,0,0,7.219677370957813e-14,293.15,-2.686945732789893e-10,-0.001360714736764411,1.443935474191563e-08,0.2,5.373918335037114e-05,-5.373891465579786e-05,1,1,-0.0002686945732789893,0.0002686945732789893,0,-0.0002686945732789893,0.001414453920114782,0.001414453920114782,-0.0002686945732789893,0.0002686945732789893,2.686945732789893e-10,-0.0002686945732789893,0,0.0002686945732789893,0.001414453920114782,-0.0002686945732789893,5.373918335037114e-05,-0.0002686945732789893,-0.0002686945732789893,0.0002686945732789893,-0.0002686945732789893,2.686945732789893e-10,1
93.75,0.001359233627617298,-0.0004663074049414237,-0.0004663074049414237,-0.001265971680321609,0,0,2.174425959032049e-13,293.15,-4.663074049414237e-10,-0.001265971680321609,4.348851918064097e-08,0.2,9.326194729568969e-05,-9.326148098828474e-05,1,1,-0.0004663074049414237,0.0004663074049414237,0,-0.0004663074049414237,0.001359233627617298,0.001359233627617298,-0.0004663074049414237,0.0004663074049414237,4.663074049414237e-10,-0.0004663074049414237,0,0.0004663074049414237,0.001359233627617298,-0.0004663074049414237,9.326194729568969e-05,-0.0004663074049414237,-0.0004663074049414237,0.0004663074049414237,-0.0004663074049414237,4.663074049414237e-10,1
93.90000000000001,0.001275287030591318,-0.000647356947558739,-0.000647356947558739,-0.001145814993722623,0,0,4.190710175525679e-13,293.15,-6.473569475587389e-10,-0.001145814993722623,8.381420351051361e-08,0.2,0.0001294720368686954,-0.0001294713895117478,1,1,-0.000647356947558739,0.000647356947558739,0,-0.000647356947558739,0.001275287030591318,0.001275287030591318,-0.000647356947558739,0.000647356947558739,6.473569475587389e-10,-0.000647356947558739,0,0.000647356947558739,0.001275287030591318,-0.000647356947558739,0.0001294720368686954,-0.000647356947558739,-0.000647356947558739,0.000647356947558739,-0.000647356947558739,6.473569475587389e-10,1
94.05,0.001165582554794244,-0.000808363023359853,-0.000808363023359853,-0.00100390914175925,0,0,6.534507775354822e-13,293.15,-8.08363023359853e-10,-0.00100390914175925,1.306901555070965e-07,0.2,0.000161673413034994,-0.0001616726046719706,1,1,-0.000808363023359853,0.000808363023359853,0,-0.000808363023359853,0.001165582554794244,0.001165582554794244,-0.000808363023359853,0.000808363023359853,8.08363023359853e-10,-0.000808363023359853,0,0.000808363023359853,0.001165582554794244,-0.000808363023359853,0.000161673413034994,-0.000808363023359853,-0.000808363023359853,0.000808363023359853,-0.000808363023359853,8.08363023359853e-10,1
94.2,0.001033582558326373,-0.0009465779755433843,-0.0009465779755433843,-0.0008442660166397207,0,0,8.960098637838118e-13,293.15,-9.465779755433843e-10,-0.0008442660166397207,1.792019727567624e-07,0.2,0.0001893165416866524,-0.0001893155951086769,1,1,-0.0009465779755433843,0.0009465779755433843,0,-0.0009465779755433843,0.001033582558326373,0.001033582558326373,-0.0009465779755433843,0.0009465779755433843,9.465779755433843e-10,-0.0009465779755433843,0,0.0009465779755433843,0.001033582558326373,-0.0009465779755433843,0.0001893165416866524,-0.0009465779755433843,-0.0009465779755433843,0.0009465779755433843,-0.0009465779755433843,9.465779755433843e-10,1
94.34999999999999,0.0008830243310446989,-0.001060059410736096,-0.001060059410736096,-0.0006710113888380688,0,0,1.12372595429016e-12,293.15,-1.060059410736096e-09,-0.0006710113888380688,2.24745190858032e-07,0.2,0.00021201294220663,-0.0002120118821472193,1,1,-0.001060059410736096,0.001060059410736096,0,-0.001060059410736096,0.0008830243310446989,0.0008830243310446989,-0.001060059410736096,0.001060059410736096,1.060059410736096e-09,-0.001060059410736096,0,0.001060059410736096,0.0008830243310446989,-0.001060059410736096,0.00021201294220663,-0.001060059410736096,-0.001060059410736096,0.001060059410736096,-0.001060059410736096,1.060059410736096e-09,1
94.5,0.0007175687603803102,-0.001147214036183512,-0.001147214036183512,-0.0004881248059295716,0,0,1.316100044816465e-12,293.15,-1.147214036183512e-09,-0.0004881248059295716,2.63220008963293e-07,0.2,0.0002294439544507386,-0.0002294428072367025,1,1,-0.001147214036183512,0.001147214036183512,0,-0.001147214036183512,0.0007175687603803102,0.0007175687603803102,-0.001147214036183512,0.001147214036183512,1.147214036183512e-09,-0.001147214036183512,0,0.001147214036183512,0.0007175687603803102,-0.001147214036183512,0.0002294439544507386,-0.001147214036183512,-0.001147214036183512,0.001147214036183512,-0.001147214036183512,1.147214036183512e-09,1
94.65000000000001,0.0005410006750311494,-0.001206697234927306,-0.001206697234927306,-0.0002996600213484534,0,0,1.456118216781205e-12,293.15,-1.206697234927305e-09,-0.0002996600213484534,2.91223643356241e-07,0.2,0.000241340653682696,-0.0002413394469854611,1,1,-0.001206697234927306,0.001206697234927306,0,-0.001206697234927306,0.0005410006750311494,0.0005410006750311494,-0.001206697234927306,0.001206697234927306,1.206697234927305e-09,-0.001206697234927306,0,0.001206697234927306,0.0005410006750311494,-0.001206697234927306,0.000241340653682696,-0.001206697234927306,-0.001206697234927306,0.001206697234927306,-0.001206697234927306,1.206697234927305e-09,1
94.8,0.0003574050102802841,-0.001237710902832746,-0.001237710902832746,-0.0001098615920028321,0,0,1.53192827899105e-12,293.15,-1.237710902832745e-09,-0.0001098615920028321,3.063856557982101e-07,0.2,0.000247543418277452,-0.0002475421805665491,1,1,-0.001237710902832746,0.001237710902832746,0,-0.001237710902832746,0.0003574050102802841,0.0003574050102802841,-0.001237710902832746,0.001237710902832746,1.237710902832745e-09,-0.001237710902832746,0,0.001237710902832746,0.0003574050102802841,-0.001237710902832746,0.000247543418277452,-0.001237710902832746,-0.001237710902832746,0.001237710902832746,-0.001237710902832746,1.237710902832745e-09,1
94.95,0.0001711338896387348,-0.001240087289568047,-0.001240087289568047,7.688480836216423e-05,0,0,1.537816485748226e-12,293.15,-1.240087289568047e-09,7.688480836216423e-05,3.075632971496451e-07,0.2,0.000248018698000899,-0.0002480174579136094,1,1,-0.001240087289568047,0.001240087289568047,0,-0.001240087289568047,0.0001711338896387348,0.0001711338896387348,-0.001240087289568047,0.001240087289568047,1.240087289568047e-09,-0.001240087289568047,0,0.001240087289568047,0.0001711338896387348,-0.001240087289568047,0.000248018698000899,-0.001240087289568047,-0.001240087289568047,0.001240087289568047,-0.001240087289568047,1.240087289568047e-09,1
95.09999999999999,-1.330903427901621e-05,-0.001214710094228069,-0.001214710094228069,0.0002562522678347242,0,0,1.475520613019564e-12,293.15,-1.214710094228069e-09,0.0002562522678347242,2.951041226039128e-07,0.2,0.000242943233555708,-0.0002429420188456138,1,1,-0.001214710094228069,0.001214710094228069,0,-0.001214710094228069,-1.330903427901621e-05,-1.330903427901621e-05,-0.001214710094228069,0.001214710094228069,1.214710094228069e-09,-0.001214710094228069,0,0.001214710094228069,-1.330903427901621e-05,-0.001214710094228069,0.000242943233555708,-0.001214710094228069,-0.001214710094228069,0.001214710094228069,-0.001214710094228069,1.214710094228069e-09,1
95.25,-0.0001917548905961485,-0.001163338217001522,-0.001163338217001522,0.00042442369733467,0,0,1.353355807136281e-12,293.15,-1.163338217001522e-09,0.00042442369733467,2.706711614272562e-07,0.2,0.0002326688067385215,-0.0002326676434003045,1,1,-0.001163338217001522,0.001163338217001522,0,-0.001163338217001522,-0.0001917548905961485,-0.0001917548905961485,-0.001163338217001522,0.001163338217001522,1.163338217001522e-09,-0.001163338217001522,0,0.001163338217001522,-0.0001917548905961485,-0.001163338217001522,0.0002326688067385215,-0.001163338217001522,-0.001163338217001522,0.001163338217001522,-0.001163338217001522,1.163338217001522e-09,1
95.40000000000001,-0.0003605556535355369,-0.001088123829021292,-0.001088123829021292,0.0005781815074636244,0,0,1.184013467283958e-12,293.15,-1.088123829021292e-09,0.0005781815074636244,2.368026934567917e-07,0.2,0.0002176258539280875,-0.0002176247658042585,1,1,-0.001088123829021292,0.001088123829021292,0,-0.001088123829021292,-0.0003605556535355369,-0.0003605556535355369,-0.001088123829021292,0.001088123829021292,1.088123829021292e-09,-0.001088123829021292,0,0.001088123829021292,-0.0003605556535355369,-0.001088123829021292,0.0002176258539280875,-0.001088123829021292,-0.001088123829021292,0.001088123829021292,-0.001088123829021292,1.088123829021292e-09,1
95.55,-0.0005166134543498002,-0.0009914461369317255,-0.0009914461369317255,0.0007149036731822822,0,0,9.829654424368417e-13,293.15,-9.914461369317254e-10,0.0007149036731822822,1.965930884873684e-07,0.2,0.0001982902188324821,-0.0001982892273863451,1,1,-0.0009914461369317255,0.0009914461369317255,0,-0.0009914461369317255,-0.0005166134543498002,-0.0005166134543498002,-0.0009914461369317255,0.0009914461369317255,9.914461369317254e-10,-0.0009914461369317255,0,0.0009914461369317255,-0.0005166134543498002,-0.0009914461369317255,0.0001982902188324821,-0.0009914461369317255,-0.0009914461369317255,0.0009914461369317255,-0.0009914461369317255,9.914461369317254e-10,1
95.7,-0.0006571232278185676,-0.0008755127437218314,-0.0008755127437218314,0.0008322266520756777,0,0,7.665225644193291e-13,293.15,-8.755127437218314e-10,0.0008322266520756777,1.533045128838658e-07,0.2,0.00017510342425711,-0.0001751025487443663,1,1,-0.0008755127437218314,0.0008755127437218314,0,-0.0008755127437218314,-0.0006571232278185676,-0.0006571232278185676,-0.0008755127437218314,0.0008755127437218314,8.755127437218314e-10,-0.0008755127437218314,0,0.0008755127437218314,-0.0006571232278185676,-0.0008755127437218314,0.00017510342425711,-0.0008755127437218314,-0.0008755127437218314,0.0008755127437218314,-0.0008755127437218314,8.755127437218314e-10,1
95.84999999999999,-0.0007791716313832814,-0.000743060716721,-0.000743060716721,0.0009277845177881981,0,0,5.521392287339262e-13,293.15,-7.430607167209999e-10,0.0009277845177881981,1.104278457467852e-07,0.2,0.0001486128864049167,-0.0001486121433442,1,1,-0.000743060716721,0.000743060716721,0,-0.000743060716721,-0.0007791716313832814,-0.0007791716313832814,-0.000743060716721,0.000743060716721,7.430607167209999e-10,-0.000743060716721,0,0.000743060716721,-0.0007791716313832814,-0.000743060716721,0.0001486128864049167,-0.000743060716721,-0.000743060716721,0.000743060716721,-0.000743060716721,7.430607167209999e-10,1
96,-0.0008802619607419002,-0.0005978756796285053,-0.0005978756796285053,0.0009998376945432809,0,0,3.57455328291247e-13,293.15,-5.978756796285052e-10,0.0009998376945432809,7.149106565824942e-08,0.2,0.0001195757338013807,-0.0001195751359257011,1,1,-0.0005978756796285053,0.0005978756796285053,0,-0.0005978756796285053,-0.0008802619607419002,-0.0008802619607419002,-0.0005978756796285053,0.0005978756796285053,5.978756796285052e-10,-0.0005978756796285053,0,0.0005978756796285053,-0.0008802619607419002,-0.0005978756796285053,0.0001195757338013807,-0.0005978756796285053,-0.0005978756796285053,0.0005978756796285053,-0.0005978756796285053,5.978756796285052e-10,1
96.15000000000001,-0.0009584898337110361,-0.0004438586931788054,-0.0004438586931788054,0.00104726201620549,0,0,1.970105395103969e-13,293.15,-4.438586931788053e-10,0.00104726201620549,3.940210790207938e-08,0.2,8.877218249445426e-05,-8.877173863576108e-05,1,1,-0.0004438586931788054,0.0004438586931788054,0,-0.0004438586931788054,-0.0009584898337110361,-0.0009584898337110361,-0.0004438586931788054,0.0004438586931788054,4.438586931788053e-10,-0.0004438586931788054,0,0.0004438586931788054,-0.0009584898337110361,-0.0004438586931788054,8.877218249445426e-05,-0.0004438586931788054,-0.0004438586931788054,0.0004438586931788054,-0.0004438586931788054,4.438586931788053e-10,1
96.3,-0.001012825956497665,-0.0002849466248443659,-0.0002849466248443659,0.001069815566413163,0,0,8.119457901019581e-14,293.15,-2.849466248443659e-10,0.001069815566413163,1.623891580203916e-08,0.2,5.698960991549803e-05,-5.698932496887319e-05,1,1,-0.0002849466248443659,0.0002849466248443659,0,-0.0002849466248443659,-0.001012825956497665,-0.001012825956497665,-0.0002849466248443659,0.0002849466248443659,2.849466248443659e-10,-0.0002849466248443659,0,0.0002849466248443659,-0.001012825956497665,-0.0002849466248443659,5.698960991549803e-05,-0.0002849466248443659,-0.0002849466248443659,0.0002849466248443659,-0.0002849466248443659,2.849466248443659e-10,1
96.45,-0.001043295772671925,-0.0001244713203880922,-0.0001244713203880922,0.001068190161220864,0,0,1.549310959915509e-14,293.15,-1.244713203880922e-10,0.001068190161220864,3.098621919831018e-09,0.2,2.489438854893882e-05,-2.489426407761843e-05,1,1,-0.0001244713203880922,0.0001244713203880922,0,-0.0001244713203880922,-0.001043295772671925,-0.001043295772671925,-0.0001244713203880922,0.0001244713203880922,1.244713203880922e-10,-0.0001244713203880922,0,0.0001244713203880922,-0.001043295772671925,-0.0001244713203880922,2.489438854893882e-05,-0.0001244713203880922,-0.0001244713203880922,0.0001244713203880922,-0.0001244713203880922,1.244713203880922e-10,1
96.59999999999999,-0.001050119105264756,3.410564166323263e-05,3.410564166323263e-05,0.001043297942826468,0,0,1.16319479326083e-15,293.15,3.410564166323263e-11,0.001043297942826468,2.326389586521659e-10,0.2,-6.82116243828819e-06,6.821128332646526e-06,1,1,3.410564166323263e-05,-3.410564166323263e-05,0,3.410564166323263e-05,-0.001050119105264756,-0.001050119105264756,3.410564166323263e-05,-3.410564166323263e-05,-3.410564166323263e-11,3.410564166323263e-05,0,-3.410564166323263e-05,-0.001050119105264756,3.410564166323263e-05,-6.82116243828819e-06,3.410564166323263e-05,3.410564166323263e-05,-3.410564166323263e-05,3.410564166323263e-05,-3.410564166323263e-11,1
96.75,-0.001033777940645714,0.0001874167840455586,0.0001874167840455586,0.000996294396419818,0,0,3.512505094197954e-14,293.15,1.874167840455586e-10,0.000996294396419818,7.025010188395908e-09,0.2,-3.748354422589576e-05,3.748335680911172e-05,1,1,0.0001874167840455586,-0.0001874167840455586,0,0.0001874167840455586,-0.001033777940645714,-0.001033777940645714,0.0001874167840455586,-0.0001874167840455586,-1.874167840455586e-10,0.0001874167840455586,0,-0.0001874167840455586,-0.001033777940645714,0.0001874167840455586,-3.748354422589576e-05,0.0001874167840455586,0.0001874167840455586,-0.0001874167840455586,0.0001874167840455586,-1.874167840455586e-10,1
96.90000000000001,-0.0009950920794647962,0.0003321934806723777,0.0003321934806723777,0.00092865305113684,0,0,1.103525086012293e-13,293.15,3.321934806723776e-10,0.00092865305113684,2.207050172024587e-08,0.2,-6.643902832795621e-05,6.643869613447553e-05,1,1,0.0003321934806723777,-0.0003321934806723777,0,0.0003321934806723777,-0.0009950920794647962,-0.0009950920794647962,0.0003321934806723777,-0.0003321934806723777,-3.321934806723776e-10,0.0003321934806723777,0,-0.0003321934806723777,-0.0009950920794647962,0.0003321934806723777,-6.643902832795621e-05,0.0003321934806723777,0.0003321934806723777,-0.0003321934806723777,0.0003321934806723777,-3.321934806723776e-10,1
97.05,-0.0009352747445188061,0.0004653292042903798,0.0004653292042903798,0.0008422084383315259,0,0,2.16531268365518e-13,293.15,4.653292042903798e-10,0.0008422084383315259,4.330625367310361e-08,0.2,-9.306630618728025e-05,9.306584085807596e-05,1,1,0.0004653292042903798,-0.0004653292042903798,0,0.0004653292042903798,-0.0009352747445188061,-0.0009352747445188061,0.0004653292042903798,-0.0004653292042903798,-4.653292042903798e-10,0.0004653292042903798,0,-0.0004653292042903798,-0.0009352747445188061,0.0004653292042903798,-9.306630618728025e-05,0.0004653292042903798,0.0004653292042903798,-0.0004653292042903798,0.0004653292042903798,-4.653292042903798e-10,1
97.2,-0.0008564220142152153,0.0005842560401018613,0.0005842560401018613,0.0007395702219388029,0,0,3.413551203955077e-13,293.15,5.842560401018612e-10,0.0007395702219388029,6.827102407910155e-08,0.2,-0.0001168517922764124,0.0001168512080203723,1,1,0.0005842560401018613,-0.0005842560401018613,0,0.0005842560401018613,-0.0008564220142152153,-0.0008564220142152153,0.0005842560401018613,-0.0005842560401018613,-5.842560401018612e-10,0.0005842560401018613,0,-0.0005842560401018613,-0.0008564220142152153,0.0005842560401018613,-0.0001168517922764124,0.0005842560401018613,0.0005842560401018613,-0.0005842560401018613,0.0005842560401018613,-5.842560401018612e-10,1
97.34999999999999,-0.0007608162357403549,0.0006867190727949606,0.0006867190727949606,0.0006234717344622899,0,0,4.715830849403703e-13,293.15,6.867190727949605e-10,0.0006234717344622899,9.431661698807408e-08,0.2,-0.0001373445012780649,0.0001373438145589921,1,1,0.0006867190727949606,-0.0006867190727949606,0,0.0006867190727949606,-0.0007608162357403549,-0.0007608162357403549,0.0006867190727949606,-0.0006867190727949606,-6.867190727949605e-10,0.0006867190727949606,0,-0.0006867190727949606,-0.0007608162357403549,0.0006867190727949606,-0.0001373445012780649,0.0006867190727949606,0.0006867190727949606,-0.0006867190727949606,0.0006867190727949606,-6.867190727949605e-10,1
97.5,-0.0006511660040301752,0.0007709077428942438,0.0007709077428942438,0.0004969836845435835,0,0,5.942987480542974e-13,293.15,7.709077428942437e-10,0.0004969836845435835,1.188597496108595e-07,0.2,-0.0001541823194865917,0.0001541815485788488,1,1,0.0007709077428942438,-0.0007709077428942438,0,0.0007709077428942438,-0.0006511660040301752,-0.0006511660040301752,0.0007709077428942438,-0.0007709077428942438,-7.709077428942437e-10,0.0007709077428942438,0,-0.0007709077428942438,-0.0006511660040301752,0.0007709077428942438,-0.0001541823194865917,0.0007709077428942438,0.0007709077428942438,-0.0007709077428942438,0.0007709077428942438,-7.709077428942437e-10,1
97.65000000000001,-0.0005303406133356721,0.0008355213645687098,0.0008355213645687098,0.0003632355049005655,0,0,6.980959506507589e-13,293.15,8.355213645687098e-10,0.0003632355049005655,1.396191901301518e-07,0.2,-0.0001671051084351066,0.000167104272913742,1,1,0.0008355213645687098,-0.0008355213645687098,0,0.0008355213645687098,-0.0005303406133356721,-0.0005303406133356721,0.0008355213645687098,-0.0008355213645687098,-8.355213645687098e-10,0.0008355213645687098,0,-0.0008355213645687098,-0.0005303406133356721,0.0008355213645687098,-0.0001671051084351066,0.0008355213645687098,0.0008355213645687098,-0.0008355213645687098,0.0008355213645687098,-8.355213645687098e-10,1
97.8,-0.0004013421708785156,0.0008797140196326002,0.0008797140196326002,0.0002253984872379759,0,0,7.738967563381468e-13,293.15,8.797140196326002e-10,0.0002253984872379759,1.547793512676294e-07,0.2,-0.0001759436836405397,0.0001759428039265201,1,1,0.0008797140196326002,-0.0008797140196326002,0,0.0008797140196326002,-0.0004013421708785156,-0.0004013421708785156,0.0008797140196326002,-0.0008797140196326002,-8.797140196326002e-10,0.0008797140196326002,0,-0.0008797140196326002,-0.0004013421708785156,0.0008797140196326002,-0.0001759436836405397,0.0008797140196326002,0.0008797140196326002,-0.0008797140196326002,0.0008797140196326002,-8.797140196326002e-10,1
97.95,-0.0002673086243185386,0.0009031148264879415,0.0009031148264879415,8.668475590612381e-05,0,0,8.156163898223446e-13,293.15,9.031148264879414e-10,8.668475590612381e-05,1.631232779644689e-07,0.2,-0.0001806238684124148,0.0001806229652975883,1,1,0.0009031148264879415,-0.0009031148264879415,0,0.0009031148264879415,-0.0002673086243185386,-0.0002673086243185386,0.0009031148264879415,-0.0009031148264879415,-9.031148264879414e-10,0.0009031148264879415,0,-0.0009031148264879415,-0.0002673086243185386,0.0009031148264879415,-0.0001806238684124148,0.0009031148264879415,0.0009031148264879415,-0.0009031148264879415,0.0009031148264879415,-9.031148264879414e-10,1
98.09999999999999,-0.0001313301634100335,0.0009058291044914496,0.0009058291044914496,-4.983656331736095e-05,0,0,8.205263665437815e-13,293.15,9.058291044914496e-10,-4.983656331736095e-05,1.641052733087563e-07,0.2,-0.0001811667267273944,0.0001811658208982899,1,1,0.0009058291044914496,-0.0009058291044914496,0,0.0009058291044914496,-0.0001313301634100335,-0.0001313301634100335,0.0009058291044914496,-0.0009058291044914496,-9.058291044914496e-10,0.0009058291044914496,0,-0.0009058291044914496,-0.0001313301634100335,0.0009058291044914496,-0.0001811667267273944,0.0009058291044914496,0.0009058291044914496,-0.0009058291044914496,0.0009058291044914496,-9.058291044914496e-10,1
98.25,3.554132750794809e-06,0.000888401879621365,0.000888401879621365,-0.0001812353970769474,0,0,7.892578997147743e-13,293.15,8.88401879621365e-10,-0.0001812353970769474,1.578515799429549e-07,0.2,-0.0001776812643261526,0.000177680375924273,1,1,0.000888401879621365,-0.000888401879621365,0,0.000888401879621365,3.554132750794809e-06,3.554132750794809e-06,0.000888401879621365,-0.000888401879621365,-8.88401879621365e-10,0.000888401879621365,0,-0.000888401879621365,3.554132750794809e-06,0.000888401879621365,-0.0001776812643261526,0.000888401879621365,0.000888401879621365,-0.000888401879621365,0.000888401879621365,-8.88401879621365e-10,1
98.40000000000001,0.0001343437259156186,0.0008518273523179995,0.0008518273523179995,-0.0003047100482065708,0,0,7.256098381570932e-13,293.15,8.518273523179995e-10,-0.0003047100482065708,1.451219676314187e-07,0.2,-0.0001703663222909522,0.0001703654704635999,1,1,0.0008518273523179995,-0.0008518273523179995,0,0.0008518273523179995,0.0001343437259156186,0.0001343437259156186,0.0008518273523179995,-0.0008518273523179995,-8.518273523179995e-10,0.0008518273523179995,0,-0.0008518273523179995,0.0001343437259156186,0.0008518273523179995,-0.0001703663222909522,0.0008518273523179995,0.0008518273523179995,-0.0008518273523179995,0.0008518273523179995,-8.518273523179995e-10,1
98.55,0.000258278018251524,0.0007974830796980409,0.0007974830796980409,-0.0004177754316742119,0,0,6.359792624046718e-13,293.15,7.974830796980409e-10,-0.0004177754316742119,1.271958524809344e-07,0.2,-0.0001594974134226879,0.0001594966159396082,1,1,0.0007974830796980409,-0.0007974830796980409,0,0.0007974830796980409,0.000258278018251524,0.000258278018251524,0.0007974830796980409,-0.0007974830796980409,-7.974830796980409e-10,0.0007974830796980409,0,-0.0007974830796980409,0.000258278018251524,0.0007974830796980409,-0.0001594974134226879,0.0007974830796980409,0.0007974830796980409,-0.0007974830796980409,0.0007974830796980409,-7.974830796980409e-10,1
98.7,0.0003728124632730967,0.0007270951202846763,0.0007270951202846763,-0.0005182322144251522,0,0,5.286673139417879e-13,293.15,7.270951202846763e-10,-0.0005182322144251522,1.057334627883576e-07,0.2,-0.0001454197511520556,0.0001454190240569353,1,1,0.0007270951202846763,-0.0007270951202846763,0,0.0007270951202846763,0.0003728124632730967,0.0003728124632730967,0.0007270951202846763,-0.0007270951202846763,-7.270951202846763e-10,0.0007270951202846763,0,-0.0007270951202846763,0.0003728124632730967,0.0007270951202846763,-0.0001454197511520556,0.0007270951202846763,0.0007270951202846763,-0.0007270951202846763,0.0007270951202846763,-7.270951202846763e-10,1
98.84999999999999,0.0004756994949910008,0.0006427035794407374,0.0006427035794407374,-0.0006042408535827276,0,0,4.130678910259362e-13,293.15,6.427035794407374e-10,-0.0006042408535827276,8.261357820518724e-08,0.2,-0.0001285413585917269,0.0001285407158881475,1,1,0.0006427035794407374,-0.0006427035794407374,0,0.0006427035794407374,0.0004756994949910008,0.0004756994949910008,0.0006427035794407374,-0.0006427035794407374,-6.427035794407374e-10,0.0006427035794407374,0,-0.0006427035794407374,0.0004756994949910008,0.0006427035794407374,-0.0001285413585917269,0.0006427035794407374,0.0006427035794407374,-0.0006427035794407374,0.0006427035794407374,-6.427035794407374e-10,1
99,0.0005650100349087557,0.0005465930336187864,0.0005465930336187864,-0.0006743291882255466,0,0,2.987639444005877e-13,293.15,5.465930336187864e-10,-0.0006743291882255466,5.975278888011756e-08,0.2,-0.0001093191533167909,0.0001093186067237573,1,1,0.0005465930336187864,-0.0005465930336187864,0,0.0005465930336187864,0.0005650100349087557,0.0005650100349087557,0.0005465930336187864,-0.0005465930336187864,-5.465930336187864e-10,0.0005465930336187864,0,-0.0005465930336187864,0.0005650100349087557,0.0005465930336187864,-0.0001093191533167909,0.0005465930336187864,0.0005465930336187864,-0.0005465930336187864,0.0005465930336187864,-5.465930336187864e-10,1
99.15000000000001,0.0006391740558102903,0.0004412341411359661,0.0004412341411359661,-0.0007274213252716246,0,0,1.946875673039936e-13,293.15,4.412341411359661e-10,-0.0007274213252716246,3.893751346079873e-08,0.2,-8.824726946133435e-05,8.824682822719322e-05,1,1,0.0004412341411359661,-0.0004412341411359661,0,0.0004412341411359661,0.0006391740558102903,0.0006391740558102903,0.0004412341411359661,-0.0004412341411359661,-4.412341411359661e-10,0.0004412341411359661,0,-0.0004412341411359661,0.0006391740558102903,0.0004412341411359661,-8.824726946133435e-05,0.0004412341411359661,0.0004412341411359661,-0.0004412341411359661,0.0004412341411359661,-4.412341411359661e-10,1
99.3,0.0006970086025008245,0.0003292338074334093,0.0003292338074334093,-0.0007628556932213138,0,0,1.083948999570992e-13,293.15,3.292338074334093e-10,-0.0007628556932213138,2.167897999141985e-08,0.2,-6.58470907204893e-05,6.584676148668186e-05,1,1,0.0003292338074334093,-0.0003292338074334093,0,0.0003292338074334093,0.0006970086025008245,0.0006970086025008245,0.0003292338074334093,-0.0003292338074334093,-3.292338074334093e-10,0.0003292338074334093,0,-0.0003292338074334093,0.0006970086025008245,0.0003292338074334093,-6.58470907204893e-05,0.0003292338074334093,0.0003292338074334093,-0.0003292338074334093,0.0003292338074334093,-3.292338074334093e-10,1
99.45,0.0007377146605692704,0.0002132647426299131,0.0002132647426299131,-0.0007803678223599957,0,0,4.548185044900307e-14,293.15,2.132647426299131e-10,-0.0007803678223599957,9.096370089800615e-09,0.2,-4.265316179072525e-05,4.265294852598262e-05,1,1,0.0002132647426299131,-0.0002132647426299131,0,0.0002132647426299131,0.0007377146605692704,0.0007377146605692704,0.0002132647426299131,-0.0002132647426299131,-2.132647426299131e-10,0.0002132647426299131,0,-0.0002132647426299131,0.0007377146605692704,0.0002132647426299131,-4.265316179072525e-05,0.0002132647426299131,0.0002132647426299131,-0.0002132647426299131,0.0002132647426299131,-2.132647426299131e-10,1
99.59999999999999,0.0007608945010681089,9.60089172103927e-05,9.60089172103927e-05,-0.0007800963805191047,0,0,9.217712183912039e-15,293.15,9.600891721039269e-11,-0.0007800963805191047,1.843542436782408e-09,0.2,-1.920187945099575e-05,1.920178344207854e-05,1,1,9.60089172103927e-05,-9.60089172103927e-05,0,9.60089172103927e-05,0.0007608945010681089,0.0007608945010681089,9.60089172103927e-05,-9.60089172103927e-05,-9.600891721039269e-11,9.60089172103927e-05,0,-9.60089172103927e-05,0.0007608945010681089,9.60089172103927e-05,-1.920187945099575e-05,9.60089172103927e-05,9.60089172103927e-05,-9.60089172103927e-05,9.60089172103927e-05,-9.600891721039269e-11,1
99.75,0.0007665552368614011,-1.99014249430339e-05,-1.99014249430339e-05,-0.0007625749319713693,0,0,3.960667147632118e-16,293.15,-1.99014249430339e-11,-0.0007625749319713693,7.921334295264236e-11,0.2,3.980304890031723e-06,-3.98028498860678e-06,1,1,-1.99014249430339e-05,1.99014249430339e-05,0,-1.99014249430339e-05,0.0007665552368614011,0.0007665552368614011,-1.99014249430339e-05,1.99014249430339e-05,1.99014249430339e-11,-1.99014249430339e-05,0,1.99014249430339e-05,0.0007665552368614011,-1.99014249430339e-05,3.980304890031723e-06,-1.99014249430339e-05,-1.99014249430339e-05,1.99014249430339e-05,-1.99014249430339e-05,1.99014249430339e-11,1
99.90000000000001,0.000755088965648361,-0.0001319419839258386,-0.0001319419839258386,-0.0007287004369212093,0,0,1.740868712228627e-14,293.15,-1.319419839258387e-10,-0.0007287004369212093,3.481737424457253e-09,0.2,2.638852872715166e-05,-2.638839678516773e-05,1,1,-0.0001319419839258386,0.0001319419839258386,0,-0.0001319419839258386,0.000755088965648361,0.000755088965648361,-0.0001319419839258386,0.0001319419839258386,1.319419839258387e-10,-0.0001319419839258386,0,0.0001319419839258386,0.000755088965648361,-0.0001319419839258386,2.638852872715166e-05,-0.0001319419839258386,-0.0001319419839258386,0.0001319419839258386,-0.0001319419839258386,1.319419839258387e-10,1
100.05,0.0007272523685599893,-0.0002377468754383353,-0.0002377468754383353,-0.0006797027557254469,0,0,5.652357678069131e-14,293.15,-2.377468754383353e-10,-0.0006797027557254469,1.130471535613826e-08,0.2,4.754961283454249e-05,-4.754937508766706e-05,1,1,-0.0002377468754383353,0.0002377468754383353,0,-0.0002377468754383353,0.0007272523685599893,0.0007272523685599893,-0.0002377468754383353,0.0002377468754383353,2.377468754383353e-10,-0.0002377468754383353,0,0.0002377468754383353,0.0007272523685599893,-0.0002377468754383353,4.754961283454249e-05,-0.0002377468754383353,-0.0002377468754383353,0.0002377468754383353,-0.0002377468754383353,2.377468754383353e-10,1
100.2,0.0006841505240531579,-0.0003351601766322531,-0.0003351601766322531,-0.0006171181535665306,0,0,1.123323440001631e-13,293.15,-3.351601766322531e-10,-0.0006171181535665306,2.246646880003262e-08,0.2,6.703237048662725e-05,-6.703203532645062e-05,1,1,-0.0003351601766322531,0.0003351601766322531,0,-0.0003351601766322531,0.0006841505240531579,0.0006841505240531579,-0.0003351601766322531,0.0003351601766322531,3.351601766322531e-10,-0.0003351601766322531,0,0.0003351601766322531,0.0006841505240531579,-0.0003351601766322531,6.703237048662725e-05,-0.0003351601766322531,-0.0003351601766322531,0.0003351601766322531,-0.0003351601766322531,3.351601766322531e-10,1
100.35,0.0006271893255359169,-0.0004222757796548167,-0.0004222757796548167,-0.0005427337473291739,0,0,1.783168340830833e-13,293.15,-4.222757796548166e-10,-0.0005427337473291739,3.566336681661666e-08,0.2,8.445557820674299e-05,-8.445515593096334e-05,1,1,-0.0004222757796548167,0.0004222757796548167,0,-0.0004222757796548167,0.0006271893255359169,0.0006271893255359169,-0.0004222757796548167,0.0004222757796548167,4.222757796548166e-10,-0.0004222757796548167,0,0.0004222757796548167,0.0006271893255359169,-0.0004222757796548167,8.445557820674299e-05,-0.0004222757796548167,-0.0004222757796548167,0.0004222757796548167,-0.0004222757796548167,4.222757796548166e-10,1
100.5,0.0005580370268651194,-0.0004974687605009435,-0.0004974687605009435,-0.0004585427772961702,0,0,2.474751676743451e-13,293.15,-4.974687605009435e-10,-0.0004585427772961702,4.949503353486902e-08,0.2,9.949424956894921e-05,-9.949375210018871e-05,1,1,-0.0004974687605009435,0.0004974687605009435,0,-0.0004974687605009435,0.0005580370268651194,0.0005580370268651194,-0.0004974687605009435,0.0004974687605009435,4.974687605009435e-10,-0.0004974687605009435,0,0.0004974687605009435,0.0005580370268651194,-0.0004974687605009435,9.949424956894921e-05,-0.0004974687605009435,-0.0004974687605009435,0.0004974687605009435,-0.0004974687605009435,4.974687605009435e-10,1
100.65,0.0004785868857646461,-0.0005594303648385848,-0.0005594303648385848,-0.0003667002533665644,0,0,3.12962333103432e-13,293.15,-5.594303648385848e-10,-0.0003667002533665644,6.259246662068641e-08,0.2,0.0001118866323980818,-0.000111886072967717,1,1,-0.0005594303648385848,0.0005594303648385848,0,-0.0005594303648385848,0.0004785868857646461,0.0004785868857646461,-0.0005594303648385848,0.0005594303648385848,5.594303648385848e-10,-0.0005594303648385848,0,0.0005594303648385848,0.0004785868857646461,-0.0005594303648385848,0.0001118866323980818,-0.0005594303648385848,-0.0005594303648385848,0.0005594303648385848,-0.0005594303648385848,5.594303648385848e-10,1
100.8,0.0003909010052001586,-0.0006071828213354697,-0.0006071828213354697,-0.0002694638337502433,0,0,3.686709785249009e-13,293.15,-6.071828213354697e-10,-0.0002694638337502433,7.37341957049802e-08,0.2,0.0001214371714499153,-0.000121436564267094,1,1,-0.0006071828213354697,0.0006071828213354697,0,-0.0006071828213354697,0.0003909010052001586,0.0003909010052001586,-0.0006071828213354697,0.0006071828213354697,6.071828213354697e-10,-0.0006071828213354697,0,0.0006071828213354697,0.0003909010052001586,-0.0006071828213354697,0.0001214371714499153,-0.0006071828213354697,-0.0006071828213354697,0.0006071828213354697,-0.0006071828213354697,6.071828213354697e-10,1
100.95,0.0002971614532072995,-0.0006400874487314263,-0.0006400874487314263,-0.0001691433233735655,0,0,4.097119420235062e-13,293.15,-6.400874487314262e-10,-0.0001691433233735655,8.194238840470126e-08,0.2,0.000128018129833734,-0.0001280174897462853,1,1,-0.0006400874487314263,0.0006400874487314263,0,-0.0006400874487314263,0.0002971614532072995,0.0002971614532072995,-0.0006400874487314263,0.0006400874487314263,6.400874487314262e-10,-0.0006400874487314263,0,0.0006400874487314263,0.0002971614532072995,-0.0006400874487314263,0.000128018129833734,-0.0006400874487314263,-0.0006400874487314263,0.0006400874487314263,-0.0006400874487314263,6.400874487314262e-10,1
101.1,0.0001996220556463788,-0.0006578570274328278,-0.0006578570274328278,-6.804999230278582e-05,0,0,4.327758685427563e-13,293.15,-6.578570274328277e-10,-6.804999230278582e-05,8.655517370855127e-08,0.2,0.000131572063343593,-0.0001315714054865656,1,1,-0.0006578570274328278,0.0006578570274328278,0,-0.0006578570274328278,0.0001996220556463788,0.0001996220556463788,-0.0006578570274328278,0.0006578570274328278,6.578570274328277e-10,-0.0006578570274328278,0,0.0006578570274328278,0.0001996220556463788,-0.0006578570274328278,0.000131572063343593,-0.0006578570274328278,-0.0006578570274328278,0.0006578570274328278,-0.0006578570274328278,6.578570274328277e-10,1
101.25,0.0001005529959877851,-0.0006605480398218291,-0.0006605480398218291,3.155727252462053e-05,0,0,4.363237129124606e-13,293.15,-6.60548039821829e-10,3.155727252462053e-05,8.726474258249214e-08,0.2,0.0001321102685124056,-0.0001321096079643658,1,1,-0.0006605480398218291,0.0006605480398218291,0,-0.0006605480398218291,0.0001005529959877851,0.0001005529959877851,-0.0006605480398218291,0.0006605480398218291,6.60548039821829e-10,-0.0006605480398218291,0,0.0006605480398218291,0.0001005529959877851,-0.0006605480398218291,0.0001321102685124056,-0.0006605480398218291,-0.0006605480398218291,0.0006605480398218291,-0.0006605480398218291,6.60548039821829e-10,1
101.4,2.191086412159201e-06,-0.0006485443927364887,-0.0006485443927364887,0.0001275184406795312,0,0,4.206098293499409e-13,293.15,-6.485443927364887e-10,0.0001275184406795312,8.412196586998817e-08,0.2,0.0001297095270916905,-0.0001297088785472977,1,1,-0.0006485443927364887,0.0006485443927364887,0,-0.0006485443927364887,2.191086412159201e-06,2.191086412159201e-06,-0.0006485443927364887,0.0006485443927364887,6.485443927364887e-10,-0.0006485443927364887,0,0.0006485443927364887,2.191086412159201e-06,-0.0006485443927364887,0.0001297095270916905,-0.0006485443927364887,-0.0006485443927364887,0.0006485443927364887,-0.0006485443927364887,6.485443927364887e-10,1
101.55,-9.330762017547179e-05,-0.0006225469189134867,-0.0006225469189134867,0.000217817626505088,0,0,3.875646662486754e-13,293.15,-6.225469189134867e-10,0.000217817626505088,7.751293324973509e-08,0.2,0.0001245100063296163,-0.0001245093837826974,1,1,-0.0006225469189134867,0.0006225469189134867,0,-0.0006225469189134867,-9.330762017547179e-05,-9.330762017547179e-05,-0.0006225469189134867,0.0006225469189134867,6.225469189134867e-10,-0.0006225469189134867,0,0.0006225469189134867,-9.330762017547179e-05,-0.0006225469189134867,0.0001245100063296163,-0.0006225469189134867,-0.0006225469189134867,0.0006225469189134867,-0.0006225469189134867,6.225469189134867e-10,1
101.7,-0.0001839160308312512,-0.0005835472978659591,-0.0005835472978659591,0.0003006260739517409,0,0,3.405274488466624e-13,293.15,-5.835472978659591e-10,0.0003006260739517409,6.81054897693325e-08,0.2,0.0001167100431204897,-0.0001167094595731918,1,1,-0.0005835472978659591,0.0005835472978659591,0,-0.0005835472978659591,-0.0001839160308312512,-0.0001839160308312512,-0.0005835472978659591,0.0005835472978659591,5.835472978659591e-10,-0.0005835472978659591,0,0.0005835472978659591,-0.0001839160308312512,-0.0005835472978659591,0.0001167100431204897,-0.0005835472978659591,-0.0005835472978659591,0.0005835472978659591,-0.0005835472978659591,5.835472978659591e-10,1
101.85,-0.0002677736462436144,-0.0005327909431673113,-0.0005327909431673113,0.0003743323676680198,0,0,2.838661891211132e-13,293.15,-5.327909431673113e-10,0.0003743323676680198,5.677323782422263e-08,0.2,0.0001065587214244054,-0.0001065581886334623,1,1,-0.0005327909431673113,0.0005327909431673113,0,-0.0005327909431673113,-0.0002677736462436144,-0.0002677736462436144,-0.0005327909431673113,0.0005327909431673113,5.327909431673113e-10,-0.0005327909431673113,0,0.0005327909431673113,-0.0002677736462436144,-0.0005327909431673113,0.0001065587214244054,-0.0005327909431673113,-0.0005327909431673113,0.0005327909431673113,-0.0005327909431673113,5.327909431673113e-10,1
102,-0.000343223905597314,-0.0004717485126544063,-0.0004717485126544063,0.0004375740798767079,0,0,2.225466591916445e-13,293.15,-4.717485126544063e-10,0.0004375740798767079,4.450933183832891e-08,0.2,9.435017427939391e-05,-9.434970253088126e-05,1,1,-0.0004717485126544063,0.0004717485126544063,0,-0.0004717485126544063,-0.000343223905597314,-0.000343223905597314,-0.0004717485126544063,0.0004717485126544063,4.717485126544063e-10,-0.0004717485126544063,0,0.0004717485126544063,-0.000343223905597314,-0.0004717485126544063,9.435017427939391e-05,-0.0004717485126544063,-0.0004717485126544063,0.0004717485126544063,-0.0004717485126544063,4.717485126544063e-10,1
102.15,-0.0004088489257251479,-0.0004020772348203237,-0.0004020772348203237,0.0004892647747664474,0,0,1.616661027607577e-13,293.15,-4.020772348203237e-10,0.0004892647747664474,3.233322055215154e-08,0.2,8.041584904129956e-05,-8.041544696406474e-05,1,1,-0.0004020772348203237,0.0004020772348203237,0,-0.0004020772348203237,-0.0004088489257251479,-0.0004088489257251479,-0.0004020772348203237,0.0004020772348203237,4.020772348203237e-10,-0.0004020772348203237,0,0.0004020772348203237,-0.0004088489257251479,-0.0004020772348203237,8.041584904129956e-05,-0.0004020772348203237,-0.0004020772348203237,0.0004020772348203237,-0.0004020772348203237,4.020772348203237e-10,1
102.3,-0.0004634865064269221,-0.0003255722796528404,-0.0003255722796528404,0.0005286012879297699,0,0,1.059973092783473e-13,293.15,-3.255722796528404e-10,0.0005286012879297699,2.119946185566947e-08,0.2,6.511478150284775e-05,-6.511445593056809e-05,1,1,-0.0003255722796528404,0.0003255722796528404,0,-0.0003255722796528404,-0.0004634865064269221,-0.0004634865064269221,-0.0003255722796528404,0.0003255722796528404,3.255722796528404e-10,-0.0003255722796528404,0,0.0003255722796528404,-0.0004634865064269221,-0.0003255722796528404,6.511478150284775e-05,-0.0003255722796528404,-0.0003255722796528404,0.0003255722796528404,-0.0003255722796528404,3.255722796528404e-10,1
102.45,-0.0005062508223488758,-0.0002441281235864539,-0.0002441281235864539,0.0005550766911942902,0,0,5.95985407258429e-14,293.15,-2.441281235864539e-10,0.0005550766911942902,1.191970814516858e-08,0.2,4.882586884541437e-05,-4.882562471729078e-05,1,1,-0.0002441281235864539,0.0002441281235864539,0,-0.0002441281235864539,-0.0005062508223488758,-0.0005062508223488758,-0.0002441281235864539,0.0002441281235864539,2.441281235864539e-10,-0.0002441281235864539,0,0.0002441281235864539,-0.0005062508223488758,-0.0002441281235864539,4.882586884541437e-05,-0.0002441281235864539,-0.0002441281235864539,0.0002441281235864539,-0.0002441281235864539,2.441281235864539e-10,1
102.6,-0.000536551190710648,-0.0001596941114922496,-0.0001596941114922496,0.0005684901727032094,0,0,2.550220924529904e-14,293.15,-1.596941114922496e-10,0.0005684901727032094,5.100441849059809e-09,0.2,3.193898199256141e-05,-3.193882229844992e-05,1,1,-0.0001596941114922496,0.0001596941114922496,0,-0.0001596941114922496,-0.000536551190710648,-0.000536551190710648,-0.0001596941114922496,0.0001596941114922496,1.596941114922496e-10,-0.0001596941114922496,0,0.0001596941114922496,-0.000536551190710648,-0.0001596941114922496,3.193898199256141e-05,-0.0001596941114922496,-0.0001596941114922496,0.0001596941114922496,-0.0001596941114922496,1.596941114922496e-10,1
102.75,-0.0005540845260195,-7.422574114789082e-05,-7.422574114789082e-05,0.0005689297484748194,0,0,5.509460648953693e-15,293.15,-7.422574114789082e-11,0.0005689297484748194,1.101892129790739e-09,0.2,1.484522245531931e-05,-1.484514822957817e-05,1,1,-7.422574114789082e-05,7.422574114789082e-05,0,-7.422574114789082e-05,-0.0005540845260195,-0.0005540845260195,-7.422574114789082e-05,7.422574114789082e-05,7.422574114789082e-11,-7.422574114789082e-05,0,7.422574114789082e-05,-0.0005540845260195,-7.422574114789082e-05,1.484522245531931e-05,-7.422574114789082e-05,-7.422574114789082e-05,7.422574114789082e-05,-7.422574114789082e-05,7.422574114789082e-11,1
102.9,-0.0005588379846557393,1.03548935879464e-05,1.03548935879464e-05,0.0005567669955832564,0,0,1.072238212176935e-16,293.15,1.03548935879464e-11,0.0005567669955832564,2.144476424353871e-11,0.2,-2.070989072482869e-06,2.070978717589281e-06,1,1,1.03548935879464e-05,-1.03548935879464e-05,0,1.03548935879464e-05,-0.0005588379846557393,-0.0005588379846557393,1.03548935879464e-05,-1.03548935879464e-05,-1.03548935879464e-11,1.03548935879464e-05,0,-1.03548935879464e-05,-0.0005588379846557393,1.03548935879464e-05,-2.070989072482869e-06,1.03548935879464e-05,1.03548935879464e-05,-1.03548935879464e-05,1.03548935879464e-05,-1.03548935879464e-11,1
103.05,-0.000551089120435533,9.220327983317528e-05,9.220327983317528e-05,0.0005326483722656181,0,0,8.501444811994826e-15,293.15,9.220327983317527e-11,0.0005326483722656181,1.700288962398966e-09,0.2,-1.844074816991489e-05,1.844065596663506e-05,1,1,9.220327983317528e-05,-9.220327983317528e-05,0,9.220327983317528e-05,-0.000551089120435533,-0.000551089120435533,9.220327983317528e-05,-9.220327983317528e-05,-9.220327983317527e-11,9.220327983317528e-05,0,-9.220327983317528e-05,-0.000551089120435533,9.220327983317528e-05,-1.844074816991489e-05,9.220327983317528e-05,9.220327983317528e-05,-9.220327983317528e-05,9.220327983317528e-05,-9.220327983317527e-11,1
103.2,-0.0005313776754476873,0.0001695897154225356,0.0001695897154225356,0.0004974595627734648,0,0,2.876067157709662e-14,293.15,1.695897154225356e-10,0.0004974595627734648,5.752134315419325e-09,0.2,-3.391811267422255e-05,3.391794308450713e-05,1,1,0.0001695897154225356,-0.0001695897154225356,0,0.0001695897154225356,-0.0005313776754476873,-0.0005313776754476873,0.0001695897154225356,-0.0001695897154225356,-1.695897154225356e-10,0.0001695897154225356,0,-0.0001695897154225356,-0.0005313776754476873,0.0001695897154225356,-3.391811267422255e-05,0.0001695897154225356,0.0001695897154225356,-0.0001695897154225356,0.0001695897154225356,-1.695897154225356e-10,1
103.35,-0.0005004914717949662,0.0002409325658034232,0.0002409325658034232,0.0004523047177017158,0,0,5.804850126462084e-14,293.15,2.409325658034232e-10,0.0004523047177017158,1.160970025292417e-08,0.2,-4.818675409325045e-05,4.818651316068464e-05,1,1,0.0002409325658034232,-0.0002409325658034232,0,0.0002409325658034232,-0.0005004914717949662,-0.0005004914717949662,0.0002409325658034232,-0.0002409325658034232,-2.409325658034232e-10,0.0002409325658034232,0,-0.0002409325658034232,-0.0005004914717949662,0.0002409325658034232,-4.818675409325045e-05,0.0002409325658034232,0.0002409325658034232,-0.0002409325658034232,0.0002409325658034232,-2.409325658034232e-10,1
103.5,-0.0004594481990674369,0.0003048343352758974,0.0003048343352758974,0.0003984810271779221,0,0,9.29239719630982e-14,293.15,3.048343352758974e-10,0.0003984810271779221,1.858479439261964e-08,0.2,-6.096717188951475e-05,6.096686705517947e-05,1,1,0.0003048343352758974,-0.0003048343352758974,0,0.0003048343352758974,-0.0004594481990674369,-0.0004594481990674369,0.0003048343352758974,-0.0003048343352758974,-3.048343352758974e-10,0.0003048343352758974,0,-0.0003048343352758974,-0.0004594481990674369,0.0003048343352758974,-6.096717188951475e-05,0.0003048343352758974,0.0003048343352758974,-0.0003048343352758974,0.0003048343352758974,-3.048343352758974e-10,1
103.65,-0.0004094551424341416,0.0003601012292915349,0.0003601012292915349,0.0003374345364746054,0,0,1.296728953372745e-13,293.15,3.601012292915348e-10,0.0003374345364746054,2.593457906745491e-08,0.2,-7.202060595953626e-05,7.202024585830697e-05,1,1,0.0003601012292915349,-0.0003601012292915349,0,0.0003601012292915349,-0.0004094551424341416,-0.0004094551424341416,0.0003601012292915349,-0.0003601012292915349,-3.601012292915348e-10,0.0003601012292915349,0,-0.0003601012292915349,-0.0004094551424341416,0.0003601012292915349,-7.202060595953626e-05,0.0003601012292915349,0.0003601012292915349,-0.0003601012292915349,0.0003601012292915349,-3.601012292915348e-10,1
103.8,-0.0003518817224192206,0.0004057638617177488,0.0004057638617177488,0.0002707285443118091,0,0,1.646443114761004e-13,293.15,4.057638617177488e-10,0.0002707285443118091,3.292886229522008e-08,0.2,-8.115317810741148e-05,8.115277234354976e-05,1,1,0.0004057638617177488,-0.0004057638617177488,0,0.0004057638617177488,-0.0003518817224192206,-0.0003518817224192206,0.0004057638617177488,-0.0004057638617177488,-4.057638617177488e-10,0.0004057638617177488,0,-0.0004057638617177488,-0.0003518817224192206,0.0004057638617177488,-8.115317810741148e-05,0.0004057638617177488,0.0004057638617177488,-0.0004057638617177488,0.0004057638617177488,-4.057638617177488e-10,1
103.95,-0.0002882282966418079,0.0004410990488191698,0.0004410990488191698,0.0002000080457789251,0,0,1.945683708691764e-13,293.15,4.410990488191698e-10,0.0002000080457789251,3.891367417383527e-08,0.2,-8.822025086288279e-05,8.821980976383397e-05,1,1,0.0004410990488191698,-0.0004410990488191698,0,0.0004410990488191698,-0.0002882282966418079,-0.0002882282966418079,0.0004410990488191698,-0.0004410990488191698,-4.410990488191698e-10,0.0004410990488191698,0,-0.0004410990488191698,-0.0002882282966418079,0.0004410990488191698,-8.822025086288279e-05,0.0004410990488191698,0.0004410990488191698,-0.0004410990488191698,0.0004410990488191698,-4.410990488191698e-10,1
104.1,-0.0002200820725980357,0.0004656292375011722,0.0004656292375011722,0.0001269557594685637,0,0,2.16810586815923e-13,293.15,4.656292375011722e-10,0.0001269557594685637,4.336211736318461e-08,0.2,-9.312631312947195e-05,9.312584750023445e-05,1,1,0.0004656292375011722,-0.0004656292375011722,0,0.0004656292375011722,-0.0002200820725980357,-0.0002200820725980357,0.0004656292375011722,-0.0004656292375011722,-4.656292375011722e-10,0.0004656292375011722,0,-0.0004656292375011722,-0.0002200820725980357,0.0004656292375011722,-9.312631312947195e-05,0.0004656292375011722,0.0004656292375011722,-0.0004656292375011722,0.0004656292375011722,-4.656292375011722e-10,1
104.25,-0.0001490818191494102,0.0004791113804097189,0.0004791113804097189,5.325906395608596e-05,0,0,2.295477148381063e-13,293.15,4.791113804097189e-10,5.325906395608596e-05,4.590954296762127e-08,0.2,-9.582275519332419e-05,9.582227608194378e-05,1,1,0.0004791113804097189,-0.0004791113804097189,0,0.0004791113804097189,-0.0001490818191494102,-0.0001490818191494102,0.0004791113804097189,-0.0004791113804097189,-4.791113804097189e-10,0.0004791113804097189,0,-0.0004791113804097189,-0.0001490818191494102,0.0004791113804097189,-9.582275519332419e-05,0.0004791113804097189,0.0004791113804097189,-0.0004791113804097189,0.0004791113804097189,-4.791113804097189e-10,1
104.4,-7.688277283194135e-05,0.0004815600085900943,0.0004815600085900943,-1.942971044608611e-05,0,0,2.319000418732917e-13,293.15,4.815600085900943e-10,-1.942971044608611e-05,4.638000837465835e-08,0.2,-9.631248327802746e-05,9.631200171801887e-05,1,1,0.0004815600085900943,-0.0004815600085900943,0,0.0004815600085900943,-7.688277283194135e-05,-7.688277283194135e-05,0.0004815600085900943,-0.0004815600085900943,-4.815600085900943e-10,0.0004815600085900943,0,-0.0004815600085900943,-7.688277283194135e-05,0.0004815600085900943,-9.631248327802746e-05,0.0004815600085900943,0.0004815600085900943,-0.0004815600085900943,0.0004815600085900943,-4.815600085900943e-10,1
104.55,-5.119418684980108e-06,0.0004732383346566251,0.0004732383346566251,-8.952872148467956e-05,0,0,2.239545213885759e-13,293.15,4.732383346566251e-10,-8.952872148467956e-05,4.479090427771517e-08,0.2,-9.464814016965967e-05,9.464766693132502e-05,1,1,0.0004732383346566251,-0.0004732383346566251,0,0.0004732383346566251,-5.119418684980108e-06,-5.119418684980108e-06,0.0004732383346566251,-0.0004732383346566251,-4.732383346566251e-10,0.0004732383346566251,0,-0.0004732383346566251,-5.119418684980108e-06,0.0004732383346566251,-9.464814016965967e-05,0.0004732383346566251,0.0004732383346566251,-0.0004732383346566251,0.0004732383346566251,-4.732383346566251e-10,1
104.7,6.461803531286606e-05,0.000454654892815919,0.000454654892815919,-0.0001555494685309427,0,0,2.067110715614548e-13,293.15,4.546548928159189e-10,-0.0001555494685309427,4.134221431229096e-08,0.2,-9.093143321807662e-05,9.09309785631838e-05,1,1,0.000454654892815919,-0.000454654892815919,0,0.000454654892815919,6.461803531286606e-05,6.461803531286606e-05,0.000454654892815919,-0.000454654892815919,-4.546548928159189e-10,0.000454654892815919,0,-0.000454654892815919,6.461803531286606e-05,0.000454654892815919,-9.093143321807662e-05,0.000454654892815919,0.000454654892815919,-0.000454654892815919,0.000454654892815919,-4.546548928159189e-10,1
104.85,0.0001308384329745241,0.00042657906886025,0.00042657906886025,-0.000216154673325643,0,0,1.819697019896779e-13,293.15,4.265790688602499e-10,-0.000216154673325643,3.639394039793558e-08,0.2,-8.531624035111886e-05,8.531581377205e-05,1,1,0.00042657906886025,-0.00042657906886025,0,0.00042657906886025,0.0001308384329745241,0.0001308384329745241,0.00042657906886025,-0.00042657906886025,-4.265790688602499e-10,0.00042657906886025,0,-0.00042657906886025,0.0001308384329745241,0.00042657906886025,-8.531624035111886e-05,0.00042657906886025,0.00042657906886025,-0.00042657906886025,0.00042657906886025,-4.265790688602499e-10,1
105,0.0001921677238949633,0.0003899085334226258,0.0003899085334226258,-0.0002701498204880218,0,0,1.520286644357829e-13,293.15,3.899085334226258e-10,-0.0002701498204880218,3.040573288715658e-08,0.2,-7.798209659305858e-05,7.798170668452516e-05,1,1,0.0003899085334226258,-0.0003899085334226258,0,0.0003899085334226258,0.0001921677238949633,0.0001921677238949633,0.0003899085334226258,-0.0003899085334226258,-3.899085334226258e-10,0.0003899085334226258,0,-0.0003899085334226258,0.0001921677238949633,0.0003899085334226258,-7.798209659305858e-05,0.0003899085334226258,0.0003899085334226258,-0.0003899085334226258,0.0003899085334226258,-3.899085334226258e-10,1
105.15,0.000247385830534586,0.0003456392554676642,0.0003456392554676642,-0.0003165140272673743,0,0,1.194664949202412e-13,293.15,3.456392554676642e-10,-0.0003165140272673743,2.389329898404825e-08,0.2,-6.912819673278831e-05,6.912785109353284e-05,1,1,0.0003456392554676642,-0.0003456392554676642,0,0.0003456392554676642,0.000247385830534586,0.000247385830534586,0.0003456392554676642,-0.0003456392554676642,-3.456392554676642e-10,0.0003456392554676642,0,-0.0003456392554676642,0.000247385830534586,0.0003456392554676642,-6.912819673278831e-05,0.0003456392554676642,0.0003456392554676642,-0.0003456392554676642,0.0003456392554676642,-3.456392554676642e-10,1
105.3,0.0002954702964367342,0.0002950506048571505,0.0002950506048571505,-0.0003544807124587692,0,0,8.705485942657033e-14,293.15,2.950506048571504e-10,-0.0003544807124587692,1.741097188531407e-08,0.2,-5.901041602203496e-05,5.90101209714301e-05,1,1,0.0002950506048571505,-0.0002950506048571505,0,0.0002950506048571505,0.0002954702964367342,0.0002954702964367342,0.0002950506048571505,-0.0002950506048571505,-2.950506048571504e-10,0.0002950506048571505,0,-0.0002950506048571505,0.0002954702964367342,0.0002950506048571505,-5.901041602203496e-05,0.0002950506048571505,0.0002950506048571505,-0.0002950506048571505,0.0002950506048571505,-2.950506048571504e-10,1
105.45,0.0003355181072567639,0.0002394193985421038,0.0002394193985421038,-0.0003834022263845832,0,0,5.732164839826273e-14,293.15,2.394193985421038e-10,-0.0003834022263845832,1.146432967965255e-08,0.2,-4.788411912781931e-05,4.788387970842076e-05,1,1,0.0002394193985421038,-0.0002394193985421038,0,0.0002394193985421038,0.0003355181072567639,0.0003355181072567639,0.0002394193985421038,-0.0002394193985421038,-2.394193985421038e-10,0.0002394193985421038,0,-0.0002394193985421038,0.0003355181072567639,0.0002394193985421038,-4.788411912781931e-05,0.0002394193985421038,0.0002394193985421038,-0.0002394193985421038,0.0002394193985421038,-2.394193985421038e-10,1
105.6,0.0003669113700597765,0.0001801696034327539,0.0001801696034327539,-0.0004029454709159307,0,0,3.246108600111582e-14,293.15,1.801696034327539e-10,-0.0004029454709159307,6.492217200223165e-09,0.2,-3.603410085615423e-05,3.603392068655079e-05,1,1,0.0001801696034327539,-0.0001801696034327539,0,0.0001801696034327539,0.0003669113700597765,0.0003669113700597765,0.0001801696034327539,-0.0001801696034327539,-1.801696034327539e-10,0.0001801696034327539,0,-0.0001801696034327539,0.0003669113700597765,0.0001801696034327539,-3.603410085615423e-05,0.0001801696034327539,0.0001801696034327539,-0.0001801696034327539,0.0001801696034327539,-1.801696034327539e-10,1
105.75,0.0003892498098102571,0.0001187639864710775,0.0001187639864710775,-0.0004130027258684591,0,0,1.410488448250228e-14,293.15,1.187639864710775e-10,-0.0004130027258684591,2.820976896500457e-09,0.2,-2.375291605820198e-05,2.37527972942155e-05,1,1,0.0001187639864710775,-0.0001187639864710775,0,0.0001187639864710775,0.0003892498098102571,0.0003892498098102571,0.0001187639864710775,-0.0001187639864710775,-1.187639864710775e-10,0.0001187639864710775,0,-0.0001187639864710775,0.0003892498098102571,0.0001187639864710775,-2.375291605820198e-05,0.0001187639864710775,0.0001187639864710775,-0.0001187639864710775,0.0001187639864710775,-1.187639864710775e-10,1
105.9,0.0004022178226639452,5.655597459395192e-05,5.655597459395192e-05,-0.0004135290741387102,0,0,3.198578262271735e-15,293.15,5.655597459395192e-11,-0.0004135290741387102,6.397156524543471e-10,0.2,-1.131125147476498e-05,1.131119491879038e-05,1,1,5.655597459395192e-05,-5.655597459395192e-05,0,5.655597459395192e-05,0.0004022178226639452,0.0004022178226639452,5.655597459395192e-05,-5.655597459395192e-05,-5.655597459395192e-11,5.655597459395192e-05,0,-5.655597459395192e-05,0.0004022178226639452,5.655597459395192e-05,-1.131125147476498e-05,5.655597459395192e-05,5.655597459395192e-05,-5.655597459395192e-05,5.655597459395192e-05,-5.655597459395192e-11,1
106.05,0.0004058991893844583,-5.010754099824269e-06,-5.010754099824269e-06,-0.0004048970335537394,0,0,2.510765664890572e-17,293.15,-5.010754099824268e-12,-0.0004048970335537394,5.021531329781145e-12,0.2,1.002155830718954e-06,-1.002150819964854e-06,1,1,-5.010754099824269e-06,5.010754099824269e-06,0,-5.010754099824269e-06,0.0004058991893844583,0.0004058991893844583,-5.010754099824269e-06,5.010754099824269e-06,5.010754099824268e-12,-5.010754099824269e-06,0,5.010754099824269e-06,0.0004058991893844583,-5.010754099824269e-06,1.002155830718954e-06,-5.010754099824269e-06,-5.010754099824269e-06,5.010754099824269e-06,-5.010754099824269e-06,5.010754099824268e-12,1
106.2,0.0004004769885141858,-6.458732040804573e-05,-6.458732040804573e-05,-0.0003875594598452563,0,0,4.17152195749156e-15,293.15,-6.458732040804573e-11,-0.0003875594598452563,8.343043914983121e-10,0.2,1.291752866892955e-05,-1.291746408160915e-05,1,1,-6.458732040804573e-05,6.458732040804573e-05,0,-6.458732040804573e-05,0.0004004769885141858,0.0004004769885141858,-6.458732040804573e-05,6.458732040804573e-05,6.458732040804573e-11,-6.458732040804573e-05,0,6.458732040804573e-05,0.0004004769885141858,-6.458732040804573e-05,1.291752866892955e-05,-6.458732040804573e-05,-6.458732040804573e-05,6.458732040804573e-05,-6.458732040804573e-05,6.458732040804573e-11,1
106.35,0.0003863011106997784,-0.0001209166140937122,-0.0001209166140937122,-0.0003621176669644218,0,0,1.462082756388773e-14,293.15,-1.209166140937122e-10,-0.0003621176669644218,2.924165512777546e-09,0.2,2.418344373535654e-05,-2.418332281874245e-05,1,1,-0.0001209166140937122,0.0001209166140937122,0,-0.0001209166140937122,0.0003863011106997784,0.0003863011106997784,-0.0001209166140937122,0.0001209166140937122,1.209166140937122e-10,-0.0001209166140937122,0,0.0001209166140937122,0.0003863011106997784,-0.0001209166140937122,2.418344373535654e-05,-0.0001209166140937122,-0.0001209166140937122,0.0001209166140937122,-0.0001209166140937122,1.209166140937122e-10,1
106.5,0.0003640513137129721,-0.0001728605195984309,-0.0001728605195984309,-0.0003294790369327663,0,0,2.988075923583951e-14,293.15,-1.728605195984309e-10,-0.0003294790369327663,5.976151847167904e-09,0.2,3.457227678020578e-05,-3.457210391968618e-05,1,1,-0.0001728605195984309,0.0001728605195984309,0,-0.0001728605195984309,0.0003640513137129721,0.0003640513137129721,-0.0001728605195984309,0.0001728605195984309,1.728605195984309e-10,-0.0001728605195984309,0,0.0001728605195984309,0.0003640513137129721,-0.0001728605195984309,3.457227678020578e-05,-0.0001728605195984309,-0.0001728605195984309,0.0001728605195984309,-0.0001728605195984309,1.728605195984309e-10,1
106.65,0.0003343613859047966,-0.0002193713992500175,-0.0002193713992500175,-0.0002904868866833939,0,0,4.812381080891058e-14,293.15,-2.193713992500175e-10,-0.0002904868866833939,9.624762161782117e-09,0.2,4.387449922140275e-05,-4.38742798500035e-05,1,1,-0.0002193713992500175,0.0002193713992500175,0,-0.0002193713992500175,0.0003343613859047966,0.0003343613859047966,-0.0002193713992500175,0.0002193713992500175,2.193713992500175e-10,-0.0002193713992500175,0,0.0002193713992500175,0.0003343613859047966,-0.0002193713992500175,4.387449922140275e-05,-0.0002193713992500175,-0.0002193713992500175,0.0002193713992500175,-0.0002193713992500175,2.193713992500175e-10,1
106.8,0.000298169300681698,-0.0002596086027109228,-0.0002596086027109228,-0.0002462473205309107,0,0,6.739662660151776e-14,293.15,-2.596086027109228e-10,-0.0002462473205309107,1.347932532030355e-08,0.2,5.192198015078727e-05,-5.192172054218457e-05,1,1,-0.0002596086027109228,0.0002596086027109228,0,-0.0002596086027109228,0.000298169300681698,0.000298169300681698,-0.0002596086027109228,0.0002596086027109228,2.596086027109228e-10,-0.0002596086027109228,0,0.0002596086027109228,0.000298169300681698,-0.0002596086027109228,5.192198015078727e-05,-0.0002596086027109228,-0.0002596086027109228,0.0002596086027109228,-0.0002596086027109228,2.596086027109228e-10,1
106.95,0.0002565089158051818,-0.0002928928439078574,-0.0002928928439078574,-0.0001979300541307664,0,0,8.57862180124325e-14,293.15,-2.928928439078574e-10,-0.0001979300541307664,1.71572436024865e-08,0.2,5.857886167441539e-05,-5.857856878157148e-05,1,1,-0.0002928928439078574,0.0002928928439078574,0,-0.0002928928439078574,0.0002565089158051818,0.0002565089158051818,-0.0002928928439078574,0.0002928928439078574,2.928928439078574e-10,-0.0002928928439078574,0,0.0002928928439078574,0.0002565089158051818,-0.0002928928439078574,5.857886167441539e-05,-0.0002928928439078574,-0.0002928928439078574,0.0002928928439078574,-0.0002928928439078574,2.928928439078574e-10,1
107.1,0.0002103920273722443,-0.0003186359036691727,-0.0003186359036691727,-0.000146664528002506,0,0,1.015288391070703e-13,293.15,-3.186359036691727e-10,-0.000146664528002506,2.030576782141406e-08,0.2,6.372749936973821e-05,-6.372718073383454e-05,1,1,-0.0003186359036691727,0.0003186359036691727,0,-0.0003186359036691727,0.0002103920273722443,0.0002103920273722443,-0.0003186359036691727,0.0003186359036691727,3.186359036691727e-10,-0.0003186359036691727,0,0.0003186359036691727,0.0002103920273722443,-0.0003186359036691727,6.372749936973821e-05,-0.0003186359036691727,-0.0003186359036691727,0.0003186359036691727,-0.0003186359036691727,3.186359036691727e-10,1
107.25,0.0001610338592571807,-0.0003365587332702269,-0.0003365587332702269,-9.372177604440206e-05,0,0,1.132717809404597e-13,293.15,-3.365587332702269e-10,-9.372177604440206e-05,2.265435618809195e-08,0.2,6.731208321277866e-05,-6.731174665404539e-05,1,1,-0.0003365587332702269,0.0003365587332702269,0,-0.0003365587332702269,0.0001610338592571807,0.0001610338592571807,-0.0003365587332702269,0.0003365587332702269,3.365587332702269e-10,-0.0003365587332702269,0,0.0003365587332702269,0.0001610338592571807,-0.0003365587332702269,6.731208321277866e-05,-0.0003365587332702269,-0.0003365587332702269,0.0003365587332702269,-0.0003365587332702269,3.365587332702269e-10,1
107.4,0.0001096156801109878,-0.0003464818206199324,-0.0003464818206199324,-4.031896950518068e-05,0,0,1.20049652020103e-13,293.15,-3.464818206199323e-10,-4.031896950518068e-05,2.40099304040206e-08,0.2,6.92967106058071e-05,-6.929636412398648e-05,1,1,-0.0003464818206199324,0.0003464818206199324,0,-0.0003464818206199324,0.0001096156801109878,0.0001096156801109878,-0.0003464818206199324,0.0003464818206199324,3.464818206199323e-10,-0.0003464818206199324,0,0.0003464818206199324,0.0001096156801109878,-0.0003464818206199324,6.92967106058071e-05,-0.0003464818206199324,-0.0003464818206199324,0.0003464818206199324,-0.0003464818206199324,3.464818206199323e-10,1
107.55,5.731618720085661e-05,-0.0003483981538133686,-0.0003483981538133686,1.236379195997093e-05,0,0,1.213812735805636e-13,293.15,-3.483981538133686e-10,1.236379195997093e-05,2.427625471611273e-08,0.2,6.967997916082754e-05,-6.967963076267372e-05,1,1,-0.0003483981538133686,0.0003483981538133686,0,-0.0003483981538133686,5.731618720085661e-05,5.731618720085661e-05,-0.0003483981538133686,0.0003483981538133686,3.483981538133686e-10,-0.0003483981538133686,0,0.0003483981538133686,5.731618720085661e-05,-0.0003483981538133686,6.967997916082754e-05,-0.0003483981538133686,-0.0003483981538133686,0.0003483981538133686,-0.0003483981538133686,3.483981538133686e-10,1
107.7,5.347396958197237e-06,-0.0003425846492523213,-0.0003425846492523213,6.316987547691628e-05,0,0,1.17364241903336e-13,293.15,-3.425846492523213e-10,6.316987547691628e-05,2.34728483806672e-08,0.2,6.851727243511351e-05,-6.851692985046426e-05,1,1,-0.0003425846492523213,0.0003425846492523213,0,-0.0003425846492523213,5.347396958197237e-06,5.347396958197237e-06,-0.0003425846492523213,0.0003425846492523213,3.425846492523213e-10,-0.0003425846492523213,0,0.0003425846492523213,5.347396958197237e-06,-0.0003425846492523213,6.851727243511351e-05,-0.0003425846492523213,-0.0003425846492523213,0.0003425846492523213,-0.0003425846492523213,3.425846492523213e-10,1
107.85,-4.516607867135026e-05,-0.0003293065148422212,-0.0003293065148422212,0.0001110277109463093,0,0,1.0844278071753e-13,293.15,-3.293065148422211e-10,0.0001110277109463093,2.168855614350601e-08,0.2,6.586163227495907e-05,-6.586130296844424e-05,1,1,-0.0003293065148422212,0.0003293065148422212,0,-0.0003293065148422212,-4.516607867135026e-05,-4.516607867135026e-05,-0.0003293065148422212,0.0003293065148422212,3.293065148422211e-10,-0.0003293065148422212,0,0.0003293065148422212,-4.516607867135026e-05,-0.0003293065148422212,6.586163227495907e-05,-0.0003293065148422212,-0.0003293065148422212,0.0003293065148422212,-0.0003293065148422212,3.293065148422211e-10,1
108,-9.314560182669571e-05,-0.000309141564116306,-0.000309141564116306,0.000154974223791521,0,0,9.556850666427616e-14,293.15,-3.09141564116306e-10,0.000154974223791521,1.911370133285523e-08,0.2,6.182862196482532e-05,-6.182831282326121e-05,1,1,-0.000309141564116306,0.000309141564116306,0,-0.000309141564116306,-9.314560182669571e-05,-9.314560182669571e-05,-0.000309141564116306,0.000309141564116306,3.09141564116306e-10,-0.000309141564116306,0,0.000309141564116306,-9.314560182669571e-05,-0.000309141564116306,6.182862196482532e-05,-0.000309141564116306,-0.000309141564116306,0.000309141564116306,-0.000309141564116306,3.09141564116306e-10,1
108.15,-0.0001376065788658776,-0.0002827706774131711,-0.0002827706774131711,0.0001941609971191892,0,0,7.995925600470366e-14,293.15,-2.827706774131711e-10,0.0001941609971191892,1.599185120094073e-08,0.2,5.655441825331163e-05,-5.655413548263422e-05,1,1,-0.0002827706774131711,0.0002827706774131711,0,-0.0002827706774131711,-0.0001376065788658776,-0.0001376065788658776,-0.0002827706774131711,0.0002827706774131711,2.827706774131711e-10,-0.0002827706774131711,0,0.0002827706774131711,-0.0001376065788658776,-0.0002827706774131711,5.655441825331163e-05,-0.0002827706774131711,-0.0002827706774131711,0.0002827706774131711,-0.0002827706774131711,2.827706774131711e-10,1
108.3,-0.0001776560167411369,-0.0002508908488112056,-0.0002508908488112056,0.0002278344373942268,0,0,6.294621801720723e-14,293.15,-2.508908488112056e-10,0.0002278344373942268,1.258924360344145e-08,0.2,5.017842065308994e-05,-5.017816976224112e-05,1,1,-0.0002508908488112056,0.0002508908488112056,0,-0.0002508908488112056,-0.0001776560167411369,-0.0001776560167411369,-0.0002508908488112056,0.0002508908488112056,2.508908488112056e-10,-0.0002508908488112056,0,0.0002508908488112056,-0.0001776560167411369,-0.0002508908488112056,5.017842065308994e-05,-0.0002508908488112056,-0.0002508908488112056,0.0002508908488112056,-0.0002508908488112056,2.508908488112056e-10,1
108.45,-0.0002125639220790615,-0.0002144398026599585,-0.0002144398026599585,0.0002554520970508558,0,0,4.598442896484192e-14,293.15,-2.144398026599584e-10,0.0002554520970508558,9.196885792968387e-09,0.2,4.288817497179436e-05,-4.28879605319917e-05,1,1,-0.0002144398026599585,0.0002144398026599585,0,-0.0002144398026599585,-0.0002125639220790615,-0.0002125639220790615,-0.0002144398026599585,0.0002144398026599585,2.144398026599584e-10,-0.0002144398026599585,0,0.0002144398026599585,-0.0002125639220790615,-0.0002144398026599585,4.288817497179436e-05,-0.0002144398026599585,-0.0002144398026599585,0.0002144398026599585,-0.0002144398026599585,2.144398026599584e-10,1
108.6,-0.0002416970115366009,-0.0001743459442820353,-0.0001743459442820353,0.0002765663747389523,0,0,3.039650828759457e-14,293.15,-1.743459442820353e-10,0.0002765663747389523,6.079301657518914e-09,0.2,3.486936320235135e-05,-3.486918885640707e-05,1,1,-0.0001743459442820353,0.0001743459442820353,0,-0.0001743459442820353,-0.0002416970115366009,-0.0002416970115366009,-0.0001743459442820353,0.0001743459442820353,1.743459442820353e-10,-0.0001743459442820353,0,0.0001743459442820353,-0.0002416970115366009,-0.0001743459442820353,3.486936320235135e-05,-0.0001743459442820353,-0.0001743459442820353,0.0001743459442820353,-0.0001743459442820353,1.743459442820353e-10,1
108.75,-0.0002645731551738102,-0.0001315866156055934,-0.0001315866156055934,0.0002908906098815445,0,0,1.73150374065342e-14,293.15,-1.315866156055934e-10,0.0002908906098815445,3.46300748130684e-09,0.2,2.631745470773429e-05,-2.631732312111868e-05,1,1,-0.0001315866156055934,0.0001315866156055934,0,-0.0001315866156055934,-0.0002645731551738102,-0.0002645731551738102,-0.0001315866156055934,0.0001315866156055934,1.315866156055934e-10,-0.0001315866156055934,0,0.0001315866156055934,-0.0002645731551738102,-0.0001315866156055934,2.631745470773429e-05,-0.0001315866156055934,-0.0001315866156055934,0.0001315866156055934,-0.0001315866156055934,1.315866156055934e-10,1
108.9,-0.0002809251302498208,-8.723347682207894e-05,-8.723347682207894e-05,0.0002983719128477134,0,0,7.609679478468183e-15,293.15,-8.723347682207893e-11,0.0002983719128477134,1.521935895693637e-09,0.2,1.744678259789261e-05,-1.744669536441579e-05,1,1,-8.723347682207894e-05,8.723347682207894e-05,0,-8.723347682207894e-05,-0.0002809251302498208,-0.0002809251302498208,-8.723347682207894e-05,8.723347682207894e-05,8.723347682207893e-11,-8.723347682207894e-05,0,8.723347682207894e-05,-0.0002809251302498208,-8.723347682207894e-05,1.744678259789261e-05,-8.723347682207894e-05,-8.723347682207894e-05,8.723347682207894e-05,-8.723347682207894e-05,8.723347682207893e-11,1
109.05,-0.0002905102661236374,-4.227496336239976e-05,-4.227496336239976e-05,0.0002989653010710807,0,0,1.787172527292242e-15,293.15,-4.227496336239976e-11,0.0002989653010710807,3.574345054584484e-10,0.2,8.455034947443315e-06,-8.454992672479953e-06,1,1,-4.227496336239976e-05,4.227496336239976e-05,0,-4.227496336239976e-05,-0.0002905102661236374,-0.0002905102661236374,-4.227496336239976e-05,4.227496336239976e-05,4.227496336239976e-11,-4.227496336239976e-05,0,4.227496336239976e-05,-0.0002905102661236374,-4.227496336239976e-05,8.455034947443315e-06,-4.227496336239976e-05,-4.227496336239976e-05,4.227496336239976e-05,-4.227496336239976e-05,4.227496336239976e-11,1
109.2,-0.0002933740048159107,2.251966835619673e-06,2.251966835619673e-06,0.0002929236091968199,0,0,5.071354628730881e-18,293.15,2.251966835619673e-12,0.0002929236091968199,1.014270925746176e-12,0.2,-4.503956190907702e-07,4.503933671239346e-07,1,1,2.251966835619673e-06,-2.251966835619673e-06,0,2.251966835619673e-06,-0.0002933740048159107,-0.0002933740048159107,2.251966835619673e-06,-2.251966835619673e-06,-2.251966835619673e-12,2.251966835619673e-06,0,-2.251966835619673e-06,-0.0002933740048159107,2.251966835619673e-06,-4.503956190907702e-07,2.251966835619673e-06,2.251966835619673e-06,-2.251966835619673e-06,2.251966835619673e-06,-2.251966835619673e-12,1
109.35,-0.0002896742227554838,4.536936128277997e-05,4.536936128277997e-05,0.0002806003051295666,0,0,2.058378943207414e-15,293.15,4.536936128277997e-11,0.0002806003051295666,4.116757886414828e-10,0.2,-9.073917625917278e-06,9.073872256555995e-06,1,1,4.536936128277997e-05,-4.536936128277997e-05,0,4.536936128277997e-05,-0.0002896742227554838,-0.0002896742227554838,4.536936128277997e-05,-4.536936128277997e-05,-4.536936128277997e-11,4.536936128277997e-05,0,-4.536936128277997e-05,-0.0002896742227554838,4.536936128277997e-05,-9.073917625917278e-06,4.536936128277997e-05,4.536936128277997e-05,-4.536936128277997e-05,4.536936128277997e-05,-4.536936128277997e-11,1
109.5,-0.0002796257290560813,8.617113219586206e-05,8.617113219586206e-05,0.0002623914164457767,0,0,7.425464023916734e-15,293.15,8.617113219586205e-11,0.0002623914164457767,1.485092804783347e-09,0.2,-1.723431261030461e-05,1.723422643917241e-05,1,1,8.617113219586206e-05,-8.617113219586206e-05,0,8.617113219586206e-05,-0.0002796257290560813,-0.0002796257290560813,8.617113219586206e-05,-8.617113219586206e-05,-8.617113219586205e-11,8.617113219586206e-05,0,-8.617113219586206e-05,-0.0002796257290560813,8.617113219586206e-05,-1.723431261030461e-05,8.617113219586206e-05,8.617113219586206e-05,-8.617113219586206e-05,8.617113219586206e-05,-8.617113219586205e-11,1
109.65,-0.0002637090603280691,0.0001238277522234202,0.0001238277522234202,0.0002389433860556329,0,0,1.533331222070474e-14,293.15,1.238277522234202e-10,0.0002389433860556329,3.066662444140947e-09,0.2,-2.476567427243626e-05,2.476555044468403e-05,1,1,0.0001238277522234202,-0.0001238277522234202,0,0.0001238277522234202,-0.0002637090603280691,-0.0002637090603280691,0.0001238277522234202,-0.0001238277522234202,-1.238277522234202e-10,0.0001238277522234202,0,-0.0001238277522234202,-0.0002637090603280691,0.0001238277522234202,-2.476567427243626e-05,0.0001238277522234202,0.0001238277522234202,-0.0001238277522234202,0.0001238277522234202,-1.238277522234202e-10,1
109.8,-0.000242428961805607,0.0001575900842514562,0.0001575900842514562,0.0002109107873652315,0,0,2.483463465438106e-14,293.15,1.575900842514562e-10,0.0002109107873652315,4.966926930876213e-09,0.2,-3.151817444037549e-05,3.151801685029124e-05,1,1,0.0001575900842514562,-0.0001575900842514562,0,0.0001575900842514562,-0.000242428961805607,-0.000242428961805607,0.0001575900842514562,-0.0001575900842514562,-1.575900842514562e-10,0.0001575900842514562,0,-0.0001575900842514562,-0.000242428961805607,0.0001575900842514562,-3.151817444037549e-05,0.0001575900842514562,0.0001575900842514562,-0.0001575900842514562,0.0001575900842514562,-1.575900842514562e-10,1
109.95,-0.0002164026735802336,0.0001868259550891721,0.0001868259550891721,0.0001790372957364441,0,0,3.490393749498135e-14,293.15,1.868259550891721e-10,0.0001790372957364441,6.980787498996271e-09,0.2,-3.736537784378951e-05,3.736519101783442e-05,1,1,0.0001868259550891721,-0.0001868259550891721,0,0.0001868259550891721,-0.0002164026735802336,-0.0002164026735802336,0.0001868259550891721,-0.0001868259550891721,-1.868259550891721e-10,0.0001868259550891721,0,-0.0001868259550891721,-0.0002164026735802336,0.0001868259550891721,-3.736537784378951e-05,0.0001868259550891721,0.0001868259550891721,-0.0001868259550891721,0.0001868259550891721,-1.868259550891721e-10,1
110.1,-0.0001864050339875177,0.0002110553597279644,0.0002110553597279644,0.0001441937509865651,0,0,4.454436486990047e-14,293.15,2.110553597279644e-10,0.0001441937509865651,8.908872973980094e-09,0.2,-4.221128300095261e-05,4.221107194559289e-05,1,1,0.0002110553597279644,-0.0002110553597279644,0,0.0002110553597279644,-0.0001864050339875177,-0.0001864050339875177,0.0002110553597279644,-0.0002110553597279644,-2.110553597279644e-10,0.0002110553597279644,0,-0.0002110553597279644,-0.0001864050339875177,0.0002110553597279644,-4.221128300095261e-05,0.0002110553597279644,0.0002110553597279644,-0.0002110553597279644,0.0002110553597279644,-2.110553597279644e-10,1
110.25,-0.000153154690657133,0.0002298391893352022,0.0002298391893352022,0.0001071866229509032,0,0,5.282605295426292e-14,293.15,2.298391893352022e-10,0.0001071866229509032,1.056521059085259e-08,0.2,-4.596806770622977e-05,4.596783786704044e-05,1,1,0.0002298391893352022,-0.0002298391893352022,0,0.0002298391893352022,-0.000153154690657133,-0.000153154690657133,0.0002298391893352022,-0.0002298391893352022,-2.298391893352022e-10,0.0002298391893352022,0,-0.0002298391893352022,-0.000153154690657133,0.0002298391893352022,-4.596806770622977e-05,0.0002298391893352022,0.0002298391893352022,-0.0002298391893352022,0.0002298391893352022,-2.298391893352022e-10,1
110.4,-0.0001175273385032088,0.0002429660813751528,0.0002429660813751528,6.89338792620969e-05,0,0,5.903251669879739e-14,293.15,2.429660813751528e-10,6.89338792620969e-05,1.180650333975948e-08,0.2,-4.859345924111195e-05,4.859321627503057e-05,1,1,0.0002429660813751528,-0.0002429660813751528,0,0.0002429660813751528,-0.0001175273385032088,-0.0001175273385032088,0.0002429660813751528,-0.0002429660813751528,-2.429660813751528e-10,0.0002429660813751528,0,-0.0002429660813751528,-0.0001175273385032088,0.0002429660813751528,-4.859345924111195e-05,0.0002429660813751528,0.0002429660813751528,-0.0002429660813751528,0.0002429660813751528,-2.429660813751528e-10,1
110.55,-8.039327776432174e-05,0.000250327757107952,0.000250327757107952,3.032747601497424e-05,0,0,6.266398597869779e-14,293.15,2.503277571079519e-10,3.032747601497424e-05,1.253279719573956e-08,0.2,-5.00658017493475e-05,5.00655514215904e-05,1,1,0.000250327757107952,-0.000250327757107952,0,0.000250327757107952,-8.039327776432174e-05,-8.039327776432174e-05,0.000250327757107952,-0.000250327757107952,-2.503277571079519e-10,0.000250327757107952,0,-0.000250327757107952,-8.039327776432174e-05,0.000250327757107952,-5.00658017493475e-05,0.000250327757107952,0.000250327757107952,-0.000250327757107952,0.000250327757107952,-2.503277571079519e-10,1
110.7,-4.259020229845651e-05,0.0002518856014119018,0.0002518856014119018,-7.787169869525271e-06,0,0,6.344635619863548e-14,293.15,2.518856014119018e-10,-7.787169869525271e-06,1.26892712397271e-08,0.2,-5.037737216798178e-05,5.037712028238036e-05,1,1,0.0002518856014119018,-0.0002518856014119018,0,0.0002518856014119018,-4.259020229845651e-05,-4.259020229845651e-05,0.0002518856014119018,-0.0002518856014119018,-2.518856014119018e-10,0.0002518856014119018,0,-0.0002518856014119018,-4.259020229845651e-05,0.0002518856014119018,-5.037737216798178e-05,0.0002518856014119018,0.0002518856014119018,-0.0002518856014119018,0.0002518856014119018,-2.518856014119018e-10,1
110.85,-4.998198376370289e-06,0.0002478363660991838,0.0002478363660991838,-4.456932267983257e-05,0,0,6.142286436124863e-14,293.15,2.478363660991837e-10,-4.456932267983257e-05,1.228457287224973e-08,0.2,-4.956752105620286e-05,4.956727321983676e-05,1,1,0.0002478363660991838,-0.0002478363660991838,0,0.0002478363660991838,-4.998198376370289e-06,-4.998198376370289e-06,0.0002478363660991838,-0.0002478363660991838,-2.478363660991837e-10,0.0002478363660991838,0,-0.0002478363660991838,-4.998198376370289e-06,0.0002478363660991838,-4.956752105620286e-05,0.0002478363660991838,0.0002478363660991838,-0.0002478363660991838,0.0002478363660991838,-2.478363660991837e-10,1
111,3.155938964771144e-05,0.0002384113499514707,0.0002384113499514707,-7.924189804935555e-05,0,0,5.683997178568264e-14,293.15,2.384113499514707e-10,-7.924189804935555e-05,1.136799435713653e-08,0.2,-4.76825084016441e-05,4.768226999029415e-05,1,1,0.0002384113499514707,-0.0002384113499514707,0,0.0002384113499514707,3.155938964771144e-05,3.155938964771144e-05,0.0002384113499514707,-0.0002384113499514707,-2.384113499514707e-10,0.0002384113499514707,0,-0.0002384113499514707,3.155938964771144e-05,0.0002384113499514707,-4.76825084016441e-05,0.0002384113499514707,0.0002384113499514707,-0.0002384113499514707,0.0002384113499514707,-2.384113499514707e-10,1
111.15,6.630843167025988e-05,0.000223973190461627,0.000223973190461627,-0.0001111032937357757,0,0,5.016399004556023e-14,293.15,2.23973190461627e-10,-0.0001111032937357757,1.003279800911205e-08,0.2,-4.479486206551586e-05,4.47946380923254e-05,1,1,0.000223973190461627,-0.000223973190461627,0,0.000223973190461627,6.630843167025988e-05,6.630843167025988e-05,0.000223973190461627,-0.000223973190461627,-2.23973190461627e-10,0.000223973190461627,0,-0.000223973190461627,6.630843167025988e-05,0.000223973190461627,-4.479486206551586e-05,0.000223973190461627,0.000223973190461627,-0.000223973190461627,0.000223973190461627,-2.23973190461627e-10,1
111.3,9.853688375194687e-05,0.0002050425271695757,0.0002050425271695757,-0.0001395455942283892,0,0,4.204243794808619e-14,293.15,2.050425271695757e-10,-0.0001395455942283892,8.408487589617239e-09,0.2,-4.100871047644231e-05,4.100850543391514e-05,1,1,0.0002050425271695757,-0.0002050425271695757,0,0.0002050425271695757,9.853688375194687e-05,9.853688375194687e-05,0.0002050425271695757,-0.0002050425271695757,-2.050425271695757e-10,0.0002050425271695757,0,-0.0002050425271695757,9.853688375194687e-05,0.0002050425271695757,-4.100871047644231e-05,0.0002050425271695757,0.0002050425271695757,-0.0002050425271695757,0.0002050425271695757,-2.050425271695757e-10,1
111.45,0.0001275902189986688,0.0001821082158896307,0.0001821082158896307,-0.0001640120442848108,0,0,3.316340229450434e-14,293.15,1.821082158896307e-10,-0.0001640120442848108,6.632680458900868e-09,0.2,-3.642182528614203e-05,3.642164317792614e-05,1,1,0.0001821082158896307,-0.0001821082158896307,0,0.0001821082158896307,0.0001275902189986688,0.0001275902189986688,0.0001821082158896307,-0.0001821082158896307,-1.821082158896307e-10,0.0001821082158896307,0,-0.0001821082158896307,0.0001275902189986688,0.0001821082158896307,-3.642182528614203e-05,0.0001821082158896307,0.0001821082158896307,-0.0001821082158896307,0.0001821082158896307,-1.821082158896307e-10,1
111.6,0.0001529373951917175,0.0001558429882185696,0.0001558429882185696,-0.0001841061486784197,0,0,2.428703697689321e-14,293.15,1.558429882185695e-10,-0.0001841061486784197,4.857407395378642e-09,0.2,-3.116875348670213e-05,3.116859764371391e-05,1,1,0.0001558429882185696,-0.0001558429882185696,0,0.0001558429882185696,0.0001529373951917175,0.0001529373951917175,0.0001558429882185696,-0.0001558429882185696,-1.558429882185695e-10,0.0001558429882185696,0,-0.0001558429882185696,0.0001529373951917175,0.0001558429882185696,-3.116875348670213e-05,0.0001558429882185696,0.0001558429882185696,-0.0001558429882185696,0.0001558429882185696,-1.558429882185695e-10,1
111.75,0.0001741328613434277,0.0001269375620770475,0.0001269375620770475,-0.0001995205006963993,0,0,1.611314466606429e-14,293.15,1.269375620770475e-10,-0.0001995205006963993,3.222628933212857e-09,0.2,-2.538763935297158e-05,2.53875124154095e-05,1,1,0.0001269375620770475,-0.0001269375620770475,0,0.0001269375620770475,0.0001741328613434277,0.0001741328613434277,0.0001269375620770475,-0.0001269375620770475,-1.269375620770475e-10,0.0001269375620770475,0,-0.0001269375620770475,0.0001741328613434277,0.0001269375620770475,-2.538763935297158e-05,0.0001269375620770475,0.0001269375620770475,-0.0001269375620770475,0.0001269375620770475,-1.269375620770475e-10,1
111.9,0.0001908059392973472,9.60766974766883e-05,9.60766974766883e-05,-0.0002100213748693824,0,0,9.230731798027084e-15,293.15,9.60766974766883e-11,-0.0002100213748693824,1.846146359605417e-09,0.2,-1.921543557203514e-05,1.921533949533766e-05,1,1,9.60766974766883e-05,-9.60766974766883e-05,0,9.60766974766883e-05,0.0001908059392973472,0.0001908059392973472,9.60766974766883e-05,-9.60766974766883e-05,-9.60766974766883e-11,9.60766974766883e-05,0,-9.60766974766883e-05,0.0001908059392973472,9.60766974766883e-05,-1.921543557203514e-05,9.60766974766883e-05,9.60766974766883e-05,-9.60766974766883e-05,9.60766974766883e-05,-9.60766974766883e-11,1
112.05,0.000202760782769743,6.403539798632999e-05,6.403539798632999e-05,-0.000215567926402407,0,0,4.100532195267675e-15,293.15,6.403539798632999e-11,-0.000215567926402407,8.201064390535349e-10,0.2,-1.280714363266398e-05,1.2807079597266e-05,1,1,6.403539798632999e-05,-6.403539798632999e-05,0,6.403539798632999e-05,0.000202760782769743,0.000202760782769743,6.403539798632999e-05,-6.403539798632999e-05,-6.403539798632999e-11,6.403539798632999e-05,0,-6.403539798632999e-05,0.000202760782769743,6.403539798632999e-05,-1.280714363266398e-05,6.403539798632999e-05,6.403539798632999e-05,-6.403539798632999e-05,6.403539798632999e-05,-6.403539798632999e-11,1
112.2,0.0002098497444771647,3.154783170724993e-05,3.154783170724993e-05,-0.0002161593423664464,0,0,9.952656854289637e-16,293.15,3.154783170724992e-11,-0.0002161593423664464,1.990531370857928e-10,0.2,-6.309597889281693e-06,6.309566341449986e-06,1,1,3.154783170724993e-05,-3.154783170724993e-05,0,3.154783170724993e-05,0.0002098497444771647,0.0002098497444771647,3.154783170724993e-05,-3.154783170724993e-05,-3.154783170724992e-11,3.154783170724993e-05,0,-3.154783170724993e-05,0.0002098497444771647,3.154783170724993e-05,-6.309597889281693e-06,3.154783170724993e-05,3.154783170724993e-05,-3.154783170724993e-05,3.154783170724993e-05,-3.154783170724992e-11,1
112.35,0.0002120619204051281,-6.565868974434016e-07,-6.565868974434016e-07,-0.0002119306023690525,0,0,4.31106353894352e-19,293.15,-6.565868974434016e-13,-0.0002119306023690525,8.622127077887041e-14,0.2,1.313180360755778e-07,-1.313173794886803e-07,1,1,-6.565868974434016e-07,6.565868974434016e-07,0,-6.565868974434016e-07,0.0002120619204051281,0.0002120619204051281,-6.565868974434016e-07,6.565868974434016e-07,6.565868974434016e-13,-6.565868974434016e-07,0,6.565868974434016e-07,0.0002120619204051281,-6.565868974434016e-07,1.313180360755778e-07,-6.565868974434016e-07,-6.565868974434016e-07,6.565868974434016e-07,-6.565868974434016e-07,6.565868974434016e-13,1
112.5,0.0002095349246995497,-3.186382320657528e-05,-3.186382320657528e-05,-0.0002031621281944115,0,0,1.015303229339885e-15,293.15,-3.186382320657528e-11,-0.0002031621281944115,2.030606458679771e-10,0.2,6.372796505138264e-06,-6.372764641315057e-06,1,1,-3.186382320657528e-05,3.186382320657528e-05,0,-3.186382320657528e-05,0.0002095349246995497,0.0002095349246995497,-3.186382320657528e-05,3.186382320657528e-05,3.186382320657528e-11,-3.186382320657528e-05,0,3.186382320657528e-05,0.0002095349246995497,-3.186382320657528e-05,6.372796505138264e-06,-3.186382320657528e-05,-3.186382320657528e-05,3.186382320657528e-05,-3.186382320657528e-05,3.186382320657528e-11,1
112.65,0.0002024074104999847,-6.141535169258127e-05,-6.141535169258127e-05,-0.0001901242787461168,0,0,3.771845423523446e-15,293.15,-6.141535169258127e-11,-0.0001901242787461168,7.543690847046892e-10,0.2,1.228313175386795e-05,-1.228307033851626e-05,1,1,-6.141535169258127e-05,6.141535169258127e-05,0,-6.141535169258127e-05,0.0002024074104999847,0.0002024074104999847,-6.141535169258127e-05,6.141535169258127e-05,6.141535169258127e-11,-6.141535169258127e-05,0,6.141535169258127e-05,0.0002024074104999847,-6.141535169258127e-05,1.228313175386795e-05,-6.141535169258127e-05,-6.141535169258127e-05,6.141535169258127e-05,-6.141535169258127e-05,6.141535169258127e-11,1
112.8,0.0001910198953976138,-8.870955863096064e-05,-8.870955863096064e-05,-0.000173277894961863,0,0,7.869385792499844e-15,293.15,-8.870955863096064e-11,-0.000173277894961863,1.573877158499969e-09,0.2,1.774200043575076e-05,-1.774191172619213e-05,1,1,-8.870955863096064e-05,8.870955863096064e-05,0,-8.870955863096064e-05,0.0001910198953976138,0.0001910198953976138,-8.870955863096064e-05,8.870955863096064e-05,8.870955863096064e-11,-8.870955863096064e-05,0,8.870955863096064e-05,0.0001910198953976138,-8.870955863096064e-05,1.774200043575076e-05,-8.870955863096064e-05,-8.870955863096064e-05,8.870955863096064e-05,-8.870955863096064e-05,8.870955863096064e-11,1
112.95,0.00017575934853586,-0.0001132103595747226,-0.0001132103595747226,-0.0001531171634105559,0,0,1.281658551503798e-14,293.15,-1.132103595747226e-10,-0.0001531171634105559,2.563317103007596e-09,0.2,2.264218512530409e-05,-2.264207191494452e-05,1,1,-0.0001132103595747226,0.0001132103595747226,0,-0.0001132103595747226,0.00017575934853586,0.00017575934853586,-0.0001132103595747226,0.0001132103595747226,1.132103595747226e-10,-0.0001132103595747226,0,0.0001132103595747226,0.00017575934853586,-0.0001132103595747226,2.264218512530409e-05,-0.0001132103595747226,-0.0001132103595747226,0.0001132103595747226,-0.0001132103595747226,1.132103595747226e-10,1
113.1,0.0001570432386833404,-0.000134447204744565,-0.000134447204744565,-0.0001301536632872226,0,0,1.807605086362697e-14,293.15,-1.34447204744565e-10,-0.0001301536632872226,3.615210172725395e-09,0.2,2.688957539611774e-05,-2.6889440948913e-05,1,1,-0.000134447204744565,0.000134447204744565,0,-0.000134447204744565,0.0001570432386833404,0.0001570432386833404,-0.000134447204744565,0.000134447204744565,1.34447204744565e-10,-0.000134447204744565,0,0.000134447204744565,0.0001570432386833404,-0.000134447204744565,2.688957539611774e-05,-0.000134447204744565,-0.000134447204744565,0.000134447204744565,-0.000134447204744565,1.34447204744565e-10,1
113.25,0.0001354326106763041,-0.0001520711153940462,-0.0001520711153940462,-0.0001050182355263795,0,0,2.312562413718931e-14,293.15,-1.520711153940462e-10,-0.0001050182355263795,4.625124827437863e-09,0.2,3.041437514992463e-05,-3.041422307880924e-05,1,1,-0.0001520711153940462,0.0001520711153940462,0,-0.0001520711153940462,0.0001354326106763041,0.0001354326106763041,-0.0001520711153940462,0.0001520711153940462,1.520711153940462e-10,-0.0001520711153940462,0,0.0001520711153940462,0.0001354326106763041,-0.0001520711153940462,3.041437514992463e-05,-0.0001520711153940462,-0.0001520711153940462,0.0001520711153940462,-0.0001520711153940462,1.520711153940462e-10,1
113.4,0.0001114707088133394,-0.0001657800168355491,-0.0001657800168355491,-7.831453966621277e-05,0,0,2.748301398199494e-14,293.15,-1.657800168355491e-10,-7.831453966621277e-05,5.496602796398989e-09,0.2,3.315616914712666e-05,-3.315600336710982e-05,1,1,-0.0001657800168355491,0.0001657800168355491,0,-0.0001657800168355491,0.0001114707088133394,0.0001114707088133394,-0.0001657800168355491,0.0001657800168355491,1.657800168355491e-10,-0.0001657800168355491,0,0.0001657800168355491,0.0001114707088133394,-0.0001657800168355491,3.315616914712666e-05,-0.0001657800168355491,-0.0001657800168355491,0.0001657800168355491,-0.0001657800168355491,1.657800168355491e-10,1
113.55,8.575955027276594e-05,-0.0001753920307958661,-0.0001753920307958661,-5.068096872156192e-05,0,0,3.076236446669805e-14,293.15,-1.753920307958661e-10,-5.068096872156192e-05,6.152472893339611e-09,0.2,3.507858155120402e-05,-3.507840615917323e-05,1,1,-0.0001753920307958661,0.0001753920307958661,0,-0.0001753920307958661,8.575955027276594e-05,8.575955027276594e-05,-0.0001753920307958661,0.0001753920307958661,1.753920307958661e-10,-0.0001753920307958661,0,0.0001753920307958661,8.575955027276594e-05,-0.0001753920307958661,3.507858155120402e-05,-0.0001753920307958661,-0.0001753920307958661,0.0001753920307958661,-0.0001753920307958661,1.753920307958661e-10,1
113.7,5.894355857783848e-05,-0.000180846153945249,-0.000180846153945249,-2.277414694263473e-05,0,0,3.270533139678871e-14,293.15,-1.80846153945249e-10,-2.277414694263473e-05,6.541066279357741e-09,0.2,3.616941163520375e-05,-3.61692307890498e-05,1,1,-0.000180846153945249,0.000180846153945249,0,-0.000180846153945249,5.894355857783848e-05,5.894355857783848e-05,-0.000180846153945249,0.000180846153945249,1.80846153945249e-10,-0.000180846153945249,0,0.000180846153945249,5.894355857783848e-05,-0.000180846153945249,3.616941163520375e-05,-0.000180846153945249,-0.000180846153945249,0.000180846153945249,-0.000180846153945249,1.80846153945249e-10,1
113.85,3.162357196544937e-05,-0.0001820988637311754,-0.0001820988637311754,4.796382879649439e-06,0,0,3.315999617218518e-14,293.15,-1.820988637311754e-10,4.796382879649439e-06,6.631999234437035e-09,0.2,3.641995484509881e-05,-3.641977274623507e-05,1,1,-0.0001820988637311754,0.0001820988637311754,0,-0.0001820988637311754,3.162357196544937e-05,3.162357196544937e-05,-0.0001820988637311754,0.0001820988637311754,1.820988637311754e-10,-0.0001820988637311754,0,0.0001820988637311754,3.162357196544937e-05,-0.0001820988637311754,3.641995484509881e-05,-0.0001820988637311754,-0.0001820988637311754,0.0001820988637311754,-0.0001820988637311754,1.820988637311754e-10,1
114,4.435471445392009e-06,-0.0001792867057435537,-0.0001792867057435537,3.142204899002447e-05,0,0,3.214372285637561e-14,293.15,-1.792867057435537e-10,3.142204899002447e-05,6.428744571275122e-09,0.2,3.585752043541648e-05,-3.585734114871074e-05,1,1,-0.0001792867057435537,0.0001792867057435537,0,-0.0001792867057435537,4.435471445392009e-06,4.435471445392009e-06,-0.0001792867057435537,0.0001792867057435537,1.792867057435537e-10,-0.0001792867057435537,0,0.0001792867057435537,4.435471445392009e-06,-0.0001792867057435537,3.585752043541648e-05,-0.0001792867057435537,-0.0001792867057435537,0.0001792867057435537,-0.0001792867057435537,1.792867057435537e-10,1
114.15,-2.202065188840828e-05,-0.0001725974503603426,-0.0001725974503603426,5.654031455792715e-05,0,0,2.978987987089091e-14,293.15,-1.725974503603425e-10,5.654031455792715e-05,5.957975974178183e-09,0.2,3.451966266951887e-05,-3.451949007206851e-05,1,1,-0.0001725974503603426,0.0001725974503603426,0,-0.0001725974503603426,-2.202065188840828e-05,-2.202065188840828e-05,-0.0001725974503603426,0.0001725974503603426,1.725974503603425e-10,-0.0001725974503603426,0,0.0001725974503603426,-2.202065188840828e-05,-0.0001725974503603426,3.451966266951887e-05,-0.0001725974503603426,-0.0001725974503603426,0.0001725974503603426,-0.0001725974503603426,1.725974503603425e-10,1
114.3,-4.718601072934487e-05,-0.0001622648955233548,-0.0001622648955233548,7.963915209891135e-05,0,0,2.632989631920524e-14,293.15,-1.622648955233548e-10,7.963915209891135e-05,5.265979263841048e-09,0.2,3.245314136956648e-05,-3.245297910467096e-05,1,1,-0.0001622648955233548,0.0001622648955233548,0,-0.0001622648955233548,-4.718601072934487e-05,-4.718601072934487e-05,-0.0001622648955233548,0.0001622648955233548,1.622648955233548e-10,-0.0001622648955233548,0,0.0001622648955233548,-4.718601072934487e-05,-0.0001622648955233548,3.245314136956648e-05,-0.0001622648955233548,-0.0001622648955233548,0.0001622648955233548,-0.0001622648955233548,1.622648955233548e-10,1
114.45,-7.054405720992189e-05,-0.0001486683719001439,-0.0001486683719001439,0.0001002778802583226,0,0,2.21022848034395e-14,293.15,-1.486683719001439e-10,0.0001002778802583226,4.420456960687901e-09,0.2,2.973382304840069e-05,-2.973367438002878e-05,1,1,-0.0001486683719001439,0.0001486683719001439,0,-0.0001486683719001439,-7.054405720992189e-05,-7.054405720992189e-05,-0.0001486683719001439,0.0001486683719001439,1.486683719001439e-10,-0.0001486683719001439,0,0.0001486683719001439,-7.054405720992189e-05,-0.0001486683719001439,2.973382304840069e-05,-0.0001486683719001439,-0.0001486683719001439,0.0001486683719001439,-0.0001486683719001439,1.486683719001439e-10,1
114.6,-9.162330615123926e-05,-0.0001321802390994403,-0.0001321802390994403,0.0001180594861513664,0,0,1.747161560838519e-14,293.15,-1.321802390994402e-10,0.0001180594861513664,3.494323121677039e-09,0.2,2.643618000012715e-05,-2.643604781988805e-05,1,1,-0.0001321802390994403,0.0001321802390994403,0,-0.0001321802390994403,-9.162330615123926e-05,-9.162330615123926e-05,-0.0001321802390994403,0.0001321802390994403,1.321802390994402e-10,-0.0001321802390994403,0,0.0001321802390994403,-9.162330615123926e-05,-0.0001321802390994403,2.643618000012715e-05,-0.0001321802390994403,-0.0001321802390994403,0.0001321802390994403,-0.0001321802390994403,1.321802390994402e-10,1
114.75,-0.0001100297889770816,-0.0001132580562987905,-0.0001132580562987905,0.000132681513494896,0,0,1.282738731657999e-14,293.15,-1.132580562987905e-10,0.000132681513494896,2.565477463315998e-09,0.2,2.265172451781439e-05,-2.265161125975809e-05,1,1,-0.0001132580562987905,0.0001132580562987905,0,-0.0001132580562987905,-0.0001100297889770816,-0.0001100297889770816,-0.0001132580562987905,0.0001132580562987905,1.132580562987905e-10,-0.0001132580562987905,0,0.0001132580562987905,-0.0001100297889770816,-0.0001132580562987905,2.265172451781439e-05,-0.0001132580562987905,-0.0001132580562987905,0.0001132580562987905,-0.0001132580562987905,1.132580562987905e-10,1
114.9,-0.0001254495959222926,-9.241748320896247e-05,-9.241748320896247e-05,0.0001439331849815683,0,0,8.54099120267886e-15,293.15,-9.241748320896247e-11,0.0001439331849815683,1.708198240535772e-09,0.2,1.84835890592757e-05,-1.84834966417925e-05,1,1,-9.241748320896247e-05,9.241748320896247e-05,0,-9.241748320896247e-05,-0.0001254495959222926,-0.0001254495959222926,-9.241748320896247e-05,9.241748320896247e-05,9.241748320896247e-11,-9.241748320896247e-05,0,9.241748320896247e-05,-0.0001254495959222926,-9.241748320896247e-05,1.84835890592757e-05,-9.241748320896247e-05,-9.241748320896247e-05,9.241748320896247e-05,-9.241748320896247e-05,9.241748320896247e-11,1
115.05,-0.0001376031562760403,-7.01450593620029e-05,-7.01450593620029e-05,0.0001516322382935002,0,0,4.920329352898911e-15,293.15,-7.01450593620029e-11,0.0001516322382935002,9.840658705797824e-10,0.2,1.402908201745994e-05,-1.402901187240058e-05,1,1,-7.01450593620029e-05,7.01450593620029e-05,0,-7.01450593620029e-05,-0.0001376031562760403,-0.0001376031562760403,-7.01450593620029e-05,7.01450593620029e-05,7.01450593620029e-11,-7.01450593620029e-05,0,7.01450593620029e-05,-0.0001376031562760403,-7.01450593620029e-05,1.402908201745994e-05,-7.01450593620029e-05,-7.01450593620029e-05,7.01450593620029e-05,-7.01450593620029e-05,7.01450593620029e-11,1
115.2,-0.0001463447810534926,-4.69994849593386e-05,-4.69994849593386e-05,0.0001557447250448453,0,0,2.208951586443095e-15,293.15,-4.69994849593386e-11,0.0001557447250448453,4.417903172886191e-10,0.2,9.399943991352681e-06,-9.399896991867721e-06,1,1,-4.69994849593386e-05,4.69994849593386e-05,0,-4.69994849593386e-05,-0.0001463447810534926,-0.0001463447810534926,-4.69994849593386e-05,4.69994849593386e-05,4.69994849593386e-11,-4.69994849593386e-05,0,4.69994849593386e-05,-0.0001463447810534926,-4.69994849593386e-05,9.399943991352681e-06,-4.69994849593386e-05,-4.69994849593386e-05,4.69994849593386e-05,-4.69994849593386e-05,4.69994849593386e-11,1
115.35,-0.0001515834298538541,-2.352107470352911e-05,-2.352107470352911e-05,0.0001562876683156346,0,0,5.53240955208997e-16,293.15,-2.352107470352911e-11,0.0001562876683156346,1.106481910417994e-10,0.2,4.704238461780526e-06,-4.704214940705823e-06,1,1,-2.352107470352911e-05,2.352107470352911e-05,0,-2.352107470352911e-05,-0.0001515834298538541,-0.0001515834298538541,-2.352107470352911e-05,2.352107470352911e-05,2.352107470352911e-11,-2.352107470352911e-05,0,2.352107470352911e-05,-0.0001515834298538541,-2.352107470352911e-05,4.704238461780526e-06,-2.352107470352911e-05,-2.352107470352911e-05,2.352107470352911e-05,-2.352107470352911e-05,2.352107470352911e-11,1
115.5,-0.0001532871236541736,-2.288130247059338e-07,-2.288130247059338e-07,0.0001533328864879278,0,0,5.235540027507828e-20,293.15,-2.288130247059338e-13,0.0001533328864879278,1.047108005501566e-14,0.2,4.576283375421148e-08,-4.576260494118677e-08,1,1,-2.288130247059338e-07,2.288130247059338e-07,0,-2.288130247059338e-07,-0.0001532871236541736,-0.0001532871236541736,-2.288130247059338e-07,2.288130247059338e-07,2.288130247059338e-13,-2.288130247059338e-07,0,2.288130247059338e-07,-0.0001532871236541736,-2.288130247059338e-07,4.576283375421148e-08,-2.288130247059338e-07,-2.288130247059338e-07,2.288130247059338e-07,-2.288130247059338e-07,2.288130247059338e-13,1
115.65,-0.0001515591273033052,2.235881081107446e-05,2.235881081107446e-05,0.0001470873427822795,0,0,4.999164208854202e-16,293.15,2.235881081107446e-11,0.0001470873427822795,9.998328417708404e-11,0.2,-4.471784521025703e-06,4.471762162214892e-06,1,1,2.235881081107446e-05,-2.235881081107446e-05,0,2.235881081107446e-05,-0.0001515591273033052,-0.0001515591273033052,2.235881081107446e-05,-2.235881081107446e-05,-2.235881081107446e-11,2.235881081107446e-05,0,-2.235881081107446e-05,-0.0001515591273033052,2.235881081107446e-05,-4.471784521025703e-06,2.235881081107446e-05,2.235881081107446e-05,-2.235881081107446e-05,2.235881081107446e-05,-2.235881081107446e-11,1
115.8,-0.0001465118841185336,4.376243847662836e-05,4.376243847662836e-05,0.0001377593526607694,0,0,1.915151021420683e-15,293.15,4.376243847662836e-11,0.0001377593526607694,3.830302042841365e-10,0.2,-8.75253145776415e-06,8.752487695325673e-06,1,1,4.376243847662836e-05,-4.376243847662836e-05,0,4.376243847662836e-05,-0.0001465118841185336,-0.0001465118841185336,4.376243847662836e-05,-4.376243847662836e-05,-4.376243847662836e-11,4.376243847662836e-05,0,-4.376243847662836e-05,-0.0001465118841185336,4.376243847662836e-05,-8.75253145776415e-06,4.376243847662836e-05,4.376243847662836e-05,-4.376243847662836e-05,4.376243847662836e-05,-4.376243847662836e-11,1
115.95,-0.000138367241640394,6.354597743486303e-05,6.354597743486303e-05,0.0001256579826074439,0,0,4.038091248152122e-15,293.15,6.354597743486303e-11,0.0001256579826074439,8.076182496304244e-10,0.2,-1.270925903295004e-05,1.270919548697261e-05,1,1,6.354597743486303e-05,-6.354597743486303e-05,0,6.354597743486303e-05,-0.000138367241640394,-0.000138367241640394,6.354597743486303e-05,-6.354597743486303e-05,-6.354597743486303e-11,6.354597743486303e-05,0,-6.354597743486303e-05,-0.000138367241640394,6.354597743486303e-05,-1.270925903295004e-05,6.354597743486303e-05,6.354597743486303e-05,-6.354597743486303e-05,6.354597743486303e-05,-6.354597743486303e-11,1
116.1,-0.0001274212066571698,8.132483169553213e-05,8.132483169553213e-05,0.0001111561589932316,0,0,6.613728250306627e-15,293.15,8.132483169553213e-11,0.0001111561589932316,1.322745650061325e-09,0.2,-1.626504766393812e-05,1.626496633910643e-05,1,1,8.132483169553213e-05,-8.132483169553213e-05,0,8.132483169553213e-05,-0.0001274212066571698,-0.0001274212066571698,8.132483169553213e-05,-8.132483169553213e-05,-8.132483169553213e-11,8.132483169553213e-05,0,-8.132483169553213e-05,-0.0001274212066571698,8.132483169553213e-05,-1.626504766393812e-05,8.132483169553213e-05,8.132483169553213e-05,-8.132483169553213e-05,8.132483169553213e-05,-8.132483169553213e-11,1
116.25,-0.0001139629600039913,9.67510435015796e-05,9.67510435015796e-05,9.461265455263186e-05,0,0,9.360764418644548e-15,293.15,9.675104350157959e-11,9.461265455263186e-05,1.87215288372891e-09,0.2,-1.935030545135942e-05,1.935020870031592e-05,1,1,9.67510435015796e-05,-9.67510435015796e-05,0,9.67510435015796e-05,-0.0001139629600039913,-0.0001139629600039913,9.67510435015796e-05,-9.67510435015796e-05,-9.675104350157959e-11,9.67510435015796e-05,0,-9.67510435015796e-05,-0.0001139629600039913,9.67510435015796e-05,-1.935030545135942e-05,9.67510435015796e-05,9.67510435015796e-05,-9.67510435015796e-05,9.67510435015796e-05,-9.675104350157959e-11,1
116.4,-9.839522855233855e-05,0.0001095693336917232,0.0001095693336917232,7.648125224466021e-05,0,0,1.200543888564819e-14,293.15,1.095693336917232e-10,7.648125224466021e-05,2.401087777129639e-09,0.2,-2.191397630767834e-05,2.191386673834464e-05,1,1,0.0001095693336917232,-0.0001095693336917232,0,0.0001095693336917232,-9.839522855233855e-05,-9.839522855233855e-05,0.0001095693336917232,-0.0001095693336917232,-1.095693336917232e-10,0.0001095693336917232,0,-0.0001095693336917232,-9.839522855233855e-05,0.0001095693336917232,-2.191397630767834e-05,0.0001095693336917232,0.0001095693336917232,-0.0001095693336917232,0.0001095693336917232,-1.095693336917232e-10,1
116.55,-8.112578845635143e-05,0.0001195724223831193,0.0001195724223831193,5.721118440730519e-05,0,0,1.429756419456709e-14,293.15,1.195724223831193e-10,5.721118440730519e-05,2.859512838913418e-09,0.2,-2.391460404904624e-05,2.391448447662386e-05,1,1,0.0001195724223831193,-0.0001195724223831193,0,0.0001195724223831193,-8.112578845635143e-05,-8.112578845635143e-05,0.0001195724223831193,-0.0001195724223831193,-1.195724223831193e-10,0.0001195724223831193,0,-0.0001195724223831193,-8.112578845635143e-05,0.0001195724223831193,-2.391460404904624e-05,0.0001195724223831193,0.0001195724223831193,-0.0001195724223831193,0.0001195724223831193,-1.195724223831193e-10,1
116.7,-6.257210303159839e-05,0.0001266101938660018,0.0001266101938660018,3.724993764820415e-05,0,0,1.603014119078657e-14,293.15,1.266101938660018e-10,3.724993764820415e-05,3.206028238157315e-09,0.2,-2.532216538339424e-05,2.532203877320037e-05,1,1,0.0001266101938660018,-0.0001266101938660018,0,0.0001266101938660018,-6.257210303159839e-05,-6.257210303159839e-05,0.0001266101938660018,-0.0001266101938660018,-1.266101938660018e-10,0.0001266101938660018,0,-0.0001266101938660018,-6.257210303159839e-05,0.0001266101938660018,-2.532216538339424e-05,0.0001266101938660018,0.0001266101938660018,-0.0001266101938660018,0.0001266101938660018,-1.266101938660018e-10,1
116.85,-4.320461486082746e-05,0.0001306427119673238,0.0001306427119673238,1.707594182465072e-05,0,0,1.706751819017713e-14,293.15,1.306427119673238e-10,1.707594182465072e-05,3.413503638035427e-09,0.2,-2.612867303617673e-05,2.612854239346477e-05,1,1,0.0001306427119673238,-0.0001306427119673238,0,0.0001306427119673238,-4.320461486082746e-05,-4.320461486082746e-05,0.0001306427119673238,-0.0001306427119673238,-1.306427119673238e-10,0.0001306427119673238,0,-0.0001306427119673238,-4.320461486082746e-05,0.0001306427119673238,-2.612867303617673e-05,0.0001306427119673238,0.0001306427119673238,-0.0001306427119673238,0.0001306427119673238,-1.306427119673238e-10,1
117,-2.346354259104314e-05,0.0001316442048387203,0.0001316442048387203,-2.865430020905752e-06,0,0,1.733019666761894e-14,293.15,1.316442048387203e-10,-2.865430020905752e-06,3.466039333523789e-09,0.2,-2.63289726119489e-05,2.632884096774406e-05,1,1,0.0001316442048387203,-0.0001316442048387203,0,0.0001316442048387203,-2.346354259104314e-05,-2.346354259104314e-05,0.0001316442048387203,-0.0001316442048387203,-1.316442048387203e-10,0.0001316442048387203,0,-0.0001316442048387203,-2.346354259104314e-05,0.0001316442048387203,-2.63289726119489e-05,0.0001316442048387203,0.0001316442048387203,-0.0001316442048387203,0.0001316442048387203,-1.316442048387203e-10,1
117.15,-3.80125328897902e-06,0.0001296961373552506,0.0001296961373552506,-2.213810387820846e-05,0,0,1.682108804487203e-14,293.15,1.296961373552506e-10,-2.213810387820846e-05,3.364217608974408e-09,0.2,-2.593935716718748e-05,2.593922747105013e-05,1,1,0.0001296961373552506,-0.0001296961373552506,0,0.0001296961373552506,-3.80125328897902e-06,-3.80125328897902e-06,0.0001296961373552506,-0.0001296961373552506,-1.296961373552506e-10,0.0001296961373552506,0,-0.0001296961373552506,-3.80125328897902e-06,0.0001296961373552506,-2.593935716718748e-05,0.0001296961373552506,0.0001296961373552506,-0.0001296961373552506,0.0001296961373552506,-1.296961373552506e-10,1
117.3,1.53445452885804e-05,0.0001249479699428015,0.0001249479699428015,-4.033426422511065e-05,0,0,1.561199519282723e-14,293.15,1.249479699428015e-10,-4.033426422511065e-05,3.122399038565446e-09,0.2,-2.498971893653025e-05,2.49895939885603e-05,1,1,0.0001249479699428015,-0.0001249479699428015,0,0.0001249479699428015,1.53445452885804e-05,1.53445452885804e-05,0.0001249479699428015,-0.0001249479699428015,-1.249479699428015e-10,0.0001249479699428015,0,-0.0001249479699428015,1.53445452885804e-05,0.0001249479699428015,-2.498971893653025e-05,0.0001249479699428015,0.0001249479699428015,-0.0001249479699428015,0.0001249479699428015,-1.249479699428015e-10,1
117.45,3.356877976088602e-05,0.0001175555684744532,0.0001175555684744532,-5.708001101134513e-05,0,0,1.381931167935186e-14,293.15,1.175555684744532e-10,-5.708001101134513e-05,2.763862335870372e-09,0.2,-2.351123125045912e-05,2.351111369489065e-05,1,1,0.0001175555684744532,-0.0001175555684744532,0,0.0001175555684744532,3.356877976088602e-05,3.356877976088602e-05,0.0001175555684744532,-0.0001175555684744532,-1.175555684744532e-10,0.0001175555684744532,0,-0.0001175555684744532,3.356877976088602e-05,0.0001175555684744532,-2.351123125045912e-05,0.0001175555684744532,0.0001175555684744532,-0.0001175555684744532,0.0001175555684744532,-1.175555684744532e-10,1
117.6,5.049661755938874e-05,0.0001077903145281408,0.0001077903145281408,-7.205478825533142e-05,0,0,1.161875190607552e-14,293.15,1.077903145281408e-10,-7.205478825533142e-05,2.323750381215105e-09,0.2,-2.155817069594269e-05,2.155806290562816e-05,1,1,0.0001077903145281408,-0.0001077903145281408,0,0.0001077903145281408,5.049661755938874e-05,5.049661755938874e-05,0.0001077903145281408,-0.0001077903145281408,-1.077903145281408e-10,0.0001077903145281408,0,-0.0001077903145281408,5.049661755938874e-05,0.0001077903145281408,-2.155817069594269e-05,0.0001077903145281408,0.0001077903145281408,-0.0001077903145281408,0.0001077903145281408,-1.077903145281408e-10,1
117.75,6.579029641354148e-05,9.593725931960289e-05,9.593725931960289e-05,-8.497784421472137e-05,0,0,9.203957725756732e-15,293.15,9.593725931960289e-11,-8.497784421472137e-05,1.840791545151347e-09,0.2,-1.91875478011799e-05,1.918745186392058e-05,1,1,9.593725931960289e-05,-9.593725931960289e-05,0,9.593725931960289e-05,6.579029641354148e-05,6.579029641354148e-05,9.593725931960289e-05,-9.593725931960289e-05,-9.593725931960289e-11,9.593725931960289e-05,0,-9.593725931960289e-05,6.579029641354148e-05,9.593725931960289e-05,-1.91875478011799e-05,9.593725931960289e-05,9.593725931960289e-05,-9.593725931960289e-05,9.593725931960289e-05,-9.593725931960289e-11,1
117.9,7.915667879283505e-05,8.230697056421471e-05,8.230697056421471e-05,-9.561815521264857e-05,0,0,6.774437403458507e-15,293.15,8.230697056421471e-11,-9.561815521264857e-05,1.354887480691701e-09,0.2,-1.646147641981351e-05,1.646139411284294e-05,1,1,8.230697056421471e-05,-8.230697056421471e-05,0,8.230697056421471e-05,7.915667879283505e-05,7.915667879283505e-05,8.230697056421471e-05,-8.230697056421471e-05,-8.230697056421471e-11,8.230697056421471e-05,0,-8.230697056421471e-05,7.915667879283505e-05,8.230697056421471e-05,-1.646147641981351e-05,8.230697056421471e-05,8.230697056421471e-05,-8.230697056421471e-05,8.230697056421471e-05,-8.230697056421471e-11,1
118.05,9.037136516619938e-05,6.727847465716724e-05,6.727847465716724e-05,-0.0001038271273761075,0,0,4.526393152195094e-15,293.15,6.727847465716723e-11,-0.0001038271273761075,9.05278630439019e-10,0.2,-1.345576220990811e-05,1.345569493143345e-05,1,1,6.727847465716724e-05,-6.727847465716724e-05,0,6.727847465716724e-05,9.037136516619938e-05,9.037136516619938e-05,6.727847465716724e-05,-6.727847465716724e-05,-6.727847465716723e-11,6.727847465716724e-05,0,-6.727847465716724e-05,9.037136516619938e-05,6.727847465716724e-05,-1.345576220990811e-05,6.727847465716724e-05,6.727847465716724e-05,-6.727847465716724e-05,6.727847465716724e-05,-6.727847465716723e-11,1
118.2,9.923219832215754e-05,5.120717169732859e-05,5.120717169732859e-05,-0.000109473683868795,0,0,2.62217443323969e-15,293.15,5.120717169732858e-11,-0.000109473683868795,5.244348866479381e-10,0.2,-1.024148554663742e-05,1.024143433946572e-05,1,1,5.120717169732859e-05,-5.120717169732859e-05,0,5.120717169732859e-05,9.923219832215754e-05,9.923219832215754e-05,5.120717169732859e-05,-5.120717169732859e-05,-5.120717169732858e-11,5.120717169732859e-05,0,-5.120717169732859e-05,9.923219832215754e-05,5.120717169732859e-05,-1.024148554663742e-05,5.120717169732859e-05,5.120717169732859e-05,-5.120717169732859e-05,5.120717169732859e-05,-5.120717169732858e-11,1
118.35,0.0001056247007842807,3.448896228910818e-05,3.448896228910818e-05,-0.0001125225277310646,0,0,1.189488519779526e-15,293.15,3.448896228910818e-11,-0.0001125225277310646,2.378977039559052e-10,0.2,-6.897826946783925e-06,6.897792457821636e-06,1,1,3.448896228910818e-05,-3.448896228910818e-05,0,3.448896228910818e-05,0.0001056247007842807,0.0001056247007842807,3.448896228910818e-05,-3.448896228910818e-05,-3.448896228910818e-11,3.448896228910818e-05,0,-3.448896228910818e-05,0.0001056247007842807,3.448896228910818e-05,-6.897826946783925e-06,3.448896228910818e-05,3.448896228910818e-05,-3.448896228910818e-05,3.448896228910818e-05,-3.448896228910818e-11,1
118.5,0.0001094925810819671,1.752058528611041e-05,1.752058528611041e-05,-0.0001129967156597744,0,0,3.069709087678687e-16,293.15,1.752058528611041e-11,-0.0001129967156597744,6.139418175357376e-11,0.2,-3.504134577807369e-06,3.504117057222083e-06,1,1,1.752058528611041e-05,-1.752058528611041e-05,0,1.752058528611041e-05,0.0001094925810819671,0.0001094925810819671,1.752058528611041e-05,-1.752058528611041e-05,-1.752058528611041e-11,1.752058528611041e-05,0,-1.752058528611041e-05,0.0001094925810819671,1.752058528611041e-05,-3.504134577807369e-06,1.752058528611041e-05,1.752058528611041e-05,-1.752058528611041e-05,1.752058528611041e-05,-1.752058528611041e-11,1
118.65,0.0001108007553130033,6.74603251599204e-07,6.74603251599204e-07,-0.0001109356766379264,0,0,4.55089547068219e-19,293.15,6.74603251599204e-13,-0.0001109356766379264,9.101790941364379e-14,0.2,-1.349213249230924e-07,1.349206503198408e-07,1,1,6.74603251599204e-07,-6.74603251599204e-07,0,6.74603251599204e-07,0.0001108007553130033,0.0001108007553130033,6.74603251599204e-07,-6.74603251599204e-07,-6.74603251599204e-13,6.74603251599204e-07,0,-6.74603251599204e-07,0.0001108007553130033,6.74603251599204e-07,-1.349213249230924e-07,6.74603251599204e-07,6.74603251599204e-07,-6.74603251599204e-07,6.74603251599204e-07,-6.74603251599204e-13,1
118.8,0.0001096211482501004,-1.567359849538454e-05,-1.567359849538454e-05,-0.000106486412877425,0,0,2.456616897945204e-16,293.15,-1.567359849538454e-11,-0.000106486412877425,4.91323379589041e-11,0.2,3.134735372675403e-06,-3.134719699076908e-06,1,1,-1.567359849538454e-05,1.567359849538454e-05,0,-1.567359849538454e-05,0.0001096211482501004,0.0001096211482501004,-1.567359849538454e-05,1.567359849538454e-05,1.567359849538454e-11,-1.567359849538454e-05,0,1.567359849538454e-05,0.0001096211482501004,-1.567359849538454e-05,3.134735372675403e-06,-1.567359849538454e-05,-1.567359849538454e-05,1.567359849538454e-05,-1.567359849538454e-05,1.567359849538454e-11,1
118.95,0.0001060500598121452,-3.117603458546202e-05,-3.117603458546202e-05,-9.981482171901822e-05,0,0,9.719451324739242e-16,293.15,-3.117603458546202e-11,-9.981482171901822e-05,1.943890264947849e-10,0.2,6.235238093126991e-06,-6.235206917092405e-06,1,1,-3.117603458546202e-05,3.117603458546202e-05,0,-3.117603458546202e-05,0.0001060500598121452,0.0001060500598121452,-3.117603458546202e-05,3.117603458546202e-05,3.117603458546202e-11,-3.117603458546202e-05,0,3.117603458546202e-05,0.0001060500598121452,-3.117603458546202e-05,6.235238093126991e-06,-3.117603458546202e-05,-3.117603458546202e-05,3.117603458546202e-05,-3.117603458546202e-05,3.117603458546202e-11,1
119.1,0.0001002268226308814,-4.551560500712862e-05,-4.551560500712862e-05,-9.112365611385072e-05,0,0,2.071670299164952e-15,293.15,-4.551560500712861e-11,-9.112365611385072e-05,4.143340598329904e-10,0.2,9.103166517030732e-06,-9.103121001425724e-06,1,1,-4.551560500712862e-05,4.551560500712862e-05,0,-4.551560500712862e-05,0.0001002268226308814,0.0001002268226308814,-4.551560500712862e-05,4.551560500712862e-05,4.551560500712861e-11,-4.551560500712862e-05,0,4.551560500712862e-05,0.0001002268226308814,-4.551560500712862e-05,9.103166517030732e-06,-4.551560500712862e-05,-4.551560500712862e-05,4.551560500712862e-05,-4.551560500712862e-05,4.551560500712861e-11,1
119.25,9.237325110186833e-05,-5.841532646052912e-05,-5.841532646052912e-05,-8.069012739443605e-05,0,0,3.412350365490194e-15,293.15,-5.841532646052912e-11,-8.069012739443605e-05,6.824700730980388e-10,0.2,1.168312370743228e-05,-1.168306529210582e-05,1,1,-5.841532646052912e-05,5.841532646052912e-05,0,-5.841532646052912e-05,9.237325110186833e-05,9.237325110186833e-05,-5.841532646052912e-05,5.841532646052912e-05,5.841532646052912e-11,-5.841532646052912e-05,0,5.841532646052912e-05,9.237325110186833e-05,-5.841532646052912e-05,1.168312370743228e-05,-5.841532646052912e-05,-5.841532646052912e-05,5.841532646052912e-05,-5.841532646052912e-05,5.841532646052912e-11,1
119.4,8.269819255369986e-05,-6.96213440261429e-05,-6.96213440261429e-05,-6.877385412712725e-05,0,0,4.847131544006544e-15,293.15,-6.96213440261429e-11,-6.877385412712725e-05,9.694263088013089e-10,0.2,1.392433842657261e-05,-1.392426880522858e-05,1,1,-6.96213440261429e-05,6.96213440261429e-05,0,-6.96213440261429e-05,8.269819255369986e-05,8.269819255369986e-05,-6.96213440261429e-05,6.96213440261429e-05,6.96213440261429e-11,-6.96213440261429e-05,0,6.96213440261429e-05,8.269819255369986e-05,-6.96213440261429e-05,1.392433842657261e-05,-6.96213440261429e-05,-6.96213440261429e-05,6.96213440261429e-05,-6.96213440261429e-05,6.96213440261429e-11,1
119.55,7.14852732029173e-05,-7.894472273423732e-05,-7.894472273423732e-05,-5.56962497113471e-05,0,0,6.232269247585607e-15,293.15,-7.894472273423732e-11,-5.56962497113471e-05,1.246453849517121e-09,0.2,1.57890234915702e-05,-1.578894454684746e-05,1,1,-7.894472273423732e-05,7.894472273423732e-05,0,-7.894472273423732e-05,7.14852732029173e-05,7.14852732029173e-05,-7.894472273423732e-05,7.894472273423732e-05,7.894472273423732e-11,-7.894472273423732e-05,0,7.894472273423732e-05,7.14852732029173e-05,-7.894472273423732e-05,1.57890234915702e-05,-7.894472273423732e-05,-7.894472273423732e-05,7.894472273423732e-05,-7.894472273423732e-05,7.894472273423732e-11,1
119.7,5.903775759541908e-05,-8.624189244191383e-05,-8.624189244191383e-05,-4.178929286514387e-05,0,0,7.437664011962633e-15,293.15,-8.624189244191382e-11,-4.178929286514387e-05,1.487532802392527e-09,0.2,1.724846473027521e-05,-1.724837848838277e-05,1,1,-8.624189244191383e-05,8.624189244191383e-05,0,-8.624189244191383e-05,5.903775759541908e-05,5.903775759541908e-05,-8.624189244191383e-05,8.624189244191383e-05,8.624189244191382e-11,-8.624189244191383e-05,0,8.624189244191383e-05,5.903775759541908e-05,-8.624189244191383e-05,1.724846473027521e-05,-8.624189244191383e-05,-8.624189244191383e-05,8.624189244191383e-05,-8.624189244191383e-05,8.624189244191382e-11,1
119.85,4.564982119471098e-05,-9.139462948776405e-05,-9.139462948776405e-05,-2.737080390252868e-05,0,0,8.35297829920567e-15,293.15,-9.139462948776404e-11,-2.737080390252868e-05,1.670595659841134e-09,0.2,1.82790172921823e-05,-1.827892589755281e-05,1,1,-9.139462948776405e-05,9.139462948776405e-05,0,-9.139462948776405e-05,4.564982119471098e-05,4.564982119471098e-05,-9.139462948776405e-05,9.139462948776405e-05,9.139462948776404e-11,-9.139462948776405e-05,0,9.139462948776405e-05,4.564982119471098e-05,-9.139462948776405e-05,1.82790172921823e-05,-9.139462948776405e-05,-9.139462948776405e-05,9.139462948776405e-05,-9.139462948776405e-05,9.139462948776404e-11,1
120,3.16610525987309e-05,-9.437179046963275e-05,-9.437179046963275e-05,-1.278660013301388e-05,0,0,8.906034836444265e-15,293.15,-9.437179046963274e-11,-1.278660013301388e-05,1.781206967288853e-09,0.2,1.887445246571702e-05,-1.887435809392655e-05,1,1,-9.437179046963275e-05,9.437179046963275e-05,0,-9.437179046963275e-05,3.16610525987309e-05,3.16610525987309e-05,-9.437179046963275e-05,9.437179046963275e-05,9.437179046963274e-11,-9.437179046963275e-05,0,9.437179046963275e-05,3.16610525987309e-05,-9.437179046963275e-05,1.887445246571702e-05,-9.437179046963275e-05,-9.437179046963275e-05,9.437179046963275e-05,-9.437179046963275e-05,9.437179046963274e-11,1
120.15,1.739740860904295e-05,-9.51673088052254e-05,-9.51673088052254e-05,1.636148319310941e-06,0,0,9.056816665229132e-15,293.15,-9.516730880522539e-11,1.636148319310941e-06,1.811363333045827e-09,0.2,1.903355692835389e-05,-1.903346176104508e-05,1,1,-9.51673088052254e-05,9.51673088052254e-05,0,-9.51673088052254e-05,1.739740860904295e-05,1.739740860904295e-05,-9.51673088052254e-05,9.51673088052254e-05,9.516730880522539e-11,-9.51673088052254e-05,0,9.51673088052254e-05,1.739740860904295e-05,-9.51673088052254e-05,1.903355692835389e-05,-9.51673088052254e-05,-9.51673088052254e-05,9.51673088052254e-05,-9.51673088052254e-05,9.516730880522539e-11,1
120.3,3.178335118404217e-06,-9.382146469043249e-05,-9.382146469043249e-05,1.558605164114697e-05,0,0,8.80246723665807e-15,293.15,-9.382146469043248e-11,1.558605164114697e-05,1.760493447331614e-09,0.2,1.876438675955119e-05,-1.87642929380865e-05,1,1,-9.382146469043249e-05,9.382146469043249e-05,0,-9.382146469043249e-05,3.178335118404217e-06,3.178335118404217e-06,-9.382146469043249e-05,9.382146469043249e-05,9.382146469043248e-11,-9.382146469043249e-05,0,9.382146469043249e-05,3.178335118404217e-06,-9.382146469043249e-05,1.876438675955119e-05,-9.382146469043249e-05,-9.382146469043249e-05,9.382146469043249e-05,-9.382146469043249e-05,9.382146469043248e-11,1
120.45,-1.067710402410244e-05,-9.045054199961776e-05,-9.045054199961776e-05,2.876730287456799e-05,0,0,8.181300548024616e-15,293.15,-9.045054199961775e-11,2.876730287456799e-05,1.636260109604923e-09,0.2,1.809019885046555e-05,-1.809010839992355e-05,1,1,-9.045054199961776e-05,9.045054199961776e-05,0,-9.045054199961776e-05,-1.067710402410244e-05,-1.067710402410244e-05,-9.045054199961776e-05,9.045054199961776e-05,9.045054199961775e-11,-9.045054199961776e-05,0,9.045054199961776e-05,-1.067710402410244e-05,-9.045054199961776e-05,1.809019885046555e-05,-9.045054199961776e-05,-9.045054199961776e-05,9.045054199961776e-05,-9.045054199961776e-05,9.045054199961775e-11,1
120.6,-2.387446842796786e-05,-8.516334006318385e-05,-8.516334006318385e-05,4.09072216039447e-05,0,0,7.252794490717495e-15,293.15,-8.516334006318385e-11,4.09072216039447e-05,1.450558898143499e-09,0.2,1.703275317597684e-05,-1.703266801263677e-05,1,1,-8.516334006318385e-05,8.516334006318385e-05,0,-8.516334006318385e-05,-2.387446842796786e-05,-2.387446842796786e-05,-8.516334006318385e-05,8.516334006318385e-05,8.516334006318385e-11,-8.516334006318385e-05,0,8.516334006318385e-05,-2.387446842796786e-05,-8.516334006318385e-05,1.703275317597684e-05,-8.516334006318385e-05,-8.516334006318385e-05,8.516334006318385e-05,-8.516334006318385e-05,8.516334006318385e-11,1
120.75,-3.614204305201773e-05,-7.815155575611291e-05,-7.815155575611291e-05,5.177243235479607e-05,0,0,6.107665667100825e-15,293.15,-7.815155575611291e-11,5.177243235479607e-05,1.221533133420165e-09,0.2,1.563038930277834e-05,-1.563031115122258e-05,1,1,-7.815155575611291e-05,7.815155575611291e-05,0,-7.815155575611291e-05,-3.614204305201773e-05,-3.614204305201773e-05,-7.815155575611291e-05,7.815155575611291e-05,7.815155575611291e-11,-7.815155575611291e-05,0,7.815155575611291e-05,-3.614204305201773e-05,-7.815155575611291e-05,1.563038930277834e-05,-7.815155575611291e-05,-7.815155575611291e-05,7.815155575611291e-05,-7.815155575611291e-05,7.815155575611291e-11,1
120.9,-4.723749410189367e-05,-6.962933217842919e-05,-6.962933217842919e-05,6.116343016691169e-05,0,0,4.848243899614035e-15,293.15,-6.962933217842919e-11,6.116343016691169e-05,9.696487799228071e-10,0.2,1.392593606501802e-05,-1.392586643568584e-05,1,1,-6.962933217842919e-05,6.962933217842919e-05,0,-6.962933217842919e-05,-4.723749410189367e-05,-4.723749410189367e-05,-6.962933217842919e-05,6.962933217842919e-05,6.962933217842919e-11,-6.962933217842919e-05,0,6.962933217842919e-05,-4.723749410189367e-05,-6.962933217842919e-05,1.392593606501802e-05,-6.962933217842919e-05,-6.962933217842919e-05,6.962933217842919e-05,-6.962933217842919e-05,6.962933217842919e-11,1
121.05,-5.69438589841961e-05,-5.981193681215601e-05,-5.981193681215601e-05,6.890630615856411e-05,0,0,3.577467785221343e-15,293.15,-5.981193681215601e-11,6.890630615856411e-05,7.154935570442686e-10,0.2,1.196244717436801e-05,-1.19623873624312e-05,1,1,-5.981193681215601e-05,5.981193681215601e-05,0,-5.981193681215601e-05,-5.69438589841961e-05,-5.69438589841961e-05,-5.981193681215601e-05,5.981193681215601e-05,5.981193681215601e-11,-5.981193681215601e-05,0,5.981193681215601e-05,-5.69438589841961e-05,-5.981193681215601e-05,1.196244717436801e-05,-5.981193681215601e-05,-5.981193681215601e-05,5.981193681215601e-05,-5.981193681215601e-05,5.981193681215601e-11,1
121.2,-6.509727485774311e-05,-4.897257755306041e-05,-4.897257755306041e-05,7.489183934093275e-05,0,0,2.398313352190516e-15,293.15,-4.89725775530604e-11,7.489183934093275e-05,4.796626704381033e-10,0.2,9.794564483189636e-06,-9.794515510612083e-06,1,1,-4.897257755306041e-05,4.897257755306041e-05,0,-4.897257755306041e-05,-6.509727485774311e-05,-6.509727485774311e-05,-4.897257755306041e-05,4.897257755306041e-05,4.89725775530604e-11,-4.897257755306041e-05,0,4.897257755306041e-05,-6.509727485774311e-05,-4.897257755306041e-05,9.794564483189636e-06,-4.897257755306041e-05,-4.897257755306041e-05,4.897257755306041e-05,-4.897257755306041e-05,4.89725775530604e-11,1
121.35,-7.155909628956997e-05,-3.737806212099496e-05,-3.737806212099496e-05,7.903474609183109e-05,0,0,1.397119527920958e-15,293.15,-3.737806212099496e-11,7.903474609183109e-05,2.794239055841916e-10,0.2,7.475649802261113e-06,-7.475612424198992e-06,1,1,-3.737806212099496e-05,3.737806212099496e-05,0,-3.737806212099496e-05,-7.155909628956997e-05,-7.155909628956997e-05,-3.737806212099496e-05,3.737806212099496e-05,3.737806212099496e-11,-3.737806212099496e-05,0,3.737806212099496e-05,-7.155909628956997e-05,-3.737806212099496e-05,7.475649802261113e-06,-3.737806212099496e-05,-3.737806212099496e-05,3.737806212099496e-05,-3.737806212099496e-05,3.737806212099496e-11,1
121.5,-7.623384337363117e-05,-2.53031883041698e-05,-2.53031883041698e-05,8.129450633765343e-05,0,0,6.402513383562752e-16,293.15,-2.53031883041698e-11,8.129450633765343e-05,1.280502676712551e-10,0.2,5.060662964022264e-06,-5.06063766083396e-06,1,1,-2.53031883041698e-05,2.53031883041698e-05,0,-2.53031883041698e-05,-7.623384337363117e-05,-7.623384337363117e-05,-2.53031883041698e-05,2.53031883041698e-05,2.53031883041698e-11,-2.53031883041698e-05,0,2.53031883041698e-05,-7.623384337363117e-05,-2.53031883041698e-05,5.060662964022264e-06,-2.53031883041698e-05,-2.53031883041698e-05,2.53031883041698e-05,-2.53031883041698e-05,2.53031883041698e-11,1
121.65,-7.90873397568648e-05,-1.303945925517754e-05,-1.303945925517754e-05,8.169524464735956e-05,0,0,1.700274976674353e-16,293.15,-1.303945925517754e-11,8.169524464735956e-05,3.400549953348706e-11,0.2,2.607904890494764e-06,-2.607891851035509e-06,1,1,-1.303945925517754e-05,1.303945925517754e-05,0,-1.303945925517754e-05,-7.90873397568648e-05,-7.90873397568648e-05,-1.303945925517754e-05,1.303945925517754e-05,1.303945925517754e-11,-1.303945925517754e-05,0,1.303945925517754e-05,-7.90873397568648e-05,-1.303945925517754e-05,2.607904890494764e-06,-1.303945925517754e-05,-1.303945925517754e-05,1.303945925517754e-05,-1.303945925517754e-05,1.303945925517754e-11,1
121.8,-8.008889354333746e-05,-8.560168101845792e-07,-8.560168101845792e-07,8.026009776139119e-05,0,0,7.327647793185819e-19,293.15,-8.560168101845792e-13,8.026009776139119e-05,1.465529558637164e-13,0.2,1.712042180537261e-07,-1.712033620369159e-07,1,1,-8.560168101845792e-07,8.560168101845792e-07,0,-8.560168101845792e-07,-8.008889354333746e-05,-8.008889354333746e-05,-8.560168101845792e-07,8.560168101845792e-07,8.560168101845792e-13,-8.560168101845792e-07,0,8.560168101845792e-07,-8.008889354333746e-05,-8.560168101845792e-07,1.712042180537261e-07,-8.560168101845792e-07,-8.560168101845792e-07,8.560168101845792e-07,-8.560168101845792e-07,8.560168101845792e-13,1
121.95,-7.928766966010957e-05,1.09757957578502e-05,1.09757957578502e-05,7.709249953274377e-05,0,0,1.204680925180424e-16,293.15,1.09757957578502e-11,7.709249953274377e-05,2.409361850360849e-11,0.2,-2.195170127365798e-06,2.19515915157004e-06,1,1,1.09757957578502e-05,-1.09757957578502e-05,0,1.09757957578502e-05,-7.928766966010957e-05,-7.928766966010957e-05,1.09757957578502e-05,-1.09757957578502e-05,-1.09757957578502e-11,1.09757957578502e-05,0,-1.09757957578502e-05,-7.928766966010957e-05,1.09757957578502e-05,-2.195170127365798e-06,1.09757957578502e-05,1.09757957578502e-05,-1.09757957578502e-05,1.09757957578502e-05,-1.09757957578502e-11,1
122.1,-7.676074264667513e-05,2.220404822062339e-05,2.220404822062339e-05,7.231991079850223e-05,0,0,4.930197573837686e-16,293.15,2.220404822062339e-11,7.231991079850223e-05,9.86039514767537e-11,0.2,-4.440831848172897e-06,4.440809644124677e-06,1,1,2.220404822062339e-05,-2.220404822062339e-05,0,2.220404822062339e-05,-7.676074264667513e-05,-7.676074264667513e-05,2.220404822062339e-05,-2.220404822062339e-05,-2.220404822062339e-11,2.220404822062339e-05,0,-2.220404822062339e-05,-7.676074264667513e-05,2.220404822062339e-05,-4.440831848172897e-06,2.220404822062339e-05,2.220404822062339e-05,-2.220404822062339e-05,2.220404822062339e-05,-2.220404822062339e-11,1
122.25,-7.259857122720311e-05,3.259761303301476e-05,3.259761303301476e-05,6.607901602298712e-05,0,0,1.062604375450174e-15,293.15,3.259761303301476e-11,6.607901602298712e-05,2.125208750900347e-10,0.2,-6.519555204215985e-06,6.519522606602952e-06,1,1,3.259761303301476e-05,-3.259761303301476e-05,0,3.259761303301476e-05,-7.259857122720311e-05,-7.259857122720311e-05,3.259761303301476e-05,-3.259761303301476e-05,-3.259761303301476e-11,3.259761303301476e-05,0,-3.259761303301476e-05,-7.259857122720311e-05,3.259761303301476e-05,-6.519555204215985e-06,3.259761303301476e-05,3.259761303301476e-05,-3.259761303301476e-05,3.259761303301476e-05,-3.259761303301476e-11,1
122.4,-6.696034189778249e-05,4.195508175045988e-05,4.195508175045988e-05,5.856928359260876e-05,0,0,1.760228884687772e-15,293.15,4.195508175045988e-11,5.856928359260876e-05,3.520457769375544e-10,0.2,-8.391058305173728e-06,8.391016350091977e-06,1,1,4.195508175045988e-05,-4.195508175045988e-05,0,4.195508175045988e-05,-6.696034189778249e-05,-6.696034189778249e-05,4.195508175045988e-05,-4.195508175045988e-05,-4.195508175045988e-11,4.195508175045988e-05,0,-4.195508175045988e-05,-6.696034189778249e-05,4.195508175045988e-05,-8.391058305173728e-06,4.195508175045988e-05,4.195508175045988e-05,-4.195508175045988e-05,4.195508175045988e-05,-4.195508175045988e-11,1
122.55,-6.000875681248051e-05,5.009683838067538e-05,5.009683838067538e-05,4.998933903950705e-05,0,0,2.50969321573951e-15,293.15,5.009683838067538e-11,4.998933903950705e-05,5.01938643147902e-10,0.2,-1.001941777297346e-05,1.001936767613508e-05,1,1,5.009683838067538e-05,-5.009683838067538e-05,0,5.009683838067538e-05,-6.000875681248051e-05,-6.000875681248051e-05,5.009683838067538e-05,-5.009683838067538e-05,-5.009683838067538e-11,5.009683838067538e-05,0,-5.009683838067538e-05,-6.000875681248051e-05,5.009683838067538e-05,-1.001941777297346e-05,5.009683838067538e-05,5.009683838067538e-05,-5.009683838067538e-05,5.009683838067538e-05,-5.009683838067538e-11,1
122.7,-5.193352476816362e-05,5.687835056742494e-05,5.687835056742494e-05,4.055779777632806e-05,0,0,3.235146763270889e-15,293.15,5.687835056742494e-11,4.055779777632806e-05,6.470293526541779e-10,0.2,-1.137572699183556e-05,1.137567011348499e-05,1,1,5.687835056742494e-05,-5.687835056742494e-05,0,5.687835056742494e-05,-5.193352476816362e-05,-5.193352476816362e-05,5.687835056742494e-05,-5.687835056742494e-05,-5.687835056742494e-11,5.687835056742494e-05,0,-5.687835056742494e-05,-5.193352476816362e-05,5.687835056742494e-05,-1.137572699183556e-05,5.687835056742494e-05,5.687835056742494e-05,-5.687835056742494e-05,5.687835056742494e-05,-5.687835056742494e-11,1
122.85,-4.296091943554036e-05,6.220033930604528e-05,6.220033930604528e-05,3.0520789373992e-05,0,0,3.868882209787161e-15,293.15,6.220033930604527e-11,3.0520789373992e-05,7.737764419574323e-10,0.2,-1.244013006154836e-05,1.244006786120906e-05,1,1,6.220033930604528e-05,-6.220033930604528e-05,0,6.220033930604528e-05,-4.296091943554036e-05,-4.296091943554036e-05,6.220033930604528e-05,-6.220033930604528e-05,-6.220033930604527e-11,6.220033930604528e-05,0,-6.220033930604528e-05,-4.296091943554036e-05,6.220033930604528e-05,-1.244013006154836e-05,6.220033930604528e-05,6.220033930604528e-05,-6.220033930604528e-05,6.220033930604528e-05,-6.220033930604527e-11,1
123,-3.330096584714692e-05,6.597270095293363e-05,6.597270095293363e-05,2.010635968385924e-05,0,0,4.35239727102521e-15,293.15,6.597270095293362e-11,2.010635968385924e-05,8.704794542050421e-10,0.2,-1.319460616328768e-05,1.319454019058673e-05,1,1,6.597270095293363e-05,-6.597270095293363e-05,0,6.597270095293363e-05,-3.330096584714692e-05,-3.330096584714692e-05,6.597270095293363e-05,-6.597270095293363e-05,-6.597270095293362e-11,6.597270095293363e-05,0,-6.597270095293363e-05,-3.330096584714692e-05,6.597270095293363e-05,-1.319460616328768e-05,6.597270095293363e-05,6.597270095293363e-05,-6.597270095293363e-05,6.597270095293363e-05,-6.597270095293362e-11,1
123.15,-2.319805481075407e-05,6.817065928417905e-05,6.817065928417905e-05,9.563854783258977e-06,0,0,4.647238787239628e-15,293.15,6.817065928417906e-11,9.563854783258977e-06,9.294477574479257e-10,0.2,-1.36342000274951e-05,1.363413185683581e-05,1,1,6.817065928417905e-05,-6.817065928417905e-05,0,6.817065928417905e-05,-2.319805481075407e-05,-2.319805481075407e-05,6.817065928417905e-05,-6.817065928417905e-05,-6.817065928417906e-11,6.817065928417905e-05,0,-6.817065928417905e-05,-2.319805481075407e-05,6.817065928417905e-05,-1.36342000274951e-05,6.817065928417905e-05,6.817065928417905e-05,-6.817065928417905e-05,6.817065928417905e-05,-6.817065928417906e-11,1
123.3,-1.289138983950262e-05,6.879622102103803e-05,6.879622102103803e-05,-8.679231609260043e-07,0,0,4.732920026775515e-15,293.15,6.879622102103803e-11,-8.679231609260043e-07,9.465840053551031e-10,0.2,-1.375931300042863e-05,1.375924420420761e-05,1,1,6.879622102103803e-05,-6.879622102103803e-05,0,6.879622102103803e-05,-1.289138983950262e-05,-1.289138983950262e-05,6.879622102103803e-05,-6.879622102103803e-05,-6.879622102103803e-11,6.879622102103803e-05,0,-6.879622102103803e-05,-1.289138983950262e-05,6.879622102103803e-05,-1.375931300042863e-05,6.879622102103803e-05,6.879622102103803e-05,-6.879622102103803e-05,6.879622102103803e-05,-6.879622102103803e-11,1
123.45,-2.609004775728815e-06,6.786909256285977e-05,6.786909256285977e-05,-1.09648816059357e-05,0,0,4.606213725306027e-15,293.15,6.786909256285977e-11,-1.09648816059357e-05,9.212427450612056e-10,0.2,-1.357388638166452e-05,1.357381851257196e-05,1,1,6.786909256285977e-05,-6.786909256285977e-05,0,6.786909256285977e-05,-2.609004775728815e-06,-2.609004775728815e-06,6.786909256285977e-05,-6.786909256285977e-05,-6.786909256285977e-11,6.786909256285977e-05,0,-6.786909256285977e-05,-2.609004775728815e-06,6.786909256285977e-05,-1.357388638166452e-05,6.786909256285977e-05,6.786909256285977e-05,-6.786909256285977e-05,6.786909256285977e-05,-6.786909256285977e-11,1
123.6,7.417873305816148e-06,6.547222074943376e-05,6.547222074943376e-05,-2.051238292792365e-05,0,0,4.286611689862585e-15,293.15,6.547222074943376e-11,-2.051238292792365e-05,8.573223379725169e-10,0.2,-1.30945096221075e-05,1.309444414988675e-05,1,1,6.547222074943376e-05,-6.547222074943376e-05,0,6.547222074943376e-05,7.417873305816148e-06,7.417873305816148e-06,6.547222074943376e-05,-6.547222074943376e-05,-6.547222074943376e-11,6.547222074943376e-05,0,-6.547222074943376e-05,7.417873305816148e-06,6.547222074943376e-05,-1.30945096221075e-05,6.547222074943376e-05,6.547222074943376e-05,-6.547222074943376e-05,6.547222074943376e-05,-6.547222074943376e-11,1
123.75,1.697470571043663e-05,6.169533799698668e-05,6.169533799698668e-05,-2.931383500517196e-05,0,0,3.806314730562428e-15,293.15,6.169533799698667e-11,-2.931383500517196e-05,7.612629461124858e-10,0.2,-1.233912929473533e-05,1.233906759939734e-05,1,1,6.169533799698668e-05,-6.169533799698668e-05,0,6.169533799698668e-05,1.697470571043663e-05,1.697470571043663e-05,6.169533799698668e-05,-6.169533799698668e-05,-6.169533799698667e-11,6.169533799698668e-05,0,-6.169533799698668e-05,1.697470571043663e-05,6.169533799698668e-05,-1.233912929473533e-05,6.169533799698668e-05,6.169533799698668e-05,-6.169533799698668e-05,6.169533799698668e-05,-6.169533799698667e-11,1
123.9,2.586488178383137e-05,5.666177268338463e-05,5.666177268338463e-05,-3.719729298228098e-05,0,0,3.210556483623553e-15,293.15,5.666177268338463e-11,-3.719729298228098e-05,6.421112967247106e-10,0.2,-1.133241119844961e-05,1.133235453667693e-05,1,1,5.666177268338463e-05,-5.666177268338463e-05,0,5.666177268338463e-05,2.586488178383137e-05,2.586488178383137e-05,5.666177268338463e-05,-5.666177268338463e-05,-5.666177268338463e-11,5.666177268338463e-05,0,-5.666177268338463e-05,2.586488178383137e-05,5.666177268338463e-05,-1.133241119844961e-05,5.666177268338463e-05,5.666177268338463e-05,-5.666177268338463e-05,5.666177268338463e-05,-5.666177268338463e-11,1
124.05,3.391407857668189e-05,5.053373444116181e-05,5.053373444116181e-05,-4.40208759986487e-05,0,0,2.553658316569863e-15,293.15,5.053373444116181e-11,-4.40208759986487e-05,5.107316633139727e-10,0.2,-1.01067974219668e-05,1.010674688823236e-05,1,1,5.053373444116181e-05,-5.053373444116181e-05,0,5.053373444116181e-05,3.391407857668189e-05,3.391407857668189e-05,5.053373444116181e-05,-5.053373444116181e-05,-5.053373444116181e-11,5.053373444116181e-05,0,-5.053373444116181e-05,3.391407857668189e-05,5.053373444116181e-05,-1.01067974219668e-05,5.053373444116181e-05,5.053373444116181e-05,-5.053373444116181e-05,5.053373444116181e-05,-5.053373444116181e-11,1
124.2,4.096258947739888e-05,4.34632027109121e-05,4.34632027109121e-05,-4.965527348278401e-05,0,0,1.889049989889837e-15,293.15,4.34632027109121e-11,-4.965527348278401e-05,3.778099979779675e-10,0.2,-8.692684005385132e-06,8.692640542182422e-06,1,1,4.34632027109121e-05,-4.34632027109121e-05,0,4.34632027109121e-05,4.096258947739888e-05,4.096258947739888e-05,4.34632027109121e-05,-4.34632027109121e-05,-4.34632027109121e-11,4.34632027109121e-05,0,-4.34632027109121e-05,4.096258947739888e-05,4.34632027109121e-05,-8.692684005385132e-06,4.34632027109121e-05,4.34632027109121e-05,-4.34632027109121e-05,4.34632027109121e-05,-4.34632027109121e-11,1
124.35,4.689056198510048e-05,3.564630723230353e-05,3.564630723230353e-05,-5.401985907786842e-05,0,0,1.270659219299775e-15,293.15,3.564630723230353e-11,-5.401985907786842e-05,2.54131843859955e-10,0.2,-7.129297092767939e-06,7.129261446460707e-06,1,1,3.564630723230353e-05,-3.564630723230353e-05,0,3.564630723230353e-05,4.689056198510048e-05,4.689056198510048e-05,3.564630723230353e-05,-3.564630723230353e-05,-3.564630723230353e-11,3.564630723230353e-05,0,-3.564630723230353e-05,4.689056198510048e-05,3.564630723230353e-05,-7.129297092767939e-06,3.564630723230353e-05,3.564630723230353e-05,-3.564630723230353e-05,3.564630723230353e-05,-3.564630723230353e-11,1
124.5,5.160177091145788e-05,2.728069040390332e-05,2.728069040390332e-05,-5.705793627292894e-05,0,0,7.442360689136229e-16,293.15,2.728069040390332e-11,-5.705793627292894e-05,1.488472137827246e-10,0.2,-5.456165361471069e-06,5.456138080780666e-06,1,1,2.728069040390332e-05,-2.728069040390332e-05,0,2.728069040390332e-05,5.160177091145788e-05,5.160177091145788e-05,2.728069040390332e-05,-2.728069040390332e-05,-2.728069040390332e-11,2.728069040390332e-05,0,-2.728069040390332e-05,5.160177091145788e-05,2.728069040390332e-05,-5.456165361471069e-06,2.728069040390332e-05,2.728069040390332e-05,-2.728069040390332e-05,2.728069040390332e-05,-2.728069040390332e-11,1
124.65,5.502031526592161e-05,1.855997697890104e-05,1.855997697890104e-05,-5.873232922167879e-05,0,0,3.444727454573365e-16,293.15,1.855997697890104e-11,-5.873232922167879e-05,6.889454909146731e-11,0.2,-3.712013955757187e-06,3.711995395780208e-06,1,1,1.855997697890104e-05,-1.855997697890104e-05,0,1.855997697890104e-05,5.502031526592161e-05,5.502031526592161e-05,1.855997697890104e-05,-1.855997697890104e-05,-1.855997697890104e-11,1.855997697890104e-05,0,-1.855997697890104e-05,5.502031526592161e-05,1.855997697890104e-05,-3.712013955757187e-06,1.855997697890104e-05,1.855997697890104e-05,-1.855997697890104e-05,1.855997697890104e-05,-1.855997697890104e-11,1
124.8,5.712069188348629e-05,9.695306836099405e-06,9.695306836099405e-06,-5.905976294601301e-05,0,0,9.399897464611586e-17,293.15,9.695306836099406e-12,-5.905976294601301e-05,1.879979492922317e-11,0.2,-1.939071062526717e-06,1.939061367219881e-06,1,1,9.695306836099405e-06,-9.695306836099405e-06,0,9.695306836099405e-06,5.712069188348629e-05,5.712069188348629e-05,9.695306836099405e-06,-9.695306836099405e-06,-9.695306836099406e-12,9.695306836099405e-06,0,-9.695306836099405e-06,5.712069188348629e-05,9.695306836099405e-06,-1.939071062526717e-06,9.695306836099405e-06,9.695306836099405e-06,-9.695306836099405e-06,9.695306836099405e-06,-9.695306836099406e-12,1
124.95,5.788866634211959e-05,8.852272303497506e-07,8.852272303497506e-07,-5.806571267341677e-05,0,0,7.836272493526904e-19,293.15,8.852272303497506e-13,-5.806571267341677e-05,1.567254498705381e-13,0.2,-1.770463312971805e-07,1.770454460699501e-07,1,1,8.852272303497506e-07,-8.852272303497506e-07,0,8.852272303497506e-07,5.788866634211959e-05,5.788866634211959e-05,8.852272303497506e-07,-8.852272303497506e-07,-8.852272303497506e-13,8.852272303497506e-07,0,-8.852272303497506e-07,5.788866634211959e-05,8.852272303497506e-07,-1.770463312971805e-07,8.852272303497506e-07,8.852272303497506e-07,-8.852272303497506e-07,8.852272303497506e-07,-8.852272303497506e-13,1
125.1,5.734744327840527e-05,-7.677614877632665e-06,-7.677614877632665e-06,-5.581191262526386e-05,0,0,5.894577020924645e-17,293.15,-7.677614877632665e-12,-5.581191262526386e-05,1.178915404184929e-11,0.2,1.535530653141411e-06,-1.535522975526533e-06,1,1,-7.677614877632665e-06,7.677614877632665e-06,0,-7.677614877632665e-06,5.734744327840527e-05,5.734744327840527e-05,-7.677614877632665e-06,7.677614877632665e-06,7.677614877632665e-12,-7.677614877632665e-06,0,7.677614877632665e-06,5.734744327840527e-05,-7.677614877632665e-06,1.535530653141411e-06,-7.677614877632665e-06,-7.677614877632665e-06,7.677614877632665e-06,-7.677614877632665e-06,7.677614877632665e-12,1
125.25,5.555935032061337e-05,-1.580999929076586e-05,-1.580999929076586e-05,-5.23973346524609e-05,0,0,2.499560775740169e-16,293.15,-1.580999929076586e-11,-5.23973346524609e-05,4.999121551480339e-11,0.2,3.162015668152463e-06,-3.161999858153172e-06,1,1,-1.580999929076586e-05,1.580999929076586e-05,0,-1.580999929076586e-05,5.555935032061337e-05,5.555935032061337e-05,-1.580999929076586e-05,1.580999929076586e-05,1.580999929076586e-11,-1.580999929076586e-05,0,1.580999929076586e-05,5.555935032061337e-05,-1.580999929076586e-05,3.162015668152463e-06,-1.580999929076586e-05,-1.580999929076586e-05,1.580999929076586e-05,-1.580999929076586e-05,1.580999929076586e-11,1
125.4,5.2585276581289e-05,-2.334335700721741e-05,-2.334335700721741e-05,-4.791658183648851e-05,0,0,5.449123163664061e-16,293.15,-2.334335700721741e-11,-4.791658183648851e-05,1.089824632732812e-10,0.2,4.668694744800489e-06,-4.668671401443482e-06,1,1,-2.334335700721741e-05,2.334335700721741e-05,0,-2.334335700721741e-05,5.2585276581289e-05,5.2585276581289e-05,-2.334335700721741e-05,2.334335700721741e-05,2.334335700721741e-11,-2.334335700721741e-05,0,2.334335700721741e-05,5.2585276581289e-05,-2.334335700721741e-05,4.668694744800489e-06,-2.334335700721741e-05,-2.334335700721741e-05,2.334335700721741e-05,-2.334335700721741e-05,2.334335700721741e-11,1
125.55,4.853867881747942e-05,-3.013126966714111e-05,-3.013126966714111e-05,-4.251239475278152e-05,0,0,9.078934117539776e-16,293.15,-3.013126966714111e-11,-4.251239475278152e-05,1.815786823507955e-10,0.2,6.026284064697889e-06,-6.026253933428222e-06,1,1,-3.013126966714111e-05,3.013126966714111e-05,0,-3.013126966714111e-05,4.853867881747942e-05,4.853867881747942e-05,-3.013126966714111e-05,3.013126966714111e-05,3.013126966714111e-11,-3.013126966714111e-05,0,3.013126966714111e-05,4.853867881747942e-05,-3.013126966714111e-05,6.026284064697889e-06,-3.013126966714111e-05,-3.013126966714111e-05,3.013126966714111e-05,-3.013126966714111e-05,3.013126966714111e-11,1
125.7,4.354304518196719e-05,-3.604612289039129e-05,-3.604612289039129e-05,-3.633378455776604e-05,0,0,1.299322975429191e-15,293.15,-3.604612289039129e-11,-3.633378455776604e-05,2.598645950858382e-10,0.2,7.209260624201149e-06,-7.209224578078259e-06,1,1,-3.604612289039129e-05,3.604612289039129e-05,0,-3.604612289039129e-05,4.354304518196719e-05,4.354304518196719e-05,-3.604612289039129e-05,3.604612289039129e-05,3.604612289039129e-11,-3.604612289039129e-05,0,3.604612289039129e-05,4.354304518196719e-05,-3.604612289039129e-05,7.209260624201149e-06,-3.604612289039129e-05,-3.604612289039129e-05,3.604612289039129e-05,-3.604612289039129e-05,3.604612289039129e-11,1
125.85,3.772813945024827e-05,-4.097882225519508e-05,-4.097882225519508e-05,-2.953233402038699e-05,0,0,1.679263873422872e-15,293.15,-4.097882225519508e-11,-2.953233402038699e-05,3.358527746845744e-10,0.2,8.195805429861273e-06,-8.195764451039017e-06,1,1,-4.097882225519508e-05,4.097882225519508e-05,0,-4.097882225519508e-05,3.772813945024827e-05,3.772813945024827e-05,-4.097882225519508e-05,4.097882225519508e-05,4.097882225519508e-11,-4.097882225519508e-05,0,4.097882225519508e-05,3.772813945024827e-05,-4.097882225519508e-05,8.195805429861273e-06,-4.097882225519508e-05,-4.097882225519508e-05,4.097882225519508e-05,-4.097882225519508e-05,4.097882225519508e-11,1
126,3.125808218743061e-05,-4.485729799582417e-05,-4.485729799582417e-05,-2.228657773096778e-05,0,0,2.012177183486171e-15,293.15,-4.485729799582417e-11,-2.228657773096778e-05,4.024354366972343e-10,0.2,8.971504456462831e-06,-8.971459599164835e-06,1,1,-4.485729799582417e-05,4.485729799582417e-05,0,-4.485729799582417e-05,3.125808218743061e-05,3.125808218743061e-05,-4.485729799582417e-05,4.485729799582417e-05,4.485729799582417e-11,-4.485729799582417e-05,0,4.485729799582417e-05,3.125808218743061e-05,-4.485729799582417e-05,8.971504456462831e-06,-4.485729799582417e-05,-4.485729799582417e-05,4.485729799582417e-05,-4.485729799582417e-05,4.485729799582417e-11,1
126.15,2.429032361732454e-05,-4.762098830731107e-05,-4.762098830731107e-05,-1.476607833487402e-05,0,0,2.267758527365057e-15,293.15,-4.762098830731107e-11,-1.476607833487402e-05,4.535517054730115e-10,0.2,9.524245282450522e-06,-9.524197661462214e-06,1,1,-4.762098830731107e-05,4.762098830731107e-05,0,-4.762098830731107e-05,2.429032361732454e-05,2.429032361732454e-05,-4.762098830731107e-05,4.762098830731107e-05,4.762098830731107e-11,-4.762098830731107e-05,0,4.762098830731107e-05,2.429032361732454e-05,-4.762098830731107e-05,9.524245282450522e-06,-4.762098830731107e-05,-4.762098830731107e-05,4.762098830731107e-05,-4.762098830731107e-05,4.762098830731107e-11,1
126.3,1.699439042459156e-05,-4.924353773672832e-05,-4.924353773672832e-05,-7.145633633708159e-06,0,0,2.424926008828586e-15,293.15,-4.924353773672832e-11,-7.145633633708159e-06,4.849852017657172e-10,0.2,9.8487567908834e-06,-9.848707547345664e-06,1,1,-4.924353773672832e-05,4.924353773672832e-05,0,-4.924353773672832e-05,1.699439042459156e-05,1.699439042459156e-05,-4.924353773672832e-05,4.924353773672832e-05,4.924353773672832e-11,-4.924353773672832e-05,0,4.924353773672832e-05,1.699439042459156e-05,-4.924353773672832e-05,9.8487567908834e-06,-4.924353773672832e-05,-4.924353773672832e-05,4.924353773672832e-05,-4.924353773672832e-05,4.924353773672832e-11,1
126.45,9.546676141543026e-06,-4.973150127340954e-05,-4.973150127340954e-05,3.996738446401572e-07,0,0,2.473222218907135e-15,293.15,-4.973150127340954e-11,3.996738446401572e-07,4.94644443781427e-10,0.2,9.946349986183183e-06,-9.946300254681909e-06,1,1,-4.973150127340954e-05,4.973150127340954e-05,0,-4.973150127340954e-05,9.546676141543026e-06,9.546676141543026e-06,-4.973150127340954e-05,4.973150127340954e-05,4.973150127340954e-11,-4.973150127340954e-05,0,4.973150127340954e-05,9.546676141543026e-06,-4.973150127340954e-05,9.946349986183183e-06,-4.973150127340954e-05,-4.973150127340954e-05,4.973150127340954e-05,-4.973150127340954e-05,4.973150127340954e-11,1
126.6,2.111279363818076e-06,-4.909476235462181e-05,-4.909476235462181e-05,7.70772220186864e-06,0,0,2.410295690656791e-15,293.15,-4.909476235462181e-11,7.70772220186864e-06,4.820591381313582e-10,0.2,9.819001565686717e-06,-9.818952470924363e-06,1,1,-4.909476235462181e-05,4.909476235462181e-05,0,-4.909476235462181e-05,2.111279363818076e-06,2.111279363818076e-06,-4.909476235462181e-05,4.909476235462181e-05,4.909476235462181e-11,-4.909476235462181e-05,0,4.909476235462181e-05,2.111279363818076e-06,-4.909476235462181e-05,9.819001565686717e-06,-4.909476235462181e-05,-4.909476235462181e-05,4.909476235462181e-05,-4.909476235462181e-05,4.909476235462181e-11,1
126.75,-5.144592595720535e-06,-4.739181871615598e-05,-4.739181871615598e-05,1.462300373077045e-05,0,0,2.245984481224992e-15,293.15,-4.739181871615598e-11,1.462300373077045e-05,4.491968962449985e-10,0.2,9.478411135049912e-06,-9.478363743231197e-06,1,1,-4.739181871615598e-05,4.739181871615598e-05,0,-4.739181871615598e-05,-5.144592595720535e-06,-5.144592595720535e-06,-4.739181871615598e-05,4.739181871615598e-05,4.739181871615598e-11,-4.739181871615598e-05,0,4.739181871615598e-05,-5.144592595720535e-06,-4.739181871615598e-05,9.478411135049912e-06,-4.739181871615598e-05,-4.739181871615598e-05,4.739181871615598e-05,-4.739181871615598e-05,4.739181871615598e-11,1
126.9,-1.206523853984569e-05,-4.469320297242899e-05,-4.469320297242899e-05,2.100392382753446e-05,0,0,1.997482391934735e-15,293.15,-4.469320297242898e-11,2.100392382753446e-05,3.99496478386947e-10,0.2,8.938685287688769e-06,-8.938640594485797e-06,1,1,-4.469320297242899e-05,4.469320297242899e-05,0,-4.469320297242899e-05,-1.206523853984569e-05,-1.206523853984569e-05,-4.469320297242899e-05,4.469320297242899e-05,4.469320297242898e-11,-4.469320297242899e-05,0,4.469320297242899e-05,-1.206523853984569e-05,-4.469320297242899e-05,8.938685287688769e-06,-4.469320297242899e-05,-4.469320297242899e-05,4.469320297242899e-05,-4.469320297242899e-05,4.469320297242898e-11,1
127.05,-1.850777935899463e-05,-4.108046375243062e-05,-4.108046375243062e-05,2.67239131899445e-05,0,0,1.687604502114766e-15,293.15,-4.108046375243061e-11,2.67239131899445e-05,3.375209004229531e-10,0.2,8.216133830949876e-06,-8.216092750486123e-06,1,1,-4.108046375243062e-05,4.108046375243062e-05,0,-4.108046375243062e-05,-1.850777935899463e-05,-1.850777935899463e-05,-4.108046375243062e-05,4.108046375243062e-05,4.108046375243061e-11,-4.108046375243062e-05,0,4.108046375243062e-05,-1.850777935899463e-05,-4.108046375243062e-05,8.216133830949876e-06,-4.108046375243062e-05,-4.108046375243062e-05,4.108046375243062e-05,-4.108046375243062e-05,4.108046375243061e-11,1
127.2,-2.434589003546988e-05,-3.667181948585555e-05,-3.667181948585555e-05,3.168029060446048e-05,0,0,1.344822344403174e-15,293.15,-3.667181948585554e-11,3.168029060446048e-05,2.689644688806349e-10,0.2,7.334400568990595e-06,-7.334363897171109e-06,1,1,-3.667181948585555e-05,3.667181948585555e-05,0,-3.667181948585555e-05,-2.434589003546988e-05,-2.434589003546988e-05,-3.667181948585555e-05,3.667181948585555e-05,3.667181948585554e-11,-3.667181948585555e-05,0,3.667181948585555e-05,-2.434589003546988e-05,-3.667181948585555e-05,7.334400568990595e-06,-3.667181948585555e-05,-3.667181948585555e-05,3.667181948585555e-05,-3.667181948585555e-05,3.667181948585554e-11,1
127.35,-2.946510875976554e-05,-3.158182414618724e-05,-3.158182414618724e-05,3.578150517082713e-05,0,0,9.974116164006952e-16,293.15,-3.158182414618724e-11,3.578150517082713e-05,1.99482323280139e-10,0.2,6.316396411061594e-06,-6.316364829237447e-06,1,1,-3.158182414618724e-05,3.158182414618724e-05,0,-3.158182414618724e-05,-2.946510875976554e-05,-2.946510875976554e-05,-3.158182414618724e-05,3.158182414618724e-05,3.158182414618724e-11,-3.158182414618724e-05,0,3.158182414618724e-05,-2.946510875976554e-05,-3.158182414618724e-05,6.316396411061594e-06,-3.158182414618724e-05,-3.158182414618724e-05,3.158182414618724e-05,-3.158182414618724e-05,3.158182414618724e-11,1
127.5,-3.377516806049082e-05,-2.594523498638937e-05,-2.594523498638937e-05,3.896424100300368e-05,0,0,6.731552184989627e-16,293.15,-2.594523498638936e-11,3.896424100300368e-05,1.346310436997926e-10,0.2,5.189072942512859e-06,-5.189046997277873e-06,1,1,-2.594523498638937e-05,2.594523498638937e-05,0,-2.594523498638937e-05,-3.377516806049082e-05,-3.377516806049082e-05,-2.594523498638937e-05,2.594523498638937e-05,2.594523498638936e-11,-2.594523498638937e-05,0,2.594523498638937e-05,-3.377516806049082e-05,-2.594523498638937e-05,5.189072942512859e-06,-2.594523498638937e-05,-2.594523498638937e-05,2.594523498638937e-05,-2.594523498638937e-05,2.594523498638936e-11,1
127.65,-3.720928240043426e-05,-1.990889121441285e-05,-1.990889121441285e-05,4.119108055220805e-05,0,0,3.96363949387325e-16,293.15,-1.990889121441285e-11,4.119108055220805e-05,7.9272789877465e-11,0.2,3.981798151773784e-06,-3.98177824288257e-06,1,1,-1.990889121441285e-05,1.990889121441285e-05,0,-1.990889121441285e-05,-3.720928240043426e-05,-3.720928240043426e-05,-1.990889121441285e-05,1.990889121441285e-05,1.990889121441285e-11,-1.990889121441285e-05,0,1.990889121441285e-05,-3.720928240043426e-05,-1.990889121441285e-05,3.981798151773784e-06,-1.990889121441285e-05,-1.990889121441285e-05,1.990889121441285e-05,-1.990889121441285e-05,1.990889121441285e-11,1
127.8,-3.970910472121095e-05,-1.361089833564411e-05,-1.361089833564411e-05,4.24312979992381e-05,0,0,1.852565535032395e-16,293.15,-1.36108983356441e-11,4.24312979992381e-05,3.705131070064789e-11,0.2,2.722193278027157e-06,-2.722179667128821e-06,1,1,-1.361089833564411e-05,1.361089833564411e-05,0,-1.361089833564411e-05,-3.970910472121095e-05,-3.970910472121095e-05,-1.361089833564411e-05,1.361089833564411e-05,1.36108983356441e-11,-1.361089833564411e-05,0,1.361089833564411e-05,-3.970910472121095e-05,-1.361089833564411e-05,2.722193278027157e-06,-1.361089833564411e-05,-1.361089833564411e-05,1.361089833564411e-05,-1.361089833564411e-05,1.36108983356441e-11,1
127.95,-4.12550133769064e-05,-7.203628043580141e-06,-7.203628043580141e-06,4.269574618925048e-05,0,0,5.189225699025425e-17,293.15,-7.203628043580141e-12,4.269574618925048e-05,1.037845139805085e-11,0.2,1.440732812344072e-06,-1.440725608716028e-06,1,1,-7.203628043580141e-06,7.203628043580141e-06,0,-7.203628043580141e-06,-4.12550133769064e-05,-4.12550133769064e-05,-7.203628043580141e-06,7.203628043580141e-06,7.203628043580141e-12,-7.203628043580141e-06,0,7.203628043580141e-06,-4.12550133769064e-05,-7.203628043580141e-06,1.440732812344072e-06,-7.203628043580141e-06,-7.203628043580141e-06,7.203628043580141e-06,-7.203628043580141e-06,7.203628043580141e-12,1
128.1,-4.184135510899719e-05,-8.32609120215341e-07,-8.32609120215341e-07,4.200787776564938e-05,0,0,6.932379470657642e-19,293.15,-8.32609120215341e-13,4.200787776564938e-05,1.386475894131529e-13,0.2,1.665226566521884e-07,-1.665218240430682e-07,1,1,-8.32609120215341e-07,8.32609120215341e-07,0,-8.32609120215341e-07,-4.184135510899719e-05,-4.184135510899719e-05,-8.32609120215341e-07,8.32609120215341e-07,8.32609120215341e-13,-8.32609120215341e-07,0,8.32609120215341e-07,-4.184135510899719e-05,-8.32609120215341e-07,1.665226566521884e-07,-8.32609120215341e-07,-8.32609120215341e-07,8.32609120215341e-07,-8.32609120215341e-07,8.32609120215341e-13,1
128.25,-4.147800632754189e-05,5.364264917691869e-06,5.364264917691869e-06,4.04051479797386e-05,0,0,2.877533810717975e-17,293.15,5.364264917691869e-12,4.04051479797386e-05,5.755067621435949e-12,0.2,-1.072858347803291e-06,1.072852983538374e-06,1,1,5.364264917691869e-06,-5.364264917691869e-06,0,5.364264917691869e-06,-4.147800632754189e-05,-4.147800632754189e-05,5.364264917691869e-06,-5.364264917691869e-06,-5.364264917691869e-12,5.364264917691869e-06,0,-5.364264917691869e-06,-4.147800632754189e-05,5.364264917691869e-06,-1.072858347803291e-06,5.364264917691869e-06,5.364264917691869e-06,-5.364264917691869e-06,5.364264917691869e-06,-5.364264917691869e-12,1
128.4,-4.021125897755356e-05,1.125405049529277e-05,1.125405049529277e-05,3.796043762444451e-05,0,0,1.266536525505994e-16,293.15,1.125405049529277e-11,3.796043762444451e-05,2.533073051011988e-11,0.2,-2.250821353109049e-06,2.250810099058554e-06,1,1,1.125405049529277e-05,-1.125405049529277e-05,0,1.125405049529277e-05,-4.021125897755356e-05,-4.021125897755356e-05,1.125405049529277e-05,-1.125405049529277e-05,-1.125405049529277e-11,1.125405049529277e-05,0,-1.125405049529277e-05,-4.021125897755356e-05,1.125405049529277e-05,-2.250821353109049e-06,1.125405049529277e-05,1.125405049529277e-05,-1.125405049529277e-05,1.125405049529277e-05,-1.125405049529277e-11,1
128.55,-3.808826140272558e-05,1.671442115146686e-05,1.671442115146686e-05,3.474536045801106e-05,0,0,2.793718744286028e-16,293.15,1.671442115146686e-11,3.474536045801106e-05,5.587437488572055e-11,0.2,-3.342900944714523e-06,3.342884230293372e-06,1,1,1.671442115146686e-05,-1.671442115146686e-05,0,1.671442115146686e-05,-3.808826140272558e-05,-3.808826140272558e-05,1.671442115146686e-05,-1.671442115146686e-05,-1.671442115146686e-11,1.671442115146686e-05,0,-1.671442115146686e-05,-3.808826140272558e-05,1.671442115146686e-05,-3.342900944714523e-06,1.671442115146686e-05,1.671442115146686e-05,-1.671442115146686e-05,1.671442115146686e-05,-1.671442115146686e-11,1
128.7,-3.518474918334127e-05,2.163837546378354e-05,2.163837546378354e-05,3.085705245220909e-05,0,0,4.682192927116697e-16,293.15,2.163837546378354e-11,3.085705245220909e-05,9.364385854233394e-11,0.2,-4.327696731132172e-06,4.327675092756709e-06,1,1,2.163837546378354e-05,-2.163837546378354e-05,0,2.163837546378354e-05,-3.518474918334127e-05,-3.518474918334127e-05,2.163837546378354e-05,-2.163837546378354e-05,-2.163837546378354e-11,2.163837546378354e-05,0,-2.163837546378354e-05,-3.518474918334127e-05,2.163837546378354e-05,-4.327696731132172e-06,2.163837546378354e-05,2.163837546378354e-05,-2.163837546378354e-05,2.163837546378354e-05,-2.163837546378354e-11,1
128.85,-3.159425559122556e-05,2.593500743964927e-05,2.593500743964927e-05,2.640722816828826e-05,0,0,6.726246108946628e-16,293.15,2.593500743964926e-11,2.640722816828826e-05,1.345249221789326e-10,0.2,-5.187027422937293e-06,5.187001487929854e-06,1,1,2.593500743964927e-05,-2.593500743964927e-05,0,2.593500743964927e-05,-3.159425559122556e-05,-3.159425559122556e-05,2.593500743964927e-05,-2.593500743964927e-05,-2.593500743964926e-11,2.593500743964927e-05,0,-2.593500743964927e-05,-3.159425559122556e-05,2.593500743964927e-05,-5.187027422937293e-06,2.593500743964927e-05,2.593500743964927e-05,-2.593500743964927e-05,2.593500743964927e-05,-2.593500743964926e-11,1
129,-2.740738890318272e-05,2.95229291473511e-05,2.95229291473511e-05,2.150277355078335e-05,0,0,8.716033454395129e-16,293.15,2.952292914735109e-11,2.150277355078335e-05,1.743206690879026e-10,0.2,-5.904615352399367e-06,5.90458582947022e-06,1,1,2.95229291473511e-05,-2.95229291473511e-05,0,2.95229291473511e-05,-2.740738890318272e-05,-2.740738890318272e-05,2.95229291473511e-05,-2.95229291473511e-05,-2.952292914735109e-11,2.95229291473511e-05,0,-2.95229291473511e-05,-2.740738890318272e-05,2.95229291473511e-05,-5.904615352399367e-06,2.95229291473511e-05,2.95229291473511e-05,-2.95229291473511e-05,2.95229291473511e-05,-2.952292914735109e-11,1
129.15,-2.274215558519001e-05,3.234915208904931e-05,3.234915208904931e-05,1.627229281822806e-05,0,0,1.046467640880443e-15,293.15,3.234915208904931e-11,1.627229281822806e-05,2.092935281760886e-10,0.2,-6.469862766961951e-06,6.469830417809862e-06,1,1,3.234915208904931e-05,-3.234915208904931e-05,0,3.234915208904931e-05,-2.274215558519001e-05,-2.274215558519001e-05,3.234915208904931e-05,-3.234915208904931e-05,-3.234915208904931e-11,3.234915208904931e-05,0,-3.234915208904931e-05,-2.274215558519001e-05,3.234915208904931e-05,-6.469862766961951e-06,3.234915208904931e-05,3.234915208904931e-05,-3.234915208904931e-05,3.234915208904931e-05,-3.234915208904931e-11,1
129.3,-1.771610693629289e-05,3.437338496112278e-05,3.437338496112278e-05,1.084139557068337e-05,0,0,1.181529593685542e-15,293.15,3.437338496112278e-11,1.084139557068337e-05,2.363059187371083e-10,0.2,-6.874711365609517e-06,6.874676992224556e-06,1,1,3.437338496112278e-05,-3.437338496112278e-05,0,3.437338496112278e-05,-1.771610693629289e-05,-1.771610693629289e-05,3.437338496112278e-05,-3.437338496112278e-05,-3.437338496112278e-11,3.437338496112278e-05,0,-3.437338496112278e-05,-1.771610693629289e-05,3.437338496112278e-05,-6.874711365609517e-06,3.437338496112278e-05,3.437338496112278e-05,-3.437338496112278e-05,3.437338496112278e-05,-3.437338496112278e-11,1
129.45,-1.244759381779964e-05,3.557098463696547e-05,3.557098463696547e-05,5.333361319421908e-06,0,0,1.265294948043234e-15,293.15,3.557098463696547e-11,5.333361319421908e-06,2.530589896086468e-10,0.2,-7.114232498377732e-06,7.114196927393095e-06,1,1,3.557098463696547e-05,-3.557098463696547e-05,0,3.557098463696547e-05,-1.244759381779964e-05,-1.244759381779964e-05,3.557098463696547e-05,-3.557098463696547e-05,-3.557098463696547e-11,3.557098463696547e-05,0,-3.557098463696547e-05,-1.244759381779964e-05,3.557098463696547e-05,-7.114232498377732e-06,3.557098463696547e-05,3.557098463696547e-05,-3.557098463696547e-05,3.557098463696547e-05,-3.557098463696547e-11,1
129.6,-7.065295551460733e-06,3.594807952518094e-05,3.594807952518094e-05,-1.243563016549807e-07,0,0,1.292264421548733e-15,293.15,3.594807952518094e-11,-1.243563016549807e-07,2.584528843097467e-10,0.2,-7.189651853115714e-06,7.189615905036189e-06,1,1,3.594807952518094e-05,-3.594807952518094e-05,0,3.594807952518094e-05,-7.065295551460733e-06,-7.065295551460733e-06,3.594807952518094e-05,-3.594807952518094e-05,-3.594807952518094e-11,3.594807952518094e-05,0,-3.594807952518094e-05,-7.065295551460733e-06,3.594807952518094e-05,-7.189651853115714e-06,3.594807952518094e-05,3.594807952518094e-05,-3.594807952518094e-05,3.594807952518094e-05,-3.594807952518094e-11,1
129.75,-1.689130786596941e-06,3.551325436283031e-05,3.551325436283031e-05,-5.413555599223483e-06,0,0,1.261191235439086e-15,293.15,3.551325436283031e-11,-5.413555599223483e-06,2.522382470878172e-10,0.2,-7.102686385820425e-06,7.102650872566062e-06,1,1,3.551325436283031e-05,-3.551325436283031e-05,0,3.551325436283031e-05,-1.689130786596941e-06,-1.689130786596941e-06,3.551325436283031e-05,-3.551325436283031e-05,-3.551325436283031e-11,3.551325436283031e-05,0,-3.551325436283031e-05,-1.689130786596941e-06,3.551325436283031e-05,-7.102686385820425e-06,3.551325436283031e-05,3.551325436283031e-05,-3.551325436283031e-05,3.551325436283031e-05,-3.551325436283031e-11,1
129.9,3.561313015571914e-06,3.430423432670029e-05,3.430423432670029e-05,-1.04221941851463e-05,0,0,1.176780492741163e-15,293.15,3.430423432670029e-11,-1.04221941851463e-05,2.353560985482325e-10,0.2,-6.860881169574385e-06,6.860846865340059e-06,1,1,3.430423432670029e-05,-3.430423432670029e-05,0,3.430423432670029e-05,3.561313015571914e-06,3.561313015571914e-06,3.430423432670029e-05,-3.430423432670029e-05,-3.430423432670029e-11,3.430423432670029e-05,0,-3.430423432670029e-05,3.561313015571914e-06,3.430423432670029e-05,-6.860881169574385e-06,3.430423432670029e-05,3.430423432670029e-05,-3.430423432670029e-05,3.430423432670029e-05,-3.430423432670029e-11,1
130.05,8.572929570641633e-06,3.237573078963588e-05,3.237573078963588e-05,-1.50481081042996e-05,0,0,1.048187944162977e-15,293.15,3.237573078963588e-11,-1.50481081042996e-05,2.096375888325954e-10,0.2,-6.475178533657966e-06,6.475146157927176e-06,1,1,3.237573078963588e-05,-3.237573078963588e-05,0,3.237573078963588e-05,8.572929570641633e-06,8.572929570641633e-06,3.237573078963588e-05,-3.237573078963588e-05,-3.237573078963588e-11,3.237573078963588e-05,0,-3.237573078963588e-05,8.572929570641633e-06,3.237573078963588e-05,-6.475178533657966e-06,3.237573078963588e-05,3.237573078963588e-05,-3.237573078963588e-05,3.237573078963588e-05,-3.237573078963588e-11,1
130.2,1.32416655867158e-05,2.978321283014782e-05,2.978321283014782e-05,-1.919833793595819e-05,0,0,8.870397664858813e-16,293.15,2.978321283014781e-11,-1.919833793595819e-05,1.774079532971763e-10,0.2,-5.956672349242393e-06,5.956642566029563e-06,1,1,2.978321283014782e-05,-2.978321283014782e-05,0,2.978321283014782e-05,1.32416655867158e-05,1.32416655867158e-05,2.978321283014782e-05,-2.978321283014782e-05,-2.978321283014781e-11,2.978321283014782e-05,0,-2.978321283014782e-05,1.32416655867158e-05,2.978321283014782e-05,-5.956672349242393e-06,2.978321283014782e-05,2.978321283014782e-05,-2.978321283014782e-05,2.978321283014782e-05,-2.978321283014781e-11,1
130.35,1.747572113186944e-05,2.661146021840553e-05,2.661146021840553e-05,-2.279803978701077e-05,0,0,7.081698149557798e-16,293.15,2.661146021840552e-11,-2.279803978701077e-05,1.41633962991156e-10,0.2,-5.322318655141324e-06,5.322292043681106e-06,1,1,2.661146021840553e-05,-2.661146021840553e-05,0,2.661146021840553e-05,1.747572113186944e-05,1.747572113186944e-05,2.661146021840553e-05,-2.661146021840553e-05,-2.661146021840552e-11,2.661146021840553e-05,0,-2.661146021840553e-05,1.747572113186944e-05,2.661146021840553e-05,-5.322318655141324e-06,2.661146021840553e-05,2.661146021840553e-05,-2.661146021840553e-05,2.661146021840553e-05,-2.661146021840552e-11,1
130.5,2.119375366296061e-05,2.294740730692366e-05,2.294740730692366e-05,-2.578325807175266e-05,0,0,5.265835021098535e-16,293.15,2.294740730692366e-11,-2.578325807175266e-05,1.053167004219707e-10,0.2,-4.58950440879204e-06,4.589481461384733e-06,1,1,2.294740730692366e-05,-2.294740730692366e-05,0,2.294740730692366e-05,2.119375366296061e-05,2.119375366296061e-05,2.294740730692366e-05,-2.294740730692366e-05,-2.294740730692366e-11,2.294740730692366e-05,0,-2.294740730692366e-05,2.119375366296061e-05,2.294740730692366e-05,-4.58950440879204e-06,2.294740730692366e-05,2.294740730692366e-05,-2.294740730692366e-05,2.294740730692366e-05,-2.294740730692366e-11,1
130.65,2.432752124012453e-05,1.888337182839846e-05,1.888337182839846e-05,-2.810421448917605e-05,0,0,3.565817316095527e-16,293.15,1.888337182839846e-11,-2.810421448917605e-05,7.131634632191055e-11,0.2,-3.776693249051521e-06,3.776674365679693e-06,1,1,1.888337182839846e-05,-1.888337182839846e-05,0,1.888337182839846e-05,2.432752124012453e-05,2.432752124012453e-05,1.888337182839846e-05,-1.888337182839846e-05,-1.888337182839846e-11,1.888337182839846e-05,0,-1.888337182839846e-05,2.432752124012453e-05,1.888337182839846e-05,-3.776693249051521e-06,1.888337182839846e-05,1.888337182839846e-05,-1.888337182839846e-05,1.888337182839846e-05,-1.888337182839846e-11,1
130.8,2.6829729968859e-05,1.452714730933656e-05,1.452714730933656e-05,-2.973517395787362e-05,0,0,2.110380089471645e-16,293.15,1.452714730933656e-11,-2.973517395787362e-05,4.22076017894329e-11,0.2,-2.905443989014622e-06,2.905429461867312e-06,1,1,1.452714730933656e-05,-1.452714730933656e-05,0,1.452714730933656e-05,2.6829729968859e-05,2.6829729968859e-05,1.452714730933656e-05,-1.452714730933656e-05,-1.452714730933656e-11,1.452714730933656e-05,0,-1.452714730933656e-05,2.6829729968859e-05,1.452714730933656e-05,-2.905443989014622e-06,1.452714730933656e-05,1.452714730933656e-05,-1.452714730933656e-05,1.452714730933656e-05,-1.452714730933656e-11,1
130.95,2.865812957967652e-05,9.979392124763579e-06,9.979392124763579e-06,-3.065401798402136e-05,0,0,9.958826717979332e-17,293.15,9.979392124763578e-12,-3.065401798402136e-05,1.991765343595867e-11,0.2,-1.995888404344841e-06,1.995878424952716e-06,1,1,9.979392124763579e-06,-9.979392124763579e-06,0,9.979392124763579e-06,2.865812957967652e-05,2.865812957967652e-05,9.979392124763579e-06,-9.979392124763579e-06,-9.979392124763578e-12,9.979392124763579e-06,0,-9.979392124763579e-06,2.865812957967652e-05,9.979392124763579e-06,-1.995888404344841e-06,9.979392124763579e-06,9.979392124763579e-06,-9.979392124763579e-06,9.979392124763579e-06,-9.979392124763578e-12,1
131.1,2.979594004143282e-05,5.348604581502634e-06,5.348604581502634e-06,-3.086566630633793e-05,0,0,2.860757096927096e-17,293.15,5.348604581502633e-12,-3.086566630633793e-05,5.721514193854193e-12,0.2,-1.069726264905108e-06,1.069720916300527e-06,1,1,5.348604581502634e-06,-5.348604581502634e-06,0,5.348604581502634e-06,2.979594004143282e-05,2.979594004143282e-05,5.348604581502634e-06,-5.348604581502634e-06,-5.348604581502633e-12,5.348604581502634e-06,0,-5.348604581502634e-06,2.979594004143282e-05,5.348604581502634e-06,-1.069726264905108e-06,5.348604581502634e-06,5.348604581502634e-06,-5.348604581502634e-06,5.348604581502634e-06,-5.348604581502633e-12,1
131.25,3.024184663722471e-05,7.412431249005882e-07,7.412431249005882e-07,-3.039009600344795e-05,0,0,5.494413702123891e-19,293.15,7.412431249005882e-13,-3.039009600344795e-05,1.098882740424778e-13,0.2,-1.482493662232426e-07,1.482486249801177e-07,1,1,7.412431249005882e-07,-7.412431249005882e-07,0,7.412431249005882e-07,3.024184663722471e-05,3.024184663722471e-05,7.412431249005882e-07,-7.412431249005882e-07,-7.412431249005882e-13,7.412431249005882e-07,0,-7.412431249005882e-07,3.024184663722471e-05,7.412431249005882e-07,-1.482493662232426e-07,7.412431249005882e-07,7.412431249005882e-07,-7.412431249005882e-07,7.412431249005882e-07,-7.412431249005882e-13,1
131.4,2.999961247436082e-05,-3.743292239944554e-06,-3.743292239944554e-06,-2.925095028307967e-05,0,0,1.401223679362912e-17,293.15,-3.743292239944554e-12,-2.925095028307967e-05,2.802447358725823e-12,0.2,7.486621912811508e-07,-7.486584479889108e-07,1,1,-3.743292239944554e-06,3.743292239944554e-06,0,-3.743292239944554e-06,2.999961247436082e-05,2.999961247436082e-05,-3.743292239944554e-06,3.743292239944554e-06,3.743292239944554e-12,-3.743292239944554e-06,0,3.743292239944554e-06,2.999961247436082e-05,-3.743292239944554e-06,7.486621912811508e-07,-3.743292239944554e-06,-3.743292239944554e-06,3.743292239944554e-06,-3.743292239944554e-06,3.743292239944554e-12,1
131.55,2.910199481449028e-05,-8.008645706302605e-06,-8.008645706302605e-06,-2.750025766458405e-05,0,0,6.413840604907915e-17,293.15,-8.008645706302604e-12,-2.750025766458405e-05,1.282768120981583e-11,0.2,1.601737149906227e-06,-1.601729141260521e-06,1,1,-8.008645706302605e-06,8.008645706302605e-06,0,-8.008645706302605e-06,2.910199481449028e-05,2.910199481449028e-05,-8.008645706302605e-06,8.008645706302605e-06,8.008645706302604e-12,-8.008645706302605e-06,0,8.008645706302605e-06,2.910199481449028e-05,-8.008645706302605e-06,1.601737149906227e-06,-8.008645706302605e-06,-8.008645706302605e-06,8.008645706302605e-06,-8.008645706302605e-06,8.008645706302604e-12,1
131.7,2.758723699418247e-05,-1.196653033036101e-05,-1.196653033036101e-05,-2.519391896157994e-05,0,0,1.4319784814745e-16,293.15,-1.196653033036101e-11,-2.519391896157994e-05,2.863956962949001e-11,0.2,2.393318032602533e-06,-2.393306066072203e-06,1,1,-1.196653033036101e-05,1.196653033036101e-05,0,-1.196653033036101e-05,2.758723699418247e-05,2.758723699418247e-05,-1.196653033036101e-05,1.196653033036101e-05,1.196653033036101e-11,-1.196653033036101e-05,0,1.196653033036101e-05,2.758723699418247e-05,-1.196653033036101e-05,2.393318032602533e-06,-1.196653033036101e-05,-1.196653033036101e-05,1.196653033036101e-05,-1.196653033036101e-05,1.196653033036101e-11,1
131.85,2.550439326095073e-05,-1.553836409254638e-05,-1.553836409254638e-05,-2.239670490407736e-05,0,0,2.414407586725347e-16,293.15,-1.553836409254638e-11,-2.239670490407736e-05,4.828815173450694e-11,0.2,3.107688356873369e-06,-3.107672818509276e-06,1,1,-1.553836409254638e-05,1.553836409254638e-05,0,-1.553836409254638e-05,2.550439326095073e-05,2.550439326095073e-05,-1.553836409254638e-05,1.553836409254638e-05,1.553836409254638e-11,-1.553836409254638e-05,0,1.553836409254638e-05,2.550439326095073e-05,-1.553836409254638e-05,3.107688356873369e-06,-1.553836409254638e-05,-1.553836409254638e-05,1.553836409254638e-05,-1.553836409254638e-05,1.553836409254638e-11,1
132,2.292326907478477e-05,-1.865902582446944e-05,-1.865902582446944e-05,-1.919144525086506e-05,0,0,3.481592447182175e-16,293.15,-1.865902582446944e-11,-1.919144525086506e-05,6.96318489436435e-11,0.2,3.731823823919713e-06,-3.731805164893888e-06,1,1,-1.865902582446944e-05,1.865902582446944e-05,0,-1.865902582446944e-05,2.292326907478477e-05,2.292326907478477e-05,-1.865902582446944e-05,1.865902582446944e-05,1.865902582446944e-11,-1.865902582446944e-05,0,1.865902582446944e-05,2.292326907478477e-05,-1.865902582446944e-05,3.731823823919713e-06,-1.865902582446944e-05,-1.865902582446944e-05,1.865902582446944e-05,-1.865902582446944e-05,1.865902582446944e-11,1
132.15,1.990918012071121e-05,-2.126894234747515e-05,-2.126894234747515e-05,-1.565537038227383e-05,0,0,4.523679085802215e-16,293.15,-2.126894234747514e-11,-1.565537038227383e-05,9.047358171604431e-11,0.2,4.253809738437377e-06,-4.253788469495029e-06,1,1,-2.126894234747515e-05,2.126894234747515e-05,0,-2.126894234747515e-05,1.990918012071121e-05,1.990918012071121e-05,-2.126894234747515e-05,2.126894234747515e-05,2.126894234747514e-11,-2.126894234747515e-05,0,2.126894234747515e-05,1.990918012071121e-05,-2.126894234747515e-05,4.253809738437377e-06,-2.126894234747515e-05,-2.126894234747515e-05,2.126894234747515e-05,-2.126894234747515e-05,2.126894234747514e-11,1
132.3,1.654574527852644e-05,-2.332849208915931e-05,-2.332849208915931e-05,-1.188002353220249e-05,0,0,5.442185431539685e-16,293.15,-2.332849208915931e-11,-1.188002353220249e-05,1.088437086307937e-10,0.2,4.665721746323951e-06,-4.665698417831862e-06,1,1,-2.332849208915931e-05,2.332849208915931e-05,0,-2.332849208915931e-05,1.654574527852644e-05,1.654574527852644e-05,-2.332849208915931e-05,2.332849208915931e-05,2.332849208915931e-11,-2.332849208915931e-05,0,2.332849208915931e-05,1.654574527852644e-05,-2.332849208915931e-05,4.665721746323951e-06,-2.332849208915931e-05,-2.332849208915931e-05,2.332849208915931e-05,-2.332849208915931e-05,2.332849208915931e-11,1
132.45,1.291998368204832e-05,-2.481048880101453e-05,-2.481048880101453e-05,-7.957861111356613e-06,0,0,6.155603545452673e-16,293.15,-2.481048880101453e-11,-7.957861111356613e-06,1.231120709090535e-10,0.2,4.962122570691706e-06,-4.962097760202906e-06,1,1,-2.481048880101453e-05,2.481048880101453e-05,0,-2.481048880101453e-05,1.291998368204832e-05,1.291998368204832e-05,-2.481048880101453e-05,2.481048880101453e-05,2.481048880101453e-11,-2.481048880101453e-05,0,2.481048880101453e-05,1.291998368204832e-05,-2.481048880101453e-05,4.962122570691706e-06,-2.481048880101453e-05,-2.481048880101453e-05,2.481048880101453e-05,-2.481048880101453e-05,2.481048880101453e-11,1
132.6,9.115699918895928e-06,-2.56942569104205e-05,-2.56942569104205e-05,-3.976822842554918e-06,0,0,6.601948381786915e-16,293.15,-2.56942569104205e-11,-3.976822842554918e-06,1.320389676357383e-10,0.2,5.13887707634101e-06,-5.138851382084099e-06,1,1,-2.56942569104205e-05,2.56942569104205e-05,0,-2.56942569104205e-05,9.115699918895928e-06,9.115699918895928e-06,-2.56942569104205e-05,2.56942569104205e-05,2.56942569104205e-11,-2.56942569104205e-05,0,2.56942569104205e-05,9.115699918895928e-06,-2.56942569104205e-05,5.13887707634101e-06,-2.56942569104205e-05,-2.56942569104205e-05,2.56942569104205e-05,-2.56942569104205e-05,2.56942569104205e-11,1
132.75,5.225873864473645e-06,-2.598361962612385e-05,-2.598361962612385e-05,-2.912395562924811e-08,0,0,6.751484888750885e-16,293.15,-2.598361962612385e-11,-2.912395562924811e-08,1.350296977750177e-10,0.2,5.196749908844397e-06,-5.19672392522477e-06,1,1,-2.598361962612385e-05,2.598361962612385e-05,0,-2.598361962612385e-05,5.225873864473645e-06,5.225873864473645e-06,-2.598361962612385e-05,2.598361962612385e-05,2.598361962612385e-11,-2.598361962612385e-05,0,2.598361962612385e-05,5.225873864473645e-06,-2.598361962612385e-05,5.196749908844397e-06,-2.598361962612385e-05,-2.598361962612385e-05,2.598361962612385e-05,-2.598361962612385e-05,2.598361962612385e-11,1
132.9,1.33886263000448e-06,-2.568840331950492e-05,-2.568840331950492e-05,3.798843722299825e-06,0,0,6.598940651055515e-16,293.15,-2.568840331950492e-11,3.798843722299825e-06,1.319788130211103e-10,0.2,5.137706352304304e-06,-5.137680663900985e-06,1,1,-2.568840331950492e-05,2.568840331950492e-05,0,-2.568840331950492e-05,1.33886263000448e-06,1.33886263000448e-06,-2.568840331950492e-05,2.568840331950492e-05,2.568840331950492e-11,-2.568840331950492e-05,0,2.568840331950492e-05,1.33886263000448e-06,-2.568840331950492e-05,5.137706352304304e-06,-2.568840331950492e-05,-2.568840331950492e-05,2.568840331950492e-05,-2.568840331950492e-05,2.568840331950492e-11,1
133.05,-2.460302817729191e-06,-2.483065268010471e-05,-2.483065268010471e-05,7.426458184402813e-06,0,0,6.165613125199912e-16,293.15,-2.483065268010471e-11,7.426458184402813e-06,1.233122625039983e-10,0.2,4.966155366673623e-06,-4.966130536020942e-06,1,1,-2.483065268010471e-05,2.483065268010471e-05,0,-2.483065268010471e-05,-2.460302817729191e-06,-2.460302817729191e-06,-2.483065268010471e-05,2.483065268010471e-05,2.483065268010471e-11,-2.483065268010471e-05,0,2.483065268010471e-05,-2.460302817729191e-06,-2.483065268010471e-05,4.966155366673623e-06,-2.483065268010471e-05,-2.483065268010471e-05,2.483065268010471e-05,-2.483065268010471e-05,2.483065268010471e-11,1
133.2,-6.089424971481517e-06,-2.34522889112713e-05,-2.34522889112713e-05,1.077990620602469e-05,0,0,5.500098551777387e-16,293.15,-2.34522889112713e-11,1.077990620602469e-05,1.100019710355478e-10,0.2,4.690481234543171e-06,-4.69045778225426e-06,1,1,-2.34522889112713e-05,2.34522889112713e-05,0,-2.34522889112713e-05,-6.089424971481517e-06,-6.089424971481517e-06,-2.34522889112713e-05,2.34522889112713e-05,2.34522889112713e-11,-2.34522889112713e-05,0,2.34522889112713e-05,-6.089424971481517e-06,-2.34522889112713e-05,4.690481234543171e-06,-2.34522889112713e-05,-2.34522889112713e-05,2.34522889112713e-05,-2.34522889112713e-05,2.34522889112713e-11,1
133.35,-9.472697958711568e-06,-2.159223051928527e-05,-2.159223051928527e-05,1.379116565479914e-05,0,0,4.662244187979541e-16,293.15,-2.159223051928527e-11,1.379116565479914e-05,9.324488375959082e-11,0.2,4.318467696087573e-06,-4.318446103857053e-06,1,1,-2.159223051928527e-05,2.159223051928527e-05,0,-2.159223051928527e-05,-9.472697958711568e-06,-9.472697958711568e-06,-2.159223051928527e-05,2.159223051928527e-05,2.159223051928527e-11,-2.159223051928527e-05,0,2.159223051928527e-05,-9.472697958711568e-06,-2.159223051928527e-05,4.318467696087573e-06,-2.159223051928527e-05,-2.159223051928527e-05,2.159223051928527e-05,-2.159223051928527e-05,2.159223051928527e-11,1
133.5,-1.254341106929737e-05,-1.931080090420586e-05,-1.931080090420586e-05,1.640559056093945e-05,0,0,3.729070315618778e-16,293.15,-1.931080090420586e-11,1.640559056093945e-05,7.458140631237556e-11,0.2,3.862179491642076e-06,-3.862160180841172e-06,1,1,-1.931080090420586e-05,1.931080090420586e-05,0,-1.931080090420586e-05,-1.254341106929737e-05,-1.254341106929737e-05,-1.931080090420586e-05,1.931080090420586e-05,1.931080090420586e-11,-1.931080090420586e-05,0,1.931080090420586e-05,-1.254341106929737e-05,-1.931080090420586e-05,3.862179491642076e-06,-1.931080090420586e-05,-1.931080090420586e-05,1.931080090420586e-05,-1.931080090420586e-05,1.931080090420586e-11,1
133.65,-1.524354747179717e-05,-1.667287707539001e-05,-1.667287707539001e-05,1.857813955975225e-05,0,0,2.779848299710657e-16,293.15,-1.667287707539001e-11,1.857813955975225e-05,5.559696599421315e-11,0.2,3.334592087955078e-06,-3.334575415078002e-06,1,1,-1.667287707539001e-05,1.667287707539001e-05,0,-1.667287707539001e-05,-1.524354747179717e-05,-1.524354747179717e-05,-1.667287707539001e-05,1.667287707539001e-05,1.667287707539001e-11,-1.667287707539001e-05,0,1.667287707539001e-05,-1.524354747179717e-05,-1.667287707539001e-05,3.334592087955078e-06,-1.667287707539001e-05,-1.667287707539001e-05,1.667287707539001e-05,-1.667287707539001e-05,1.667287707539001e-11,1
133.8,-1.752206667100256e-05,-1.374289981527663e-05,-1.374289981527663e-05,2.02706603769577e-05,0,0,1.888672953327304e-16,293.15,-1.374289981527663e-11,2.02706603769577e-05,3.777345906654609e-11,0.2,2.748593705955142e-06,-2.748579963055326e-06,1,1,-1.374289981527663e-05,1.374289981527663e-05,0,-1.374289981527663e-05,-1.752206667100256e-05,-1.752206667100256e-05,-1.374289981527663e-05,1.374289981527663e-05,1.374289981527663e-11,-1.374289981527663e-05,0,1.374289981527663e-05,-1.752206667100256e-05,-1.374289981527663e-05,2.748593705955142e-06,-1.374289981527663e-05,-1.374289981527663e-05,1.374289981527663e-05,-1.374289981527663e-05,1.374289981527663e-11,1
133.95,-1.934431161568573e-05,-1.059865384389383e-05,-1.059865384389383e-05,2.146405298311834e-05,0,0,1.123314633026854e-16,293.15,-1.059865384389383e-11,2.146405298311834e-05,2.246629266053709e-11,0.2,2.11974136743261e-06,-2.119730768778766e-06,1,1,-1.059865384389383e-05,1.059865384389383e-05,0,-1.059865384389383e-05,-1.934431161568573e-05,-1.934431161568573e-05,-1.059865384389383e-05,1.059865384389383e-05,1.059865384389383e-11,-1.059865384389383e-05,0,1.059865384389383e-05,-1.934431161568573e-05,-1.059865384389383e-05,2.11974136743261e-06,-1.059865384389383e-05,-1.059865384389383e-05,1.059865384389383e-05,-1.059865384389383e-05,1.059865384389383e-11,1
134.1,-2.06821382651628e-05,-7.315274657801144e-06,-7.315274657801144e-06,2.214520051199769e-05,0,0,5.351324331906764e-17,293.15,-7.315274657801143e-12,2.214520051199769e-05,1.070264866381353e-11,0.2,1.463062246834887e-06,-1.463054931560229e-06,1,1,-7.315274657801144e-06,7.315274657801144e-06,0,-7.315274657801144e-06,-2.06821382651628e-05,-2.06821382651628e-05,-7.315274657801144e-06,7.315274657801144e-06,7.315274657801143e-12,-7.315274657801144e-06,0,7.315274657801144e-06,-2.06821382651628e-05,-7.315274657801144e-06,1.463062246834887e-06,-7.315274657801144e-06,-7.315274657801144e-06,7.315274657801144e-06,-7.315274657801144e-06,7.315274657801143e-12,1
134.25,-2.151953615909231e-05,-3.968603020889612e-06,-3.968603020889612e-06,2.231326073187325e-05,0,0,1.574980993741416e-17,293.15,-3.968603020889612e-12,2.231326073187325e-05,3.149961987482832e-12,0.2,7.937245727809434e-07,-7.937206041779226e-07,1,1,-3.968603020889612e-06,3.968603020889612e-06,0,-3.968603020889612e-06,-2.151953615909231e-05,-2.151953615909231e-05,-3.968603020889612e-06,3.968603020889612e-06,3.968603020889612e-12,-3.968603020889612e-06,0,3.968603020889612e-06,-2.151953615909231e-05,-3.968603020889612e-06,7.937245727809434e-07,-3.968603020889612e-06,-3.968603020889612e-06,3.968603020889612e-06,-3.968603020889612e-06,3.968603020889612e-12,1
134.4,-2.185751667152626e-05,-6.36627585548342e-07,-6.36627585548342e-07,2.198484282526351e-05,0,0,4.052946826811115e-19,293.15,-6.36627585548342e-13,2.198484282526351e-05,8.105893653622231e-14,0.2,1.27326153737254e-07,-1.273255171096684e-07,1,1,-6.36627585548342e-07,6.36627585548342e-07,0,-6.36627585548342e-07,-2.185751667152626e-05,-2.185751667152626e-05,-6.36627585548342e-07,6.36627585548342e-07,6.36627585548342e-13,-6.36627585548342e-07,0,6.36627585548342e-07,-2.185751667152626e-05,-6.36627585548342e-07,1.27326153737254e-07,-6.36627585548342e-07,-6.36627585548342e-07,6.36627585548342e-07,-6.36627585548342e-07,6.36627585548342e-13,1
134.55,-2.169732390959218e-05,2.608663572363328e-06,2.608663572363328e-06,2.117558858645594e-05,0,0,6.805125633775398e-18,293.15,2.608663572363327e-12,2.117558858645594e-05,1.36102512675508e-12,0.2,-5.217353231362379e-07,5.217327144726656e-07,1,1,2.608663572363328e-06,-2.608663572363328e-06,0,2.608663572363328e-06,-2.169732390959218e-05,-2.169732390959218e-05,2.608663572363328e-06,-2.608663572363328e-06,-2.608663572363327e-12,2.608663572363328e-06,0,-2.608663572363328e-06,-2.169732390959218e-05,2.608663572363328e-06,-5.217353231362379e-07,2.608663572363328e-06,2.608663572363328e-06,-2.608663572363328e-06,2.608663572363328e-06,-2.608663572363327e-12,1
134.7,-2.106187845448894e-05,5.697519182178403e-06,5.697519182178403e-06,1.992236892053408e-05,0,0,3.246172483129086e-17,293.15,5.697519182178403e-12,1.992236892053408e-05,6.492344966258173e-12,0.2,-1.139509533954863e-06,1.139503836435681e-06,1,1,5.697519182178403e-06,-5.697519182178403e-06,0,5.697519182178403e-06,-2.106187845448894e-05,-2.106187845448894e-05,5.697519182178403e-06,-5.697519182178403e-06,-5.697519182178403e-12,5.697519182178403e-06,0,-5.697519182178403e-06,-2.106187845448894e-05,5.697519182178403e-06,-1.139509533954863e-06,5.697519182178403e-06,5.697519182178403e-06,-5.697519182178403e-06,5.697519182178403e-06,-5.697519182178403e-12,1
134.85,-1.998088539758248e-05,8.566281562789694e-06,8.566281562789694e-06,1.826762051874298e-05,0,0,7.338117981299064e-17,293.15,8.566281562789694e-12,1.826762051874298e-05,1.467623596259813e-11,0.2,-1.713264878839502e-06,1.713256312557939e-06,1,1,8.566281562789694e-06,-8.566281562789694e-06,0,8.566281562789694e-06,-1.998088539758248e-05,-1.998088539758248e-05,8.566281562789694e-06,-8.566281562789694e-06,-8.566281562789694e-12,8.566281562789694e-06,0,-8.566281562789694e-06,-1.998088539758248e-05,8.566281562789694e-06,-1.713264878839502e-06,8.566281562789694e-06,8.566281562789694e-06,-8.566281562789694e-06,8.566281562789694e-06,-8.566281562789694e-12,1
135,-1.848705650279846e-05,1.115727920590889e-05,1.115727920590889e-05,1.625558950433747e-05,0,0,1.244848792786069e-16,293.15,1.115727920590889e-11,1.625558950433747e-05,2.489697585572139e-11,0.2,-2.231466998460984e-06,2.231455841181778e-06,1,1,1.115727920590889e-05,-1.115727920590889e-05,0,1.115727920590889e-05,-1.848705650279846e-05,-1.848705650279846e-05,1.115727920590889e-05,-1.115727920590889e-05,-1.115727920590889e-11,1.115727920590889e-05,0,-1.115727920590889e-05,-1.848705650279846e-05,1.115727920590889e-05,-2.231466998460984e-06,1.115727920590889e-05,1.115727920590889e-05,-1.115727920590889e-05,1.115727920590889e-05,-1.115727920590889e-11,1
135.15,-1.663059184399169e-05,1.342308531077251e-05,1.342308531077251e-05,1.394596135875188e-05,0,0,1.801792192602767e-16,293.15,1.342308531077251e-11,1.394596135875188e-05,3.603584385205534e-11,0.2,-2.684630485239812e-06,2.684617062154502e-06,1,1,1.342308531077251e-05,-1.342308531077251e-05,0,1.342308531077251e-05,-1.663059184399169e-05,-1.663059184399169e-05,1.342308531077251e-05,-1.342308531077251e-05,-1.342308531077251e-11,1.342308531077251e-05,0,-1.342308531077251e-05,-1.663059184399169e-05,1.342308531077251e-05,-2.684630485239812e-06,1.342308531077251e-05,1.342308531077251e-05,-1.342308531077251e-05,1.342308531077251e-05,-1.342308531077251e-11,1
135.3,-1.446177653447154e-05,1.532208644427702e-05,1.532208644427702e-05,1.139734392352969e-05,0,0,2.347663330058977e-16,293.15,1.532208644427702e-11,1.139734392352969e-05,4.695326660117954e-11,0.2,-3.064432610941849e-06,3.064417288855405e-06,1,1,1.532208644427702e-05,-1.532208644427702e-05,0,1.532208644427702e-05,-1.446177653447154e-05,-1.446177653447154e-05,1.532208644427702e-05,-1.532208644427702e-05,-1.532208644427702e-11,1.532208644427702e-05,0,-1.532208644427702e-05,-1.446177653447154e-05,1.532208644427702e-05,-3.064432610941849e-06,1.532208644427702e-05,1.532208644427702e-05,-1.532208644427702e-05,1.532208644427702e-05,-1.532208644427702e-11,1
135.45,-1.203714585163045e-05,1.682298376013792e-05,1.682298376013792e-05,8.672532276619102e-06,0,0,2.830127825938641e-16,293.15,1.682298376013792e-11,8.672532276619102e-06,5.660255651877283e-11,0.2,-3.364613575011344e-06,3.364596752027584e-06,1,1,1.682298376013792e-05,-1.682298376013792e-05,0,1.682298376013792e-05,-1.203714585163045e-05,-1.203714585163045e-05,1.682298376013792e-05,-1.682298376013792e-05,-1.682298376013792e-11,1.682298376013792e-05,0,-1.682298376013792e-05,-1.203714585163045e-05,1.682298376013792e-05,-3.364613575011344e-06,1.682298376013792e-05,1.682298376013792e-05,-1.682298376013792e-05,1.682298376013792e-05,-1.682298376013792e-11,1
135.6,-9.421384593712326e-06,1.790758272769386e-05,1.790758272769386e-05,5.839850140590825e-06,0,0,3.206815191491996e-16,293.15,1.790758272769386e-11,5.839850140590825e-06,6.413630382983992e-11,0.2,-3.5815344531215e-06,3.581516545538773e-06,1,1,1.790758272769386e-05,-1.790758272769386e-05,0,1.790758272769386e-05,-9.421384593712326e-06,-9.421384593712326e-06,1.790758272769386e-05,-1.790758272769386e-05,-1.790758272769386e-11,1.790758272769386e-05,0,-1.790758272769386e-05,-9.421384593712326e-06,1.790758272769386e-05,-3.5815344531215e-06,1.790758272769386e-05,1.790758272769386e-05,-1.790758272769386e-05,1.790758272769386e-05,-1.790758272769386e-11,1
135.75,-6.67450735164046e-06,1.855959997273281e-05,1.855959997273281e-05,2.962568797493924e-06,0,0,3.444587511478638e-16,293.15,1.855959997273281e-11,2.962568797493924e-06,6.889175022957278e-11,0.2,-3.711938554146536e-06,3.711919994546563e-06,1,1,1.855959997273281e-05,-1.855959997273281e-05,0,1.855959997273281e-05,-6.67450735164046e-06,-6.67450735164046e-06,1.855959997273281e-05,-1.855959997273281e-05,-1.855959997273281e-11,1.855959997273281e-05,0,-1.855959997273281e-05,-6.67450735164046e-06,1.855959997273281e-05,-3.711938554146536e-06,1.855959997273281e-05,1.855959997273281e-05,-1.855959997273281e-05,1.855959997273281e-05,-1.855959997273281e-11,1
135.9,-3.863516941629012e-06,1.878116952078115e-05,1.878116952078115e-05,1.072642563032625e-07,0,0,3.527323285683187e-16,293.15,1.878116952078114e-11,1.072642563032625e-07,7.054646571366373e-11,0.2,-3.75625268532575e-06,3.756233904156229e-06,1,1,1.878116952078115e-05,-1.878116952078115e-05,0,1.878116952078115e-05,-3.863516941629012e-06,-3.863516941629012e-06,1.878116952078115e-05,-1.878116952078115e-05,-1.878116952078114e-11,1.878116952078115e-05,0,-1.878116952078115e-05,-3.863516941629012e-06,1.878116952078115e-05,-3.75625268532575e-06,1.878116952078115e-05,1.878116952078115e-05,-1.878116952078115e-05,1.878116952078115e-05,-1.878116952078114e-11,1
136.05,-1.053038966018817e-06,1.858122843531824e-05,1.858122843531824e-05,-2.663225302273265e-06,0,0,3.452620501654789e-16,293.15,1.858122843531823e-11,-2.663225302273265e-06,6.90524100330958e-11,0.2,-3.716264268292083e-06,3.716245687063647e-06,1,1,1.858122843531824e-05,-1.858122843531824e-05,0,1.858122843531824e-05,-1.053038966018817e-06,-1.053038966018817e-06,1.858122843531824e-05,-1.858122843531824e-05,-1.858122843531823e-11,1.858122843531824e-05,0,-1.858122843531824e-05,-1.053038966018817e-06,1.858122843531824e-05,-3.716264268292083e-06,1.858122843531824e-05,1.858122843531824e-05,-1.858122843531824e-05,1.858122843531824e-05,-1.858122843531823e-11,1
136.2,1.695922796163894e-06,1.797309671387608e-05,1.797309671387608e-05,-5.290560112035825e-06,0,0,3.230322054863432e-16,293.15,1.797309671387608e-11,-5.290560112035825e-06,6.460644109726865e-11,0.2,-3.59463731587193e-06,3.594619342775217e-06,1,1,1.797309671387608e-05,-1.797309671387608e-05,0,1.797309671387608e-05,1.695922796163894e-06,1.695922796163894e-06,1.797309671387608e-05,-1.797309671387608e-05,-1.797309671387608e-11,1.797309671387608e-05,0,-1.797309671387608e-05,1.695922796163894e-06,1.797309671387608e-05,-3.59463731587193e-06,1.797309671387608e-05,1.797309671387608e-05,-1.797309671387608e-05,1.797309671387608e-05,-1.797309671387608e-11,1
136.35,4.323748225166568e-06,1.698681541178186e-05,1.698681541178186e-05,-7.721128294338352e-06,0,0,2.885518978339496e-16,293.15,1.698681541178186e-11,-7.721128294338352e-06,5.771037956678993e-11,0.2,-3.397380069171784e-06,3.397363082356372e-06,1,1,1.698681541178186e-05,-1.698681541178186e-05,0,1.698681541178186e-05,4.323748225166568e-06,4.323748225166568e-06,1.698681541178186e-05,-1.698681541178186e-05,-1.698681541178186e-11,1.698681541178186e-05,0,-1.698681541178186e-05,4.323748225166568e-06,1.698681541178186e-05,-3.397380069171784e-06,1.698681541178186e-05,1.698681541178186e-05,-1.698681541178186e-05,1.698681541178186e-05,-1.698681541178186e-11,1
136.5,6.775567513367105e-06,1.565352903255895e-05,1.565352903255895e-05,-9.906288973407928e-06,0,0,2.45032971173166e-16,293.15,1.565352903255895e-11,-9.906288973407928e-06,4.90065942346332e-11,0.2,-3.130721460040823e-06,3.13070580651179e-06,1,1,1.565352903255895e-05,-1.565352903255895e-05,0,1.565352903255895e-05,6.775567513367105e-06,6.775567513367105e-06,1.565352903255895e-05,-1.565352903255895e-05,-1.565352903255895e-11,1.565352903255895e-05,0,-1.565352903255895e-05,6.775567513367105e-06,1.565352903255895e-05,-3.130721460040823e-06,1.565352903255895e-05,1.565352903255895e-05,-1.565352903255895e-05,1.565352903255895e-05,-1.565352903255895e-11,1
136.65,9.002569255263034e-06,1.401278892369888e-05,1.401278892369888e-05,-1.180514105279173e-05,0,0,1.96358253420138e-16,293.15,1.401278892369888e-11,-1.180514105279173e-05,3.92716506840276e-11,0.2,-2.802571797528699e-06,2.802557784739776e-06,1,1,1.401278892369888e-05,-1.401278892369888e-05,0,1.401278892369888e-05,9.002569255263034e-06,9.002569255263034e-06,1.401278892369888e-05,-1.401278892369888e-05,-1.401278892369888e-11,1.401278892369888e-05,0,-1.401278892369888e-05,9.002569255263034e-06,1.401278892369888e-05,-2.802571797528699e-06,1.401278892369888e-05,1.401278892369888e-05,-1.401278892369888e-05,1.401278892369888e-05,-1.401278892369888e-11,1
136.8,1.096331222649801e-05,1.21134485234385e-05,1.21134485234385e-05,-1.338601404463423e-05,0,0,1.467356351299943e-16,293.15,1.21134485234385e-11,-1.338601404463423e-05,2.934712702599887e-11,0.2,-2.422701818136223e-06,2.4226897046877e-06,1,1,1.21134485234385e-05,-1.21134485234385e-05,0,1.21134485234385e-05,1.096331222649801e-05,1.096331222649801e-05,1.21134485234385e-05,-1.21134485234385e-05,-1.21134485234385e-11,1.21134485234385e-05,0,-1.21134485234385e-05,1.096331222649801e-05,1.21134485234385e-05,-2.422701818136223e-06,1.21134485234385e-05,1.21134485234385e-05,-1.21134485234385e-05,1.21134485234385e-05,-1.21134485234385e-11,1
136.95,1.261998565970949e-05,1.000121321798963e-05,1.000121321798963e-05,-1.462023830452063e-05,0,0,1.000242658316905e-16,293.15,1.000121321798963e-11,-1.462023830452063e-05,2.000485316633811e-11,0.2,-2.000252644811144e-06,2.000242643597927e-06,1,1,1.000121321798963e-05,-1.000121321798963e-05,0,1.000121321798963e-05,1.261998565970949e-05,1.261998565970949e-05,1.000121321798963e-05,-1.000121321798963e-05,-1.000121321798963e-11,1.000121321798963e-05,0,-1.000121321798963e-05,1.261998565970949e-05,1.000121321798963e-05,-2.000252644811144e-06,1.000121321798963e-05,1.000121321798963e-05,-1.000121321798963e-05,1.000121321798963e-05,-1.000121321798963e-11,1
137.1,1.394711235357678e-05,7.732006835850364e-06,7.732006835850364e-06,-1.549352145275369e-05,0,0,5.978392970963676e-17,293.15,7.732006835850364e-12,-1.549352145275369e-05,1.195678594192735e-11,0.2,-1.546409099176909e-06,1.546401367170073e-06,1,1,7.732006835850364e-06,-7.732006835850364e-06,0,7.732006835850364e-06,1.394711235357678e-05,1.394711235357678e-05,7.732006835850364e-06,-7.732006835850364e-06,-7.732006835850364e-12,7.732006835850364e-06,0,-7.732006835850364e-06,1.394711235357678e-05,7.732006835850364e-06,-1.546409099176909e-06,7.732006835850364e-06,7.732006835850364e-06,-7.732006835850364e-06,7.732006835850364e-06,-7.732006835850364e-12,1
137.25,1.492561239397668e-05,5.361275890649822e-06,5.361275890649822e-06,-1.599787293338253e-05,0,0,2.874327917566304e-17,293.15,5.361275890649821e-12,-1.599787293338253e-05,5.748655835132609e-12,0.2,-1.072260539405855e-06,1.072255178129964e-06,1,1,5.361275890649822e-06,-5.361275890649822e-06,0,5.361275890649822e-06,1.492561239397668e-05,1.492561239397668e-05,5.361275890649822e-06,-5.361275890649822e-06,-5.361275890649821e-12,5.361275890649822e-06,0,-5.361275890649822e-06,1.492561239397668e-05,5.361275890649822e-06,-1.072260539405855e-06,5.361275890649822e-06,5.361275890649822e-06,-5.361275890649822e-06,5.361275890649822e-06,-5.361275890649821e-12,1
137.4,1.55418508359564e-05,2.942743049601147e-06,2.942743049601147e-06,-1.613040238861968e-05,0,0,8.659736655975859e-18,293.15,2.942743049601147e-12,-1.613040238861968e-05,1.731947331195172e-12,0.2,-5.88551552663279e-07,5.885486099202294e-07,1,1,2.942743049601147e-06,-2.942743049601147e-06,0,2.942743049601147e-06,1.55418508359564e-05,1.55418508359564e-05,2.942743049601147e-06,-2.942743049601147e-06,-2.942743049601147e-12,2.942743049601147e-06,0,-2.942743049601147e-06,1.55418508359564e-05,2.942743049601147e-06,-5.88551552663279e-07,2.942743049601147e-06,2.942743049601147e-06,-2.942743049601147e-06,2.942743049601147e-06,-2.942743049601147e-12,1
137.55,1.57964035745757e-05,5.329382142552919e-07,5.329382142552919e-07,-1.590299175036497e-05,0,0,2.840231402136193e-19,293.15,5.329382142552918e-13,-1.590299175036497e-05,5.680462804272387e-14,0.2,-1.065881757892726e-07,1.065876428510584e-07,1,1,5.329382142552919e-07,-5.329382142552919e-07,0,5.329382142552919e-07,1.57964035745757e-05,1.57964035745757e-05,5.329382142552919e-07,-5.329382142552919e-07,-5.329382142552918e-13,5.329382142552919e-07,0,-5.329382142552919e-07,1.57964035745757e-05,5.329382142552919e-07,-1.065881757892726e-07,5.329382142552919e-07,5.329382142552919e-07,-5.329382142552919e-07,5.329382142552919e-07,-5.329382142552918e-13,1
137.7,1.56923680597811e-05,-1.815344720207031e-06,-1.815344720207031e-06,-1.532929730039497e-05,0,0,3.295476453183542e-18,293.15,-1.81534472020703e-12,-1.532929730039497e-05,6.590952906367084e-13,0.2,3.630707593861263e-07,-3.630689440414061e-07,1,1,-1.815344720207031e-06,1.815344720207031e-06,0,-1.815344720207031e-06,1.56923680597811e-05,1.56923680597811e-05,-1.815344720207031e-06,1.815344720207031e-06,1.81534472020703e-12,-1.815344720207031e-06,0,1.815344720207031e-06,1.56923680597811e-05,-1.815344720207031e-06,3.630707593861263e-07,-1.815344720207031e-06,-1.815344720207031e-06,1.815344720207031e-06,-1.815344720207031e-06,1.81534472020703e-12,1
137.85,1.524293370080973e-05,-4.052158199875284e-06,-4.052158199875284e-06,-1.443249800867648e-05,0,0,1.641998607681651e-17,293.15,-4.052158199875284e-12,-1.443249800867648e-05,3.283997215363301e-12,0.2,8.104356921332568e-07,-8.104316399750569e-07,1,1,-4.052158199875284e-06,4.052158199875284e-06,0,-4.052158199875284e-06,1.524293370080973e-05,1.524293370080973e-05,-4.052158199875284e-06,4.052158199875284e-06,4.052158199875284e-12,-4.052158199875284e-06,0,4.052158199875284e-06,1.524293370080973e-05,-4.052158199875284e-06,8.104356921332568e-07,-4.052158199875284e-06,-4.052158199875284e-06,4.052158199875284e-06,-4.052158199875284e-06,4.052158199875284e-12,1
138,1.447110219854445e-05,-6.13122693487555e-06,-6.13122693487555e-06,-1.32448506803424e-05,0,0,3.759194372694343e-17,293.15,-6.13122693487555e-12,-1.32448506803424e-05,7.518388745388689e-12,0.2,1.226251518202045e-06,-1.22624538697511e-06,1,1,-6.13122693487555e-06,6.13122693487555e-06,0,-6.13122693487555e-06,1.447110219854445e-05,1.447110219854445e-05,-6.13122693487555e-06,6.13122693487555e-06,6.13122693487555e-12,-6.13122693487555e-06,0,6.13122693487555e-06,1.447110219854445e-05,-6.13122693487555e-06,1.226251518202045e-06,-6.13122693487555e-06,-6.13122693487555e-06,6.13122693487555e-06,-6.13122693487555e-06,6.13122693487555e-12,1
138.15,1.339486230524785e-05,-8.007136625473179e-06,-8.007136625473179e-06,-1.179342697301659e-05,0,0,6.411423693899401e-17,293.15,-8.007136625473179e-12,-1.179342697301659e-05,1.28228473877988e-11,0.2,1.601435332231261e-06,-1.601427325094636e-06,1,1,-8.007136625473179e-06,8.007136625473179e-06,0,-8.007136625473179e-06,1.339486230524785e-05,1.339486230524785e-05,-8.007136625473179e-06,8.007136625473179e-06,8.007136625473179e-12,-8.007136625473179e-06,0,8.007136625473179e-06,1.339486230524785e-05,-8.007136625473179e-06,1.601435332231261e-06,-8.007136625473179e-06,-8.007136625473179e-06,8.007136625473179e-06,-8.007136625473179e-06,8.007136625473179e-12,1
138.3,1.20474595065087e-05,-9.643457283382695e-06,-9.643457283382695e-06,-1.011875840637488e-05,0,0,9.299626837642675e-17,293.15,-9.643457283382695e-12,-1.011875840637488e-05,1.859925367528535e-11,0.2,1.928701100133822e-06,-1.928691456676539e-06,1,1,-9.643457283382695e-06,9.643457283382695e-06,0,-9.643457283382695e-06,1.20474595065087e-05,1.20474595065087e-05,-9.643457283382695e-06,9.643457283382695e-06,9.643457283382695e-12,-9.643457283382695e-06,0,9.643457283382695e-06,1.20474595065087e-05,-9.643457283382695e-06,1.928701100133822e-06,-9.643457283382695e-06,-9.643457283382695e-06,9.643457283382695e-06,-9.643457283382695e-06,9.643457283382695e-12,1
138.45,1.04644849512754e-05,-1.10091446322485e-05,-1.10091446322485e-05,-8.262645015681071e-06,0,0,1.212012655337659e-16,293.15,-1.10091446322485e-11,-8.262645015681071e-06,2.424025310675319e-11,0.2,2.201839935594332e-06,-2.2018289264497e-06,1,1,-1.10091446322485e-05,1.10091446322485e-05,0,-1.10091446322485e-05,1.04644849512754e-05,1.04644849512754e-05,-1.10091446322485e-05,1.10091446322485e-05,1.10091446322485e-11,-1.10091446322485e-05,0,1.10091446322485e-05,1.04644849512754e-05,-1.10091446322485e-05,2.201839935594332e-06,-1.10091446322485e-05,-1.10091446322485e-05,1.10091446322485e-05,-1.10091446322485e-05,1.10091446322485e-11,1
138.6,8.686206083156113e-06,-1.208055744282346e-05,-1.208055744282346e-05,-6.270082514033979e-06,0,0,1.459398681293572e-16,293.15,-1.208055744282346e-11,-6.270082514033979e-06,2.918797362587144e-11,0.2,2.416123569122134e-06,-2.416111488564691e-06,1,1,-1.208055744282346e-05,1.208055744282346e-05,0,-1.208055744282346e-05,8.686206083156113e-06,8.686206083156113e-06,-1.208055744282346e-05,1.208055744282346e-05,1.208055744282346e-11,-1.208055744282346e-05,0,1.208055744282346e-05,8.686206083156113e-06,-1.208055744282346e-05,2.416123569122134e-06,-1.208055744282346e-05,-1.208055744282346e-05,1.208055744282346e-05,-1.208055744282346e-05,1.208055744282346e-11,1
138.75,6.757096833113795e-06,-1.284244302267913e-05,-1.284244302267913e-05,-4.188595386134947e-06,0,0,1.649283427907598e-16,293.15,-1.284244302267913e-11,-4.188595386134947e-06,3.298566855815196e-11,0.2,2.568501446978848e-06,-2.568488604535826e-06,1,1,-1.284244302267913e-05,1.284244302267913e-05,0,-1.284244302267913e-05,6.757096833113795e-06,6.757096833113795e-06,-1.284244302267913e-05,1.284244302267913e-05,1.284244302267913e-11,-1.284244302267913e-05,0,1.284244302267913e-05,6.757096833113795e-06,-1.284244302267913e-05,2.568501446978848e-06,-1.284244302267913e-05,-1.284244302267913e-05,1.284244302267913e-05,-1.284244302267913e-05,1.284244302267913e-11,1
138.9,4.727859034659101e-06,-1.328000980783951e-05,-1.328000980783951e-05,-2.071843793081392e-06,0,0,1.763586604963135e-16,293.15,-1.32800098078395e-11,-2.071843793081392e-06,3.527173209926269e-11,0.2,2.656015241577709e-06,-2.656001961567901e-06,1,1,-1.328000980783951e-05,1.328000980783951e-05,0,-1.328000980783951e-05,4.727859034659101e-06,4.727859034659101e-06,-1.328000980783951e-05,1.328000980783951e-05,1.32800098078395e-11,-1.328000980783951e-05,0,1.328000980783951e-05,4.727859034659101e-06,-1.328000980783951e-05,2.656015241577709e-06,-1.328000980783951e-05,-1.328000980783951e-05,1.328000980783951e-05,-1.328000980783951e-05,1.32800098078395e-11,1
139.05,2.650908446117785e-06,-1.339438176436695e-05,-1.339438176436695e-05,2.798130113736992e-08,0,0,1.79409462849606e-16,293.15,-1.339438176436695e-11,2.798130113736992e-08,3.58818925699212e-11,0.2,2.678889747255155e-06,-2.678876352873391e-06,1,1,-1.339438176436695e-05,1.339438176436695e-05,0,-1.339438176436695e-05,2.650908446117785e-06,2.650908446117785e-06,-1.339438176436695e-05,1.339438176436695e-05,1.339438176436695e-11,-1.339438176436695e-05,0,1.339438176436695e-05,2.650908446117785e-06,-1.339438176436695e-05,2.678889747255155e-06,-1.339438176436695e-05,-1.339438176436695e-05,1.339438176436695e-05,-1.339438176436695e-05,1.339438176436695e-11,1
139.2,5.8167680706592e-07,-1.319724464465182e-05,-1.319724464465182e-05,2.057785319109089e-06,0,0,1.741672662107911e-16,293.15,-1.319724464465182e-11,2.057785319109089e-06,3.483345324215823e-11,0.2,2.639462126175009e-06,-2.639448928930364e-06,1,1,-1.319724464465182e-05,1.319724464465182e-05,0,-1.319724464465182e-05,5.8167680706592e-07,5.8167680706592e-07,-1.319724464465182e-05,1.319724464465182e-05,1.319724464465182e-11,-1.319724464465182e-05,0,1.319724464465182e-05,5.8167680706592e-07,-1.319724464465182e-05,2.639462126175009e-06,-1.319724464465182e-05,-1.319724464465182e-05,1.319724464465182e-05,-1.319724464465182e-05,1.319724464465182e-11,1
139.35,-1.42131037760291e-06,-1.270987234817553e-05,-1.270987234817553e-05,3.963297557110365e-06,0,0,1.61540855106917e-16,293.15,-1.270987234817553e-11,3.963297557110365e-06,3.230817102138341e-11,0.2,2.541987179507455e-06,-2.541974469635107e-06,1,1,-1.270987234817553e-05,1.270987234817553e-05,0,-1.270987234817553e-05,-1.42131037760291e-06,-1.42131037760291e-06,-1.270987234817553e-05,1.270987234817553e-05,1.270987234817553e-11,-1.270987234817553e-05,0,1.270987234817553e-05,-1.42131037760291e-06,-1.270987234817553e-05,2.541987179507455e-06,-1.270987234817553e-05,-1.270987234817553e-05,1.270987234817553e-05,-1.270987234817553e-05,1.270987234817553e-11,1
139.5,-3.298757674793284e-06,-1.196376321301513e-05,-1.196376321301513e-05,5.691522281159523e-06,0,0,1.431316302170941e-16,293.15,-1.196376321301513e-11,5.691522281159523e-06,2.862632604341881e-11,0.2,2.392764606366239e-06,-2.392752642603026e-06,1,1,-1.196376321301513e-05,1.196376321301513e-05,0,-1.196376321301513e-05,-3.298757674793284e-06,-3.298757674793284e-06,-1.196376321301513e-05,1.196376321301513e-05,1.196376321301513e-11,-1.196376321301513e-05,0,1.196376321301513e-05,-3.298757674793284e-06,-1.196376321301513e-05,2.392764606366239e-06,-1.196376321301513e-05,-1.196376321301513e-05,1.196376321301513e-05,-1.196376321301513e-05,1.196376321301513e-11,1
139.65,-5.070244395878422e-06,-1.092230334477738e-05,-1.092230334477738e-05,7.254715987137243e-06,0,0,1.192967103553352e-16,293.15,-1.092230334477738e-11,7.254715987137243e-06,2.385934207106704e-11,0.2,2.184471591258821e-06,-2.184460668955477e-06,1,1,-1.092230334477738e-05,1.092230334477738e-05,0,-1.092230334477738e-05,-5.070244395878422e-06,-5.070244395878422e-06,-1.092230334477738e-05,1.092230334477738e-05,1.092230334477738e-11,-1.092230334477738e-05,0,1.092230334477738e-05,-5.070244395878422e-06,-1.092230334477738e-05,2.184471591258821e-06,-1.092230334477738e-05,-1.092230334477738e-05,1.092230334477738e-05,-1.092230334477738e-05,1.092230334477738e-11,1
139.8,-6.664795559560163e-06,-9.651351466635409e-06,-9.651351466635409e-06,8.595075504238712e-06,0,0,9.314858513252546e-17,293.15,-9.651351466635408e-12,8.595075504238712e-06,1.862971702650509e-11,0.2,1.930279944678548e-06,-1.930270293327082e-06,1,1,-9.651351466635409e-06,9.651351466635409e-06,0,-9.651351466635409e-06,-6.664795559560163e-06,-6.664795559560163e-06,-9.651351466635409e-06,9.651351466635409e-06,9.651351466635408e-12,-9.651351466635409e-06,0,9.651351466635409e-06,-6.664795559560163e-06,-9.651351466635409e-06,1.930279944678548e-06,-9.651351466635409e-06,-9.651351466635409e-06,9.651351466635409e-06,-9.651351466635409e-06,9.651351466635408e-12,1
139.95,-8.050288487683042e-06,-8.191170730585716e-06,-8.191170730585716e-06,9.688530824970916e-06,0,0,6.709527793760413e-17,293.15,-8.191170730585716e-12,9.688530824970916e-06,1.341905558752083e-11,0.2,1.638242337287874e-06,-1.638234146117143e-06,1,1,-8.191170730585716e-06,8.191170730585716e-06,0,-8.191170730585716e-06,-8.050288487683042e-06,-8.050288487683042e-06,-8.191170730585716e-06,8.191170730585716e-06,8.191170730585716e-12,-8.191170730585716e-06,0,8.191170730585716e-06,-8.050288487683042e-06,-8.191170730585716e-06,1.638242337287874e-06,-8.191170730585716e-06,-8.191170730585716e-06,8.191170730585716e-06,-8.191170730585716e-06,8.191170730585716e-12,1
140.1,-9.20138891086376e-06,-6.589732357393058e-06,-6.589732357393058e-06,1.051934197207473e-05,0,0,4.342457254207307e-17,293.15,-6.589732357393058e-12,1.051934197207473e-05,8.684914508414615e-12,0.2,1.317953061210969e-06,-1.317946471478612e-06,1,1,-6.589732357393058e-06,6.589732357393058e-06,0,-6.589732357393058e-06,-9.20138891086376e-06,-9.20138891086376e-06,-6.589732357393058e-06,6.589732357393058e-06,6.589732357393058e-12,-6.589732357393058e-06,0,6.589732357393058e-06,-9.20138891086376e-06,-6.589732357393058e-06,1.317953061210969e-06,-6.589732357393058e-06,-6.589732357393058e-06,6.589732357393058e-06,-6.589732357393058e-06,6.589732357393058e-12,1
140.25,-1.009596535397755e-05,-4.889938704644665e-06,-4.889938704644665e-06,1.107395798484519e-05,0,0,2.391150053518194e-17,293.15,-4.889938704644665e-12,1.107395798484519e-05,4.782300107036389e-12,0.2,9.779926308676376e-07,-9.77987740928933e-07,1,1,-4.889938704644665e-06,4.889938704644665e-06,0,-4.889938704644665e-06,-1.009596535397755e-05,-1.009596535397755e-05,-4.889938704644665e-06,4.889938704644665e-06,4.889938704644665e-12,-4.889938704644665e-06,0,4.889938704644665e-06,-1.009596535397755e-05,-4.889938704644665e-06,9.779926308676376e-07,-4.889938704644665e-06,-4.889938704644665e-06,4.889938704644665e-06,-4.889938704644665e-06,4.889938704644665e-12,1
140.4,-1.070435818590413e-05,-3.097236380711559e-06,-3.097236380711559e-06,1.132380855928282e-05,0,0,9.592873198003238e-18,293.15,-3.097236380711559e-12,1.132380855928282e-05,1.918574639600648e-12,0.2,6.194503733786927e-07,-6.194472761423119e-07,1,1,-3.097236380711559e-06,3.097236380711559e-06,0,-3.097236380711559e-06,-1.070435818590413e-05,-1.070435818590413e-05,-3.097236380711559e-06,3.097236380711559e-06,3.097236380711559e-12,-3.097236380711559e-06,0,3.097236380711559e-06,-1.070435818590413e-05,-3.097236380711559e-06,6.194503733786927e-07,-3.097236380711559e-06,-3.097236380711559e-06,3.097236380711559e-06,-3.097236380711559e-06,3.097236380711559e-12,1
140.55,-1.10294988362187e-05,-1.286784653963605e-06,-1.286784653963605e-06,1.128685705379608e-05,0,0,1.655814745676234e-18,293.15,-1.286784653963605e-12,1.128685705379608e-05,3.311629491352468e-13,0.2,2.573582175773749e-07,-2.57356930792721e-07,1,1,-1.286784653963605e-06,1.286784653963605e-06,0,-1.286784653963605e-06,-1.10294988362187e-05,-1.10294988362187e-05,-1.286784653963605e-06,1.286784653963605e-06,1.286784653963605e-12,-1.286784653963605e-06,0,1.286784653963605e-06,-1.10294988362187e-05,-1.286784653963605e-06,2.573582175773749e-07,-1.286784653963605e-06,-1.286784653963605e-06,1.286784653963605e-06,-1.286784653963605e-06,1.286784653963605e-12,1
140.7,-1.107464839811303e-05,4.880204794568568e-07,4.880204794568568e-07,1.097704381420118e-05,0,0,2.381639883693005e-19,293.15,4.880204794568569e-13,1.097704381420118e-05,4.763279767386009e-14,0.2,-9.760458391185082e-08,9.760409589137137e-08,1,1,4.880204794568568e-07,-4.880204794568568e-07,0,4.880204794568568e-07,-1.107464839811303e-05,-1.107464839811303e-05,4.880204794568568e-07,-4.880204794568568e-07,-4.880204794568569e-13,4.880204794568568e-07,0,-4.880204794568568e-07,-1.107464839811303e-05,4.880204794568568e-07,-9.760458391185082e-08,4.880204794568568e-07,4.880204794568568e-07,-4.880204794568568e-07,4.880204794568568e-07,-4.880204794568569e-13,1
140.85,-1.085345713495052e-05,2.170874994595799e-06,2.170874994595799e-06,1.041927996515636e-05,0,0,4.712698242161309e-18,293.15,2.170874994595799e-12,1.041927996515636e-05,9.425396484322619e-13,0.2,-4.341771697941544e-07,4.341749989191598e-07,1,1,2.170874994595799e-06,-2.170874994595799e-06,0,2.170874994595799e-06,-1.085345713495052e-05,-1.085345713495052e-05,2.170874994595799e-06,-2.170874994595799e-06,-2.170874994595799e-12,2.170874994595799e-06,0,-2.170874994595799e-06,-1.085345713495052e-05,2.170874994595799e-06,-4.341771697941544e-07,2.170874994595799e-06,2.170874994595799e-06,-2.170874994595799e-06,2.170874994595799e-06,-2.170874994595799e-12,1
141,-1.036781585063412e-05,3.738809968938897e-06,3.738809968938897e-06,9.620050118036372e-06,0,0,1.397869998383688e-17,293.15,3.738809968938897e-12,9.620050118036372e-06,2.795739996767376e-12,0.2,-7.477657325977485e-07,7.477619937877795e-07,1,1,3.738809968938897e-06,-3.738809968938897e-06,0,3.738809968938897e-06,-1.036781585063412e-05,-1.036781585063412e-05,3.738809968938897e-06,-3.738809968938897e-06,-3.738809968938897e-12,3.738809968938897e-06,0,-3.738809968938897e-06,-1.036781585063412e-05,3.738809968938897e-06,-7.477657325977485e-07,3.738809968938897e-06,3.738809968938897e-06,-3.738809968938897e-06,3.738809968938897e-06,-3.738809968938897e-12,1
141.15,-9.617663659994471e-06,5.188751956516685e-06,5.188751956516685e-06,8.579908079939177e-06,0,0,2.692314686625572e-17,293.15,5.188751956516684e-12,8.579908079939177e-06,5.384629373251146e-12,0.2,-1.037755580055294e-06,1.037750391303337e-06,1,1,5.188751956516685e-06,-5.188751956516685e-06,0,5.188751956516685e-06,-9.617663659994471e-06,-9.617663659994471e-06,5.188751956516685e-06,-5.188751956516685e-06,-5.188751956516684e-12,5.188751956516685e-06,0,-5.188751956516685e-06,-9.617663659994471e-06,5.188751956516685e-06,-1.037755580055294e-06,5.188751956516685e-06,5.188751956516685e-06,-5.188751956516685e-06,5.188751956516685e-06,-5.188751956516684e-12,1
141.3,-8.651366007165423e-06,6.461008617136729e-06,6.461008617136729e-06,7.35915782272946e-06,0,0,4.174463235071506e-17,293.15,6.461008617136728e-12,7.35915782272946e-06,8.348926470143012e-12,0.2,-1.292208184435963e-06,1.292201723427346e-06,1,1,6.461008617136729e-06,-6.461008617136729e-06,0,6.461008617136729e-06,-8.651366007165423e-06,-8.651366007165423e-06,6.461008617136729e-06,-6.461008617136729e-06,-6.461008617136728e-12,6.461008617136729e-06,0,-6.461008617136729e-06,-8.651366007165423e-06,6.461008617136729e-06,-1.292208184435963e-06,6.461008617136729e-06,6.461008617136729e-06,-6.461008617136729e-06,6.461008617136729e-06,-6.461008617136728e-12,1
141.45,-7.510147671642652e-06,7.527467527165587e-06,7.527467527165587e-06,6.004646638742008e-06,0,0,5.66627673725324e-17,293.15,7.527467527165588e-12,6.004646638742008e-06,1.133255347450648e-11,0.2,-1.505501032900645e-06,1.505493505433117e-06,1,1,7.527467527165587e-06,-7.527467527165587e-06,0,7.527467527165587e-06,-7.510147671642652e-06,-7.510147671642652e-06,7.527467527165587e-06,-7.527467527165587e-06,-7.527467527165588e-12,7.527467527165587e-06,0,-7.527467527165587e-06,-7.510147671642652e-06,7.527467527165587e-06,-1.505501032900645e-06,7.527467527165587e-06,7.527467527165587e-06,-7.527467527165587e-06,7.527467527165587e-06,-7.527467527165588e-12,1
141.6,-6.245757797681686e-06,8.365940838125493e-06,8.365940838125493e-06,4.572561264115749e-06,0,0,6.998896610701587e-17,293.15,8.365940838125493e-12,4.572561264115749e-06,1.399779322140318e-11,0.2,-1.673196533565937e-06,1.673188167625099e-06,1,1,8.365940838125493e-06,-8.365940838125493e-06,0,8.365940838125493e-06,-6.245757797681686e-06,-6.245757797681686e-06,8.365940838125493e-06,-8.365940838125493e-06,-8.365940838125493e-12,8.365940838125493e-06,0,-8.365940838125493e-06,-6.245757797681686e-06,8.365940838125493e-06,-1.673196533565937e-06,8.365940838125493e-06,8.365940838125493e-06,-8.365940838125493e-06,8.365940838125493e-06,-8.365940838125493e-12,1
141.75,-4.847652936424932e-06,8.961554235494716e-06,8.961554235494716e-06,3.055333127771753e-06,0,0,8.030945431571327e-17,293.15,8.961554235494715e-12,3.055333127771753e-06,1.606189086314266e-11,0.2,-1.792319808653179e-06,1.792310847098943e-06,1,1,8.961554235494716e-06,-8.961554235494716e-06,0,8.961554235494716e-06,-4.847652936424932e-06,-4.847652936424932e-06,8.961554235494716e-06,-8.961554235494716e-06,-8.961554235494715e-12,8.961554235494716e-06,0,-8.961554235494716e-06,-4.847652936424932e-06,8.961554235494716e-06,-1.792319808653179e-06,8.961554235494716e-06,8.961554235494716e-06,-8.961554235494716e-06,8.961554235494716e-06,-8.961554235494715e-12,1
141.9,-3.347915192731021e-06,9.307011537115285e-06,9.307011537115285e-06,1.486503578296427e-06,0,0,8.662046375199703e-17,293.15,9.307011537115286e-12,1.486503578296427e-06,1.732409275039941e-11,0.2,-1.861411614434594e-06,1.861402307423057e-06,1,1,9.307011537115285e-06,-9.307011537115285e-06,0,9.307011537115285e-06,-3.347915192731021e-06,-3.347915192731021e-06,9.307011537115285e-06,-9.307011537115285e-06,-9.307011537115286e-12,9.307011537115285e-06,0,-9.307011537115285e-06,-3.347915192731021e-06,9.307011537115285e-06,-1.861411614434594e-06,9.307011537115285e-06,9.307011537115285e-06,-9.307011537115285e-06,9.307011537115285e-06,-9.307011537115286e-12,1
142.05,-1.815107751747796e-06,9.403561878810866e-06,9.403561878810866e-06,-6.561402757625601e-08,0,0,8.842697600862495e-17,293.15,9.403561878810866e-12,-6.561402757625601e-08,1.768539520172499e-11,0.2,-1.880721779324052e-06,1.880712375762173e-06,1,1,9.403561878810866e-06,-9.403561878810866e-06,0,9.403561878810866e-06,-1.815107751747796e-06,-1.815107751747796e-06,9.403561878810866e-06,-9.403561878810866e-06,-9.403561878810866e-12,9.403561878810866e-06,0,-9.403561878810866e-06,-1.815107751747796e-06,9.403561878810866e-06,-1.880721779324052e-06,9.403561878810866e-06,9.403561878810866e-06,-9.403561878810866e-06,9.403561878810866e-06,-9.403561878810866e-12,1
142.2,-2.998779079629479e-07,9.262272147509324e-06,9.262272147509324e-06,-1.552585783811064e-06,0,0,8.578968533452699e-17,293.15,9.262272147509324e-12,-1.552585783811064e-06,1.71579370669054e-11,0.2,-1.852463691774012e-06,1.852454429501865e-06,1,1,9.262272147509324e-06,-9.262272147509324e-06,0,9.262272147509324e-06,-2.998779079629479e-07,-2.998779079629479e-07,9.262272147509324e-06,-9.262272147509324e-06,-9.262272147509324e-12,9.262272147509324e-06,0,-9.262272147509324e-06,-2.998779079629479e-07,9.262272147509324e-06,-1.852463691774012e-06,9.262272147509324e-06,9.262272147509324e-06,-9.262272147509324e-06,9.262272147509324e-06,-9.262272147509324e-12,1
142.35,1.143202446521394e-06,8.904817132714035e-06,8.904817132714035e-06,-2.924174777881334e-06,0,0,7.929576816707741e-17,293.15,8.904817132714035e-12,-2.924174777881334e-06,1.585915363341548e-11,0.2,-1.78097233135994e-06,1.780963426542807e-06,1,1,8.904817132714035e-06,-8.904817132714035e-06,0,8.904817132714035e-06,1.143202446521394e-06,1.143202446521394e-06,8.904817132714035e-06,-8.904817132714035e-06,-8.904817132714035e-12,8.904817132714035e-06,0,-8.904817132714035e-06,1.143202446521394e-06,8.904817132714035e-06,-1.78097233135994e-06,8.904817132714035e-06,8.904817132714035e-06,-8.904817132714035e-06,8.904817132714035e-06,-8.904817132714035e-12,1
142.5,2.538093959545991e-06,8.302336410536566e-06,8.302336410536566e-06,-4.198569543989715e-06,0,0,6.892878987372119e-17,293.15,8.302336410536566e-12,-4.198569543989715e-06,1.378575797474424e-11,0.2,-1.660475584443724e-06,1.660467282107313e-06,1,1,8.302336410536566e-06,-8.302336410536566e-06,0,8.302336410536566e-06,2.538093959545991e-06,2.538093959545991e-06,8.302336410536566e-06,-8.302336410536566e-06,-8.302336410536566e-12,8.302336410536566e-06,0,-8.302336410536566e-06,2.538093959545991e-06,8.302336410536566e-06,-1.660475584443724e-06,8.302336410536566e-06,8.302336410536566e-06,-8.302336410536566e-06,8.302336410536566e-06,-8.302336410536566e-12,1
142.65,3.825870888960105e-06,7.498330098306212e-06,7.498330098306212e-06,-5.325544406951446e-06,0,0,5.622495426316485e-17,293.15,7.498330098306212e-12,-5.325544406951446e-06,1.124499085263297e-11,0.2,-1.499673517991341e-06,1.499666019661243e-06,1,1,7.498330098306212e-06,-7.498330098306212e-06,0,7.498330098306212e-06,3.825870888960105e-06,3.825870888960105e-06,7.498330098306212e-06,-7.498330098306212e-06,-7.498330098306212e-12,7.498330098306212e-06,0,-7.498330098306212e-06,3.825870888960105e-06,7.498330098306212e-06,-1.499673517991341e-06,7.498330098306212e-06,7.498330098306212e-06,-7.498330098306212e-06,7.498330098306212e-06,-7.498330098306212e-12,1
142.8,4.968406784040465e-06,6.531495809807684e-06,6.531495809807684e-06,-6.274712477497812e-06,0,0,4.266043751353534e-17,293.15,6.531495809807684e-12,-6.274712477497812e-06,8.532087502707068e-12,0.2,-1.306305693457347e-06,1.306299161961537e-06,1,1,6.531495809807684e-06,-6.531495809807684e-06,0,6.531495809807684e-06,4.968406784040465e-06,4.968406784040465e-06,6.531495809807684e-06,-6.531495809807684e-06,-6.531495809807684e-12,6.531495809807684e-06,0,-6.531495809807684e-06,4.968406784040465e-06,6.531495809807684e-06,-1.306305693457347e-06,6.531495809807684e-06,6.531495809807684e-06,-6.531495809807684e-06,6.531495809807684e-06,-6.531495809807684e-12,1
142.95,5.937108956398539e-06,5.445312502788506e-06,5.445312502788506e-06,-7.026176902268743e-06,0,0,2.965142825302483e-17,293.15,5.445312502788506e-12,-7.026176902268743e-06,5.930285650604966e-12,0.2,-1.089067945870204e-06,1.089062500557701e-06,1,1,5.445312502788506e-06,-5.445312502788506e-06,0,5.445312502788506e-06,5.937108956398539e-06,5.937108956398539e-06,5.445312502788506e-06,-5.445312502788506e-06,-5.445312502788506e-12,5.445312502788506e-06,0,-5.445312502788506e-06,5.937108956398539e-06,5.445312502788506e-06,-1.089067945870204e-06,5.445312502788506e-06,5.445312502788506e-06,-5.445312502788506e-06,5.445312502788506e-06,-5.445312502788506e-12,1
143.1,6.709555569998645e-06,4.282819628790298e-06,4.282819628790298e-06,-7.566123778576334e-06,0,0,1.834254397275146e-17,293.15,4.282819628790298e-12,-7.566123778576334e-06,3.668508794550293e-12,0.2,-8.565682085776884e-07,8.565639257580596e-07,1,1,4.282819628790298e-06,-4.282819628790298e-06,0,4.282819628790298e-06,6.709555569998645e-06,6.709555569998645e-06,4.282819628790298e-06,-4.282819628790298e-06,-4.282819628790298e-12,4.282819628790298e-06,0,-4.282819628790298e-06,6.709555569998645e-06,4.282819628790298e-06,-8.565682085776884e-07,4.282819628790298e-06,4.282819628790298e-06,-4.282819628790298e-06,4.282819628790298e-06,-4.282819628790298e-12,1
143.25,7.283988096030331e-06,3.000823175828427e-06,3.000823175828427e-06,-7.884155732019194e-06,0,0,9.004939732589004e-18,293.15,3.000823175828427e-12,-7.884155732019194e-06,1.800987946517801e-12,0.2,-6.001676359888612e-07,6.001646351656854e-07,1,1,3.000823175828427e-06,-3.000823175828427e-06,0,3.000823175828427e-06,7.283988096030331e-06,7.283988096030331e-06,3.000823175828427e-06,-3.000823175828427e-06,-3.000823175828427e-12,3.000823175828427e-06,0,-3.000823175828427e-06,7.283988096030331e-06,3.000823175828427e-06,-6.001676359888612e-07,3.000823175828427e-06,3.000823175828427e-06,-3.000823175828427e-06,3.000823175828427e-06,-3.000823175828427e-12,1
143.4,7.646248089520926e-06,1.683801138119803e-06,1.683801138119803e-06,-7.983010000946024e-06,0,0,2.835186272733544e-18,293.15,1.683801138119803e-12,-7.983010000946024e-06,5.670372545467088e-13,0.2,-3.367619114250987e-07,3.367602276239606e-07,1,1,1.683801138119803e-06,-1.683801138119803e-06,0,1.683801138119803e-06,7.646248089520926e-06,7.646248089520926e-06,1.683801138119803e-06,-1.683801138119803e-06,-1.683801138119803e-12,1.683801138119803e-06,0,-1.683801138119803e-06,7.646248089520926e-06,1.683801138119803e-06,-3.367619114250987e-07,1.683801138119803e-06,1.683801138119803e-06,-1.683801138119803e-06,1.683801138119803e-06,-1.683801138119803e-12,1
143.55,7.797541420659531e-06,3.744698348924926e-07,3.744698348924926e-07,-7.872435762107866e-06,0,0,1.402276572444107e-19,293.15,3.744698348924926e-13,-7.872435762107866e-06,2.804553144888215e-14,0.2,-7.489434144833343e-08,7.489396697849854e-08,1,1,3.744698348924926e-07,-3.744698348924926e-07,0,3.744698348924926e-07,7.797541420659531e-06,7.797541420659531e-06,3.744698348924926e-07,-3.744698348924926e-07,-3.744698348924926e-13,3.744698348924926e-07,0,-3.744698348924926e-07,7.797541420659531e-06,3.744698348924926e-07,-7.489434144833343e-08,3.744698348924926e-07,3.744698348924926e-07,-3.744698348924926e-07,3.744698348924926e-07,-3.744698348924926e-13,1
143.7,7.748232510261557e-06,-8.815683263128699e-07,-8.815683263128699e-07,-7.571917963430657e-06,0,0,7.771627139580746e-19,293.15,-8.815683263128698e-13,-7.571917963430657e-06,1.554325427916149e-13,0.2,1.763145468309003e-07,-1.76313665262574e-07,1,1,-8.815683263128699e-07,8.815683263128699e-07,0,-8.815683263128699e-07,7.748232510261557e-06,7.748232510261557e-06,-8.815683263128699e-07,8.815683263128699e-07,8.815683263128698e-13,-8.815683263128699e-07,0,8.815683263128699e-07,7.748232510261557e-06,-8.815683263128699e-07,1.763145468309003e-07,-8.815683263128699e-07,-8.815683263128699e-07,8.815683263128699e-07,-8.815683263128699e-07,8.815683263128698e-13,1
143.85,7.501450482135129e-06,-2.057700567186554e-06,-2.057700567186554e-06,-7.08990831099725e-06,0,0,4.234131624199867e-18,293.15,-2.057700567186554e-12,-7.08990831099725e-06,8.468263248399734e-13,0.2,4.11542171137878e-07,-4.115401134373109e-07,1,1,-2.057700567186554e-06,2.057700567186554e-06,0,-2.057700567186554e-06,7.501450482135129e-06,7.501450482135129e-06,-2.057700567186554e-06,2.057700567186554e-06,2.057700567186554e-12,-2.057700567186554e-06,0,2.057700567186554e-06,7.501450482135129e-06,-2.057700567186554e-06,4.11542171137878e-07,-2.057700567186554e-06,-2.057700567186554e-06,2.057700567186554e-06,-2.057700567186554e-06,2.057700567186554e-12,1
144,7.040340091556367e-06,-3.163629546875034e-06,-3.163629546875034e-06,-6.407611018551813e-06,0,0,1.000855190986074e-17,293.15,-3.163629546875034e-12,-6.407611018551813e-06,2.001710381972147e-12,0.2,6.327290730045539e-07,-6.32725909375007e-07,1,1,-3.163629546875034e-06,3.163629546875034e-06,0,-3.163629546875034e-06,7.040340091556367e-06,7.040340091556367e-06,-3.163629546875034e-06,3.163629546875034e-06,3.163629546875034e-12,-3.163629546875034e-06,0,3.163629546875034e-06,7.040340091556367e-06,-3.163629546875034e-06,6.327290730045539e-07,-3.163629546875034e-06,-3.163629546875034e-06,3.163629546875034e-06,-3.163629546875034e-06,3.163629546875034e-12,1
144.15,6.40922004775161e-06,-4.145471084293919e-06,-4.145471084293919e-06,-5.580121685421741e-06,0,0,1.7184930510717e-17,293.15,-4.145471084293919e-12,-5.580121685421741e-06,3.4369861021434e-12,0.2,8.290983623298681e-07,-8.290942168587839e-07,1,1,-4.145471084293919e-06,4.145471084293919e-06,0,-4.145471084293919e-06,6.40922004775161e-06,6.40922004775161e-06,-4.145471084293919e-06,4.145471084293919e-06,4.145471084293919e-12,-4.145471084293919e-06,0,4.145471084293919e-06,6.40922004775161e-06,-4.145471084293919e-06,8.290983623298681e-07,-4.145471084293919e-06,-4.145471084293919e-06,4.145471084293919e-06,-4.145471084293919e-06,4.145471084293919e-12,1
144.3,5.639449442883952e-06,-4.979708515745964e-06,-4.979708515745964e-06,-4.643502760026243e-06,0,0,2.479749690179287e-17,293.15,-4.979708515745964e-12,-4.643502760026243e-06,4.959499380358575e-12,0.2,9.959466828577085e-07,-9.959417031491928e-07,1,1,-4.979708515745964e-06,4.979708515745964e-06,0,-4.979708515745964e-06,5.639449442883952e-06,5.639449442883952e-06,-4.979708515745964e-06,4.979708515745964e-06,4.979708515745964e-12,-4.979708515745964e-06,0,4.979708515745964e-06,5.639449442883952e-06,-4.979708515745964e-06,9.959466828577085e-07,-4.979708515745964e-06,-4.979708515745964e-06,4.979708515745964e-06,-4.979708515745964e-06,4.979708515745964e-12,1
144.45,4.771172339983875e-06,-5.647458787596113e-06,-5.647458787596113e-06,-3.641674935005865e-06,0,0,3.189379075759656e-17,293.15,-5.647458787596113e-12,-3.641674935005865e-06,6.378758151519313e-12,0.2,1.12949740497801e-06,-1.129491757519223e-06,1,1,-5.647458787596113e-06,5.647458787596113e-06,0,-5.647458787596113e-06,4.771172339983875e-06,4.771172339983875e-06,-5.647458787596113e-06,5.647458787596113e-06,5.647458787596113e-12,-5.647458787596113e-06,0,5.647458787596113e-06,4.771172339983875e-06,-5.647458787596113e-06,1.12949740497801e-06,-5.647458787596113e-06,-5.647458787596113e-06,5.647458787596113e-06,-5.647458787596113e-06,5.647458787596113e-12,1
144.6,3.803918032299417e-06,-6.137231845641932e-06,-6.137231845641932e-06,-2.576465525939185e-06,0,0,3.766561472716147e-17,293.15,-6.137231845641932e-12,-2.576465525939185e-06,7.533122945432296e-12,0.2,1.227452506360232e-06,-1.227446369128387e-06,1,1,-6.137231845641932e-06,6.137231845641932e-06,0,-6.137231845641932e-06,3.803918032299417e-06,3.803918032299417e-06,-6.137231845641932e-06,6.137231845641932e-06,6.137231845641932e-12,-6.137231845641932e-06,0,6.137231845641932e-06,3.803918032299417e-06,-6.137231845641932e-06,1.227452506360232e-06,-6.137231845641932e-06,-6.137231845641932e-06,6.137231845641932e-06,-6.137231845641932e-06,6.137231845641932e-12,1
144.75,2.743723479013719e-06,-6.443868156254314e-06,-6.443868156254314e-06,-1.4549434038947e-06,0,0,4.152343681518838e-17,293.15,-6.443868156254314e-12,-1.4549434038947e-06,8.304687363037676e-12,0.2,1.288780075119019e-06,-1.288773631250863e-06,1,1,-6.443868156254314e-06,6.443868156254314e-06,0,-6.443868156254314e-06,2.743723479013719e-06,2.743723479013719e-06,-6.443868156254314e-06,6.443868156254314e-06,6.443868156254314e-12,-6.443868156254314e-06,0,6.443868156254314e-06,2.743723479013719e-06,-6.443868156254314e-06,1.288780075119019e-06,-6.443868156254314e-06,-6.443868156254314e-06,6.443868156254314e-06,-6.443868156254314e-06,6.443868156254314e-12,1
144.9,1.651196931301549e-06,-6.567438960379505e-06,-6.567438960379505e-06,-3.377025717866876e-07,0,0,4.313125449831063e-17,293.15,-6.567438960379505e-12,-3.377025717866876e-07,8.626250899662128e-12,0.2,1.313494359514862e-06,-1.313487792075901e-06,1,1,-6.567438960379505e-06,6.567438960379505e-06,0,-6.567438960379505e-06,1.651196931301549e-06,1.651196931301549e-06,-6.567438960379505e-06,6.567438960379505e-06,6.567438960379505e-12,-6.567438960379505e-06,0,6.567438960379505e-06,1.651196931301549e-06,-6.567438960379505e-06,1.313494359514862e-06,-6.567438960379505e-06,-6.567438960379505e-06,6.567438960379505e-06,-6.567438960379505e-06,6.567438960379505e-12,1
145.05,5.650323215571078e-07,-6.517078148324839e-06,-6.517078148324839e-06,7.383898251860084e-07,0,0,4.247230759137311e-17,293.15,-6.517078148324839e-12,7.383898251860084e-07,8.494461518274622e-12,0.2,1.303422146743116e-06,-1.303415629664968e-06,1,1,-6.517078148324839e-06,6.517078148324839e-06,0,-6.517078148324839e-06,5.650323215571078e-07,5.650323215571078e-07,-6.517078148324839e-06,6.517078148324839e-06,6.517078148324839e-12,-6.517078148324839e-06,0,6.517078148324839e-06,5.650323215571078e-07,-6.517078148324839e-06,1.303422146743116e-06,-6.517078148324839e-06,-6.517078148324839e-06,6.517078148324839e-06,-6.517078148324839e-06,6.517078148324839e-12,1
145.2,-4.729213409834686e-07,-6.310792987622806e-06,-6.310792987622806e-06,1.735086249301018e-06,0,0,3.982610813262918e-17,293.15,-6.310792987622806e-12,1.735086249301018e-06,7.965221626525838e-12,0.2,1.262164908317549e-06,-1.262158597524561e-06,1,1,-6.310792987622806e-06,6.310792987622806e-06,0,-6.310792987622806e-06,-4.729213409834686e-07,-4.729213409834686e-07,-6.310792987622806e-06,6.310792987622806e-06,6.310792987622806e-12,-6.310792987622806e-06,0,6.310792987622806e-06,-4.729213409834686e-07,-6.310792987622806e-06,1.262164908317549e-06,-6.310792987622806e-06,-6.310792987622806e-06,6.310792987622806e-06,-6.310792987622806e-06,6.310792987622806e-12,1
145.35,-1.473945841679133e-06,-5.925653857778651e-06,-5.925653857778651e-06,2.659082538888721e-06,0,0,3.5113373642207e-17,293.15,-5.925653857778651e-12,2.659082538888721e-06,7.022674728441402e-12,0.2,1.185136697209588e-06,-1.18513077155573e-06,1,1,-5.925653857778651e-06,5.925653857778651e-06,0,-5.925653857778651e-06,-1.473945841679133e-06,-1.473945841679133e-06,-5.925653857778651e-06,5.925653857778651e-06,5.925653857778651e-12,-5.925653857778651e-06,0,5.925653857778651e-06,-1.473945841679133e-06,-5.925653857778651e-06,1.185136697209588e-06,-5.925653857778651e-06,-5.925653857778651e-06,5.925653857778651e-06,-5.925653857778651e-06,5.925653857778651e-12,1
145.5,-2.407418177156524e-06,-5.384484201187884e-06,-5.384484201187884e-06,3.484320401878302e-06,0,0,2.899267011284193e-17,293.15,-5.384484201187884e-12,3.484320401878302e-06,5.798534022568385e-12,0.2,1.076902224721778e-06,-1.076896840237577e-06,1,1,-5.384484201187884e-06,5.384484201187884e-06,0,-5.384484201187884e-06,-2.407418177156524e-06,-2.407418177156524e-06,-5.384484201187884e-06,5.384484201187884e-06,5.384484201187884e-12,-5.384484201187884e-06,0,5.384484201187884e-06,-2.407418177156524e-06,-5.384484201187884e-06,1.076902224721778e-06,-5.384484201187884e-06,-5.384484201187884e-06,5.384484201187884e-06,-5.384484201187884e-06,5.384484201187884e-12,1
145.65,-3.23918722611373e-06,-4.722205334913204e-06,-4.722205334913204e-06,4.183633015301706e-06,0,0,2.229922322508272e-17,293.15,-4.722205334913203e-12,4.183633015301706e-06,4.459844645016545e-12,0.2,9.444457891879757e-07,-9.444410669826407e-07,1,1,-4.722205334913204e-06,4.722205334913204e-06,0,-4.722205334913204e-06,-3.23918722611373e-06,-3.23918722611373e-06,-4.722205334913204e-06,4.722205334913204e-06,4.722205334913203e-12,-4.722205334913204e-06,0,4.722205334913204e-06,-3.23918722611373e-06,-4.722205334913204e-06,9.444457891879757e-07,-4.722205334913204e-06,-4.722205334913204e-06,4.722205334913204e-06,-4.722205334913204e-06,4.722205334913203e-12,1
145.8,-3.948605546964748e-06,-3.971435503737449e-06,-3.971435503737449e-06,4.742896619147742e-06,0,0,1.577229996034633e-17,293.15,-3.971435503737449e-12,4.742896619147742e-06,3.154459992069266e-12,0.2,7.942910721829936e-07,-7.942871007474899e-07,1,1,-3.971435503737449e-06,3.971435503737449e-06,0,-3.971435503737449e-06,-3.948605546964748e-06,-3.948605546964748e-06,-3.971435503737449e-06,3.971435503737449e-06,3.971435503737449e-12,-3.971435503737449e-06,0,3.971435503737449e-06,-3.948605546964748e-06,-3.971435503737449e-06,7.942910721829936e-07,-3.971435503737449e-06,-3.971435503737449e-06,3.971435503737449e-06,-3.971435503737449e-06,3.971435503737449e-12,1
145.95,-4.518863074251303e-06,-3.17215503743817e-06,-3.17215503743817e-06,5.153297253893974e-06,0,0,1.006256758154436e-17,293.15,-3.17215503743817e-12,5.153297253893974e-06,2.012513516308872e-12,0.2,6.344341796426715e-07,-6.344310074876341e-07,1,1,-3.17215503743817e-06,3.17215503743817e-06,0,-3.17215503743817e-06,-4.518863074251303e-06,-4.518863074251303e-06,-3.17215503743817e-06,3.17215503743817e-06,3.17215503743817e-12,-3.17215503743817e-06,0,3.17215503743817e-06,-4.518863074251303e-06,-3.17215503743817e-06,6.344341796426715e-07,-3.17215503743817e-06,-3.17215503743817e-06,3.17215503743817e-06,-3.17215503743817e-06,3.17215503743817e-12,1
146.1,-4.945832080393166e-06,-2.277607585744704e-06,-2.277607585744704e-06,5.401355875149693e-06,0,0,5.187496314641821e-18,293.15,-2.277607585744704e-12,5.401355875149693e-06,1.037499262928364e-12,0.2,4.555237947565267e-07,-4.555215171489409e-07,1,1,-2.277607585744704e-06,2.277607585744704e-06,0,-2.277607585744704e-06,-4.945832080393166e-06,-4.945832080393166e-06,-2.277607585744704e-06,2.277607585744704e-06,2.277607585744704e-12,-2.277607585744704e-06,0,2.277607585744704e-06,-4.945832080393166e-06,-2.277607585744704e-06,4.555237947565267e-07,-2.277607585744704e-06,-2.277607585744704e-06,2.277607585744704e-06,-2.277607585744704e-06,2.277607585744704e-12,1
146.25,-5.221322054767208e-06,-1.355781367869318e-06,-1.355781367869318e-06,5.492479684122439e-06,0,0,1.838143117461598e-18,293.15,-1.355781367869317e-12,5.492479684122439e-06,3.676286234923196e-13,0.2,2.711576293552314e-07,-2.711562735738635e-07,1,1,-1.355781367869318e-06,1.355781367869318e-06,0,-1.355781367869318e-06,-5.221322054767208e-06,-5.221322054767208e-06,-1.355781367869318e-06,1.355781367869318e-06,1.355781367869317e-12,-1.355781367869318e-06,0,1.355781367869318e-06,-5.221322054767208e-06,-1.355781367869318e-06,2.711576293552314e-07,-1.355781367869318e-06,-1.355781367869318e-06,1.355781367869318e-06,-1.355781367869318e-06,1.355781367869317e-12,1
146.4,-5.346926802937777e-06,-4.375328735544961e-07,-4.375328735544961e-07,5.43443381518155e-06,0,0,1.914350154408547e-19,293.15,-4.375328735544961e-13,5.43443381518155e-06,3.828700308817094e-14,0.2,8.750701224377278e-08,-8.750657471089922e-08,1,1,-4.375328735544961e-07,4.375328735544961e-07,0,-4.375328735544961e-07,-5.346926802937777e-06,-5.346926802937777e-06,-4.375328735544961e-07,4.375328735544961e-07,4.375328735544961e-13,-4.375328735544961e-07,0,4.375328735544961e-07,-5.346926802937777e-06,-4.375328735544961e-07,8.750701224377278e-08,-4.375328735544961e-07,-4.375328735544961e-07,4.375328735544961e-07,-4.375328735544961e-07,4.375328735544961e-13,1
146.55,-5.331346311477481e-06,4.444135762585393e-07,4.444135762585393e-07,5.242463151812197e-06,0,0,1.975034267629045e-19,293.15,4.444135762585393e-13,5.242463151812197e-06,3.95006853525809e-14,0.2,-8.888315966528412e-08,8.888271525170786e-08,1,1,4.444135762585393e-07,-4.444135762585393e-07,0,4.444135762585393e-07,-5.331346311477481e-06,-5.331346311477481e-06,4.444135762585393e-07,-4.444135762585393e-07,-4.444135762585393e-13,4.444135762585393e-07,0,-4.444135762585393e-07,-5.331346311477481e-06,4.444135762585393e-07,-8.888315966528412e-08,4.444135762585393e-07,4.444135762585393e-07,-4.444135762585393e-07,4.444135762585393e-07,-4.444135762585393e-13,1
146.7,-5.181754782050208e-06,1.265274443790984e-06,1.265274443790984e-06,4.928698628017568e-06,0,0,1.600919418110583e-18,293.15,1.265274443790984e-12,4.928698628017568e-06,3.201838836221166e-13,0.2,-2.530561540326405e-07,2.530548887581967e-07,1,1,1.265274443790984e-06,-1.265274443790984e-06,0,1.265274443790984e-06,-5.181754782050208e-06,-5.181754782050208e-06,1.265274443790984e-06,-1.265274443790984e-06,-1.265274443790984e-12,1.265274443790984e-06,0,-1.265274443790984e-06,-5.181754782050208e-06,1.265274443790984e-06,-2.530561540326405e-07,1.265274443790984e-06,1.265274443790984e-06,-1.265274443790984e-06,1.265274443790984e-06,-1.265274443790984e-12,1
146.85,-4.874040965447353e-06,2.03963313603468e-06,2.03963313603468e-06,4.466112298607281e-06,0,0,4.160103329610663e-18,293.15,2.03963313603468e-12,4.466112298607281e-06,8.320206659221326e-13,0.2,-4.07928666840072e-07,4.07926627206936e-07,1,1,2.03963313603468e-06,-2.03963313603468e-06,0,2.03963313603468e-06,-4.874040965447353e-06,-4.874040965447353e-06,2.03963313603468e-06,-2.03963313603468e-06,-2.03963313603468e-12,2.03963313603468e-06,0,-2.03963313603468e-06,-4.874040965447353e-06,2.03963313603468e-06,-4.07928666840072e-07,2.03963313603468e-06,2.03963313603468e-06,-2.03963313603468e-06,2.03963313603468e-06,-2.03963313603468e-12,1
147,-4.446091201727492e-06,2.726970706529747e-06,2.726970706529747e-06,3.900694333450836e-06,0,0,7.436369234271349e-18,293.15,2.726970706529747e-12,3.900694333450836e-06,1.48727384685427e-12,0.2,-5.453968682766561e-07,5.453941413059495e-07,1,1,2.726970706529747e-06,-2.726970706529747e-06,0,2.726970706529747e-06,-4.446091201727492e-06,-4.446091201727492e-06,2.726970706529747e-06,-2.726970706529747e-06,-2.726970706529747e-12,2.726970706529747e-06,0,-2.726970706529747e-06,-4.446091201727492e-06,2.726970706529747e-06,-5.453968682766561e-07,2.726970706529747e-06,2.726970706529747e-06,-2.726970706529747e-06,2.726970706529747e-06,-2.726970706529747e-12,1
147.15,-3.92068113871667e-06,3.311538413463623e-06,3.311538413463623e-06,3.258370144485532e-06,0,0,1.096628666384517e-17,293.15,3.311538413463623e-12,3.258370144485532e-06,2.193257332769035e-12,0.2,-6.623109942311382e-07,6.623076826927247e-07,1,1,3.311538413463623e-06,-3.311538413463623e-06,0,3.311538413463623e-06,-3.92068113871667e-06,-3.92068113871667e-06,3.311538413463623e-06,-3.311538413463623e-06,-3.311538413463623e-12,3.311538413463623e-06,0,-3.311538413463623e-06,-3.92068113871667e-06,3.311538413463623e-06,-6.623109942311382e-07,3.311538413463623e-06,3.311538413463623e-06,-3.311538413463623e-06,3.311538413463623e-06,-3.311538413463623e-12,1
147.3,-3.326916116166866e-06,3.781396754422045e-06,3.781396754422045e-06,2.570632983885703e-06,0,0,1.429896141435357e-17,293.15,3.781396754422044e-12,2.570632983885703e-06,2.859792282870714e-12,0.2,-7.562831322811633e-07,7.562793508844089e-07,1,1,3.781396754422045e-06,-3.781396754422045e-06,0,3.781396754422045e-06,-3.326916116166866e-06,-3.326916116166866e-06,3.781396754422045e-06,-3.781396754422045e-06,-3.781396754422044e-12,3.781396754422045e-06,0,-3.781396754422045e-06,-3.326916116166866e-06,3.781396754422045e-06,-7.562831322811633e-07,3.781396754422045e-06,3.781396754422045e-06,-3.781396754422045e-06,3.781396754422045e-06,-3.781396754422044e-12,1
147.45,-2.672104289524607e-06,4.127126089014418e-06,4.127126089014418e-06,1.846674944595635e-06,0,0,1.703316975462345e-17,293.15,4.127126089014418e-12,1.846674944595635e-06,3.40663395092469e-12,0.2,-8.254293449289727e-07,8.254252178028836e-07,1,1,4.127126089014418e-06,-4.127126089014418e-06,0,4.127126089014418e-06,-2.672104289524607e-06,-2.672104289524607e-06,4.127126089014418e-06,-4.127126089014418e-06,-4.127126089014418e-12,4.127126089014418e-06,0,-4.127126089014418e-06,-2.672104289524607e-06,4.127126089014418e-06,-8.254293449289727e-07,4.127126089014418e-06,4.127126089014418e-06,-4.127126089014418e-06,4.127126089014418e-06,-4.127126089014418e-12,1
147.6,-1.947115525661961e-06,4.342783154340309e-06,4.342783154340309e-06,1.078554552010745e-06,0,0,1.885976552562196e-17,293.15,4.342783154340308e-12,1.078554552010745e-06,3.771953105124393e-12,0.2,-8.685609736512162e-07,8.685566308680619e-07,1,1,4.342783154340309e-06,-4.342783154340309e-06,0,4.342783154340309e-06,-1.947115525661961e-06,-1.947115525661961e-06,4.342783154340309e-06,-4.342783154340309e-06,-4.342783154340308e-12,4.342783154340309e-06,0,-4.342783154340309e-06,-1.947115525661961e-06,4.342783154340309e-06,-8.685609736512162e-07,4.342783154340309e-06,4.342783154340309e-06,-4.342783154340309e-06,4.342783154340309e-06,-4.342783154340308e-12,1
147.75,-1.200017101440151e-06,4.431436909934242e-06,4.431436909934242e-06,3.137252880163923e-07,0,0,1.963763308672755e-17,293.15,4.431436909934242e-12,3.137252880163923e-07,3.927526617345509e-12,0.2,-8.862918134237584e-07,8.862873819868485e-07,1,1,4.431436909934242e-06,-4.431436909934242e-06,0,4.431436909934242e-06,-1.200017101440151e-06,-1.200017101440151e-06,4.431436909934242e-06,-4.431436909934242e-06,-4.431436909934242e-12,4.431436909934242e-06,0,-4.431436909934242e-06,-1.200017101440151e-06,4.431436909934242e-06,-8.862918134237584e-07,4.431436909934242e-06,4.431436909934242e-06,-4.431436909934242e-06,4.431436909934242e-06,-4.431436909934242e-12,1
147.9,-4.574694722086683e-07,4.40049364098488e-06,4.40049364098488e-06,-4.226336564819489e-07,0,0,1.936434428434837e-17,293.15,4.40049364098488e-12,-4.226336564819489e-07,3.872868856869674e-12,0.2,-8.801031286906172e-07,8.800987281969761e-07,1,1,4.40049364098488e-06,-4.40049364098488e-06,0,4.40049364098488e-06,-4.574694722086683e-07,-4.574694722086683e-07,4.40049364098488e-06,-4.40049364098488e-06,-4.40049364098488e-12,4.40049364098488e-06,0,-4.40049364098488e-06,-4.574694722086683e-07,4.40049364098488e-06,-8.801031286906172e-07,4.40049364098488e-06,4.40049364098488e-06,-4.40049364098488e-06,4.40049364098488e-06,-4.40049364098488e-12,1
148.05,2.519903890474074e-07,4.263855667353378e-06,4.263855667353378e-06,-1.104765786373751e-06,0,0,1.818046515202152e-17,293.15,4.263855667353378e-12,-1.104765786373751e-06,3.636093030404304e-12,0.2,-8.527753973263431e-07,8.527711334706757e-07,1,1,4.263855667353378e-06,-4.263855667353378e-06,0,4.263855667353378e-06,2.519903890474074e-07,2.519903890474074e-07,4.263855667353378e-06,-4.263855667353378e-06,-4.263855667353378e-12,4.263855667353378e-06,0,-4.263855667353378e-06,2.519903890474074e-07,4.263855667353378e-06,-8.527753973263431e-07,4.263855667353378e-06,4.263855667353378e-06,-4.263855667353378e-06,4.263855667353378e-06,-4.263855667353378e-12,1
148.2,9.286614756380176e-07,4.009434950814918e-06,4.009434950814918e-06,-1.730552475235952e-06,0,0,1.607556862481622e-17,293.15,4.009434950814918e-12,-1.730552475235952e-06,3.215113724963244e-12,0.2,-8.018909995979344e-07,8.018869901629836e-07,1,1,4.009434950814918e-06,-4.009434950814918e-06,0,4.009434950814918e-06,9.286614756380176e-07,9.286614756380176e-07,4.009434950814918e-06,-4.009434950814918e-06,-4.009434950814918e-12,4.009434950814918e-06,0,-4.009434950814918e-06,9.286614756380176e-07,4.009434950814918e-06,-8.018909995979344e-07,4.009434950814918e-06,4.009434950814918e-06,-4.009434950814918e-06,4.009434950814918e-06,-4.009434950814918e-12,1
148.35,1.561230439882466e-06,3.643716651283383e-06,3.643716651283383e-06,-2.289977413855794e-06,0,0,1.327667103483979e-17,293.15,3.643716651283383e-12,-2.289977413855794e-06,2.655334206967958e-12,0.2,-7.287469739733278e-07,7.287433302566766e-07,1,1,3.643716651283383e-06,-3.643716651283383e-06,0,3.643716651283383e-06,1.561230439882466e-06,1.561230439882466e-06,3.643716651283383e-06,-3.643716651283383e-06,-3.643716651283383e-12,3.643716651283383e-06,0,-3.643716651283383e-06,1.561230439882466e-06,3.643716651283383e-06,-7.287469739733278e-07,3.643716651283383e-06,3.643716651283383e-06,-3.643716651283383e-06,3.643716651283383e-06,-3.643716651283383e-12,1
148.5,2.123697075657458e-06,3.195855895767089e-06,3.195855895767089e-06,-2.762871450666771e-06,0,0,1.021349490650926e-17,293.15,3.195855895767088e-12,-2.762871450666771e-06,2.042698981301852e-12,0.2,-6.391743750093136e-07,6.391711791534178e-07,1,1,3.195855895767089e-06,-3.195855895767089e-06,0,3.195855895767089e-06,2.123697075657458e-06,2.123697075657458e-06,3.195855895767089e-06,-3.195855895767089e-06,-3.195855895767088e-12,3.195855895767089e-06,0,-3.195855895767089e-06,2.123697075657458e-06,3.195855895767089e-06,-6.391743750093136e-07,3.195855895767089e-06,3.195855895767089e-06,-3.195855895767089e-06,3.195855895767089e-06,-3.195855895767088e-12,1
148.65,2.603010260839686e-06,2.688522536946261e-06,2.688522536946261e-06,-3.140717456751475e-06,0,0,7.228153431667956e-18,293.15,2.688522536946261e-12,-3.140717456751475e-06,1.445630686333591e-12,0.2,-5.37707195911789e-07,5.377045073892521e-07,1,1,2.688522536946261e-06,-2.688522536946261e-06,0,2.688522536946261e-06,2.603010260839686e-06,2.603010260839686e-06,2.688522536946261e-06,-2.688522536946261e-06,-2.688522536946261e-12,2.688522536946261e-06,0,-2.688522536946261e-06,2.603010260839686e-06,2.688522536946261e-06,-5.37707195911789e-07,2.688522536946261e-06,2.688522536946261e-06,-2.688522536946261e-06,2.688522536946261e-06,-2.688522536946261e-12,1
148.8,2.989210740194744e-06,2.149341947592769e-06,2.149341947592769e-06,-3.419081279055245e-06,0,0,4.619670807681875e-18,293.15,2.149341947592768e-12,-3.419081279055245e-06,9.239341615363752e-13,0.2,-4.298705388605013e-07,4.298683895185537e-07,1,1,2.149341947592769e-06,-2.149341947592769e-06,0,2.149341947592769e-06,2.989210740194744e-06,2.989210740194744e-06,2.149341947592769e-06,-2.149341947592769e-06,-2.149341947592768e-12,2.149341947592769e-06,0,-2.149341947592769e-06,2.989210740194744e-06,2.149341947592769e-06,-4.298705388605013e-07,2.149341947592769e-06,2.149341947592769e-06,-2.149341947592769e-06,2.149341947592769e-06,-2.149341947592768e-12,1
148.95,3.274799052075421e-06,1.554603197391399e-06,1.554603197391399e-06,-3.585721246156898e-06,0,0,2.416791101339561e-18,293.15,1.554603197391399e-12,-3.585721246156898e-06,4.833582202679122e-13,0.2,-3.109221940814772e-07,3.109206394782798e-07,1,1,1.554603197391399e-06,-1.554603197391399e-06,0,1.554603197391399e-06,3.274799052075421e-06,3.274799052075421e-06,1.554603197391399e-06,-1.554603197391399e-06,-1.554603197391399e-12,1.554603197391399e-06,0,-1.554603197391399e-06,3.274799052075421e-06,1.554603197391399e-06,-3.109221940814772e-07,1.554603197391399e-06,1.554603197391399e-06,-1.554603197391399e-06,1.554603197391399e-06,-1.554603197391399e-12,1
149.1,3.457417209275665e-06,9.37528786773726e-07,9.37528786773726e-07,-3.644923904159197e-06,0,0,8.789602260294145e-19,293.15,9.37528786773726e-13,-3.644923904159197e-06,1.757920452058829e-13,0.2,-1.87506694883532e-07,1.875057573547452e-07,1,1,9.37528786773726e-07,-9.37528786773726e-07,0,9.37528786773726e-07,3.457417209275665e-06,3.457417209275665e-06,9.37528786773726e-07,-9.37528786773726e-07,-9.37528786773726e-13,9.37528786773726e-07,0,-9.37528786773726e-07,3.457417209275665e-06,9.37528786773726e-07,-1.87506694883532e-07,9.37528786773726e-07,9.37528786773726e-07,-9.37528786773726e-07,9.37528786773726e-07,-9.37528786773726e-13,1
149.25,3.53905259141698e-06,3.238368538041269e-07,3.238368538041269e-07,-3.603820286014659e-06,0,0,1.048703078817555e-19,293.15,3.238368538041269e-13,-3.603820286014659e-06,2.097406157635109e-14,0.2,-6.476769459767918e-08,6.476737076082538e-08,1,1,3.238368538041269e-07,-3.238368538041269e-07,0,3.238368538041269e-07,3.53905259141698e-06,3.53905259141698e-06,3.238368538041269e-07,-3.238368538041269e-07,-3.238368538041269e-13,3.238368538041269e-07,0,-3.238368538041269e-07,3.53905259141698e-06,3.238368538041269e-07,-6.476769459767918e-08,3.238368538041269e-07,3.238368538041269e-07,-3.238368538041269e-07,3.238368538041269e-07,-3.238368538041269e-13,1
149.4,3.526603614133545e-06,-2.650705671218709e-07,-2.650705671218709e-07,-3.473589235638603e-06,0,0,7.026240555431026e-20,293.15,-2.650705671218709e-13,-3.473589235638603e-06,1.405248111086206e-14,0.2,5.301437849494131e-08,-5.301411342437419e-08,1,1,-2.650705671218709e-07,2.650705671218709e-07,0,-2.650705671218709e-07,3.526603614133545e-06,3.526603614133545e-06,-2.650705671218709e-07,2.650705671218709e-07,2.650705671218709e-13,-2.650705671218709e-07,0,2.650705671218709e-07,3.526603614133545e-06,-2.650705671218709e-07,5.301437849494131e-08,-2.650705671218709e-07,-2.650705671218709e-07,2.650705671218709e-07,-2.650705671218709e-07,2.650705671218709e-13,1
149.55,3.42943279514179e-06,-8.095444752971425e-07,-8.095444752971425e-07,-3.267523090537886e-06,0,0,6.553622574841257e-19,293.15,-8.095444752971424e-13,-3.267523090537886e-06,1.310724514968252e-13,0.2,1.619097046039038e-07,-1.619088950594285e-07,1,1,-8.095444752971425e-07,8.095444752971425e-07,0,-8.095444752971425e-07,3.42943279514179e-06,3.42943279514179e-06,-8.095444752971425e-07,8.095444752971425e-07,8.095444752971424e-13,-8.095444752971425e-07,0,8.095444752971425e-07,3.42943279514179e-06,-8.095444752971425e-07,1.619097046039038e-07,-8.095444752971425e-07,-8.095444752971425e-07,8.095444752971425e-07,-8.095444752971425e-07,8.095444752971424e-13,1
149.7,3.223173040688307e-06,-1.321487745414053e-06,-1.321487745414053e-06,-2.958874170117751e-06,0,0,1.746329861279516e-18,293.15,-1.321487745414053e-12,-2.958874170117751e-06,3.492659722559032e-13,0.2,2.64298870570556e-07,-2.642975490828106e-07,1,1,-1.321487745414053e-06,1.321487745414053e-06,0,-1.321487745414053e-06,3.223173040688307e-06,3.223173040688307e-06,-1.321487745414053e-06,1.321487745414053e-06,1.321487745414053e-12,-1.321487745414053e-06,0,1.321487745414053e-06,3.223173040688307e-06,-1.321487745414053e-06,2.64298870570556e-07,-1.321487745414053e-06,-1.321487745414053e-06,1.321487745414053e-06,-1.321487745414053e-06,1.321487745414053e-12,1
149.85,2.937376515446442e-06,-1.774283157950458e-06,-1.774283157950458e-06,-2.582518109573193e-06,0,0,3.148080724586649e-18,293.15,-1.774283157950458e-12,-2.582518109573193e-06,6.2961614491733e-13,0.2,3.548584058732495e-07,-3.548566315900916e-07,1,1,-1.774283157950458e-06,1.774283157950458e-06,0,-1.774283157950458e-06,2.937376515446442e-06,2.937376515446442e-06,-1.774283157950458e-06,1.774283157950458e-06,1.774283157950458e-12,-1.774283157950458e-06,0,1.774283157950458e-06,2.937376515446442e-06,-1.774283157950458e-06,3.548584058732495e-07,-1.774283157950458e-06,-1.774283157950458e-06,1.774283157950458e-06,-1.774283157950458e-06,1.774283157950458e-12,1
150,2.587505142181119e-06,-2.158249558020471e-06,-2.158249558020471e-06,-2.155853072327467e-06,0,0,4.658041154695557e-18,293.15,-2.158249558020471e-12,-2.155853072327467e-06,9.316082309391115e-13,0.2,4.316520698536522e-07,-4.316499116040941e-07,1,1,-2.158249558020471e-06,2.158249558020471e-06,0,-2.158249558020471e-06,2.587505142181119e-06,2.587505142181119e-06,-2.158249558020471e-06,2.158249558020471e-06,2.158249558020471e-12,-2.158249558020471e-06,0,2.158249558020471e-06,2.587505142181119e-06,-2.158249558020471e-06,4.316520698536522e-07,-2.158249558020471e-06,-2.158249558020471e-06,2.158249558020471e-06,-2.158249558020471e-06,2.158249558020471e-12,1
150,2.587505142181119e-06,-2.158249558020471e-06,-2.158249558020471e-06,-2.155853072327467e-06,0,0,4.658041154695557e-18,293.15,-2.158249558020471e-12,-2.155853072327467e-06,9.316082309391115e-13,0.2,4.316520698536522e-07,-4.316499116040941e-07,1,1,-2.158249558020471e-06,2.158249558020471e-06,0,-2.158249558020471e-06,2.587505142181119e-06,2.587505142181119e-06,-2.158249558020471e-06,2.158249558020471e-06,2.158249558020471e-12,-2.158249558020471e-06,0,2.158249558020471e-06,2.587505142181119e-06,-2.158249558020471e-06,4.316520698536522e-07,-2.158249558020471e-06,-2.158249558020471e-06,2.158249558020471e-06,-2.158249558020471e-06,2.158249558020471e-12,1
