time_s,clock_time,occupants_person,outdoor_co2_ppm,outdoor_co2_mass_fraction_kgkg,room_co2_ppm,room_co2_mass_fraction_kgkg,normalized_co2_feedback,normalized_setpoint,ach_command_1_per_h,source_m_flow_command_kg_s,physical_supply_m_flow_kg_s,people_source_carrier_m_flow_kg_s,actual_co2_generation_kg_s,controller_mode
0,00:00:00,0,300.0,0.00045569999999999996,300.0,0.00045569999999999996,0.3,1.0,0.2,-0.006666666666666667,0.006666666666666667,0.0,0.0,AUTO_MIN
60,00:01:00,0,300.0,0.00045569999999999996,300.0,0.00045569999999999996,0.3,1.0,0.2,-0.006666666666666667,0.006666666666666667,0.0,0.0,AUTO_MIN
120,00:02:00,0,300.0,0.00045569999999999996,300.0,0.00045569999999999996,0.3,1.0,0.2,-0.006666666666666667,0.006666666666666667,0.0,0.0,AUTO_MIN
180,00:03:00,0,300.0,0.00045569999999999996,300.0,0.00045569999999999996,0.3,1.0,0.2,-0.006666666666666667,0.006666666666666667,0.0,0.0,AUTO_MIN
240,00:04:00,0,300.0,0.00045569999999999996,300.0,0.00045569999999999996,0.3,1.0,0.2,-0.006666666666666667,0.006666666666666667,0.0,0.0,AUTO_MIN
300,00:05:00,0,300.0,0.00045569999999999996,300.0,0.00045569999999999996,0.3,1.0,0.2,-0.006666666666666667,0.006666666666666667,0.0,0.0,AUTO_MIN
360,00:06:00,0,300.0,0.00045569999999999996,300.0,0.00045569999999999996,0.3,1.0,0.2,-0.006666666666666667,0.006666666666666667,0.0,0.0,AUTO_MIN
420,00:07:00,0,300.0,0.00045569999999999996,300.0,0.00045569999999999996,0.3,1.0,0.2,-0.006666666666666667,0.006666666666666667,0.0,0.0,AUTO_MIN
480,00:08:00,0,300.0,0.00045569999999999996,300.0,0.00045569999999999996,0.3,1.0,0.2,-0.006666666666666667,0.006666666666666667,0.0,0.0,AUTO_MIN
540,00:09:00,0,300.0,0.00045569999999999996,300.0,0.00045569999999999996,0.3,1.0,0.2,-0.006666666666666667,0.006666666666666667,0.0,0.0,AUTO_MIN
600,00:10:00,0,300.0,0.00045569999999999996,300.0,0.00045569999999999996,0.3,1.0,0.2,-0.006666666666666667,0.006666666666666667,0.0,0.0,AUTO_MIN
660,00:11:00,0,300.0,0.00045569999999999996,300.0,0.00045569999999999996,0.3,1.0,0.2,-0.006666666666666667,0.006666666666666667,0.0,0.0,AUTO_MIN
720,00:12:00,0,300.0,0.00045569999999999996,300.0,0.00045569999999999996,0.3,1.0,0.2,-0.006666666666666667,0.006666666666666667,0.0,0.0,AUTO_MIN
780,00:13:00,0,300.0,0.00045569999999999996,300.0,0.00045569999999999996,0.3,1.0,0.2,-0.006666666666666667,0.006666666666666667,0.0,0.0,AUTO_MIN
840,00:14:00,0,300.0,0.00045569999999999996,300.0,0.00045569999999999996,0.3,1.0,0.2,-0.006666666666666667,0.006666666666666667,0.0,0.0,AUTO_MIN
900,00:15:00,0,300.0,0.00045569999999999996,300.0,0.00045569999999999996,0.3,1.0,0.2,-0.006666666666666667,0.006666666666666667,0.0,0.0,AUTO_MIN
960,00:16:00,0,300.0,0.00045569999999999996,300.0,0.00045569999999999996,0.3,1.0,0.2,-0.006666666666666667,0.006666666666666667,0.0,0.0,AUTO_MIN
1020,00:17:00,0,300.0,0.00045569999999999996,300.0,0.00045569999999999996,0.3,1.0,0.2,-0.006666666666666667,0.006666666666666667,0.0,0.0,AUTO_MIN
1080,00:18:00,0,300.0,0.00045569999999999996,300.0,0.00045569999999999996,0.3,1.0,0.2,-0.006666666666666667,0.006666666666666667,0.0,0.0,AUTO_MIN
1140,00:19:00,0,300.0,0.00045569999999999996,300.0,0.00045569999999999996,0.3,1.0,0.2,-0.006666666666666667,0.006666666666666667,0.0,0.0,AUTO_MIN
1200,00:20:00,0,300.0,0.00045569999999999996,300.0,0.00045569999999999996,0.3,1.0,0.2,-0.006666666666666667,0.006666666666666667,0.0,0.0,AUTO_MIN
1260,00:21:00,0,300.0,0.00045569999999999996,300.0,0.00045569999999999996,0.3,1.0,0.2,-0.006666666666666667,0.006666666666666667,0.0,0.0,AUTO_MIN
1320,00:22:00,0,300.0,0.00045569999999999996,300.0,0.00045569999999999996,0.3,1.0,0.2,-0.006666666666666667,0.006666666666666667,0.0,0.0,AUTO_MIN
1380,00:23:00,0,300.0,0.00045569999999999996,300.0,0.00045569999999999996,0.3,1.0,0.2,-0.006666666666666667,0.006666666666666667,0.0,0.0,AUTO_MIN
1440,00:24:00,0,300.0,0.00045569999999999996,300.0,0.00045569999999999996,0.3,1.0,0.2,-0.006666666666666667,0.006666666666666667,0.0,0.0,AUTO_MIN
1500,00:25:00,0,300.0,0.00045569999999999996,300.0,0.00045569999999999996,0.3,1.0,0.2,-0.006666666666666667,0.006666666666666667,0.0,0.0,AUTO_MIN
1560,00:26:00,0,300.0,0.00045569999999999996,300.0,0.00045569999999999996,0.3,1.0,0.2,-0.006666666666666667,0.006666666666666667,0.0,0.0,AUTO_MIN
1620,00:27:00,0,300.0,0.00045569999999999996,300.0,0.00045569999999999996,0.3,1.0,0.2,-0.006666666666666667,0.006666666666666667,0.0,0.0,AUTO_MIN
1680,00:28:00,0,300.0,0.00045569999999999996,300.0,0.00045569999999999996,0.3,1.0,0.2,-0.006666666666666667,0.006666666666666667,0.0,0.0,AUTO_MIN
1740,00:29:00,0,300.0,0.00045569999999999996,300.0,0.00045569999999999996,0.3,1.0,0.2,-0.006666666666666667,0.006666666666666667,0.0,0.0,AUTO_MIN
1800,00:30:00,0,300.0,0.00045569999999999996,300.0,0.00045569999999999996,0.3,1.0,0.2,-0.006666666666666667,0.006666666666666667,0.0,0.0,AUTO_MIN
1860,00:31:00,0,300.0,0.00045569999999999996,300.0,0.00045569999999999996,0.3,1.0,0.2,-0.006666666666666667,0.006666666666666667,0.0,0.0,AUTO_MIN
1920,00:32:00,0,300.0,0.00045569999999999996,300.0,0.00045569999999999996,0.3,1.0,0.2,-0.006666666666666667,0.006666666666666667,0.0,0.0,AUTO_MIN
1980,00:33:00,0,300.0,0.00045569999999999996,300.0,0.00045569999999999996,0.3,1.0,0.2,-0.006666666666666667,0.006666666666666667,0.0,0.0,AUTO_MIN
2040,00:34:00,0,300.0,0.00045569999999999996,300.0,0.00045569999999999996,0.3,1.0,0.2,-0.006666666666666667,0.006666666666666667,0.0,0.0,AUTO_MIN
2100,00:35:00,0,300.0,0.00045569999999999996,300.0,0.00045569999999999996,0.3,1.0,0.2,-0.006666666666666667,0.006666666666666667,0.0,0.0,AUTO_MIN
2160,00:36:00,0,300.0,0.00045569999999999996,300.0,0.00045569999999999996,0.3,1.0,0.2,-0.006666666666666667,0.006666666666666667,0.0,0.0,AUTO_MIN
2220,00:37:00,0,300.0,0.00045569999999999996,300.0,0.00045569999999999996,0.3,1.0,0.2,-0.006666666666666667,0.006666666666666667,0.0,0.0,AUTO_MIN
2280,00:38:00,0,300.0,0.00045569999999999996,300.0,0.00045569999999999996,0.3,1.0,0.2,-0.006666666666666667,0.006666666666666667,0.0,0.0,AUTO_MIN
2340,00:39:00,0,300.0,0.00045569999999999996,300.0,0.00045569999999999996,0.3,1.0,0.2,-0.006666666666666667,0.006666666666666667,0.0,0.0,AUTO_MIN
2400,00:40:00,0,300.0,0.00045569999999999996,300.0,0.00045569999999999996,0.3,1.0,0.2,-0.006666666666666667,0.006666666666666667,0.0,0.0,AUTO_MIN
2460,00:41:00,0,300.0,0.00045569999999999996,300.0,0.00045569999999999996,0.3,1.0,0.2,-0.006666666666666667,0.006666666666666667,0.0,0.0,AUTO_MIN
2520,00:42:00,0,300.0,0.00045569999999999996,300.0,0.00045569999999999996,0.3,1.0,0.2,-0.006666666666666667,0.006666666666666667,0.0,0.0,AUTO_MIN
2580,00:43:00,0,300.0,0.00045569999999999996,300.0,0.00045569999999999996,0.3,1.0,0.2,-0.006666666666666667,0.006666666666666667,0.0,0.0,AUTO_MIN
2640,00:44:00,0,300.0,0.00045569999999999996,300.0,0.00045569999999999996,0.3,1.0,0.2,-0.006666666666666667,0.006666666666666667,0.0,0.0,AUTO_MIN
2700,00:45:00,0,300.0,0.00045569999999999996,300.0,0.00045569999999999996,0.3,1.0,0.2,-0.006666666666666667,0.006666666666666667,0.0,0.0,AUTO_MIN
2760,00:46:00,0,300.0,0.00045569999999999996,300.0,0.00045569999999999996,0.3,1.0,0.2,-0.006666666666666667,0.006666666666666667,0.0,0.0,AUTO_MIN
2820,00:47:00,0,300.0,0.00045569999999999996,300.0,0.00045569999999999996,0.3,1.0,0.2,-0.006666666666666667,0.006666666666666667,0.0,0.0,AUTO_MIN
2880,00:48:00,0,300.0,0.00045569999999999996,300.0,0.00045569999999999996,0.3,1.0,0.2,-0.006666666666666667,0.006666666666666667,0.0,0.0,AUTO_MIN
2940,00:49:00,0,300.0,0.00045569999999999996,300.0,0.00045569999999999996,0.3,1.0,0.2,-0.006666666666666667,0.006666666666666667,0.0,0.0,AUTO_MIN
3000,00:50:00,0,300.0,0.00045569999999999996,300.0,0.00045569999999999996,0.3,1.0,0.2,-0.006666666666666667,0.006666666666666667,0.0,0.0,AUTO_MIN
3060,00:51:00,0,300.0,0.00045569999999999996,300.0,0.00045569999999999996,0.3,1.0,0.2,-0.006666666666666667,0.006666666666666667,0.0,0.0,AUTO_MIN
3120,00:52:00,0,300.0,0.00045569999999999996,300.0,0.00045569999999999996,0.3,1.0,0.2,-0.006666666666666667,0.006666666666666667,0.0,0.0,AUTO_MIN
3180,00:53:00,0,300.0,0.00045569999999999996,300.0,0.00045569999999999996,0.3,1.0,0.2,-0.006666666666666667,0.006666666666666667,0.0,0.0,AUTO_MIN
3240,00:54:00,0,300.0,0.00045569999999999996,300.0,0.00045569999999999996,0.3,1.0,0.2,-0.006666666666666667,0.006666666666666667,0.0,0.0,AUTO_MIN
3300,00:55:00,0,300.0,0.00045569999999999996,300.0,0.00045569999999999996,0.3,1.0,0.2,-0.006666666666666667,0.006666666666666667,0.0,0.0,AUTO_MIN
3360,00:56:00,0,300.0,0.00045569999999999996,300.0,0.00045569999999999996,0.3,1.0,0.2,-0.006666666666666667,0.006666666666666667,0.0,0.0,AUTO_MIN
3420,00:57:00,0,300.0,0.00045569999999999996,300.0,0.00045569999999999996,0.3,1.0,0.2,-0.006666666666666667,0.006666666666666667,0.0,0.0,AUTO_MIN
3480,00:58:00,0,300.0,0.00045569999999999996,300.0,0.00045569999999999996,0.3,1.0,0.2,-0.006666666666666667,0.006666666666666667,0.0,0.0,AUTO_MIN
3540,00:59:00,0,300.0,0.00045569999999999996,300.0,0.00045569999999999996,0.3,1.0,0.2,-0.006666666666666667,0.006666666666666667,0.0,0.0,AUTO_MIN
3600,01:00:00,0,300.0,0.00045569999999999996,300.0,0.00045569999999999996,0.3,1.0,0.2,-0.006666666666666667,0.006666666666666667,0.0,0.0,AUTO_MIN
3660,01:01:00,0,300.0,0.00045569999999999996,300.0,0.00045569999999999996,0.3,1.0,0.2,-0.006666666666666667,0.006666666666666667,0.0,0.0,AUTO_MIN
3720,01:02:00,0,300.0,0.00045569999999999996,300.0,0.00045569999999999996,0.3,1.0,0.2,-0.006666666666666667,0.006666666666666667,0.0,0.0,AUTO_MIN
3780,01:03:00,0,300.0,0.00045569999999999996,300.0,0.00045569999999999996,0.3,1.0,0.2,-0.006666666666666667,0.006666666666666667,0.0,0.0,AUTO_MIN
3840,01:04:00,0,300.0,0.00045569999999999996,300.0,0.00045569999999999996,0.3,1.0,0.2,-0.006666666666666667,0.006666666666666667,0.0,0.0,AUTO_MIN
3900,01:05:00,0,300.0,0.00045569999999999996,300.0,0.00045569999999999996,0.3,1.0,0.2,-0.006666666666666667,0.006666666666666667,0.0,0.0,AUTO_MIN
3960,01:06:00,0,300.0,0.00045569999999999996,300.0,0.00045569999999999996,0.3,1.0,0.2,-0.006666666666666667,0.006666666666666667,0.0,0.0,AUTO_MIN
4020,01:07:00,0,300.0,0.00045569999999999996,300.0,0.00045569999999999996,0.3,1.0,0.2,-0.006666666666666667,0.006666666666666667,0.0,0.0,AUTO_MIN
4080,01:08:00,0,300.0,0.00045569999999999996,300.0,0.00045569999999999996,0.3,1.0,0.2,-0.006666666666666667,0.006666666666666667,0.0,0.0,AUTO_MIN
4140,01:09:00,0,300.0,0.00045569999999999996,300.0,0.00045569999999999996,0.3,1.0,0.2,-0.006666666666666667,0.006666666666666667,0.0,0.0,AUTO_MIN
4200,01:10:00,0,300.0,0.00045569999999999996,300.0,0.00045569999999999996,0.3,1.0,0.2,-0.006666666666666667,0.006666666666666667,0.0,0.0,AUTO_MIN
4260,01:11:00,0,300.0,0.00045569999999999996,300.0,0.00045569999999999996,0.3,1.0,0.2,-0.006666666666666667,0.006666666666666667,0.0,0.0,AUTO_MIN
4320,01:12:00,0,300.0,0.00045569999999999996,300.0,0.00045569999999999996,0.3,1.0,0.2,-0.006666666666666667,0.006666666666666667,0.0,0.0,AUTO_MIN
4380,01:13:00,0,300.0,0.00045569999999999996,300.0,0.00045569999999999996,0.3,1.0,0.2,-0.006666666666666667,0.006666666666666667,0.0,0.0,AUTO_MIN
4440,01:14:00,0,300.0,0.00045569999999999996,300.0,0.00045569999999999996,0.3,1.0,0.2,-0.006666666666666667,0.006666666666666667,0.0,0.0,AUTO_MIN
4500,01:15:00,0,300.0,0.00045569999999999996,300.0,0.00045569999999999996,0.3,1.0,0.2,-0.006666666666666667,0.006666666666666667,0.0,0.0,AUTO_MIN
4560,01:16:00,0,300.0,0.00045569999999999996,300.0,0.00045569999999999996,0.3,1.0,0.2,-0.006666666666666667,0.006666666666666667,0.0,0.0,AUTO_MIN
4620,01:17:00,0,300.0,0.00045569999999999996,300.0,0.00045569999999999996,0.3,1.0,0.2,-0.006666666666666667,0.006666666666666667,0.0,0.0,AUTO_MIN
4680,01:18:00,0,300.0,0.00045569999999999996,300.0,0.00045569999999999996,0.3,1.0,0.2,-0.006666666666666667,0.006666666666666667,0.0,0.0,AUTO_MIN
4740,01:19:00,0,300.0,0.00045569999999999996,300.0,0.00045569999999999996,0.3,1.0,0.2,-0.006666666666666667,0.006666666666666667,0.0,0.0,AUTO_MIN
4800,01:20:00,0,300.0,0.00045569999999999996,300.0,0.00045569999999999996,0.3,1.0,0.2,-0.006666666666666667,0.006666666666666667,0.0,0.0,AUTO_MIN
4860,01:21:00,0,300.0,0.00045569999999999996,300.0,0.00045569999999999996,0.3,1.0,0.2,-0.006666666666666667,0.006666666666666667,0.0,0.0,AUTO_MIN
4920,01:22:00,0,300.0,0.00045569999999999996,300.0,0.00045569999999999996,0.3,1.0,0.2,-0.006666666666666667,0.006666666666666667,0.0,0.0,AUTO_MIN
4980,01:23:00,0,300.0,0.00045569999999999996,300.0,0.00045569999999999996,0.3,1.0,0.2,-0.006666666666666667,0.006666666666666667,0.0,0.0,AUTO_MIN
5040,01:24:00,0,300.0,0.00045569999999999996,300.0,0.00045569999999999996,0.3,1.0,0.2,-0.006666666666666667,0.006666666666666667,0.0,0.0,AUTO_MIN
5100,01:25:00,0,300.0,0.00045569999999999996,300.0,0.00045569999999999996,0.3,1.0,0.2,-0.006666666666666667,0.006666666666666667,0.0,0.0,AUTO_MIN
5160,01:26:00,0,300.0,0.00045569999999999996,300.0,0.00045569999999999996,0.3,1.0,0.2,-0.006666666666666667,0.006666666666666667,0.0,0.0,AUTO_MIN
5220,01:27:00,0,300.0,0.00045569999999999996,300.0,0.00045569999999999996,0.3,1.0,0.2,-0.006666666666666667,0.006666666666666667,0.0,0.0,AUTO_MIN
5280,01:28:00,0,300.0,0.00045569999999999996,300.0,0.00045569999999999996,0.3,1.0,0.2,-0.006666666666666667,0.006666666666666667,0.0,0.0,AUTO_MIN
5340,01:29:00,0,300.0,0.00045569999999999996,300.0,0.00045569999999999996,0.3,1.0,0.2,-0.006666666666666667,0.006666666666666667,0.0,0.0,AUTO_MIN
5400,01:30:00,0,300.0,0.00045569999999999996,300.0,0.00045569999999999996,0.3,1.0,0.2,-0.006666666666666667,0.006666666666666667,0.0,0.0,AUTO_MIN
5460,01:31:00,0,300.0,0.00045569999999999996,300.0,0.00045569999999999996,0.3,1.0,0.2,-0.006666666666666667,0.006666666666666667,0.0,0.0,AUTO_MIN
5520,01:32:00,0,300.0,0.00045569999999999996,300.0,0.00045569999999999996,0.3,1.0,0.2,-0.006666666666666667,0.006666666666666667,0.0,0.0,AUTO_MIN
5580,01:33:00,0,300.0,0.00045569999999999996,300.0,0.00045569999999999996,0.3,1.0,0.2,-0.006666666666666667,0.006666666666666667,0.0,0.0,AUTO_MIN
5640,01:34:00,0,300.0,0.00045569999999999996,300.0,0.00045569999999999996,0.3,1.0,0.2,-0.006666666666666667,0.006666666666666667,0.0,0.0,AUTO_MIN
5700,01:35:00,0,300.0,0.00045569999999999996,300.0,0.00045569999999999996,0.3,1.0,0.2,-0.006666666666666667,0.006666666666666667,0.0,0.0,AUTO_MIN
5760,01:36:00,0,300.0,0.00045569999999999996,300.0,0.00045569999999999996,0.3,1.0,0.2,-0.006666666666666667,0.006666666666666667,0.0,0.0,AUTO_MIN
5820,01:37:00,0,300.0,0.00045569999999999996,300.0,0.00045569999999999996,0.3,1.0,0.2,-0.006666666666666667,0.006666666666666667,0.0,0.0,AUTO_MIN
5880,01:38:00,0,300.0,0.00045569999999999996,300.0,0.00045569999999999996,0.3,1.0,0.2,-0.006666666666666667,0.006666666666666667,0.0,0.0,AUTO_MIN
5940,01:39:00,0,300.0,0.00045569999999999996,300.0,0.00045569999999999996,0.3,1.0,0.2,-0.006666666666666667,0.006666666666666667,0.0,0.0,AUTO_MIN
6000,01:40:00,0,300.0,0.00045569999999999996,300.0,0.00045569999999999996,0.3,1.0,0.2,-0.006666666666666667,0.006666666666666667,0.0,0.0,AUTO_MIN
6060,01:41:00,0,300.0,0.00045569999999999996,300.0,0.00045569999999999996,0.3,1.0,0.2,-0.006666666666666667,0.006666666666666667,0.0,0.0,AUTO_MIN
6120,01:42:00,0,300.0,0.00045569999999999996,300.0,0.00045569999999999996,0.3,1.0,0.2,-0.006666666666666667,0.006666666666666667,0.0,0.0,AUTO_MIN
6180,01:43:00,0,300.0,0.00045569999999999996,300.0,0.00045569999999999996,0.3,1.0,0.2,-0.006666666666666667,0.006666666666666667,0.0,0.0,AUTO_MIN
6240,01:44:00,0,300.0,0.00045569999999999996,300.0,0.00045569999999999996,0.3,1.0,0.2,-0.006666666666666667,0.006666666666666667,0.0,0.0,AUTO_MIN
6300,01:45:00,0,300.0,0.00045569999999999996,300.0,0.00045569999999999996,0.3,1.0,0.2,-0.006666666666666667,0.006666666666666667,0.0,0.0,AUTO_MIN
6360,01:46:00,0,300.0,0.00045569999999999996,300.0,0.00045569999999999996,0.3,1.0,0.2,-0.006666666666666667,0.006666666666666667,0.0,0.0,AUTO_MIN
6420,01:47:00,0,300.0,0.00045569999999999996,300.0,0.00045569999999999996,0.3,1.0,0.2,-0.006666666666666667,0.006666666666666667,0.0,0.0,AUTO_MIN
6480,01:48:00,0,300.0,0.00045569999999999996,300.0,0.00045569999999999996,0.3,1.0,0.2,-0.006666666666666667,0.006666666666666667,0.0,0.0,AUTO_MIN
6540,01:49:00,0,300.0,0.00045569999999999996,300.0,0.00045569999999999996,0.3,1.0,0.2,-0.006666666666666667,0.006666666666666667,0.0,0.0,AUTO_MIN
6600,01:50:00,0,300.0,0.00045569999999999996,300.0,0.00045569999999999996,0.3,1.0,0.2,-0.006666666666666667,0.006666666666666667,0.0,0.0,AUTO_MIN
6660,01:51:00,0,300.0,0.00045569999999999996,300.0,0.00045569999999999996,0.3,1.0,0.2,-0.006666666666666667,0.006666666666666667,0.0,0.0,AUTO_MIN
6720,01:52:00,0,300.0,0.00045569999999999996,300.0,0.00045569999999999996,0.3,1.0,0.2,-0.006666666666666667,0.006666666666666667,0.0,0.0,AUTO_MIN
6780,01:53:00,0,300.0,0.00045569999999999996,300.0,0.00045569999999999996,0.3,1.0,0.2,-0.006666666666666667,0.006666666666666667,0.0,0.0,AUTO_MIN
6840,01:54:00,0,300.0,0.00045569999999999996,300.0,0.00045569999999999996,0.3,1.0,0.2,-0.006666666666666667,0.006666666666666667,0.0,0.0,AUTO_MIN
6900,01:55:00,0,300.0,0.00045569999999999996,300.0,0.00045569999999999996,0.3,1.0,0.2,-0.006666666666666667,0.006666666666666667,0.0,0.0,AUTO_MIN
6960,01:56:00,0,300.0,0.00045569999999999996,300.0,0.00045569999999999996,0.3,1.0,0.2,-0.006666666666666667,0.006666666666666667,0.0,0.0,AUTO_MIN
7020,01:57:00,0,300.0,0.00045569999999999996,300.0,0.00045569999999999996,0.3,1.0,0.2,-0.006666666666666667,0.006666666666666667,0.0,0.0,AUTO_MIN
7080,01:58:00,0,300.0,0.00045569999999999996,300.0,0.00045569999999999996,0.3,1.0,0.2,-0.006666666666666667,0.006666666666666667,0.0,0.0,AUTO_MIN
7140,01:59:00,0,300.0,0.00045569999999999996,300.0,0.00045569999999999996,0.3,1.0,0.2,-0.006666666666666667,0.006666666666666667,0.0,0.0,AUTO_MIN
7200,02:00:00,0,300.0,0.00045569999999999996,300.0,0.00045569999999999996,0.3,1.0,0.2,-0.006666666666666667,0.006666666666666667,0.0,0.0,AUTO_MIN
7260,02:01:00,0,300.0,0.00045569999999999996,300.0,0.00045569999999999996,0.3,1.0,0.2,-0.006666666666666667,0.006666666666666667,0.0,0.0,AUTO_MIN
7320,02:02:00,0,300.0,0.00045569999999999996,300.0,0.00045569999999999996,0.3,1.0,0.2,-0.006666666666666667,0.006666666666666667,0.0,0.0,AUTO_MIN
7380,02:03:00,0,300.0,0.00045569999999999996,300.0,0.00045569999999999996,0.3,1.0,0.2,-0.006666666666666667,0.006666666666666667,0.0,0.0,AUTO_MIN
7440,02:04:00,0,300.0,0.00045569999999999996,300.0,0.00045569999999999996,0.3,1.0,0.2,-0.006666666666666667,0.006666666666666667,0.0,0.0,AUTO_MIN
7500,02:05:00,0,300.0,0.00045569999999999996,300.0,0.00045569999999999996,0.3,1.0,0.2,-0.006666666666666667,0.006666666666666667,0.0,0.0,AUTO_MIN
7560,02:06:00,0,300.0,0.00045569999999999996,300.0,0.00045569999999999996,0.3,1.0,0.2,-0.006666666666666667,0.006666666666666667,0.0,0.0,AUTO_MIN
7620,02:07:00,0,300.0,0.00045569999999999996,300.0,0.00045569999999999996,0.3,1.0,0.2,-0.006666666666666667,0.006666666666666667,0.0,0.0,AUTO_MIN
7680,02:08:00,0,300.0,0.00045569999999999996,300.0,0.00045569999999999996,0.3,1.0,0.2,-0.006666666666666667,0.006666666666666667,0.0,0.0,AUTO_MIN
7740,02:09:00,0,300.0,0.00045569999999999996,300.0,0.00045569999999999996,0.3,1.0,0.2,-0.006666666666666667,0.006666666666666667,0.0,0.0,AUTO_MIN
7800,02:10:00,0,300.0,0.00045569999999999996,300.0,0.00045569999999999996,0.3,1.0,0.2,-0.006666666666666667,0.006666666666666667,0.0,0.0,AUTO_MIN
7860,02:11:00,0,300.0,0.00045569999999999996,300.0,0.00045569999999999996,0.3,1.0,0.2,-0.006666666666666667,0.006666666666666667,0.0,0.0,AUTO_MIN
7920,02:12:00,0,300.0,0.00045569999999999996,300.0,0.00045569999999999996,0.3,1.0,0.2,-0.006666666666666667,0.006666666666666667,0.0,0.0,AUTO_MIN
7980,02:13:00,0,300.0,0.00045569999999999996,300.0,0.00045569999999999996,0.3,1.0,0.2,-0.006666666666666667,0.006666666666666667,0.0,0.0,AUTO_MIN
8040,02:14:00,0,300.0,0.00045569999999999996,300.0,0.00045569999999999996,0.3,1.0,0.2,-0.006666666666666667,0.006666666666666667,0.0,0.0,AUTO_MIN
8100,02:15:00,0,300.0,0.00045569999999999996,300.0,0.00045569999999999996,0.3,1.0,0.2,-0.006666666666666667,0.006666666666666667,0.0,0.0,AUTO_MIN
8160,02:16:00,0,300.0,0.00045569999999999996,300.0,0.00045569999999999996,0.3,1.0,0.2,-0.006666666666666667,0.006666666666666667,0.0,0.0,AUTO_MIN
8220,02:17:00,0,300.0,0.00045569999999999996,300.0,0.00045569999999999996,0.3,1.0,0.2,-0.006666666666666667,0.006666666666666667,0.0,0.0,AUTO_MIN
8280,02:18:00,0,300.0,0.00045569999999999996,300.0,0.00045569999999999996,0.3,1.0,0.2,-0.006666666666666667,0.006666666666666667,0.0,0.0,AUTO_MIN
8340,02:19:00,0,300.0,0.00045569999999999996,300.0,0.00045569999999999996,0.3,1.0,0.2,-0.006666666666666667,0.006666666666666667,0.0,0.0,AUTO_MIN
8400,02:20:00,0,300.0,0.00045569999999999996,300.0,0.00045569999999999996,0.3,1.0,0.2,-0.006666666666666667,0.006666666666666667,0.0,0.0,AUTO_MIN
8460,02:21:00,0,300.0,0.00045569999999999996,300.0,0.00045569999999999996,0.3,1.0,0.2,-0.006666666666666667,0.006666666666666667,0.0,0.0,AUTO_MIN
8520,02:22:00,0,300.0,0.00045569999999999996,300.0,0.00045569999999999996,0.3,1.0,0.2,-0.006666666666666667,0.006666666666666667,0.0,0.0,AUTO_MIN
8580,02:23:00,0,300.0,0.00045569999999999996,300.0,0.00045569999999999996,0.3,1.0,0.2,-0.006666666666666667,0.006666666666666667,0.0,0.0,AUTO_MIN
8640,02:24:00,0,300.0,0.00045569999999999996,300.0,0.00045569999999999996,0.3,1.0,0.2,-0.006666666666666667,0.006666666666666667,0.0,0.0,AUTO_MIN
8700,02:25:00,0,300.0,0.00045569999999999996,300.0,0.00045569999999999996,0.3,1.0,0.2,-0.006666666666666667,0.006666666666666667,0.0,0.0,AUTO_MIN
8760,02:26:00,0,300.0,0.00045569999999999996,300.0,0.00045569999999999996,0.3,1.0,0.2,-0.006666666666666667,0.006666666666666667,0.0,0.0,AUTO_MIN
8820,02:27:00,0,300.0,0.00045569999999999996,300.0,0.00045569999999999996,0.3,1.0,0.2,-0.006666666666666667,0.006666666666666667,0.0,0.0,AUTO_MIN
8880,02:28:00,0,300.0,0.00045569999999999996,300.0,0.00045569999999999996,0.3,1.0,0.2,-0.006666666666666667,0.006666666666666667,0.0,0.0,AUTO_MIN
8940,02:29:00,0,300.0,0.00045569999999999996,300.0,0.00045569999999999996,0.3,1.0,0.2,-0.006666666666666667,0.006666666666666667,0.0,0.0,AUTO_MIN
9000,02:30:00,0,300.0,0.00045569999999999996,300.0,0.00045569999999999996,0.3,1.0,0.2,-0.006666666666666667,0.006666666666666667,0.0,0.0,AUTO_MIN
9060,02:31:00,0,300.0,0.00045569999999999996,300.0,0.00045569999999999996,0.3,1.0,0.2,-0.006666666666666667,0.006666666666666667,0.0,0.0,AUTO_MIN
9120,02:32:00,0,300.0,0.00045569999999999996,300.0,0.00045569999999999996,0.3,1.0,0.2,-0.006666666666666667,0.006666666666666667,0.0,0.0,AUTO_MIN
9180,02:33:00,0,300.0,0.00045569999999999996,300.0,0.00045569999999999996,0.3,1.0,0.2,-0.006666666666666667,0.006666666666666667,0.0,0.0,AUTO_MIN
9240,02:34:00,0,300.0,0.00045569999999999996,300.0,0.00045569999999999996,0.3,1.0,0.2,-0.006666666666666667,0.006666666666666667,0.0,0.0,AUTO_MIN
9300,02:35:00,0,300.0,0.00045569999999999996,300.0,0.00045569999999999996,0.3,1.0,0.2,-0.006666666666666667,0.006666666666666667,0.0,0.0,AUTO_MIN
9360,02:36:00,0,300.0,0.00045569999999999996,300.0,0.00045569999999999996,0.3,1.0,0.2,-0.006666666666666667,0.006666666666666667,0.0,0.0,AUTO_MIN
9420,02:37:00,0,300.0,0.00045569999999999996,300.0,0.00045569999999999996,0.3,1.0,0.2,-0.006666666666666667,0.006666666666666667,0.0,0.0,AUTO_MIN
9480,02:38:00,0,300.0,0.00045569999999999996,300.0,0.00045569999999999996,0.3,1.0,0.2,-0.006666666666666667,0.006666666666666667,0.0,0.0,AUTO_MIN
9540,02:39:00,0,300.0,0.00045569999999999996,300.0,0.00045569999999999996,0.3,1.0,0.2,-0.006666666666666667,0.006666666666666667,0.0,0.0,AUTO_MIN
9600,02:40:00,0,300.0,0.00045569999999999996,300.0,0.00045569999999999996,0.3,1.0,0.2,-0.006666666666666667,0.006666666666666667,0.0,0.0,AUTO_MIN
9660,02:41:00,0,300.0,0.00045569999999999996,300.0,0.00045569999999999996,0.3,1.0,0.2,-0.006666666666666667,0.006666666666666667,0.0,0.0,AUTO_MIN
9720,02:42:00,0,300.0,0.00045569999999999996,300.0,0.00045569999999999996,0.3,1.0,0.2,-0.006666666666666667,0.006666666666666667,0.0,0.0,AUTO_MIN
9780,02:43:00,0,300.0,0.00045569999999999996,300.0,0.00045569999999999996,0.3,1.0,0.2,-0.006666666666666667,0.006666666666666667,0.0,0.0,AUTO_MIN
9840,02:44:00,0,300.0,0.00045569999999999996,300.0,0.00045569999999999996,0.3,1.0,0.2,-0.006666666666666667,0.006666666666666667,0.0,0.0,AUTO_MIN
9900,02:45:00,0,300.0,0.00045569999999999996,300.0,0.00045569999999999996,0.3,1.0,0.2,-0.006666666666666667,0.006666666666666667,0.0,0.0,AUTO_MIN
9960,02:46:00,0,300.0,0.00045569999999999996,300.0,0.00045569999999999996,0.3,1.0,0.2,-0.006666666666666667,0.006666666666666667,0.0,0.0,AUTO_MIN
10020,02:47:00,0,300.0,0.00045569999999999996,300.0,0.00045569999999999996,0.3,1.0,0.2,-0.006666666666666667,0.006666666666666667,0.0,0.0,AUTO_MIN
10080,02:48:00,0,300.0,0.00045569999999999996,300.0,0.00045569999999999996,0.3,1.0,0.2,-0.006666666666666667,0.006666666666666667,0.0,0.0,AUTO_MIN
10140,02:49:00,0,300.0,0.00045569999999999996,300.0,0.00045569999999999996,0.3,1.0,0.2,-0.006666666666666667,0.006666666666666667,0.0,0.0,AUTO_MIN
10200,02:50:00,0,300.0,0.00045569999999999996,300.0,0.00045569999999999996,0.3,1.0,0.2,-0.006666666666666667,0.006666666666666667,0.0,0.0,AUTO_MIN
10260,02:51:00,0,300.0,0.00045569999999999996,300.0,0.00045569999999999996,0.3,1.0,0.2,-0.006666666666666667,0.006666666666666667,0.0,0.0,AUTO_MIN
10320,02:52:00,0,300.0,0.00045569999999999996,300.0,0.00045569999999999996,0.3,1.0,0.2,-0.006666666666666667,0.006666666666666667,0.0,0.0,AUTO_MIN
10380,02:53:00,0,300.0,0.00045569999999999996,300.0,0.00045569999999999996,0.3,1.0,0.2,-0.006666666666666667,0.006666666666666667,0.0,0.0,AUTO_MIN
10440,02:54:00,0,300.0,0.00045569999999999996,300.0,0.00045569999999999996,0.3,1.0,0.2,-0.006666666666666667,0.006666666666666667,0.0,0.0,AUTO_MIN
10500,02:55:00,0,300.0,0.00045569999999999996,300.0,0.00045569999999999996,0.3,1.0,0.2,-0.006666666666666667,0.006666666666666667,0.0,0.0,AUTO_MIN
10560,02:56:00,0,300.0,0.00045569999999999996,300.0,0.00045569999999999996,0.3,1.0,0.2,-0.006666666666666667,0.006666666666666667,0.0,0.0,AUTO_MIN
10620,02:57:00,0,300.0,0.00045569999999999996,300.0,0.00045569999999999996,0.3,1.0,0.2,-0.006666666666666667,0.006666666666666667,0.0,0.0,AUTO_MIN
10680,02:58:00,0,300.0,0.00045569999999999996,300.0,0.00045569999999999996,0.3,1.0,0.2,-0.006666666666666667,0.006666666666666667,0.0,0.0,AUTO_MIN
10740,02:59:00,0,300.0,0.00045569999999999996,300.0,0.00045569999999999996,0.3,1.0,0.2,-0.006666666666666667,0.006666666666666667,0.0,0.0,AUTO_MIN
10800,03:00:00,0,300.0,0.00045569999999999996,300.0,0.00045569999999999996,0.3,1.0,0.2,-0.006666666666666667,0.006666666666666667,0.0,0.0,AUTO_MIN
10860,03:01:00,0,300.0,0.00045569999999999996,300.0,0.00045569999999999996,0.3,1.0,0.2,-0.006666666666666667,0.006666666666666667,0.0,0.0,AUTO_MIN
10920,03:02:00,0,300.0,0.00045569999999999996,300.0,0.00045569999999999996,0.3,1.0,0.2,-0.006666666666666667,0.006666666666666667,0.0,0.0,AUTO_MIN
10980,03:03:00,0,300.0,0.00045569999999999996,300.0,0.00045569999999999996,0.3,1.0,0.2,-0.006666666666666667,0.006666666666666667,0.0,0.0,AUTO_MIN
11040,03:04:00,0,300.0,0.00045569999999999996,300.0,0.00045569999999999996,0.3,1.0,0.2,-0.006666666666666667,0.006666666666666667,0.0,0.0,AUTO_MIN
11100,03:05:00,0,300.0,0.00045569999999999996,300.0,0.00045569999999999996,0.3,1.0,0.2,-0.006666666666666667,0.006666666666666667,0.0,0.0,AUTO_MIN
11160,03:06:00,0,300.0,0.00045569999999999996,300.0,0.00045569999999999996,0.3,1.0,0.2,-0.006666666666666667,0.006666666666666667,0.0,0.0,AUTO_MIN
11220,03:07:00,0,300.0,0.00045569999999999996,300.0,0.00045569999999999996,0.3,1.0,0.2,-0.006666666666666667,0.006666666666666667,0.0,0.0,AUTO_MIN
11280,03:08:00,0,300.0,0.00045569999999999996,300.0,0.00045569999999999996,0.3,1.0,0.2,-0.006666666666666667,0.006666666666666667,0.0,0.0,AUTO_MIN
11340,03:09:00,0,300.0,0.00045569999999999996,300.0,0.00045569999999999996,0.3,1.0,0.2,-0.006666666666666667,0.006666666666666667,0.0,0.0,AUTO_MIN
11400,03:10:00,0,300.0,0.00045569999999999996,300.0,0.00045569999999999996,0.3,1.0,0.2,-0.006666666666666667,0.006666666666666667,0.0,0.0,AUTO_MIN
11460,03:11:00,0,300.0,0.00045569999999999996,300.0,0.00045569999999999996,0.3,1.0,0.2,-0.006666666666666667,0.006666666666666667,0.0,0.0,AUTO_MIN
11520,03:12:00,0,300.0,0.00045569999999999996,300.0,0.00045569999999999996,0.3,1.0,0.2,-0.006666666666666667,0.006666666666666667,0.0,0.0,AUTO_MIN
11580,03:13:00,0,300.0,0.00045569999999999996,300.0,0.00045569999999999996,0.3,1.0,0.2,-0.006666666666666667,0.006666666666666667,0.0,0.0,AUTO_MIN
11640,03:14:00,0,300.0,0.00045569999999999996,300.0,0.00045569999999999996,0.3,1.0,0.2,-0.006666666666666667,0.006666666666666667,0.0,0.0,AUTO_MIN
11700,03:15:00,0,300.0,0.00045569999999999996,300.0,0.00045569999999999996,0.3,1.0,0.2,-0.006666666666666667,0.006666666666666667,0.0,0.0,AUTO_MIN
11760,03:16:00,0,300.0,0.00045569999999999996,300.0,0.00045569999999999996,0.3,1.0,0.2,-0.006666666666666667,0.006666666666666667,0.0,0.0,AUTO_MIN
11820,03:17:00,0,300.0,0.00045569999999999996,300.0,0.00045569999999999996,0.3,1.0,0.2,-0.006666666666666667,0.006666666666666667,0.0,0.0,AUTO_MIN
11880,03:18:00,0,300.0,0.00045569999999999996,300.0,0.00045569999999999996,0.3,1.0,0.2,-0.006666666666666667,0.006666666666666667,0.0,0.0,AUTO_MIN
11940,03:19:00,0,300.0,0.00045569999999999996,300.0,0.00045569999999999996,0.3,1.0,0.2,-0.006666666666666667,0.006666666666666667,0.0,0.0,AUTO_MIN
12000,03:20:00,0,300.0,0.00045569999999999996,300.0,0.00045569999999999996,0.3,1.0,0.2,-0.006666666666666667,0.006666666666666667,0.0,0.0,AUTO_MIN
12060,03:21:00,0,300.0,0.00045569999999999996,300.0,0.00045569999999999996,0.3,1.0,0.2,-0.006666666666666667,0.006666666666666667,0.0,0.0,AUTO_MIN
12120,03:22:00,0,300.0,0.00045569999999999996,300.0,0.00045569999999999996,0.3,1.0,0.2,-0.006666666666666667,0.006666666666666667,0.0,0.0,AUTO_MIN
12180,03:23:00,0,300.0,0.00045569999999999996,300.0,0.00045569999999999996,0.3,1.0,0.2,-0.006666666666666667,0.006666666666666667,0.0,0.0,AUTO_MIN
12240,03:24:00,0,300.0,0.00045569999999999996,300.0,0.00045569999999999996,0.3,1.0,0.2,-0.006666666666666667,0.006666666666666667,0.0,0.0,AUTO_MIN
12300,03:25:00,0,300.0,0.00045569999999999996,300.0,0.00045569999999999996,0.3,1.0,0.2,-0.006666666666666667,0.006666666666666667,0.0,0.0,AUTO_MIN
12360,03:26:00,0,300.0,0.00045569999999999996,300.0,0.00045569999999999996,0.3,1.0,0.2,-0.006666666666666667,0.006666666666666667,0.0,0.0,AUTO_MIN
12420,03:27:00,0,300.0,0.00045569999999999996,300.0,0.00045569999999999996,0.3,1.0,0.2,-0.006666666666666667,0.006666666666666667,0.0,0.0,AUTO_MIN
12480,03:28:00,0,300.0,0.00045569999999999996,300.0,0.00045569999999999996,0.3,1.0,0.2,-0.006666666666666667,0.006666666666666667,0.0,0.0,AUTO_MIN
12540,03:29:00,0,300.0,0.00045569999999999996,300.0,0.00045569999999999996,0.3,1.0,0.2,-0.006666666666666667,0.006666666666666667,0.0,0.0,AUTO_MIN
12600,03:30:00,0,300.0,0.00045569999999999996,300.0,0.00045569999999999996,0.3,1.0,0.2,-0.006666666666666667,0.006666666666666667,0.0,0.0,AUTO_MIN
12660,03:31:00,0,300.0,0.00045569999999999996,300.0,0.00045569999999999996,0.3,1.0,0.2,-0.006666666666666667,0.006666666666666667,0.0,0.0,AUTO_MIN
12720,03:32:00,0,300.0,0.00045569999999999996,300.0,0.00045569999999999996,0.3,1.0,0.2,-0.006666666666666667,0.006666666666666667,0.0,0.0,AUTO_MIN
12780,03:33:00,0,300.0,0.00045569999999999996,300.0,0.00045569999999999996,0.3,1.0,0.2,-0.006666666666666667,0.006666666666666667,0.0,0.0,AUTO_MIN
12840,03:34:00,0,300.0,0.00045569999999999996,300.0,0.00045569999999999996,0.3,1.0,0.2,-0.006666666666666667,0.006666666666666667,0.0,0.0,AUTO_MIN
12900,03:35:00,0,300.0,0.00045569999999999996,300.0,0.00045569999999999996,0.3,1.0,0.2,-0.006666666666666667,0.006666666666666667,0.0,0.0,AUTO_MIN
12960,03:36:00,0,300.0,0.00045569999999999996,300.0,0.00045569999999999996,0.3,1.0,0.2,-0.006666666666666667,0.006666666666666667,0.0,0.0,AUTO_MIN
13020,03:37:00,0,300.0,0.00045569999999999996,300.0,0.00045569999999999996,0.3,1.0,0.2,-0.006666666666666667,0.006666666666666667,0.0,0.0,AUTO_MIN
13080,03:38:00,0,300.0,0.00045569999999999996,300.0,0.00045569999999999996,0.3,1.0,0.2,-0.006666666666666667,0.006666666666666667,0.0,0.0,AUTO_MIN
13140,03:39:00,0,300.0,0.00045569999999999996,300.0,0.00045569999999999996,0.3,1.0,0.2,-0.006666666666666667,0.006666666666666667,0.0,0.0,AUTO_MIN
13200,03:40:00,0,300.0,0.00045569999999999996,300.0,0.00045569999999999996,0.3,1.0,0.2,-0.006666666666666667,0.006666666666666667,0.0,0.0,AUTO_MIN
13260,03:41:00,0,300.0,0.00045569999999999996,300.0,0.00045569999999999996,0.3,1.0,0.2,-0.006666666666666667,0.006666666666666667,0.0,0.0,AUTO_MIN
13320,03:42:00,0,300.0,0.00045569999999999996,300.0,0.00045569999999999996,0.3,1.0,0.2,-0.006666666666666667,0.006666666666666667,0.0,0.0,AUTO_MIN
13380,03:43:00,0,300.0,0.00045569999999999996,300.0,0.00045569999999999996,0.3,1.0,0.2,-0.006666666666666667,0.006666666666666667,0.0,0.0,AUTO_MIN
13440,03:44:00,0,300.0,0.00045569999999999996,300.0,0.00045569999999999996,0.3,1.0,0.2,-0.006666666666666667,0.006666666666666667,0.0,0.0,AUTO_MIN
13500,03:45:00,0,300.0,0.00045569999999999996,300.0,0.00045569999999999996,0.3,1.0,0.2,-0.006666666666666667,0.006666666666666667,0.0,0.0,AUTO_MIN
13560,03:46:00,0,300.0,0.00045569999999999996,300.0,0.00045569999999999996,0.3,1.0,0.2,-0.006666666666666667,0.006666666666666667,0.0,0.0,AUTO_MIN
13620,03:47:00,0,300.0,0.00045569999999999996,300.0,0.00045569999999999996,0.3,1.0,0.2,-0.006666666666666667,0.006666666666666667,0.0,0.0,AUTO_MIN
13680,03:48:00,0,300.0,0.00045569999999999996,300.0,0.00045569999999999996,0.3,1.0,0.2,-0.006666666666666667,0.006666666666666667,0.0,0.0,AUTO_MIN
13740,03:49:00,0,300.0,0.00045569999999999996,300.0,0.00045569999999999996,0.3,1.0,0.2,-0.006666666666666667,0.006666666666666667,0.0,0.0,AUTO_MIN
13800,03:50:00,0,300.0,0.00045569999999999996,300.0,0.00045569999999999996,0.3,1.0,0.2,-0.006666666666666667,0.006666666666666667,0.0,0.0,AUTO_MIN
13860,03:51:00,0,300.0,0.00045569999999999996,300.0,0.00045569999999999996,0.3,1.0,0.2,-0.006666666666666667,0.006666666666666667,0.0,0.0,AUTO_MIN
13920,03:52:00,0,300.0,0.00045569999999999996,300.0,0.00045569999999999996,0.3,1.0,0.2,-0.006666666666666667,0.006666666666666667,0.0,0.0,AUTO_MIN
13980,03:53:00,0,300.0,0.00045569999999999996,300.0,0.00045569999999999996,0.3,1.0,0.2,-0.006666666666666667,0.006666666666666667,0.0,0.0,AUTO_MIN
14040,03:54:00,0,300.0,0.00045569999999999996,300.0,0.00045569999999999996,0.3,1.0,0.2,-0.006666666666666667,0.006666666666666667,0.0,0.0,AUTO_MIN
14100,03:55:00,0,300.0,0.00045569999999999996,300.0,0.00045569999999999996,0.3,1.0,0.2,-0.006666666666666667,0.006666666666666667,0.0,0.0,AUTO_MIN
14160,03:56:00,0,300.0,0.00045569999999999996,300.0,0.00045569999999999996,0.3,1.0,0.2,-0.006666666666666667,0.006666666666666667,0.0,0.0,AUTO_MIN
14220,03:57:00,0,300.0,0.00045569999999999996,300.0,0.00045569999999999996,0.3,1.0,0.2,-0.006666666666666667,0.006666666666666667,0.0,0.0,AUTO_MIN
14280,03:58:00,0,300.0,0.00045569999999999996,300.0,0.00045569999999999996,0.3,1.0,0.2,-0.006666666666666667,0.006666666666666667,0.0,0.0,AUTO_MIN
14340,03:59:00,0,300.0,0.00045569999999999996,300.0,0.00045569999999999996,0.3,1.0,0.2,-0.006666666666666667,0.006666666666666667,0.0,0.0,AUTO_MIN
14400,04:00:00,0,300.0,0.00045569999999999996,300.0,0.00045569999999999996,0.3,1.0,0.2,-0.006666666666666667,0.006666666666666667,0.0,0.0,AUTO_MIN
14460,04:01:00,0,300.0,0.00045569999999999996,300.0,0.00045569999999999996,0.3,1.0,0.2,-0.006666666666666667,0.006666666666666667,0.0,0.0,AUTO_MIN
14520,04:02:00,0,300.0,0.00045569999999999996,300.0,0.00045569999999999996,0.3,1.0,0.2,-0.006666666666666667,0.006666666666666667,0.0,0.0,AUTO_MIN
14580,04:03:00,0,300.0,0.00045569999999999996,300.0,0.00045569999999999996,0.3,1.0,0.2,-0.006666666666666667,0.006666666666666667,0.0,0.0,AUTO_MIN
14640,04:04:00,0,300.0,0.00045569999999999996,300.0,0.00045569999999999996,0.3,1.0,0.2,-0.006666666666666667,0.006666666666666667,0.0,0.0,AUTO_MIN
14700,04:05:00,0,300.0,0.00045569999999999996,300.0,0.00045569999999999996,0.3,1.0,0.2,-0.006666666666666667,0.006666666666666667,0.0,0.0,AUTO_MIN
14760,04:06:00,0,300.0,0.00045569999999999996,300.0,0.00045569999999999996,0.3,1.0,0.2,-0.006666666666666667,0.006666666666666667,0.0,0.0,AUTO_MIN
14820,04:07:00,0,300.0,0.00045569999999999996,300.0,0.00045569999999999996,0.3,1.0,0.2,-0.006666666666666667,0.006666666666666667,0.0,0.0,AUTO_MIN
14880,04:08:00,0,300.0,0.00045569999999999996,300.0,0.00045569999999999996,0.3,1.0,0.2,-0.006666666666666667,0.006666666666666667,0.0,0.0,AUTO_MIN
14940,04:09:00,0,300.0,0.00045569999999999996,300.0,0.00045569999999999996,0.3,1.0,0.2,-0.006666666666666667,0.006666666666666667,0.0,0.0,AUTO_MIN
15000,04:10:00,0,300.0,0.00045569999999999996,300.0,0.00045569999999999996,0.3,1.0,0.2,-0.006666666666666667,0.006666666666666667,0.0,0.0,AUTO_MIN
15060,04:11:00,0,300.0,0.00045569999999999996,300.0,0.00045569999999999996,0.3,1.0,0.2,-0.006666666666666667,0.006666666666666667,0.0,0.0,AUTO_MIN
15120,04:12:00,0,300.0,0.00045569999999999996,300.0,0.00045569999999999996,0.3,1.0,0.2,-0.006666666666666667,0.006666666666666667,0.0,0.0,AUTO_MIN
15180,04:13:00,0,300.0,0.00045569999999999996,300.0,0.00045569999999999996,0.3,1.0,0.2,-0.006666666666666667,0.006666666666666667,0.0,0.0,AUTO_MIN
15240,04:14:00,0,300.0,0.00045569999999999996,300.0,0.00045569999999999996,0.3,1.0,0.2,-0.006666666666666667,0.006666666666666667,0.0,0.0,AUTO_MIN
15300,04:15:00,0,300.0,0.00045569999999999996,300.0,0.00045569999999999996,0.3,1.0,0.2,-0.006666666666666667,0.006666666666666667,0.0,0.0,AUTO_MIN
15360,04:16:00,0,300.0,0.00045569999999999996,300.0,0.00045569999999999996,0.3,1.0,0.2,-0.006666666666666667,0.006666666666666667,0.0,0.0,AUTO_MIN
15420,04:17:00,0,300.0,0.00045569999999999996,300.0,0.00045569999999999996,0.3,1.0,0.2,-0.006666666666666667,0.006666666666666667,0.0,0.0,AUTO_MIN
15480,04:18:00,0,300.0,0.00045569999999999996,300.0,0.00045569999999999996,0.3,1.0,0.2,-0.006666666666666667,0.006666666666666667,0.0,0.0,AUTO_MIN
15540,04:19:00,0,300.0,0.00045569999999999996,300.0,0.00045569999999999996,0.3,1.0,0.2,-0.006666666666666667,0.006666666666666667,0.0,0.0,AUTO_MIN
15600,04:20:00,0,300.0,0.00045569999999999996,300.0,0.00045569999999999996,0.3,1.0,0.2,-0.006666666666666667,0.006666666666666667,0.0,0.0,AUTO_MIN
15660,04:21:00,0,300.0,0.00045569999999999996,300.0,0.00045569999999999996,0.3,1.0,0.2,-0.006666666666666667,0.006666666666666667,0.0,0.0,AUTO_MIN
15720,04:22:00,0,300.0,0.00045569999999999996,300.0,0.00045569999999999996,0.3,1.0,0.2,-0.006666666666666667,0.006666666666666667,0.0,0.0,AUTO_MIN
15780,04:23:00,0,300.0,0.00045569999999999996,300.0,0.00045569999999999996,0.3,1.0,0.2,-0.006666666666666667,0.006666666666666667,0.0,0.0,AUTO_MIN
15840,04:24:00,0,300.0,0.00045569999999999996,300.0,0.00045569999999999996,0.3,1.0,0.2,-0.006666666666666667,0.006666666666666667,0.0,0.0,AUTO_MIN
15900,04:25:00,0,300.0,0.00045569999999999996,300.0,0.00045569999999999996,0.3,1.0,0.2,-0.006666666666666667,0.006666666666666667,0.0,0.0,AUTO_MIN
15960,04:26:00,0,300.0,0.00045569999999999996,300.0,0.00045569999999999996,0.3,1.0,0.2,-0.006666666666666667,0.006666666666666667,0.0,0.0,AUTO_MIN
16020,04:27:00,0,300.0,0.00045569999999999996,300.0,0.00045569999999999996,0.3,1.0,0.2,-0.006666666666666667,0.006666666666666667,0.0,0.0,AUTO_MIN
16080,04:28:00,0,300.0,0.00045569999999999996,300.0,0.00045569999999999996,0.3,1.0,0.2,-0.006666666666666667,0.006666666666666667,0.0,0.0,AUTO_MIN
16140,04:29:00,0,300.0,0.00045569999999999996,300.0,0.00045569999999999996,0.3,1.0,0.2,-0.006666666666666667,0.006666666666666667,0.0,0.0,AUTO_MIN
16200,04:30:00,0,300.0,0.00045569999999999996,300.0,0.00045569999999999996,0.3,1.0,0.2,-0.006666666666666667,0.006666666666666667,0.0,0.0,AUTO_MIN
16260,04:31:00,0,300.0,0.00045569999999999996,300.0,0.00045569999999999996,0.3,1.0,0.2,-0.006666666666666667,0.006666666666666667,0.0,0.0,AUTO_MIN
16320,04:32:00,0,300.0,0.00045569999999999996,300.0,0.00045569999999999996,0.3,1.0,0.2,-0.006666666666666667,0.006666666666666667,0.0,0.0,AUTO_MIN
16380,04:33:00,0,300.0,0.00045569999999999996,300.0,0.00045569999999999996,0.3,1.0,0.2,-0.006666666666666667,0.006666666666666667,0.0,0.0,AUTO_MIN
16440,04:34:00,0,300.0,0.00045569999999999996,300.0,0.00045569999999999996,0.3,1.0,0.2,-0.006666666666666667,0.006666666666666667,0.0,0.0,AUTO_MIN
16500,04:35:00,0,300.0,0.00045569999999999996,300.0,0.00045569999999999996,0.3,1.0,0.2,-0.006666666666666667,0.006666666666666667,0.0,0.0,AUTO_MIN
16560,04:36:00,0,300.0,0.00045569999999999996,300.0,0.00045569999999999996,0.3,1.0,0.2,-0.006666666666666667,0.006666666666666667,0.0,0.0,AUTO_MIN
16620,04:37:00,0,300.0,0.00045569999999999996,300.0,0.00045569999999999996,0.3,1.0,0.2,-0.006666666666666667,0.006666666666666667,0.0,0.0,AUTO_MIN
16680,04:38:00,0,300.0,0.00045569999999999996,300.0,0.00045569999999999996,0.3,1.0,0.2,-0.006666666666666667,0.006666666666666667,0.0,0.0,AUTO_MIN
16740,04:39:00,0,300.0,0.00045569999999999996,300.0,0.00045569999999999996,0.3,1.0,0.2,-0.006666666666666667,0.006666666666666667,0.0,0.0,AUTO_MIN
16800,04:40:00,0,300.0,0.00045569999999999996,300.0,0.00045569999999999996,0.3,1.0,0.2,-0.006666666666666667,0.006666666666666667,0.0,0.0,AUTO_MIN
16860,04:41:00,0,300.0,0.00045569999999999996,300.0,0.00045569999999999996,0.3,1.0,0.2,-0.006666666666666667,0.006666666666666667,0.0,0.0,AUTO_MIN
16920,04:42:00,0,300.0,0.00045569999999999996,300.0,0.00045569999999999996,0.3,1.0,0.2,-0.006666666666666667,0.006666666666666667,0.0,0.0,AUTO_MIN
16980,04:43:00,0,300.0,0.00045569999999999996,300.0,0.00045569999999999996,0.3,1.0,0.2,-0.006666666666666667,0.006666666666666667,0.0,0.0,AUTO_MIN
17040,04:44:00,0,300.0,0.00045569999999999996,300.0,0.00045569999999999996,0.3,1.0,0.2,-0.006666666666666667,0.006666666666666667,0.0,0.0,AUTO_MIN
17100,04:45:00,0,300.0,0.00045569999999999996,300.0,0.00045569999999999996,0.3,1.0,0.2,-0.006666666666666667,0.006666666666666667,0.0,0.0,AUTO_MIN
17160,04:46:00,0,300.0,0.00045569999999999996,300.0,0.00045569999999999996,0.3,1.0,0.2,-0.006666666666666667,0.006666666666666667,0.0,0.0,AUTO_MIN
17220,04:47:00,0,300.0,0.00045569999999999996,300.0,0.00045569999999999996,0.3,1.0,0.2,-0.006666666666666667,0.006666666666666667,0.0,0.0,AUTO_MIN
17280,04:48:00,0,300.0,0.00045569999999999996,300.0,0.00045569999999999996,0.3,1.0,0.2,-0.006666666666666667,0.006666666666666667,0.0,0.0,AUTO_MIN
17340,04:49:00,0,300.0,0.00045569999999999996,300.0,0.00045569999999999996,0.3,1.0,0.2,-0.006666666666666667,0.006666666666666667,0.0,0.0,AUTO_MIN
17400,04:50:00,0,300.0,0.00045569999999999996,300.0,0.00045569999999999996,0.3,1.0,0.2,-0.006666666666666667,0.006666666666666667,0.0,0.0,AUTO_MIN
17460,04:51:00,0,300.0,0.00045569999999999996,300.0,0.00045569999999999996,0.3,1.0,0.2,-0.006666666666666667,0.006666666666666667,0.0,0.0,AUTO_MIN
17520,04:52:00,0,300.0,0.00045569999999999996,300.0,0.00045569999999999996,0.3,1.0,0.2,-0.006666666666666667,0.006666666666666667,0.0,0.0,AUTO_MIN
17580,04:53:00,0,300.0,0.00045569999999999996,300.0,0.00045569999999999996,0.3,1.0,0.2,-0.006666666666666667,0.006666666666666667,0.0,0.0,AUTO_MIN
17640,04:54:00,0,300.0,0.00045569999999999996,300.0,0.00045569999999999996,0.3,1.0,0.2,-0.006666666666666667,0.006666666666666667,0.0,0.0,AUTO_MIN
17700,04:55:00,0,300.0,0.00045569999999999996,300.0,0.00045569999999999996,0.3,1.0,0.2,-0.006666666666666667,0.006666666666666667,0.0,0.0,AUTO_MIN
17760,04:56:00,0,300.0,0.00045569999999999996,300.0,0.00045569999999999996,0.3,1.0,0.2,-0.006666666666666667,0.006666666666666667,0.0,0.0,AUTO_MIN
17820,04:57:00,0,300.0,0.00045569999999999996,300.0,0.00045569999999999996,0.3,1.0,0.2,-0.006666666666666667,0.006666666666666667,0.0,0.0,AUTO_MIN
17880,04:58:00,0,300.0,0.00045569999999999996,300.0,0.00045569999999999996,0.3,1.0,0.2,-0.006666666666666667,0.006666666666666667,0.0,0.0,AUTO_MIN
17940,04:59:00,0,300.0,0.00045569999999999996,300.0,0.00045569999999999996,0.3,1.0,0.2,-0.006666666666666667,0.006666666666666667,0.0,0.0,AUTO_MIN
18000,05:00:00,0,300.0,0.00045569999999999996,300.0,0.00045569999999999996,0.3,1.0,0.2,-0.006666666666666667,0.006666666666666667,0.0,0.0,AUTO_MIN
18060,05:01:00,0,300.0,0.00045569999999999996,300.0,0.00045569999999999996,0.3,1.0,0.2,-0.006666666666666667,0.006666666666666667,0.0,0.0,AUTO_MIN
18120,05:02:00,0,300.0,0.00045569999999999996,300.0,0.00045569999999999996,0.3,1.0,0.2,-0.006666666666666667,0.006666666666666667,0.0,0.0,AUTO_MIN
18180,05:03:00,0,300.0,0.00045569999999999996,300.0,0.00045569999999999996,0.3,1.0,0.2,-0.006666666666666667,0.006666666666666667,0.0,0.0,AUTO_MIN
18240,05:04:00,0,300.0,0.00045569999999999996,300.0,0.00045569999999999996,0.3,1.0,0.2,-0.006666666666666667,0.006666666666666667,0.0,0.0,AUTO_MIN
18300,05:05:00,0,300.0,0.00045569999999999996,300.0,0.00045569999999999996,0.3,1.0,0.2,-0.006666666666666667,0.006666666666666667,0.0,0.0,AUTO_MIN
18360,05:06:00,0,300.0,0.00045569999999999996,300.0,0.00045569999999999996,0.3,1.0,0.2,-0.006666666666666667,0.006666666666666667,0.0,0.0,AUTO_MIN
18420,05:07:00,0,300.0,0.00045569999999999996,300.0,0.00045569999999999996,0.3,1.0,0.2,-0.006666666666666667,0.006666666666666667,0.0,0.0,AUTO_MIN
18480,05:08:00,0,300.0,0.00045569999999999996,300.0,0.00045569999999999996,0.3,1.0,0.2,-0.006666666666666667,0.006666666666666667,0.0,0.0,AUTO_MIN
18540,05:09:00,0,300.0,0.00045569999999999996,300.0,0.00045569999999999996,0.3,1.0,0.2,-0.006666666666666667,0.006666666666666667,0.0,0.0,AUTO_MIN
18600,05:10:00,0,300.0,0.00045569999999999996,300.0,0.00045569999999999996,0.3,1.0,0.2,-0.006666666666666667,0.006666666666666667,0.0,0.0,AUTO_MIN
18660,05:11:00,0,300.0,0.00045569999999999996,300.0,0.00045569999999999996,0.3,1.0,0.2,-0.006666666666666667,0.006666666666666667,0.0,0.0,AUTO_MIN
18720,05:12:00,0,300.0,0.00045569999999999996,300.0,0.00045569999999999996,0.3,1.0,0.2,-0.006666666666666667,0.006666666666666667,0.0,0.0,AUTO_MIN
18780,05:13:00,0,300.0,0.00045569999999999996,300.0,0.00045569999999999996,0.3,1.0,0.2,-0.006666666666666667,0.006666666666666667,0.0,0.0,AUTO_MIN
18840,05:14:00,0,300.0,0.00045569999999999996,300.0,0.00045569999999999996,0.3,1.0,0.2,-0.006666666666666667,0.006666666666666667,0.0,0.0,AUTO_MIN
18900,05:15:00,0,300.0,0.00045569999999999996,300.0,0.00045569999999999996,0.3,1.0,0.2,-0.006666666666666667,0.006666666666666667,0.0,0.0,AUTO_MIN
18960,05:16:00,0,300.0,0.00045569999999999996,300.0,0.00045569999999999996,0.3,1.0,0.2,-0.006666666666666667,0.006666666666666667,0.0,0.0,AUTO_MIN
19020,05:17:00,0,300.0,0.00045569999999999996,300.0,0.00045569999999999996,0.3,1.0,0.2,-0.006666666666666667,0.006666666666666667,0.0,0.0,AUTO_MIN
19080,05:18:00,0,300.0,0.00045569999999999996,300.0,0.00045569999999999996,0.3,1.0,0.2,-0.006666666666666667,0.006666666666666667,0.0,0.0,AUTO_MIN
19140,05:19:00,0,300.0,0.00045569999999999996,300.0,0.00045569999999999996,0.3,1.0,0.2,-0.006666666666666667,0.006666666666666667,0.0,0.0,AUTO_MIN
19200,05:20:00,0,300.0,0.00045569999999999996,300.0,0.00045569999999999996,0.3,1.0,0.2,-0.006666666666666667,0.006666666666666667,0.0,0.0,AUTO_MIN
19260,05:21:00,0,300.0,0.00045569999999999996,300.0,0.00045569999999999996,0.3,1.0,0.2,-0.006666666666666667,0.006666666666666667,0.0,0.0,AUTO_MIN
19320,05:22:00,0,300.0,0.00045569999999999996,300.0,0.00045569999999999996,0.3,1.0,0.2,-0.006666666666666667,0.006666666666666667,0.0,0.0,AUTO_MIN
19380,05:23:00,0,300.0,0.00045569999999999996,300.0,0.00045569999999999996,0.3,1.0,0.2,-0.006666666666666667,0.006666666666666667,0.0,0.0,AUTO_MIN
19440,05:24:00,0,300.0,0.00045569999999999996,300.0,0.00045569999999999996,0.3,1.0,0.2,-0.006666666666666667,0.006666666666666667,0.0,0.0,AUTO_MIN
19500,05:25:00,0,300.0,0.00045569999999999996,300.0,0.00045569999999999996,0.3,1.0,0.2,-0.006666666666666667,0.006666666666666667,0.0,0.0,AUTO_MIN
19560,05:26:00,0,300.0,0.00045569999999999996,300.0,0.00045569999999999996,0.3,1.0,0.2,-0.006666666666666667,0.006666666666666667,0.0,0.0,AUTO_MIN
19620,05:27:00,0,300.0,0.00045569999999999996,300.0,0.00045569999999999996,0.3,1.0,0.2,-0.006666666666666667,0.006666666666666667,0.0,0.0,AUTO_MIN
19680,05:28:00,0,300.0,0.00045569999999999996,300.0,0.00045569999999999996,0.3,1.0,0.2,-0.006666666666666667,0.006666666666666667,0.0,0.0,AUTO_MIN
19740,05:29:00,0,300.0,0.00045569999999999996,300.0,0.00045569999999999996,0.3,1.0,0.2,-0.006666666666666667,0.006666666666666667,0.0,0.0,AUTO_MIN
19800,05:30:00,0,300.0,0.00045569999999999996,300.0,0.00045569999999999996,0.3,1.0,0.2,-0.006666666666666667,0.006666666666666667,0.0,0.0,AUTO_MIN
19860,05:31:00,0,300.0,0.00045569999999999996,300.0,0.00045569999999999996,0.3,1.0,0.2,-0.006666666666666667,0.006666666666666667,0.0,0.0,AUTO_MIN
19920,05:32:00,0,300.0,0.00045569999999999996,300.0,0.00045569999999999996,0.3,1.0,0.2,-0.006666666666666667,0.006666666666666667,0.0,0.0,AUTO_MIN
19980,05:33:00,0,300.0,0.00045569999999999996,300.0,0.00045569999999999996,0.3,1.0,0.2,-0.006666666666666667,0.006666666666666667,0.0,0.0,AUTO_MIN
20040,05:34:00,0,300.0,0.00045569999999999996,300.0,0.00045569999999999996,0.3,1.0,0.2,-0.006666666666666667,0.006666666666666667,0.0,0.0,AUTO_MIN
20100,05:35:00,0,300.0,0.00045569999999999996,300.0,0.00045569999999999996,0.3,1.0,0.2,-0.006666666666666667,0.006666666666666667,0.0,0.0,AUTO_MIN
20160,05:36:00,0,300.0,0.00045569999999999996,300.0,0.00045569999999999996,0.3,1.0,0.2,-0.006666666666666667,0.006666666666666667,0.0,0.0,AUTO_MIN
20220,05:37:00,0,300.0,0.00045569999999999996,300.0,0.00045569999999999996,0.3,1.0,0.2,-0.006666666666666667,0.006666666666666667,0.0,0.0,AUTO_MIN
20280,05:38:00,0,300.0,0.00045569999999999996,300.0,0.00045569999999999996,0.3,1.0,0.2,-0.006666666666666667,0.006666666666666667,0.0,0.0,AUTO_MIN
20340,05:39:00,0,300.0,0.00045569999999999996,300.0,0.00045569999999999996,0.3,1.0,0.2,-0.006666666666666667,0.006666666666666667,0.0,0.0,AUTO_MIN
20400,05:40:00,0,300.0,0.00045569999999999996,300.0,0.00045569999999999996,0.3,1.0,0.2,-0.006666666666666667,0.006666666666666667,0.0,0.0,AUTO_MIN
20460,05:41:00,0,300.0,0.00045569999999999996,300.0,0.00045569999999999996,0.3,1.0,0.2,-0.006666666666666667,0.006666666666666667,0.0,0.0,AUTO_MIN
20520,05:42:00,0,300.0,0.00045569999999999996,300.0,0.00045569999999999996,0.3,1.0,0.2,-0.006666666666666667,0.006666666666666667,0.0,0.0,AUTO_MIN
20580,05:43:00,0,300.0,0.00045569999999999996,300.0,0.00045569999999999996,0.3,1.0,0.2,-0.006666666666666667,0.006666666666666667,0.0,0.0,AUTO_MIN
20640,05:44:00,0,300.0,0.00045569999999999996,300.0,0.00045569999999999996,0.3,1.0,0.2,-0.006666666666666667,0.006666666666666667,0.0,0.0,AUTO_MIN
20700,05:45:00,0,300.0,0.00045569999999999996,300.0,0.00045569999999999996,0.3,1.0,0.2,-0.006666666666666667,0.006666666666666667,0.0,0.0,AUTO_MIN
20760,05:46:00,0,300.0,0.00045569999999999996,300.0,0.00045569999999999996,0.3,1.0,0.2,-0.006666666666666667,0.006666666666666667,0.0,0.0,AUTO_MIN
20820,05:47:00,0,300.0,0.00045569999999999996,300.0,0.00045569999999999996,0.3,1.0,0.2,-0.006666666666666667,0.006666666666666667,0.0,0.0,AUTO_MIN
20880,05:48:00,0,300.0,0.00045569999999999996,300.0,0.00045569999999999996,0.3,1.0,0.2,-0.006666666666666667,0.006666666666666667,0.0,0.0,AUTO_MIN
20940,05:49:00,0,300.0,0.00045569999999999996,300.0,0.00045569999999999996,0.3,1.0,0.2,-0.006666666666666667,0.006666666666666667,0.0,0.0,AUTO_MIN
21000,05:50:00,0,300.0,0.00045569999999999996,300.0,0.00045569999999999996,0.3,1.0,0.2,-0.006666666666666667,0.006666666666666667,0.0,0.0,AUTO_MIN
21060,05:51:00,0,300.0,0.00045569999999999996,300.0,0.00045569999999999996,0.3,1.0,0.2,-0.006666666666666667,0.006666666666666667,0.0,0.0,AUTO_MIN
21120,05:52:00,0,300.0,0.00045569999999999996,300.0,0.00045569999999999996,0.3,1.0,0.2,-0.006666666666666667,0.006666666666666667,0.0,0.0,AUTO_MIN
21180,05:53:00,0,300.0,0.00045569999999999996,300.0,0.00045569999999999996,0.3,1.0,0.2,-0.006666666666666667,0.006666666666666667,0.0,0.0,AUTO_MIN
21240,05:54:00,0,300.0,0.00045569999999999996,300.0,0.00045569999999999996,0.3,1.0,0.2,-0.006666666666666667,0.006666666666666667,0.0,0.0,AUTO_MIN
21300,05:55:00,0,300.0,0.00045569999999999996,300.0,0.00045569999999999996,0.3,1.0,0.2,-0.006666666666666667,0.006666666666666667,0.0,0.0,AUTO_MIN
21360,05:56:00,0,300.0,0.00045569999999999996,300.0,0.00045569999999999996,0.3,1.0,0.2,-0.006666666666666667,0.006666666666666667,0.0,0.0,AUTO_MIN
21420,05:57:00,0,300.0,0.00045569999999999996,300.0,0.00045569999999999996,0.3,1.0,0.2,-0.006666666666666667,0.006666666666666667,0.0,0.0,AUTO_MIN
21480,05:58:00,0,300.0,0.00045569999999999996,300.0,0.00045569999999999996,0.3,1.0,0.2,-0.006666666666666667,0.006666666666666667,0.0,0.0,AUTO_MIN
21540,05:59:00,0,300.0,0.00045569999999999996,300.0,0.00045569999999999996,0.3,1.0,0.2,-0.006666666666666667,0.006666666666666667,0.0,0.0,AUTO_MIN
21600,06:00:00,0,300.0,0.00045569999999999996,300.0,0.00045569999999999996,0.3,1.0,0.2,-0.006666666666666667,0.006666666666666667,0.0,0.0,AUTO_MIN
21660,06:01:00,0,300.0,0.00045569999999999996,300.0,0.00045569999999999996,0.3,1.0,0.2,-0.006666666666666667,0.006666666666666667,0.0,0.0,AUTO_MIN
21720,06:02:00,0,300.0,0.00045569999999999996,300.0,0.00045569999999999996,0.3,1.0,0.2,-0.006666666666666667,0.006666666666666667,0.0,0.0,AUTO_MIN
21780,06:03:00,0,300.0,0.00045569999999999996,300.0,0.00045569999999999996,0.3,1.0,0.2,-0.006666666666666667,0.006666666666666667,0.0,0.0,AUTO_MIN
21840,06:04:00,0,300.0,0.00045569999999999996,300.0,0.00045569999999999996,0.3,1.0,0.2,-0.006666666666666667,0.006666666666666667,0.0,0.0,AUTO_MIN
21900,06:05:00,0,300.0,0.00045569999999999996,300.0,0.00045569999999999996,0.3,1.0,0.2,-0.006666666666666667,0.006666666666666667,0.0,0.0,AUTO_MIN
21960,06:06:00,0,300.0,0.00045569999999999996,300.0,0.00045569999999999996,0.3,1.0,0.2,-0.006666666666666667,0.006666666666666667,0.0,0.0,AUTO_MIN
22020,06:07:00,0,300.0,0.00045569999999999996,300.0,0.00045569999999999996,0.3,1.0,0.2,-0.006666666666666667,0.006666666666666667,0.0,0.0,AUTO_MIN
22080,06:08:00,0,300.0,0.00045569999999999996,300.0,0.00045569999999999996,0.3,1.0,0.2,-0.006666666666666667,0.006666666666666667,0.0,0.0,AUTO_MIN
22140,06:09:00,0,300.0,0.00045569999999999996,300.0,0.00045569999999999996,0.3,1.0,0.2,-0.006666666666666667,0.006666666666666667,0.0,0.0,AUTO_MIN
22200,06:10:00,0,300.0,0.00045569999999999996,300.0,0.00045569999999999996,0.3,1.0,0.2,-0.006666666666666667,0.006666666666666667,0.0,0.0,AUTO_MIN
22260,06:11:00,0,300.0,0.00045569999999999996,300.0,0.00045569999999999996,0.3,1.0,0.2,-0.006666666666666667,0.006666666666666667,0.0,0.0,AUTO_MIN
22320,06:12:00,0,300.0,0.00045569999999999996,300.0,0.00045569999999999996,0.3,1.0,0.2,-0.006666666666666667,0.006666666666666667,0.0,0.0,AUTO_MIN
22380,06:13:00,0,300.0,0.00045569999999999996,300.0,0.00045569999999999996,0.3,1.0,0.2,-0.006666666666666667,0.006666666666666667,0.0,0.0,AUTO_MIN
22440,06:14:00,0,300.0,0.00045569999999999996,300.0,0.00045569999999999996,0.3,1.0,0.2,-0.006666666666666667,0.006666666666666667,0.0,0.0,AUTO_MIN
22500,06:15:00,0,300.0,0.00045569999999999996,300.0,0.00045569999999999996,0.3,1.0,0.2,-0.006666666666666667,0.006666666666666667,0.0,0.0,AUTO_MIN
22560,06:16:00,0,300.0,0.00045569999999999996,300.0,0.00045569999999999996,0.3,1.0,0.2,-0.006666666666666667,0.006666666666666667,0.0,0.0,AUTO_MIN
22620,06:17:00,0,300.0,0.00045569999999999996,300.0,0.00045569999999999996,0.3,1.0,0.2,-0.006666666666666667,0.006666666666666667,0.0,0.0,AUTO_MIN
22680,06:18:00,0,300.0,0.00045569999999999996,300.0,0.00045569999999999996,0.3,1.0,0.2,-0.006666666666666667,0.006666666666666667,0.0,0.0,AUTO_MIN
22740,06:19:00,0,300.0,0.00045569999999999996,300.0,0.00045569999999999996,0.3,1.0,0.2,-0.006666666666666667,0.006666666666666667,0.0,0.0,AUTO_MIN
22800,06:20:00,0,300.0,0.00045569999999999996,300.0,0.00045569999999999996,0.3,1.0,0.2,-0.006666666666666667,0.006666666666666667,0.0,0.0,AUTO_MIN
22860,06:21:00,0,300.0,0.00045569999999999996,300.0,0.00045569999999999996,0.3,1.0,0.2,-0.006666666666666667,0.006666666666666667,0.0,0.0,AUTO_MIN
22920,06:22:00,0,300.0,0.00045569999999999996,300.0,0.00045569999999999996,0.3,1.0,0.2,-0.006666666666666667,0.006666666666666667,0.0,0.0,AUTO_MIN
22980,06:23:00,0,300.0,0.00045569999999999996,300.0,0.00045569999999999996,0.3,1.0,0.2,-0.006666666666666667,0.006666666666666667,0.0,0.0,AUTO_MIN
23040,06:24:00,0,300.0,0.00045569999999999996,300.0,0.00045569999999999996,0.3,1.0,0.2,-0.006666666666666667,0.006666666666666667,0.0,0.0,AUTO_MIN
23100,06:25:00,0,300.0,0.00045569999999999996,300.0,0.00045569999999999996,0.3,1.0,0.2,-0.006666666666666667,0.006666666666666667,0.0,0.0,AUTO_MIN
23160,06:26:00,0,300.0,0.00045569999999999996,300.0,0.00045569999999999996,0.3,1.0,0.2,-0.006666666666666667,0.006666666666666667,0.0,0.0,AUTO_MIN
23220,06:27:00,0,300.0,0.00045569999999999996,300.0,0.00045569999999999996,0.3,1.0,0.2,-0.006666666666666667,0.006666666666666667,0.0,0.0,AUTO_MIN
23280,06:28:00,0,300.0,0.00045569999999999996,300.0,0.00045569999999999996,0.3,1.0,0.2,-0.006666666666666667,0.006666666666666667,0.0,0.0,AUTO_MIN
23340,06:29:00,0,300.0,0.00045569999999999996,300.0,0.00045569999999999996,0.3,1.0,0.2,-0.006666666666666667,0.006666666666666667,0.0,0.0,AUTO_MIN
23400,06:30:00,0,300.0,0.00045569999999999996,300.0,0.00045569999999999996,0.3,1.0,0.2,-0.006666666666666667,0.006666666666666667,0.0,0.0,AUTO_MIN
23460,06:31:00,0,300.0,0.00045569999999999996,300.0,0.00045569999999999996,0.3,1.0,0.2,-0.006666666666666667,0.006666666666666667,0.0,0.0,AUTO_MIN
23520,06:32:00,0,300.0,0.00045569999999999996,300.0,0.00045569999999999996,0.3,1.0,0.2,-0.006666666666666667,0.006666666666666667,0.0,0.0,AUTO_MIN
23580,06:33:00,0,300.0,0.00045569999999999996,300.0,0.00045569999999999996,0.3,1.0,0.2,-0.006666666666666667,0.006666666666666667,0.0,0.0,AUTO_MIN
23640,06:34:00,0,300.0,0.00045569999999999996,300.0,0.00045569999999999996,0.3,1.0,0.2,-0.006666666666666667,0.006666666666666667,0.0,0.0,AUTO_MIN
23700,06:35:00,0,300.0,0.00045569999999999996,300.0,0.00045569999999999996,0.3,1.0,0.2,-0.006666666666666667,0.006666666666666667,0.0,0.0,AUTO_MIN
23760,06:36:00,0,300.0,0.00045569999999999996,300.0,0.00045569999999999996,0.3,1.0,0.2,-0.006666666666666667,0.006666666666666667,0.0,0.0,AUTO_MIN
23820,06:37:00,0,300.0,0.00045569999999999996,300.0,0.00045569999999999996,0.3,1.0,0.2,-0.006666666666666667,0.006666666666666667,0.0,0.0,AUTO_MIN
23880,06:38:00,0,300.0,0.00045569999999999996,300.0,0.00045569999999999996,0.3,1.0,0.2,-0.006666666666666667,0.006666666666666667,0.0,0.0,AUTO_MIN
23940,06:39:00,0,300.0,0.00045569999999999996,300.0,0.00045569999999999996,0.3,1.0,0.2,-0.006666666666666667,0.006666666666666667,0.0,0.0,AUTO_MIN
24000,06:40:00,0,300.0,0.00045569999999999996,300.0,0.00045569999999999996,0.3,1.0,0.2,-0.006666666666666667,0.006666666666666667,0.0,0.0,AUTO_MIN
24060,06:41:00,0,300.0,0.00045569999999999996,300.0,0.00045569999999999996,0.3,1.0,0.2,-0.006666666666666667,0.006666666666666667,0.0,0.0,AUTO_MIN
24120,06:42:00,0,300.0,0.00045569999999999996,300.0,0.00045569999999999996,0.3,1.0,0.2,-0.006666666666666667,0.006666666666666667,0.0,0.0,AUTO_MIN
24180,06:43:00,0,300.0,0.00045569999999999996,300.0,0.00045569999999999996,0.3,1.0,0.2,-0.006666666666666667,0.006666666666666667,0.0,0.0,AUTO_MIN
24240,06:44:00,0,300.0,0.00045569999999999996,300.0,0.00045569999999999996,0.3,1.0,0.2,-0.006666666666666667,0.006666666666666667,0.0,0.0,AUTO_MIN
24300,06:45:00,0,300.0,0.00045569999999999996,300.0,0.00045569999999999996,0.3,1.0,0.2,-0.006666666666666667,0.006666666666666667,0.0,0.0,AUTO_MIN
24360,06:46:00,0,300.0,0.00045569999999999996,300.0,0.00045569999999999996,0.3,1.0,0.2,-0.006666666666666667,0.006666666666666667,0.0,0.0,AUTO_MIN
24420,06:47:00,0,300.0,0.00045569999999999996,300.0,0.00045569999999999996,0.3,1.0,0.2,-0.006666666666666667,0.006666666666666667,0.0,0.0,AUTO_MIN
24480,06:48:00,0,300.0,0.00045569999999999996,300.0,0.00045569999999999996,0.3,1.0,0.2,-0.006666666666666667,0.006666666666666667,0.0,0.0,AUTO_MIN
24540,06:49:00,0,300.0,0.00045569999999999996,300.0,0.00045569999999999996,0.3,1.0,0.2,-0.006666666666666667,0.006666666666666667,0.0,0.0,AUTO_MIN
24600,06:50:00,0,300.0,0.00045569999999999996,300.0,0.00045569999999999996,0.3,1.0,0.2,-0.006666666666666667,0.006666666666666667,0.0,0.0,AUTO_MIN
24660,06:51:00,0,300.0,0.00045569999999999996,300.0,0.00045569999999999996,0.3,1.0,0.2,-0.006666666666666667,0.006666666666666667,0.0,0.0,AUTO_MIN
24720,06:52:00,0,300.0,0.00045569999999999996,300.0,0.00045569999999999996,0.3,1.0,0.2,-0.006666666666666667,0.006666666666666667,0.0,0.0,AUTO_MIN
24780,06:53:00,0,300.0,0.00045569999999999996,300.0,0.00045569999999999996,0.3,1.0,0.2,-0.006666666666666667,0.006666666666666667,0.0,0.0,AUTO_MIN
24840,06:54:00,0,300.0,0.00045569999999999996,300.0,0.00045569999999999996,0.3,1.0,0.2,-0.006666666666666667,0.006666666666666667,0.0,0.0,AUTO_MIN
24900,06:55:00,0,300.0,0.00045569999999999996,300.0,0.00045569999999999996,0.3,1.0,0.2,-0.006666666666666667,0.006666666666666667,0.0,0.0,AUTO_MIN
24960,06:56:00,0,300.0,0.00045569999999999996,300.0,0.00045569999999999996,0.3,1.0,0.2,-0.006666666666666667,0.006666666666666667,0.0,0.0,AUTO_MIN
25020,06:57:00,0,300.0,0.00045569999999999996,300.0,0.00045569999999999996,0.3,1.0,0.2,-0.006666666666666667,0.006666666666666667,0.0,0.0,AUTO_MIN
25080,06:58:00,0,300.0,0.00045569999999999996,300.0,0.00045569999999999996,0.3,1.0,0.2,-0.006666666666666667,0.006666666666666667,0.0,0.0,AUTO_MIN
25140,06:59:00,0,300.0,0.00045569999999999996,300.0,0.00045569999999999996,0.3,1.0,0.2,-0.006666666666666667,0.006666666666666667,0.0,0.0,AUTO_MIN
25200,07:00:00,2,300.0,0.00045569999999999996,300.0897520298442,0.0004558363333333333,0.30008975202984417,1.0,0.2,-0.006666666666666667,0.006666666666666667,1.6359999999999998e-07,1.636e-05,AUTO_MIN
25260,07:01:00,2,300.0,0.00045569999999999996,305.4657589924466,0.0004640024879095264,0.3054657589924466,1.0,0.2,-0.006666666666666667,0.006666666666666667,1.6359999999999998e-07,1.636e-05,AUTO_MIN
25320,07:02:00,2,300.0,0.00045569999999999996,310.82387526924805,0.00047214146653398774,0.31082387526924804,1.0,0.2,-0.006666666666666667,0.006666666666666667,1.6359999999999998e-07,1.636e-05,AUTO_MIN
25380,07:03:00,2,300.0,0.00045569999999999996,316.1641603982363,0.0004802533596449208,0.31616416039823625,1.0,0.2,-0.006666666666666667,0.006666666666666667,1.6359999999999998e-07,1.636e-05,AUTO_MIN
25440,07:04:00,2,300.0,0.00045569999999999996,321.4866737192644,0.0004883382573795626,0.32148667371926437,1.0,0.2,-0.006666666666666667,0.006666666666666667,1.6359999999999998e-07,1.636e-05,AUTO_MIN
25500,07:05:00,2,300.0,0.00045569999999999996,326.7914743747097,0.0004963962495751841,0.32679147437470973,1.0,0.2,-0.006666666666666667,0.006666666666666667,1.6359999999999998e-07,1.636e-05,AUTO_MIN
25560,07:06:00,2,300.0,0.00045569999999999996,332.0786213101313,0.0005044274257700894,0.33207862131013133,1.0,0.2,-0.006666666666666667,0.006666666666666667,1.6359999999999998e-07,1.636e-05,AUTO_MIN
25620,07:07:00,2,300.0,0.00045569999999999996,337.3481732749239,0.0005124318752046093,0.3373481732749239,1.0,0.2,-0.006666666666666667,0.006666666666666667,1.6359999999999998e-07,1.636e-05,AUTO_MIN
25680,07:08:00,2,300.0,0.00045569999999999996,342.6001888229727,0.0005204096868220955,0.3426001888229727,1.0,0.2,-0.006666666666666667,0.006666666666666667,1.6359999999999998e-07,1.636e-05,AUTO_MIN
25740,07:09:00,2,300.0,0.00045569999999999996,347.83472631330176,0.0005283609492699054,0.34783472631330176,1.0,0.2,-0.006666666666666667,0.006666666666666667,1.6359999999999998e-07,1.636e-05,AUTO_MIN
25800,07:10:00,2,300.0,0.00045569999999999996,353.051843910724,0.0005362857509003898,0.35305184391072403,1.0,0.2,-0.006666666666666667,0.006666666666666667,1.6359999999999998e-07,1.636e-05,AUTO_MIN
25860,07:11:00,2,300.0,0.00045569999999999996,358.2515995864876,0.0005441841797718747,0.3582515995864876,1.0,0.2,-0.006666666666666667,0.006666666666666667,1.6359999999999998e-07,1.636e-05,AUTO_MIN
25920,07:12:00,2,300.0,0.00045569999999999996,363.43405111891826,0.0005520563236496368,0.36343405111891824,1.0,0.2,-0.006666666666666667,0.006666666666666667,1.6359999999999998e-07,1.636e-05,AUTO_MIN
25980,07:13:00,2,300.0,0.00045569999999999996,368.5992560940636,0.0005599022700068827,0.36859925609406363,1.0,0.2,-0.006666666666666667,0.006666666666666667,1.6359999999999998e-07,1.636e-05,AUTO_MIN
26040,07:14:00,2,300.0,0.00045569999999999996,373.74727190633206,0.0005677221060257184,0.37374727190633206,1.0,0.2,-0.006666666666666667,0.006666666666666667,1.6359999999999998e-07,1.636e-05,AUTO_MIN
26100,07:15:00,2,300.0,0.00045569999999999996,378.8781557591297,0.000575515918598118,0.3788781557591297,1.0,0.2,-0.006666666666666667,0.006666666666666667,1.6359999999999998e-07,1.636e-05,AUTO_MIN
26160,07:16:00,2,300.0,0.00045569999999999996,383.99196466549785,0.0005832837943268912,0.38399196466549784,1.0,0.2,-0.006666666666666667,0.006666666666666667,1.6359999999999998e-07,1.636e-05,AUTO_MIN
26220,07:17:00,2,300.0,0.00045569999999999996,389.08875544874434,0.0005910258195266426,0.38908875544874433,1.0,0.2,-0.006666666666666667,0.006666666666666667,1.6359999999999998e-07,1.636e-05,AUTO_MIN
26280,07:18:00,2,300.0,0.00045569999999999996,394.1685847430769,0.0005987420802247338,0.3941685847430769,1.0,0.2,-0.006666666666666667,0.006666666666666667,1.6359999999999998e-07,1.636e-05,AUTO_MIN
26340,07:19:00,2,300.0,0.00045569999999999996,399.2315089942313,0.0006064326621622373,0.3992315089942313,1.0,0.2,-0.006666666666666667,0.006666666666666667,1.6359999999999998e-07,1.636e-05,AUTO_MIN
26400,07:20:00,2,300.0,0.00045569999999999996,404.27758446009886,0.0006140976507948902,0.40427758446009887,1.0,0.2,-0.006666666666666667,0.006666666666666667,1.6359999999999998e-07,1.636e-05,AUTO_MIN
26460,07:21:00,2,300.0,0.00045569999999999996,409.3068672113519,0.0006217371312940435,0.4093068672113519,1.0,0.2,-0.006666666666666667,0.006666666666666667,1.6359999999999998e-07,1.636e-05,AUTO_MIN
26520,07:22:00,2,300.0,0.00045569999999999996,414.3194131320665,0.000629351188547609,0.4143194131320665,1.0,0.2,-0.006666666666666667,0.006666666666666667,1.6359999999999998e-07,1.636e-05,AUTO_MIN
26580,07:23:00,2,300.0,0.00045569999999999996,419.3152779203424,0.0006369399071610001,0.4193152779203424,1.0,0.2,-0.006666666666666667,0.006666666666666667,1.6359999999999998e-07,1.636e-05,AUTO_MIN
26640,07:24:00,2,300.0,0.00045569999999999996,424.29451708892464,0.0006445033714580765,0.4242945170889246,1.0,0.2,-0.006666666666666667,0.006666666666666667,1.6359999999999998e-07,1.636e-05,AUTO_MIN
26700,07:25:00,2,300.0,0.00045569999999999996,429.2571859658175,0.0006520416654820767,0.42925718596581747,1.0,0.2,-0.006666666666666667,0.006666666666666667,1.6359999999999998e-07,1.636e-05,AUTO_MIN
26760,07:26:00,2,300.0,0.00045569999999999996,434.2033396949005,0.0006595548729965539,0.4342033396949005,1.0,0.2,-0.006666666666666667,0.006666666666666667,1.6359999999999998e-07,1.636e-05,AUTO_MIN
26820,07:27:00,2,300.0,0.00045569999999999996,439.13303323654253,0.000667043077486308,0.4391330332365425,1.0,0.2,-0.006666666666666667,0.006666666666666667,1.6359999999999998e-07,1.636e-05,AUTO_MIN
26880,07:28:00,2,300.0,0.00045569999999999996,444.04632136820965,0.0006745063621583105,0.44404632136820965,1.0,0.2,-0.006666666666666667,0.006666666666666667,1.6359999999999998e-07,1.636e-05,AUTO_MIN
26940,07:29:00,2,300.0,0.00045569999999999996,448.9432586850758,0.0006819448099426302,0.44894325868507584,1.0,0.2,-0.006666666666666667,0.006666666666666667,1.6359999999999998e-07,1.636e-05,AUTO_MIN
27000,07:30:00,2,300.0,0.00045569999999999996,453.8016246067138,0.0006893246677775982,0.4538016246067138,1.0,0.22232819645134372,-0.0074109398817114565,0.0074109398817114565,1.6359999999999998e-07,1.636e-05,AUTO_CO2
27060,07:31:00,2,300.0,0.00045569999999999996,458.56994984511505,0.0006965677538147298,0.45856994984511507,1.0,0.2509474751882741,-0.008364915839609136,0.008364915839609136,1.6359999999999998e-07,1.636e-05,AUTO_CO2
27120,07:32:00,2,300.0,0.00045569999999999996,463.2436706128388,0.000703667135660902,0.4632436706128388,1.0,0.2789993837826339,-0.00929997945942113,0.00929997945942113,1.6359999999999998e-07,1.636e-05,AUTO_CO2
27180,07:33:00,2,300.0,0.00045569999999999996,467.82038199809125,0.0007106191602551005,0.46782038199809123,1.0,0.30646946096314265,-0.010215648698771423,0.010215648698771423,1.6359999999999998e-07,1.636e-05,AUTO_CO2
27240,07:34:00,2,300.0,0.00045569999999999996,472.2979952504204,0.0007174206547853885,0.4722979952504204,1.0,0.33334514281907257,-0.011111504760635752,0.011111504760635752,1.6359999999999998e-07,1.636e-05,AUTO_CO2
27300,07:35:00,2,300.0,0.00045569999999999996,476.67473295678514,0.0007240689193613566,0.47667473295678514,1.0,0.3596157340310855,-0.011987191134369515,0.011987191134369515,1.6359999999999998e-07,1.636e-05,AUTO_CO2
27360,07:36:00,2,300.0,0.00045569999999999996,480.94912254984905,0.0007305617171532207,0.48094912254984906,1.0,0.3852723690802331,-0.012842412302674439,0.012842412302674439,1.6359999999999998e-07,1.636e-05,AUTO_CO2
27420,07:37:00,2,300.0,0.00045569999999999996,485.11998830452126,0.0007368972622345677,0.48511998830452124,1.0,0.410307964370475,-0.0136769321456825,0.0136769321456825,1.6359999999999998e-07,1.636e-05,AUTO_CO2
27480,07:38:00,2,300.0,0.00045569999999999996,489.18644198492876,0.0007430742053751068,0.4891864419849288,1.0,0.4347171622373711,-0.014490572074579038,0.014490572074579038,1.6359999999999998e-07,1.636e-05,AUTO_CO2
27540,07:39:00,2,300.0,0.00045569999999999996,493.1478723073716,0.0007490916180348974,0.49314787230737156,1.0,0.45849626783602604,-0.015283208927867534,0.015283208927867534,1.6359999999999998e-07,1.636e-05,AUTO_CO2
27600,07:40:00,2,300.0,0.00045569999999999996,497.0039333855275,0.0007549489748126162,0.4970039333855275,1.0,0.48164317990595684,-0.016054772663531894,0.016054772663531894,1.6359999999999998e-07,1.636e-05,AUTO_CO2
27660,07:41:00,2,300.0,0.00045569999999999996,500.7545323225163,0.0007606461345979023,0.5007545323225163,1.0,0.5041573164008,-0.016805243880026667,0.016805243880026667,1.6359999999999998e-07,1.636e-05,AUTO_CO2
27720,07:42:00,2,300.0,0.00045569999999999996,504.3998161106191,0.0007661833206720304,0.5043998161106191,1.0,0.5260395359481347,-0.017534651198271155,0.017534651198271155,1.6359999999999998e-07,1.636e-05,AUTO_CO2
27780,07:43:00,2,300.0,0.00045569999999999996,507.9401579937776,0.000771561099992548,0.5079401579937776,1.0,0.5472920560707912,-0.01824306853569304,0.01824306853569304,1.6359999999999998e-07,1.636e-05,AUTO_CO2
27840,07:44:00,2,300.0,0.00045569999999999996,511.3761434407358,0.0007767803618864776,0.5113761434407358,1.0,0.5679183690576419,-0.018930612301921397,0.018930612301921397,1.6359999999999998e-07,1.636e-05,AUTO_CO2
27900,07:45:00,2,300.0,0.00045569999999999996,514.7085558681456,0.0007818422963637131,0.5147085558681456,1.0,0.5879231563206866,-0.019597438544022884,0.019597438544022884,1.6359999999999998e-07,1.636e-05,AUTO_CO2
27960,07:46:00,2,300.0,0.00045569999999999996,517.9383622433622,0.0007867483722476672,0.5179383622433622,1.0,0.6073122020178117,-0.02024374006726039,0.02024374006726039,1.6359999999999998e-07,1.636e-05,AUTO_CO2
28020,07:47:00,2,300.0,0.00045569999999999996,521.0666986863499,0.0007915003153045654,0.5210666986863499,1.0,0.6260923066587893,-0.020869743555292974,0.020869743555292974,1.6359999999999998e-07,1.636e-05,AUTO_CO2
28080,07:48:00,2,300.0,0.00045569999999999996,524.0948561792693,0.0007961000865363101,0.5240948561792693,1.0,0.6442712013470588,-0.02147570671156863,0.02147570671156863,1.6359999999999998e-07,1.636e-05,AUTO_CO2
28140,07:49:00,2,300.0,0.00045569999999999996,527.024266481215,0.0008005498607849657,0.527024266481215,1.0,0.6618574632432033,-0.022061915441440105,0.022061915441440105,1.6359999999999998e-07,1.636e-05,AUTO_CO2
28200,07:50:00,2,300.0,0.00045569999999999996,529.856488334399,0.0008048520057799521,0.529856488334399,1.0,0.6788604327690289,-0.02262868109230096,0.02262868109230096,1.6359999999999998e-07,1.636e-05,AUTO_CO2
28260,07:51:00,2,300.0,0.00045569999999999996,532.5931940370036,0.0008090090617422085,0.5325931940370037,1.0,0.6952901330046668,-0.023176337766822225,0.023176337766822225,1.6359999999999998e-07,1.636e-05,AUTO_CO2
28320,07:52:00,2,300.0,0.00045569999999999996,535.2361564471364,0.0008130237216432001,0.5352361564471364,1.0,0.7111571916663717,-0.02370523972221239,0.02370523972221239,1.6359999999999998e-07,1.636e-05,AUTO_CO2
28380,07:53:00,2,300.0,0.00045569999999999996,537.7872364719176,0.0008168988122008429,0.5377872364719176,1.0,0.726472765990196,-0.02421575886633986,0.02421575886633986,1.6359999999999998e-07,1.636e-05,AUTO_CO2
28440,07:54:00,2,300.0,0.00045569999999999996,540.2483710858497,0.0008206372756794058,0.5402483710858498,1.0,0.7412484707874212,-0.024708282359580707,0.024708282359580707,1.6359999999999998e-07,1.636e-05,AUTO_CO2
28500,07:55:00,2,300.0,0.00045569999999999996,542.621561913303,0.0008242421525463073,0.542621561913303,1.0,0.7554963098816314,-0.025183210329387716,0.025183210329387716,1.6359999999999998e-07,1.636e-05,AUTO_CO2
28560,07:56:00,2,300.0,0.00045569999999999996,544.908864401313,0.0008277165650255944,0.544908864401313,1.0,0.7692286110854436,-0.02564095370284812,0.02564095370284812,1.6359999999999998e-07,1.636e-05,AUTO_CO2
28620,07:57:00,2,300.0,0.00045569999999999996,547.1123776009175,0.0008310637015757936,0.5471123776009175,1.0,0.7824579648270231,-0.02608193216090077,0.02608193216090077,1.6359999999999998e-07,1.636e-05,AUTO_CO2
28680,07:58:00,2,300.0,0.00045569999999999996,549.2342345680286,0.0008342868023088353,0.5492342345680286,1.0,0.7951971664930353,-0.026506572216434512,0.026506572216434512,1.6359999999999998e-07,1.636e-05,AUTO_CO2
28740,07:59:00,2,300.0,0.00045569999999999996,551.2765933883092,0.0008373891453568416,0.5512765933883091,1.0,0.8074591625154821,-0.026915305417182733,0.026915305417182733,1.6359999999999998e-07,1.636e-05,AUTO_CO2
28800,08:00:00,8,300.0,0.00045569999999999996,553.5108849142671,0.0008407830341847716,0.553510884914267,1.0,0.8192570001950368,-0.027308566673167892,0.027308566673167892,6.543999999999999e-07,6.544e-05,AUTO_CO2
28860,08:01:00,8,300.0,0.00045569999999999996,571.2294953808579,0.0008676976034835231,0.5712294953808579,1.0,0.925640912384817,-0.030854697079493905,0.030854697079493905,6.543999999999999e-07,6.544e-05,AUTO_CO2
28920,08:02:00,8,300.0,0.00045569999999999996,588.2101500540335,0.0008934912179320768,0.5882101500540335,1.0,1.0275999854190037,-0.034253332847300116,0.034253332847300116,6.543999999999999e-07,6.544e-05,AUTO_CO2
28980,08:03:00,8,300.0,0.00045569999999999996,604.4283631409327,0.0009181266836110766,0.6044283631409326,1.0,1.124986431510763,-0.03749954771702543,0.03749954771702543,6.543999999999999e-07,6.544e-05,AUTO_CO2
29040,08:04:00,8,300.0,0.00045569999999999996,619.8681547587465,0.0009415797270785361,0.6198681547587466,1.0,1.2177035449486757,-0.040590118164955856,0.040590118164955856,6.543999999999999e-07,6.544e-05,AUTO_CO2
29100,08:05:00,8,300.0,0.00045569999999999996,634.5215140568882,0.0009638381798524133,0.6345215140568883,1.0,1.3057024941665105,-0.04352341647221702,0.04352341647221702,6.543999999999999e-07,6.544e-05,AUTO_CO2
29160,08:06:00,8,300.0,0.00045569999999999996,648.3877468569108,0.0009849009874756474,0.6483877468569108,1.0,1.3889784174074844,-0.046299280580249486,0.046299280580249486,6.543999999999999e-07,6.544e-05,AUTO_CO2
29220,08:07:00,8,300.0,0.00045569999999999996,661.4727424283125,0.0010047770957486066,0.6614727424283124,1.0,1.4675660298182667,-0.048918867660608885,0.048918867660608885,6.543999999999999e-07,6.544e-05,AUTO_CO2
29280,08:08:00,8,300.0,0.00045569999999999996,673.7881919693381,0.0010234842636014244,0.673788191969338,1.0,1.5415349376609875,-0.05138449792203291,0.05138449792203291,6.543999999999999e-07,6.544e-05,AUTO_CO2
29340,08:09:00,8,300.0,0.00045569999999999996,685.3507880661034,0.001041047847072411,0.6853507880661034,1.0,1.6109848356597167,-0.053699494521990555,0.053699494521990555,6.543999999999999e-07,6.544e-05,AUTO_CO2
29400,08:10:00,8,300.0,0.00045569999999999996,696.1814302973266,0.001057499592621639,0.6961814302973266,1.0,1.6760407389220795,-0.055868024630735987,0.055868024630735987,6.543999999999999e-07,6.544e-05,AUTO_CO2
29460,08:11:00,8,300.0,0.00045569999999999996,706.3044576368028,0.0010728764711503034,0.7063044576368028,1.0,1.7368483738087976,-0.05789494579362659,0.05789494579362659,6.543999999999999e-07,6.544e-05,AUTO_CO2
29520,08:12:00,8,300.0,0.00045569999999999996,715.7469237223133,0.001087219577134194,0.7157469237223133,1.0,1.7935698246156755,-0.059785660820522515,0.059785660820522515,6.543999999999999e-07,6.544e-05,AUTO_CO2
29580,08:13:00,8,300.0,0.00045569999999999996,724.5379266754361,0.0011005731106199874,0.7245379266754362,1.0,1.8463795065966333,-0.0615459835532211,0.0615459835532211,6.543999999999999e-07,6.544e-05,AUTO_CO2
29640,08:14:00,8,300.0,0.00045569999999999996,732.7080011631004,0.0011129834537667496,0.7327080011631004,1.0,1.8954605118485288,-0.06318201706161762,0.06318201706161762,6.543999999999999e-07,6.544e-05,AUTO_CO2
29700,08:15:00,8,300.0,0.00045569999999999996,740.2885769089536,0.0011244983483247005,0.7402885769089536,1.0,1.9410013536269943,-0.06470004512089982,0.06470004512089982,6.543999999999999e-07,6.544e-05,AUTO_CO2
29760,08:16:00,8,300.0,0.00045569999999999996,747.311504949522,0.001135166176018324,0.747311504949522,1.0,1.9831931171258173,-0.06610643723752724,0.06610643723752724,6.543999999999999e-07,6.544e-05,AUTO_CO2
29820,08:17:00,8,300.0,0.00045569999999999996,753.8086505964257,0.0011450353402559705,0.7538086505964257,1.0,2.022227010692921,-0.06740756702309737,0.06740756702309737,6.543999999999999e-07,6.544e-05,AUTO_CO2
29880,08:18:00,8,300.0,0.00045569999999999996,759.8115502848771,0.0011541537448827282,0.759811550284877,1.0,2.058292300716805,-0.06860974335722683,0.06860974335722683,6.543999999999999e-07,6.544e-05,AUTO_CO2
29940,08:19:00,8,300.0,0.00045569999999999996,765.3511282092226,0.001162568363749809,0.7653511282092226,1.0,2.091574605693288,-0.0697191535231096,0.0697191535231096,6.543999999999999e-07,6.544e-05,AUTO_CO2
30000,08:20:00,8,300.0,0.00045569999999999996,770.4574678031291,0.0011703248935929533,0.7704574678031292,1.0,2.122254519883371,-0.07074181732944569,0.07074181732944569,6.543999999999999e-07,6.544e-05,AUTO_CO2
30060,08:21:00,8,300.0,0.00045569999999999996,775.1596326439625,0.001177467481986179,0.7751596326439625,1.0,2.1505065340716634,-0.07168355113572213,0.07168355113572213,6.543999999999999e-07,6.544e-05,AUTO_CO2
30120,08:22:00,8,300.0,0.00045569999999999996,779.4855311769976,0.0011840385218578593,0.7794855311769976,1.0,2.1764982198053575,-0.07254994066017857,0.07254994066017857,6.543999999999999e-07,6.544e-05,AUTO_CO2
30180,08:23:00,8,300.0,0.00045569999999999996,783.4618196988747,0.0011900785041225907,0.7834618196988747,1.0,2.2003896437366763,-0.0733463214578892,0.0733463214578892,6.543999999999999e-07,6.544e-05,AUTO_CO2
30240,08:24:00,8,300.0,0.00045569999999999996,787.1138382517056,0.0011956259203043406,0.7871138382517056,1.0,2.2223329799494547,-0.07407776599831516,0.07407776599831516,6.543999999999999e-07,6.544e-05,AUTO_CO2
30300,08:25:00,8,300.0,0.00045569999999999996,790.4655744083552,0.0012007172075262915,0.7904655744083552,1.0,2.24247229011582,-0.074749076337194,0.074749076337194,6.543999999999999e-07,6.544e-05,AUTO_CO2
30360,08:26:00,8,300.0,0.00045569999999999996,793.5396503333641,0.00120538672885638,0.793539650333364,1.0,2.2609434437468243,-0.07536478145822748,0.07536478145822748,6.543999999999999e-07,6.544e-05,AUTO_CO2
30420,08:27:00,8,300.0,0.00045569999999999996,796.3573289487379,0.0012096667826731328,0.7963573289487379,1.0,2.2778741534668496,-0.07592913844889498,0.07592913844889498,6.543999999999999e-07,6.544e-05,AUTO_CO2
30480,08:28:00,8,300.0,0.00045569999999999996,798.9385354931101,0.0012135876354140342,0.7989385354931101,1.0,2.2933841029968383,-0.07644613676656127,0.07644613676656127,6.543999999999999e-07,6.544e-05,AUTO_CO2
30540,08:29:00,8,300.0,0.00045569999999999996,801.3018912169944,0.0012171775727586145,0.8013018912169944,1.0,2.3075851482579948,-0.07691950494193314,0.07691950494193314,6.543999999999999e-07,6.544e-05,AUTO_CO2
30600,08:30:00,8,300.0,0.00045569999999999996,803.4647563920764,0.001220462964959564,0.8034647563920764,1.0,2.320581574621394,-0.07735271915404646,0.07735271915404646,6.543999999999999e-07,6.544e-05,AUTO_CO2
30660,08:31:00,8,300.0,0.00045569999999999996,805.4432802193844,0.0012234683426532449,0.8054432802193844,1.0,2.332470395773435,-0.07774901319244784,0.07774901319244784,6.543999999999999e-07,6.544e-05,AUTO_CO2
30720,08:32:00,8,300.0,0.00045569999999999996,807.2524555941742,0.0012262164800475506,0.8072524555941742,1.0,2.3433416819086474,-0.07811138939695492,0.07811138939695492,6.543999999999999e-07,6.544e-05,AUTO_CO2
30780,08:33:00,8,300.0,0.00045569999999999996,808.9061770216333,0.001228728482895861,0.8089061770216334,1.0,2.353278906982689,-0.0784426302327563,0.0784426302327563,6.543999999999999e-07,6.544e-05,AUTO_CO2
30840,08:34:00,8,300.0,0.00045569999999999996,810.417300276377,0.0012310238791198166,0.8104173002763769,1.0,2.3623593065552946,-0.0787453102185098,0.0787453102185098,6.543999999999999e-07,6.544e-05,AUTO_CO2
30900,08:35:00,8,300.0,0.00045569999999999996,811.7977026610461,0.001233120710342129,0.8117977026610461,1.0,2.370654239330568,-0.07902180797768558,0.07902180797768558,6.543999999999999e-07,6.544e-05,AUTO_CO2
30960,08:36:00,8,300.0,0.00045569999999999996,813.0583429469382,0.001235035622936399,0.8130583429469382,1.0,2.378229546871041,-0.0792743182290347,0.0792743182290347,6.543999999999999e-07,6.544e-05,AUTO_CO2
31020,08:37:00,8,300.0,0.00045569999999999996,814.2093202750535,0.0012367839574978063,0.8142093202750535,1.0,2.385145907137764,-0.07950486357125881,0.07950486357125881,6.543999999999999e-07,6.544e-05,AUTO_CO2
31080,08:38:00,8,300.0,0.00045569999999999996,815.259931462092,0.0012383798358909179,0.8152599314620921,1.0,2.3914591785083545,-0.07971530595027848,0.07971530595027848,6.543999999999999e-07,6.544e-05,AUTO_CO2
31140,08:39:00,8,300.0,0.00045569999999999996,816.2187262957993,0.0012398362452433192,0.8162187262957994,1.0,2.3972207317666046,-0.07990735772555348,0.07990735772555348,6.543999999999999e-07,6.544e-05,AUTO_CO2
31200,08:40:00,8,300.0,0.00045569999999999996,817.0935605206561,0.0012411651184308765,0.8170935605206561,1.0,2.402477768258998,-0.08008259227529993,0.08008259227529993,6.543999999999999e-07,6.544e-05,AUTO_CO2
31260,08:41:00,8,300.0,0.00045569999999999996,817.8916463111232,0.001242377410746596,0.8178916463111232,1.0,2.4072736229927147,-0.08024245409975715,0.08024245409975715,6.543999999999999e-07,6.544e-05,AUTO_CO2
31320,08:42:00,8,300.0,0.00045569999999999996,818.6196001082302,0.0012434831725644017,0.8186196001082302,1.0,2.4116480519227563,-0.0803882683974252,0.0803882683974252,6.543999999999999e-07,6.544e-05,AUTO_CO2
31380,08:43:00,8,300.0,0.00045569999999999996,819.2834877586831,0.0012444916179054396,0.8192834877586831,1.0,2.4156375030575936,-0.08052125010191978,0.08052125010191978,6.543999999999999e-07,6.544e-05,AUTO_CO2
31440,08:44:00,8,300.0,0.00045569999999999996,819.8888669461688,0.0012454111888912304,0.8198888669461688,1.0,2.419275371316914,-0.08064251237723047,0.08064251237723047,6.543999999999999e-07,6.544e-05,AUTO_CO2
31500,08:45:00,8,300.0,0.00045569999999999996,820.4408269441044,0.0012462496161280946,0.8204408269441044,1.0,2.4225922373134807,-0.08075307457711603,0.08075307457711603,6.543999999999999e-07,6.544e-05,AUTO_CO2
31560,08:46:00,8,300.0,0.00045569999999999996,820.9440257495363,0.0012470139751135456,0.8209440257495363,1.0,2.425616090414671,-0.08085386968048903,0.08085386968048903,6.543999999999999e-07,6.544e-05,AUTO_CO2
31620,08:47:00,8,300.0,0.00045569999999999996,821.4027246807443,0.0012477107387900506,0.8214027246807443,1.0,2.4283725365770956,-0.08094575121923653,0.08094575121923653,6.543999999999999e-07,6.544e-05,AUTO_CO2
31680,08:48:00,8,300.0,0.00045569999999999996,821.8208205376702,0.0012483458263967211,0.8218208205376702,1.0,2.4308849915475985,-0.08102949971825328,0.08102949971825328,6.543999999999999e-07,6.544e-05,AUTO_CO2
31740,08:49:00,8,300.0,0.00045569999999999996,822.2018754357845,0.0012489246487869567,0.8222018754357845,1.0,2.4331748600934064,-0.08110582866978021,0.08110582866978021,6.543999999999999e-07,6.544e-05,AUTO_CO2
31800,08:50:00,8,300.0,0.00045569999999999996,822.5491444312928,0.0012494521503911336,0.8225491444312928,1.0,2.435261701968288,-0.0811753900656096,0.0811753900656096,6.543999999999999e-07,6.544e-05,AUTO_CO2
31860,08:51:00,8,300.0,0.00045569999999999996,822.8656010595889,0.0012499328480095155,0.822865601059589,1.0,2.4371633853458876,-0.08123877951152958,0.08123877951152958,6.543999999999999e-07,6.544e-05,AUTO_CO2
31920,08:52:00,8,300.0,0.00045569999999999996,823.1539609102102,0.0012503708666226092,0.8231539609102102,1.0,2.438896228459755,-0.0812965409486585,0.0812965409486585,6.543999999999999e-07,6.544e-05,AUTO_CO2
31980,08:53:00,8,300.0,0.00045569999999999996,823.4167033608366,0.0012507699724051105,0.8234167033608365,1.0,2.440475130185476,-0.08134917100618252,0.08134917100618252,6.543999999999999e-07,6.544e-05,AUTO_CO2
32040,08:54:00,8,300.0,0.00045569999999999996,823.6560915906102,0.001251133603126137,0.8236560915906103,1.0,2.441913690286848,-0.0813971230095616,0.0813971230095616,6.543999999999999e-07,6.544e-05,AUTO_CO2
32100,08:55:00,8,300.0,0.00045569999999999996,823.8741909895681,0.0012514648961131538,0.823874190989568,1.0,2.4432243200272565,-0.08144081066757522,0.08144081066757522,6.543999999999999e-07,6.544e-05,AUTO_CO2
32160,08:56:00,8,300.0,0.00045569999999999996,824.072886076633,0.0012517667139504056,0.8240728860766331,1.0,2.444418343821395,-0.08148061146071317,0.08148061146071317,6.543999999999999e-07,6.544e-05,AUTO_CO2
32220,08:57:00,8,300.0,0.00045569999999999996,824.2538960337041,0.0012520416680751965,0.8242538960337041,1.0,2.445506092573078,-0.08151686975243592,0.08151686975243592,6.543999999999999e-07,6.544e-05,AUTO_CO2
32280,08:58:00,8,300.0,0.00045569999999999996,824.4187889580162,0.0012522921404272266,0.8244187889580162,1.0,2.4464969893127355,-0.08154989964375785,0.08154989964375785,6.543999999999999e-07,6.544e-05,AUTO_CO2
32340,08:59:00,8,300.0,0.00045569999999999996,824.568994929411,0.0012525203032977754,0.824568994929411,1.0,2.4473996277149666,-0.08157998759049889,0.08157998759049889,6.543999999999999e-07,6.544e-05,AUTO_CO2
32400,09:00:00,8,300.0,0.00045569999999999996,824.705817983506,0.0012527281375169456,0.824705817983506,1.0,2.4482218440426853,-0.08160739480142284,0.08160739480142284,6.543999999999999e-07,6.544e-05,AUTO_CO2
32460,09:01:00,8,300.0,0.00045569999999999996,824.8304470761083,0.0012529174491086085,0.8248304470761083,1.0,2.4489707830304615,-0.08163235943434871,0.08163235943434871,6.543999999999999e-07,6.544e-05,AUTO_CO2
32520,09:02:00,8,300.0,0.00045569999999999996,824.9439661186794,0.0012530898845342742,0.8249439661186795,1.0,2.4496529581864497,-0.08165509860621498,0.08165509860621498,6.543999999999999e-07,6.544e-05,AUTO_CO2
32580,09:03:00,8,300.0,0.00045569999999999996,825.0473631592686,0.0012532469446389289,0.8250473631592685,1.0,2.450274306959967,-0.0816758102319989,0.0816758102319989,6.543999999999999e-07,6.544e-05,AUTO_CO2
32640,09:04:00,8,300.0,0.00045569999999999996,825.1415387781057,0.0012533899974039426,0.8251415387781057,1.0,2.4508402411903374,-0.08169467470634457,0.08169467470634457,6.543999999999999e-07,6.544e-05,AUTO_CO2
32700,09:05:00,8,300.0,0.00045569999999999996,825.2273137620996,0.0012535202896046293,0.8252273137620996,1.0,2.4513556932229905,-0.08171185644076634,0.08171185644076634,6.543999999999999e-07,6.544e-05,AUTO_CO2
32760,09:06:00,8,300.0,0.00045569999999999996,825.3054361177249,0.0012536389574628241,0.8253054361177249,1.0,2.451825158050168,-0.08172750526833893,0.08172750526833893,6.543999999999999e-07,6.544e-05,AUTO_CO2
32820,09:07:00,8,300.0,0.00045569999999999996,825.3765874773088,0.001253747036378032,0.8253765874773088,1.0,2.4522527318067358,-0.08174175772689118,0.08174175772689118,6.543999999999999e-07,6.544e-05,AUTO_CO2
32880,09:08:00,8,300.0,0.00045569999999999996,825.4413889495129,0.00125384546981431,0.8254413889495129,1.0,2.4526421469262965,-0.08175473823087655,0.08175473823087655,6.543999999999999e-07,6.544e-05,AUTO_CO2
32940,09:09:00,8,300.0,0.00045569999999999996,825.500406460841,0.0012539351174140174,0.825500406460841,1.0,2.4529968042389445,-0.08176656014129814,0.08176656014129814,6.543999999999999e-07,6.544e-05,AUTO_CO2
33000,09:10:00,8,300.0,0.00045569999999999996,825.5541556312913,0.0012540167624039314,0.8255541556312913,1.0,2.453319802269764,-0.08177732674232546,0.08177732674232546,6.543999999999999e-07,6.544e-05,AUTO_CO2
33060,09:11:00,8,300.0,0.00045569999999999996,825.603106223841,0.0012540911183540145,0.825603106223841,1.0,2.453613963976508,-0.08178713213255027,0.08178713213255027,6.543999999999999e-07,6.544e-05,AUTO_CO2
33120,09:12:00,8,300.0,0.00045569999999999996,825.6476862042044,0.0012541588353441866,0.8256476862042045,1.0,2.453881861145428,-0.08179606203818092,0.08179606203818092,6.543999999999999e-07,6.544e-05,AUTO_CO2
33180,09:13:00,8,300.0,0.00045569999999999996,825.6882854443558,0.0012542205055899765,0.8256882854443558,1.0,2.4541258366464715,-0.08180419455488237,0.08180419455488237,6.543999999999999e-07,6.544e-05,AUTO_CO2
33240,09:14:00,8,300.0,0.00045569999999999996,825.7252591005281,0.0012542766685737022,0.8257252591005281,1.0,2.4543480247324134,-0.08181160082441379,0.08181160082441379,6.543999999999999e-07,6.544e-05,AUTO_CO2
33300,09:15:00,8,300.0,0.00045569999999999996,825.7589306938454,0.0012543278157239512,0.8257589306938454,1.0,2.454550369551076,-0.08181834565170254,0.08181834565170254,6.543999999999999e-07,6.544e-05,AUTO_CO2
33360,09:16:00,8,300.0,0.00045569999999999996,825.7895949193961,0.0012543743946825626,0.8257895949193961,1.0,2.454734642025721,-0.08182448806752403,0.08182448806752403,6.543999999999999e-07,6.544e-05,AUTO_CO2
33420,09:17:00,8,300.0,0.00045569999999999996,825.8175202073729,0.0012544168131949994,0.8258175202073729,1.0,2.4549024552456,-0.08183008184151999,0.08183008184151999,6.543999999999999e-07,6.544e-05,AUTO_CO2
33480,09:18:00,8,300.0,0.00045569999999999996,825.8429510579055,0.0012544554426569584,0.8258429510579055,1.0,2.4550552784965674,-0.08183517594988558,0.08183517594988558,6.543999999999999e-07,6.544e-05,AUTO_CO2
33540,09:19:00,8,300.0,0.00045569999999999996,825.8661101693705,0.0012544906213472738,0.8258661101693705,1.0,2.4551944500506835,-0.08183981500168945,0.08183981500168945,6.543999999999999e-07,6.544e-05,AUTO_CO2
33600,09:20:00,8,300.0,0.00045569999999999996,825.8872003782669,0.0012545226573745874,0.8258872003782669,1.0,2.455321188823469,-0.08184403962744896,0.08184403962744896,6.543999999999999e-07,6.544e-05,AUTO_CO2
33660,09:21:00,8,300.0,0.00045569999999999996,825.906406427197,0.0012545518313629123,0.825906406427197,1.0,2.4554366049982175,-0.08184788683327392,0.08184788683327392,6.543999999999999e-07,6.544e-05,AUTO_CO2
33720,09:22:00,8,300.0,0.00045569999999999996,825.9238965760632,0.0012545783988990398,0.8259238965760631,1.0,2.4555417097081493,-0.08185139032360497,0.08185139032360497,6.543999999999999e-07,6.544e-05,AUTO_CO2
33780,09:23:00,8,300.0,0.00045569999999999996,825.9398240702777,0.001254602592762752,0.8259398240702778,1.0,2.45563742385934,-0.08185458079531134,0.08185458079531134,6.543999999999999e-07,6.544e-05,AUTO_CO2
33840,09:24:00,8,300.0,0.00045569999999999996,825.9543284785997,0.001254624624958993,0.8259543284785997,1.0,2.455724586170182,-0.08185748620567274,0.08185748620567274,6.543999999999999e-07,6.544e-05,AUTO_CO2
33900,09:25:00,8,300.0,0.00045569999999999996,825.9675369121007,0.001254644688569481,0.8259675369121008,1.0,2.4558039604965485,-0.08186013201655161,0.08186013201655161,6.543999999999999e-07,6.544e-05,AUTO_CO2
33960,09:26:00,8,300.0,0.00045569999999999996,825.9795651347653,0.0012546629594397084,0.8259795651347652,1.0,2.455876242505736,-0.08186254141685786,0.08186254141685786,6.543999999999999e-07,6.544e-05,AUTO_CO2
34020,09:27:00,8,300.0,0.00045569999999999996,825.9905185753144,0.0012546795977159025,0.8259905185753144,1.0,2.455942065756843,-0.08186473552522809,0.08186473552522809,6.543999999999999e-07,6.544e-05,AUTO_CO2
34080,09:28:00,8,300.0,0.00045569999999999996,826.0004932489944,0.0012546947492452225,0.8260004932489944,1.0,2.4560020072401043,-0.08186673357467013,0.08186673357467013,6.543999999999999e-07,6.544e-05,AUTO_CO2
34140,09:29:00,8,300.0,0.00045569999999999996,826.009576597312,0.0012547085468513168,0.826009576597312,1.0,2.456056592423134,-0.08186855308077112,0.08186855308077112,6.543999999999999e-07,6.544e-05,AUTO_CO2
34200,09:30:00,8,300.0,0.00045569999999999996,826.0178482529919,0.0012547211114962947,0.826017848252992,1.0,2.456106299847815,-0.08187020999492717,0.08187020999492717,6.543999999999999e-07,6.544e-05,AUTO_CO2
34260,09:31:00,8,300.0,0.00045569999999999996,826.0253807367933,0.001254732553339189,0.8260253807367933,1.0,2.456151565317704,-0.08187171884392347,0.08187171884392347,6.543999999999999e-07,6.544e-05,AUTO_CO2
34320,09:32:00,8,300.0,0.00045569999999999996,826.0322400922383,0.00125474297270011,0.8260322400922383,1.0,2.456192785712332,-0.08187309285707772,0.08187309285707772,6.543999999999999e-07,6.544e-05,AUTO_CO2
34380,09:33:00,8,300.0,0.00045569999999999996,826.0384864637616,0.001254752460938454,0.8260384864637617,1.0,2.4562303224615043,-0.08187434408205015,0.08187434408205015,6.543999999999999e-07,6.544e-05,AUTO_CO2
34440,09:34:00,8,300.0,0.00045569999999999996,826.0441746233262,0.0012547611012528324,0.8260441746233261,1.0,2.4562645047099174,-0.0818754834903306,0.0818754834903306,6.543999999999999e-07,6.544e-05,AUTO_CO2
34500,09:35:00,8,300.0,0.00045569999999999996,826.0493544500723,0.0012547689694096598,0.8260493544500723,1.0,2.4562956321995344,-0.08187652107331782,0.08187652107331782,6.543999999999999e-07,6.544e-05,AUTO_CO2
34560,09:36:00,8,300.0,0.00045569999999999996,826.05407136719,0.0012547761344067615,0.82605407136719,1.0,2.4563239778949084,-0.08187746592983028,0.08187746592983028,6.543999999999999e-07,6.544e-05,AUTO_CO2
34620,09:37:00,8,300.0,0.00045569999999999996,826.0583667398184,0.0012547826590777842,0.8260583667398185,1.0,2.456349790374299,-0.08187832634580995,0.08187832634580995,6.543999999999999e-07,6.544e-05,AUTO_CO2
34680,09:38:00,8,300.0,0.00045569999999999996,826.0622782374444,0.001254788600642678,0.8260622782374444,1.0,2.4563732960074454,-0.08187910986691484,0.08187910986691484,6.543999999999999e-07,6.544e-05,AUTO_CO2
34740,09:39:00,8,300.0,0.00045569999999999996,826.0658401639606,0.001254794011209056,0.8260658401639606,1.0,2.4563947009390197,-0.08187982336463398,0.08187982336463398,6.543999999999999e-07,6.544e-05,AUTO_CO2
34800,09:40:00,8,300.0,0.00045569999999999996,826.0690837582692,0.001254798938228811,0.8260690837582693,1.0,2.4564141928950445,-0.08188047309650148,0.08188047309650148,6.543999999999999e-07,6.544e-05,AUTO_CO2
34860,09:41:00,8,300.0,0.00045569999999999996,826.0720374680488,0.001254803424913966,0.8260720374680488,1.0,2.456431942828067,-0.08188106476093557,0.08188106476093557,6.543999999999999e-07,6.544e-05,AUTO_CO2
34920,09:42:00,8,300.0,0.00045569999999999996,826.0747271990874,0.0012548075106154136,0.8260747271990874,1.0,2.456448106415487,-0.08188160354718291,0.08188160354718291,6.543999999999999e-07,6.544e-05,AUTO_CO2
34980,09:43:00,8,300.0,0.00045569999999999996,826.0771765423518,0.0012548112311678323,0.8260771765423518,1.0,2.4564628254240963,-0.08188209418080321,0.08188209418080321,6.543999999999999e-07,6.544e-05,AUTO_CO2
35040,09:44:00,8,300.0,0.00045569999999999996,826.0794069807824,0.0012548146192038084,0.8260794069807824,1.0,2.4564762289527886,-0.08188254096509295,0.08188254096509295,6.543999999999999e-07,6.544e-05,AUTO_CO2
35100,09:45:00,8,300.0,0.00045569999999999996,826.0814380776225,0.0012548177044399084,0.8260814380776225,1.0,2.4564884345642914,-0.08188294781880971,0.08188294781880971,6.543999999999999e-07,6.544e-05,AUTO_CO2
35160,09:46:00,8,300.0,0.00045569999999999996,826.0832876479295,0.0012548205139372049,0.8260832876479295,1.0,2.456499549315847,-0.08188331831052824,0.08188331831052824,6.543999999999999e-07,6.544e-05,AUTO_CO2
35220,09:47:00,8,300.0,0.00045569999999999996,826.0849719147662,0.0012548230723385299,0.8260849719147663,1.0,2.456509670697815,-0.08188365568992716,0.08188365568992716,6.543999999999999e-07,6.544e-05,AUTO_CO2
35280,09:48:00,8,300.0,0.00045569999999999996,826.0865056514434,0.0012548254020845425,0.8260865056514434,1.0,2.4565188874884636,-0.08188396291628212,0.08188396291628212,6.543999999999999e-07,6.544e-05,AUTO_CO2
35340,09:49:00,8,300.0,0.00045569999999999996,826.0879023110587,0.001254827523610498,0.8260879023110587,1.0,2.456527280532417,-0.0818842426844139,0.0818842426844139,6.543999999999999e-07,6.544e-05,AUTO_CO2
35400,09:50:00,8,300.0,0.00045569999999999996,826.0891741444591,0.0012548294555254334,0.8260891741444591,1.0,2.4565349234495333,-0.08188449744831776,0.08188449744831776,6.543999999999999e-07,6.544e-05,AUTO_CO2
35460,09:51:00,8,300.0,0.00045569999999999996,826.0903323076709,0.001254831214775352,0.8260903323076709,1.0,2.4565418832804893,-0.08188472944268296,0.08188472944268296,6.543999999999999e-07,6.544e-05,AUTO_CO2
35520,09:52:00,8,300.0,0.00045569999999999996,826.0913869597284,0.0012548328167918273,0.8260913869597284,1.0,2.4565482210746694,-0.08188494070248899,0.08188494070248899,6.543999999999999e-07,6.544e-05,AUTO_CO2
35580,09:53:00,8,300.0,0.00045569999999999996,826.0923473517662,0.0012548342756273328,0.8260923473517662,1.0,2.456553992425559,-0.08188513308085196,0.08188513308085196,6.543999999999999e-07,6.544e-05,AUTO_CO2
35640,09:54:00,8,300.0,0.00045569999999999996,826.0932219081486,0.0012548356040784777,0.8260932219081486,1.0,2.45655924795827,-0.08188530826527567,0.08188530826527567,6.543999999999999e-07,6.544e-05,AUTO_CO2
35700,09:55:00,8,300.0,0.00045569999999999996,826.0940183003523,0.0012548368137982352,0.8260940183003523,1.0,2.4565640337735397,-0.08188546779245133,0.08188546779245133,6.543999999999999e-07,6.544e-05,AUTO_CO2
35760,09:56:00,8,300.0,0.00045569999999999996,826.0947435142492,0.0012548379153981444,0.8260947435142492,1.0,2.456568391852051,-0.08188561306173503,0.08188561306173503,6.543999999999999e-07,6.544e-05,AUTO_CO2
35820,09:57:00,8,300.0,0.00045569999999999996,826.0954039113708,0.0012548389185413722,0.8260954039113708,1.0,2.4565723604225997,-0.08188574534741998,0.08188574534741998,6.543999999999999e-07,6.544e-05,AUTO_CO2
35880,09:58:00,8,300.0,0.00045569999999999996,826.0960052847071,0.00125483983202747,0.8260960052847071,1.0,2.456575974297399,-0.0818858658099133,0.0818858658099133,6.543999999999999e-07,6.544e-05,AUTO_CO2
35940,09:59:00,8,300.0,0.00045569999999999996,826.0965529095121,0.0012548406638695489,0.8260965529095121,1.0,2.4565792651774023,-0.08188597550591341,0.08188597550591341,6.543999999999999e-07,6.544e-05,AUTO_CO2
36000,10:00:00,12,300.0,0.00045569999999999996,826.2765556492662,0.0012551140880312354,0.8262765556492663,1.0,2.456582261930368,-0.08188607539767893,0.08188607539767893,9.816e-07,9.816e-05,AUTO_CO2
36060,10:01:00,12,300.0,0.00045569999999999996,836.5468054269753,0.0012707145974435756,0.8365468054269753,1.0,2.518301051410105,-0.08394336838033684,0.08394336838033684,9.816e-07,9.816e-05,AUTO_CO2
36120,10:02:00,12,300.0,0.00045569999999999996,845.8800245691872,0.0012848917573205954,0.8458800245691872,1.0,2.5743906189218535,-0.08581302063072845,0.08581302063072845,9.816e-07,9.816e-05,AUTO_CO2
36180,10:03:00,12,300.0,0.00045569999999999996,854.3458298828133,0.0012977513155919933,0.8543458298828133,1.0,2.6252688297250253,-0.08750896099083416,0.08750896099083416,9.816e-07,9.816e-05,AUTO_CO2
36240,10:04:00,12,300.0,0.00045569999999999996,862.0117972948907,0.001309395920090939,0.8620117972948907,1.0,2.6713413783962894,-0.08904471261320963,0.08904471261320963,9.816e-07,9.816e-05,AUTO_CO2
36300,10:05:00,12,300.0,0.00045569999999999996,868.9428179764117,0.0013199241405061693,0.8689428179764117,1.0,2.712997905942916,-0.09043326353143054,0.09043326353143054,9.816e-07,9.816e-05,AUTO_CO2
36360,10:06:00,12,300.0,0.00045569999999999996,875.2006366496583,0.001329429767070831,0.8752006366496583,1.0,2.7506092127931305,-0.09168697375977101,0.09168697375977101,9.816e-07,9.816e-05,AUTO_CO2
36420,10:07:00,12,300.0,0.00045569999999999996,880.8435445654255,0.0013380013441948815,0.8808435445654256,1.0,2.784525402512328,-0.09281751341707759,0.09281751341707759,9.816e-07,9.816e-05,AUTO_CO2
36480,10:08:00,12,300.0,0.00045569999999999996,885.9262009013709,0.0013457218991691823,0.8859262009013709,1.0,2.8150747985784443,-0.09383582661928148,0.09383582661928148,9.816e-07,9.816e-05,AUTO_CO2
36540,10:09:00,12,300.0,0.00045569999999999996,890.4995584270607,0.0013526688292507052,0.8904995584270607,1.0,2.8425634890523153,-0.09475211630174384,0.09475211630174384,9.816e-07,9.816e-05,AUTO_CO2
36600,10:10:00,12,300.0,0.00045569999999999996,894.6108718409677,0.00135891391432643,0.8946108718409677,1.0,2.8672753693052866,-0.09557584564350956,0.09557584564350956,9.816e-07,9.816e-05,AUTO_CO2
36660,10:11:00,12,300.0,0.00045569999999999996,898.303769935143,0.0013645234265314823,0.898303769935143,1.0,2.8894725694609926,-0.09631575231536642,0.09631575231536642,9.816e-07,9.816e-05,AUTO_CO2
36720,10:12:00,12,300.0,0.00045569999999999996,901.6183754880534,0.0013695583123663532,0.9016183754880535,1.0,2.909396169684751,-0.09697987232282504,0.09697987232282504,9.816e-07,9.816e-05,AUTO_CO2
36780,10:13:00,12,300.0,0.00045569999999999996,904.5914593935967,0.0013740744268188733,0.9045914593935966,1.0,2.9272671221176645,-0.09757557073725547,0.09757557073725547,9.816e-07,9.816e-05,AUTO_CO2
36840,10:14:00,12,300.0,0.00045569999999999996,907.2566179239984,0.0013781228026265536,0.9072566179239985,1.0,2.9432873126149968,-0.09810957708716656,0.09810957708716656,9.816e-07,9.816e-05,AUTO_CO2
36900,10:15:00,12,300.0,0.00045569999999999996,909.6444641539777,0.001381749941049892,0.9096444641539776,1.0,2.957640708253612,-0.09858802360845373,0.09858802360845373,9.816e-07,9.816e-05,AUTO_CO2
36960,10:16:00,12,300.0,0.00045569999999999996,911.782826428783,0.0013849981133453213,0.9117828264287829,1.0,2.970494547732062,-0.09901648492440207,0.09901648492440207,9.816e-07,9.816e-05,AUTO_CO2
37020,10:17:00,12,300.0,0.00045569999999999996,913.6969483438684,0.001387905664534336,0.9136969483438684,1.0,2.9820005413242043,-0.09940001804414013,0.09940001804414013,9.816e-07,9.816e-05,AUTO_CO2
37080,10:18:00,12,300.0,0.00045569999999999996,915.4096860353993,0.0013905073130877714,0.9154096860353993,1.0,2.9922960550601356,-0.09974320183533784,0.09974320183533784,9.816e-07,9.816e-05,AUTO_CO2
37140,10:19:00,12,300.0,0.00045569999999999996,916.9416996818586,0.001392834441816743,0.9169416996818586,1.0,3.0015052604364074,-0.10005017534788024,0.10005017534788024,9.816e-07,9.816e-05,AUTO_CO2
37200,10:20:00,12,300.0,0.00045569999999999996,918.3116370141745,0.001394915376624531,0.9183116370141745,1.0,3.0097402363594927,-0.1003246745453164,0.1003246745453164,9.816e-07,9.816e-05,AUTO_CO2
37260,10:21:00,12,300.0,0.00045569999999999996,919.5363073522506,0.0013967756508680685,0.9195363073522506,1.0,3.017102014365541,-0.10057006714551804,0.10057006714551804,9.816e-07,9.816e-05,AUTO_CO2
37320,10:22:00,12,300.0,0.00045569999999999996,920.630845255695,0.0013984382539434007,0.920630845255695,1.0,3.023681561592843,-0.10078938538642811,0.10078938538642811,9.816e-07,9.816e-05,AUTO_CO2
37380,10:23:00,12,300.0,0.00045569999999999996,921.6088633202095,0.0013999238633833982,0.9216088633202095,1.0,3.029560698656839,-0.10098535662189462,0.10098535662189462,9.816e-07,9.816e-05,AUTO_CO2
37440,10:24:00,12,300.0,0.00045569999999999996,922.4825939902183,0.0014012510602711417,0.9224825939902184,1.0,3.0348129516217712,-0.1011604317207257,0.1011604317207257,9.816e-07,9.816e-05,AUTO_CO2
37500,10:25:00,12,300.0,0.00045569999999999996,923.263020512018,0.0014024365281577553,0.923263020512018,1.0,3.03950433879291,-0.10131681129309701,0.10131681129309701,9.816e-07,9.816e-05,AUTO_CO2
37560,10:26:00,12,300.0,0.00045569999999999996,923.9599973363863,0.0014034952359539708,0.9239599973363863,1.0,3.0436940941674795,-0.10145646980558264,0.10145646980558264,9.816e-07,9.816e-05,AUTO_CO2
37620,10:27:00,12,300.0,0.00045569999999999996,924.5823604091921,0.001404440605461563,0.9245823604091922,1.0,3.0474353301648325,-0.10158117767216107,0.10158117767216107,9.816e-07,9.816e-05,AUTO_CO2
37680,10:28:00,12,300.0,0.00045569999999999996,925.1380278746867,0.001405284664341649,0.9251380278746867,1.0,3.0507756427772037,-0.10169252142590679,0.10169252142590679,9.816e-07,9.816e-05,AUTO_CO2
37740,10:29:00,12,300.0,0.00045569999999999996,925.6340917685013,0.0014060381853963535,0.9256340917685013,1.0,3.0537576625993124,-0.10179192208664375,0.10179192208664375,9.816e-07,9.816e-05,AUTO_CO2
37800,10:30:00,12,300.0,0.00045569999999999996,926.0769013037782,0.001406710813080439,0.9260769013037782,1.0,3.0564195553558084,-0.10188065184519361,0.10188065184519361,9.816e-07,9.816e-05,AUTO_CO2
37860,10:31:00,12,300.0,0.00045569999999999996,926.4721383607249,0.001407311178169941,0.926472138360725,1.0,3.0587954755884015,-0.10195984918628004,0.10195984918628004,9.816e-07,9.816e-05,AUTO_CO2
37920,10:32:00,12,300.0,0.00045569999999999996,926.8248857823057,0.0014078470015033223,0.9268248857823057,1.0,3.060915977120269,-0.10203053257067562,0.10203053257067562,9.816e-07,9.816e-05,AUTO_CO2
37980,10:33:00,12,300.0,0.00045569999999999996,927.1396890608216,0.0014083251876833881,0.9271396890608217,1.0,3.0628083838084823,-0.10209361279361608,0.10209361279361608,9.816e-07,9.816e-05,AUTO_CO2
38040,10:34:00,12,300.0,0.00045569999999999996,927.4206119750444,0.0014087519095900922,0.9274206119750443,1.0,3.06449712394516,-0.10214990413150533,0.10214990413150533,9.816e-07,9.816e-05,AUTO_CO2
38100,10:35:00,12,300.0,0.00045569999999999996,927.6712867077064,0.001409132684509006,0.9276712867077064,1.0,3.066004031489389,-0.10220013438297962,0.10220013438297962,9.816e-07,9.816e-05,AUTO_CO2
38160,10:36:00,12,300.0,0.00045569999999999996,927.894958940626,0.0014094724426308108,0.927894958940626,1.0,3.0673486171168403,-0.10224495390389467,0.10224495390389467,9.816e-07,9.816e-05,AUTO_CO2
38220,10:37:00,12,300.0,0.00045569999999999996,928.0945283907764,0.0014097755886255893,0.9280945283907764,1.0,3.0685483118704315,-0.10228494372901437,0.10228494372901437,9.816e-07,9.816e-05,AUTO_CO2
38280,10:38:00,12,300.0,0.00045569999999999996,928.2725852164755,0.0014100460569438263,0.9282725852164755,1.0,3.0696186859904557,-0.10232062286634852,0.10232062286634852,9.816e-07,9.816e-05,AUTO_CO2
38340,10:39:00,12,300.0,0.00045569999999999996,928.4314426892427,0.0014102873614449596,0.9284314426892426,1.0,3.070573645300766,-0.10235245484335886,0.10235245484335886,9.816e-07,9.816e-05,AUTO_CO2
38400,10:40:00,12,300.0,0.00045569999999999996,928.5731664943238,0.0014105026399048777,0.9285731664943238,1.0,3.071425607332248,-0.1023808535777416,0.1023808535777416,9.816e-07,9.816e-05,AUTO_CO2
38460,10:41:00,12,300.0,0.00045569999999999996,928.69960099185,0.0014106946939066202,0.92869960099185,1.0,3.0721856591783436,-0.10240618863927811,0.10240618863927811,9.816e-07,9.816e-05,AUTO_CO2
38520,10:42:00,12,300.0,0.00045569999999999996,928.8123927412506,0.0014108660245739596,0.9288123927412506,1.0,3.072863698901239,-0.10242878996337464,0.10242878996337464,9.816e-07,9.816e-05,AUTO_CO2
38580,10:43:00,12,300.0,0.00045569999999999996,928.9130115640621,0.0014110188645658104,0.9289130115640621,1.0,3.0734685621421973,-0.10244895207140657,0.10244895207140657,9.816e-07,9.816e-05,AUTO_CO2
38640,10:44:00,12,300.0,0.00045569999999999996,929.0027693947333,0.0014111552067105997,0.9290027693947333,1.0,3.0740081354361006,-0.10246693784787002,0.10246693784787002,9.816e-07,9.816e-05,AUTO_CO2
38700,10:45:00,12,300.0,0.00045569999999999996,929.0828371453584,0.0014112768296237995,0.9290828371453584,1.0,3.074489457588074,-0.10248298191960245,0.10248298191960245,9.816e-07,9.816e-05,AUTO_CO2
38760,10:46:00,12,300.0,0.00045569999999999996,929.1542597885447,0.0014113853206187993,0.9291542597885447,1.0,3.0749188103394927,-0.10249729367798308,0.10249729367798308,9.816e-07,9.816e-05,AUTO_CO2
38820,10:47:00,12,300.0,0.00045569999999999996,929.2179698426528,0.0014114820961909896,0.9292179698426528,1.0,3.0753017994307434,-0.10251005998102479,0.10251005998102479,9.816e-07,9.816e-05,AUTO_CO2
38880,10:48:00,12,300.0,0.00045569999999999996,929.2747994254497,0.001411568420327258,0.9292747994254497,1.0,3.0756434270586825,-0.10252144756862275,0.10252144756862275,9.816e-07,9.816e-05,AUTO_CO2
38940,10:49:00,12,300.0,0.00045569999999999996,929.3254910256026,0.0014116454208678902,0.9293254910256026,1.0,3.075948156626973,-0.1025316052208991,0.1025316052208991,9.816e-07,9.816e-05,AUTO_CO2
39000,10:50:00,12,300.0,0.00045569999999999996,929.3707071263804,0.0014117141041249718,0.9293707071263804,1.0,3.076219970596924,-0.10254066568656414,0.10254066568656414,9.816e-07,9.816e-05,AUTO_CO2
39060,10:51:00,12,300.0,0.00045569999999999996,929.4110388022676,0.0014117753679406444,0.9294110388022676,1.0,3.076462422164355,-0.1025487474054785,0.1025487474054785,9.816e-07,9.816e-05,AUTO_CO2
39120,10:52:00,12,300.0,0.00045569999999999996,929.4470133968173,0.0014118300133497653,0.9294470133968172,1.0,3.076678681413639,-0.1025559560471213,0.1025559560471213,9.816e-07,9.816e-05,AUTO_CO2
39180,10:53:00,12,300.0,0.00045569999999999996,929.479101378934,0.0014118787549946008,0.9294791013789341,1.0,3.0768715765331165,-0.10256238588443722,0.10256238588443722,9.816e-07,9.816e-05,AUTO_CO2
39240,10:54:00,12,300.0,0.00045569999999999996,929.5077224646778,0.0014119222304238455,0.9295077224646778,1.0,3.077043630615381,-0.1025681210205127,0.1025681210205127,9.816e-07,9.816e-05,AUTO_CO2
39300,10:55:00,12,300.0,0.00045569999999999996,929.5332510826329,0.0014119610083945192,0.9295332510826328,1.0,3.0771970945115807,-0.10257323648371935,0.10257323648371935,9.816e-07,9.816e-05,AUTO_CO2
39360,10:56:00,12,300.0,0.00045569999999999996,929.5560212527191,0.0014119955962828802,0.9295560212527191,1.0,3.077333976159739,-0.10257779920532463,0.10257779920532463,9.816e-07,9.816e-05,AUTO_CO2
39420,10:57:00,12,300.0,0.00045569999999999996,929.5763309409898,0.0014120264466993635,0.9295763309409898,1.0,3.0774560667631006,-0.10258186889210334,0.10258186889210334,9.816e-07,9.816e-05,AUTO_CO2
39480,10:58:00,12,300.0,0.00045569999999999996,929.5944459463759,0.001412053963392545,0.9295944459463759,1.0,3.0775649641548366,-0.10258549880516121,0.10258549880516121,9.816e-07,9.816e-05,AUTO_CO2
39540,10:59:00,12,300.0,0.00045569999999999996,929.6106033694168,0.001412078506518144,0.9296106033694168,1.0,3.0776620936499555,-0.10258873645499851,0.10258873645499851,9.816e-07,9.816e-05,AUTO_CO2
39600,11:00:00,12,300.0,0.00045569999999999996,929.6250147077451,0.0014121003973410647,0.9296250147077451,1.0,3.0777487266534886,-0.10259162422178296,0.10259162422178296,9.816e-07,9.816e-05,AUTO_CO2
39660,11:01:00,12,300.0,0.00045569999999999996,929.637868618314,0.001412119922431219,0.929637868618314,1.0,3.0778259972653617,-0.10259419990884538,0.10259419990884538,9.816e-07,9.816e-05,AUTO_CO2
39720,11:02:00,12,300.0,0.00045569999999999996,929.6493333821163,0.0014121373374074346,0.9296493333821163,1.0,3.077894917096823,-0.10259649723656075,0.10259649723656075,9.816e-07,9.816e-05,AUTO_CO2
39780,11:03:00,12,300.0,0.00045569999999999996,929.6595591033416,0.0014121528702779758,0.9296595591033416,1.0,3.07795638849049,-0.10259854628301633,0.10259854628301633,9.816e-07,9.816e-05,AUTO_CO2
39840,11:04:00,12,300.0,0.00045569999999999996,929.6686796714974,0.0014121667244210046,0.9296686796714975,1.0,3.0780112163154785,-0.10260037387718261,0.10260037387718261,9.816e-07,9.816e-05,AUTO_CO2
39900,11:05:00,12,300.0,0.00045569999999999996,929.676814511979,0.0014121790812436962,0.929676814511979,1.0,3.0780601184908125,-0.10260200394969374,0.10260200394969374,9.816e-07,9.816e-05,AUTO_CO2
39960,11:06:00,12,300.0,0.00045569999999999996,929.684070147848,0.0014121901025545812,0.929684070147848,1.0,3.0781037353739436,-0.10260345784579812,0.10260345784579812,9.816e-07,9.816e-05,AUTO_CO2
40020,11:07:00,12,300.0,0.00045569999999999996,929.6905415931335,0.0014121999326799698,0.9296905415931335,1.0,3.0781426381364687,-0.10260475460454895,0.10260475460454895,9.816e-07,9.816e-05,AUTO_CO2
40080,11:08:00,12,300.0,0.00045569999999999996,929.6963135958038,0.0014122087003520258,0.9296963135958037,1.0,3.078177336236176,-0.10260591120787252,0.10260591120787252,9.816e-07,9.816e-05,AUTO_CO2
40140,11:09:00,12,300.0,0.00045569999999999996,929.7014617465944,0.001412216520393077,0.9297014617465944,1.0,3.0782082840826903,-0.10260694280275634,0.10260694280275634,9.816e-07,9.816e-05,AUTO_CO2
40200,11:10:00,12,300.0,0.00045569999999999996,929.7060534681601,0.0014122234952181352,0.9297060534681602,1.0,3.0782358869836814,-0.10260786289945605,0.10260786289945605,9.816e-07,9.816e-05,AUTO_CO2
40260,11:11:00,12,300.0,0.00045569999999999996,929.710148897438,0.0014122297161752082,0.929710148897438,1.0,3.0782605064491477,-0.10260868354830491,0.10260868354830491,9.816e-07,9.816e-05,AUTO_CO2
40320,11:12:00,12,300.0,0.00045569999999999996,929.7138016727481,0.0014122352647409043,0.9297138016727481,1.0,3.0782824649230136,-0.10260941549743377,0.10260941549743377,9.816e-07,9.816e-05,AUTO_CO2
40380,11:13:00,12,300.0,0.00045569999999999996,929.717059635897,0.0014122402135869276,0.929717059635897,1.0,3.078302050003786,-0.10261006833345954,0.10261006833345954,9.816e-07,9.816e-05,AUTO_CO2
40440,11:14:00,12,300.0,0.00045569999999999996,929.719965458465,0.0014122446275314083,0.929719965458465,1.0,3.078319518209437,-0.10261065060698125,0.10261065060698125,9.816e-07,9.816e-05,AUTO_CO2
40500,11:15:00,12,300.0,0.00045569999999999996,929.7225572004454,0.0014122485643874765,0.9297225572004454,1.0,3.078335098335637,-0.10261116994452124,0.10261116994452124,9.816e-07,9.816e-05,AUTO_CO2
40560,11:16:00,12,300.0,0.00045569999999999996,929.7248688085477,0.001412252075720184,0.9297248688085478,1.0,3.078348994451271,-0.1026116331483757,0.1026116331483757,9.816e-07,9.816e-05,AUTO_CO2
40620,11:17:00,12,300.0,0.00045569999999999996,929.7269305606736,0.0014122552075216631,0.9297269305606736,1.0,3.0783613885703835,-0.10261204628567945,0.10261204628567945,9.816e-07,9.816e-05,AUTO_CO2
40680,11:18:00,12,300.0,0.00045569999999999996,929.7287694623718,0.0014122580008133427,0.9297287694623718,1.0,3.078372443035441,-0.10261241476784803,0.10261241476784803,9.816e-07,9.816e-05,AUTO_CO2
40740,11:19:00,12,300.0,0.00045569999999999996,929.7304096004681,0.001412260492183111,0.929730409600468,1.0,3.0783823026431607,-0.10261274342143868,0.10261274342143868,9.816e-07,9.816e-05,AUTO_CO2
40800,11:20:00,12,300.0,0.00045569999999999996,929.731872458483,0.0014122627142644359,0.9297318724584831,1.0,3.07839109654063,-0.10261303655135434,0.10261303655135434,9.816e-07,9.816e-05,AUTO_CO2
40860,11:21:00,12,300.0,0.00045569999999999996,929.7331771979733,0.0014122646961637214,0.9297331771979733,1.0,3.0783989399165654,-0.10261329799721884,0.10261329799721884,9.816e-07,9.816e-05,AUTO_CO2
40920,11:22:00,12,300.0,0.00045569999999999996,929.7343409094693,0.0014122664638414838,0.9297343409094693,1.0,3.0784059355098243,-0.1026135311836608,0.1026135311836608,9.816e-07,9.816e-05,AUTO_CO2
40980,11:23:00,12,300.0,0.00045569999999999996,929.735378836304,0.0014122680404523456,0.929735378836304,1.0,3.0784121749549267,-0.10261373916516422,0.10261373916516422,9.816e-07,9.816e-05,AUTO_CO2
41040,11:24:00,12,300.0,0.00045569999999999996,929.7363045742501,0.0014122694466482857,0.92973630457425,1.0,3.0784177399821715,-0.10261392466607239,0.10261392466607239,9.816e-07,9.816e-05,AUTO_CO2
41100,11:25:00,12,300.0,0.00045569999999999996,929.737130249584,0.0014122707008491179,0.9297371302495839,1.0,3.0784227034880547,-0.10261409011626849,0.10261409011626849,9.816e-07,9.816e-05,AUTO_CO2
41160,11:26:00,12,300.0,0.00045569999999999996,929.7378666779066,0.00141227181948374,0.9297378666779066,1.0,3.078427130490015,-0.10261423768300049,0.10261423768300049,9.816e-07,9.816e-05,AUTO_CO2
41220,11:27:00,12,300.0,0.00045569999999999996,929.7385235058057,0.0014122728172053188,0.9297385235058057,1.0,3.078431078978027,-0.10261436929926755,0.10261436929926755,9.816e-07,9.816e-05,AUTO_CO2
41280,11:28:00,12,300.0,0.00045569999999999996,929.7391093372012,0.0014122737070832085,0.9297391093372012,1.0,3.0784346006741217,-0.10261448668913738,0.10261448668913738,9.816e-07,9.816e-05,AUTO_CO2
41340,11:29:00,12,300.0,0.00045569999999999996,929.7396318460403,0.0014122745007741353,0.9297396318460404,1.0,3.0784377417098456,-0.10261459139032818,0.10261459139032818,9.816e-07,9.816e-05,AUTO_CO2
41400,11:30:00,12,300.0,0.00045569999999999996,929.7400978768148,0.0014122752086748818,0.9297400978768149,1.0,3.078440543230517,-0.10261468477435057,0.10261468477435057,9.816e-07,9.816e-05,AUTO_CO2
41460,11:31:00,12,300.0,0.00045569999999999996,929.7405135342083,0.0014122758400584624,0.9297405135342083,1.0,3.0784430419341327,-0.10261476806447109,0.10261476806447109,9.816e-07,9.816e-05,AUTO_CO2
41520,11:32:00,12,300.0,0.00045569999999999996,929.7408842630609,0.0014122764031955894,0.9297408842630609,1.0,3.0784452705520775,-0.10261484235173593,0.10261484235173593,9.816e-07,9.816e-05,AUTO_CO2
41580,11:33:00,12,300.0,0.00045569999999999996,929.7412149196882,0.0014122769054630063,0.9297412149196882,1.0,3.078447258277847,-0.10261490860926155,0.10261490860926155,9.816e-07,9.816e-05,AUTO_CO2
41640,11:34:00,12,300.0,0.00045569999999999996,929.7415098354926,0.0014122773534401133,0.9297415098354926,1.0,3.07844903114945,-0.10261496770498166,0.10261496770498166,9.816e-07,9.816e-05,AUTO_CO2
41700,11:35:00,12,300.0,0.00045569999999999996,929.7417728737007,0.0014122777529951515,0.9297417728737007,1.0,3.0784506123904807,-0.10261502041301601,0.10261502041301601,9.816e-07,9.816e-05,AUTO_CO2
41760,11:36:00,12,300.0,0.00045569999999999996,929.7420074799658,0.001412278109362068,0.9297420074799657,1.0,3.0784520227143073,-0.10261506742381024,0.10261506742381024,9.816e-07,9.816e-05,AUTO_CO2
41820,11:37:00,12,300.0,0.00045569999999999996,929.7422167275015,0.0014122784272090746,0.9297422167275015,1.0,3.078453280595402,-0.10261510935318008,0.10261510935318008,9.816e-07,9.816e-05,AUTO_CO2
41880,11:38:00,12,300.0,0.00045569999999999996,929.7424033573393,0.0014122787106997984,0.9297424033573393,1.0,3.0784544025113396,-0.10261514675037797,0.10261514675037797,9.816e-07,9.816e-05,AUTO_CO2
41940,11:39:00,12,300.0,0.00045569999999999996,929.7425698142356,0.0014122789635478239,0.9297425698142356,1.0,3.0784554031586473,-0.10261518010528825,0.10261518010528825,9.816e-07,9.816e-05,AUTO_CO2
42000,11:40:00,12,300.0,0.00045569999999999996,929.7427182786913,0.001412279189065332,0.9297427182786913,1.0,3.0784562956452977,-0.10261520985484324,0.10261520985484324,9.816e-07,9.816e-05,AUTO_CO2
42060,11:41:00,12,300.0,0.00045569999999999996,929.7428506955176,0.0014122793902064913,0.9297428506955177,1.0,3.0784570916624294,-0.10261523638874764,0.10261523638874764,9.816e-07,9.816e-05,AUTO_CO2
42120,11:42:00,12,300.0,0.00045569999999999996,929.742968799311,0.0014122795696061535,0.9297429687993111,1.0,3.0784578016374775,-0.10261526005458259,0.10261526005458259,9.816e-07,9.816e-05,AUTO_CO2
42180,11:43:00,12,300.0,0.00045569999999999996,929.743074137176,0.0014122797296143702,0.9297430741371759,1.0,3.078458434870785,-0.1026152811623595,0.1026152811623595,9.816e-07,9.816e-05,AUTO_CO2
42240,11:44:00,12,300.0,0.00045569999999999996,929.743168088989,0.0014122798723271743,0.929743168088989,1.0,3.0784589996574128,-0.10261529998858042,0.10261529998858042,9.816e-07,9.816e-05,AUTO_CO2
42300,11:45:00,12,300.0,0.00045569999999999996,929.743251885476,0.0014122799996140378,0.9297432518854759,1.0,3.0784595033958047,-0.10261531677986013,0.10261531677986013,9.816e-07,9.816e-05,AUTO_CO2
42360,11:46:00,12,300.0,0.00045569999999999996,929.7433266243322,0.0014122801131423606,0.9297433266243322,1.0,3.078459952684703,-0.10261533175615677,0.10261533175615677,9.816e-07,9.816e-05,AUTO_CO2
42420,11:47:00,12,300.0,0.00045569999999999996,929.7433932846036,0.0014122802143993129,0.9297433932846036,1.0,3.0784603534095925,-0.10261534511365307,0.10261534511365307,9.816e-07,9.816e-05,AUTO_CO2
42480,11:48:00,12,300.0,0.00045569999999999996,929.7434527395108,0.0014122803047113169,0.9297434527395108,1.0,3.078460710819795,-0.1026153570273265,0.1026153570273265,9.816e-07,9.816e-05,AUTO_CO2
42540,11:49:00,12,300.0,0.00045569999999999996,929.7435057678869,0.0014122803852614201,0.9297435057678869,1.0,3.0784610295972263,-0.10261536765324089,0.10261536765324089,9.816e-07,9.816e-05,AUTO_CO2
42600,11:50:00,12,300.0,0.00045569999999999996,929.74355306438,0.0014122804571047932,0.92974355306438,1.0,3.078461313917731,-0.10261537713059103,0.10261537713059103,9.816e-07,9.816e-05,AUTO_CO2
42660,11:51:00,12,300.0,0.00045569999999999996,929.7435952485546,0.0014122805211825543,0.9297435952485545,1.0,3.078461567505787,-0.10261538558352623,0.10261538558352623,9.816e-07,9.816e-05,AUTO_CO2
42720,11:52:00,12,300.0,0.00045569999999999996,929.7436328730046,0.0014122805783340939,0.9297436328730045,1.0,3.0784617936832874,-0.10261539312277625,0.10261539312277625,9.816e-07,9.816e-05,AUTO_CO2
42780,11:53:00,12,300.0,0.00045569999999999996,929.7436664305944,0.001412280629308073,0.9297436664305945,1.0,3.078461995413062,-0.10261539984710207,0.10261539984710207,9.816e-07,9.816e-05,AUTO_CO2
42840,11:54:00,12,300.0,0.00045569999999999996,929.7436963609142,0.0014122806747722287,0.9297436963609143,1.0,3.0784621753376835,-0.10261540584458945,0.10261540584458945,9.816e-07,9.816e-05,AUTO_CO2
42900,11:55:00,12,300.0,0.00045569999999999996,929.7437230560399,0.0014122807153221246,0.9297437230560399,1.0,3.078462335814097,-0.10261541119380324,0.10261541119380324,9.816e-07,9.816e-05,AUTO_CO2
42960,11:56:00,12,300.0,0.00045569999999999996,929.7437468656657,0.001412280751488946,0.9297437468656656,1.0,3.0784624789444726,-0.10261541596481573,0.10261541596481573,9.816e-07,9.816e-05,AUTO_CO2
43020,11:57:00,12,300.0,0.00045569999999999996,929.7437681016869,0.0014122807837464624,0.9297437681016869,1.0,3.078462606603753,-0.10261542022012511,0.10261542022012511,9.816e-07,9.816e-05,AUTO_CO2
43080,11:58:00,12,300.0,0.00045569999999999996,929.7437870422877,0.001412280812517235,0.9297437870422878,1.0,3.0784627204642274,-0.10261542401547426,0.10261542401547426,9.816e-07,9.816e-05,AUTO_CO2
43140,11:59:00,12,300.0,0.00045569999999999996,929.743803935582,0.0014122808381781492,0.9297438039355821,1.0,3.0784628220174226,-0.10261542740058076,0.10261542740058076,9.816e-07,9.816e-05,AUTO_CO2
43200,12:00:00,4,300.0,0.00045569999999999996,929.3848108834878,0.001411735527732018,0.9293848108834878,1.0,3.078462912593638,-0.10261543041978792,0.10261543041978792,3.2719999999999997e-07,3.272e-05,AUTO_CO2
43260,12:01:00,4,300.0,0.00045569999999999996,909.0359000709425,0.0013808255322077616,0.9090359000709425,1.0,2.95614061656099,-0.09853802055203298,0.09853802055203298,3.2719999999999997e-07,3.272e-05,AUTO_CO2
43320,12:02:00,4,300.0,0.00045569999999999996,890.8129369850967,0.0013531448512803619,0.8908129369850967,1.0,2.8466049818329724,-0.09488683272776574,0.09488683272776574,3.2719999999999997e-07,3.272e-05,AUTO_CO2
43380,12:03:00,4,300.0,0.00045569999999999996,874.4339122408555,0.0013282651126938596,0.8744339122408555,1.0,2.748158695560023,-0.09160528985200077,0.09160528985200077,3.2719999999999997e-07,3.272e-05,AUTO_CO2
43440,12:04:00,4,300.0,0.00045569999999999996,859.6636945033462,0.0013058291519505826,0.8596636945033461,1.0,2.659386783999644,-0.08864622613332145,0.08864622613332145,3.2719999999999997e-07,3.272e-05,AUTO_CO2
43500,12:05:00,4,300.0,0.00045569999999999996,846.3046677460594,0.001285536790306264,0.8463046677460594,1.0,2.5791001843098162,-0.08597000614366053,0.08597000614366053,3.2719999999999997e-07,3.272e-05,AUTO_CO2
43560,12:06:00,4,300.0,0.00045569999999999996,834.1895288821453,0.0012671338943719785,0.8341895288821453,1.0,2.506292345034826,-0.08354307816782752,0.08354307816782752,3.2719999999999997e-07,3.272e-05,AUTO_CO2
43620,12:07:00,4,300.0,0.00045569999999999996,823.1756856383935,0.0012504038664847197,0.8231756856383935,1.0,2.4401054751840783,-0.08133684917280261,0.08133684917280261,3.2719999999999997e-07,3.272e-05,AUTO_CO2
43680,12:08:00,4,300.0,0.00045569999999999996,813.1408545887335,0.0012351609581202861,0.8131408545887335,1.0,2.3798040281832384,-0.07932680093944128,0.07932680093944128,3.2719999999999997e-07,3.272e-05,AUTO_CO2
43740,12:09:00,4,300.0,0.00045569999999999996,803.9795696367532,0.001221244966278228,0.8039795696367532,1.0,2.324753673243648,-0.07749178910812159,0.07749178910812159,3.2719999999999997e-07,3.272e-05,AUTO_CO2
43800,12:10:00,4,300.0,0.00045569999999999996,795.6003884952694,0.0012085169901243141,0.7956003884952694,1.0,2.274404472957285,-0.0758134824319095,0.0758134824319095,3.2719999999999997e-07,3.272e-05,AUTO_CO2
43860,12:11:00,4,300.0,0.00045569999999999996,787.9236395385709,0.0011968560084590892,0.7879236395385709,1.0,2.228277316740522,-0.0742759105580174,0.0742759105580174,3.2719999999999997e-07,3.272e-05,AUTO_CO2
43920,12:12:00,4,300.0,0.00045569999999999996,780.8795908099345,0.0011861560984402905,0.7808795908099345,1.0,2.1859528974732,-0.07286509658244,0.07286509658244,3.2719999999999997e-07,3.272e-05,AUTO_CO2
43980,12:13:00,4,300.0,0.00045569999999999996,774.4069516265198,0.0011763241595206836,0.7744069516265198,1.0,2.1470626915358393,-0.07156875638452796,0.07156875638452796,3.2719999999999997e-07,3.272e-05,AUTO_CO2
44040,12:14:00,4,300.0,0.00045569999999999996,768.451638297062,0.0011672780385732372,0.768451638297062,1.0,2.111281529526349,-0.07037605098421164,0.07037605098421164,3.2719999999999997e-07,3.272e-05,AUTO_CO2
44100,12:15:00,4,300.0,0.00045569999999999996,762.9657511222847,0.0011589449759547505,0.7629657511222847,1.0,2.0783214393235436,-0.06927738131078479,0.06927738131078479,3.2719999999999997e-07,3.272e-05,AUTO_CO2
44160,12:16:00,4,300.0,0.00045569999999999996,757.9067215890423,0.0011512603100937552,0.7579067215890423,1.0,2.047926513944534,-0.06826421713148446,0.06826421713148446,3.2719999999999997e-07,3.272e-05,AUTO_CO2
44220,12:17:00,4,300.0,0.00045569999999999996,753.2365975543959,0.0011441663916851273,0.7532365975543959,1.0,2.019868610198691,-0.0673289536732897,0.0673289536732897,3.2719999999999997e-07,3.272e-05,AUTO_CO2
44280,12:18:00,4,300.0,0.00045569999999999996,748.9214409967467,0.0011376116688740583,0.7489214409967467,1.0,1.9939437250073508,-0.06646479083357835,0.06646479083357835,3.2719999999999997e-07,3.272e-05,AUTO_CO2
44340,12:19:00,4,300.0,0.00045569999999999996,744.9308181272985,0.0011315499127353664,0.7449308181272984,1.0,1.969968927690508,-0.06566563092301693,0.06566563092301693,3.2719999999999997e-07,3.272e-05,AUTO_CO2
44400,12:20:00,4,300.0,0.00045569999999999996,741.2373656976433,0.0011259395584947202,0.7412373656976433,1.0,1.9477797508787154,-0.06492599169595718,0.06492599169595718,3.2719999999999997e-07,3.272e-05,AUTO_CO2
44460,12:21:00,4,300.0,0.00045569999999999996,737.8164204944289,0.0011207431427310375,0.737816420494429,1.0,1.927227961716672,-0.0642409320572224,0.0642409320572224,3.2719999999999997e-07,3.272e-05,AUTO_CO2
44520,12:22:00,4,300.0,0.00045569999999999996,734.6457014910897,0.001115926820564965,0.7346457014910897,1.0,1.9081796499582644,-0.06360598833194214,0.06360598833194214,3.2719999999999997e-07,3.272e-05,AUTO_CO2
44580,12:23:00,4,300.0,0.00045569999999999996,731.7050360867661,0.0011114599498157976,0.7317050360867661,1.0,1.8905135813592033,-0.0630171193786401,0.0630171193786401,3.2719999999999997e-07,3.272e-05,AUTO_CO2
44640,12:24:00,4,300.0,0.00045569999999999996,728.9761234216863,0.0011073147314775416,0.7289761234216864,1.0,1.8741197741636058,-0.062470659138786855,0.062470659138786855,3.2719999999999997e-07,3.272e-05,AUTO_CO2
44700,12:25:00,4,300.0,0.00045569999999999996,726.4423290055452,0.001103465897759423,0.7264423290055452,1.0,1.8588982639919922,-0.061963275466399736,0.061963275466399736,3.2719999999999997e-07,3.272e-05,AUTO_CO2
44760,12:26:00,4,300.0,0.00045569999999999996,724.0885058985933,0.0010998904404599633,0.7240885058985933,1.0,1.8447580284788665,-0.061491934282628884,0.061491934282628884,3.2719999999999997e-07,3.272e-05,AUTO_CO2
44820,12:27:00,4,300.0,0.00045569999999999996,721.9008384961684,0.0010965673736756797,0.7219008384961684,1.0,1.8316160478912178,-0.061053868263040594,0.061053868263040594,3.2719999999999997e-07,3.272e-05,AUTO_CO2
44880,12:28:00,4,300.0,0.00045569999999999996,719.8667056262613,0.0010934775258462908,0.7198667056262612,1.0,1.8193964819260464,-0.060646549397534874,0.060646549397534874,3.2719999999999997e-07,3.272e-05,AUTO_CO2
44940,12:29:00,4,300.0,0.00045569999999999996,717.9745602075108,0.0010906033569552088,0.7179745602075107,1.0,1.8080299461225895,-0.06026766487075298,0.06026766487075298,3.2719999999999997e-07,3.272e-05,AUTO_CO2
45000,12:30:00,4,300.0,0.00045569999999999996,716.2138231559358,0.0010879287973738663,0.7162138231559357,1.0,1.7974528739791393,-0.059915095799304645,0.059915095799304645,3.2719999999999997e-07,3.272e-05,AUTO_CO2
45060,12:31:00,4,300.0,0.00045569999999999996,714.5747895917482,0.0010854391053898653,0.7145747895917481,1.0,1.7876069530495042,-0.05958689843498347,0.05958689843498347,3.2719999999999997e-07,3.272e-05,AUTO_CO2
45120,12:32:00,4,300.0,0.00045569999999999996,713.0485456977341,0.001083120740914858,0.7130485456977341,1.0,1.7784386251007243,-0.05928128750335747,0.05928128750335747,3.2719999999999997e-07,3.272e-05,AUTO_CO2
45180,12:33:00,4,300.0,0.00045569999999999996,711.6268948297909,0.0010809612532464523,0.7116268948297909,1.0,1.769898641912832,-0.0589966213970944,0.0589966213970944,3.2719999999999997e-07,3.272e-05,AUTO_CO2
45240,12:34:00,4,300.0,0.00045569999999999996,710.3022916877555,0.0010789491810737006,0.7103022916877555,1.0,1.761941669550509,-0.05873138898501696,0.05873138898501696,3.2719999999999997e-07,3.272e-05,AUTO_CO2
45300,12:35:00,4,300.0,0.00045569999999999996,709.0677835281456,0.0010770739631792532,0.7090677835281456,1.0,1.7545259349804676,-0.058484197832682244,0.058484197832682244,3.2719999999999997e-07,3.272e-05,AUTO_CO2
45360,12:36:00,4,300.0,0.00045569999999999996,707.9169575460504,0.0010753258585124506,0.7079169575460504,1.0,1.7476129097846431,-0.058253763659488096,0.058253763659488096,3.2719999999999997e-07,3.272e-05,AUTO_CO2
45420,12:37:00,4,300.0,0.00045569999999999996,706.8438936759003,0.0010736958744936925,0.7068438936759003,1.0,1.7411670264563097,-0.05803890088187699,0.05803890088187699,3.2719999999999997e-07,3.272e-05,AUTO_CO2
45480,12:38:00,4,300.0,0.00045569999999999996,705.8431221643743,0.0010721757025676844,0.7058431221643743,1.0,1.7351554233891393,-0.057838514112971307,0.057838514112971307,3.2719999999999997e-07,3.272e-05,AUTO_CO2
45540,12:39:00,4,300.0,0.00045569999999999996,704.9095853563343,0.0010707576601562718,0.7049095853563343,1.0,1.729547715196481,-0.05765159050654937,0.05765159050654937,3.2719999999999997e-07,3.272e-05,AUTO_CO2
45600,12:40:00,4,300.0,0.00045569999999999996,704.038603209158,0.001069434638274711,0.704038603209158,1.0,1.724315785446194,-0.05747719284820646,0.05747719284820646,3.2719999999999997e-07,3.272e-05,AUTO_CO2
45660,12:41:00,4,300.0,0.00045569999999999996,703.2258421142878,0.0010682000541716032,0.7032258421142878,1.0,1.7194335992781027,-0.05731445330927008,0.05731445330927008,3.2719999999999997e-07,3.272e-05,AUTO_CO2
45720,12:42:00,4,300.0,0.00045569999999999996,702.4672866590387,0.0010670478084350797,0.7024672866590387,1.0,1.7148770336972932,-0.05716256778990977,0.05716256778990977,3.2719999999999997e-07,3.272e-05,AUTO_CO2
45780,12:43:00,4,300.0,0.00045569999999999996,701.7592140081542,0.0010659722460783863,0.7017592140081542,1.0,1.710623723615887,-0.05702079078719623,0.05702079078719623,3.2719999999999997e-07,3.272e-05,AUTO_CO2
45840,12:44:00,4,300.0,0.00045569999999999996,701.0981706244763,0.0010649681211785794,0.7010981706244763,1.0,1.70665292195578,-0.05688843073185933,0.05688843073185933,3.2719999999999997e-07,3.272e-05,AUTO_CO2
45900,12:45:00,4,300.0,0.00045569999999999996,700.4809510824706,0.0010640305646942728,0.7004809510824705,1.0,1.7029453723316312,-0.056764845744387706,0.056764845744387706,3.2719999999999997e-07,3.272e-05,AUTO_CO2
45960,12:46:00,4,300.0,0.00045569999999999996,699.9045787579865,0.0010631550551333815,0.6999045787579865,1.0,1.6994831930115761,-0.05664943976705254,0.05664943976705254,3.2719999999999997e-07,3.272e-05,AUTO_CO2
46020,12:47:00,4,300.0,0.00045569999999999996,699.3662882032967,0.0010623373917808077,0.6993662882032967,1.0,1.6962497710075801,-0.056541659033585996,0.056541659033585996,3.2719999999999997e-07,3.272e-05,AUTO_CO2
46080,12:48:00,4,300.0,0.00045569999999999996,698.863509038716,0.0010615736702298095,0.698863509038716,1.0,1.6932296652811334,-0.056440988842704445,0.056440988842704445,3.2719999999999997e-07,3.272e-05,AUTO_CO2
46140,12:49:00,4,300.0,0.00045569999999999996,698.393851211435,0.0010608602599901699,0.698393851211435,1.0,1.690408518166315,-0.05634695060554384,0.05634695060554384,3.2719999999999997e-07,3.272e-05,AUTO_CO2
46200,12:50:00,4,300.0,0.00045569999999999996,697.955091489074,0.0010601937839719033,0.697955091489074,1.0,1.6877729742136562,-0.05625909914045521,0.05625909914045521,3.2719999999999997e-07,3.272e-05,AUTO_CO2
46260,12:51:00,4,300.0,0.00045569999999999996,697.5451610701504,0.0010595710996655584,0.6975451610701504,1.0,1.685310605746623,-0.05617702019155409,0.05617702019155409,3.2719999999999997e-07,3.272e-05,AUTO_CO2
46320,12:52:00,4,300.0,0.00045569999999999996,697.162134206556,0.0010589892818597584,0.6971621342065559,1.0,1.6830098445000474,-0.05610032815000158,0.05610032815000158,3.2719999999999997e-07,3.272e-05,AUTO_CO2
46380,12:53:00,4,300.0,0.00045569999999999996,696.8042177444036,0.0010584456067537491,0.6968042177444036,1.0,1.680859918777652,-0.056028663959255064,0.056028663959255064,3.2719999999999997e-07,3.272e-05,AUTO_CO2
46440,12:54:00,4,300.0,0.00045569999999999996,696.4697414995283,0.0010579375373377833,0.6964697414995282,1.0,1.6788507956254033,-0.05596169318751345,0.05596169318751345,3.2719999999999997e-07,3.272e-05,AUTO_CO2
46500,12:55:00,4,300.0,0.00045569999999999996,696.1571493926542,0.0010574627099274416,0.6961571493926542,1.0,1.6769731275699864,-0.05589910425233287,0.05589910425233287,3.2719999999999997e-07,3.272e-05,AUTO_CO2
46560,12:56:00,4,300.0,0.00045569999999999996,695.8649912769386,0.0010570189217496697,0.6958649912769386,1.0,1.6752182035179068,-0.05584060678393023,0.05584060678393023,3.2719999999999997e-07,3.272e-05,AUTO_CO2
46620,12:57:00,4,300.0,0.00045569999999999996,695.5919153974024,0.0010566041194886543,0.6955919153974024,1.0,1.6735779034516562,-0.055785930115055206,0.055785930115055206,3.2719999999999997e-07,3.272e-05,AUTO_CO2
46680,12:58:00,4,300.0,0.00045569999999999996,695.3366614277901,0.001056216388708813,0.69533666142779,1.0,1.6720446565956275,-0.05573482188652091,0.05573482188652091,3.2719999999999997e-07,3.272e-05,AUTO_CO2
46740,12:59:00,4,300.0,0.00045569999999999996,695.0980540357199,0.0010558539440802585,0.6950980540357199,1.0,1.6706114027564527,-0.05568704675854842,0.05568704675854842,3.2719999999999997e-07,3.272e-05,AUTO_CO2
46800,13:00:00,15,300.0,0.00045569999999999996,695.3686330959188,0.0010562649536727006,0.6953686330959188,1.0,1.6692715565711842,-0.05564238521903947,0.05564238521903947,1.227e-06,0.0001227,AUTO_CO2
46860,13:01:00,15,300.0,0.00045569999999999996,723.7592518509277,0.0010993903035615591,0.7237592518509277,1.0,1.839814666505256,-0.06132715555017519,0.06132715555017519,1.227e-06,0.0001227,AUTO_CO2
46920,13:02:00,15,300.0,0.00045569999999999996,750.1507385536559,0.0011394789718630032,0.7501507385536559,1.0,1.9983634541213495,-0.06661211513737832,0.06661211513737832,1.227e-06,0.0001227,AUTO_CO2
46980,13:03:00,15,300.0,0.00045569999999999996,774.554457544023,0.0011765482210093709,0.774554457544023,1.0,2.1449830262270266,-0.07149943420756755,0.07149943420756755,1.227e-06,0.0001227,AUTO_CO2
47040,13:04:00,15,300.0,0.00045569999999999996,797.0100045329169,0.0012106581968855008,0.7970100045329169,1.0,2.279908385330967,-0.07599694617769889,0.07599694617769889,1.227e-06,0.0001227,AUTO_CO2
47100,13:05:00,15,300.0,0.00045569999999999996,817.5800720775477,0.001241904129485795,0.8175800720775477,1.0,2.4035136292630024,-0.08011712097543341,0.08011712097543341,1.227e-06,0.0001227,AUTO_CO2
47160,13:06:00,15,300.0,0.00045569999999999996,836.3453896805764,0.0012704086469247956,0.8363453896805765,1.0,2.5162815717539635,-0.08387605239179878,0.08387605239179878,1.227e-06,0.0001227,AUTO_CO2
47220,13:07:00,15,300.0,0.00045569999999999996,853.399968537125,0.0012963145522078927,0.853399968537125,1.0,2.6187751715517664,-0.08729250571839221,0.08729250571839221,1.227e-06,0.0001227,AUTO_CO2
47280,13:08:00,15,300.0,0.00045569999999999996,868.8468080981063,0.0013197783015010235,0.8688468080981063,1.0,2.7116117201136323,-0.09038705733712107,0.09038705733712107,1.227e-06,0.0001227,AUTO_CO2
47340,13:09:00,15,300.0,0.00045569999999999996,882.7941558274463,0.0013409643227018909,0.8827941558274462,1.0,2.7954403422179253,-0.0931813447405975,0.0931813447405975,1.227e-06,0.0001227,AUTO_CO2
47400,13:10:00,15,300.0,0.00045569999999999996,895.3523568351293,0.0013600402300325612,0.8953523568351293,1.0,2.870923034443845,-0.09569743448146151,0.09569743448146151,1.227e-06,0.0001227,AUTO_CO2
47460,13:11:00,15,300.0,0.00045569999999999996,906.6312880071315,0.0013771729264828328,0.9066312880071316,1.0,2.9387192128278072,-0.09795730709426023,0.09795730709426023,1.227e-06,0.0001227,AUTO_CO2
47520,13:12:00,15,300.0,0.00045569999999999996,916.7383415431749,0.0013925255408040826,0.9167383415431749,1.0,2.999473561565958,-0.09998245205219859,0.09998245205219859,1.227e-06,0.0001227,AUTO_CO2
47580,13:13:00,15,300.0,0.00045569999999999996,925.776904025926,0.0014062551172153816,0.925776904025926,1.0,3.0538068609087814,-0.10179356203029272,0.10179356203029272,1.227e-06,0.0001227,AUTO_CO2
47640,13:14:00,15,300.0,0.00045569999999999996,933.8452672864079,0.0014185109610080535,0.9338452672864078,1.0,3.1023094124530455,-0.10341031374843485,0.10341031374843485,1.227e-06,0.0001227,AUTO_CO2
47700,13:15:00,15,300.0,0.00045569999999999996,941.0359042684067,0.0014294335385837099,0.9410359042684068,1.0,3.1455366610866182,-0.10485122203622062,0.10485122203622062,1.227e-06,0.0001227,AUTO_CO2
47760,13:16:00,15,300.0,0.00045569999999999996,947.4350448387306,0.0014391538331100318,0.9474350448387306,1.0,3.1840066229146187,-0.10613355409715394,0.10613355409715394,1.227e-06,0.0001227,AUTO_CO2
47820,13:17:00,15,300.0,0.00045569999999999996,953.1224913414067,0.0014477930643475966,0.9531224913414067,1.0,3.2181987573643562,-0.10727329191214521,0.10727329191214521,1.227e-06,0.0001227,AUTO_CO2
47880,13:18:00,15,300.0,0.00045569999999999996,958.1716203015803,0.0014554626912381004,0.9581716203015803,1.0,3.2485539611919405,-0.10828513203973134,0.10828513203973134,1.227e-06,0.0001227,AUTO_CO2
47940,13:19:00,15,300.0,0.00045569999999999996,962.6495240419017,0.0014622646270196487,0.9626495240419017,1.0,3.2754754062198392,-0.10918251354066129,0.10918251354066129,1.227e-06,0.0001227,AUTO_CO2
48000,13:20:00,15,300.0,0.00045569999999999996,966.6172533767581,0.0014682916078792956,0.9666172533767581,1.0,3.299329987071599,-0.10997766623571996,0.10997766623571996,1.227e-06,0.0001227,AUTO_CO2
48060,13:21:00,15,300.0,0.00045569999999999996,970.1301295429441,0.001473627666775732,0.9701301295429441,1.0,3.3204501871859566,-0.11068167290619854,0.11068167290619854,1.227e-06,0.0001227,AUTO_CO2
48120,13:22:00,15,300.0,0.00045569999999999996,973.2380998457188,0.001478348673665647,0.9732380998457189,1.0,3.3391362093900563,-0.11130454031300188,0.11130454031300188,1.227e-06,0.0001227,AUTO_CO2
48180,13:23:00,15,300.0,0.00045569999999999996,975.9861170225729,0.0014825229117572882,0.9759861170225729,1.0,3.355658250534046,-0.11185527501780153,0.11185527501780153,1.227e-06,0.0001227,AUTO_CO2
48240,13:24:00,15,300.0,0.00045569999999999996,978.4145270250301,0.0014862116665510206,0.9784145270250301,1.0,3.3702588279591383,-0.11234196093197127,0.11234196093197127,1.227e-06,0.0001227,AUTO_CO2
48300,13:25:00,15,300.0,0.00045569999999999996,980.5594538243458,0.0014894698103591812,0.9805594538243458,1.0,3.3831550890806215,-0.11277183630268738,0.11277183630268738,1.227e-06,0.0001227,AUTO_CO2
48360,13:26:00,15,300.0,0.00045569999999999996,982.4531730285855,0.0014923463698304214,0.9824531730285855,1.0,3.394541054525476,-0.11315136848418253,0.11315136848418253,1.227e-06,0.0001227,AUTO_CO2
48420,13:27:00,15,300.0,0.00045569999999999996,984.1244686423165,0.0014948850678676788,0.9841244686423165,1.0,3.404589760585993,-0.11348632535286643,0.11348632535286643,1.227e-06,0.0001227,AUTO_CO2
48480,13:28:00,15,300.0,0.00045569999999999996,985.5989692971639,0.0014971248343623917,0.9855989692971638,1.0,3.4134552787831605,-0.11378184262610534,0.11378184262610534,1.227e-06,0.0001227,AUTO_CO2
48540,13:29:00,15,300.0,0.00045569999999999996,986.8994618203546,0.0014991002825051186,0.9868994618203546,1.0,3.421274599608487,-0.11404248665361623,0.11404248665361623,1.227e-06,0.0001227,AUTO_CO2
48600,13:30:00,15,300.0,0.00045569999999999996,988.0461811705435,0.0015008421491980557,0.9880461811705435,1.0,3.4281693745198725,-0.11427231248399575,0.11427231248399575,1.227e-06,0.0001227,AUTO_CO2
48660,13:31:00,15,300.0,0.00045569999999999996,989.0570766278468,0.0015023776993976993,0.9890570766278468,1.0,3.4342475154402354,-0.11447491718134117,0.11447491718134117,1.227e-06,0.0001227,AUTO_CO2
48720,13:32:00,15,300.0,0.00045569999999999996,989.9480547401755,0.0015037310951503265,0.9899480547401756,1.0,3.4396046547200294,-0.11465348849066764,0.11465348849066764,1.227e-06,0.0001227,AUTO_CO2
48780,13:33:00,15,300.0,0.00045569999999999996,990.7331999530246,0.0015049237307286443,0.9907331999530246,1.0,3.444325471091986,-0.11481084903639953,0.11481084903639953,1.227e-06,0.0001227,AUTO_CO2
48840,13:34:00,15,300.0,0.00045569999999999996,991.4249741279114,0.0015059745357002973,0.9914249741279113,1.0,3.448484888827438,-0.11494949629424793,0.11494949629424793,1.227e-06,0.0001227,AUTO_CO2
48900,13:35:00,15,300.0,0.00045569999999999996,992.0343963210095,0.0015069002480116132,0.9920343963210094,1.0,3.452149158311414,-0.11507163861038047,0.11507163861038047,1.227e-06,0.0001227,AUTO_CO2
48960,13:36:00,15,300.0,0.00045569999999999996,992.571204276253,0.0015077156592956283,0.992571204276253,1.0,3.4553768267572025,-0.11517922755857342,0.11517922755857342,1.227e-06,0.0001227,AUTO_CO2
49020,13:37:00,15,300.0,0.00045569999999999996,993.043999108778,0.0015084338346462339,0.993043999108778,1.0,3.458219607915823,-0.11527398693052744,0.11527398693052744,1.227e-06,0.0001227,AUTO_CO2
49080,13:38:00,15,300.0,0.00045569999999999996,993.4603746324566,0.0015090663090667016,0.9934603746324566,1.0,3.4607231595068635,-0.11535743865022878,0.11535743865022878,1.227e-06,0.0001227,AUTO_CO2
49140,13:39:00,15,300.0,0.00045569999999999996,993.8270327330349,0.00150962326272148,0.993827032733035,1.0,3.4629277767860507,-0.11543092589286837,0.11543092589286837,1.227e-06,0.0001227,AUTO_CO2
49200,13:40:00,15,300.0,0.00045569999999999996,994.1498861163608,0.001510113677010752,0.9941498861163608,1.0,3.464869010234411,-0.11549563367448035,0.11549563367448035,1.227e-06,0.0001227,AUTO_CO2
49260,13:41:00,15,300.0,0.00045569999999999996,994.4341496771187,0.0015105454733595433,0.9944341496771187,1.0,3.4665782148502986,-0.11555260716167662,0.11555260716167662,1.227e-06,0.0001227,AUTO_CO2
49320,13:42:00,15,300.0,0.00045569999999999996,994.684421643246,0.0015109256364760906,0.994684421643246,1.0,3.4680830379845276,-0.11560276793281758,0.11560276793281758,1.227e-06,0.0001227,AUTO_CO2
49380,13:43:00,15,300.0,0.00045569999999999996,994.9047555588791,0.0015112603236939373,0.994904755558879,1.0,3.4694078521049296,-0.11564692840349763,0.11564692840349763,1.227e-06,0.0001227,AUTO_CO2
49440,13:44:00,15,300.0,0.00045569999999999996,995.0987240773793,0.0015115549618735392,0.9950987240773793,1.0,3.470574138328639,-0.11568580461095461,0.11568580461095461,1.227e-06,0.0001227,AUTO_CO2
49500,13:45:00,15,300.0,0.00045569999999999996,995.2694754476651,0.0015118143332050033,0.9952694754476651,1.0,3.4716008260300892,-0.1157200275343363,0.1157200275343363,1.227e-06,0.0001227,AUTO_CO2
49560,13:46:00,15,300.0,0.00045569999999999996,995.419783493162,0.001512042651126113,0.995419783493162,1.0,3.4725045933287664,-0.11575015311095886,0.11575015311095886,1.227e-06,0.0001227,AUTO_CO2
49620,13:47:00,15,300.0,0.00045569999999999996,995.552091803967,0.0015122436274502258,0.995552091803967,1.0,3.4733001327878616,-0.11577667109292872,0.11577667109292872,1.227e-06,0.0001227,AUTO_CO2
49680,13:48:00,15,300.0,0.00045569999999999996,995.6685527897602,0.0015124205316876457,0.9956685527897602,1.0,3.4740003862160664,-0.11580001287386887,0.11580001287386887,1.227e-06,0.0001227,AUTO_CO2
49740,13:49:00,15,300.0,0.00045569999999999996,995.7710621737035,0.0015125762434418555,0.9957710621737035,1.0,3.474616752060382,-0.11582055840201273,0.11582055840201273,1.227e-06,0.0001227,AUTO_CO2
49800,13:50:00,15,300.0,0.00045569999999999996,995.8612894460824,0.0015127132986685991,0.9958612894460824,1.0,3.475159268508354,-0.11583864228361179,0.11583864228361179,1.227e-06,0.0001227,AUTO_CO2
49860,13:51:00,15,300.0,0.00045569999999999996,995.9407047404909,0.0015128339305008056,0.9959407047404909,1.0,3.4756367750818624,-0.11585455916939541,0.11585455916939541,1.227e-06,0.0001227,AUTO_CO2
49920,13:52:00,15,300.0,0.00045569999999999996,996.01060254474,0.00151294010526546,0.9960106025447399,1.0,3.4760570552003527,-0.11586856850667841,0.11586856850667841,1.227e-06,0.0001227,AUTO_CO2
49980,13:53:00,15,300.0,0.00045569999999999996,996.072122613025,0.001513033554249185,0.996072122613025,1.0,3.476426961917074,-0.11588089873056913,0.11588089873056913,1.227e-06,0.0001227,AUTO_CO2
50040,13:54:00,15,300.0,0.00045569999999999996,996.126268404867,0.0015131158017069929,0.996126268404867,1.0,3.4767525287852585,-0.11589175095950861,0.11589175095950861,1.227e-06,0.0001227,AUTO_CO2
50100,13:55:00,15,300.0,0.00045569999999999996,996.1739233395813,0.001513188189552824,0.9961739233395813,1.0,3.477039067590294,-0.1159013022530098,0.1159013022530098,1.227e-06,0.0001227,AUTO_CO2
50160,13:56:00,15,300.0,0.00045569999999999996,996.2158651221723,0.0015132518991205796,0.9962158651221723,1.0,3.4772912544863415,-0.11590970848287804,0.11590970848287804,1.227e-06,0.0001227,AUTO_CO2
50220,13:57:00,15,300.0,0.00045569999999999996,996.2527783672336,0.001513307970339828,0.9962527783672337,1.0,3.4775132058996734,-0.11591710686332245,0.11591710686332245,1.227e-06,0.0001227,AUTO_CO2
50280,13:58:00,15,300.0,0.00045569999999999996,996.2852657213161,0.0015133573186306792,0.9962852657213161,1.0,3.477708545403953,-0.11592361818013178,0.11592361818013178,1.227e-06,0.0001227,AUTO_CO2
50340,13:59:00,15,300.0,0.00045569999999999996,996.3138576610189,0.0015134007497870877,0.9963138576610189,1.0,3.4778804626331827,-0.11592934875443943,0.11592934875443943,1.227e-06,0.0001227,AUTO_CO2
50400,14:00:00,15,300.0,0.00045569999999999996,996.339021123437,0.0015134389730865007,0.996339021123437,1.0,3.478031765174072,-0.11593439217246908,0.11593439217246908,1.227e-06,0.0001227,AUTO_CO2
50460,14:01:00,15,300.0,0.00045569999999999996,996.3611671073002,0.0015134726128359889,0.9963611671073002,1.0,3.478164924269536,-0.11593883080898454,0.11593883080898454,1.227e-06,0.0001227,AUTO_CO2
50520,14:02:00,15,300.0,0.00045569999999999996,996.380657366946,0.001513502218540391,0.996380657366946,1.0,3.4782821150677288,-0.1159427371689243,0.1159427371689243,1.227e-06,0.0001227,AUTO_CO2
50580,14:03:00,15,300.0,0.00045569999999999996,996.3978103069048,0.0015135282738561885,0.9963978103069049,1.0,3.478385252064614,-0.11594617506882045,0.11594617506882045,1.227e-06,0.0001227,AUTO_CO2
50640,14:04:00,15,300.0,0.00045569999999999996,996.4129061721853,0.0015135512044755495,0.9964129061721854,1.0,3.4784760203118186,-0.1159492006770606,0.1159492006770606,1.227e-06,0.0001227,AUTO_CO2
50700,14:05:00,15,300.0,0.00045569999999999996,996.4261916181205,0.001513571385067925,0.9964261916181205,1.0,3.4785559028939526,-0.11595186342979842,0.11595186342979842,1.227e-06,0.0001227,AUTO_CO2
50760,14:06:00,15,300.0,0.00045569999999999996,996.4378837337212,0.0015135891453915223,0.9964378837337211,1.0,3.4786262051200403,-0.11595420683733466,0.11595420683733466,1.227e-06,0.0001227,AUTO_CO2
50820,14:07:00,15,300.0,0.00045569999999999996,996.4481735837038,0.0015136047756736462,0.9964481735837039,1.0,3.478688075820883,-0.11595626919402942,0.11595626919402942,1.227e-06,0.0001227,AUTO_CO2
50880,14:08:00,15,300.0,0.00045569999999999996,996.457229326659,0.001513618531347195,0.996457229326659,1.0,3.4787425260978404,-0.11595808420326136,0.11595808420326136,1.227e-06,0.0001227,AUTO_CO2
50940,14:09:00,15,300.0,0.00045569999999999996,996.4651989599586,0.001513630637220177,0.9964651989599586,1.0,3.4787904458273347,-0.11595968152757782,0.11595968152757782,1.227e-06,0.0001227,AUTO_CO2
51000,14:10:00,15,300.0,0.00045569999999999996,996.4722127360126,0.0015136412911460032,0.9964722127360126,1.0,3.4788326181892293,-0.11596108727297429,0.11596108727297429,1.227e-06,0.0001227,AUTO_CO2
51060,14:11:00,15,300.0,0.00045569999999999996,996.4783852891613,0.001513650667254236,0.9964783852891613,1.0,3.478869732455344,-0.11596232441517812,0.11596232441517812,1.227e-06,0.0001227,AUTO_CO2
51120,14:12:00,15,300.0,0.00045569999999999996,996.4838175078075,0.0015136589187943596,0.9964838175078076,1.0,3.478902395246168,-0.11596341317487226,0.11596341317487226,1.227e-06,0.0001227,AUTO_CO2
51180,14:13:00,15,300.0,0.00045569999999999996,996.4885981822637,0.0015136661806388584,0.9964885981822637,1.0,3.4789311404389878,-0.11596437134796626,0.11596437134796626,1.227e-06,0.0001227,AUTO_CO2
51240,14:14:00,15,300.0,0.00045569999999999996,996.4928054551604,0.0015136725714863886,0.9964928054551604,1.0,3.4789564378888764,-0.11596521459629588,0.11596521459629588,1.227e-06,0.0001227,AUTO_CO2
51300,14:15:00,15,300.0,0.00045569999999999996,996.4965080980415,0.001513678195800925,0.9964965080980416,1.0,3.4789787011045687,-0.11596595670348563,0.11596595670348563,1.227e-06,0.0001227,AUTO_CO2
51360,14:16:00,15,300.0,0.00045569999999999996,996.4997666349667,0.0015136831455185144,0.9964997666349668,1.0,3.478998294004447,-0.11596660980014822,0.11596660980014822,1.227e-06,0.0001227,AUTO_CO2
51420,14:17:00,15,300.0,0.00045569999999999996,996.5026343314414,0.0015136875015494594,0.9965026343314414,1.0,3.479015536862753,-0.11596718456209176,0.11596718456209176,1.227e-06,0.0001227,AUTO_CO2
51480,14:18:00,15,300.0,0.00045569999999999996,996.5051580647962,0.0015136913351004254,0.9965051580647962,1.0,3.479030711542994,-0.11596769038476647,0.11596769038476647,1.227e-06,0.0001227,AUTO_CO2
51540,14:19:00,15,300.0,0.00045569999999999996,996.5073790902312,0.0015136947088380613,0.9965073790902312,1.0,3.4790440661040005,-0.11596813553680001,0.11596813553680001,1.227e-06,0.0001227,AUTO_CO2
51600,14:20:00,15,300.0,0.00045569999999999996,996.5093337150213,0.0015136976779131172,0.9965093337150213,1.0,3.479055818853776,-0.11596852729512586,0.11596852729512586,1.227e-06,0.0001227,AUTO_CO2
51660,14:21:00,15,300.0,0.00045569999999999996,996.5110538918857,0.0015137002908617743,0.9965110538918857,1.0,3.4790661619173084,-0.11596887206391028,0.11596887206391028,1.227e-06,0.0001227,AUTO_CO2
51720,14:22:00,15,300.0,0.00045569999999999996,996.5125677412111,0.0015137025903988997,0.9965125677412111,1.0,3.4790752643765734,-0.11596917547921912,0.11596917547921912,1.227e-06,0.0001227,AUTO_CO2
51780,14:23:00,15,300.0,0.00045569999999999996,996.5139000106601,0.0015137046141161926,0.9965139000106601,1.0,3.4790832750340677,-0.1159694425011356,0.1159694425011356,1.227e-06,0.0001227,AUTO_CO2
51840,14:24:00,15,300.0,0.00045569999999999996,996.5150724796623,0.001513706395096607,0.9965150724796623,1.0,3.479090324844935,-0.11596967749483118,0.11596967749483118,1.227e-06,0.0001227,AUTO_CO2
51900,14:25:00,15,300.0,0.00045569999999999996,996.5161043154056,0.001513707962455101,0.9965161043154056,1.0,3.479096529057456,-0.1159698843019152,0.1159698843019152,1.227e-06,0.0001227,AUTO_CO2
51960,14:26:00,15,300.0,0.00045569999999999996,996.5170123861332,0.0015137093418145363,0.9965170123861332,1.0,3.47910198909684,-0.115970066303228,0.115970066303228,1.227e-06,0.0001227,AUTO_CO2
52020,14:27:00,15,300.0,0.00045569999999999996,996.5178115368717,0.001513710555724508,0.9965178115368717,1.0,3.4791067942231204,-0.11597022647410402,0.11597022647410402,1.227e-06,0.0001227,AUTO_CO2
52080,14:28:00,15,300.0,0.00045569999999999996,996.5185148320888,0.001513711624029943,0.9965185148320889,1.0,3.4791110229902067,-0.1159703674330069,0.1159703674330069,1.227e-06,0.0001227,AUTO_CO2
52140,14:29:00,15,300.0,0.00045569999999999996,996.5191337692535,0.001513712564195496,0.9965191337692535,1.0,3.4791147445299706,-0.11597049148433236,0.11597049148433236,1.227e-06,0.0001227,AUTO_CO2
52200,14:30:00,15,300.0,0.00045569999999999996,996.5196784667825,0.0015137133915910424,0.9965196784667825,1.0,3.479118019682332,-0.11597060065607773,0.11597060065607773,1.227e-06,0.0001227,AUTO_CO2
52260,14:31:00,15,300.0,0.00045569999999999996,996.520157829441,0.0015137141197429209,0.996520157829441,1.0,3.479120901989784,-0.11597069673299282,0.11597069673299282,1.227e-06,0.0001227,AUTO_CO2
52320,14:32:00,15,300.0,0.00045569999999999996,996.5205796939158,0.0015137147605550582,0.9965205796939158,1.0,3.4791234385726804,-0.115970781285756,0.115970781285756,1.227e-06,0.0001227,AUTO_CO2
52380,14:33:00,15,300.0,0.00045569999999999996,996.5209509569182,0.0015137153245035587,0.9965209509569182,1.0,3.4791256708995046,-0.11597085569665015,0.11597085569665015,1.227e-06,0.0001227,AUTO_CO2
52440,14:34:00,15,300.0,0.00045569999999999996,996.5212776879288,0.0015137158208079638,0.9965212776879288,1.0,3.479127635464773,-0.11597092118215908,0.11597092118215908,1.227e-06,0.0001227,AUTO_CO2
52500,14:35:00,15,300.0,0.00045569999999999996,996.5215652284215,0.0015137162575819723,0.9965215652284215,1.0,3.4791293643856513,-0.11597097881285504,0.11597097881285504,1.227e-06,0.0001227,AUTO_CO2
52560,14:36:00,15,300.0,0.00045569999999999996,996.5218182791806,0.0015137166419660754,0.9965218182791806,1.0,3.4791308859269723,-0.11597102953089908,0.11597102953089908,1.227e-06,0.0001227,AUTO_CO2
52620,14:37:00,15,300.0,0.00045569999999999996,996.5220409771471,0.0015137169802442864,0.996522040977147,1.0,3.4791322249632977,-0.11597107416544325,0.11597107416544325,1.227e-06,0.0001227,AUTO_CO2
52680,14:38:00,15,300.0,0.00045569999999999996,996.5222369630537,0.0015137172779468785,0.9965222369630538,1.0,3.47913340338559,-0.11597111344618632,0.11597111344618632,1.227e-06,0.0001227,AUTO_CO2
52740,14:39:00,15,300.0,0.00045569999999999996,996.5224094409374,0.0015137175399407839,0.9965224094409374,1.0,3.479134440459055,-0.11597114801530184,0.11597114801530184,1.227e-06,0.0001227,AUTO_CO2
52800,14:40:00,15,300.0,0.00045569999999999996,996.5225612305217,0.0015137177705091623,0.9965225612305216,1.0,3.4791353531381,-0.11597117843793665,0.11597117843793665,1.227e-06,0.0001227,AUTO_CO2
52860,14:41:00,15,300.0,0.00045569999999999996,996.5226948133135,0.001513717973421423,0.9965226948133135,1.0,3.4791361563435075,-0.11597120521145025,0.11597120521145025,1.227e-06,0.0001227,AUTO_CO2
52920,14:42:00,15,300.0,0.00045569999999999996,996.5228123731704,0.0015137181519948458,0.9965228123731704,1.0,3.4791368632063575,-0.11597122877354525,0.11597122877354525,1.227e-06,0.0001227,AUTO_CO2
52980,14:43:00,15,300.0,0.00045569999999999996,996.5229158320012,0.00151371830914881,0.9965229158320013,1.0,3.479137485282685,-0.11597124950942281,0.11597124950942281,1.227e-06,0.0001227,AUTO_CO2
53040,14:44:00,15,300.0,0.00045569999999999996,996.5230068811903,0.001513718447452528,0.9965230068811903,1.0,3.479138032742429,-0.11597126775808098,0.11597126775808098,1.227e-06,0.0001227,AUTO_CO2
53100,14:45:00,15,300.0,0.00045569999999999996,996.5230870092436,0.0015137185691670408,0.9965230870092435,1.0,3.4791385145356672,-0.11597128381785557,0.11597128381785557,1.227e-06,0.0001227,AUTO_CO2
53160,14:46:00,15,300.0,0.00045569999999999996,996.5231575261228,0.0015137186762821805,0.9965231575261227,1.0,3.479138938538924,-0.11597129795129747,0.11597129795129747,1.227e-06,0.0001227,AUTO_CO2
53220,14:47:00,15,300.0,0.00045569999999999996,996.5232195846663,0.001513718770549108,0.9965232195846663,1.0,3.4791393116839773,-0.1159713103894659,0.1159713103894659,1.227e-06,0.0001227,AUTO_CO2
53280,14:48:00,15,300.0,0.00045569999999999996,996.5232741994308,0.0015137188535089355,0.9965232741994309,1.0,3.479139640071142,-0.11597132133570473,0.11597132133570473,1.227e-06,0.0001227,AUTO_CO2
53340,14:49:00,15,300.0,0.00045569999999999996,996.52332226328,0.0015137189265179223,0.99652332226328,1.0,3.479139929069022,-0.11597133096896739,0.11597133096896739,1.227e-06,0.0001227,AUTO_CO2
53400,14:50:00,15,300.0,0.00045569999999999996,996.5233645619804,0.0015137189907696482,0.9965233645619804,1.0,3.4791401834022677,-0.11597133944674226,0.11597133944674226,1.227e-06,0.0001227,AUTO_CO2
53460,14:51:00,15,300.0,0.00045569999999999996,996.5234017870483,0.0015137190473145264,0.9965234017870483,1.0,3.4791404072288215,-0.11597134690762737,0.11597134690762737,1.227e-06,0.0001227,AUTO_CO2
53520,14:52:00,15,300.0,0.00045569999999999996,996.5234345470535,0.0015137190970769742,0.9965234345470535,1.0,3.4791406042078865,-0.1159713534735962,0.1159713534735962,1.227e-06,0.0001227,AUTO_CO2
53580,14:53:00,15,300.0,0.00045569999999999996,996.523463377571,0.0015137191408705303,0.996523463377571,1.0,3.4791407775597625,-0.11597135925199206,0.11597135925199206,1.227e-06,0.0001227,AUTO_CO2
53640,14:54:00,15,300.0,0.00045569999999999996,996.5234887499325,0.0015137191794111476,0.9965234887499326,1.0,3.4791409301184704,-0.11597136433728235,0.11597136433728235,1.227e-06,0.0001227,AUTO_CO2
53700,14:55:00,15,300.0,0.00045569999999999996,996.5235110789373,0.0015137192133289057,0.9965235110789373,1.0,3.4791410643781093,-0.11597136881260364,0.11597136881260364,1.227e-06,0.0001227,AUTO_CO2
53760,14:56:00,15,300.0,0.00045569999999999996,996.5235307296286,0.0015137192431783058,0.9965235307296286,1.0,3.479141182533609,-0.11597137275112028,0.11597137275112028,1.227e-06,0.0001227,AUTO_CO2
53820,14:57:00,15,300.0,0.00045569999999999996,996.5235480232637,0.0015137192694473374,0.9965235480232637,1.0,3.4791412865166222,-0.11597137621722074,0.11597137621722074,1.227e-06,0.0001227,AUTO_CO2
53880,14:58:00,15,300.0,0.00045569999999999996,996.523563242566,0.0015137192925654577,0.996523563242566,1.0,3.4791413780271077,-0.11597137926757024,0.11597137926757024,1.227e-06,0.0001227,AUTO_CO2
53940,14:59:00,15,300.0,0.00045569999999999996,996.5235766363471,0.0015137193129106112,0.9965235766363472,1.0,3.479141458561114,-0.11597138195203711,0.11597138195203711,1.227e-06,0.0001227,AUTO_CO2
54000,15:00:00,10,300.0,0.00045569999999999996,996.2992083489642,0.0015133784974820765,0.9962992083489641,1.0,3.4791415294352497,-0.11597138431450833,0.11597138431450833,8.179999999999999e-07,8.18e-05,AUTO_CO2
54060,15:01:00,10,300.0,0.00045569999999999996,983.6690033494597,0.0014941932160878293,0.9836690033494597,1.0,3.4032003516680325,-0.11344001172226773,0.11344001172226773,8.179999999999999e-07,8.18e-05,AUTO_CO2
54120,15:02:00,10,300.0,0.00045569999999999996,972.525863931788,0.001477266787312386,0.972525863931788,1.0,3.336203065205939,-0.11120676884019796,0.11120676884019796,8.179999999999999e-07,8.18e-05,AUTO_CO2
54180,15:03:00,10,300.0,0.00045569999999999996,962.6726371456359,0.0014622997358242208,0.9626726371456359,1.0,3.2769633628772823,-0.10923211209590941,0.10923211209590941,8.179999999999999e-07,8.18e-05,AUTO_CO2
54240,15:04:00,10,300.0,0.00045569999999999996,953.9427171007366,0.0014490389872760187,0.9539427171007365,1.0,3.22447885256115,-0.10748262841870498,0.10748262841870498,8.179999999999999e-07,8.18e-05,AUTO_CO2
54300,15:05:00,10,300.0,0.00045569999999999996,946.1944486104206,0.001437269367439229,0.9461944486104207,1.0,3.177897341782241,-0.10592991139274137,0.10592991139274137,8.179999999999999e-07,8.18e-05,AUTO_CO2
54360,15:06:00,10,300.0,0.00045569999999999996,939.3067233326295,0.0014268069127422642,0.9393067233326295,1.0,3.136490310958342,-0.10454967703194473,0.10454967703194473,8.179999999999999e-07,8.18e-05,AUTO_CO2
54420,15:07:00,10,300.0,0.00045569999999999996,933.1754808115579,0.0014174935553527563,0.9331754808115579,1.0,3.099631840595034,-0.1033210613531678,0.1033210613531678,8.179999999999999e-07,8.18e-05,AUTO_CO2
54480,15:08:00,10,300.0,0.00045569999999999996,927.7109035275897,0.0014091928624584086,0.9277109035275897,1.0,3.066781720638681,-0.1022260573546227,0.1022260573546227,8.179999999999999e-07,8.18e-05,AUTO_CO2
54540,15:09:00,10,300.0,0.00045569999999999996,922.8351495038223,0.001401786592096306,0.9228351495038223,1.0,3.03747179867951,-0.10124905995598367,0.10124905995598367,8.179999999999999e-07,8.18e-05,AUTO_CO2
54600,15:10:00,10,300.0,0.00045569999999999996,918.4805051479823,0.001395171887319785,0.9184805051479823,1.0,3.0112948597520672,-0.1003764953250689,0.1003764953250689,8.179999999999999e-07,8.18e-05,AUTO_CO2
54660,15:11:00,10,300.0,0.00045569999999999996,914.5878694660443,0.001389258973718921,0.9145878694660442,1.0,2.9878955021184566,-0.09959651673728188,0.09959651673728188,8.179999999999999e-07,8.18e-05,AUTO_CO2
54720,15:12:00,10,300.0,0.00045569999999999996,911.1055017059366,0.0013839692570913177,0.9111055017059366,1.0,2.966962599586698,-0.0988987533195566,0.0988987533195566,8.179999999999999e-07,8.18e-05,AUTO_CO2
54780,15:13:00,10,300.0,0.00045569999999999996,907.9879800287314,0.001379233741663643,0.9079879800287314,1.0,2.9482230346065093,-0.0982741011535503,0.0982741011535503,8.179999999999999e-07,8.18e-05,AUTO_CO2
54840,15:14:00,10,300.0,0.00045569999999999996,905.1953304554416,0.0013749917069618158,0.9051953304554416,1.0,2.931436456620334,-0.09771454855401113,0.09771454855401113,8.179999999999999e-07,8.18e-05,AUTO_CO2
54900,15:15:00,10,300.0,0.00045569999999999996,902.6922941509149,0.0013711895948152397,0.9026922941509149,1.0,2.916390873270437,-0.09721302910901457,0.09721302910901457,8.179999999999999e-07,8.18e-05,AUTO_CO2
54960,15:16:00,10,300.0,0.00045569999999999996,900.4477078290697,0.0013677800681923568,0.9004477078290697,1.0,2.9028989225792357,-0.09676329741930785,0.09676329741930785,8.179999999999999e-07,8.18e-05,AUTO_CO2
55020,15:17:00,10,300.0,0.00045569999999999996,898.4339772321645,0.0013647212114156577,0.8984339772321644,1.0,2.8907947053649723,-0.09635982351216574,0.09635982351216574,8.179999999999999e-07,8.18e-05,AUTO_CO2
55080,15:18:00,10,300.0,0.00045569999999999996,896.6266276398126,0.0013619758473848752,0.8966266276398126,1.0,2.8799310812740444,-0.0959977027091348,0.0959977027091348,8.179999999999999e-07,8.18e-05,AUTO_CO2
55140,15:19:00,10,300.0,0.00045569999999999996,895.0039184856605,0.0013595109521797183,0.8950039184856605,1.0,2.8701773506212636,-0.09567257835404211,0.09567257835404211,8.179999999999999e-07,8.18e-05,AUTO_CO2
55200,15:20:00,10,300.0,0.00045569999999999996,893.5465116110611,0.0013572971511372019,0.8935465116110611,1.0,2.8614172589964246,-0.09538057529988081,0.09538057529988081,8.179999999999999e-07,8.18e-05,AUTO_CO2
55260,15:21:00,10,300.0,0.00045569999999999996,892.2371846221196,0.0013553082834409996,0.8922371846221195,1.0,2.853547273262955,-0.0951182424420985,0.0951182424420985,8.179999999999999e-07,8.18e-05,AUTO_CO2
55320,15:22:00,10,300.0,0.00045569999999999996,891.0605823562647,0.0013535210245991661,0.8910605823562647,1.0,2.8464750868480513,-0.09488250289493504,0.09488250289493504,8.179999999999999e-07,8.18e-05,AUTO_CO2
55380,15:23:00,10,300.0,0.00045569999999999996,890.0030006957304,0.0013519145580568144,0.8900030006957304,1.0,2.8401183196383037,-0.09467061065461013,0.09467061065461013,8.179999999999999e-07,8.18e-05,AUTO_CO2
55440,15:24:00,10,300.0,0.00045569999999999996,889.052197955202,0.0013504702886939519,0.8890521979552021,1.0,2.8344033837554625,-0.09448011279184876,0.09448011279184876,8.179999999999999e-07,8.18e-05,AUTO_CO2
55500,15:25:00,10,300.0,0.00045569999999999996,888.1972298711004,0.0013491715921742015,0.8881972298711004,1.0,2.829264491305075,-0.09430881637683583,0.09430881637683583,8.179999999999999e-07,8.18e-05,AUTO_CO2
55560,15:26:00,10,300.0,0.00045569999999999996,887.4283048701615,0.0013480035950977753,0.8874283048701614,1.0,2.824642784105274,-0.0941547594701758,0.0941547594701758,8.179999999999999e-07,8.18e-05,AUTO_CO2
55620,15:27:00,10,300.0,0.00045569999999999996,886.736656825944,0.001346952981718609,0.886736656825944,1.0,2.820485568599421,-0.0940161856199807,0.0940161856199807,8.179999999999999e-07,8.18e-05,AUTO_CO2
55680,15:28:00,10,300.0,0.00045569999999999996,886.1144329476163,0.001346007823647429,0.8861144329476163,1.0,2.8167456417791845,-0.09389152139263948,0.09389152139263948,8.179999999999999e-07,8.18e-05,AUTO_CO2
55740,15:29:00,10,300.0,0.00045569999999999996,885.5545948046235,0.001345157429508223,0.8855545948046235,1.0,2.813380696106999,-0.09377935653689996,0.09377935653689996,8.179999999999999e-07,8.18e-05,AUTO_CO2
55800,15:30:00,10,300.0,0.00045569999999999996,885.0508307884041,0.0013443922119675859,0.8850508307884042,1.0,2.810352793217765,-0.09367842644059217,0.09367842644059217,8.179999999999999e-07,8.18e-05,AUTO_CO2
55860,15:31:00,10,300.0,0.00045569999999999996,884.5974785599045,0.001343703569932495,0.8845974785599046,1.0,2.807627897669697,-0.0935875965889899,0.0935875965889899,8.179999999999999e-07,8.18e-05,AUTO_CO2
55920,15:32:00,10,300.0,0.00045569999999999996,884.1894562385098,0.0013430837840262965,0.8841894562385099,1.0,2.8051754632590535,-0.09350584877530178,0.09350584877530178,8.179999999999999e-07,8.18e-05,AUTO_CO2
55980,15:33:00,10,300.0,0.00045569999999999996,883.8222012616299,0.0013425259237164157,0.8838222012616298,1.0,2.802968065458286,-0.09343226884860953,0.09343226884860953,8.179999999999999e-07,8.18e-05,AUTO_CO2
56040,15:34:00,10,300.0,0.00045569999999999996,883.491615990459,0.0013420237646895072,0.883491615990459,1.0,2.800981074417243,-0.09336603581390811,0.09336603581390811,8.179999999999999e-07,8.18e-05,AUTO_CO2
56100,15:35:00,10,300.0,0.00045569999999999996,883.1940192611938,0.0013415717152577534,0.8831940192611938,1.0,2.799192363711742,-0.09330641212372474,0.09330641212372474,8.179999999999999e-07,8.18e-05,AUTO_CO2
56160,15:36:00,10,300.0,0.00045569999999999996,882.9261031860798,0.001341164750739655,0.8829261031860798,1.0,2.797582050656045,-0.09325273502186816,0.09325273502186816,8.179999999999999e-07,8.18e-05,AUTO_CO2
56220,15:37:00,10,300.0,0.00045569999999999996,882.6848945982738,0.0013407983548947779,0.8826848945982738,1.0,2.796132264534858,-0.09320440881782861,0.09320440881782861,8.179999999999999e-07,8.18e-05,AUTO_CO2
56280,15:38:00,10,300.0,0.00045569999999999996,882.4677206111367,0.0013404684676083165,0.8824677206111367,1.0,2.794826939571453,-0.09316089798571511,0.09316089798571511,8.179999999999999e-07,8.18e-05,AUTO_CO2
56340,15:39:00,10,300.0,0.00045569999999999996,882.2721778283792,0.001340171438121308,0.8822721778283792,1.0,2.7936516298443443,-0.09312172099481149,0.09312172099481149,8.179999999999999e-07,8.18e-05,AUTO_CO2
56400,15:40:00,10,300.0,0.00045569999999999996,882.0961047981651,0.0013399039831884128,0.8820961047981651,1.0,2.7925933437058608,-0.09308644479019536,0.09308644479019536,8.179999999999999e-07,8.18e-05,AUTO_CO2
56460,15:41:00,10,300.0,0.00045569999999999996,881.9375573532367,0.0013396631496195664,0.8819375573532366,1.0,2.79164039555047,-0.09305467985168234,0.09305467985168234,8.179999999999999e-07,8.18e-05,AUTO_CO2
56520,15:42:00,10,300.0,0.00045569999999999996,881.7947865215724,0.0013394462807262684,0.8817947865215724,1.0,2.790782273035947,-0.0930260757678649,0.0930260757678649,8.179999999999999e-07,8.18e-05,AUTO_CO2
56580,15:43:00,10,300.0,0.00045569999999999996,881.6662187289841,0.0013392509862493267,0.8816662187289841,1.0,2.7900095180823694,-0.09300031726941231,0.09300031726941231,8.179999999999999e-07,8.18e-05,AUTO_CO2
56640,15:44:00,10,300.0,0.00045569999999999996,881.5504380471923,0.0013390751153936852,0.8815504380471924,1.0,2.789313620167208,-0.09297712067224026,0.09297712067224026,8.179999999999999e-07,8.18e-05,AUTO_CO2
56700,15:45:00,10,300.0,0.00045569999999999996,881.4461702690334,0.0013389167326386617,0.8814461702690334,1.0,2.7886869206037552,-0.09295623068679183,0.09295623068679183,8.179999999999999e-07,8.18e-05,AUTO_CO2
56760,15:46:00,10,300.0,0.00045569999999999996,881.3522686170268,0.0013387740960292636,0.8813522686170268,1.0,2.7881225266379994,-0.09293741755459999,0.09293741755459999,8.179999999999999e-07,8.18e-05,AUTO_CO2
56820,15:47:00,10,300.0,0.00045569999999999996,881.2677009131712,0.001338645637687107,0.8812677009131712,1.0,2.7876142343291077,-0.09292047447763692,0.09292047447763692,8.179999999999999e-07,8.18e-05,AUTO_CO2
56880,15:48:00,10,300.0,0.00045569999999999996,881.1915380567874,0.00133852994630826,0.8811915380567874,1.0,2.7871564592926434,-0.09290521530975478,0.09290521530975478,8.179999999999999e-07,8.18e-05,AUTO_CO2
56940,15:49:00,10,300.0,0.00045569999999999996,881.1229436740256,0.0013384257514408447,0.8811229436740255,1.0,2.786744174486654,-0.09289147248288847,0.09289147248288847,8.179999999999999e-07,8.18e-05,AUTO_CO2
57000,15:50:00,10,300.0,0.00045569999999999996,881.0611648174051,0.0013383319093576383,0.8810611648174052,1.0,2.7863728543094513,-0.09287909514364837,0.09287909514364837,8.179999999999999e-07,8.18e-05,AUTO_CO2
57060,15:51:00,10,300.0,0.00045569999999999996,881.0055236068678,0.0013382473903588322,0.8810055236068678,1.0,2.7860384243567258,-0.0928679474785575,0.0928679474785575,8.179999999999999e-07,8.18e-05,AUTO_CO2
57120,15:52:00,10,300.0,0.00045569999999999996,880.9554097153942,0.0013381712673576837,0.8809554097153942,1.0,2.7857372162552076,-0.09285790720850692,0.09285790720850692,8.179999999999999e-07,8.18e-05,AUTO_CO2
57180,15:53:00,10,300.0,0.00045569999999999996,880.9102736125345,0.0013381027056174398,0.8809102736125345,1.0,2.7854659270520203,-0.09284886423506734,0.09284886423506734,8.179999999999999e-07,8.18e-05,AUTO_CO2
57240,15:54:00,10,300.0,0.00045569999999999996,880.8696204883364,0.001338040953521783,0.8808696204883364,1.0,2.7852215826937448,-0.09284071942312483,0.09284071942312483,8.179999999999999e-07,8.18e-05,AUTO_CO2
57300,15:55:00,10,300.0,0.00045569999999999996,880.8330047882769,0.0013379853342733925,0.8808330047882769,1.0,2.785001505178077,-0.0928333835059359,0.0928333835059359,8.179999999999999e-07,8.18e-05,AUTO_CO2
57360,15:56:00,10,300.0,0.00045569999999999996,880.8000252970513,0.001337935238426221,0.8808000252970514,1.0,2.7848032830045195,-0.09282677610015065,0.09282677610015065,8.179999999999999e-07,8.18e-05,AUTO_CO2
57420,15:57:00,10,300.0,0.00045569999999999996,880.7703207155288,0.0013378901171668882,0.8807703207155287,1.0,2.7846247445893444,-0.09282082481964479,0.09282082481964479,8.179999999999999e-07,8.18e-05,AUTO_CO2
57480,15:58:00,10,300.0,0.00045569999999999996,880.7435656809289,0.001337849476269331,0.8807435656809289,1.0,2.7844639343446107,-0.09281546447815368,0.09281546447815368,8.179999999999999e-07,8.18e-05,AUTO_CO2
57540,15:59:00,10,300.0,0.00045569999999999996,880.7194671854382,0.0013378128706546806,0.8807194671854383,1.0,2.78431909115207,-0.09281063637173564,0.09281063637173564,8.179999999999999e-07,8.18e-05,AUTO_CO2
57600,16:00:00,10,300.0,0.00045569999999999996,880.6977613530576,0.0013377798994952943,0.8806977613530576,1.0,2.7841886289902664,-0.09280628763300887,0.09280628763300887,8.179999999999999e-07,8.18e-05,AUTO_CO2
57660,16:01:00,10,300.0,0.00045569999999999996,880.6782105386119,0.0013377502018081515,0.880678210538612,1.0,2.7840711194980323,-0.0928023706499344,0.0928023706499344,8.179999999999999e-07,8.18e-05,AUTO_CO2
57720,16:02:00,10,300.0,0.00045569999999999996,880.6606007165138,0.0013377234524883845,0.8806606007165139,1.0,2.78396527627957,-0.09279884254265235,0.09279884254265235,8.179999999999999e-07,8.18e-05,AUTO_CO2
57780,16:03:00,10,300.0,0.00045569999999999996,880.6447391301724,0.0013376993587387318,0.8806447391301724,1.0,2.7838699407761807,-0.09279566469253935,0.09279566469253935,8.179999999999999e-07,8.18e-05,AUTO_CO2
57840,16:04:00,10,300.0,0.00045569999999999996,880.6304521759066,0.0013376776568552022,0.8806304521759066,1.0,2.7837840695474894,-0.09279280231824963,0.09279280231824963,8.179999999999999e-07,8.18e-05,AUTO_CO2
57900,16:05:00,10,300.0,0.00045569999999999996,880.6175834978549,0.0013376581093332415,0.8806175834978549,1.0,2.783706722820874,-0.09279022409402912,0.09279022409402912,8.179999999999999e-07,8.18e-05,AUTO_CO2
57960,16:06:00,10,300.0,0.00045569999999999996,880.6059922727518,0.00133764050226231,0.8806059922727518,1.0,2.7836370541821145,-0.09278790180607048,0.09278790180607048,8.179999999999999e-07,8.18e-05,AUTO_CO2
58020,16:07:00,10,300.0,0.00045569999999999996,880.5955516655902,0.0013376246429800313,0.8805955516655901,1.0,2.7835743012931387,-0.09278581004310461,0.09278581004310461,8.179999999999999e-07,8.18e-05,AUTO_CO2
58080,16:08:00,10,300.0,0.00045569999999999996,880.5861474390683,0.0013376103579599448,0.8805861474390684,1.0,2.7835177775341187,-0.09278392591780395,0.09278392591780395,8.179999999999999e-07,8.18e-05,AUTO_CO2
58140,16:09:00,10,300.0,0.00045569999999999996,880.5776767014767,0.001337597490909543,0.8805776767014767,1.0,2.7834668644776395,-0.09278222881592131,0.09278222881592131,8.179999999999999e-07,8.18e-05,AUTO_CO2
58200,16:10:00,10,300.0,0.00045569999999999996,880.5700467791995,0.001337585901057604,0.8805700467791995,1.0,2.783421005111893,-0.09278070017039643,0.09278070017039643,8.179999999999999e-07,8.18e-05,AUTO_CO2
58260,16:11:00,10,300.0,0.00045569999999999996,880.5631742013913,0.0013375754616119133,0.8805631742013913,1.0,2.7833796977380767,-0.09277932325793589,0.09277932325793589,8.179999999999999e-07,8.18e-05,AUTO_CO2
58320,16:12:00,10,300.0,0.00045569999999999996,880.5569837856542,0.0013375660583704087,0.8805569837856542,1.0,2.783342490474881,-0.09277808301582935,0.09277808301582935,8.179999999999999e-07,8.18e-05,AUTO_CO2
58380,16:13:00,10,300.0,0.00045569999999999996,880.5514078146392,0.001337557588470437,0.8805514078146393,1.0,2.78330897630946,-0.09277696587698199,0.09277696587698199,8.179999999999999e-07,8.18e-05,AUTO_CO2
58440,16:14:00,10,300.0,0.00045569999999999996,880.5463852945203,0.0013375499592623763,0.8805463852945203,1.0,2.7832787886405024,-0.09277595962135009,0.09277595962135009,8.179999999999999e-07,8.18e-05,AUTO_CO2
58500,16:15:00,10,300.0,0.00045569999999999996,880.5418612871802,0.0013375430872952267,0.8805418612871801,1.0,2.7832515972643552,-0.09277505324214516,0.09277505324214516,8.179999999999999e-07,8.18e-05,AUTO_CO2
58560,16:16:00,10,300.0,0.00045569999999999996,880.5377863087778,0.0013375368974030335,0.8805377863087778,1.0,2.7832271047601194,-0.09277423682533731,0.09277423682533731,8.179999999999999e-07,8.18e-05,AUTO_CO2
58620,16:17:00,10,300.0,0.00045569999999999996,880.53411578808,0.0013375313218820936,0.88053411578808,1.0,2.7832050432339726,-0.0927735014411324,0.0927735014411324,8.179999999999999e-07,8.18e-05,AUTO_CO2
58680,16:18:00,10,300.0,0.00045569999999999996,880.5308095786247,0.001337526299749931,0.8805308095786247,1.0,2.7831851713870335,-0.09277283904623444,0.09277283904623444,8.179999999999999e-07,8.18e-05,AUTO_CO2
58740,16:19:00,10,300.0,0.00045569999999999996,880.5278315193459,0.0013375217760778864,0.8805278315193459,1.0,2.783167271874512,-0.09277224239581706,0.09277224239581706,8.179999999999999e-07,8.18e-05,AUTO_CO2
58800,16:20:00,10,300.0,0.00045569999999999996,880.5251490388516,0.0013375177013900156,0.8805251490388516,1.0,2.783151148927235,-0.09277170496424117,0.09277170496424117,8.179999999999999e-07,8.18e-05,AUTO_CO2
58860,16:21:00,10,300.0,0.00045569999999999996,880.52273279901,0.001337514031121696,0.8805227327990099,1.0,2.7831366262094273,-0.09277122087364757,0.09277122087364757,8.179999999999999e-07,8.18e-05,AUTO_CO2
58920,16:22:00,10,300.0,0.00045569999999999996,880.520556373937,0.0013375107251320103,0.880520556373937,1.0,2.78312354488928,-0.09277078482964266,0.09277078482964266,8.179999999999999e-07,8.18e-05,AUTO_CO2
58980,16:23:00,10,300.0,0.00045569999999999996,880.5185959608647,0.0013375077472645533,0.8805185959608647,1.0,2.7831117619011296,-0.09277039206337098,0.09277039206337098,8.179999999999999e-07,8.18e-05,AUTO_CO2
59040,16:24:00,10,300.0,0.00045569999999999996,880.5168301197269,0.0013375050649518652,0.8805168301197269,1.0,2.7831011483802524,-0.09277003827934174,0.09277003827934174,8.179999999999999e-07,8.18e-05,AUTO_CO2
59100,16:25:00,10,300.0,0.00045569999999999996,880.5152395386028,0.0013375026488591376,0.8805152395386028,1.0,2.783091588253064,-0.09276971960843546,0.09276971960843546,8.179999999999999e-07,8.18e-05,AUTO_CO2
59160,16:26:00,10,300.0,0.00045569999999999996,880.51380682245,0.0013375004725633014,0.88051380682245,1.0,2.7830829769673073,-0.09276943256557692,0.09276943256557692,8.179999999999999e-07,8.18e-05,AUTO_CO2
59220,16:27:00,10,300.0,0.00045569999999999996,880.5125163028185,0.0013374985122639813,0.8805125163028186,1.0,2.7830752203483518,-0.09276917401161172,0.09276917401161172,8.179999999999999e-07,8.18e-05,AUTO_CO2
59280,16:28:00,10,300.0,0.00045569999999999996,880.5113538664575,0.001337496746523149,0.8805113538664575,1.0,2.783068233569031,-0.09276894111896769,0.09276894111896769,8.179999999999999e-07,8.18e-05,AUTO_CO2
59340,16:29:00,10,300.0,0.00045569999999999996,880.5103068009381,0.001337495156030625,0.8805103068009381,1.0,2.7830619402217662,-0.09276873134072552,0.09276873134072552,8.179999999999999e-07,8.18e-05,AUTO_CO2
59400,16:30:00,10,300.0,0.00045569999999999996,880.5093636556023,0.0013374937233928599,0.8805093636556023,1.0,2.7830562714828098,-0.09276854238276032,0.09276854238276032,8.179999999999999e-07,8.18e-05,AUTO_CO2
59460,16:31:00,10,300.0,0.00045569999999999996,880.5085141163158,0.0013374924329426837,0.8805085141163158,1.0,2.783051165359447,-0.09276837217864824,0.09276837217864824,8.179999999999999e-07,8.18e-05,AUTO_CO2
59520,16:32:00,10,300.0,0.00045569999999999996,880.50774889266,0.0013374912705679503,0.8805077488926599,1.0,2.7830465660119668,-0.09276821886706556,0.09276821886706556,8.179999999999999e-07,8.18e-05,AUTO_CO2
59580,16:33:00,10,300.0,0.00045569999999999996,880.5070596163155,0.0013374902235571832,0.8805070596163155,1.0,2.783042423142904,-0.09276808077143012,0.09276808077143012,8.179999999999999e-07,8.18e-05,AUTO_CO2
59640,16:34:00,10,300.0,0.00045569999999999996,880.5064387495393,0.00133748928046055,0.8805064387495393,1.0,2.7830386914469383,-0.09276795638156461,0.09276795638156461,8.179999999999999e-07,8.18e-05,AUTO_CO2
59700,16:35:00,10,300.0,0.00045569999999999996,880.5058795027226,0.0013374884309646355,0.8805058795027225,1.0,2.7830353301153843,-0.09276784433717948,0.09276784433717948,8.179999999999999e-07,8.18e-05,AUTO_CO2
59760,16:36:00,10,300.0,0.00045569999999999996,880.505375760132,0.0013374876657796405,0.880505375760132,1.0,2.78303230238986,-0.09276774341299533,0.09276774341299533,8.179999999999999e-07,8.18e-05,AUTO_CO2
59820,16:37:00,10,300.0,0.00045569999999999996,880.5049220130296,0.001337486976537792,0.8805049220130297,1.0,2.783029575160305,-0.09276765250534351,0.09276765250534351,8.179999999999999e-07,8.18e-05,AUTO_CO2
59880,16:38:00,10,300.0,0.00045569999999999996,880.5045132994212,0.0013374863557018208,0.8805045132994213,1.0,2.783027118602841,-0.09276757062009469,0.09276757062009469,8.179999999999999e-07,8.18e-05,AUTO_CO2
59940,16:39:00,10,300.0,0.00045569999999999996,880.5041451497927,0.0013374857964825351,0.8805041451497927,1.0,2.783024905853625,-0.09276749686178751,0.09276749686178751,8.179999999999999e-07,8.18e-05,AUTO_CO2
60000,16:40:00,10,300.0,0.00045569999999999996,880.5038135382283,0.0013374852927645687,0.8805038135382283,1.0,2.783022912715042,-0.09276743042383473,0.09276743042383473,8.179999999999999e-07,8.18e-05,AUTO_CO2
60060,16:41:00,10,300.0,0.00045569999999999996,880.5035148383832,0.001337484839039504,0.8805035148383832,1.0,2.7830211173910895,-0.09276737057970298,0.09276737057970298,8.179999999999999e-07,8.18e-05,AUTO_CO2
60120,16:42:00,10,300.0,0.00045569999999999996,880.5032457838256,0.001337484430345631,0.8805032457838255,1.0,2.783019500248999,-0.09276731667496663,0.09276731667496663,8.179999999999999e-07,8.18e-05,AUTO_CO2
60180,16:43:00,10,300.0,0.00045569999999999996,880.5030034323129,0.0013374840622136833,0.8805030034323129,1.0,2.783018043604539,-0.0927672681201513,0.0927672681201513,8.179999999999999e-07,8.18e-05,AUTO_CO2
60240,16:44:00,10,300.0,0.00045569999999999996,880.5027851336208,0.00133748373061797,0.8805027851336208,1.0,2.7830167315286323,-0.09276722438428772,0.09276722438428772,8.179999999999999e-07,8.18e-05,AUTO_CO2
60300,16:45:00,10,300.0,0.00045569999999999996,880.5025885005534,0.0013374834319323406,0.8805025885005534,1.0,2.783015549673132,-0.09276718498910441,0.09276718498910441,8.179999999999999e-07,8.18e-05,AUTO_CO2
60360,16:46:00,10,300.0,0.00045569999999999996,880.502411382843,0.0013374831628905385,0.880502411382843,1.0,2.7830144851139362,-0.09276714950379787,0.09276714950379787,8.179999999999999e-07,8.18e-05,AUTO_CO2
60420,16:47:00,10,300.0,0.00045569999999999996,880.5022518436314,0.001337482920550476,0.8805022518436314,1.0,2.7830135262096327,-0.09276711754032108,0.09276711754032108,8.179999999999999e-07,8.18e-05,AUTO_CO2
60480,16:48:00,10,300.0,0.00045569999999999996,880.5021081382907,0.0013374827022620637,0.8805021081382908,1.0,2.7830126624742038,-0.09276708874914012,0.09276708874914012,8.179999999999999e-07,8.18e-05,AUTO_CO2
60540,16:49:00,10,300.0,0.00045569999999999996,880.5019786953452,0.0013374825056382293,0.8805019786953452,1.0,2.783011884462352,-0.09276706281541172,0.09276706281541172,8.179999999999999e-07,8.18e-05,AUTO_CO2
60600,16:50:00,10,300.0,0.00045569999999999996,880.5018620992847,0.0013374823285288134,0.8805018620992847,1.0,2.7830111836662095,-0.09276703945554031,0.09276703945554031,8.179999999999999e-07,8.18e-05,AUTO_CO2
60660,16:51:00,10,300.0,0.00045569999999999996,880.5017570750856,0.001337482168997055,0.8805017570750856,1.0,2.7830105524222954,-0.09276701841407652,0.09276701841407652,8.179999999999999e-07,8.18e-05,AUTO_CO2
60720,16:52:00,10,300.0,0.00045569999999999996,880.5016624742686,0.001337482025298414,0.8805016624742686,1.0,2.783009983827721,-0.09276699946092402,0.09276699946092402,8.179999999999999e-07,8.18e-05,AUTO_CO2
60780,16:53:00,10,300.0,0.00045569999999999996,880.5015772623384,0.001337481895861492,0.8805015772623384,1.0,2.7830094716646876,-0.09276698238882292,0.09276698238882292,8.179999999999999e-07,8.18e-05,AUTO_CO2
60840,16:54:00,10,300.0,0.00045569999999999996,880.5015005074703,0.0013374817792708472,0.8805015005074702,1.0,2.7830090103325027,-0.09276696701108343,0.09276696701108343,8.179999999999999e-07,8.18e-05,AUTO_CO2
60900,16:55:00,10,300.0,0.00045569999999999996,880.5014313703226,0.00133748167425152,0.8805014313703227,1.0,2.7830085947863337,-0.09276695315954445,0.09276695315954445,8.179999999999999e-07,8.18e-05,AUTO_CO2
60960,16:56:00,10,300.0,0.00045569999999999996,880.5013690948558,0.0013374815796550858,0.8805013690948558,1.0,2.783008220482033,-0.09276694068273442,0.09276694068273442,8.179999999999999e-07,8.18e-05,AUTO_CO2
61020,16:57:00,10,300.0,0.00045569999999999996,880.5013130000639,0.001337481494447097,0.8805013130000638,1.0,2.783007883326442,-0.09276692944421473,0.09276692944421473,8.179999999999999e-07,8.18e-05,AUTO_CO2
61080,16:58:00,10,300.0,0.00045569999999999996,880.5012624725316,0.0013374814176957755,0.8805012624725316,1.0,2.783007579632651,-0.09276691932108837,0.09276691932108837,8.179999999999999e-07,8.18e-05,AUTO_CO2
61140,16:59:00,10,300.0,0.00045569999999999996,880.501216959722,0.0013374813485618178,0.880501216959722,1.0,2.783007306079659,-0.09276691020265529,0.09276691020265529,8.179999999999999e-07,8.18e-05,AUTO_CO2
61200,17:00:00,3,300.0,0.00045569999999999996,880.1870438594829,0.0013370041196225544,0.8801870438594829,1.0,2.7830070596760716,-0.09276690198920239,0.09276690198920239,2.454e-07,2.454e-05,AUTO_CO2
61260,17:01:00,3,300.0,0.00045569999999999996,862.295291000912,0.0013098265470303854,0.8622952910009121,1.0,2.6754725845034253,-0.08918241948344752,0.08918241948344752,2.454e-07,2.454e-05,AUTO_CO2
61320,17:02:00,3,300.0,0.00045569999999999996,846.12174489925,0.0012852589305019607,0.84612174489925,1.0,2.5782705534697685,-0.08594235178232561,0.08594235178232561,2.454e-07,2.454e-05,AUTO_CO2
61380,17:03:00,3,300.0,0.00045569999999999996,831.4538089851593,0.001262978335848457,0.8314538089851593,1.0,2.4901216943197317,-0.0830040564773244,0.0830040564773244,2.454e-07,2.454e-05,AUTO_CO2
61440,17:04:00,3,300.0,0.00045569999999999996,818.1120691205738,0.0012427122329941515,0.8181120691205738,1.0,2.4099465367008026,-0.08033155122336008,0.08033155122336008,2.454e-07,2.454e-05,AUTO_CO2
61500,17:05:00,3,300.0,0.00045569999999999996,805.9440550504722,0.0012242290196216672,0.8059440550504722,1.0,2.3368278241889118,-0.07789426080629705,0.07789426080629705,2.454e-07,2.454e-05,AUTO_CO2
61560,17:06:00,3,300.0,0.00045569999999999996,794.8193595385021,0.0012073306071389847,0.7948193595385021,1.0,2.2699811114692077,-0.0756660370489736,0.0756660370489736,2.454e-07,2.454e-05,AUTO_CO2
61620,17:07:00,3,300.0,0.00045569999999999996,784.6257824982684,0.0011918465636148697,0.7846257824982684,1.0,2.20873153980234,-0.07362438466007801,0.07362438466007801,2.454e-07,2.454e-05,AUTO_CO2
61680,17:08:00,3,300.0,0.00045569999999999996,775.2662574510164,0.0011776294450680938,0.7752662574510164,1.0,2.152495327232728,-0.07174984424109093,0.07174984424109093,2.454e-07,2.454e-05,AUTO_CO2
61740,17:09:00,3,300.0,0.00045569999999999996,766.6563811526736,0.0011645510429709111,0.7666563811526735,1.0,2.1007648932479936,-0.07002549644159978,0.07002549644159978,2.454e-07,2.454e-05,AUTO_CO2
61800,17:10:00,3,300.0,0.00045569999999999996,758.7224126367255,0.0011524993447951859,0.7587224126367255,1.0,2.0530968115199597,-0.06843656038399865,0.06843656038399865,2.454e-07,2.454e-05,AUTO_CO2
61860,17:11:00,3,300.0,0.00045569999999999996,751.3996407751243,0.0011413760543374138,0.7513996407751243,1.0,2.0091019825388203,-0.06697006608462734,0.06697006608462734,2.454e-07,2.454e-05,AUTO_CO2
61920,17:12:00,3,300.0,0.00045569999999999996,744.6310435058127,0.0011310945550853295,0.7446310435058128,1.0,1.9684375629699986,-0.06561458543233328,0.06561458543233328,2.454e-07,2.454e-05,AUTO_CO2
61980,17:13:00,3,300.0,0.00045569999999999996,738.3661796610215,0.0011215782269050917,0.7383661796610216,1.0,1.9308002958056836,-0.06436000986018944,0.06436000986018944,2.454e-07,2.454e-05,AUTO_CO2
62040,17:14:00,3,300.0,0.00045569999999999996,732.5602676157044,0.001112759046508255,0.7325602676157045,1.0,1.895920965476509,-0.06319736551588363,0.06319736551588363,2.454e-07,2.454e-05,AUTO_CO2
62100,17:15:00,3,300.0,0.00045569999999999996,727.1734149909652,0.0011045764173712761,0.7271734149909652,1.0,1.8635597624610782,-0.06211865874870261,0.06211865874870261,2.454e-07,2.454e-05,AUTO_CO2
62160,17:16:00,3,300.0,0.00045569999999999996,722.169971263542,0.0010969761863493202,0.722169971263542,1.0,1.8335023878342314,-0.06111674626114104,0.06111674626114104,2.454e-07,2.454e-05,AUTO_CO2
62220,17:17:00,3,300.0,0.00045569999999999996,717.5179809713798,0.0010899098130955258,0.7175179809713798,1.0,1.8055567633819476,-0.06018522544606492,0.06018522544606492,2.454e-07,2.454e-05,AUTO_CO2
62280,17:18:00,3,300.0,0.00045569999999999996,713.1887197162641,0.0010833336652490053,0.7131887197162642,1.0,1.779550240091508,-0.059318341336383605,0.059318341336383605,2.454e-07,2.454e-05,AUTO_CO2
62340,17:19:00,3,300.0,0.00045569999999999996,709.1562986747192,0.0010772084176868984,0.7091562986747192,1.0,1.7553272189738705,-0.058510907299129014,0.058510907299129014,2.454e-07,2.454e-05,AUTO_CO2
62400,17:20:00,3,300.0,0.00045569999999999996,705.3973260786194,0.0010714985383134229,0.7053973260786194,1.0,1.7327471147431104,-0.05775823715810367,0.05775823715810367,2.454e-07,2.454e-05,AUTO_CO2
62460,17:21:00,3,300.0,0.00045569999999999996,701.8906162957971,0.001066171846153316,0.7018906162957972,1.0,1.7116826059416421,-0.05705608686472141,0.05705608686472141,2.454e-07,2.454e-05,AUTO_CO2
62520,17:22:00,3,300.0,0.00045569999999999996,698.6169388617261,0.001061199130130962,0.6986169388617262,1.0,1.6920181254641828,-0.056400604182139435,0.056400604182139435,2.454e-07,2.454e-05,AUTO_CO2
62580,17:23:00,3,300.0,0.00045569999999999996,695.5588011867094,0.0010565538190026116,0.6955588011867094,1.0,1.673648553704134,-0.05578828512347112,0.05578828512347112,2.454e-07,2.454e-05,AUTO_CO2
62640,17:24:00,3,300.0,0.00045569999999999996,692.7002597650799,0.0010522116945831563,0.6927002597650799,1.0,1.6564780831825183,-0.05521593610608394,0.05521593610608394,2.454e-07,2.454e-05,AUTO_CO2
62700,17:25:00,3,300.0,0.00045569999999999996,690.0267556020374,0.0010481506417594948,0.6900267556020374,1.0,1.6404192288732566,-0.05468064096244188,0.05468064096244188,2.454e-07,2.454e-05,AUTO_CO2
62760,17:26:00,3,300.0,0.00045569999999999996,687.5249702946097,0.0010443504298775122,0.6875249702946097,1.0,1.6253919627786741,-0.05417973209262247,0.05417973209262247,2.454e-07,2.454e-05,AUTO_CO2
62820,17:27:00,3,300.0,0.00045569999999999996,685.1826997905188,0.0010407925209817979,0.6851826997905187,1.0,1.6113229548448484,-0.05371076516149495,0.05371076516149495,2.454e-07,2.454e-05,AUTO_CO2
62880,17:28:00,3,300.0,0.00045569999999999996,682.988743329372,0.001037459901117316,0.682988743329372,1.0,1.598144905199761,-0.05327149683999202,0.05327149683999202,2.454e-07,2.454e-05,AUTO_CO2
62940,17:29:00,3,300.0,0.00045569999999999996,680.9328054656905,0.001034336931502384,0.6809328054656906,1.0,1.585795955075459,-0.05285986516918196,0.05285986516918196,2.454e-07,2.454e-05,AUTO_CO2
63000,17:30:00,3,300.0,0.00045569999999999996,679.005409399393,0.001031409216877678,0.679005409399393,1.0,1.5742191657382587,-0.052473972191275295,0.052473972191275295,2.454e-07,2.454e-05,AUTO_CO2
63060,17:31:00,3,300.0,0.00045569999999999996,677.1978201096332,0.0010286634887465328,0.6771978201096333,1.0,1.5633620563777533,-0.0521120685459251,0.0521120685459251,2.454e-07,2.454e-05,AUTO_CO2
63120,17:32:00,3,300.0,0.00045569999999999996,675.5019760127269,0.001026087501563332,0.6755019760127269,1.0,1.5531761932584818,-0.05177253977528272,0.05177253977528272,2.454e-07,2.454e-05,AUTO_CO2
63180,17:33:00,3,300.0,0.00045569999999999996,673.9104280526449,0.0010236699402119676,0.6739104280526449,1.0,1.5436168235679657,-0.05145389411893219,0.05145389411893219,2.454e-07,2.454e-05,AUTO_CO2
63240,17:34:00,3,300.0,0.00045569999999999996,672.4162852898686,0.0010214003373553104,0.6724162852898686,1.0,1.534642548341452,-0.051154751611381735,0.051154751611381735,2.454e-07,2.454e-05,AUTO_CO2
63300,17:35:00,3,300.0,0.00045569999999999996,671.0131661866714,0.0010192689994375538,0.6710131661866714,1.0,1.5262150296396098,-0.050873834321320324,0.050873834321320324,2.454e-07,2.454e-05,AUTO_CO2
63360,17:36:00,3,300.0,0.00045569999999999996,669.6951548984651,0.0010172669402907684,0.6696951548984651,1.0,1.5182987278267477,-0.050609957594224916,0.050609957594224916,2.454e-07,2.454e-05,AUTO_CO2
63420,17:37:00,3,300.0,0.00045569999999999996,668.4567619752567,0.0010153858214404148,0.6684567619752566,1.0,1.5108606653651366,-0.05036202217883789,0.05036202217883789,2.454e-07,2.454e-05,AUTO_CO2
63480,17:38:00,3,300.0,0.00045569999999999996,667.2928889573966,0.0010136178983262854,0.6672928889573966,1.0,1.503870214023127,-0.05012900713410423,0.05012900713410423,2.454e-07,2.454e-05,AUTO_CO2
63540,17:39:00,3,300.0,0.00045569999999999996,666.1987964180043,0.0010119559717589486,0.6661987964180044,1.0,1.4972989028050687,-0.04990996342683563,0.04990996342683563,2.454e-07,2.454e-05,AUTO_CO2
63600,17:40:00,3,300.0,0.00045569999999999996,665.1700750626792,0.0010103933440202097,0.6651700750626792,1.0,1.4911202442613187,-0.04970400814204396,0.04970400814204396,2.454e-07,2.454e-05,AUTO_CO2
63660,17:41:00,3,300.0,0.00045569999999999996,664.2026195469342,0.0010089237790917931,0.6642026195469343,1.0,1.4853095771363214,-0.04951031923787738,0.04951031923787738,2.454e-07,2.454e-05,AUTO_CO2
63720,17:42:00,3,300.0,0.00045569999999999996,663.29260471456,0.0010075414665614165,0.66329260471456,1.0,1.479843923570047,-0.04932813078566823,0.04932813078566823,2.454e-07,2.454e-05,AUTO_CO2
63780,17:43:00,3,300.0,0.00045569999999999996,662.4364639969125,0.00100624098881131,0.6624364639969125,1.0,1.4747018592893468,-0.04915672864297823,0.04915672864297823,2.454e-07,2.454e-05,AUTO_CO2
63840,17:44:00,3,300.0,0.00045569999999999996,661.6308697448493,0.0010050172911424261,0.6616308697448493,1.0,1.4698633954166027,-0.04899544651388676,0.04899544651388676,2.454e-07,2.454e-05,AUTO_CO2
63900,17:45:00,3,300.0,0.00045569999999999996,660.8727152924638,0.0010038656545292525,0.6608727152924638,1.0,1.4653098706880234,-0.04884366235626745,0.04884366235626745,2.454e-07,2.454e-05,AUTO_CO2
63960,17:46:00,3,300.0,0.00045569999999999996,660.1590985755448,0.0010027816707362525,0.6601590985755448,1.0,1.4610238530169477,-0.048700795100564916,0.048700795100564916,2.454e-07,2.454e-05,AUTO_CO2
64020,17:47:00,3,300.0,0.00045569999999999996,659.4873071483087,0.001001761219558281,0.6594873071483087,1.0,1.4569890494614972,-0.04856630164871657,0.04856630164871657,2.454e-07,2.454e-05,AUTO_CO2
64080,17:48:00,3,300.0,0.00045569999999999996,658.8548044599232,0.0010008004479746234,0.6588548044599233,1.0,1.453190223764019,-0.0484396741254673,0.0484396741254673,2.454e-07,2.454e-05,AUTO_CO2
64140,17:49:00,3,300.0,0.00045569999999999996,658.2592172680046,0.000999895751030099,0.6582592172680046,1.0,1.4496131207239529,-0.04832043735746509,0.04832043735746509,2.454e-07,2.454e-05,AUTO_CO2
64200,17:50:00,3,300.0,0.00045569999999999996,657.6983240799474,0.00099904375427744,0.6576983240799473,1.0,1.4462443967479883,-0.048208146558266274,0.048208146558266274,2.454e-07,2.454e-05,AUTO_CO2
64260,17:51:00,3,300.0,0.00045569999999999996,657.170044524939,0.0009982412976333823,0.657170044524939,1.0,1.4430715559935123,-0.04810238519978374,0.04810238519978374,2.454e-07,2.454e-05,AUTO_CO2
64320,17:52:00,3,300.0,0.00045569999999999996,656.6724295700208,0.0009974854205168616,0.6566724295700208,1.0,1.4400828915845114,-0.048002763052817046,0.048002763052817046,2.454e-07,2.454e-05,AUTO_CO2
64380,17:53:00,3,300.0,0.00045569999999999996,656.2036525027931,0.0009967733481517427,0.6562036525027931,1.0,1.4372674314346794,-0.04790891438115598,0.04790891438115598,2.454e-07,2.454e-05,AUTO_CO2
64440,17:54:00,3,300.0,0.00045569999999999996,655.7620006115053,0.0009961024789288764,0.6557620006115052,1.0,1.434614888261379,-0.0478204962753793,0.0478204962753793,2.454e-07,2.454e-05,AUTO_CO2
64500,17:55:00,3,300.0,0.00045569999999999996,655.3458675004428,0.0009954703727331725,0.6553458675004428,1.0,1.432115613417277,-0.04773718711390923,0.04773718711390923,2.454e-07,2.454e-05,AUTO_CO2
64560,17:56:00,3,300.0,0.00045569999999999996,654.953745984874,0.0009948747401510236,0.654953745984874,1.0,1.4297605542046194,-0.04765868514015397,0.04765868514015397,2.454e-07,2.454e-05,AUTO_CO2
64620,17:57:00,3,300.0,0.00045569999999999996,654.5842215154149,0.0009943134324819152,0.654584221515415,1.0,1.4275412143707769,-0.04758470714569256,0.04758470714569256,2.454e-07,2.454e-05,AUTO_CO2
64680,17:58:00,3,300.0,0.00045569999999999996,654.2359660866762,0.0009937844324856612,0.6542359660866762,1.0,1.4254496175137739,-0.04751498725045913,0.04751498725045913,2.454e-07,2.454e-05,AUTO_CO2
64740,17:59:00,3,300.0,0.00045569999999999996,653.9077325894455,0.0009932858458033677,0.6539077325894455,1.0,1.4234782731528934,-0.04744927577176312,0.04744927577176312,2.454e-07,2.454e-05,AUTO_CO2
64800,18:00:00,0,300.0,0.00045569999999999996,653.4637215248508,0.0009926113929962484,0.6534637215248509,1.0,1.42162014524328,-0.04738733817477599,0.04738733817477599,0.0,0.0,AUTO_CO2
64860,18:01:00,0,300.0,0.00045569999999999996,645.3300016662797,0.000980256272531079,0.6453300016662797,1.0,1.3727704094097724,-0.045759013646992405,0.045759013646992405,0.0,0.0,AUTO_CO2
64920,18:02:00,0,300.0,0.00045569999999999996,637.650434270078,0.0009685910096562483,0.637650434270078,1.0,1.3266494537845999,-0.04422164845948666,0.04422164845948666,0.0,0.0,AUTO_CO2
64980,18:03:00,0,300.0,0.00045569999999999996,630.3884915983939,0.0009575601187379603,0.6303884915983939,1.0,1.2830377029623907,-0.042767923432079684,0.042767923432079684,0.0,0.0,AUTO_CO2
65040,18:04:00,0,300.0,0.00045569999999999996,623.5114605436725,0.0009471139085658384,0.6235114605436725,1.0,1.2417385220182782,-0.041391284067275935,0.041391284067275935,0.0,0.0,AUTO_CO2
65100,18:05:00,0,300.0,0.00045569999999999996,616.9899572845051,0.0009372077451151633,0.6169899572845051,1.0,1.2025752964990586,-0.04008584321663528,0.04008584321663528,0.0,0.0,AUTO_CO2
65160,18:06:00,0,300.0,0.00045569999999999996,610.7975142090655,0.0009278014240835704,0.6107975142090655,1.0,1.1653889473826844,-0.038846298246089477,0.038846298246089477,0.0,0.0,AUTO_CO2
65220,18:07:00,0,300.0,0.00045569999999999996,604.9102268554363,0.0009188586345934078,0.6049102268554364,1.0,1.1300358072411498,-0.03766786024137166,0.03766786024137166,0.0,0.0,AUTO_CO2
65280,18:08:00,0,300.0,0.00045569999999999996,599.3064509355146,0.0009103464989710467,0.5993064509355146,1.0,1.0963857978008873,-0.03654619326002957,0.03654619326002957,0.0,0.0,AUTO_CO2
65340,18:09:00,0,300.0,0.00045569999999999996,593.9665413447765,0.0009022351763027154,0.5939665413447764,1.0,1.0643208601507297,-0.03547736200502432,0.03547736200502432,0.0,0.0,AUTO_CO2
65400,18:10:00,0,300.0,0.00045569999999999996,588.8726265227704,0.0008944975196880882,0.5888726265227704,1.0,1.0337335976558673,-0.03445778658852891,0.03445778658852891,0.0,0.0,AUTO_CO2
65460,18:11:00,0,300.0,0.00045569999999999996,584.0084127011679,0.000887108778893074,0.5840084127011679,1.0,1.004526098693686,-0.03348420328978952,0.03348420328978952,0.0,0.0,AUTO_CO2
65520,18:12:00,0,300.0,0.00045569999999999996,579.3590135202927,0.0008800463415373246,0.5793590135202927,1.0,0.9766089120121535,-0.03255363040040512,0.03255363040040512,0.0,0.0,AUTO_CO2
65580,18:13:00,0,300.0,0.00045569999999999996,574.9108012594857,0.0008732895071131587,0.5749108012594857,1.0,0.9499001521139876,-0.03166333840379958,0.03166333840379958,0.0,0.0,AUTO_CO2
65640,18:14:00,0,300.0,0.00045569999999999996,570.6512765486212,0.0008668192890773557,0.5706512765486212,1.0,0.9243247158143211,-0.03081082386047737,0.03081082386047737,0.0,0.0,AUTO_CO2
65700,18:15:00,0,300.0,0.00045569999999999996,566.5689539364978,0.0008606182410295401,0.5665689539364978,1.0,0.899813594180153,-0.029993786472671768,0.029993786472671768,0.0,0.0,AUTO_CO2
65760,18:16:00,0,300.0,0.00045569999999999996,562.6532611092492,0.0008546703036249495,0.5626532611092492,1.0,0.8763032665726085,-0.02921010888575362,0.02921010888575362,0.0,0.0,AUTO_CO2
65820,18:17:00,0,300.0,0.00045569999999999996,558.8944498961052,0.0008489606693921839,0.5588944498961053,1.0,0.8537351655846499,-0.028457838852821663,0.028457838852821663,0.0,0.0,AUTO_CO2
65880,18:18:00,0,300.0,0.00045569999999999996,555.2835174847764,0.0008434756630593754,0.5552835174847764,1.0,0.8320552033819482,-0.02773517344606494,0.02773517344606494,0.0,0.0,AUTO_CO2
65940,18:19:00,0,300.0,0.00045569999999999996,551.8121365055587,0.0008382026353519436,0.5518121365055587,1.0,0.8112133513798581,-0.02704044504599527,0.02704044504599527,0.0,0.0,AUTO_CO2
66000,18:20:00,0,300.0,0.00045569999999999996,548.4725928408301,0.0008331298685252208,0.54847259284083,1.0,0.7911632663784616,-0.02637210887928205,0.02637210887928205,0.0,0.0,AUTO_CO2
66060,18:21:00,0,300.0,0.00045569999999999996,545.2577301820173,0.0008282464921464843,0.5452577301820173,1.0,0.7718619572729861,-0.025728731909099533,0.025728731909099533,0.0,0.0,AUTO_CO2
66120,18:22:00,0,300.0,0.00045569999999999996,542.1609004950783,0.0008235424078520238,0.5421609004950783,1.0,0.7532694872931334,-0.025108982909771108,0.025108982909771108,0.0,0.0,AUTO_CO2
66180,18:23:00,0,300.0,0.00045569999999999996,539.1759196726824,0.0008190082219828045,0.5391759196726824,1.0,0.7353487074296279,-0.024511623580987595,0.024511623580987595,0.0,0.0,AUTO_CO2
66240,18:24:00,0,300.0,0.00045569999999999996,536.297027750328,0.0008146351851527481,0.536297027750328,1.0,0.7180650173022967,-0.023935500576743225,0.023935500576743225,0.0,0.0,AUTO_CO2
66300,18:25:00,0,300.0,0.00045569999999999996,533.5188531476488,0.0008104151379312786,0.5335188531476488,1.0,0.7013861502294745,-0.023379538340982484,0.023379538340982484,0.0,0.0,AUTO_CO2
66360,18:26:00,0,300.0,0.00045569999999999996,530.8363804676444,0.0008063404619303518,0.5308363804676444,1.0,0.6852819796884964,-0.022842732656283213,0.022842732656283213,0.0,0.0,AUTO_CO2
66420,18:27:00,0,300.0,0.00045569999999999996,528.244921447547,0.0008024040356788238,0.528244921447547,1.0,0.6697243447239547,-0.02232414482413182,0.02232414482413182,0.0,0.0,AUTO_CO2
66480,18:28:00,0,300.0,0.00045569999999999996,525.7400887072163,0.0007985991947462614,0.5257400887072162,1.0,0.6546868921742162,-0.0218228964058072,0.0218228964058072,0.0,0.0,AUTO_CO2
66540,18:29:00,0,300.0,0.00045569999999999996,523.3177719857009,0.0007949196956462797,0.523317771985701,1.0,0.6401449338558836,-0.021338164461862784,0.021338164461862784,0.0,0.0,AUTO_CO2
66600,18:30:00,0,300.0,0.00045569999999999996,520.9741165951021,0.0007913596831079601,0.5209741165951022,1.0,0.626075317077448,-0.020869177235914933,0.020869177235914933,0.0,0.0,AUTO_CO2
66660,18:31:00,0,300.0,0.00045569999999999996,518.7055038540516,0.0007879136603543042,0.5187055038540516,1.0,0.6124563070529163,-0.020415210235097212,0.020415210235097212,0.0,0.0,AUTO_CO2
66720,18:32:00,0,300.0,0.00045569999999999996,516.5085332918056,0.0007845764620702529,0.5165085332918057,1.0,0.599267479958753,-0.019975582665291765,0.019975582665291765,0.0,0.0,AUTO_CO2
66780,18:33:00,0,300.0,0.00045569999999999996,514.3800064387937,0.0007813432297805276,0.5143800064387937,1.0,0.5864896255268506,-0.01954965418422835,0.01954965418422835,0.0,0.0,AUTO_CO2
66840,18:34:00,0,300.0,0.00045569999999999996,512.3169120410302,0.0007782093893903248,0.5123169120410301,1.0,0.5741046581959859,-0.019136821939866194,0.019136821939866194,0.0,0.0,AUTO_CO2
66900,18:35:00,0,300.0,0.00045569999999999996,510.3164125545768,0.0007751706306704022,0.5103164125545768,1.0,0.5620955359571038,-0.018736517865236793,0.018736517865236793,0.0,0.0,AUTO_CO2
66960,18:36:00,0,300.0,0.00045569999999999996,508.3758317925966,0.0007722228884929543,0.5083758317925966,1.0,0.5504461861261651,-0.018348206204205506,0.018348206204205506,0.0,0.0,AUTO_CO2
67020,18:37:00,0,300.0,0.00045569999999999996,506.49264361184834,0.0007693623256463975,0.5064926436118483,1.0,0.5391414373643229,-0.017971381245477428,0.017971381245477428,0.0,0.0,AUTO_CO2
67080,18:38:00,0,300.0,0.00045569999999999996,504.66446153799006,0.0007665853170762069,0.50466446153799,1.0,0.5281669573404306,-0.017605565244681022,0.017605565244681022,0.0,0.0,AUTO_CO2
67140,18:39:00,0,300.0,0.00045569999999999996,502.8890292400403,0.0007638884354156212,0.5028890292400403,1.0,0.5175091954969839,-0.01725030651656613,0.01725030651656613,0.0,0.0,AUTO_CO2
67200,18:40:00,0,300.0,0.00045569999999999996,501.1642117739995,0.0007612684376847053,0.5011642117739995,1.0,0.5071553304385801,-0.016905177681286,0.016905177681286,0.0,0.0,AUTO_CO2
67260,18:41:00,0,300.0,0.00045569999999999996,499.48798752413563,0.000758722253049162,0.49948798752413565,1.0,0.4970932215131283,-0.01656977405043761,0.01656977405043761,0.0,0.0,AUTO_CO2
67320,18:42:00,0,300.0,0.00045569999999999996,497.8584407779276,0.000756246971541672,0.4978584407779276,1.0,0.4873113642010716,-0.01624371214003572,0.01624371214003572,0.0,0.0,AUTO_CO2
67380,18:43:00,0,300.0,0.00045569999999999996,496.27375487729245,0.0007538398336586073,0.4962737548772925,1.0,0.4777988489677414,-0.01592662829892471,0.01592662829892471,0.0,0.0,AUTO_CO2
67440,18:44:00,0,300.0,0.00045569999999999996,494.73220589457685,0.0007514982207538622,0.49473220589457684,1.0,0.4685453232691965,-0.015618177442306551,0.015618177442306551,0.0,0.0,AUTO_CO2
67500,18:45:00,0,300.0,0.00045569999999999996,493.23215678699404,0.000749219646159444,0.49323215678699406,1.0,0.45954095643311543,-0.015318031881103847,0.015318031881103847,0.0,0.0,AUTO_CO2
67560,18:46:00,0,300.0,0.00045569999999999996,491.7720519878034,0.0007470017469694734,0.49177205198780344,1.0,0.4507764071641187,-0.015025880238803958,0.015025880238803958,0.0,0.0,AUTO_CO2
67620,18:47:00,0,300.0,0.00045569999999999996,490.3504123966275,0.0007448422764304771,0.4903504123966275,1.0,0.44224279344747863,-0.014741426448249289,0.014741426448249289,0.0,0.0,AUTO_CO2
67680,18:48:00,0,300.0,0.00045569999999999996,488.965830734964,0.0007427390968864103,0.488965830734964,1.0,0.43393166464723887,-0.01446438882157463,0.01446438882157463,0.0,0.0,AUTO_CO2
67740,18:49:00,0,300.0,0.00045569999999999996,487.61696723620366,0.0007406901732317934,0.4876169672362037,1.0,0.4258349756142743,-0.014194499187142476,0.014194499187142476,0.0,0.0,AUTO_CO2
67800,18:50:00,0,300.0,0.00045569999999999996,486.30254564238066,0.0007386935668307762,0.4863025456423807,1.0,0.4179450626374033,-0.013931502087913442,0.013931502087913442,0.0,0.0,AUTO_CO2
67860,18:51:00,0,300.0,0.00045569999999999996,485.0213494824861,0.0007367474298638964,0.4850213494824861,1.0,0.4102546210862732,-0.013675154036209107,0.013675154036209107,0.0,0.0,AUTO_CO2
67920,18:52:00,0,300.0,0.00045569999999999996,483.77221860950715,0.0007348500000678413,0.48377221860950714,1.0,0.40275668460877156,-0.013425222820292385,0.013425222820292385,0.0,0.0,AUTO_CO2
67980,18:53:00,0,300.0,0.00045569999999999996,482.55404597544845,0.0007329995958367062,0.48255404597544843,1.0,0.3954446057583172,-0.013181486858610574,0.013181486858610574,0.0,0.0,AUTO_CO2
68040,18:54:00,0,300.0,0.00045569999999999996,481.3657746254712,0.0007311946116560907,0.4813657746254712,1.0,0.38831203793765035,-0.012943734597921678,0.012943734597921678,0.0,0.0,AUTO_CO2
68100,18:55:00,0,300.0,0.00045569999999999996,480.20639489397286,0.0007294335138439448,0.4802063948939729,1.0,0.381352918555915,-0.012711763951863835,0.012711763951863835,0.0,0.0,AUTO_CO2
68160,18:56:00,0,300.0,0.00045569999999999996,479.07494178696066,0.0007277148365743932,0.47907494178696064,1.0,0.3745614533049899,-0.012485381776832997,0.012485381776832997,0.0,0.0,AUTO_CO2
68220,18:57:00,0,300.0,0.00045569999999999996,477.97049253642916,0.0007260371781628358,0.47797049253642915,1.0,0.3679321014692194,-0.012264403382307311,0.012264403382307311,0.0,0.0,AUTO_CO2
68280,18:58:00,0,300.0,0.00045569999999999996,476.89216431370136,0.0007243991975925124,0.47689216431370135,1.0,0.36145956219016195,-0.012048652073005399,0.012048652073005399,0.0,0.0,AUTO_CO2
68340,18:59:00,0,300.0,0.00045569999999999996,475.8391120898108,0.0007227996112644225,0.4758391120898108,1.0,0.35513876161473457,-0.011837958720491152,0.011837958720491152,0.0,0.0,AUTO_CO2
68400,19:00:00,0,300.0,0.00045569999999999996,474.81052663200376,0.0007212371899540137,0.47481052663200374,1.0,0.348964840861123,-0.011632161362037435,0.011632161362037435,0.0,0.0,AUTO_CO2
68460,19:01:00,0,300.0,0.00045569999999999996,473.80563262637156,0.0007197107559594584,0.47380563262637154,1.0,0.3429331447424193,-0.011431104824747311,0.011431104824747311,0.0,0.0,AUTO_CO2
68520,19:02:00,0,300.0,0.00045569999999999996,472.8236869174389,0.0007182191804275897,0.4728236869174389,1.0,0.33703921119288793,-0.011234640373096265,0.011234640373096265,0.0,0.0,AUTO_CO2
68580,19:03:00,0,300.0,0.00045569999999999996,471.86397685629964,0.0007167613808447192,0.47186397685629966,1.0,0.33127876134631506,-0.011042625378210501,0.011042625378210501,0.0,0.0,AUTO_CO2
68640,19:04:00,0,300.0,0.00045569999999999996,470.9258187495664,0.0007153363186805914,0.4709258187495664,1.0,0.32564769021998163,-0.010854923007332718,0.010854923007332718,0.0,0.0,AUTO_CO2
68700,19:05:00,0,300.0,0.00045569999999999996,470.0085564020338,0.0007139429971746892,0.47000855640203376,1.0,0.320142057961605,-0.010671401932053497,0.010671401932053497,0.0,0.0,AUTO_CO2
68760,19:06:00,0,300.0,0.00045569999999999996,469.1115597465083,0.0007125804592549461,0.4691115597465083,1.0,0.31475808161990537,-0.010491936053996846,0.010491936053996846,0.0,0.0,AUTO_CO2
68820,19:07:00,0,300.0,0.00045569999999999996,468.23422355478885,0.0007112477855797242,0.46823422355478883,1.0,0.30949212740265164,-0.010316404246755055,0.010316404246755055,0.0,0.0,AUTO_CO2
68880,19:08:00,0,300.0,0.00045569999999999996,467.3759662242389,0.0007099440926946188,0.4673759662242389,1.0,0.3043407033887977,-0.010144690112959924,0.010144690112959924,0.0,0.0,AUTO_CO2
68940,19:09:00,0,300.0,0.00045569999999999996,466.5362286348354,0.000708668531296315,0.4665362286348354,1.0,0.2993004526639651,-0.009976681755465504,0.009976681755465504,0.0,0.0,AUTO_CO2
69000,19:10:00,0,300.0,0.00045569999999999996,465.71447307195916,0.000707420284596306,0.4657144730719592,1.0,0.29436814685083235,-0.009812271561694412,0.009812271561694412,0.0,0.0,AUTO_CO2
69060,19:11:00,0,300.0,0.00045569999999999996,464.91018221055856,0.0007061985667778384,0.4649101822105586,1.0,0.28954068000818056,-0.009651356000272684,0.009651356000272684,0.0,0.0,AUTO_CO2
69120,19:12:00,0,300.0,0.00045569999999999996,464.1228581566463,0.0007050026215399457,0.46412285815664633,1.0,0.2848150628743369,-0.009493835429144563,0.009493835429144563,0.0,0.0,AUTO_CO2
69180,19:13:00,0,300.0,0.00045569999999999996,463.35202154238925,0.0007038317207228893,0.46335202154238925,1.0,0.28018841743252043,-0.009339613914417347,0.009339613914417347,0.0,0.0,AUTO_CO2
69240,19:14:00,0,300.0,0.00045569999999999996,462.59721067132506,0.0007026851630097427,0.46259721067132503,1.0,0.27565797177729756,-0.009188599059243251,0.009188599059243251,0.0,0.0,AUTO_CO2
69300,19:15:00,0,300.0,0.00045569999999999996,461.8579807104993,0.0007015622726992485,0.4618579807104993,1.0,0.2712210552628571,-0.009040701842095237,0.009040701842095237,0.0,0.0,AUTO_CO2
69360,19:16:00,0,300.0,0.00045569999999999996,461.13390292654304,0.0007004623985454189,0.46113390292654305,1.0,0.2668750939152291,-0.008895836463840972,0.008895836463840972,0.0,0.0,AUTO_CO2
69420,19:17:00,0,300.0,0.00045569999999999996,460.42456396292715,0.0006993849126596863,0.46042456396292714,1.0,0.2626176060918106,-0.008753920203060353,0.008753920203060353,0.0,0.0,AUTO_CO2
69480,19:18:00,0,300.0,0.00045569999999999996,459.72956515582905,0.0006983292094717043,0.4597295651558291,1.0,0.2584461983728392,-0.00861487327909464,0.00861487327909464,0.0,0.0,AUTO_CO2
69540,19:19:00,0,300.0,0.00045569999999999996,459.04852188622675,0.0006972947047451784,0.45904852188622675,1.0,0.254358561670434,-0.008478618722347802,0.008478618722347802,0.0,0.0,AUTO_CO2
69600,19:20:00,0,300.0,0.00045569999999999996,458.3810629659952,0.0006962808346453467,0.45838106296599523,1.0,0.25035246754188334,-0.00834508225139611,0.00834508225139611,0.0,0.0,AUTO_CO2
69660,19:21:00,0,300.0,0.00045569999999999996,457.726830055953,0.0006952870548549926,0.457726830055953,1.0,0.2464257646948269,-0.008214192156494231,0.008214192156494231,0.0,0.0,AUTO_CO2
69720,19:22:00,0,300.0,0.00045569999999999996,457.08547711392316,0.0006943128397360492,0.45708547711392317,1.0,0.2425763756727073,-0.008085879189090242,0.008085879189090242,0.0,0.0,AUTO_CO2
69780,19:23:00,0,300.0,0.00045569999999999996,456.4566698710273,0.0006933576815340905,0.45645666987102734,1.0,0.23880229370979666,-0.007960076456993223,0.007960076456993223,0.0,0.0,AUTO_CO2
69840,19:24:00,0,300.0,0.00045569999999999996,455.8400853345356,0.0006924210896231596,0.4558400853345356,1.0,0.2351015797457201,-0.007836719324857336,0.007836719324857336,0.0,0.0,AUTO_CO2
69900,19:25:00,0,300.0,0.00045569999999999996,455.2354113157202,0.000691502589788579,0.4552354113157202,1.0,0.23147235959014534,-0.007715745319671511,0.007715745319671511,0.0,0.0,AUTO_CO2
69960,19:26:00,0,300.0,0.00045569999999999996,454.64234598125256,0.0006906017235455226,0.4546423459812526,1.0,0.2279128212288879,-0.007597094040962929,0.007597094040962929,0.0,0.0,AUTO_CO2
70020,19:27:00,0,300.0,0.00045569999999999996,454.06059742678957,0.0006897180474912933,0.45406059742678956,1.0,0.22442121226326428,-0.007480707075442143,0.007480707075442143,0.0,0.0,AUTO_CO2
70080,19:28:00,0,300.0,0.00045569999999999996,453.48988327147487,0.0006888511326893703,0.4534898832714749,1.0,0.22099583747507534,-0.007366527915835845,0.007366527915835845,0.0,0.0,AUTO_CO2
70140,19:29:00,0,300.0,0.00045569999999999996,452.9299302721732,0.000688000564083431,0.45292993027217315,1.0,0.21763505651008863,-0.007254501883669621,0.007254501883669621,0.0,0.0,AUTO_CO2
70200,19:30:00,0,300.0,0.00045569999999999996,452.38047395632196,0.000687165939939653,0.45238047395632197,1.0,0.21433728167334465,-0.007144576055778155,0.007144576055778155,0.0,0.0,AUTO_CO2
70260,19:31:00,0,300.0,0.00045569999999999996,451.8412582723611,0.0006863468713157165,0.4518412582723611,1.0,0.2111009758300213,-0.007036699194334043,0.007036699194334043,0.0,0.0,AUTO_CO2
70320,19:32:00,0,300.0,0.00045569999999999996,451.3120352567693,0.0006855429815550326,0.45131203525676933,1.0,0.20792465040604124,-0.006930821680201375,0.006930821680201375,0.0,0.0,AUTO_CO2
70380,19:33:00,0,300.0,0.00045569999999999996,450.79256471679037,0.0006847539058048045,0.45079256471679036,1.0,0.2048068634828999,-0.006826895449429996,0.006826895449429996,0.0,0.0,AUTO_CO2
70440,19:34:00,0,300.0,0.00045569999999999996,450.2826139279956,0.0006839792905566253,0.4502826139279956,1.0,0.20174621798160075,-0.006724873932720025,0.006724873932720025,0.0,0.0,AUTO_CO2
70500,19:35:00,0,300.0,0.00045569999999999996,449.78126851509074,0.0006832177468744228,0.44978126851509076,1.0,0.2,-0.006666666666666667,0.006666666666666667,0.0,0.0,AUTO_MIN
70560,19:36:00,0,300.0,0.00045569999999999996,449.2828149913975,0.0006824605959719328,0.4492828149913975,1.0,0.2,-0.006666666666666667,0.006666666666666667,0.0,0.0,AUTO_MIN
70620,19:37:00,0,300.0,0.00045569999999999996,448.7860202593392,0.0006817059647739362,0.44878602025933917,1.0,0.2,-0.006666666666666667,0.006666666666666667,0.0,0.0,AUTO_MIN
70680,19:38:00,0,300.0,0.00045569999999999996,448.29087879866245,0.0006809538448951682,0.4482908787986625,1.0,0.2,-0.006666666666666667,0.006666666666666667,0.0,0.0,AUTO_MIN
70740,19:39:00,0,300.0,0.00045569999999999996,447.7973851074851,0.0006802042279782698,0.4477973851074851,1.0,0.2,-0.006666666666666667,0.006666666666666667,0.0,0.0,AUTO_MIN
70800,19:40:00,0,300.0,0.00045569999999999996,447.30553370223373,0.000679457105693693,0.44730553370223375,1.0,0.2,-0.006666666666666667,0.006666666666666667,0.0,0.0,AUTO_MIN
70860,19:41:00,0,300.0,0.00045569999999999996,446.8153191175845,0.0006787124697396109,0.44681531911758454,1.0,0.2,-0.006666666666666667,0.006666666666666667,0.0,0.0,AUTO_MIN
70920,19:42:00,0,300.0,0.00045569999999999996,446.3267359064006,0.0006779703118418225,0.4463267359064006,1.0,0.2,-0.006666666666666667,0.006666666666666667,0.0,0.0,AUTO_MIN
70980,19:43:00,0,300.0,0.00045569999999999996,445.83977863967317,0.0006772306237536635,0.44583977863967317,1.0,0.2,-0.006666666666666667,0.006666666666666667,0.0,0.0,AUTO_MIN
71040,19:44:00,0,300.0,0.00045569999999999996,445.3544419064605,0.0006764933972559135,0.4453544419064605,1.0,0.2,-0.006666666666666667,0.006666666666666667,0.0,0.0,AUTO_MIN
71100,19:45:00,0,300.0,0.00045569999999999996,444.8707203138275,0.000675758624156704,0.4448707203138275,1.0,0.2,-0.006666666666666667,0.006666666666666667,0.0,0.0,AUTO_MIN
71160,19:46:00,0,300.0,0.00045569999999999996,444.38860848678627,0.0006750262962914283,0.44438860848678624,1.0,0.2,-0.006666666666666667,0.006666666666666667,0.0,0.0,AUTO_MIN
71220,19:47:00,0,300.0,0.00045569999999999996,443.9081010682361,0.0006742964055226506,0.4439081010682361,1.0,0.2,-0.006666666666666667,0.006666666666666667,0.0,0.0,AUTO_MIN
71280,19:48:00,0,300.0,0.00045569999999999996,443.4291927189042,0.0006735689437400154,0.4434291927189042,1.0,0.2,-0.006666666666666667,0.006666666666666667,0.0,0.0,AUTO_MIN
71340,19:49:00,0,300.0,0.00045569999999999996,442.9518781172856,0.0006728439028601568,0.4429518781172856,1.0,0.2,-0.006666666666666667,0.006666666666666667,0.0,0.0,AUTO_MIN
71400,19:50:00,0,300.0,0.00045569999999999996,442.4761519595854,0.0006721212748266103,0.44247615195958545,1.0,0.2,-0.006666666666666667,0.006666666666666667,0.0,0.0,AUTO_MIN
71460,19:51:00,0,300.0,0.00045569999999999996,442.0020089596594,0.0006714010516097226,0.4420020089596594,1.0,0.2,-0.006666666666666667,0.006666666666666667,0.0,0.0,AUTO_MIN
71520,19:52:00,0,300.0,0.00045569999999999996,441.5294438489539,0.000670683225206561,0.44152944384895393,1.0,0.2,-0.006666666666666667,0.006666666666666667,0.0,0.0,AUTO_MIN
71580,19:53:00,0,300.0,0.00045569999999999996,441.058451376449,0.000669967787640826,0.441058451376449,1.0,0.2,-0.006666666666666667,0.006666666666666667,0.0,0.0,AUTO_MIN
71640,19:54:00,0,300.0,0.00045569999999999996,440.58902630859944,0.0006692547309627625,0.4405890263085994,1.0,0.2,-0.006666666666666667,0.006666666666666667,0.0,0.0,AUTO_MIN
71700,19:55:00,0,300.0,0.00045569999999999996,440.1211634292767,0.0006685440472490713,0.4401211634292767,1.0,0.2,-0.006666666666666667,0.006666666666666667,0.0,0.0,AUTO_MIN
71760,19:56:00,0,300.0,0.00045569999999999996,439.6548575397101,0.0006678357286028197,0.4396548575397101,1.0,0.2,-0.006666666666666667,0.006666666666666667,0.0,0.0,AUTO_MIN
71820,19:57:00,0,300.0,0.00045569999999999996,439.1901034584314,0.0006671297671533573,0.4391901034584314,1.0,0.2,-0.006666666666666667,0.006666666666666667,0.0,0.0,AUTO_MIN
71880,19:58:00,0,300.0,0.00045569999999999996,438.7268960212138,0.0006664261550562237,0.4387268960212138,1.0,0.2,-0.006666666666666667,0.006666666666666667,0.0,0.0,AUTO_MIN
71940,19:59:00,0,300.0,0.00045569999999999996,438.2652300810177,0.0006657248844930658,0.4382652300810177,1.0,0.2,-0.006666666666666667,0.006666666666666667,0.0,0.0,AUTO_MIN
72000,20:00:00,0,300.0,0.00045569999999999996,437.80510050793174,0.0006650259476715483,0.43780510050793175,1.0,0.2,-0.006666666666666667,0.006666666666666667,0.0,0.0,AUTO_MIN
72060,20:01:00,0,300.0,0.00045569999999999996,437.34650218911617,0.0006643293368252674,0.43734650218911614,1.0,0.2,-0.006666666666666667,0.006666666666666667,0.0,0.0,AUTO_MIN
72120,20:02:00,0,300.0,0.00045569999999999996,436.88943002874635,0.0006636350442136657,0.43688943002874636,1.0,0.2,-0.006666666666666667,0.006666666666666667,0.0,0.0,AUTO_MIN
72180,20:03:00,0,300.0,0.00045569999999999996,436.433878947956,0.0006629430621219451,0.436433878947956,1.0,0.2,-0.006666666666666667,0.006666666666666667,0.0,0.0,AUTO_MIN
72240,20:04:00,0,300.0,0.00045569999999999996,435.9798438847806,0.0006622533828609818,0.4359798438847806,1.0,0.2,-0.006666666666666667,0.006666666666666667,0.0,0.0,AUTO_MIN
72300,20:05:00,0,300.0,0.00045569999999999996,435.5273197941012,0.0006615659987672397,0.4355273197941012,1.0,0.2,-0.006666666666666667,0.006666666666666667,0.0,0.0,AUTO_MIN
72360,20:06:00,0,300.0,0.00045569999999999996,435.0763016475883,0.0006608809022026867,0.4350763016475883,1.0,0.2,-0.006666666666666667,0.006666666666666667,0.0,0.0,AUTO_MIN
72420,20:07:00,0,300.0,0.00045569999999999996,434.6267844336457,0.0006601980855547078,0.4346267844336457,1.0,0.2,-0.006666666666666667,0.006666666666666667,0.0,0.0,AUTO_MIN
72480,20:08:00,0,300.0,0.00045569999999999996,434.178763157356,0.0006595175412360238,0.434178763157356,1.0,0.2,-0.006666666666666667,0.006666666666666667,0.0,0.0,AUTO_MIN
72540,20:09:00,0,300.0,0.00045569999999999996,433.73223284042376,0.0006588392616846037,0.4337322328404238,1.0,0.2,-0.006666666666666667,0.006666666666666667,0.0,0.0,AUTO_MIN
72600,20:10:00,0,300.0,0.00045569999999999996,433.2871885211206,0.0006581632393635821,0.4332871885211206,1.0,0.2,-0.006666666666666667,0.006666666666666667,0.0,0.0,AUTO_MIN
72660,20:11:00,0,300.0,0.00045569999999999996,432.84362525423046,0.0006574894667611761,0.4328436252542305,1.0,0.2,-0.006666666666666667,0.006666666666666667,0.0,0.0,AUTO_MIN
72720,20:12:00,0,300.0,0.00045569999999999996,432.4015381109943,0.0006568179363906003,0.4324015381109943,1.0,0.2,-0.006666666666666667,0.006666666666666667,0.0,0.0,AUTO_MIN
72780,20:13:00,0,300.0,0.00045569999999999996,431.9609221790553,0.0006561486407899849,0.4319609221790553,1.0,0.2,-0.006666666666666667,0.006666666666666667,0.0,0.0,AUTO_MIN
72840,20:14:00,0,300.0,0.00045569999999999996,431.52177256240424,0.000655481572522292,0.43152177256240426,1.0,0.2,-0.006666666666666667,0.006666666666666667,0.0,0.0,AUTO_MIN
72900,20:15:00,0,300.0,0.00045569999999999996,431.08408438132517,0.0006548167241752329,0.43108408438132517,1.0,0.2,-0.006666666666666667,0.006666666666666667,0.0,0.0,AUTO_MIN
72960,20:16:00,0,300.0,0.00045569999999999996,430.64785277234137,0.0006541540883611865,0.43064785277234136,1.0,0.2,-0.006666666666666667,0.006666666666666667,0.0,0.0,AUTO_MIN
73020,20:17:00,0,300.0,0.00045569999999999996,430.2130728881613,0.000653493657717117,0.4302130728881613,1.0,0.2,-0.006666666666666667,0.006666666666666667,0.0,0.0,AUTO_MIN
73080,20:18:00,0,300.0,0.00045569999999999996,429.77973989762455,0.0006528354249044917,0.4297797398976246,1.0,0.2,-0.006666666666666667,0.006666666666666667,0.0,0.0,AUTO_MIN
73140,20:19:00,0,300.0,0.00045569999999999996,429.34784898564817,0.0006521793826091995,0.42934784898564815,1.0,0.2,-0.006666666666666667,0.006666666666666667,0.0,0.0,AUTO_MIN
73200,20:20:00,0,300.0,0.00045569999999999996,428.9173953531731,0.0006515255235414699,0.4289173953531731,1.0,0.2,-0.006666666666666667,0.006666666666666667,0.0,0.0,AUTO_MIN
73260,20:21:00,0,300.0,0.00045569999999999996,428.4883742171113,0.000650873840435792,0.4284883742171113,1.0,0.2,-0.006666666666666667,0.006666666666666667,0.0,0.0,AUTO_MIN
73320,20:22:00,0,300.0,0.00045569999999999996,428.0607808102919,0.0006502243260508333,0.42806078081029186,1.0,0.2,-0.006666666666666667,0.006666666666666667,0.0,0.0,AUTO_MIN
73380,20:23:00,0,300.0,0.00045569999999999996,427.63461038140844,0.0006495769731693593,0.42763461038140843,1.0,0.2,-0.006666666666666667,0.006666666666666667,0.0,0.0,AUTO_MIN
73440,20:24:00,0,300.0,0.00045569999999999996,427.2098581949664,0.0006489317745981539,0.4272098581949664,1.0,0.2,-0.006666666666666667,0.006666666666666667,0.0,0.0,AUTO_MIN
73500,20:25:00,0,300.0,0.00045569999999999996,426.7865195312309,0.0006482887231679397,0.4267865195312309,1.0,0.2,-0.006666666666666667,0.006666666666666667,0.0,0.0,AUTO_MIN
73560,20:26:00,0,300.0,0.00045569999999999996,426.36458968617353,0.0006476478117332976,0.4263645896861735,1.0,0.2,-0.006666666666666667,0.006666666666666667,0.0,0.0,AUTO_MIN
73620,20:27:00,0,300.0,0.00045569999999999996,425.94406397141904,0.0006470090331725855,0.42594406397141904,1.0,0.2,-0.006666666666666667,0.006666666666666667,0.0,0.0,AUTO_MIN
73680,20:28:00,0,300.0,0.00045569999999999996,425.5249377141963,0.0006463723803878642,0.4255249377141963,1.0,0.2,-0.006666666666666667,0.006666666666666667,0.0,0.0,AUTO_MIN
73740,20:29:00,0,300.0,0.00045569999999999996,425.1072062572839,0.0006457378463048143,0.42510720625728393,1.0,0.2,-0.006666666666666667,0.006666666666666667,0.0,0.0,AUTO_MIN
73800,20:30:00,0,300.0,0.00045569999999999996,424.6908649589589,0.0006451054238726585,0.4246908649589589,1.0,0.2,-0.006666666666666667,0.006666666666666667,0.0,0.0,AUTO_MIN
73860,20:31:00,0,300.0,0.00045569999999999996,424.2759091929455,0.0006444751060640842,0.4242759091929455,1.0,0.2,-0.006666666666666667,0.006666666666666667,0.0,0.0,AUTO_MIN
73920,20:32:00,0,300.0,0.00045569999999999996,423.8623343483635,0.0006438468858751641,0.4238623343483635,1.0,0.2,-0.006666666666666667,0.006666666666666667,0.0,0.0,AUTO_MIN
73980,20:33:00,0,300.0,0.00045569999999999996,423.45013582967755,0.0006432207563252802,0.42345013582967755,1.0,0.2,-0.006666666666666667,0.006666666666666667,0.0,0.0,AUTO_MIN
74040,20:34:00,0,300.0,0.00045569999999999996,423.0393090566457,0.0006425967104570448,0.4230393090566457,1.0,0.2,-0.006666666666666667,0.006666666666666667,0.0,0.0,AUTO_MIN
74100,20:35:00,0,300.0,0.00045569999999999996,422.6298494642677,0.0006419747413362226,0.4226298494642677,1.0,0.2,-0.006666666666666667,0.006666666666666667,0.0,0.0,AUTO_MIN
74160,20:36:00,0,300.0,0.00045569999999999996,422.22175250273517,0.0006413548420516548,0.4222217525027352,1.0,0.2,-0.006666666666666667,0.006666666666666667,0.0,0.0,AUTO_MIN
74220,20:37:00,0,300.0,0.00045569999999999996,421.8150136373824,0.0006407370057151838,0.4218150136373824,1.0,0.2,-0.006666666666666667,0.006666666666666667,0.0,0.0,AUTO_MIN
74280,20:38:00,0,300.0,0.00045569999999999996,421.4096283486327,0.000640121225461573,0.42140962834863266,1.0,0.2,-0.006666666666666667,0.006666666666666667,0.0,0.0,AUTO_MIN
74340,20:39:00,0,300.0,0.00045569999999999996,421.0055921319509,0.0006395074944484334,0.4210055921319509,1.0,0.2,-0.006666666666666667,0.006666666666666667,0.0,0.0,AUTO_MIN
74400,20:40:00,0,300.0,0.00045569999999999996,420.60290049779184,0.0006388958058561457,0.4206029004977918,1.0,0.2,-0.006666666666666667,0.006666666666666667,0.0,0.0,AUTO_MIN
74460,20:41:00,0,300.0,0.00045569999999999996,420.20154897155146,0.0006382861528877867,0.4202015489715515,1.0,0.2,-0.006666666666666667,0.006666666666666667,0.0,0.0,AUTO_MIN
74520,20:42:00,0,300.0,0.00045569999999999996,419.80153309351635,0.0006376785287690514,0.41980153309351637,1.0,0.2,-0.006666666666666667,0.006666666666666667,0.0,0.0,AUTO_MIN
74580,20:43:00,0,300.0,0.00045569999999999996,419.40284841881487,0.0006370729267481797,0.41940284841881487,1.0,0.2,-0.006666666666666667,0.006666666666666667,0.0,0.0,AUTO_MIN
74640,20:44:00,0,300.0,0.00045569999999999996,419.00549051736726,0.0006364693400958808,0.41900549051736724,1.0,0.2,-0.006666666666666667,0.006666666666666667,0.0,0.0,AUTO_MIN
74700,20:45:00,0,300.0,0.00045569999999999996,418.6094549738358,0.0006358677621052565,0.4186094549738358,1.0,0.2,-0.006666666666666667,0.006666666666666667,0.0,0.0,AUTO_MIN
74760,20:46:00,0,300.0,0.00045569999999999996,418.2147373875772,0.0006352681860917297,0.4182147373875772,1.0,0.2,-0.006666666666666667,0.006666666666666667,0.0,0.0,AUTO_MIN
74820,20:47:00,0,300.0,0.00045569999999999996,417.82133337259256,0.0006346706053929681,0.4178213333725926,1.0,0.2,-0.006666666666666667,0.006666666666666667,0.0,0.0,AUTO_MIN
74880,20:48:00,0,300.0,0.00045569999999999996,417.4292385574798,0.0006340750133688117,0.41742923855747976,1.0,0.2,-0.006666666666666667,0.006666666666666667,0.0,0.0,AUTO_MIN
74940,20:49:00,0,300.0,0.00045569999999999996,417.03844858538366,0.0006334814034011977,0.41703844858538364,1.0,0.2,-0.006666666666666667,0.006666666666666667,0.0,0.0,AUTO_MIN
75000,20:50:00,0,300.0,0.00045569999999999996,416.6489591139476,0.0006328897688940864,0.4166489591139476,1.0,0.2,-0.006666666666666667,0.006666666666666667,0.0,0.0,AUTO_MIN
75060,20:51:00,0,300.0,0.00045569999999999996,416.2607658152669,0.0006323001032733904,0.4162607658152669,1.0,0.2,-0.006666666666666667,0.006666666666666667,0.0,0.0,AUTO_MIN
75120,20:52:00,0,300.0,0.00045569999999999996,415.8738643758386,0.0006317123999868988,0.4158738643758386,1.0,0.2,-0.006666666666666667,0.006666666666666667,0.0,0.0,AUTO_MIN
75180,20:53:00,0,300.0,0.00045569999999999996,415.48825049651504,0.0006311266525042063,0.41548825049651505,1.0,0.2,-0.006666666666666667,0.006666666666666667,0.0,0.0,AUTO_MIN
75240,20:54:00,0,300.0,0.00045569999999999996,415.10391989245596,0.0006305428543166406,0.415103919892456,1.0,0.2,-0.006666666666666667,0.006666666666666667,0.0,0.0,AUTO_MIN
75300,20:55:00,0,300.0,0.00045569999999999996,414.7208682930799,0.0006299609989371883,0.4147208682930799,1.0,0.2,-0.006666666666666667,0.006666666666666667,0.0,0.0,AUTO_MIN
75360,20:56:00,0,300.0,0.00045569999999999996,414.33909144201743,0.0006293810799004244,0.4143390914420174,1.0,0.2,-0.006666666666666667,0.006666666666666667,0.0,0.0,AUTO_MIN
75420,20:57:00,0,300.0,0.00045569999999999996,413.95858509706403,0.0006288030907624403,0.413958585097064,1.0,0.2,-0.006666666666666667,0.006666666666666667,0.0,0.0,AUTO_MIN
75480,20:58:00,0,300.0,0.00045569999999999996,413.57934503013297,0.000628227025100772,0.413579345030133,1.0,0.2,-0.006666666666666667,0.006666666666666667,0.0,0.0,AUTO_MIN
75540,20:59:00,0,300.0,0.00045569999999999996,413.201367027207,0.0006276528765143274,0.413201367027207,1.0,0.2,-0.006666666666666667,0.006666666666666667,0.0,0.0,AUTO_MIN
75600,21:00:00,0,300.0,0.00045569999999999996,412.82464688829367,0.0006270806386233181,0.4128246468882937,1.0,0.2,-0.006666666666666667,0.006666666666666667,0.0,0.0,AUTO_MIN
75660,21:01:00,0,300.0,0.00045569999999999996,412.44918042737766,0.0006265103050691866,0.41244918042737766,1.0,0.2,-0.006666666666666667,0.006666666666666667,0.0,0.0,AUTO_MIN
75720,21:02:00,0,300.0,0.00045569999999999996,412.07496347237304,0.0006259418695145347,0.41207496347237305,1.0,0.2,-0.006666666666666667,0.006666666666666667,0.0,0.0,AUTO_MIN
75780,21:03:00,0,300.0,0.00045569999999999996,411.70199186507915,0.0006253753256430552,0.41170199186507916,1.0,0.2,-0.006666666666666667,0.006666666666666667,0.0,0.0,AUTO_MIN
75840,21:04:00,0,300.0,0.00045569999999999996,411.330261461133,0.000624810667159461,0.411330261461133,1.0,0.2,-0.006666666666666667,0.006666666666666667,0.0,0.0,AUTO_MIN
75900,21:05:00,0,300.0,0.00045569999999999996,410.9597681299631,0.0006242478877894139,0.4109597681299631,1.0,0.2,-0.006666666666666667,0.006666666666666667,0.0,0.0,AUTO_MIN
75960,21:06:00,0,300.0,0.00045569999999999996,410.5905077547446,0.000623686981279457,0.4105905077547446,1.0,0.2,-0.006666666666666667,0.006666666666666667,0.0,0.0,AUTO_MIN
76020,21:07:00,0,300.0,0.00045569999999999996,410.22247623235273,0.0006231279413969438,0.41022247623235275,1.0,0.2,-0.006666666666666667,0.006666666666666667,0.0,0.0,AUTO_MIN
76080,21:08:00,0,300.0,0.00045569999999999996,409.85566947331773,0.0006225707619299697,0.40985566947331775,1.0,0.2,-0.006666666666666667,0.006666666666666667,0.0,0.0,AUTO_MIN
76140,21:09:00,0,300.0,0.00045569999999999996,409.4900834017785,0.0006220154366873015,0.4094900834017785,1.0,0.2,-0.006666666666666667,0.006666666666666667,0.0,0.0,AUTO_MIN
76200,21:10:00,0,300.0,0.00045569999999999996,409.12571395543773,0.0006214619594983099,0.40912571395543773,1.0,0.2,-0.006666666666666667,0.006666666666666667,0.0,0.0,AUTO_MIN
76260,21:11:00,0,300.0,0.00045569999999999996,408.7625570855177,0.0006209103242129013,0.4087625570855177,1.0,0.2,-0.006666666666666667,0.006666666666666667,0.0,0.0,AUTO_MIN
76320,21:12:00,0,300.0,0.00045569999999999996,408.4006087567138,0.0006203605247014482,0.4084006087567138,1.0,0.2,-0.006666666666666667,0.006666666666666667,0.0,0.0,AUTO_MIN
76380,21:13:00,0,300.0,0.00045569999999999996,408.03986494715105,0.0006198125548547225,0.40803986494715105,1.0,0.2,-0.006666666666666667,0.006666666666666667,0.0,0.0,AUTO_MIN
76440,21:14:00,0,300.0,0.00045569999999999996,407.68032164833886,0.0006192664085838266,0.40768032164833884,1.0,0.2,-0.006666666666666667,0.006666666666666667,0.0,0.0,AUTO_MIN
76500,21:15:00,0,300.0,0.00045569999999999996,407.32197486512536,0.0006187220798201254,0.40732197486512534,1.0,0.2,-0.006666666666666667,0.006666666666666667,0.0,0.0,AUTO_MIN
76560,21:16:00,0,300.0,0.00045569999999999996,406.9648206156549,0.0006181795625151798,0.4069648206156549,1.0,0.2,-0.006666666666666667,0.006666666666666667,0.0,0.0,AUTO_MIN
76620,21:17:00,0,300.0,0.00045569999999999996,406.6088549313234,0.0006176388506406802,0.40660885493132337,1.0,0.2,-0.006666666666666667,0.006666666666666667,0.0,0.0,AUTO_MIN
76680,21:18:00,0,300.0,0.00045569999999999996,406.2540738567322,0.0006170999381883761,0.4062540738567322,1.0,0.2,-0.006666666666666667,0.006666666666666667,0.0,0.0,AUTO_MIN
76740,21:19:00,0,300.0,0.00045569999999999996,405.9004734496471,0.0006165628191700139,0.4059004734496471,1.0,0.2,-0.006666666666666667,0.006666666666666667,0.0,0.0,AUTO_MIN
76800,21:20:00,0,300.0,0.00045569999999999996,405.5480497809529,0.0006160274876172675,0.40554804978095293,1.0,0.2,-0.006666666666666667,0.006666666666666667,0.0,0.0,AUTO_MIN
76860,21:21:00,0,300.0,0.00045569999999999996,405.19679893461006,0.0006154939375816727,0.4051967989346101,1.0,0.2,-0.006666666666666667,0.006666666666666667,0.0,0.0,AUTO_MIN
76920,21:22:00,0,300.0,0.00045569999999999996,404.84671700761055,0.0006149621631345604,0.40484671700761055,1.0,0.2,-0.006666666666666667,0.006666666666666667,0.0,0.0,AUTO_MIN
76980,21:23:00,0,300.0,0.00045569999999999996,404.4978001099354,0.0006144321583669918,0.40449780010993536,1.0,0.2,-0.006666666666666667,0.006666666666666667,0.0,0.0,AUTO_MIN
77040,21:24:00,0,300.0,0.00045569999999999996,404.15004436451164,0.0006139039173896931,0.40415004436451163,1.0,0.2,-0.006666666666666667,0.006666666666666667,0.0,0.0,AUTO_MIN
77100,21:25:00,0,300.0,0.00045569999999999996,403.8034459071679,0.000613377434332988,0.4038034459071679,1.0,0.2,-0.006666666666666667,0.006666666666666667,0.0,0.0,AUTO_MIN
77160,21:26:00,0,300.0,0.00045569999999999996,403.4580008865929,0.0006128527033467346,0.4034580008865929,1.0,0.2,-0.006666666666666667,0.006666666666666667,0.0,0.0,AUTO_MIN
77220,21:27:00,0,300.0,0.00045569999999999996,403.11370546429225,0.0006123297186002599,0.40311370546429226,1.0,0.2,-0.006666666666666667,0.006666666666666667,0.0,0.0,AUTO_MIN
77280,21:28:00,0,300.0,0.00045569999999999996,402.77055581454437,0.0006118084742822928,0.40277055581454435,1.0,0.2,-0.006666666666666667,0.006666666666666667,0.0,0.0,AUTO_MIN
77340,21:29:00,0,300.0,0.00045569999999999996,402.42854812436053,0.0006112889646009036,0.4024285481243605,1.0,0.2,-0.006666666666666667,0.006666666666666667,0.0,0.0,AUTO_MIN
77400,21:30:00,0,300.0,0.00045569999999999996,402.0876785934403,0.0006107711837834358,0.4020876785934403,1.0,0.2,-0.006666666666666667,0.006666666666666667,0.0,0.0,AUTO_MIN
77460,21:31:00,0,300.0,0.00045569999999999996,401.7479434341308,0.0006102551260764446,0.4017479434341308,1.0,0.2,-0.006666666666666667,0.006666666666666667,0.0,0.0,AUTO_MIN
77520,21:32:00,0,300.0,0.00045569999999999996,401.4093388713834,0.0006097407857456314,0.4014093388713834,1.0,0.2,-0.006666666666666667,0.006666666666666667,0.0,0.0,AUTO_MIN
77580,21:33:00,0,300.0,0.00045569999999999996,401.07186114271315,0.0006092281570757813,0.40107186114271315,1.0,0.2,-0.006666666666666667,0.006666666666666667,0.0,0.0,AUTO_MIN
77640,21:34:00,0,300.0,0.00045569999999999996,400.7355064981552,0.0006087172343706977,0.4007355064981552,1.0,0.2,-0.006666666666666667,0.006666666666666667,0.0,0.0,AUTO_MIN
77700,21:35:00,0,300.0,0.00045569999999999996,400.4002712002249,0.0006082080119531415,0.40040027120022487,1.0,0.2,-0.006666666666666667,0.006666666666666667,0.0,0.0,AUTO_MIN
77760,21:36:00,0,300.0,0.00045569999999999996,400.0661515238752,0.0006077004841647664,0.4000661515238752,1.0,0.2,-0.006666666666666667,0.006666666666666667,0.0,0.0,AUTO_MIN
77820,21:37:00,0,300.0,0.00045569999999999996,399.7331437564561,0.0006071946453660568,0.39973314375645613,1.0,0.2,-0.006666666666666667,0.006666666666666667,0.0,0.0,AUTO_MIN
77880,21:38:00,0,300.0,0.00045569999999999996,399.40124419767136,0.0006066904899362628,0.39940124419767137,1.0,0.2,-0.006666666666666667,0.006666666666666667,0.0,0.0,AUTO_MIN
77940,21:39:00,0,300.0,0.00045569999999999996,399.07044915953975,0.0006061880122733409,0.39907044915953976,1.0,0.2,-0.006666666666666667,0.006666666666666667,0.0,0.0,AUTO_MIN
78000,21:40:00,0,300.0,0.00045569999999999996,398.74075496635356,0.0006056872067938911,0.3987407549663536,1.0,0.2,-0.006666666666666667,0.006666666666666667,0.0,0.0,AUTO_MIN
78060,21:41:00,0,300.0,0.00045569999999999996,398.41215795463756,0.0006051880679330945,0.3984121579546376,1.0,0.2,-0.006666666666666667,0.006666666666666667,0.0,0.0,AUTO_MIN
78120,21:42:00,0,300.0,0.00045569999999999996,398.08465447310726,0.0006046905901446499,0.39808465447310726,1.0,0.2,-0.006666666666666667,0.006666666666666667,0.0,0.0,AUTO_MIN
78180,21:43:00,0,300.0,0.00045569999999999996,397.7582408826295,0.0006041947679007141,0.39775824088262945,1.0,0.2,-0.006666666666666667,0.006666666666666667,0.0,0.0,AUTO_MIN
78240,21:44:00,0,300.0,0.00045569999999999996,397.4329135561816,0.0006037005956918398,0.3974329135561816,1.0,0.2,-0.006666666666666667,0.006666666666666667,0.0,0.0,AUTO_MIN
78300,21:45:00,0,300.0,0.00045569999999999996,397.10866887881156,0.0006032080680269148,0.3971086688788116,1.0,0.2,-0.006666666666666667,0.006666666666666667,0.0,0.0,AUTO_MIN
78360,21:46:00,0,300.0,0.00045569999999999996,396.78550324759703,0.0006027171794330999,0.39678550324759704,1.0,0.2,-0.006666666666666667,0.006666666666666667,0.0,0.0,AUTO_MIN
78420,21:47:00,0,300.0,0.00045569999999999996,396.4634130716059,0.0006022279244557693,0.3964634130716059,1.0,0.2,-0.006666666666666667,0.006666666666666667,0.0,0.0,AUTO_MIN
78480,21:48:00,0,300.0,0.00045569999999999996,396.14239477185686,0.0006017402976584505,0.39614239477185686,1.0,0.2,-0.006666666666666667,0.006666666666666667,0.0,0.0,AUTO_MIN
78540,21:49:00,0,300.0,0.00045569999999999996,395.8224447812777,0.0006012542936227608,0.3958224447812777,1.0,0.2,-0.006666666666666667,0.006666666666666667,0.0,0.0,AUTO_MIN
78600,21:50:00,0,300.0,0.00045569999999999996,395.5035595446682,0.000600769906948351,0.3955035595446682,1.0,0.2,-0.006666666666666667,0.006666666666666667,0.0,0.0,AUTO_MIN
78660,21:51:00,0,300.0,0.00045569999999999996,395.18573551865836,0.000600287132252842,0.3951857355186584,1.0,0.2,-0.006666666666666667,0.006666666666666667,0.0,0.0,AUTO_MIN
78720,21:52:00,0,300.0,0.00045569999999999996,394.8689691716715,0.0005998059641717689,0.39486896917167147,1.0,0.2,-0.006666666666666667,0.006666666666666667,0.0,0.0,AUTO_MIN
78780,21:53:00,0,300.0,0.00045569999999999996,394.5532569838822,0.000599326397358517,0.3945532569838822,1.0,0.2,-0.006666666666666667,0.006666666666666667,0.0,0.0,AUTO_MIN
78840,21:54:00,0,300.0,0.00045569999999999996,394.2385954471791,0.000598848426484265,0.3942385954471791,1.0,0.2,-0.006666666666666667,0.006666666666666667,0.0,0.0,AUTO_MIN
78900,21:55:00,0,300.0,0.00045569999999999996,393.9249810651259,0.0005983720462379263,0.3939249810651259,1.0,0.2,-0.006666666666666667,0.006666666666666667,0.0,0.0,AUTO_MIN
78960,21:56:00,0,300.0,0.00045569999999999996,393.61241035292085,0.0005978972513260867,0.3936124103529208,1.0,0.2,-0.006666666666666667,0.006666666666666667,0.0,0.0,AUTO_MIN
79020,21:57:00,0,300.0,0.00045569999999999996,393.3008798373603,0.0005974240364729502,0.3933008798373603,1.0,0.2,-0.006666666666666667,0.006666666666666667,0.0,0.0,AUTO_MIN
79080,21:58:00,0,300.0,0.00045569999999999996,392.9903860567984,0.0005969523964202768,0.3929903860567984,1.0,0.2,-0.006666666666666667,0.006666666666666667,0.0,0.0,AUTO_MIN
79140,21:59:00,0,300.0,0.00045569999999999996,392.68092556110963,0.0005964823259273255,0.3926809255611096,1.0,0.2,-0.006666666666666667,0.006666666666666667,0.0,0.0,AUTO_MIN
79200,22:00:00,0,300.0,0.00045569999999999996,392.37249491164926,0.0005960138197707952,0.39237249491164927,1.0,0.2,-0.006666666666666667,0.006666666666666667,0.0,0.0,AUTO_MIN
79260,22:01:00,0,300.0,0.00045569999999999996,392.0650906812172,0.0005955468727447689,0.3920650906812172,1.0,0.2,-0.006666666666666667,0.006666666666666667,0.0,0.0,AUTO_MIN
79320,22:02:00,0,300.0,0.00045569999999999996,391.75870945401743,0.0005950814796606525,0.3917587094540174,1.0,0.2,-0.006666666666666667,0.006666666666666667,0.0,0.0,AUTO_MIN
79380,22:03:00,0,300.0,0.00045569999999999996,391.4533478256221,0.0005946176353471199,0.3914533478256221,1.0,0.2,-0.006666666666666667,0.006666666666666667,0.0,0.0,AUTO_MIN
79440,22:04:00,0,300.0,0.00045569999999999996,391.14900240293235,0.0005941553346500543,0.3911490024029324,1.0,0.2,-0.006666666666666667,0.006666666666666667,0.0,0.0,AUTO_MIN
79500,22:05:00,0,300.0,0.00045569999999999996,390.8456698041417,0.0005936945724324912,0.3908456698041417,1.0,0.2,-0.006666666666666667,0.006666666666666667,0.0,0.0,AUTO_MIN
79560,22:06:00,0,300.0,0.00045569999999999996,390.54334665869743,0.0005932353435745614,0.39054334665869744,1.0,0.2,-0.006666666666666667,0.006666666666666667,0.0,0.0,AUTO_MIN
79620,22:07:00,0,300.0,0.00045569999999999996,390.24202960726353,0.0005927776429734332,0.3902420296072635,1.0,0.2,-0.006666666666666667,0.006666666666666667,0.0,0.0,AUTO_MIN
79680,22:08:00,0,300.0,0.00045569999999999996,389.94171530168376,0.0005923214655432576,0.38994171530168376,1.0,0.2,-0.006666666666666667,0.006666666666666667,0.0,0.0,AUTO_MIN
79740,22:09:00,0,300.0,0.00045569999999999996,389.64240040494434,0.0005918668062151104,0.38964240040494436,1.0,0.2,-0.006666666666666667,0.006666666666666667,0.0,0.0,AUTO_MIN
79800,22:10:00,0,300.0,0.00045569999999999996,389.34408159113565,0.000591413659936935,0.38934408159113565,1.0,0.2,-0.006666666666666667,0.006666666666666667,0.0,0.0,AUTO_MIN
79860,22:11:00,0,300.0,0.00045569999999999996,389.04675554541785,0.0005909620216734897,0.38904675554541784,1.0,0.2,-0.006666666666666667,0.006666666666666667,0.0,0.0,AUTO_MIN
79920,22:12:00,0,300.0,0.00045569999999999996,388.7504189639808,0.0005905118864062867,0.38875041896398077,1.0,0.2,-0.006666666666666667,0.006666666666666667,0.0,0.0,AUTO_MIN
79980,22:13:00,0,300.0,0.00045569999999999996,388.45506855401027,0.0005900632491335415,0.38845506855401024,1.0,0.2,-0.006666666666666667,0.006666666666666667,0.0,0.0,AUTO_MIN
80040,22:14:00,0,300.0,0.00045569999999999996,388.16070103364956,0.0005896161048701137,0.3881607010336496,1.0,0.2,-0.006666666666666667,0.006666666666666667,0.0,0.0,AUTO_MIN
80100,22:15:00,0,300.0,0.00045569999999999996,387.8673131319639,0.0005891704486474531,0.3878673131319639,1.0,0.2,-0.006666666666666667,0.006666666666666667,0.0,0.0,AUTO_MIN
80160,22:16:00,0,300.0,0.00045569999999999996,387.5749015889035,0.0005887262755135444,0.3875749015889035,1.0,0.2,-0.006666666666666667,0.006666666666666667,0.0,0.0,AUTO_MIN
80220,22:17:00,0,300.0,0.00045569999999999996,387.2834631552677,0.0005882835805328517,0.38728346315526774,1.0,0.2,-0.006666666666666667,0.006666666666666667,0.0,0.0,AUTO_MIN
80280,22:18:00,0,300.0,0.00045569999999999996,386.9929945926687,0.0005878423587862638,0.3869929945926687,1.0,0.2,-0.006666666666666667,0.006666666666666667,0.0,0.0,AUTO_MIN
80340,22:19:00,0,300.0,0.00045569999999999996,386.7034926734953,0.0005874026053710393,0.3867034926734953,1.0,0.2,-0.006666666666666667,0.006666666666666667,0.0,0.0,AUTO_MIN
80400,22:20:00,0,300.0,0.00045569999999999996,386.41495418087834,0.0005869643154007542,0.38641495418087835,1.0,0.2,-0.006666666666666667,0.006666666666666667,0.0,0.0,AUTO_MIN
80460,22:21:00,0,300.0,0.00045569999999999996,386.12737590865333,0.0005865274840052444,0.3861273759086533,1.0,0.2,-0.006666666666666667,0.006666666666666667,0.0,0.0,AUTO_MIN
80520,22:22:00,0,300.0,0.00045569999999999996,385.84075466132583,0.0005860921063305539,0.38584075466132584,1.0,0.2,-0.006666666666666667,0.006666666666666667,0.0,0.0,AUTO_MIN
80580,22:23:00,0,300.0,0.00045569999999999996,385.5550872540351,0.0005856581775388793,0.3855550872540351,1.0,0.2,-0.006666666666666667,0.006666666666666667,0.0,0.0,AUTO_MIN
80640,22:24:00,0,300.0,0.00045569999999999996,385.27037051251966,0.0005852256928085174,0.38527037051251967,1.0,0.2,-0.006666666666666667,0.006666666666666667,0.0,0.0,AUTO_MIN
80700,22:25:00,0,300.0,0.00045569999999999996,384.98660127308204,0.0005847946473338116,0.38498660127308204,1.0,0.2,-0.006666666666666667,0.006666666666666667,0.0,0.0,AUTO_MIN
80760,22:26:00,0,300.0,0.00045569999999999996,384.70377638255155,0.0005843650363250958,0.38470377638255154,1.0,0.2,-0.006666666666666667,0.006666666666666667,0.0,0.0,AUTO_MIN
80820,22:27:00,0,300.0,0.00045569999999999996,384.42189269825275,0.0005839368550086459,0.3844218926982527,1.0,0.2,-0.006666666666666667,0.006666666666666667,0.0,0.0,AUTO_MIN
80880,22:28:00,0,300.0,0.00045569999999999996,384.1409470879676,0.0005835100986266228,0.38414094708796764,1.0,0.2,-0.006666666666666667,0.006666666666666667,0.0,0.0,AUTO_MIN
80940,22:29:00,0,300.0,0.00045569999999999996,383.8609364299018,0.0005830847624370208,0.3838609364299018,1.0,0.2,-0.006666666666666667,0.006666666666666667,0.0,0.0,AUTO_MIN
81000,22:30:00,0,300.0,0.00045569999999999996,383.5818576126499,0.0005826608417136152,0.3835818576126499,1.0,0.2,-0.006666666666666667,0.006666666666666667,0.0,0.0,AUTO_MIN
81060,22:31:00,0,300.0,0.00045569999999999996,383.303707535161,0.0005822383317459095,0.38330370753516096,1.0,0.2,-0.006666666666666667,0.006666666666666667,0.0,0.0,AUTO_MIN
81120,22:32:00,0,300.0,0.00045569999999999996,383.02648310670435,0.0005818172278390839,0.38302648310670434,1.0,0.2,-0.006666666666666667,0.006666666666666667,0.0,0.0,AUTO_MIN
81180,22:33:00,0,300.0,0.00045569999999999996,382.7501812468345,0.0005813975253139415,0.38275018124683446,1.0,0.2,-0.006666666666666667,0.006666666666666667,0.0,0.0,AUTO_MIN
81240,22:34:00,0,300.0,0.00045569999999999996,382.4747988853573,0.0005809792195068577,0.3824747988853573,1.0,0.2,-0.006666666666666667,0.006666666666666667,0.0,0.0,AUTO_MIN
81300,22:35:00,0,300.0,0.00045569999999999996,382.2003329622961,0.0005805623057697278,0.3822003329622961,1.0,0.2,-0.006666666666666667,0.006666666666666667,0.0,0.0,AUTO_MIN
81360,22:36:00,0,300.0,0.00045569999999999996,381.9267804278571,0.000580146779469915,0.3819267804278571,1.0,0.2,-0.006666666666666667,0.006666666666666667,0.0,0.0,AUTO_MIN
81420,22:37:00,0,300.0,0.00045569999999999996,381.6541382423957,0.000579732635990199,0.3816541382423957,1.0,0.2,-0.006666666666666667,0.006666666666666667,0.0,0.0,AUTO_MIN
81480,22:38:00,0,300.0,0.00045569999999999996,381.38240337638376,0.0005793198707287269,0.38138240337638374,1.0,0.2,-0.006666666666666667,0.006666666666666667,0.0,0.0,AUTO_MIN
81540,22:39:00,0,300.0,0.00045569999999999996,381.11157281037396,0.000578908479098958,0.38111157281037394,1.0,0.2,-0.006666666666666667,0.006666666666666667,0.0,0.0,AUTO_MIN
81600,22:40:00,0,300.0,0.00045569999999999996,380.84164353496817,0.0005784984565296166,0.3808416435349682,1.0,0.2,-0.006666666666666667,0.006666666666666667,0.0,0.0,AUTO_MIN
81660,22:41:00,0,300.0,0.00045569999999999996,380.5726125507824,0.0005780897984646385,0.38057261255078245,1.0,0.2,-0.006666666666666667,0.006666666666666667,0.0,0.0,AUTO_MIN
81720,22:42:00,0,300.0,0.00045569999999999996,380.3044768684154,0.0005776825003631229,0.3803044768684154,1.0,0.2,-0.006666666666666667,0.006666666666666667,0.0,0.0,AUTO_MIN
81780,22:43:00,0,300.0,0.00045569999999999996,380.03723350841284,0.0005772765576992791,0.38003723350841284,1.0,0.2,-0.006666666666666667,0.006666666666666667,0.0,0.0,AUTO_MIN
81840,22:44:00,0,300.0,0.00045569999999999996,379.7708795012364,0.0005768719659623781,0.3797708795012364,1.0,0.2,-0.006666666666666667,0.006666666666666667,0.0,0.0,AUTO_MIN
81900,22:45:00,0,300.0,0.00045569999999999996,379.5054118872305,0.000576468720656703,0.37950541188723047,1.0,0.2,-0.006666666666666667,0.006666666666666667,0.0,0.0,AUTO_MIN
81960,22:46:00,0,300.0,0.00045569999999999996,379.2408277165878,0.0005760668173014968,0.3792408277165878,1.0,0.2,-0.006666666666666667,0.006666666666666667,0.0,0.0,AUTO_MIN
82020,22:47:00,0,300.0,0.00045569999999999996,378.9771240493185,0.0005756662514309148,0.3789771240493185,1.0,0.2,-0.006666666666666667,0.006666666666666667,0.0,0.0,AUTO_MIN
82080,22:48:00,0,300.0,0.00045569999999999996,378.714297955216,0.0005752670185939731,0.378714297955216,1.0,0.2,-0.006666666666666667,0.006666666666666667,0.0,0.0,AUTO_MIN
82140,22:49:00,0,300.0,0.00045569999999999996,378.4523465138257,0.0005748691143545012,0.3784523465138257,1.0,0.2,-0.006666666666666667,0.006666666666666667,0.0,0.0,AUTO_MIN
82200,22:50:00,0,300.0,0.00045569999999999996,378.1912668144114,0.0005744725342910909,0.3781912668144114,1.0,0.2,-0.006666666666666667,0.006666666666666667,0.0,0.0,AUTO_MIN
82260,22:51:00,0,300.0,0.00045569999999999996,377.9310559559238,0.0005740772739970482,0.3779310559559238,1.0,0.2,-0.006666666666666667,0.006666666666666667,0.0,0.0,AUTO_MIN
82320,22:52:00,0,300.0,0.00045569999999999996,377.67171104696786,0.0005736833290803441,0.37767171104696784,1.0,0.2,-0.006666666666666667,0.006666666666666667,0.0,0.0,AUTO_MIN
82380,22:53:00,0,300.0,0.00045569999999999996,377.4132292057705,0.0005732906951635654,0.37741322920577053,1.0,0.2,-0.006666666666666667,0.006666666666666667,0.0,0.0,AUTO_MIN
82440,22:54:00,0,300.0,0.00045569999999999996,377.1556075601495,0.0005728993678838671,0.37715560756014954,1.0,0.2,-0.006666666666666667,0.006666666666666667,0.0,0.0,AUTO_MIN
82500,22:55:00,0,300.0,0.00045569999999999996,376.89884324748,0.0005725093428929221,0.37689884324747996,1.0,0.2,-0.006666666666666667,0.006666666666666667,0.0,0.0,AUTO_MIN
82560,22:56:00,0,300.0,0.00045569999999999996,376.6429334146642,0.0005721206158568749,0.3766429334146642,1.0,0.2,-0.006666666666666667,0.006666666666666667,0.0,0.0,AUTO_MIN
82620,22:57:00,0,300.0,0.00045569999999999996,376.387875218099,0.0005717331824562924,0.376387875218099,1.0,0.2,-0.006666666666666667,0.006666666666666667,0.0,0.0,AUTO_MIN
82680,22:58:00,0,300.0,0.00045569999999999996,376.1336658236445,0.0005713470383861159,0.3761336658236445,1.0,0.2,-0.006666666666666667,0.006666666666666667,0.0,0.0,AUTO_MIN
82740,22:59:00,0,300.0,0.00045569999999999996,375.88030240659174,0.0005709621793556129,0.37588030240659176,1.0,0.2,-0.006666666666666667,0.006666666666666667,0.0,0.0,AUTO_MIN
82800,23:00:00,0,300.0,0.00045569999999999996,375.62778215163314,0.0005705786010883307,0.3756277821516331,1.0,0.2,-0.006666666666666667,0.006666666666666667,0.0,0.0,AUTO_MIN
82860,23:01:00,0,300.0,0.00045569999999999996,375.3761022528292,0.0005701962993220475,0.3753761022528292,1.0,0.2,-0.006666666666666667,0.006666666666666667,0.0,0.0,AUTO_MIN
82920,23:02:00,0,300.0,0.00045569999999999996,375.1252599135792,0.0005698152698087268,0.3751252599135792,1.0,0.2,-0.006666666666666667,0.006666666666666667,0.0,0.0,AUTO_MIN
82980,23:03:00,0,300.0,0.00045569999999999996,374.8752523465883,0.0005694355083144676,0.3748752523465883,1.0,0.2,-0.006666666666666667,0.006666666666666667,0.0,0.0,AUTO_MIN
83040,23:04:00,0,300.0,0.00045569999999999996,374.626076773838,0.0005690570106194599,0.374626076773838,1.0,0.2,-0.006666666666666667,0.006666666666666667,0.0,0.0,AUTO_MIN
83100,23:05:00,0,300.0,0.00045569999999999996,374.3777304265538,0.0005686797725179352,0.3743777304265538,1.0,0.2,-0.006666666666666667,0.006666666666666667,0.0,0.0,AUTO_MIN
83160,23:06:00,0,300.0,0.00045569999999999996,374.1302105451766,0.0005683037898181233,0.37413021054517664,1.0,0.2,-0.006666666666666667,0.006666666666666667,0.0,0.0,AUTO_MIN
83220,23:07:00,0,300.0,0.00045569999999999996,373.8835143793301,0.0005679290583422024,0.3738835143793301,1.0,0.2,-0.006666666666666667,0.006666666666666667,0.0,0.0,AUTO_MIN
83280,23:08:00,0,300.0,0.00045569999999999996,373.6376391877906,0.0005675555739262539,0.37363763918779064,1.0,0.2,-0.006666666666666667,0.006666666666666667,0.0,0.0,AUTO_MIN
83340,23:09:00,0,300.0,0.00045569999999999996,373.3925822384571,0.0005671833324202163,0.3733925822384571,1.0,0.2,-0.006666666666666667,0.006666666666666667,0.0,0.0,AUTO_MIN
83400,23:10:00,0,300.0,0.00045569999999999996,373.14834080832145,0.0005668123296878403,0.37314834080832143,1.0,0.2,-0.006666666666666667,0.006666666666666667,0.0,0.0,AUTO_MIN
83460,23:11:00,0,300.0,0.00045569999999999996,372.9049121834357,0.0005664425616066389,0.37290491218343574,1.0,0.2,-0.006666666666666667,0.006666666666666667,0.0,0.0,AUTO_MIN
83520,23:12:00,0,300.0,0.00045569999999999996,372.6622936588855,0.0005660740240678471,0.37266229365888554,1.0,0.2,-0.006666666666666667,0.006666666666666667,0.0,0.0,AUTO_MIN
83580,23:13:00,0,300.0,0.00045569999999999996,372.42048253875714,0.0005657067129763721,0.37242048253875715,1.0,0.2,-0.006666666666666667,0.006666666666666667,0.0,0.0,AUTO_MIN
83640,23:14:00,0,300.0,0.00045569999999999996,372.17947613610863,0.000565340624250749,0.37217947613610863,1.0,0.2,-0.006666666666666667,0.006666666666666667,0.0,0.0,AUTO_MIN
83700,23:15:00,0,300.0,0.00045569999999999996,371.93927177293915,0.0005649757538230946,0.3719392717729392,1.0,0.2,-0.006666666666666667,0.006666666666666667,0.0,0.0,AUTO_MIN
83760,23:16:00,0,300.0,0.00045569999999999996,371.69986678016124,0.0005646120976390649,0.37169986678016126,1.0,0.2,-0.006666666666666667,0.006666666666666667,0.0,0.0,AUTO_MIN
83820,23:17:00,0,300.0,0.00045569999999999996,371.46125849756896,0.0005642496516578072,0.37146125849756895,1.0,0.2,-0.006666666666666667,0.006666666666666667,0.0,0.0,AUTO_MIN
83880,23:18:00,0,300.0,0.00045569999999999996,371.2234442738091,0.000563888411851916,0.3712234442738091,1.0,0.2,-0.006666666666666667,0.006666666666666667,0.0,0.0,AUTO_MIN
83940,23:19:00,0,300.0,0.00045569999999999996,370.98642146635234,0.0005635283742073892,0.37098642146635236,1.0,0.2,-0.006666666666666667,0.006666666666666667,0.0,0.0,AUTO_MIN
84000,23:20:00,0,300.0,0.00045569999999999996,370.75018744146354,0.0005631695347235831,0.37075018744146354,1.0,0.2,-0.006666666666666667,0.006666666666666667,0.0,0.0,AUTO_MIN
84060,23:21:00,0,300.0,0.00045569999999999996,370.51473957417187,0.000562811889413167,0.37051473957417186,1.0,0.2,-0.006666666666666667,0.006666666666666667,0.0,0.0,AUTO_MIN
84120,23:22:00,0,300.0,0.00045569999999999996,370.28007524824164,0.000562455434302079,0.37028007524824164,1.0,0.2,-0.006666666666666667,0.006666666666666667,0.0,0.0,AUTO_MIN
84180,23:23:00,0,300.0,0.00045569999999999996,370.0461918561447,0.0005621001654294838,0.3700461918561447,1.0,0.2,-0.006666666666666667,0.006666666666666667,0.0,0.0,AUTO_MIN
84240,23:24:00,0,300.0,0.00045569999999999996,369.8130867990296,0.0005617460788477259,0.3698130867990296,1.0,0.2,-0.006666666666666667,0.006666666666666667,0.0,0.0,AUTO_MIN
84300,23:25:00,0,300.0,0.00045569999999999996,369.5807574866941,0.0005613931706222883,0.3695807574866941,1.0,0.2,-0.006666666666666667,0.006666666666666667,0.0,0.0,AUTO_MIN
84360,23:26:00,0,300.0,0.00045569999999999996,369.3492013375553,0.0005610414368317465,0.36934920133755533,1.0,0.2,-0.006666666666666667,0.006666666666666667,0.0,0.0,AUTO_MIN
84420,23:27:00,0,300.0,0.00045569999999999996,369.1184157786221,0.0005606908735677269,0.3691184157786221,1.0,0.2,-0.006666666666666667,0.006666666666666667,0.0,0.0,AUTO_MIN
84480,23:28:00,0,300.0,0.00045569999999999996,368.8883982454652,0.0005603414769348616,0.3688883982454652,1.0,0.2,-0.006666666666666667,0.006666666666666667,0.0,0.0,AUTO_MIN
84540,23:29:00,0,300.0,0.00045569999999999996,368.6591461821903,0.000559993243050747,0.36865914618219026,1.0,0.2,-0.006666666666666667,0.006666666666666667,0.0,0.0,AUTO_MIN
84600,23:30:00,0,300.0,0.00045569999999999996,368.43065704140804,0.0005596461680458988,0.36843065704140804,1.0,0.2,-0.006666666666666667,0.006666666666666667,0.0,0.0,AUTO_MIN
84660,23:31:00,0,300.0,0.00045569999999999996,368.2029282842071,0.0005593002480637105,0.3682029282842071,1.0,0.2,-0.006666666666666667,0.006666666666666667,0.0,0.0,AUTO_MIN
84720,23:32:00,0,300.0,0.00045569999999999996,367.97595738012484,0.0005589554792604097,0.36797595738012484,1.0,0.2,-0.006666666666666667,0.006666666666666667,0.0,0.0,AUTO_MIN
84780,23:33:00,0,300.0,0.00045569999999999996,367.74974180711985,0.000558611857805015,0.36774974180711983,1.0,0.2,-0.006666666666666667,0.006666666666666667,0.0,0.0,AUTO_MIN
84840,23:34:00,0,300.0,0.00045569999999999996,367.524279051544,0.0005582693798792954,0.367524279051544,1.0,0.2,-0.006666666666666667,0.006666666666666667,0.0,0.0,AUTO_MIN
84900,23:35:00,0,300.0,0.00045569999999999996,367.299566608114,0.0005579280416777251,0.36729956660811397,1.0,0.2,-0.006666666666666667,0.006666666666666667,0.0,0.0,AUTO_MIN
84960,23:36:00,0,300.0,0.00045569999999999996,367.0756019798839,0.0005575878394074436,0.3670756019798839,1.0,0.2,-0.006666666666666667,0.006666666666666667,0.0,0.0,AUTO_MIN
85020,23:37:00,0,300.0,0.00045569999999999996,366.8523826782166,0.000557248769288211,0.3668523826782166,1.0,0.2,-0.006666666666666667,0.006666666666666667,0.0,0.0,AUTO_MIN
85080,23:38:00,0,300.0,0.00045569999999999996,366.6299062227586,0.0005569108275523703,0.3666299062227586,1.0,0.2,-0.006666666666666667,0.006666666666666667,0.0,0.0,AUTO_MIN
85140,23:39:00,0,300.0,0.00045569999999999996,366.408170141409,0.0005565740104448003,0.36640817014140903,1.0,0.2,-0.006666666666666667,0.006666666666666667,0.0,0.0,AUTO_MIN
85200,23:40:00,0,300.0,0.00045569999999999996,366.18717197029486,0.0005562383142228779,0.3661871719702949,1.0,0.2,-0.006666666666666667,0.006666666666666667,0.0,0.0,AUTO_MIN
85260,23:41:00,0,300.0,0.00045569999999999996,365.966909253742,0.0005559037351564342,0.36596690925374203,1.0,0.2,-0.006666666666666667,0.006666666666666667,0.0,0.0,AUTO_MIN
85320,23:42:00,0,300.0,0.00045569999999999996,365.7473795442486,0.0005555702695277135,0.3657473795442486,1.0,0.2,-0.006666666666666667,0.006666666666666667,0.0,0.0,AUTO_MIN
85380,23:43:00,0,300.0,0.00045569999999999996,365.528580402458,0.0005552379136313337,0.365528580402458,1.0,0.2,-0.006666666666666667,0.006666666666666667,0.0,0.0,AUTO_MIN
85440,23:44:00,0,300.0,0.00045569999999999996,365.3105093971313,0.0005549066637742424,0.3653105093971313,1.0,0.2,-0.006666666666666667,0.006666666666666667,0.0,0.0,AUTO_MIN
85500,23:45:00,0,300.0,0.00045569999999999996,365.09316410512065,0.0005545765162756782,0.36509316410512066,1.0,0.2,-0.006666666666666667,0.006666666666666667,0.0,0.0,AUTO_MIN
85560,23:46:00,0,300.0,0.00045569999999999996,364.8765421113412,0.0005542474674671273,0.36487654211134124,1.0,0.2,-0.006666666666666667,0.006666666666666667,0.0,0.0,AUTO_MIN
85620,23:47:00,0,300.0,0.00045569999999999996,364.6606410087465,0.0005539195136922859,0.3646606410087465,1.0,0.2,-0.006666666666666667,0.006666666666666667,0.0,0.0,AUTO_MIN
85680,23:48:00,0,300.0,0.00045569999999999996,364.44545839829965,0.0005535926513070172,0.36444545839829967,1.0,0.2,-0.006666666666666667,0.006666666666666667,0.0,0.0,AUTO_MIN
85740,23:49:00,0,300.0,0.00045569999999999996,364.23099188894815,0.0005532668766793122,0.36423099188894814,1.0,0.2,-0.006666666666666667,0.006666666666666667,0.0,0.0,AUTO_MIN
85800,23:50:00,0,300.0,0.00045569999999999996,364.0172390975963,0.0005529421861892488,0.3640172390975963,1.0,0.2,-0.006666666666666667,0.006666666666666667,0.0,0.0,AUTO_MIN
85860,23:51:00,0,300.0,0.00045569999999999996,363.8041976490785,0.0005526185762289502,0.3638041976490785,1.0,0.2,-0.006666666666666667,0.006666666666666667,0.0,0.0,AUTO_MIN
85920,23:52:00,0,300.0,0.00045569999999999996,363.59186517613426,0.000552296043202548,0.3635918651761343,1.0,0.2,-0.006666666666666667,0.006666666666666667,0.0,0.0,AUTO_MIN
85980,23:53:00,0,300.0,0.00045569999999999996,363.3802393193798,0.000551974583526138,0.36338023931937985,1.0,0.2,-0.006666666666666667,0.006666666666666667,0.0,0.0,AUTO_MIN
86040,23:54:00,0,300.0,0.00045569999999999996,363.16931772728447,0.0005516541936277451,0.36316931772728445,1.0,0.2,-0.006666666666666667,0.006666666666666667,0.0,0.0,AUTO_MIN
86100,23:55:00,0,300.0,0.00045569999999999996,362.95909805614264,0.0005513348699472807,0.3629590980561426,1.0,0.2,-0.006666666666666667,0.006666666666666667,0.0,0.0,AUTO_MIN
86160,23:56:00,0,300.0,0.00045569999999999996,362.7495779700484,0.0005510166089365034,0.36274957797004836,1.0,0.2,-0.006666666666666667,0.006666666666666667,0.0,0.0,AUTO_MIN
86220,23:57:00,0,300.0,0.00045569999999999996,362.5407551408688,0.0005506994070589797,0.3625407551408688,1.0,0.2,-0.006666666666666667,0.006666666666666667,0.0,0.0,AUTO_MIN
86280,23:58:00,0,300.0,0.00045569999999999996,362.3326272482192,0.0005503832607900449,0.3623326272482192,1.0,0.2,-0.006666666666666667,0.006666666666666667,0.0,0.0,AUTO_MIN
86340,23:59:00,0,300.0,0.00045569999999999996,362.12519197943703,0.0005500681666167649,0.36212519197943704,1.0,0.2,-0.006666666666666667,0.006666666666666667,0.0,0.0,AUTO_MIN
86400,24:00:00,0,300.0,0.00045569999999999996,361.9184470295561,0.0005497541210378957,0.3619184470295561,1.0,0.2,-0.006666666666666667,0.006666666666666667,0.0,0.0,AUTO_MIN
