"time","B_core_T","B_gap_T","H_core_A_m","H_gap_A_m","I_rms_A","Phi_core_Wb","Phi_gap_Wb","Phi_gap_over_Phi_core","Phi_leak_Wb","R_leak_A_per_Wb","R_par_A_per_Wb","R_total_A_per_Wb","U_exc_induced_V_rms","U_meas_induced_signed_V_rms","Vm_core_At","Vm_gap_At","electricGround.p.i","electricGround.p.v","magneticCorePath.R_core_A_per_Wb","magneticCorePath.R_gap_A_per_Wb","magneticGround.port.Phi","magneticGround.port.V_m","mmf_At","time_s","R_core_A_per_Wb","R_gap_A_per_Wb","currentRamp.y","excitingCoil.I_rms_A","excitingCoil.mmf_At","excitingVoltage.y","magneticCorePath.B_core_T","magneticCorePath.B_gap_T","magneticCorePath.H_core_A_m","magneticCorePath.H_gap_A_m","magneticCorePath.Phi_core_Wb","magneticCorePath.Phi_gap_Wb","magneticCorePath.Phi_gap_over_Phi_core","magneticCorePath.Phi_leak_Wb","magneticCorePath.R_leak_A_per_Wb","magneticCorePath.R_par_A_per_Wb","magneticCorePath.R_total_A_per_Wb","magneticCorePath.Vm_core_At","magneticCorePath.Vm_gap_At","magneticCorePath.mmf_At","measuringCoil.Phi_gap_Wb","measuringCoil.U_meas_induced_signed_V_rms"
0,0,0,0,0,0,0,0,0,0,21963382.14668155,1757070.571734524,2285995.499276589,0,-0,0,0,0,0,528924.9275420654,1909859.317102744,0,0,0,0,528924.9275420654,1909859.317102744,0,0,0,0,0,0,0,0,0,0,0,0,21963382.14668155,1757070.571734524,2285995.499276589,0,0,0,0,-0
0.001,0,0,0,0,0,0,0,0,0,21963382.14668155,1757070.571734524,2285995.499276589,0,-0,0,0,0,0,528924.9275420654,1909859.317102744,0,0,0,0.001,528924.9275420654,1909859.317102744,0,0,0,0,0,0,0,0,0,0,0,0,21963382.14668155,1757070.571734524,2285995.499276589,0,0,0,0,-0
0.002,0,0,0,0,0,0,0,0,0,21963382.14668155,1757070.571734524,2285995.499276589,0,-0,0,0,0,0,528924.9275420654,1909859.317102744,0,0,0,0.002,528924.9275420654,1909859.317102744,0,0,0,0,0,0,0,0,0,0,0,0,21963382.14668155,1757070.571734524,2285995.499276589,0,0,0,0,-0
0.003,0,0,0,0,0,0,0,0,0,21963382.14668155,1757070.571734524,2285995.499276589,0,-0,0,0,0,0,528924.9275420654,1909859.317102744,0,0,0,0.003,528924.9275420654,1909859.317102744,0,0,0,0,0,0,0,0,0,0,0,0,21963382.14668155,1757070.571734524,2285995.499276589,0,0,0,0,-0
0.004,0,0,0,0,0,0,0,0,0,21963382.14668155,1757070.571734524,2285995.499276589,0,-0,0,0,0,0,528924.9275420654,1909859.317102744,0,0,0,0.004,528924.9275420654,1909859.317102744,0,0,0,0,0,0,0,0,0,0,0,0,21963382.14668155,1757070.571734524,2285995.499276589,0,0,0,0,-0
0.005,0,0,0,0,0,0,0,0,0,21963382.14668155,1757070.571734524,2285995.499276589,0,-0,0,0,0,0,528924.9275420654,1909859.317102744,0,0,0,0.005,528924.9275420654,1909859.317102744,0,0,0,0,0,0,0,0,0,0,0,0,21963382.14668155,1757070.571734524,2285995.499276589,0,0,0,0,-0
0.006,0,0,0,0,0,0,0,0,0,21963382.14668155,1757070.571734524,2285995.499276589,0,-0,0,0,0,0,528924.9275420654,1909859.317102744,0,0,0,0.006,528924.9275420654,1909859.317102744,0,0,0,0,0,0,0,0,0,0,0,0,21963382.14668155,1757070.571734524,2285995.499276589,0,0,0,0,-0
0.007,0,0,0,0,0,0,0,0,0,21963382.14668155,1757070.571734524,2285995.499276589,0,-0,0,0,0,0,528924.9275420654,1909859.317102744,0,0,0,0.007,528924.9275420654,1909859.317102744,0,0,0,0,0,0,0,0,0,0,0,0,21963382.14668155,1757070.571734524,2285995.499276589,0,0,0,0,-0
0.008,0,0,0,0,0,0,0,0,0,21963382.14668155,1757070.571734524,2285995.499276589,0,-0,0,0,0,0,528924.9275420654,1909859.317102744,0,0,0,0.008,528924.9275420654,1909859.317102744,0,0,0,0,0,0,0,0,0,0,0,0,21963382.14668155,1757070.571734524,2285995.499276589,0,0,0,0,-0
0.008999999999999999,0,0,0,0,0,0,0,0,0,21963382.14668155,1757070.571734524,2285995.499276589,0,-0,0,0,0,0,528924.9275420654,1909859.317102744,0,0,0,0.008999999999999999,528924.9275420654,1909859.317102744,0,0,0,0,0,0,0,0,0,0,0,0,21963382.14668155,1757070.571734524,2285995.499276589,0,0,0,0,-0
0.01,0,0,0,0,0,0,0,0,0,21963382.14668155,1757070.571734524,2285995.499276589,0,-0,0,0,0,0,528924.9275420654,1909859.317102744,0,0,0,0.01,528924.9275420654,1909859.317102744,0,0,0,0,0,0,0,0,0,0,0,0,21963382.14668155,1757070.571734524,2285995.499276589,0,0,0,0,-0
0.011,0,0,0,0,0,0,0,0,0,21963382.14668155,1757070.571734524,2285995.499276589,0,-0,0,0,0,0,528924.9275420654,1909859.317102744,0,0,0,0.011,528924.9275420654,1909859.317102744,0,0,0,0,0,0,0,0,0,0,0,0,21963382.14668155,1757070.571734524,2285995.499276589,0,0,0,0,-0
0.012,0,0,0,0,0,0,0,0,0,21963382.14668155,1757070.571734524,2285995.499276589,0,-0,0,0,0,0,528924.9275420654,1909859.317102744,0,0,0,0.012,528924.9275420654,1909859.317102744,0,0,0,0,0,0,0,0,0,0,0,0,21963382.14668155,1757070.571734524,2285995.499276589,0,0,0,0,-0
0.013,0,0,0,0,0,0,0,0,0,21963382.14668155,1757070.571734524,2285995.499276589,0,-0,0,0,0,0,528924.9275420654,1909859.317102744,0,0,0,0.013,528924.9275420654,1909859.317102744,0,0,0,0,0,0,0,0,0,0,0,0,21963382.14668155,1757070.571734524,2285995.499276589,0,0,0,0,-0
0.014,0,0,0,0,0,0,0,0,0,21963382.14668155,1757070.571734524,2285995.499276589,0,-0,0,0,0,0,528924.9275420654,1909859.317102744,0,0,0,0.014,528924.9275420654,1909859.317102744,0,0,0,0,0,0,0,0,0,0,0,0,21963382.14668155,1757070.571734524,2285995.499276589,0,0,0,0,-0
0.015,0,0,0,0,0,0,0,0,0,21963382.14668155,1757070.571734524,2285995.499276589,0,-0,0,0,0,0,528924.9275420654,1909859.317102744,0,0,0,0.015,528924.9275420654,1909859.317102744,0,0,0,0,0,0,0,0,0,0,0,0,21963382.14668155,1757070.571734524,2285995.499276589,0,0,0,0,-0
0.016,0,0,0,0,0,0,0,0,0,21963382.14668155,1757070.571734524,2285995.499276589,0,-0,0,0,0,0,528924.9275420654,1909859.317102744,0,0,0,0.016,528924.9275420654,1909859.317102744,0,0,0,0,0,0,0,0,0,0,0,0,21963382.14668155,1757070.571734524,2285995.499276589,0,0,0,0,-0
0.017,0,0,0,0,0,0,0,0,0,21963382.14668155,1757070.571734524,2285995.499276589,0,-0,0,0,0,0,528924.9275420654,1909859.317102744,0,0,0,0.017,528924.9275420654,1909859.317102744,0,0,0,0,0,0,0,0,0,0,0,0,21963382.14668155,1757070.571734524,2285995.499276589,0,0,0,0,-0
0.018,0,0,0,0,0,0,0,0,0,21963382.14668155,1757070.571734524,2285995.499276589,0,-0,0,0,0,0,528924.9275420654,1909859.317102744,0,0,0,0.018,528924.9275420654,1909859.317102744,0,0,0,0,0,0,0,0,0,0,0,0,21963382.14668155,1757070.571734524,2285995.499276589,0,0,0,0,-0
0.019,0,0,0,0,0,0,0,0,0,21963382.14668155,1757070.571734524,2285995.499276589,0,-0,0,0,0,0,528924.9275420654,1909859.317102744,0,0,0,0.019,528924.9275420654,1909859.317102744,0,0,0,0,0,0,0,0,0,0,0,0,21963382.14668155,1757070.571734524,2285995.499276589,0,0,0,0,-0
0.02,0,0,0,0,0,0,0,0,0,21963382.14668155,1757070.571734524,2285995.499276589,0,-0,0,0,0,0,528924.9275420654,1909859.317102744,0,0,0,0.02,528924.9275420654,1909859.317102744,0,0,0,0,0,0,0,0,0,0,0,0,21963382.14668155,1757070.571734524,2285995.499276589,0,0,0,0,-0
0.021,0,0,0,0,0,0,0,0,0,21963382.14668155,1757070.571734524,2285995.499276589,0,-0,0,0,0,0,528924.9275420654,1909859.317102744,0,0,0,0.021,528924.9275420654,1909859.317102744,0,0,0,0,0,0,0,0,0,0,0,0,21963382.14668155,1757070.571734524,2285995.499276589,0,0,0,0,-0
0.022,0,0,0,0,0,0,0,0,0,21963382.14668155,1757070.571734524,2285995.499276589,0,-0,0,0,0,0,528924.9275420654,1909859.317102744,0,0,0,0.022,528924.9275420654,1909859.317102744,0,0,0,0,0,0,0,0,0,0,0,0,21963382.14668155,1757070.571734524,2285995.499276589,0,0,0,0,-0
0.023,0,0,0,0,0,0,0,0,0,21963382.14668155,1757070.571734524,2285995.499276589,0,-0,0,0,0,0,528924.9275420654,1909859.317102744,0,0,0,0.023,528924.9275420654,1909859.317102744,0,0,0,0,0,0,0,0,0,0,0,0,21963382.14668155,1757070.571734524,2285995.499276589,0,0,0,0,-0
0.024,0,0,0,0,0,0,0,0,0,21963382.14668155,1757070.571734524,2285995.499276589,0,-0,0,0,0,0,528924.9275420654,1909859.317102744,0,0,0,0.024,528924.9275420654,1909859.317102744,0,0,0,0,0,0,0,0,0,0,0,0,21963382.14668155,1757070.571734524,2285995.499276589,0,0,0,0,-0
0.025,0,0,0,0,0,0,0,0,0,21963382.14668155,1757070.571734524,2285995.499276589,0,-0,0,0,0,0,528924.9275420654,1909859.317102744,0,0,0,0.025,528924.9275420654,1909859.317102744,0,0,0,0,0,0,0,0,0,0,0,0,21963382.14668155,1757070.571734524,2285995.499276589,0,0,0,0,-0
0.026,0,0,0,0,0,0,0,0,0,21963382.14668155,1757070.571734524,2285995.499276589,0,-0,0,0,0,0,528924.9275420654,1909859.317102744,0,0,0,0.026,528924.9275420654,1909859.317102744,0,0,0,0,0,0,0,0,0,0,0,0,21963382.14668155,1757070.571734524,2285995.499276589,0,0,0,0,-0
0.027,0,0,0,0,0,0,0,0,0,21963382.14668155,1757070.571734524,2285995.499276589,0,-0,0,0,0,0,528924.9275420654,1909859.317102744,0,0,0,0.027,528924.9275420654,1909859.317102744,0,0,0,0,0,0,0,0,0,0,0,0,21963382.14668155,1757070.571734524,2285995.499276589,0,0,0,0,-0
0.028,0,0,0,0,0,0,0,0,0,21963382.14668155,1757070.571734524,2285995.499276589,0,-0,0,0,0,0,528924.9275420654,1909859.317102744,0,0,0,0.028,528924.9275420654,1909859.317102744,0,0,0,0,0,0,0,0,0,0,0,0,21963382.14668155,1757070.571734524,2285995.499276589,0,0,0,0,-0
0.029,0,0,0,0,0,0,0,0,0,21963382.14668155,1757070.571734524,2285995.499276589,0,-0,0,0,0,0,528924.9275420654,1909859.317102744,0,0,0,0.029,528924.9275420654,1909859.317102744,0,0,0,0,0,0,0,0,0,0,0,0,21963382.14668155,1757070.571734524,2285995.499276589,0,0,0,0,-0
0.03,0,0,0,0,0,0,0,0,0,21963382.14668155,1757070.571734524,2285995.499276589,0,-0,0,0,0,0,528924.9275420654,1909859.317102744,0,0,0,0.03,528924.9275420654,1909859.317102744,0,0,0,0,0,0,0,0,0,0,0,0,21963382.14668155,1757070.571734524,2285995.499276589,0,0,0,0,-0
0.031,0,0,0,0,0,0,0,0,0,21963382.14668155,1757070.571734524,2285995.499276589,0,-0,0,0,0,0,528924.9275420654,1909859.317102744,0,0,0,0.031,528924.9275420654,1909859.317102744,0,0,0,0,0,0,0,0,0,0,0,0,21963382.14668155,1757070.571734524,2285995.499276589,0,0,0,0,-0
0.032,0,0,0,0,0,0,0,0,0,21963382.14668155,1757070.571734524,2285995.499276589,0,-0,0,0,0,0,528924.9275420654,1909859.317102744,0,0,0,0.032,528924.9275420654,1909859.317102744,0,0,0,0,0,0,0,0,0,0,0,0,21963382.14668155,1757070.571734524,2285995.499276589,0,0,0,0,-0
0.033,0,0,0,0,0,0,0,0,0,21963382.14668155,1757070.571734524,2285995.499276589,0,-0,0,0,0,0,528924.9275420654,1909859.317102744,0,0,0,0.033,528924.9275420654,1909859.317102744,0,0,0,0,0,0,0,0,0,0,0,0,21963382.14668155,1757070.571734524,2285995.499276589,0,0,0,0,-0
0.034,0,0,0,0,0,0,0,0,0,21963382.14668155,1757070.571734524,2285995.499276589,0,-0,0,0,0,0,528924.9275420654,1909859.317102744,0,0,0,0.034,528924.9275420654,1909859.317102744,0,0,0,0,0,0,0,0,0,0,0,0,21963382.14668155,1757070.571734524,2285995.499276589,0,0,0,0,-0
0.035,0,0,0,0,0,0,0,0,0,21963382.14668155,1757070.571734524,2285995.499276589,0,-0,0,0,0,0,528924.9275420654,1909859.317102744,0,0,0,0.035,528924.9275420654,1909859.317102744,0,0,0,0,0,0,0,0,0,0,0,0,21963382.14668155,1757070.571734524,2285995.499276589,0,0,0,0,-0
0.036,0,0,0,0,0,0,0,0,0,21963382.14668155,1757070.571734524,2285995.499276589,0,-0,0,0,0,0,528924.9275420654,1909859.317102744,0,0,0,0.036,528924.9275420654,1909859.317102744,0,0,0,0,0,0,0,0,0,0,0,0,21963382.14668155,1757070.571734524,2285995.499276589,0,0,0,0,-0
0.037,0,0,0,0,0,0,0,0,0,21963382.14668155,1757070.571734524,2285995.499276589,0,-0,0,0,0,0,528924.9275420654,1909859.317102744,0,0,0,0.037,528924.9275420654,1909859.317102744,0,0,0,0,0,0,0,0,0,0,0,0,21963382.14668155,1757070.571734524,2285995.499276589,0,0,0,0,-0
0.038,0,0,0,0,0,0,0,0,0,21963382.14668155,1757070.571734524,2285995.499276589,0,-0,0,0,0,0,528924.9275420654,1909859.317102744,0,0,0,0.038,528924.9275420654,1909859.317102744,0,0,0,0,0,0,0,0,0,0,0,0,21963382.14668155,1757070.571734524,2285995.499276589,0,0,0,0,-0
0.039,0,0,0,0,0,0,0,0,0,21963382.14668155,1757070.571734524,2285995.499276589,0,-0,0,0,0,0,528924.9275420654,1909859.317102744,0,0,0,0.039,528924.9275420654,1909859.317102744,0,0,0,0,0,0,0,0,0,0,0,0,21963382.14668155,1757070.571734524,2285995.499276589,0,0,0,0,-0
0.04,0,0,0,0,0,0,0,0,0,21963382.14668155,1757070.571734524,2285995.499276589,0,-0,0,0,0,0,528924.9275420654,1909859.317102744,0,0,0,0.04,528924.9275420654,1909859.317102744,0,0,0,0,0,0,0,0,0,0,0,0,21963382.14668155,1757070.571734524,2285995.499276589,0,0,0,0,-0
0.041,0,0,0,0,0,0,0,0,0,21963382.14668155,1757070.571734524,2285995.499276589,0,-0,0,0,0,0,528924.9275420654,1909859.317102744,0,0,0,0.041,528924.9275420654,1909859.317102744,0,0,0,0,0,0,0,0,0,0,0,0,21963382.14668155,1757070.571734524,2285995.499276589,0,0,0,0,-0
0.042,0,0,0,0,0,0,0,0,0,21963382.14668155,1757070.571734524,2285995.499276589,0,-0,0,0,0,0,528924.9275420654,1909859.317102744,0,0,0,0.042,528924.9275420654,1909859.317102744,0,0,0,0,0,0,0,0,0,0,0,0,21963382.14668155,1757070.571734524,2285995.499276589,0,0,0,0,-0
0.043,0,0,0,0,0,0,0,0,0,21963382.14668155,1757070.571734524,2285995.499276589,0,-0,0,0,0,0,528924.9275420654,1909859.317102744,0,0,0,0.043,528924.9275420654,1909859.317102744,0,0,0,0,0,0,0,0,0,0,0,0,21963382.14668155,1757070.571734524,2285995.499276589,0,0,0,0,-0
0.044,0,0,0,0,0,0,0,0,0,21963382.14668155,1757070.571734524,2285995.499276589,0,-0,0,0,0,0,528924.9275420654,1909859.317102744,0,0,0,0.044,528924.9275420654,1909859.317102744,0,0,0,0,0,0,0,0,0,0,0,0,21963382.14668155,1757070.571734524,2285995.499276589,0,0,0,0,-0
0.045,0,0,0,0,0,0,0,0,0,21963382.14668155,1757070.571734524,2285995.499276589,0,-0,0,0,0,0,528924.9275420654,1909859.317102744,0,0,0,0.045,528924.9275420654,1909859.317102744,0,0,0,0,0,0,0,0,0,0,0,0,21963382.14668155,1757070.571734524,2285995.499276589,0,0,0,0,-0
0.046,0,0,0,0,0,0,0,0,0,21963382.14668155,1757070.571734524,2285995.499276589,0,-0,0,0,0,0,528924.9275420654,1909859.317102744,0,0,0,0.046,528924.9275420654,1909859.317102744,0,0,0,0,0,0,0,0,0,0,0,0,21963382.14668155,1757070.571734524,2285995.499276589,0,0,0,0,-0
0.047,0,0,0,0,0,0,0,0,0,21963382.14668155,1757070.571734524,2285995.499276589,0,-0,0,0,0,0,528924.9275420654,1909859.317102744,0,0,0,0.047,528924.9275420654,1909859.317102744,0,0,0,0,0,0,0,0,0,0,0,0,21963382.14668155,1757070.571734524,2285995.499276589,0,0,0,0,-0
0.048,0,0,0,0,0,0,0,0,0,21963382.14668155,1757070.571734524,2285995.499276589,0,-0,0,0,0,0,528924.9275420654,1909859.317102744,0,0,0,0.048,528924.9275420654,1909859.317102744,0,0,0,0,0,0,0,0,0,0,0,0,21963382.14668155,1757070.571734524,2285995.499276589,0,0,0,0,-0
0.049,0,0,0,0,0,0,0,0,0,21963382.14668155,1757070.571734524,2285995.499276589,0,-0,0,0,0,0,528924.9275420654,1909859.317102744,0,0,0,0.049,528924.9275420654,1909859.317102744,0,0,0,0,0,0,0,0,0,0,0,0,21963382.14668155,1757070.571734524,2285995.499276589,0,0,0,0,-0
0.05,0,0,0,0,0,0,0,0,0,21963382.14668155,1757070.571734524,2285995.499276589,0,-0,0,0,0,0,528924.9275420654,1909859.317102744,0,0,0,0.05,528924.9275420654,1909859.317102744,0,0,0,0,0,0,0,0,0,0,0,0,21963382.14668155,1757070.571734524,2285995.499276589,0,0,0,0,-0
0.051,0,0,0,0,0,0,0,0,0,21963382.14668155,1757070.571734524,2285995.499276589,0,-0,0,0,0,0,528924.9275420654,1909859.317102744,0,0,0,0.051,528924.9275420654,1909859.317102744,0,0,0,0,0,0,0,0,0,0,0,0,21963382.14668155,1757070.571734524,2285995.499276589,0,0,0,0,-0
0.052,0,0,0,0,0,0,0,0,0,21963382.14668155,1757070.571734524,2285995.499276589,0,-0,0,0,0,0,528924.9275420654,1909859.317102744,0,0,0,0.052,528924.9275420654,1909859.317102744,0,0,0,0,0,0,0,0,0,0,0,0,21963382.14668155,1757070.571734524,2285995.499276589,0,0,0,0,-0
0.053,0,0,0,0,0,0,0,0,0,21963382.14668155,1757070.571734524,2285995.499276589,0,-0,0,0,0,0,528924.9275420654,1909859.317102744,0,0,0,0.053,528924.9275420654,1909859.317102744,0,0,0,0,0,0,0,0,0,0,0,0,21963382.14668155,1757070.571734524,2285995.499276589,0,0,0,0,-0
0.054,0,0,0,0,0,0,0,0,0,21963382.14668155,1757070.571734524,2285995.499276589,0,-0,0,0,0,0,528924.9275420654,1909859.317102744,0,0,0,0.054,528924.9275420654,1909859.317102744,0,0,0,0,0,0,0,0,0,0,0,0,21963382.14668155,1757070.571734524,2285995.499276589,0,0,0,0,-0
0.055,0,0,0,0,0,0,0,0,0,21963382.14668155,1757070.571734524,2285995.499276589,0,-0,0,0,0,0,528924.9275420654,1909859.317102744,0,0,0,0.055,528924.9275420654,1909859.317102744,0,0,0,0,0,0,0,0,0,0,0,0,21963382.14668155,1757070.571734524,2285995.499276589,0,0,0,0,-0
0.056,0,0,0,0,0,0,0,0,0,21963382.14668155,1757070.571734524,2285995.499276589,0,-0,0,0,0,0,528924.9275420654,1909859.317102744,0,0,0,0.056,528924.9275420654,1909859.317102744,0,0,0,0,0,0,0,0,0,0,0,0,21963382.14668155,1757070.571734524,2285995.499276589,0,0,0,0,-0
0.057,0,0,0,0,0,0,0,0,0,21963382.14668155,1757070.571734524,2285995.499276589,0,-0,0,0,0,0,528924.9275420654,1909859.317102744,0,0,0,0.057,528924.9275420654,1909859.317102744,0,0,0,0,0,0,0,0,0,0,0,0,21963382.14668155,1757070.571734524,2285995.499276589,0,0,0,0,-0
0.058,0,0,0,0,0,0,0,0,0,21963382.14668155,1757070.571734524,2285995.499276589,0,-0,0,0,0,0,528924.9275420654,1909859.317102744,0,0,0,0.058,528924.9275420654,1909859.317102744,0,0,0,0,0,0,0,0,0,0,0,0,21963382.14668155,1757070.571734524,2285995.499276589,0,0,0,0,-0
0.059,0,0,0,0,0,0,0,0,0,21963382.14668155,1757070.571734524,2285995.499276589,0,-0,0,0,0,0,528924.9275420654,1909859.317102744,0,0,0,0.059,528924.9275420654,1909859.317102744,0,0,0,0,0,0,0,0,0,0,0,0,21963382.14668155,1757070.571734524,2285995.499276589,0,0,0,0,-0
0.06,0,0,0,0,0,0,0,0,0,21963382.14668155,1757070.571734524,2285995.499276589,0,-0,0,0,0,0,528924.9275420654,1909859.317102744,0,0,0,0.06,528924.9275420654,1909859.317102744,0,0,0,0,0,0,0,0,0,0,0,0,21963382.14668155,1757070.571734524,2285995.499276589,0,0,0,0,-0
0.061,0,0,0,0,0,0,0,0,0,21963382.14668155,1757070.571734524,2285995.499276589,0,-0,0,0,0,0,528924.9275420654,1909859.317102744,0,0,0,0.061,528924.9275420654,1909859.317102744,0,0,0,0,0,0,0,0,0,0,0,0,21963382.14668155,1757070.571734524,2285995.499276589,0,0,0,0,-0
0.062,0,0,0,0,0,0,0,0,0,21963382.14668155,1757070.571734524,2285995.499276589,0,-0,0,0,0,0,528924.9275420654,1909859.317102744,0,0,0,0.062,528924.9275420654,1909859.317102744,0,0,0,0,0,0,0,0,0,0,0,0,21963382.14668155,1757070.571734524,2285995.499276589,0,0,0,0,-0
0.063,0,0,0,0,0,0,0,0,0,21963382.14668155,1757070.571734524,2285995.499276589,0,-0,0,0,0,0,528924.9275420654,1909859.317102744,0,0,0,0.063,528924.9275420654,1909859.317102744,0,0,0,0,0,0,0,0,0,0,0,0,21963382.14668155,1757070.571734524,2285995.499276589,0,0,0,0,-0
0.064,0,0,0,0,0,0,0,0,0,21963382.14668155,1757070.571734524,2285995.499276589,0,-0,0,0,0,0,528924.9275420654,1909859.317102744,0,0,0,0.064,528924.9275420654,1909859.317102744,0,0,0,0,0,0,0,0,0,0,0,0,21963382.14668155,1757070.571734524,2285995.499276589,0,0,0,0,-0
0.065,0,0,0,0,0,0,0,0,0,21963382.14668155,1757070.571734524,2285995.499276589,0,-0,0,0,0,0,528924.9275420654,1909859.317102744,0,0,0,0.065,528924.9275420654,1909859.317102744,0,0,0,0,0,0,0,0,0,0,0,0,21963382.14668155,1757070.571734524,2285995.499276589,0,0,0,0,-0
0.066,0,0,0,0,0,0,0,0,0,21963382.14668155,1757070.571734524,2285995.499276589,0,-0,0,0,0,0,528924.9275420654,1909859.317102744,0,0,0,0.066,528924.9275420654,1909859.317102744,0,0,0,0,0,0,0,0,0,0,0,0,21963382.14668155,1757070.571734524,2285995.499276589,0,0,0,0,-0
0.067,0,0,0,0,0,0,0,0,0,21963382.14668155,1757070.571734524,2285995.499276589,0,-0,0,0,0,0,528924.9275420654,1909859.317102744,0,0,0,0.067,528924.9275420654,1909859.317102744,0,0,0,0,0,0,0,0,0,0,0,0,21963382.14668155,1757070.571734524,2285995.499276589,0,0,0,0,-0
0.068,0,0,0,0,0,0,0,0,0,21963382.14668155,1757070.571734524,2285995.499276589,0,-0,0,0,0,0,528924.9275420654,1909859.317102744,0,0,0,0.068,528924.9275420654,1909859.317102744,0,0,0,0,0,0,0,0,0,0,0,0,21963382.14668155,1757070.571734524,2285995.499276589,0,0,0,0,-0
0.06900000000000001,0,0,0,0,0,0,0,0,0,21963382.14668155,1757070.571734524,2285995.499276589,0,-0,0,0,0,0,528924.9275420654,1909859.317102744,0,0,0,0.06900000000000001,528924.9275420654,1909859.317102744,0,0,0,0,0,0,0,0,0,0,0,0,21963382.14668155,1757070.571734524,2285995.499276589,0,0,0,0,-0
0.07000000000000001,0,0,0,0,0,0,0,0,0,21963382.14668155,1757070.571734524,2285995.499276589,0,-0,0,0,0,0,528924.9275420654,1909859.317102744,0,0,0,0.07000000000000001,528924.9275420654,1909859.317102744,0,0,0,0,0,0,0,0,0,0,0,0,21963382.14668155,1757070.571734524,2285995.499276589,0,0,0,0,-0
0.07099999999999999,0,0,0,0,0,0,0,0,0,21963382.14668155,1757070.571734524,2285995.499276589,0,-0,0,0,0,0,528924.9275420654,1909859.317102744,0,0,0,0.07099999999999999,528924.9275420654,1909859.317102744,0,0,0,0,0,0,0,0,0,0,0,0,21963382.14668155,1757070.571734524,2285995.499276589,0,0,0,0,-0
0.07199999999999999,0,0,0,0,0,0,0,0,0,21963382.14668155,1757070.571734524,2285995.499276589,0,-0,0,0,0,0,528924.9275420654,1909859.317102744,0,0,0,0.07199999999999999,528924.9275420654,1909859.317102744,0,0,0,0,0,0,0,0,0,0,0,0,21963382.14668155,1757070.571734524,2285995.499276589,0,0,0,0,-0
0.073,0,0,0,0,0,0,0,0,0,21963382.14668155,1757070.571734524,2285995.499276589,0,-0,0,0,0,0,528924.9275420654,1909859.317102744,0,0,0,0.073,528924.9275420654,1909859.317102744,0,0,0,0,0,0,0,0,0,0,0,0,21963382.14668155,1757070.571734524,2285995.499276589,0,0,0,0,-0
0.074,0,0,0,0,0,0,0,0,0,21963382.14668155,1757070.571734524,2285995.499276589,0,-0,0,0,0,0,528924.9275420654,1909859.317102744,0,0,0,0.074,528924.9275420654,1909859.317102744,0,0,0,0,0,0,0,0,0,0,0,0,21963382.14668155,1757070.571734524,2285995.499276589,0,0,0,0,-0
0.075,0,0,0,0,0,0,0,0,0,21963382.14668155,1757070.571734524,2285995.499276589,0,-0,0,0,0,0,528924.9275420654,1909859.317102744,0,0,0,0.075,528924.9275420654,1909859.317102744,0,0,0,0,0,0,0,0,0,0,0,0,21963382.14668155,1757070.571734524,2285995.499276589,0,0,0,0,-0
0.076,0,0,0,0,0,0,0,0,0,21963382.14668155,1757070.571734524,2285995.499276589,0,-0,0,0,0,0,528924.9275420654,1909859.317102744,0,0,0,0.076,528924.9275420654,1909859.317102744,0,0,0,0,0,0,0,0,0,0,0,0,21963382.14668155,1757070.571734524,2285995.499276589,0,0,0,0,-0
0.077,0,0,0,0,0,0,0,0,0,21963382.14668155,1757070.571734524,2285995.499276589,0,-0,0,0,0,0,528924.9275420654,1909859.317102744,0,0,0,0.077,528924.9275420654,1909859.317102744,0,0,0,0,0,0,0,0,0,0,0,0,21963382.14668155,1757070.571734524,2285995.499276589,0,0,0,0,-0
0.078,0,0,0,0,0,0,0,0,0,21963382.14668155,1757070.571734524,2285995.499276589,0,-0,0,0,0,0,528924.9275420654,1909859.317102744,0,0,0,0.078,528924.9275420654,1909859.317102744,0,0,0,0,0,0,0,0,0,0,0,0,21963382.14668155,1757070.571734524,2285995.499276589,0,0,0,0,-0
0.079,0,0,0,0,0,0,0,0,0,21963382.14668155,1757070.571734524,2285995.499276589,0,-0,0,0,0,0,528924.9275420654,1909859.317102744,0,0,0,0.079,528924.9275420654,1909859.317102744,0,0,0,0,0,0,0,0,0,0,0,0,21963382.14668155,1757070.571734524,2285995.499276589,0,0,0,0,-0
0.08,0,0,0,0,0,0,0,0,0,21963382.14668155,1757070.571734524,2285995.499276589,0,-0,0,0,0,0,528924.9275420654,1909859.317102744,0,0,0,0.08,528924.9275420654,1909859.317102744,0,0,0,0,0,0,0,0,0,0,0,0,21963382.14668155,1757070.571734524,2285995.499276589,0,0,0,0,-0
0.081,0,0,0,0,0,0,0,0,0,21963382.14668155,1757070.571734524,2285995.499276589,0,-0,0,0,0,0,528924.9275420654,1909859.317102744,0,0,0,0.081,528924.9275420654,1909859.317102744,0,0,0,0,0,0,0,0,0,0,0,0,21963382.14668155,1757070.571734524,2285995.499276589,0,0,0,0,-0
0.082,0,0,0,0,0,0,0,0,0,21963382.14668155,1757070.571734524,2285995.499276589,0,-0,0,0,0,0,528924.9275420654,1909859.317102744,0,0,0,0.082,528924.9275420654,1909859.317102744,0,0,0,0,0,0,0,0,0,0,0,0,21963382.14668155,1757070.571734524,2285995.499276589,0,0,0,0,-0
0.083,0,0,0,0,0,0,0,0,0,21963382.14668155,1757070.571734524,2285995.499276589,0,-0,0,0,0,0,528924.9275420654,1909859.317102744,0,0,0,0.083,528924.9275420654,1909859.317102744,0,0,0,0,0,0,0,0,0,0,0,0,21963382.14668155,1757070.571734524,2285995.499276589,0,0,0,0,-0
0.08400000000000001,0,0,0,0,0,0,0,0,0,21963382.14668155,1757070.571734524,2285995.499276589,0,-0,0,0,0,0,528924.9275420654,1909859.317102744,0,0,0,0.08400000000000001,528924.9275420654,1909859.317102744,0,0,0,0,0,0,0,0,0,0,0,0,21963382.14668155,1757070.571734524,2285995.499276589,0,0,0,0,-0
0.08500000000000001,0,0,0,0,0,0,0,0,0,21963382.14668155,1757070.571734524,2285995.499276589,0,-0,0,0,0,0,528924.9275420654,1909859.317102744,0,0,0,0.08500000000000001,528924.9275420654,1909859.317102744,0,0,0,0,0,0,0,0,0,0,0,0,21963382.14668155,1757070.571734524,2285995.499276589,0,0,0,0,-0
0.08599999999999999,0,0,0,0,0,0,0,0,0,21963382.14668155,1757070.571734524,2285995.499276589,0,-0,0,0,0,0,528924.9275420654,1909859.317102744,0,0,0,0.08599999999999999,528924.9275420654,1909859.317102744,0,0,0,0,0,0,0,0,0,0,0,0,21963382.14668155,1757070.571734524,2285995.499276589,0,0,0,0,-0
0.08699999999999999,0,0,0,0,0,0,0,0,0,21963382.14668155,1757070.571734524,2285995.499276589,0,-0,0,0,0,0,528924.9275420654,1909859.317102744,0,0,0,0.08699999999999999,528924.9275420654,1909859.317102744,0,0,0,0,0,0,0,0,0,0,0,0,21963382.14668155,1757070.571734524,2285995.499276589,0,0,0,0,-0
0.08799999999999999,0,0,0,0,0,0,0,0,0,21963382.14668155,1757070.571734524,2285995.499276589,0,-0,0,0,0,0,528924.9275420654,1909859.317102744,0,0,0,0.08799999999999999,528924.9275420654,1909859.317102744,0,0,0,0,0,0,0,0,0,0,0,0,21963382.14668155,1757070.571734524,2285995.499276589,0,0,0,0,-0
0.089,0,0,0,0,0,0,0,0,0,21963382.14668155,1757070.571734524,2285995.499276589,0,-0,0,0,0,0,528924.9275420654,1909859.317102744,0,0,0,0.089,528924.9275420654,1909859.317102744,0,0,0,0,0,0,0,0,0,0,0,0,21963382.14668155,1757070.571734524,2285995.499276589,0,0,0,0,-0
0.09,0,0,0,0,0,0,0,0,0,21963382.14668155,1757070.571734524,2285995.499276589,0,-0,0,0,0,0,528924.9275420654,1909859.317102744,0,0,0,0.09,528924.9275420654,1909859.317102744,0,0,0,0,0,0,0,0,0,0,0,0,21963382.14668155,1757070.571734524,2285995.499276589,0,0,0,0,-0
0.091,0,0,0,0,0,0,0,0,0,21963382.14668155,1757070.571734524,2285995.499276589,0,-0,0,0,0,0,528924.9275420654,1909859.317102744,0,0,0,0.091,528924.9275420654,1909859.317102744,0,0,0,0,0,0,0,0,0,0,0,0,21963382.14668155,1757070.571734524,2285995.499276589,0,0,0,0,-0
0.092,0,0,0,0,0,0,0,0,0,21963382.14668155,1757070.571734524,2285995.499276589,0,-0,0,0,0,0,528924.9275420654,1909859.317102744,0,0,0,0.092,528924.9275420654,1909859.317102744,0,0,0,0,0,0,0,0,0,0,0,0,21963382.14668155,1757070.571734524,2285995.499276589,0,0,0,0,-0
0.093,0,0,0,0,0,0,0,0,0,21963382.14668155,1757070.571734524,2285995.499276589,0,-0,0,0,0,0,528924.9275420654,1909859.317102744,0,0,0,0.093,528924.9275420654,1909859.317102744,0,0,0,0,0,0,0,0,0,0,0,0,21963382.14668155,1757070.571734524,2285995.499276589,0,0,0,0,-0
0.094,0,0,0,0,0,0,0,0,0,21963382.14668155,1757070.571734524,2285995.499276589,0,-0,0,0,0,0,528924.9275420654,1909859.317102744,0,0,0,0.094,528924.9275420654,1909859.317102744,0,0,0,0,0,0,0,0,0,0,0,0,21963382.14668155,1757070.571734524,2285995.499276589,0,0,0,0,-0
0.095,0,0,0,0,0,0,0,0,0,21963382.14668155,1757070.571734524,2285995.499276589,0,-0,0,0,0,0,528924.9275420654,1909859.317102744,0,0,0,0.095,528924.9275420654,1909859.317102744,0,0,0,0,0,0,0,0,0,0,0,0,21963382.14668155,1757070.571734524,2285995.499276589,0,0,0,0,-0
0.096,0,0,0,0,0,0,0,0,0,21963382.14668155,1757070.571734524,2285995.499276589,0,-0,0,0,0,0,528924.9275420654,1909859.317102744,0,0,0,0.096,528924.9275420654,1909859.317102744,0,0,0,0,0,0,0,0,0,0,0,0,21963382.14668155,1757070.571734524,2285995.499276589,0,0,0,0,-0
0.097,0,0,0,0,0,0,0,0,0,21963382.14668155,1757070.571734524,2285995.499276589,0,-0,0,0,0,0,528924.9275420654,1909859.317102744,0,0,0,0.097,528924.9275420654,1909859.317102744,0,0,0,0,0,0,0,0,0,0,0,0,21963382.14668155,1757070.571734524,2285995.499276589,0,0,0,0,-0
0.098,0,0,0,0,0,0,0,0,0,21963382.14668155,1757070.571734524,2285995.499276589,0,-0,0,0,0,0,528924.9275420654,1909859.317102744,0,0,0,0.098,528924.9275420654,1909859.317102744,0,0,0,0,0,0,0,0,0,0,0,0,21963382.14668155,1757070.571734524,2285995.499276589,0,0,0,0,-0
0.099,0,0,0,0,0,0,0,0,0,21963382.14668155,1757070.571734524,2285995.499276589,0,-0,0,0,0,0,528924.9275420654,1909859.317102744,0,0,0,0.099,528924.9275420654,1909859.317102744,0,0,0,0,0,0,0,0,0,0,0,0,21963382.14668155,1757070.571734524,2285995.499276589,0,0,0,0,-0
0.1,0,0,0,0,0,0,0,0,0,21963382.14668155,1757070.571734524,2285995.499276589,0,-0,0,0,0,0,528924.9275420654,1909859.317102744,0,0,0,0.1,528924.9275420654,1909859.317102744,0,0,0,0,0,0,0,0,0,0,0,0,21963382.14668155,1757070.571734524,2285995.499276589,0,0,0,0,-0
0.1000000001108274,0,0,0,0,0,0,0,0,0,21963382.14668155,1757070.571734524,2285995.499276589,0,-0,0,0,0,0,528924.9275420654,1909859.317102744,0,0,0,0.1000000001098961,528924.9275420654,1909859.317102744,0,0,0,0,0,0,0,0,0,0,0,0,21963382.14668155,1757070.571734524,2285995.499276589,0,0,0,0,-0
0.1000000001108274,2.327088572274906e-10,2.140921486492914e-10,1.543198538709219e-07,0.0001703691186734978,5.541368752748355e-10,1.454430357671817e-13,1.338075929058071e-13,0.92,1.163544286137453e-14,21963382.14668155,1757070.571734524,2285995.499276589,2.741536636091853e-08,-2.101844754337087e-09,7.692844715465459e-08,2.555536780102468e-07,0,0,528924.9275420654,1909859.317102744,0,0,3.324821251649013e-07,0.1000000001108274,528924.9275420654,1909859.317102744,5.541368752748355e-10,5.541368752748355e-10,3.324821251649013e-07,2.741536636091853e-08,2.327088572274906e-10,2.140921486492914e-10,1.543198538709219e-07,0.0001703691186734978,1.454430357671817e-13,1.338075929058071e-13,0.92,1.163544286137453e-14,21963382.14668155,1757070.571734524,2285995.499276589,7.692844715465459e-08,2.555536780102468e-07,3.324821251649013e-07,1.338075929058071e-13,-2.101844754337087e-09
0.101,0.002099741666822607,0.001931762333476799,1.39243443954514,1537.247621257834,0.005000000000000004,1.31233854176413e-06,1.207351458422999e-06,0.92,1.049870833411304e-07,21963382.14668155,1757070.571734524,2285995.499276589,0.2473699873097359,-0.01896503236041308,0.6941285681132521,2.305871431886751,0,0,528924.9275420654,1909859.317102744,0,0,3.000000000000003,0.101,528924.9275420654,1909859.317102744,0.005000000000000004,0.005000000000000004,3.000000000000003,0.2473699873097359,0.002099741666822607,0.001931762333476799,1.39243443954514,1537.247621257834,1.31233854176413e-06,1.207351458422999e-06,0.92,1.049870833411304e-07,21963382.14668155,1757070.571734524,2285995.499276589,0.6941285681132521,2.305871431886751,3.000000000000003,1.207351458422999e-06,-0.01896503236041308
0.102,0.004199483333645185,0.003863524666953571,2.78486887909026,3074.495242515647,0.009999999999999939,2.624677083528241e-06,2.414702916845982e-06,0.9200000000000002,2.099741666822593e-07,21963382.14668155,1757070.571734524,2285995.499276589,0.4947399746194683,-0.03793006472082591,1.388257136226494,4.611742863773471,0,0,528924.9275420654,1909859.317102744,0,0,5.999999999999964,0.102,528924.9275420654,1909859.317102744,0.009999999999999939,0.009999999999999939,5.999999999999964,0.4947399746194683,0.004199483333645185,0.003863524666953571,2.78486887909026,3074.495242515647,2.624677083528241e-06,2.414702916845982e-06,0.9200000000000002,2.099741666822593e-07,21963382.14668155,1757070.571734524,2285995.499276589,1.388257136226494,4.611742863773471,5.999999999999964,2.414702916845982e-06,-0.03793006472082591
0.103,0.006299225000467793,0.005795287000430369,4.1773033186354,4611.742863773481,0.01499999999999994,3.937015625292371e-06,3.622054375268981e-06,0.92,3.149612500233897e-07,21963382.14668155,1757070.571734524,2285995.499276589,0.7421099619292043,-0.056895097081239,2.082385704339747,6.917614295660222,0,0,528924.9275420654,1909859.317102744,0,0,8.999999999999966,0.103,528924.9275420654,1909859.317102744,0.01499999999999994,0.01499999999999994,8.999999999999966,0.7421099619292043,0.006299225000467793,0.005795287000430369,4.1773033186354,4611.742863773481,3.937015625292371e-06,3.622054375268981e-06,0.92,3.149612500233897e-07,21963382.14668155,1757070.571734524,2285995.499276589,2.082385704339747,6.917614295660222,8.999999999999966,3.622054375268981e-06,-0.056895097081239
0.104,0.008398966667290399,0.007727049333907168,5.569737758180539,6148.990485031316,0.01999999999999995,5.249354167056501e-06,4.829405833691981e-06,0.92,4.199483333645201e-07,21963382.14668155,1757070.571734524,2285995.499276589,0.9894799492389403,-0.07586012944165209,2.776514272452999,9.223485727546974,0,0,528924.9275420654,1909859.317102744,0,0,11.99999999999997,0.104,528924.9275420654,1909859.317102744,0.01999999999999995,0.01999999999999995,11.99999999999997,0.9894799492389403,0.008398966667290399,0.007727049333907168,5.569737758180539,6148.990485031316,5.249354167056501e-06,4.829405833691981e-06,0.92,4.199483333645201e-07,21963382.14668155,1757070.571734524,2285995.499276589,2.776514272452999,9.223485727546974,11.99999999999997,4.829405833691981e-06,-0.07586012944165209
0.105,0.01049870833411301,0.009658811667383967,6.962172197725679,7686.23810628915,0.02499999999999995,6.561692708820631e-06,6.036757292114981e-06,0.92,5.249354167056504e-07,21963382.14668155,1757070.571734524,2285995.499276589,1.236849936548676,-0.09482516180206517,3.470642840566251,11.52935715943373,0,0,528924.9275420654,1909859.317102744,0,0,14.99999999999997,0.105,528924.9275420654,1909859.317102744,0.02499999999999995,0.02499999999999995,14.99999999999997,1.236849936548676,0.01049870833411301,0.009658811667383967,6.962172197725679,7686.23810628915,6.561692708820631e-06,6.036757292114981e-06,0.92,5.249354167056504e-07,21963382.14668155,1757070.571734524,2285995.499276589,3.470642840566251,11.52935715943373,14.99999999999997,6.036757292114981e-06,-0.09482516180206517
0.106,0.01259845000093562,0.01159057400086077,8.35460663727082,9223.485727546986,0.02999999999999996,7.874031250584761e-06,7.244108750537981e-06,0.92,6.299225000467809e-07,21963382.14668155,1757070.571734524,2285995.499276589,1.484219923858412,-0.1137901941624783,4.164771408679504,13.83522859132048,0,0,528924.9275420654,1909859.317102744,0,0,17.99999999999998,0.106,528924.9275420654,1909859.317102744,0.02999999999999996,0.02999999999999996,17.99999999999998,1.484219923858412,0.01259845000093562,0.01159057400086077,8.35460663727082,9223.485727546986,7.874031250584761e-06,7.244108750537981e-06,0.92,6.299225000467809e-07,21963382.14668155,1757070.571734524,2285995.499276589,4.164771408679504,13.83522859132048,17.99999999999998,7.244108750537981e-06,-0.1137901941624783
0.107,0.01469819166775822,0.01352233633433756,9.747041076815959,10760.73334880482,0.03499999999999996,9.186369792348891e-06,8.451460208960979e-06,0.9199999999999999,7.349095833879113e-07,21963382.14668155,1757070.571734524,2285995.499276589,1.731589911168148,-0.1327552265228914,4.858899976792756,16.14110002320723,0,0,528924.9275420654,1909859.317102744,0,0,20.99999999999998,0.107,528924.9275420654,1909859.317102744,0.03499999999999996,0.03499999999999996,20.99999999999998,1.731589911168148,0.01469819166775822,0.01352233633433756,9.747041076815959,10760.73334880482,9.186369792348891e-06,8.451460208960979e-06,0.9199999999999999,7.349095833879113e-07,21963382.14668155,1757070.571734524,2285995.499276589,4.858899976792756,16.14110002320723,20.99999999999998,8.451460208960979e-06,-0.1327552265228914
0.108,0.01679793333458083,0.01545409866781436,11.1394755163611,12297.98097006265,0.03999999999999997,1.049870833411302e-05,9.658811667383978e-06,0.92,8.398966667290415e-07,21963382.14668155,1757070.571734524,2285995.499276589,1.978959898477884,-0.1517202588833044,5.553028544906006,18.44697145509398,0,0,528924.9275420654,1909859.317102744,0,0,23.99999999999998,0.108,528924.9275420654,1909859.317102744,0.03999999999999997,0.03999999999999997,23.99999999999998,1.978959898477884,0.01679793333458083,0.01545409866781436,11.1394755163611,12297.98097006265,1.049870833411302e-05,9.658811667383978e-06,0.92,8.398966667290415e-07,21963382.14668155,1757070.571734524,2285995.499276589,5.553028544906006,18.44697145509398,23.99999999999998,9.658811667383978e-06,-0.1517202588833044
0.109,0.01889767500140344,0.01738586100129116,12.53190995590624,13835.22859132049,0.04499999999999997,1.181104687587715e-05,1.086616312580698e-05,0.9199999999999999,9.44883750070172e-07,21963382.14668155,1757070.571734524,2285995.499276589,2.22632988578762,-0.1706852912437175,6.247157113019259,20.75284288698073,0,0,528924.9275420654,1909859.317102744,0,0,26.99999999999998,0.109,528924.9275420654,1909859.317102744,0.04499999999999997,0.04499999999999997,26.99999999999998,2.22632988578762,0.01889767500140344,0.01738586100129116,12.53190995590624,13835.22859132049,1.181104687587715e-05,1.086616312580698e-05,0.9199999999999999,9.44883750070172e-07,21963382.14668155,1757070.571734524,2285995.499276589,6.247157113019259,20.75284288698073,26.99999999999998,1.086616312580698e-05,-0.1706852912437175
0.11,0.02099741666822604,0.01931762333476796,13.92434439545138,15372.47621257832,0.04999999999999998,1.312338541764128e-05,1.207351458422998e-05,0.92,1.049870833411302e-06,21963382.14668155,1757070.571734524,2285995.499276589,2.473699873097356,-0.1896503236041306,6.941285681132511,23.05871431886748,0,0,528924.9275420654,1909859.317102744,0,0,29.99999999999999,0.11,528924.9275420654,1909859.317102744,0.04999999999999998,0.04999999999999998,29.99999999999999,2.473699873097356,0.02099741666822604,0.01931762333476796,13.92434439545138,15372.47621257832,1.312338541764128e-05,1.207351458422998e-05,0.92,1.049870833411302e-06,21963382.14668155,1757070.571734524,2285995.499276589,6.941285681132511,23.05871431886748,29.99999999999999,1.207351458422998e-05,-0.1896503236041306
0.111,0.02309715833504865,0.02124938566824476,15.31677883499652,16909.72383383615,0.05499999999999998,1.443572395940541e-05,1.328086604265298e-05,0.9200000000000002,1.154857916752433e-06,21963382.14668155,1757070.571734524,2285995.499276589,2.721069860407091,-0.2086153559645437,7.635414249245763,25.36458575075423,0,0,528924.9275420654,1909859.317102744,0,0,32.99999999999999,0.111,528924.9275420654,1909859.317102744,0.05499999999999998,0.05499999999999998,32.99999999999999,2.721069860407091,0.02309715833504865,0.02124938566824476,15.31677883499652,16909.72383383615,1.443572395940541e-05,1.328086604265298e-05,0.9200000000000002,1.154857916752433e-06,21963382.14668155,1757070.571734524,2285995.499276589,7.635414249245763,25.36458575075423,32.99999999999999,1.328086604265298e-05,-0.2086153559645437
0.112,0.02519690000187126,0.02318114800172156,16.70921327454166,18446.97145509399,0.05999999999999998,1.574806250116954e-05,1.448821750107598e-05,0.92,1.259845000093563e-06,21963382.14668155,1757070.571734524,2285995.499276589,2.968439847716827,-0.2275803883249568,8.329542817359016,27.67045718264098,0,0,528924.9275420654,1909859.317102744,0,0,35.99999999999999,0.112,528924.9275420654,1909859.317102744,0.05999999999999998,0.05999999999999998,35.99999999999999,2.968439847716827,0.02519690000187126,0.02318114800172156,16.70921327454166,18446.97145509399,1.574806250116954e-05,1.448821750107598e-05,0.92,1.259845000093563e-06,21963382.14668155,1757070.571734524,2285995.499276589,8.329542817359016,27.67045718264098,35.99999999999999,1.448821750107598e-05,-0.2275803883249568
0.113,0.02729664166869386,0.02511291033519835,18.10164771408679,19984.21907635182,0.06499999999999999,1.706040104293367e-05,1.569556895949898e-05,0.92,1.364832083434693e-06,21963382.14668155,1757070.571734524,2285995.499276589,3.215809835026563,-0.2465454206853699,9.023671385472266,29.97632861452773,0,0,528924.9275420654,1909859.317102744,0,0,38.99999999999999,0.113,528924.9275420654,1909859.317102744,0.06499999999999999,0.06499999999999999,38.99999999999999,3.215809835026563,0.02729664166869386,0.02511291033519835,18.10164771408679,19984.21907635182,1.706040104293367e-05,1.569556895949898e-05,0.92,1.364832083434693e-06,21963382.14668155,1757070.571734524,2285995.499276589,9.023671385472266,29.97632861452773,38.99999999999999,1.569556895949898e-05,-0.2465454206853699
0.114,0.02939638333551647,0.02704467266867516,19.49408215363193,21521.46669760966,0.06999999999999999,1.83727395846978e-05,1.690292041792198e-05,0.92,1.469819166775824e-06,21963382.14668155,1757070.571734524,2285995.499276589,3.463179822336299,-0.265510453045783,9.717799953585518,32.28220004641449,0,0,528924.9275420654,1909859.317102744,0,0,41.99999999999999,0.114,528924.9275420654,1909859.317102744,0.06999999999999999,0.06999999999999999,41.99999999999999,3.463179822336299,0.02939638333551647,0.02704467266867516,19.49408215363193,21521.46669760966,1.83727395846978e-05,1.690292041792198e-05,0.92,1.469819166775824e-06,21963382.14668155,1757070.571734524,2285995.499276589,9.717799953585518,32.28220004641449,41.99999999999999,1.690292041792198e-05,-0.265510453045783
0.115,0.03149612500233908,0.02897643500215195,20.88651659317707,23058.71431886749,0.075,1.968507812646193e-05,1.811027187634498e-05,0.92,1.574806250116954e-06,21963382.14668155,1757070.571734524,2285995.499276589,3.710549809646036,-0.284475485406196,10.41192852169877,34.58807147830124,0,0,528924.9275420654,1909859.317102744,0,0,45,0.115,528924.9275420654,1909859.317102744,0.075,0.075,45,3.710549809646036,0.03149612500233908,0.02897643500215195,20.88651659317707,23058.71431886749,1.968507812646193e-05,1.811027187634498e-05,0.92,1.574806250116954e-06,21963382.14668155,1757070.571734524,2285995.499276589,10.41192852169877,34.58807147830124,45,1.811027187634498e-05,-0.284475485406196
0.116,0.03359586666916169,0.03090819733562875,22.27895103272222,24595.96194012532,0.08,2.099741666822606e-05,1.931762333476797e-05,0.9199999999999999,1.679793333458085e-06,21963382.14668155,1757070.571734524,2285995.499276589,3.957919796955771,-0.3034405177666091,11.10605708981202,36.89394291018798,0,0,528924.9275420654,1909859.317102744,0,0,48,0.116,528924.9275420654,1909859.317102744,0.08,0.08,48,3.957919796955771,0.03359586666916169,0.03090819733562875,22.27895103272222,24595.96194012532,2.099741666822606e-05,1.931762333476797e-05,0.9199999999999999,1.679793333458085e-06,21963382.14668155,1757070.571734524,2285995.499276589,11.10605708981202,36.89394291018798,48,1.931762333476797e-05,-0.3034405177666091
0.117,0.03569560833598429,0.03283995966910556,23.67138547226735,26133.20956138317,0.08500000000000001,2.230975520999019e-05,2.052497479319098e-05,0.92,1.784780416799215e-06,21963382.14668155,1757070.571734524,2285995.499276589,4.205289784265507,-0.3224055501270223,11.80018565792528,39.19981434207475,0,0,528924.9275420654,1909859.317102744,0,0,51.00000000000001,0.117,528924.9275420654,1909859.317102744,0.08500000000000001,0.08500000000000001,51.00000000000001,4.205289784265507,0.03569560833598429,0.03283995966910556,23.67138547226735,26133.20956138317,2.230975520999019e-05,2.052497479319098e-05,0.92,1.784780416799215e-06,21963382.14668155,1757070.571734524,2285995.499276589,11.80018565792528,39.19981434207475,51.00000000000001,2.052497479319098e-05,-0.3224055501270223
0.118,0.03779535000280687,0.03477172200258232,25.06381991181247,27670.45718264097,0.08999999999999994,2.36220937517543e-05,2.173232625161396e-05,0.9199999999999999,1.889767500140344e-06,21963382.14668155,1757070.571734524,2285995.499276589,4.45265977157524,-0.341370582487435,12.49431422603852,41.50568577396145,0,0,528924.9275420654,1909859.317102744,0,0,53.99999999999996,0.118,528924.9275420654,1909859.317102744,0.08999999999999994,0.08999999999999994,53.99999999999996,4.45265977157524,0.03779535000280687,0.03477172200258232,25.06381991181247,27670.45718264097,2.36220937517543e-05,2.173232625161396e-05,0.9199999999999999,1.889767500140344e-06,21963382.14668155,1757070.571734524,2285995.499276589,12.49431422603852,41.50568577396145,53.99999999999996,2.173232625161396e-05,-0.341370582487435
0.119,0.03989509166962948,0.03670348433605912,26.45625435135761,29207.70480389881,0.09499999999999995,2.493443229351843e-05,2.293967771003696e-05,0.92,1.994754583481474e-06,21963382.14668155,1757070.571734524,2285995.499276589,4.700029758884975,-0.3603356148478481,13.18844279415177,43.81155720584821,0,0,528924.9275420654,1909859.317102744,0,0,56.99999999999996,0.119,528924.9275420654,1909859.317102744,0.09499999999999995,0.09499999999999995,56.99999999999996,4.700029758884975,0.03989509166962948,0.03670348433605912,26.45625435135761,29207.70480389881,2.493443229351843e-05,2.293967771003696e-05,0.92,1.994754583481474e-06,21963382.14668155,1757070.571734524,2285995.499276589,13.18844279415177,43.81155720584821,56.99999999999996,2.293967771003696e-05,-0.3603356148478481
0.12,0.04199483333645208,0.03863524666953592,27.84868879090275,30744.95242515664,0.09999999999999995,2.624677083528256e-05,2.414702916845996e-05,0.92,2.099741666822605e-06,21963382.14668155,1757070.571734524,2285995.499276589,4.947399746194712,-0.3793006472082613,13.88257136226502,46.11742863773497,0,0,528924.9275420654,1909859.317102744,0,0,59.99999999999997,0.12,528924.9275420654,1909859.317102744,0.09999999999999995,0.09999999999999995,59.99999999999997,4.947399746194712,0.04199483333645208,0.03863524666953592,27.84868879090275,30744.95242515664,2.624677083528256e-05,2.414702916845996e-05,0.92,2.099741666822605e-06,21963382.14668155,1757070.571734524,2285995.499276589,13.88257136226502,46.11742863773497,59.99999999999997,2.414702916845996e-05,-0.3793006472082613
0.121,0.04409457500327469,0.04056700900301272,29.24112323044789,32282.20004641447,0.105,2.755910937704669e-05,2.535438062688295e-05,0.92,2.204728750163735e-06,21963382.14668155,1757070.571734524,2285995.499276589,5.194769733504447,-0.3982656795686743,14.57669993037827,48.42330006962171,0,0,528924.9275420654,1909859.317102744,0,0,62.99999999999997,0.121,528924.9275420654,1909859.317102744,0.105,0.105,62.99999999999997,5.194769733504447,0.04409457500327469,0.04056700900301272,29.24112323044789,32282.20004641447,2.755910937704669e-05,2.535438062688295e-05,0.92,2.204728750163735e-06,21963382.14668155,1757070.571734524,2285995.499276589,14.57669993037827,48.42330006962171,62.99999999999997,2.535438062688295e-05,-0.3982656795686743
0.122,0.0461943166700973,0.04249877133648951,30.63355766999303,33819.44766767231,0.11,2.887144791881082e-05,2.656173208530595e-05,0.9200000000000002,2.309715833504865e-06,21963382.14668155,1757070.571734524,2285995.499276589,5.442139720814183,-0.4172307119290873,15.27082849849153,50.72917150150846,0,0,528924.9275420654,1909859.317102744,0,0,65.99999999999997,0.122,528924.9275420654,1909859.317102744,0.11,0.11,65.99999999999997,5.442139720814183,0.0461943166700973,0.04249877133648951,30.63355766999303,33819.44766767231,2.887144791881082e-05,2.656173208530595e-05,0.9200000000000002,2.309715833504865e-06,21963382.14668155,1757070.571734524,2285995.499276589,15.27082849849153,50.72917150150846,65.99999999999997,2.656173208530595e-05,-0.4172307119290873
0.123,0.0482940583369199,0.04443053366996631,32.02599210953817,35356.69528893014,0.115,3.018378646057494e-05,2.776908354372895e-05,0.92,2.414702916845996e-06,21963382.14668155,1757070.571734524,2285995.499276589,5.689509708123918,-0.4361957442895005,15.96495706660478,53.03504293339521,0,0,528924.9275420654,1909859.317102744,0,0,68.99999999999997,0.123,528924.9275420654,1909859.317102744,0.115,0.115,68.99999999999997,5.689509708123918,0.0482940583369199,0.04443053366996631,32.02599210953817,35356.69528893014,3.018378646057494e-05,2.776908354372895e-05,0.92,2.414702916845996e-06,21963382.14668155,1757070.571734524,2285995.499276589,15.96495706660478,53.03504293339521,68.99999999999997,2.776908354372895e-05,-0.4361957442895005
0.124,0.05039380000374252,0.04636229600344312,33.41842654908331,36893.94291018798,0.12,3.149612500233908e-05,2.897643500215195e-05,0.92,2.519690000187126e-06,21963382.14668155,1757070.571734524,2285995.499276589,5.936879695433655,-0.4551607766499136,16.65908563471803,55.34091436528197,0,0,528924.9275420654,1909859.317102744,0,0,71.99999999999999,0.124,528924.9275420654,1909859.317102744,0.12,0.12,71.99999999999999,5.936879695433655,0.05039380000374252,0.04636229600344312,33.41842654908331,36893.94291018798,3.149612500233908e-05,2.897643500215195e-05,0.92,2.519690000187126e-06,21963382.14668155,1757070.571734524,2285995.499276589,16.65908563471803,55.34091436528197,71.99999999999999,2.897643500215195e-05,-0.4551607766499136
0.125,0.05249354167056512,0.04829405833691992,34.81086098862845,38431.19053144581,0.125,3.280846354410321e-05,3.018378646057495e-05,0.92,2.624677083528257e-06,21963382.14668155,1757070.571734524,2285995.499276589,6.184249682743391,-0.4741258090103266,17.35321420283128,57.64678579716872,0,0,528924.9275420654,1909859.317102744,0,0,74.99999999999999,0.125,528924.9275420654,1909859.317102744,0.125,0.125,74.99999999999999,6.184249682743391,0.05249354167056512,0.04829405833691992,34.81086098862845,38431.19053144581,3.280846354410321e-05,3.018378646057495e-05,0.92,2.624677083528257e-06,21963382.14668155,1757070.571734524,2285995.499276589,17.35321420283128,57.64678579716872,74.99999999999999,3.018378646057495e-05,-0.4741258090103266
0.126,0.05459328333738772,0.05022582067039671,36.20329542817358,39968.43815270365,0.13,3.412080208586733e-05,3.139113791899795e-05,0.92,2.729664166869387e-06,21963382.14668155,1757070.571734524,2285995.499276589,6.431619670053126,-0.4930908413707398,18.04734277094453,59.95265722905547,0,0,528924.9275420654,1909859.317102744,0,0,77.99999999999999,0.126,528924.9275420654,1909859.317102744,0.13,0.13,77.99999999999999,6.431619670053126,0.05459328333738772,0.05022582067039671,36.20329542817358,39968.43815270365,3.412080208586733e-05,3.139113791899795e-05,0.92,2.729664166869387e-06,21963382.14668155,1757070.571734524,2285995.499276589,18.04734277094453,59.95265722905547,77.99999999999999,3.139113791899795e-05,-0.4930908413707398
0.127,0.05669302500421033,0.05215758300387351,37.59572986771873,41505.68577396148,0.135,3.543314062763147e-05,3.259848937742095e-05,0.9199999999999999,2.834651250210517e-06,21963382.14668155,1757070.571734524,2285995.499276589,6.678989657362862,-0.5120558737311528,18.74147133905779,62.25852866094222,0,0,528924.9275420654,1909859.317102744,0,0,80.99999999999999,0.127,528924.9275420654,1909859.317102744,0.135,0.135,80.99999999999999,6.678989657362862,0.05669302500421033,0.05215758300387351,37.59572986771873,41505.68577396148,3.543314062763147e-05,3.259848937742095e-05,0.9199999999999999,2.834651250210517e-06,21963382.14668155,1757070.571734524,2285995.499276589,18.74147133905779,62.25852866094222,80.99999999999999,3.259848937742095e-05,-0.5120558737311528
0.128,0.05879276667103294,0.05408934533735031,38.98816430726387,43042.93339521932,0.14,3.67454791693956e-05,3.380584083584395e-05,0.92,2.939638333551648e-06,21963382.14668155,1757070.571734524,2285995.499276589,6.926359644672599,-0.5310209060915659,19.43559990717104,64.56440009282898,0,0,528924.9275420654,1909859.317102744,0,0,83.99999999999999,0.128,528924.9275420654,1909859.317102744,0.14,0.14,83.99999999999999,6.926359644672599,0.05879276667103294,0.05408934533735031,38.98816430726387,43042.93339521932,3.67454791693956e-05,3.380584083584395e-05,0.92,2.939638333551648e-06,21963382.14668155,1757070.571734524,2285995.499276589,19.43559990717104,64.56440009282898,83.99999999999999,3.380584083584395e-05,-0.5310209060915659
0.129,0.06089250833785555,0.05602110767082712,40.38059874680901,44580.18101647715,0.145,3.805781771115973e-05,3.501319229426695e-05,0.9200000000000002,3.044625416892778e-06,21963382.14668155,1757070.571734524,2285995.499276589,7.173729631982335,-0.5499859384519791,20.12972847528429,66.87027152471573,0,0,528924.9275420654,1909859.317102744,0,0,87,0.129,528924.9275420654,1909859.317102744,0.145,0.145,87,7.173729631982335,0.06089250833785555,0.05602110767082712,40.38059874680901,44580.18101647715,3.805781771115973e-05,3.501319229426695e-05,0.9200000000000002,3.044625416892778e-06,21963382.14668155,1757070.571734524,2285995.499276589,20.12972847528429,66.87027152471573,87,3.501319229426695e-05,-0.5499859384519791
0.13,0.06299225000467816,0.05795287000430391,41.77303318635415,46117.42863773499,0.15,3.937015625292386e-05,3.622054375268995e-05,0.92,3.149612500233909e-06,21963382.14668155,1757070.571734524,2285995.499276589,7.421099619292072,-0.5689509708123921,20.82385704339754,69.17614295660248,0,0,528924.9275420654,1909859.317102744,0,0,90,0.13,528924.9275420654,1909859.317102744,0.15,0.15,90,7.421099619292072,0.06299225000467816,0.05795287000430391,41.77303318635415,46117.42863773499,3.937015625292386e-05,3.622054375268995e-05,0.92,3.149612500233909e-06,21963382.14668155,1757070.571734524,2285995.499276589,20.82385704339754,69.17614295660248,90,3.622054375268995e-05,-0.5689509708123921
0.131,0.06509199167150076,0.05988463233778071,43.16546762589928,47654.67625899282,0.155,4.068249479468798e-05,3.742789521111295e-05,0.92,3.254599583575039e-06,21963382.14668155,1757070.571734524,2285995.499276589,7.668469606601807,-0.5879160031728051,21.51798561151079,71.48201438848923,0,0,528924.9275420654,1909859.317102744,0,0,93,0.131,528924.9275420654,1909859.317102744,0.155,0.155,93,7.668469606601807,0.06509199167150076,0.05988463233778071,43.16546762589928,47654.67625899282,4.068249479468798e-05,3.742789521111295e-05,0.92,3.254599583575039e-06,21963382.14668155,1757070.571734524,2285995.499276589,21.51798561151079,71.48201438848923,93,3.742789521111295e-05,-0.5879160031728051
0.132,0.06719173333832337,0.0618163946712575,44.55790206544443,49191.92388025064,0.16,4.199483333645212e-05,3.863524666953594e-05,0.9199999999999999,3.359586666916169e-06,21963382.14668155,1757070.571734524,2285995.499276589,7.915839593911542,-0.6068810355332183,22.21211417962405,73.78788582037596,0,0,528924.9275420654,1909859.317102744,0,0,96,0.132,528924.9275420654,1909859.317102744,0.16,0.16,96,7.915839593911542,0.06719173333832337,0.0618163946712575,44.55790206544443,49191.92388025064,4.199483333645212e-05,3.863524666953594e-05,0.9199999999999999,3.359586666916169e-06,21963382.14668155,1757070.571734524,2285995.499276589,22.21211417962405,73.78788582037596,96,3.863524666953594e-05,-0.6068810355332183
0.133,0.06929147500514597,0.0637481570047343,45.95033650498956,50729.17150150848,0.165,4.330717187821624e-05,3.984259812795894e-05,0.92,3.464573750257299e-06,21963382.14668155,1757070.571734524,2285995.499276589,8.163209581221277,-0.6258460678936313,22.9062427477373,76.09375725226272,0,0,528924.9275420654,1909859.317102744,0,0,99,0.133,528924.9275420654,1909859.317102744,0.165,0.165,99,8.163209581221277,0.06929147500514597,0.0637481570047343,45.95033650498956,50729.17150150848,4.330717187821624e-05,3.984259812795894e-05,0.92,3.464573750257299e-06,21963382.14668155,1757070.571734524,2285995.499276589,22.9062427477373,76.09375725226272,99,3.984259812795894e-05,-0.6258460678936313
0.134,0.07139121667196859,0.06567991933821112,47.34277094453471,52266.41912276633,0.17,4.461951041998038e-05,4.104994958638195e-05,0.92,3.56956083359843e-06,21963382.14668155,1757070.571734524,2285995.499276589,8.410579568531015,-0.6448111002540446,23.60037131585055,78.3996286841495,0,0,528924.9275420654,1909859.317102744,0,0,102,0.134,528924.9275420654,1909859.317102744,0.17,0.17,102,8.410579568531015,0.07139121667196859,0.06567991933821112,47.34277094453471,52266.41912276633,4.461951041998038e-05,4.104994958638195e-05,0.92,3.56956083359843e-06,21963382.14668155,1757070.571734524,2285995.499276589,23.60037131585055,78.3996286841495,102,4.104994958638195e-05,-0.6448111002540446
0.135,0.07349095833879118,0.06761168167168789,48.73520538407984,53803.66674402415,0.175,4.59318489617445e-05,4.225730104480494e-05,0.9199999999999999,3.67454791693956e-06,21963382.14668155,1757070.571734524,2285995.499276589,8.65794955584075,-0.6637761326144574,24.2944998839638,80.70550011603623,0,0,528924.9275420654,1909859.317102744,0,0,105,0.135,528924.9275420654,1909859.317102744,0.175,0.175,105,8.65794955584075,0.07349095833879118,0.06761168167168789,48.73520538407984,53803.66674402415,4.59318489617445e-05,4.225730104480494e-05,0.9199999999999999,3.67454791693956e-06,21963382.14668155,1757070.571734524,2285995.499276589,24.2944998839638,80.70550011603623,105,4.225730104480494e-05,-0.6637761326144574
0.136,0.0755907000056138,0.0695434440051647,50.12763982362498,55340.91436528198,0.18,4.724418750350863e-05,4.346465250322795e-05,0.92,3.779535000280691e-06,21963382.14668155,1757070.571734524,2285995.499276589,8.905319543150487,-0.6827411649748706,24.98862845207705,83.01137154792298,0,0,528924.9275420654,1909859.317102744,0,0,108,0.136,528924.9275420654,1909859.317102744,0.18,0.18,108,8.905319543150487,0.0755907000056138,0.0695434440051647,50.12763982362498,55340.91436528198,4.724418750350863e-05,4.346465250322795e-05,0.92,3.779535000280691e-06,21963382.14668155,1757070.571734524,2285995.499276589,24.98862845207705,83.01137154792298,108,4.346465250322795e-05,-0.6827411649748706
0.137,0.07769044167243641,0.0714752063386415,51.52007426317013,56878.16198653982,0.185,4.855652604527277e-05,4.467200396165095e-05,0.92,3.884522083621822e-06,21963382.14668155,1757070.571734524,2285995.499276589,9.152689530460222,-0.7017061973352837,25.68275702019031,85.31724297980973,0,0,528924.9275420654,1909859.317102744,0,0,111,0.137,528924.9275420654,1909859.317102744,0.185,0.185,111,9.152689530460222,0.07769044167243641,0.0714752063386415,51.52007426317013,56878.16198653982,4.855652604527277e-05,4.467200396165095e-05,0.92,3.884522083621822e-06,21963382.14668155,1757070.571734524,2285995.499276589,25.68275702019031,85.31724297980973,111,4.467200396165095e-05,-0.7017061973352837
0.138,0.07979018333925901,0.07340696867211829,52.91250870271526,58415.40960779766,0.19,4.986886458703689e-05,4.587935542007394e-05,0.92,3.989509166962951e-06,21963382.14668155,1757070.571734524,2285995.499276589,9.400059517769957,-0.7206712296956967,26.37688558830356,87.62311441169649,0,0,528924.9275420654,1909859.317102744,0,0,114,0.138,528924.9275420654,1909859.317102744,0.19,0.19,114,9.400059517769957,0.07979018333925901,0.07340696867211829,52.91250870271526,58415.40960779766,4.986886458703689e-05,4.587935542007394e-05,0.92,3.989509166962951e-06,21963382.14668155,1757070.571734524,2285995.499276589,26.37688558830356,87.62311441169649,114,4.587935542007394e-05,-0.7206712296956967
0.139,0.08188992500608162,0.0753387310055951,54.30494314226041,59952.6572290555,0.195,5.118120312880102e-05,4.708670687849694e-05,0.92,4.094496250304082e-06,21963382.14668155,1757070.571734524,2285995.499276589,9.647429505079694,-0.73963626205611,27.07101415641681,89.92898584358325,0,0,528924.9275420654,1909859.317102744,0,0,117,0.139,528924.9275420654,1909859.317102744,0.195,0.195,117,9.647429505079694,0.08188992500608162,0.0753387310055951,54.30494314226041,59952.6572290555,5.118120312880102e-05,4.708670687849694e-05,0.92,4.094496250304082e-06,21963382.14668155,1757070.571734524,2285995.499276589,27.07101415641681,89.92898584358325,117,4.708670687849694e-05,-0.73963626205611
0.14,0.08398966667290422,0.07727049333907191,55.69737758180554,61489.90485031333,0.2,5.249354167056515e-05,4.829405833691995e-05,0.9200000000000002,4.199483333645213e-06,21963382.14668155,1757070.571734524,2285995.499276589,9.89479949238943,-0.758601294416523,27.76514272453006,92.23485727546999,0,0,528924.9275420654,1909859.317102744,0,0,120,0.14,528924.9275420654,1909859.317102744,0.2,0.2,120,9.89479949238943,0.08398966667290422,0.07727049333907191,55.69737758180554,61489.90485031333,5.249354167056515e-05,4.829405833691995e-05,0.9200000000000002,4.199483333645213e-06,21963382.14668155,1757070.571734524,2285995.499276589,27.76514272453006,92.23485727546999,120,4.829405833691995e-05,-0.758601294416523
0.141,0.08608940833972677,0.07920225567254864,57.08981202135064,63027.15247157112,0.2049999999999999,5.380588021232924e-05,4.950140979534291e-05,0.92,4.30447041698634e-06,21963382.14668155,1757070.571734524,2285995.499276589,10.14216947969916,-0.7775663267769356,28.45927129264329,94.54072870735668,0,0,528924.9275420654,1909859.317102744,0,0,122.9999999999999,0.141,528924.9275420654,1909859.317102744,0.2049999999999999,0.2049999999999999,122.9999999999999,10.14216947969916,0.08608940833972677,0.07920225567254864,57.08981202135064,63027.15247157112,5.380588021232924e-05,4.950140979534291e-05,0.92,4.30447041698634e-06,21963382.14668155,1757070.571734524,2285995.499276589,28.45927129264329,94.54072870735668,122.9999999999999,4.950140979534291e-05,-0.7775663267769356
0.142,0.08818915000654938,0.08113401800602543,58.48224646089578,64564.40009282895,0.2099999999999999,5.511821875409337e-05,5.070876125376591e-05,0.92,4.40945750032747e-06,21963382.14668155,1757070.571734524,2285995.499276589,10.38953946700889,-0.7965313591373485,29.15339986075655,96.84660013924342,0,0,528924.9275420654,1909859.317102744,0,0,125.9999999999999,0.142,528924.9275420654,1909859.317102744,0.2099999999999999,0.2099999999999999,125.9999999999999,10.38953946700889,0.08818915000654938,0.08113401800602543,58.48224646089578,64564.40009282895,5.511821875409337e-05,5.070876125376591e-05,0.92,4.40945750032747e-06,21963382.14668155,1757070.571734524,2285995.499276589,29.15339986075655,96.84660013924342,125.9999999999999,5.070876125376591e-05,-0.7965313591373485
0.143,0.09028889167337199,0.08306578033950224,59.87468090044093,66101.64771408678,0.2149999999999999,5.643055729585751e-05,5.191611271218891e-05,0.92,4.5144445836686e-06,21963382.14668155,1757070.571734524,2285995.499276589,10.63690945431863,-0.8154963914977618,29.8475284288698,99.15247157113016,0,0,528924.9275420654,1909859.317102744,0,0,128.9999999999999,0.143,528924.9275420654,1909859.317102744,0.2149999999999999,0.2149999999999999,128.9999999999999,10.63690945431863,0.09028889167337199,0.08306578033950224,59.87468090044093,66101.64771408678,5.643055729585751e-05,5.191611271218891e-05,0.92,4.5144445836686e-06,21963382.14668155,1757070.571734524,2285995.499276589,29.8475284288698,99.15247157113016,128.9999999999999,5.191611271218891e-05,-0.8154963914977618
0.144,0.09238863334019459,0.08499754267297903,61.26711533998606,67638.89533534461,0.2199999999999999,5.774289583762163e-05,5.312346417061191e-05,0.9200000000000002,4.619431667009731e-06,21963382.14668155,1757070.571734524,2285995.499276589,10.88427944162837,-0.8344614238581747,30.54165699698305,101.4583430030169,0,0,528924.9275420654,1909859.317102744,0,0,131.9999999999999,0.144,528924.9275420654,1909859.317102744,0.2199999999999999,0.2199999999999999,131.9999999999999,10.88427944162837,0.09238863334019459,0.08499754267297903,61.26711533998606,67638.89533534461,5.774289583762163e-05,5.312346417061191e-05,0.9200000000000002,4.619431667009731e-06,21963382.14668155,1757070.571734524,2285995.499276589,30.54165699698305,101.4583430030169,131.9999999999999,5.312346417061191e-05,-0.8344614238581747
0.145,0.09448837500701721,0.08692930500645583,62.6595497795312,69176.14295660246,0.2249999999999999,5.905523437938576e-05,5.43308156290349e-05,0.92,4.724418750350861e-06,21963382.14668155,1757070.571734524,2285995.499276589,11.1316494289381,-0.8534264562185878,31.2357855650963,103.7642144349037,0,0,528924.9275420654,1909859.317102744,0,0,134.9999999999999,0.145,528924.9275420654,1909859.317102744,0.2249999999999999,0.2249999999999999,134.9999999999999,11.1316494289381,0.09448837500701721,0.08692930500645583,62.6595497795312,69176.14295660246,5.905523437938576e-05,5.43308156290349e-05,0.92,4.724418750350861e-06,21963382.14668155,1757070.571734524,2285995.499276589,31.2357855650963,103.7642144349037,134.9999999999999,5.43308156290349e-05,-0.8534264562185878
0.146,0.09658811667383981,0.08886106733993263,64.05198421907633,70713.39057786028,0.2299999999999999,6.036757292114989e-05,5.55381670874579e-05,0.92,4.829405833691991e-06,21963382.14668155,1757070.571734524,2285995.499276589,11.37901941624784,-0.872391488579001,31.92991413320955,106.0700858667904,0,0,528924.9275420654,1909859.317102744,0,0,137.9999999999999,0.146,528924.9275420654,1909859.317102744,0.2299999999999999,0.2299999999999999,137.9999999999999,11.37901941624784,0.09658811667383981,0.08886106733993263,64.05198421907633,70713.39057786028,6.036757292114989e-05,5.55381670874579e-05,0.92,4.829405833691991e-06,21963382.14668155,1757070.571734524,2285995.499276589,31.92991413320955,106.0700858667904,137.9999999999999,5.55381670874579e-05,-0.872391488579001
0.147,0.09868785834066243,0.09079282967340944,65.44441865862149,72250.63819911813,0.2349999999999999,6.167991146291403e-05,5.674551854588091e-05,0.92,4.934392917033123e-06,21963382.14668155,1757070.571734524,2285995.499276589,11.62638940355757,-0.8913565209394142,32.62404270132281,108.3759572986772,0,0,528924.9275420654,1909859.317102744,0,0,141,0.147,528924.9275420654,1909859.317102744,0.2349999999999999,0.2349999999999999,141,11.62638940355757,0.09868785834066243,0.09079282967340944,65.44441865862149,72250.63819911813,6.167991146291403e-05,5.674551854588091e-05,0.92,4.934392917033123e-06,21963382.14668155,1757070.571734524,2285995.499276589,32.62404270132281,108.3759572986772,141,5.674551854588091e-05,-0.8913565209394142
0.148,0.100787600007485,0.09272459200688624,66.83685309816663,73787.88582037596,0.2399999999999999,6.299225000467816e-05,5.795287000430391e-05,0.92,5.039380000374253e-06,21963382.14668155,1757070.571734524,2285995.499276589,11.87375939086731,-0.9103215532998271,33.31817126943606,110.6818287305639,0,0,528924.9275420654,1909859.317102744,0,0,144,0.148,528924.9275420654,1909859.317102744,0.2399999999999999,0.2399999999999999,144,11.87375939086731,0.100787600007485,0.09272459200688624,66.83685309816663,73787.88582037596,6.299225000467816e-05,5.795287000430391e-05,0.92,5.039380000374253e-06,21963382.14668155,1757070.571734524,2285995.499276589,33.31817126943606,110.6818287305639,144,5.795287000430391e-05,-0.9103215532998271
0.149,0.1028873416743076,0.09465635434036303,68.22928753771176,75325.13344163379,0.2449999999999999,6.430458854644228e-05,5.91602214627269e-05,0.92,5.144367083715382e-06,21963382.14668155,1757070.571734524,2285995.499276589,12.12112937817705,-0.9292865856602402,34.01229983754931,112.9877001624507,0,0,528924.9275420654,1909859.317102744,0,0,147,0.149,528924.9275420654,1909859.317102744,0.2449999999999999,0.2449999999999999,147,12.12112937817705,0.1028873416743076,0.09465635434036303,68.22928753771176,75325.13344163379,6.430458854644228e-05,5.91602214627269e-05,0.92,5.144367083715382e-06,21963382.14668155,1757070.571734524,2285995.499276589,34.01229983754931,112.9877001624507,147,5.91602214627269e-05,-0.9292865856602402
0.15,0.1049870833411302,0.09658811667383983,69.6217219772569,76862.38106289163,0.2499999999999999,6.561692708820642e-05,6.036757292114991e-05,0.92,5.249354167056514e-06,21963382.14668155,1757070.571734524,2285995.499276589,12.36849936548678,-0.9482516180206533,34.70642840566256,115.2935715943374,0,0,528924.9275420654,1909859.317102744,0,0,150,0.15,528924.9275420654,1909859.317102744,0.2499999999999999,0.2499999999999999,150,12.36849936548678,0.1049870833411302,0.09658811667383983,69.6217219772569,76862.38106289163,6.561692708820642e-05,6.036757292114991e-05,0.92,5.249354167056514e-06,21963382.14668155,1757070.571734524,2285995.499276589,34.70642840566256,115.2935715943374,150,6.036757292114991e-05,-0.9482516180206533
0.151,0.1070868250079528,0.09851987900731662,71.01415641680204,78399.62868414946,0.2549999999999999,6.692926562997054e-05,6.15749243795729e-05,0.92,5.354341250397644e-06,21963382.14668155,1757070.571734524,2285995.499276589,12.61586935279652,-0.9672166503810664,35.40055697377581,117.5994430262242,0,0,528924.9275420654,1909859.317102744,0,0,153,0.151,528924.9275420654,1909859.317102744,0.2549999999999999,0.2549999999999999,153,12.61586935279652,0.1070868250079528,0.09851987900731662,71.01415641680204,78399.62868414946,6.692926562997054e-05,6.15749243795729e-05,0.92,5.354341250397644e-06,21963382.14668155,1757070.571734524,2285995.499276589,35.40055697377581,117.5994430262242,153,6.15749243795729e-05,-0.9672166503810664
0.152,0.1091865666747754,0.1004516413407934,72.40659085634717,79936.87630540729,0.26,6.824160417173467e-05,6.27822758379959e-05,0.92,5.459328333738773e-06,21963382.14668155,1757070.571734524,2285995.499276589,12.86323934010625,-0.9861816827414795,36.09468554188906,119.9053144581109,0,0,528924.9275420654,1909859.317102744,0,0,156,0.152,528924.9275420654,1909859.317102744,0.26,0.26,156,12.86323934010625,0.1091865666747754,0.1004516413407934,72.40659085634717,79936.87630540729,6.824160417173467e-05,6.27822758379959e-05,0.92,5.459328333738773e-06,21963382.14668155,1757070.571734524,2285995.499276589,36.09468554188906,119.9053144581109,156,6.27822758379959e-05,-0.9861816827414795
0.153,0.1112863083415981,0.1023834036742702,73.79902529589232,81474.12392666514,0.265,6.955394271349881e-05,6.398962729641891e-05,0.9200000000000002,5.564315417079905e-06,21963382.14668155,1757070.571734524,2285995.499276589,13.11060932741599,-1.005146715101893,36.78881411000232,122.2111858899977,0,0,528924.9275420654,1909859.317102744,0,0,159,0.153,528924.9275420654,1909859.317102744,0.265,0.265,159,13.11060932741599,0.1112863083415981,0.1023834036742702,73.79902529589232,81474.12392666514,6.955394271349881e-05,6.398962729641891e-05,0.9200000000000002,5.564315417079905e-06,21963382.14668155,1757070.571734524,2285995.499276589,36.78881411000232,122.2111858899977,159,6.398962729641891e-05,-1.005146715101893
0.154,0.1133860500084207,0.104315166007747,75.19145973543746,83011.37154792296,0.27,7.086628125526293e-05,6.519697875484189e-05,0.9199999999999999,5.669302500421035e-06,21963382.14668155,1757070.571734524,2285995.499276589,13.35797931472572,-1.024111747462306,37.48294267811558,124.5170573218844,0,0,528924.9275420654,1909859.317102744,0,0,162,0.154,528924.9275420654,1909859.317102744,0.27,0.27,162,13.35797931472572,0.1133860500084207,0.104315166007747,75.19145973543746,83011.37154792296,7.086628125526293e-05,6.519697875484189e-05,0.9199999999999999,5.669302500421035e-06,21963382.14668155,1757070.571734524,2285995.499276589,37.48294267811558,124.5170573218844,162,6.519697875484189e-05,-1.024111747462306
0.155,0.1154857916752433,0.1062469283412238,76.58389417498259,84548.61916918078,0.275,7.217861979702706e-05,6.640433021326489e-05,0.92,5.774289583762164e-06,21963382.14668155,1757070.571734524,2285995.499276589,13.60534930203546,-1.043076779822719,38.17707124622882,126.8229287537712,0,0,528924.9275420654,1909859.317102744,0,0,165,0.155,528924.9275420654,1909859.317102744,0.275,0.275,165,13.60534930203546,0.1154857916752433,0.1062469283412238,76.58389417498259,84548.61916918078,7.217861979702706e-05,6.640433021326489e-05,0.92,5.774289583762164e-06,21963382.14668155,1757070.571734524,2285995.499276589,38.17707124622882,126.8229287537712,165,6.640433021326489e-05,-1.043076779822719
0.156,0.1175855333420659,0.1081786906747006,77.97632861452773,86085.86679043864,0.28,7.349095833879119e-05,6.76116816716879e-05,0.92,5.879276667103296e-06,21963382.14668155,1757070.571734524,2285995.499276589,13.8527192893452,-1.062041812183132,38.87119981434207,129.128800185658,0,0,528924.9275420654,1909859.317102744,0,0,168,0.156,528924.9275420654,1909859.317102744,0.28,0.28,168,13.8527192893452,0.1175855333420659,0.1081786906747006,77.97632861452773,86085.86679043864,7.349095833879119e-05,6.76116816716879e-05,0.92,5.879276667103296e-06,21963382.14668155,1757070.571734524,2285995.499276589,38.87119981434207,129.128800185658,168,6.76116816716879e-05,-1.062041812183132
0.157,0.1196852750088885,0.1101104530081774,79.36876305407287,87623.11441169646,0.285,7.480329688055532e-05,6.88190331301109e-05,0.92,5.984263750444426e-06,21963382.14668155,1757070.571734524,2285995.499276589,14.10008927665493,-1.081006844543545,39.56532838245533,131.4346716175447,0,0,528924.9275420654,1909859.317102744,0,0,171,0.157,528924.9275420654,1909859.317102744,0.285,0.285,171,14.10008927665493,0.1196852750088885,0.1101104530081774,79.36876305407287,87623.11441169646,7.480329688055532e-05,6.88190331301109e-05,0.92,5.984263750444426e-06,21963382.14668155,1757070.571734524,2285995.499276589,39.56532838245533,131.4346716175447,171,6.88190331301109e-05,-1.081006844543545
0.158,0.1217850166757111,0.1120422153416542,80.76119749361803,89160.3620329543,0.29,7.611563542231946e-05,7.002638458853391e-05,0.9200000000000002,6.089250833785556e-06,21963382.14668155,1757070.571734524,2285995.499276589,14.34745926396467,-1.099971876903958,40.25945695056858,133.7405430494315,0,0,528924.9275420654,1909859.317102744,0,0,174,0.158,528924.9275420654,1909859.317102744,0.29,0.29,174,14.34745926396467,0.1217850166757111,0.1120422153416542,80.76119749361803,89160.3620329543,7.611563542231946e-05,7.002638458853391e-05,0.9200000000000002,6.089250833785556e-06,21963382.14668155,1757070.571734524,2285995.499276589,40.25945695056858,133.7405430494315,174,7.002638458853391e-05,-1.099971876903958
0.159,0.1238847583425337,0.113973977675131,82.15363193316315,90697.60965421212,0.295,7.742797396408358e-05,7.123373604695689e-05,0.9199999999999999,6.194237917126687e-06,21963382.14668155,1757070.571734524,2285995.499276589,14.5948292512744,-1.118936909264371,40.95358551868183,136.0464144813182,0,0,528924.9275420654,1909859.317102744,0,0,177,0.159,528924.9275420654,1909859.317102744,0.295,0.295,177,14.5948292512744,0.1238847583425337,0.113973977675131,82.15363193316315,90697.60965421212,7.742797396408358e-05,7.123373604695689e-05,0.9199999999999999,6.194237917126687e-06,21963382.14668155,1757070.571734524,2285995.499276589,40.95358551868183,136.0464144813182,177,7.123373604695689e-05,-1.118936909264371
0.16,0.1259845000093563,0.1159057400086078,83.5460663727083,92234.85727546997,0.3,7.874031250584772e-05,7.24410875053799e-05,0.92,6.299225000467818e-06,21963382.14668155,1757070.571734524,2285995.499276589,14.84219923858414,-1.137901941624784,41.64771408679508,138.352285913205,0,0,528924.9275420654,1909859.317102744,0,0,180,0.16,528924.9275420654,1909859.317102744,0.3,0.3,180,14.84219923858414,0.1259845000093563,0.1159057400086078,83.5460663727083,92234.85727546997,7.874031250584772e-05,7.24410875053799e-05,0.92,6.299225000467818e-06,21963382.14668155,1757070.571734524,2285995.499276589,41.64771408679508,138.352285913205,180,7.24410875053799e-05,-1.137901941624784
0.161,0.1280842416761789,0.1178375023420846,84.93850081225345,93772.1048967278,0.305,8.005265104761184e-05,7.36484389638029e-05,0.92,6.404212083808947e-06,21963382.14668155,1757070.571734524,2285995.499276589,15.08956922589388,-1.156866973985197,42.34184265490835,140.6581573450917,0,0,528924.9275420654,1909859.317102744,0,0,183,0.161,528924.9275420654,1909859.317102744,0.305,0.305,183,15.08956922589388,0.1280842416761789,0.1178375023420846,84.93850081225345,93772.1048967278,8.005265104761184e-05,7.36484389638029e-05,0.92,6.404212083808947e-06,21963382.14668155,1757070.571734524,2285995.499276589,42.34184265490835,140.6581573450917,183,7.36484389638029e-05,-1.156866973985197
0.162,0.1301839833430015,0.1197692646755614,86.33093525179856,95309.35251798564,0.31,8.136498958937597e-05,7.48557904222259e-05,0.92,6.509199167150078e-06,21963382.14668155,1757070.571734524,2285995.499276589,15.33693921320361,-1.17583200634561,43.03597122302158,142.9640287769785,0,0,528924.9275420654,1909859.317102744,0,0,186,0.162,528924.9275420654,1909859.317102744,0.31,0.31,186,15.33693921320361,0.1301839833430015,0.1197692646755614,86.33093525179856,95309.35251798564,8.136498958937597e-05,7.48557904222259e-05,0.92,6.509199167150078e-06,21963382.14668155,1757070.571734524,2285995.499276589,43.03597122302158,142.9640287769785,186,7.48557904222259e-05,-1.17583200634561
0.163,0.1322837250098241,0.1217010270090382,87.72336969134372,96846.60013924348,0.315,8.267732813114011e-05,7.606314188064891e-05,0.9200000000000002,6.614186250491209e-06,21963382.14668155,1757070.571734524,2285995.499276589,15.58430920051335,-1.194797038706024,43.73009979113485,145.2699002088652,0,0,528924.9275420654,1909859.317102744,0,0,189,0.163,528924.9275420654,1909859.317102744,0.315,0.315,189,15.58430920051335,0.1322837250098241,0.1217010270090382,87.72336969134372,96846.60013924348,8.267732813114011e-05,7.606314188064891e-05,0.9200000000000002,6.614186250491209e-06,21963382.14668155,1757070.571734524,2285995.499276589,43.73009979113485,145.2699002088652,189,7.606314188064891e-05,-1.194797038706024
0.164,0.1343834666766467,0.123632789342515,89.11580413088886,98383.84776050129,0.32,8.398966667290423e-05,7.727049333907189e-05,0.9199999999999999,6.719173333832338e-06,21963382.14668155,1757070.571734524,2285995.499276589,15.83167918782308,-1.213762071066437,44.4242283592481,147.5757716407519,0,0,528924.9275420654,1909859.317102744,0,0,192,0.164,528924.9275420654,1909859.317102744,0.32,0.32,192,15.83167918782308,0.1343834666766467,0.123632789342515,89.11580413088886,98383.84776050129,8.398966667290423e-05,7.727049333907189e-05,0.9199999999999999,6.719173333832338e-06,21963382.14668155,1757070.571734524,2285995.499276589,44.4242283592481,147.5757716407519,192,7.727049333907189e-05,-1.213762071066437
0.165,0.1364832083434693,0.1255645516759918,90.50823857043399,99921.09538175912,0.325,8.530200521466836e-05,7.847784479749489e-05,0.92,6.824160417173469e-06,21963382.14668155,1757070.571734524,2285995.499276589,16.07904917513282,-1.232727103426849,45.11835692736134,149.8816430726387,0,0,528924.9275420654,1909859.317102744,0,0,195,0.165,528924.9275420654,1909859.317102744,0.325,0.325,195,16.07904917513282,0.1364832083434693,0.1255645516759918,90.50823857043399,99921.09538175912,8.530200521466836e-05,7.847784479749489e-05,0.92,6.824160417173469e-06,21963382.14668155,1757070.571734524,2285995.499276589,45.11835692736134,149.8816430726387,195,7.847784479749489e-05,-1.232727103426849
0.166,0.1385829500102919,0.1274963140094686,91.90067300997913,101458.343003017,0.33,8.661434375643248e-05,7.968519625591788e-05,0.92,6.929147500514598e-06,21963382.14668155,1757070.571734524,2285995.499276589,16.32641916244255,-1.251692135787263,45.8124854954746,152.1875145045254,0,0,528924.9275420654,1909859.317102744,0,0,198,0.166,528924.9275420654,1909859.317102744,0.33,0.33,198,16.32641916244255,0.1385829500102919,0.1274963140094686,91.90067300997913,101458.343003017,8.661434375643248e-05,7.968519625591788e-05,0.92,6.929147500514598e-06,21963382.14668155,1757070.571734524,2285995.499276589,45.8124854954746,152.1875145045254,198,7.968519625591788e-05,-1.251692135787263
0.167,0.1406826916771146,0.1294280763429454,93.29310744952427,102995.5906242748,0.335,8.792668229819662e-05,8.089254771434089e-05,0.92,7.034134583855729e-06,21963382.14668155,1757070.571734524,2285995.499276589,16.57378914975229,-1.270657168147676,46.50661406358785,154.4933859364122,0,0,528924.9275420654,1909859.317102744,0,0,201,0.167,528924.9275420654,1909859.317102744,0.335,0.335,201,16.57378914975229,0.1406826916771146,0.1294280763429454,93.29310744952427,102995.5906242748,8.792668229819662e-05,8.089254771434089e-05,0.92,7.034134583855729e-06,21963382.14668155,1757070.571734524,2285995.499276589,46.50661406358785,154.4933859364122,201,8.089254771434089e-05,-1.270657168147676
0.168,0.1427824333439372,0.1313598386764222,94.68554188906941,104532.8382455327,0.34,8.923902083996076e-05,8.20998991727639e-05,0.92,7.139121667196861e-06,21963382.14668155,1757070.571734524,2285995.499276589,16.82115913706203,-1.289622200508089,47.2007426317011,156.799257368299,0,0,528924.9275420654,1909859.317102744,0,0,204,0.168,528924.9275420654,1909859.317102744,0.34,0.34,204,16.82115913706203,0.1427824333439372,0.1313598386764222,94.68554188906941,104532.8382455327,8.923902083996076e-05,8.20998991727639e-05,0.92,7.139121667196861e-06,21963382.14668155,1757070.571734524,2285995.499276589,47.2007426317011,156.799257368299,204,8.20998991727639e-05,-1.289622200508089
0.169,0.1448821750107598,0.133291601009899,96.07797632861455,106070.0858667905,0.345,9.055135938172488e-05,8.33072506311869e-05,0.9200000000000002,7.244108750537991e-06,21963382.14668155,1757070.571734524,2285995.499276589,17.06852912437176,-1.308587232868502,47.89487119981435,159.1051288001857,0,0,528924.9275420654,1909859.317102744,0,0,207,0.169,528924.9275420654,1909859.317102744,0.345,0.345,207,17.06852912437176,0.1448821750107598,0.133291601009899,96.07797632861455,106070.0858667905,9.055135938172488e-05,8.33072506311869e-05,0.9200000000000002,7.244108750537991e-06,21963382.14668155,1757070.571734524,2285995.499276589,47.89487119981435,159.1051288001857,207,8.33072506311869e-05,-1.308587232868502
0.17,0.1469819166775824,0.1352233633433758,97.47041076815968,107607.3334880483,0.35,9.186369792348901e-05,8.451460208960988e-05,0.9199999999999999,7.34909583387912e-06,21963382.14668155,1757070.571734524,2285995.499276589,17.3158991116815,-1.327552265228915,48.5889997679276,161.4110002320725,0,0,528924.9275420654,1909859.317102744,0,0,210,0.17,528924.9275420654,1909859.317102744,0.35,0.35,210,17.3158991116815,0.1469819166775824,0.1352233633433758,97.47041076815968,107607.3334880483,9.186369792348901e-05,8.451460208960988e-05,0.9199999999999999,7.34909583387912e-06,21963382.14668155,1757070.571734524,2285995.499276589,48.5889997679276,161.4110002320725,210,8.451460208960988e-05,-1.327552265228915
0.171,0.149081658344405,0.1371551256768526,98.86284520770485,109144.5811093061,0.355,9.317603646525314e-05,8.572195354803289e-05,0.92,7.454082917220252e-06,21963382.14668155,1757070.571734524,2285995.499276589,17.56326909899124,-1.346517297589328,49.28312833604087,163.7168716639592,0,0,528924.9275420654,1909859.317102744,0,0,213,0.171,528924.9275420654,1909859.317102744,0.355,0.355,213,17.56326909899124,0.149081658344405,0.1371551256768526,98.86284520770485,109144.5811093061,9.317603646525314e-05,8.572195354803289e-05,0.92,7.454082917220252e-06,21963382.14668155,1757070.571734524,2285995.499276589,49.28312833604087,163.7168716639592,213,8.572195354803289e-05,-1.346517297589328
0.172,0.1511814000112275,0.1390868880103293,100.2552796472499,110681.8287305639,0.3599999999999999,9.448837500701721e-05,8.692930500645584e-05,0.92,7.559070000561378e-06,21963382.14668155,1757070.571734524,2285995.499276589,17.81063908630096,-1.365482329949741,49.97725690415408,166.0227430958459,0,0,528924.9275420654,1909859.317102744,0,0,215.9999999999999,0.172,528924.9275420654,1909859.317102744,0.3599999999999999,0.3599999999999999,215.9999999999999,17.81063908630096,0.1511814000112275,0.1390868880103293,100.2552796472499,110681.8287305639,9.448837500701721e-05,8.692930500645584e-05,0.92,7.559070000561378e-06,21963382.14668155,1757070.571734524,2285995.499276589,49.97725690415408,166.0227430958459,215.9999999999999,8.692930500645584e-05,-1.365482329949741
0.173,0.1532811416780501,0.1410186503438061,101.6477140867951,112219.0763518217,0.3649999999999999,9.580071354878135e-05,8.813665646487885e-05,0.92,7.664057083902509e-06,21963382.14668155,1757070.571734524,2285995.499276589,18.0580090736107,-1.384447362310153,50.67138547226734,168.3286145277326,0,0,528924.9275420654,1909859.317102744,0,0,218.9999999999999,0.173,528924.9275420654,1909859.317102744,0.3649999999999999,0.3649999999999999,218.9999999999999,18.0580090736107,0.1532811416780501,0.1410186503438061,101.6477140867951,112219.0763518217,9.580071354878135e-05,8.813665646487885e-05,0.92,7.664057083902509e-06,21963382.14668155,1757070.571734524,2285995.499276589,50.67138547226734,168.3286145277326,218.9999999999999,8.813665646487885e-05,-1.384447362310153
0.174,0.1553808833448728,0.142950412677283,103.0401485263402,113756.3239730796,0.3699999999999999,9.711305209054549e-05,8.934400792330186e-05,0.92,7.76904416724364e-06,21963382.14668155,1757070.571734524,2285995.499276589,18.30537906092044,-1.403412394670567,51.3655140403806,170.6344859596194,0,0,528924.9275420654,1909859.317102744,0,0,221.9999999999999,0.174,528924.9275420654,1909859.317102744,0.3699999999999999,0.3699999999999999,221.9999999999999,18.30537906092044,0.1553808833448728,0.142950412677283,103.0401485263402,113756.3239730796,9.711305209054549e-05,8.934400792330186e-05,0.92,7.76904416724364e-06,21963382.14668155,1757070.571734524,2285995.499276589,51.3655140403806,170.6344859596194,221.9999999999999,8.934400792330186e-05,-1.403412394670567
0.175,0.1574806250116954,0.1448821750107597,104.4325829658853,115293.5715943374,0.3749999999999999,9.842539063230961e-05,9.055135938172485e-05,0.92,7.87403125058477e-06,21963382.14668155,1757070.571734524,2285995.499276589,18.55274904823017,-1.42237742703098,52.05964260849385,172.9403573915061,0,0,528924.9275420654,1909859.317102744,0,0,224.9999999999999,0.175,528924.9275420654,1909859.317102744,0.3749999999999999,0.3749999999999999,224.9999999999999,18.55274904823017,0.1574806250116954,0.1448821750107597,104.4325829658853,115293.5715943374,9.842539063230961e-05,9.055135938172485e-05,0.92,7.87403125058477e-06,21963382.14668155,1757070.571734524,2285995.499276589,52.05964260849385,172.9403573915061,224.9999999999999,9.055135938172485e-05,-1.42237742703098
0.176,0.159580366678518,0.1468139373442365,105.8250174054305,116830.8192155953,0.3799999999999999,9.973772917407375e-05,9.175871084014785e-05,0.9199999999999999,7.979018333925901e-06,21963382.14668155,1757070.571734524,2285995.499276589,18.80011903553991,-1.441342459391393,52.7537711766071,175.2462288233929,0,0,528924.9275420654,1909859.317102744,0,0,227.9999999999999,0.176,528924.9275420654,1909859.317102744,0.3799999999999999,0.3799999999999999,227.9999999999999,18.80011903553991,0.159580366678518,0.1468139373442365,105.8250174054305,116830.8192155953,9.973772917407375e-05,9.175871084014785e-05,0.9199999999999999,7.979018333925901e-06,21963382.14668155,1757070.571734524,2285995.499276589,52.7537711766071,175.2462288233929,227.9999999999999,9.175871084014785e-05,-1.441342459391393
0.177,0.1616801083453406,0.1487456996777133,107.2174518449756,118368.0668368531,0.3849999999999999,0.0001010500677158379,9.296606229857085e-05,0.92,8.08400541726703e-06,21963382.14668155,1757070.571734524,2285995.499276589,19.04748902284964,-1.460307491751806,53.44789974472035,177.5521002552797,0,0,528924.9275420654,1909859.317102744,0,0,230.9999999999999,0.177,528924.9275420654,1909859.317102744,0.3849999999999999,0.3849999999999999,230.9999999999999,19.04748902284964,0.1616801083453406,0.1487456996777133,107.2174518449756,118368.0668368531,0.0001010500677158379,9.296606229857085e-05,0.92,8.08400541726703e-06,21963382.14668155,1757070.571734524,2285995.499276589,53.44789974472035,177.5521002552797,230.9999999999999,9.296606229857085e-05,-1.460307491751806
0.178,0.1637798500121632,0.1506774620111901,108.6098862845208,119905.3144581109,0.3899999999999999,0.000102362406257602,9.417341375699384e-05,0.92,8.18899250060816e-06,21963382.14668155,1757070.571734524,2285995.499276589,19.29485901015938,-1.479272524112219,54.1420283128336,179.8579716871664,0,0,528924.9275420654,1909859.317102744,0,0,233.9999999999999,0.178,528924.9275420654,1909859.317102744,0.3899999999999999,0.3899999999999999,233.9999999999999,19.29485901015938,0.1637798500121632,0.1506774620111901,108.6098862845208,119905.3144581109,0.000102362406257602,9.417341375699384e-05,0.92,8.18899250060816e-06,21963382.14668155,1757070.571734524,2285995.499276589,54.1420283128336,179.8579716871664,233.9999999999999,9.417341375699384e-05,-1.479272524112219
0.179,0.1658795916789858,0.1526092243446669,110.0023207240659,121442.5620793688,0.3949999999999999,0.0001036747447993661,9.538076521541684e-05,0.92,8.293979583949291e-06,21963382.14668155,1757070.571734524,2285995.499276589,19.54222899746911,-1.498237556472632,54.83615688094685,182.1638431190531,0,0,528924.9275420654,1909859.317102744,0,0,236.9999999999999,0.179,528924.9275420654,1909859.317102744,0.3949999999999999,0.3949999999999999,236.9999999999999,19.54222899746911,0.1658795916789858,0.1526092243446669,110.0023207240659,121442.5620793688,0.0001036747447993661,9.538076521541684e-05,0.92,8.293979583949291e-06,21963382.14668155,1757070.571734524,2285995.499276589,54.83615688094685,182.1638431190531,236.9999999999999,9.538076521541684e-05,-1.498237556472632
0.18,0.1679793333458084,0.1545409866781437,111.394755163611,122979.8097006266,0.3999999999999999,0.0001049870833411303,9.658811667383985e-05,0.92,8.398966667290422e-06,21963382.14668155,1757070.571734524,2285995.499276589,19.78959898477885,-1.517202588833045,55.5302854490601,184.4697145509399,0,0,528924.9275420654,1909859.317102744,0,0,239.9999999999999,0.18,528924.9275420654,1909859.317102744,0.3999999999999999,0.3999999999999999,239.9999999999999,19.78959898477885,0.1679793333458084,0.1545409866781437,111.394755163611,122979.8097006266,0.0001049870833411303,9.658811667383985e-05,0.92,8.398966667290422e-06,21963382.14668155,1757070.571734524,2285995.499276589,55.5302854490601,184.4697145509399,239.9999999999999,9.658811667383985e-05,-1.517202588833045
0.181,0.170079075012631,0.1564727490116205,112.7871896031562,124517.0573218844,0.4049999999999999,0.0001062994218828944,9.779546813226285e-05,0.92,8.503953750631552e-06,21963382.14668155,1757070.571734524,2285995.499276589,20.03696897208858,-1.536167621193459,56.22441401717334,186.7755859828267,0,0,528924.9275420654,1909859.317102744,0,0,242.9999999999999,0.181,528924.9275420654,1909859.317102744,0.4049999999999999,0.4049999999999999,242.9999999999999,20.03696897208858,0.170079075012631,0.1564727490116205,112.7871896031562,124517.0573218844,0.0001062994218828944,9.779546813226285e-05,0.92,8.503953750631552e-06,21963382.14668155,1757070.571734524,2285995.499276589,56.22441401717334,186.7755859828267,242.9999999999999,9.779546813226285e-05,-1.536167621193459
0.182,0.1721788166794536,0.1584045113450973,114.1796240427013,126054.3049431423,0.4099999999999999,0.0001076117604246585,9.900281959068583e-05,0.92,8.608940833972681e-06,21963382.14668155,1757070.571734524,2285995.499276589,20.28433895939832,-1.555132653553871,56.9185425852866,189.0814574147134,0,0,528924.9275420654,1909859.317102744,0,0,245.9999999999999,0.182,528924.9275420654,1909859.317102744,0.4099999999999999,0.4099999999999999,245.9999999999999,20.28433895939832,0.1721788166794536,0.1584045113450973,114.1796240427013,126054.3049431423,0.0001076117604246585,9.900281959068583e-05,0.92,8.608940833972681e-06,21963382.14668155,1757070.571734524,2285995.499276589,56.9185425852866,189.0814574147134,245.9999999999999,9.900281959068583e-05,-1.555132653553871
0.183,0.1742785583462762,0.1603362736785741,115.5720584822465,127591.5525644001,0.4149999999999999,0.0001089240989664227,0.0001002101710491088,0.92,8.713927917313812e-06,21963382.14668155,1757070.571734524,2285995.499276589,20.53170894670806,-1.574097685914284,57.61267115339986,191.3873288466002,0,0,528924.9275420654,1909859.317102744,0,0,248.9999999999999,0.183,528924.9275420654,1909859.317102744,0.4149999999999999,0.4149999999999999,248.9999999999999,20.53170894670806,0.1742785583462762,0.1603362736785741,115.5720584822465,127591.5525644001,0.0001089240989664227,0.0001002101710491088,0.92,8.713927917313812e-06,21963382.14668155,1757070.571734524,2285995.499276589,57.61267115339986,191.3873288466002,248.9999999999999,0.0001002101710491088,-1.574097685914284
0.184,0.1763783000130988,0.1622680360120509,116.9644929217916,129128.8001856579,0.4199999999999999,0.0001102364375081868,0.0001014175225075318,0.92,8.818915000654942e-06,21963382.14668155,1757070.571734524,2285995.499276589,20.77907893401779,-1.593062718274698,58.30679972151312,193.6932002784869,0,0,528924.9275420654,1909859.317102744,0,0,251.9999999999999,0.184,528924.9275420654,1909859.317102744,0.4199999999999999,0.4199999999999999,251.9999999999999,20.77907893401779,0.1763783000130988,0.1622680360120509,116.9644929217916,129128.8001856579,0.0001102364375081868,0.0001014175225075318,0.92,8.818915000654942e-06,21963382.14668155,1757070.571734524,2285995.499276589,58.30679972151312,193.6932002784869,251.9999999999999,0.0001014175225075318,-1.593062718274698
0.185,0.1784780416799214,0.1641997983455277,118.3569273613367,130666.0478069158,0.4249999999999999,0.0001115487760499509,0.0001026248739659548,0.92,8.923902083996073e-06,21963382.14668155,1757070.571734524,2285995.499276589,21.02644892132753,-1.612027750635111,59.00092828962637,195.9990717103737,0,0,528924.9275420654,1909859.317102744,0,0,255,0.185,528924.9275420654,1909859.317102744,0.4249999999999999,0.4249999999999999,255,21.02644892132753,0.1784780416799214,0.1641997983455277,118.3569273613367,130666.0478069158,0.0001115487760499509,0.0001026248739659548,0.92,8.923902083996073e-06,21963382.14668155,1757070.571734524,2285995.499276589,59.00092828962637,195.9990717103737,255,0.0001026248739659548,-1.612027750635111
0.186,0.180577783346744,0.1661315606790045,119.7493618008819,132203.2954281736,0.4299999999999999,0.000112861114591715,0.0001038322254243778,0.92,9.028889167337202e-06,21963382.14668155,1757070.571734524,2285995.499276589,21.27381890863726,-1.630992782995524,59.69505685773962,198.3049431422604,0,0,528924.9275420654,1909859.317102744,0,0,257.9999999999999,0.186,528924.9275420654,1909859.317102744,0.4299999999999999,0.4299999999999999,257.9999999999999,21.27381890863726,0.180577783346744,0.1661315606790045,119.7493618008819,132203.2954281736,0.000112861114591715,0.0001038322254243778,0.92,9.028889167337202e-06,21963382.14668155,1757070.571734524,2285995.499276589,59.69505685773962,198.3049431422604,257.9999999999999,0.0001038322254243778,-1.630992782995524
0.187,0.1826775250135666,0.1680633230124813,121.141796240427,133740.5430494314,0.4349999999999999,0.0001141734531334792,0.0001050395768828008,0.9199999999999999,9.133876250678334e-06,21963382.14668155,1757070.571734524,2285995.499276589,21.521188895947,-1.649957815355937,60.38918542585287,200.6108145741471,0,0,528924.9275420654,1909859.317102744,0,0,260.9999999999999,0.187,528924.9275420654,1909859.317102744,0.4349999999999999,0.4349999999999999,260.9999999999999,21.521188895947,0.1826775250135666,0.1680633230124813,121.141796240427,133740.5430494314,0.0001141734531334792,0.0001050395768828008,0.9199999999999999,9.133876250678334e-06,21963382.14668155,1757070.571734524,2285995.499276589,60.38918542585287,200.6108145741471,260.9999999999999,0.0001050395768828008,-1.649957815355937
0.188,0.1847772666803892,0.1699950853459581,122.5342306799721,135277.7906706893,0.4399999999999999,0.0001154857916752433,0.0001062469283412238,0.92,9.238863334019463e-06,21963382.14668155,1757070.571734524,2285995.499276589,21.76855888325674,-1.66892284771635,61.08331399396611,202.9166860060339,0,0,528924.9275420654,1909859.317102744,0,0,263.9999999999999,0.188,528924.9275420654,1909859.317102744,0.4399999999999999,0.4399999999999999,263.9999999999999,21.76855888325674,0.1847772666803892,0.1699950853459581,122.5342306799721,135277.7906706893,0.0001154857916752433,0.0001062469283412238,0.92,9.238863334019463e-06,21963382.14668155,1757070.571734524,2285995.499276589,61.08331399396611,202.9166860060339,263.9999999999999,0.0001062469283412238,-1.66892284771635
0.189,0.1868770083472118,0.1719268476794349,123.9266651195173,136815.0382919471,0.445,0.0001167981302170074,0.0001074542797996468,0.92,9.343850417360593e-06,21963382.14668155,1757070.571734524,2285995.499276589,22.01592887056647,-1.687887880076763,61.77744256207937,205.2225574379206,0,0,528924.9275420654,1909859.317102744,0,0,266.9999999999999,0.189,528924.9275420654,1909859.317102744,0.445,0.445,266.9999999999999,22.01592887056647,0.1868770083472118,0.1719268476794349,123.9266651195173,136815.0382919471,0.0001167981302170074,0.0001074542797996468,0.92,9.343850417360593e-06,21963382.14668155,1757070.571734524,2285995.499276589,61.77744256207937,205.2225574379206,266.9999999999999,0.0001074542797996468,-1.687887880076763
0.19,0.1889767500140345,0.1738586100129117,125.3190995590624,138352.2859132049,0.45,0.0001181104687587716,0.0001086616312580698,0.92,9.448837500701725e-06,21963382.14668155,1757070.571734524,2285995.499276589,22.26329885787621,-1.706852912437176,62.47157113019262,207.5284288698074,0,0,528924.9275420654,1909859.317102744,0,0,270,0.19,528924.9275420654,1909859.317102744,0.45,0.45,270,22.26329885787621,0.1889767500140345,0.1738586100129117,125.3190995590624,138352.2859132049,0.0001181104687587716,0.0001086616312580698,0.92,9.448837500701725e-06,21963382.14668155,1757070.571734524,2285995.499276589,62.47157113019262,207.5284288698074,270,0.0001086616312580698,-1.706852912437176
0.191,0.1910764916808571,0.1757903723463885,126.7115339986076,139889.5335344628,0.455,0.0001194228073005357,0.0001098689827164929,0.92,9.553824584042857e-06,21963382.14668155,1757070.571734524,2285995.499276589,22.51066884518595,-1.72581794479759,63.16569969830589,209.8343003016942,0,0,528924.9275420654,1909859.317102744,0,0,273,0.191,528924.9275420654,1909859.317102744,0.455,0.455,273,22.51066884518595,0.1910764916808571,0.1757903723463885,126.7115339986076,139889.5335344628,0.0001194228073005357,0.0001098689827164929,0.92,9.553824584042857e-06,21963382.14668155,1757070.571734524,2285995.499276589,63.16569969830589,209.8343003016942,273,0.0001098689827164929,-1.72581794479759
0.192,0.1931762333476797,0.1777221346798653,128.1039684381527,141426.7811557206,0.46,0.0001207351458422998,0.0001110763341749158,0.92,9.658811667383986e-06,21963382.14668155,1757070.571734524,2285995.499276589,22.75803883249568,-1.744782977158002,63.85982826641913,212.1401717335809,0,0,528924.9275420654,1909859.317102744,0,0,276,0.192,528924.9275420654,1909859.317102744,0.46,0.46,276,22.75803883249568,0.1931762333476797,0.1777221346798653,128.1039684381527,141426.7811557206,0.0001207351458422998,0.0001110763341749158,0.92,9.658811667383986e-06,21963382.14668155,1757070.571734524,2285995.499276589,63.85982826641913,212.1401717335809,276,0.0001110763341749158,-1.744782977158002
0.193,0.1952759750145023,0.1796538970133421,129.4964028776978,142964.0287769784,0.465,0.000122047484384064,0.0001122836856333388,0.92,9.763798750725116e-06,21963382.14668155,1757070.571734524,2285995.499276589,23.00540881980542,-1.763748009518415,64.55395683453237,214.4460431654676,0,0,528924.9275420654,1909859.317102744,0,0,279,0.193,528924.9275420654,1909859.317102744,0.465,0.465,279,23.00540881980542,0.1952759750145023,0.1796538970133421,129.4964028776978,142964.0287769784,0.000122047484384064,0.0001122836856333388,0.92,9.763798750725116e-06,21963382.14668155,1757070.571734524,2285995.499276589,64.55395683453237,214.4460431654676,279,0.0001122836856333388,-1.763748009518415
0.194,0.1973757166813249,0.1815856593468189,130.888837317243,144501.2763982363,0.47,0.0001233598229258281,0.0001134910370917618,0.92,9.868785834066247e-06,21963382.14668155,1757070.571734524,2285995.499276589,23.25277880711516,-1.782713041878829,65.24808540264564,216.7519145973544,0,0,528924.9275420654,1909859.317102744,0,0,282,0.194,528924.9275420654,1909859.317102744,0.47,0.47,282,23.25277880711516,0.1973757166813249,0.1815856593468189,130.888837317243,144501.2763982363,0.0001233598229258281,0.0001134910370917618,0.92,9.868785834066247e-06,21963382.14668155,1757070.571734524,2285995.499276589,65.24808540264564,216.7519145973544,282,0.0001134910370917618,-1.782713041878829
0.195,0.1994754583481475,0.1835174216802957,132.2812717567881,146038.5240194941,0.475,0.0001246721614675922,0.0001146983885501848,0.92,9.973772917407378e-06,21963382.14668155,1757070.571734524,2285995.499276589,23.50014879442489,-1.801678074239242,65.94221397075889,219.0577860292412,0,0,528924.9275420654,1909859.317102744,0,0,285,0.195,528924.9275420654,1909859.317102744,0.475,0.475,285,23.50014879442489,0.1994754583481475,0.1835174216802957,132.2812717567881,146038.5240194941,0.0001246721614675922,0.0001146983885501848,0.92,9.973772917407378e-06,21963382.14668155,1757070.571734524,2285995.499276589,65.94221397075889,219.0577860292412,285,0.0001146983885501848,-1.801678074239242
0.196,0.2015752000149701,0.1854491840137725,133.6737061963333,147575.7716407519,0.48,0.0001259845000093563,0.0001159057400086078,0.92,1.007876000074851e-05,21963382.14668155,1757070.571734524,2285995.499276589,23.74751878173462,-1.820643106599655,66.63634253887213,221.3636574611279,0,0,528924.9275420654,1909859.317102744,0,0,288,0.196,528924.9275420654,1909859.317102744,0.48,0.48,288,23.74751878173462,0.2015752000149701,0.1854491840137725,133.6737061963333,147575.7716407519,0.0001259845000093563,0.0001159057400086078,0.92,1.007876000074851e-05,21963382.14668155,1757070.571734524,2285995.499276589,66.63634253887213,221.3636574611279,288,0.0001159057400086078,-1.820643106599655
0.197,0.2036749416817927,0.1873809463472493,135.0661406358784,149113.0192620098,0.485,0.0001272968385511205,0.0001171130914670308,0.92,1.018374708408964e-05,21963382.14668155,1757070.571734524,2285995.499276589,23.99488876904436,-1.839608138960068,67.33047110698539,223.6695288930147,0,0,528924.9275420654,1909859.317102744,0,0,291,0.197,528924.9275420654,1909859.317102744,0.485,0.485,291,23.99488876904436,0.2036749416817927,0.1873809463472493,135.0661406358784,149113.0192620098,0.0001272968385511205,0.0001171130914670308,0.92,1.018374708408964e-05,21963382.14668155,1757070.571734524,2285995.499276589,67.33047110698539,223.6695288930147,291,0.0001171130914670308,-1.839608138960068
0.198,0.2057746833486153,0.1893127086807261,136.4585750754235,150650.2668832676,0.49,0.0001286091770928846,0.0001183204429254538,0.92,1.028873416743077e-05,21963382.14668155,1757070.571734524,2285995.499276589,24.24225875635409,-1.858573171320481,68.02459967509863,225.9754003249014,0,0,528924.9275420654,1909859.317102744,0,0,294,0.198,528924.9275420654,1909859.317102744,0.49,0.49,294,24.24225875635409,0.2057746833486153,0.1893127086807261,136.4585750754235,150650.2668832676,0.0001286091770928846,0.0001183204429254538,0.92,1.028873416743077e-05,21963382.14668155,1757070.571734524,2285995.499276589,68.02459967509863,225.9754003249014,294,0.0001183204429254538,-1.858573171320481
0.199,0.2078744250154379,0.1912444710142029,137.8510095149687,152187.5145045255,0.495,0.0001299215156346487,0.0001195277943838768,0.92,1.03937212507719e-05,21963382.14668155,1757070.571734524,2285995.499276589,24.48962874366384,-1.877538203680894,68.7187282432119,228.2812717567882,0,0,528924.9275420654,1909859.317102744,0,0,297,0.199,528924.9275420654,1909859.317102744,0.495,0.495,297,24.48962874366384,0.2078744250154379,0.1912444710142029,137.8510095149687,152187.5145045255,0.0001299215156346487,0.0001195277943838768,0.92,1.03937212507719e-05,21963382.14668155,1757070.571734524,2285995.499276589,68.7187282432119,228.2812717567882,297,0.0001195277943838768,-1.877538203680894
0.2,0.2099741666822605,0.1931762333476797,139.2434439545139,153724.7621257833,0.5,0.0001312338541764129,0.0001207351458422998,0.92,1.049870833411303e-05,21963382.14668155,1757070.571734524,2285995.499276589,24.73699873097357,-1.896503236041307,69.41285681132516,230.587143188675,0,0,528924.9275420654,1909859.317102744,0,0,300,0.2,528924.9275420654,1909859.317102744,0.5,0.5,300,24.73699873097357,0.2099741666822605,0.1931762333476797,139.2434439545139,153724.7621257833,0.0001312338541764129,0.0001207351458422998,0.92,1.049870833411303e-05,21963382.14668155,1757070.571734524,2285995.499276589,69.41285681132516,230.587143188675,300,0.0001207351458422998,-1.896503236041307
0.201,0.2120739083490831,0.1951079956811565,140.635878394059,155262.0097470411,0.505,0.000132546192718177,0.0001219424973007228,0.92,1.060369541745416e-05,21963382.14668155,1757070.571734524,2285995.499276589,24.9843687182833,-1.91546826840172,70.1069853794384,232.8930146205617,0,0,528924.9275420654,1909859.317102744,0,0,303,0.201,528924.9275420654,1909859.317102744,0.505,0.505,303,24.9843687182833,0.2120739083490831,0.1951079956811565,140.635878394059,155262.0097470411,0.000132546192718177,0.0001219424973007228,0.92,1.060369541745416e-05,21963382.14668155,1757070.571734524,2285995.499276589,70.1069853794384,232.8930146205617,303,0.0001219424973007228,-1.91546826840172
0.202,0.2141736500159057,0.1970397580146333,142.0283128336041,156799.2573682989,0.51,0.0001338585312599411,0.0001231498487591458,0.92,1.070868250079529e-05,21963382.14668155,1757070.571734524,2285995.499276589,25.23173870559304,-1.934433300762133,70.80111394755164,235.1988860524484,0,0,528924.9275420654,1909859.317102744,0,0,306,0.202,528924.9275420654,1909859.317102744,0.51,0.51,306,25.23173870559304,0.2141736500159057,0.1970397580146333,142.0283128336041,156799.2573682989,0.0001338585312599411,0.0001231498487591458,0.92,1.070868250079529e-05,21963382.14668155,1757070.571734524,2285995.499276589,70.80111394755164,235.1988860524484,306,0.0001231498487591458,-1.934433300762133
0.203,0.2162733916827283,0.1989715203481101,143.4207472731492,158336.5049895568,0.515,0.0001351708698017052,0.0001243572002175688,0.92,1.081366958413642e-05,21963382.14668155,1757070.571734524,2285995.499276589,25.47910869290277,-1.953398333122546,71.4952425156649,237.5047574843352,0,0,528924.9275420654,1909859.317102744,0,0,309,0.203,528924.9275420654,1909859.317102744,0.515,0.515,309,25.47910869290277,0.2162733916827283,0.1989715203481101,143.4207472731492,158336.5049895568,0.0001351708698017052,0.0001243572002175688,0.92,1.081366958413642e-05,21963382.14668155,1757070.571734524,2285995.499276589,71.4952425156649,237.5047574843352,309,0.0001243572002175688,-1.953398333122546
0.204,0.2183731333495509,0.2009032826815868,144.8131817126943,159873.7526108146,0.5199999999999999,0.0001364832083434693,0.0001255645516759918,0.92,1.091865666747755e-05,21963382.14668155,1757070.571734524,2285995.499276589,25.72647868021251,-1.972363365482959,72.18937108377813,239.8106289162219,0,0,528924.9275420654,1909859.317102744,0,0,311.9999999999999,0.204,528924.9275420654,1909859.317102744,0.5199999999999999,0.5199999999999999,311.9999999999999,25.72647868021251,0.2183731333495509,0.2009032826815868,144.8131817126943,159873.7526108146,0.0001364832083434693,0.0001255645516759918,0.92,1.091865666747755e-05,21963382.14668155,1757070.571734524,2285995.499276589,72.18937108377813,239.8106289162219,311.9999999999999,0.0001255645516759918,-1.972363365482959
0.205,0.2204728750163735,0.2028350450150637,146.2056161522395,161411.0002320725,0.5249999999999999,0.0001377955468852335,0.0001267719031344148,0.9200000000000002,1.102364375081868e-05,21963382.14668155,1757070.571734524,2285995.499276589,25.97384866752224,-1.991328397843372,72.8834996518914,242.1165003481087,0,0,528924.9275420654,1909859.317102744,0,0,314.9999999999999,0.205,528924.9275420654,1909859.317102744,0.5249999999999999,0.5249999999999999,314.9999999999999,25.97384866752224,0.2204728750163735,0.2028350450150637,146.2056161522395,161411.0002320725,0.0001377955468852335,0.0001267719031344148,0.9200000000000002,1.102364375081868e-05,21963382.14668155,1757070.571734524,2285995.499276589,72.8834996518914,242.1165003481087,314.9999999999999,0.0001267719031344148,-1.991328397843372
0.206,0.2225726166831961,0.2047668073485405,147.5980505917846,162948.2478533303,0.5299999999999999,0.0001391078854269976,0.0001279792545928378,0.9200000000000002,1.112863083415981e-05,21963382.14668155,1757070.571734524,2285995.499276589,26.22121865483198,-2.010293430203786,73.57762822000464,244.4223717799954,0,0,528924.9275420654,1909859.317102744,0,0,317.9999999999999,0.206,528924.9275420654,1909859.317102744,0.5299999999999999,0.5299999999999999,317.9999999999999,26.22121865483198,0.2225726166831961,0.2047668073485405,147.5980505917846,162948.2478533303,0.0001391078854269976,0.0001279792545928378,0.9200000000000002,1.112863083415981e-05,21963382.14668155,1757070.571734524,2285995.499276589,73.57762822000464,244.4223717799954,317.9999999999999,0.0001279792545928378,-2.010293430203786
0.207,0.2246723583500187,0.2066985696820172,148.9904850313298,164485.4954745881,0.5349999999999999,0.0001404202239687617,0.0001291866060512608,0.9199999999999999,1.123361791750094e-05,21963382.14668155,1757070.571734524,2285995.499276589,26.46858864214171,-2.029258462564198,74.27175678811788,246.7282432118821,0,0,528924.9275420654,1909859.317102744,0,0,320.9999999999999,0.207,528924.9275420654,1909859.317102744,0.5349999999999999,0.5349999999999999,320.9999999999999,26.46858864214171,0.2246723583500187,0.2066985696820172,148.9904850313298,164485.4954745881,0.0001404202239687617,0.0001291866060512608,0.9199999999999999,1.123361791750094e-05,21963382.14668155,1757070.571734524,2285995.499276589,74.27175678811788,246.7282432118821,320.9999999999999,0.0001291866060512608,-2.029258462564198
0.208,0.2267721000168413,0.208630332015494,150.3829194708749,166022.7430958459,0.5399999999999999,0.0001417325625105259,0.0001303939575096838,0.9199999999999999,1.133860500084207e-05,21963382.14668155,1757070.571734524,2285995.499276589,26.71595862945145,-2.048223494924611,74.96588535623115,249.0341146437689,0,0,528924.9275420654,1909859.317102744,0,0,323.9999999999999,0.208,528924.9275420654,1909859.317102744,0.5399999999999999,0.5399999999999999,323.9999999999999,26.71595862945145,0.2267721000168413,0.208630332015494,150.3829194708749,166022.7430958459,0.0001417325625105259,0.0001303939575096838,0.9199999999999999,1.133860500084207e-05,21963382.14668155,1757070.571734524,2285995.499276589,74.96588535623115,249.0341146437689,323.9999999999999,0.0001303939575096838,-2.048223494924611
0.209,0.2288718416836639,0.2105620943489708,151.7753539104201,167559.9907171037,0.5449999999999999,0.00014304490105229,0.0001316013089681068,0.92,1.14435920841832e-05,21963382.14668155,1757070.571734524,2285995.499276589,26.96332861676118,-2.067188527285024,75.6600139243444,251.3399860756556,0,0,528924.9275420654,1909859.317102744,0,0,326.9999999999999,0.209,528924.9275420654,1909859.317102744,0.5449999999999999,0.5449999999999999,326.9999999999999,26.96332861676118,0.2288718416836639,0.2105620943489708,151.7753539104201,167559.9907171037,0.00014304490105229,0.0001316013089681068,0.92,1.14435920841832e-05,21963382.14668155,1757070.571734524,2285995.499276589,75.6600139243444,251.3399860756556,326.9999999999999,0.0001316013089681068,-2.067188527285024
0.21,0.2309715833504865,0.2124938566824476,153.1677883499652,169097.2383383616,0.5499999999999999,0.0001443572395940541,0.0001328086604265298,0.92,1.154857916752433e-05,21963382.14668155,1757070.571734524,2285995.499276589,27.21069860407092,-2.086153559645437,76.35414249245764,253.6458575075423,0,0,528924.9275420654,1909859.317102744,0,0,329.9999999999999,0.21,528924.9275420654,1909859.317102744,0.5499999999999999,0.5499999999999999,329.9999999999999,27.21069860407092,0.2309715833504865,0.2124938566824476,153.1677883499652,169097.2383383616,0.0001443572395940541,0.0001328086604265298,0.92,1.154857916752433e-05,21963382.14668155,1757070.571734524,2285995.499276589,76.35414249245764,253.6458575075423,329.9999999999999,0.0001328086604265298,-2.086153559645437
0.211,0.2330713250173091,0.2144256190159244,154.5602227895103,170634.4859596194,0.5549999999999999,0.0001456695781358182,0.0001340160118849528,0.92,1.165356625086546e-05,21963382.14668155,1757070.571734524,2285995.499276589,27.45806859138065,-2.10511859200585,77.04827106057088,255.9517289394291,0,0,528924.9275420654,1909859.317102744,0,0,332.9999999999999,0.211,528924.9275420654,1909859.317102744,0.5549999999999999,0.5549999999999999,332.9999999999999,27.45806859138065,0.2330713250173091,0.2144256190159244,154.5602227895103,170634.4859596194,0.0001456695781358182,0.0001340160118849528,0.92,1.165356625086546e-05,21963382.14668155,1757070.571734524,2285995.499276589,77.04827106057088,255.9517289394291,332.9999999999999,0.0001340160118849528,-2.10511859200585
0.212,0.2351710666841318,0.2163573813494012,155.9526572290555,172171.7335808773,0.5599999999999999,0.0001469819166775824,0.0001352233633433758,0.92,1.175855333420659e-05,21963382.14668155,1757070.571734524,2285995.499276589,27.70543857869039,-2.124083624366264,77.74239962868414,258.2576003713159,0,0,528924.9275420654,1909859.317102744,0,0,335.9999999999999,0.212,528924.9275420654,1909859.317102744,0.5599999999999999,0.5599999999999999,335.9999999999999,27.70543857869039,0.2351710666841318,0.2163573813494012,155.9526572290555,172171.7335808773,0.0001469819166775824,0.0001352233633433758,0.92,1.175855333420659e-05,21963382.14668155,1757070.571734524,2285995.499276589,77.74239962868414,258.2576003713159,335.9999999999999,0.0001352233633433758,-2.124083624366264
0.213,0.2372708083509544,0.218289143682878,157.3450916686006,173708.9812021351,0.5649999999999999,0.0001482942552193465,0.0001364307148017988,0.92,1.186354041754772e-05,21963382.14668155,1757070.571734524,2285995.499276589,27.95280856600013,-2.143048656726677,78.43652819679741,260.5634718032026,0,0,528924.9275420654,1909859.317102744,0,0,338.9999999999999,0.213,528924.9275420654,1909859.317102744,0.5649999999999999,0.5649999999999999,338.9999999999999,27.95280856600013,0.2372708083509544,0.218289143682878,157.3450916686006,173708.9812021351,0.0001482942552193465,0.0001364307148017988,0.92,1.186354041754772e-05,21963382.14668155,1757070.571734524,2285995.499276589,78.43652819679741,260.5634718032026,338.9999999999999,0.0001364307148017988,-2.143048656726677
0.214,0.239370550017777,0.2202209060163548,158.7375261081457,175246.2288233929,0.57,0.0001496065937611106,0.0001376380662602218,0.92,1.196852750088885e-05,21963382.14668155,1757070.571734524,2285995.499276589,28.20017855330986,-2.16201368908709,79.13065676491065,262.8693432350894,0,0,528924.9275420654,1909859.317102744,0,0,341.9999999999999,0.214,528924.9275420654,1909859.317102744,0.57,0.57,341.9999999999999,28.20017855330986,0.239370550017777,0.2202209060163548,158.7375261081457,175246.2288233929,0.0001496065937611106,0.0001376380662602218,0.92,1.196852750088885e-05,21963382.14668155,1757070.571734524,2285995.499276589,79.13065676491065,262.8693432350894,341.9999999999999,0.0001376380662602218,-2.16201368908709
0.215,0.2414702916845996,0.2221526683498317,160.1299605476909,176783.4764446508,0.575,0.0001509189323028748,0.0001388454177186448,0.9200000000000002,1.207351458422998e-05,21963382.14668155,1757070.571734524,2285995.499276589,28.4475485406196,-2.180978721447504,79.82478533302391,265.1752146669762,0,0,528924.9275420654,1909859.317102744,0,0,345,0.215,528924.9275420654,1909859.317102744,0.575,0.575,345,28.4475485406196,0.2414702916845996,0.2221526683498317,160.1299605476909,176783.4764446508,0.0001509189323028748,0.0001388454177186448,0.9200000000000002,1.207351458422998e-05,21963382.14668155,1757070.571734524,2285995.499276589,79.82478533302391,265.1752146669762,345,0.0001388454177186448,-2.180978721447504
0.216,0.2435700333514222,0.2240844306833085,161.5223949872361,178320.7240659086,0.58,0.0001522312708446389,0.0001400527691770678,0.9200000000000002,1.217850166757111e-05,21963382.14668155,1757070.571734524,2285995.499276589,28.69491852792934,-2.199943753807916,80.51891390113717,267.4810860988629,0,0,528924.9275420654,1909859.317102744,0,0,348,0.216,528924.9275420654,1909859.317102744,0.58,0.58,348,28.69491852792934,0.2435700333514222,0.2240844306833085,161.5223949872361,178320.7240659086,0.0001522312708446389,0.0001400527691770678,0.9200000000000002,1.217850166757111e-05,21963382.14668155,1757070.571734524,2285995.499276589,80.51891390113717,267.4810860988629,348,0.0001400527691770678,-2.199943753807916
0.217,0.2456697750182448,0.2260161930167852,162.9148294267812,179857.9716871664,0.585,0.000153543609386403,0.0001412601206354908,0.9200000000000002,1.228348875091224e-05,21963382.14668155,1757070.571734524,2285995.499276589,28.94228851523908,-2.218908786168329,81.21304246925042,269.7869575307496,0,0,528924.9275420654,1909859.317102744,0,0,351,0.217,528924.9275420654,1909859.317102744,0.585,0.585,351,28.94228851523908,0.2456697750182448,0.2260161930167852,162.9148294267812,179857.9716871664,0.000153543609386403,0.0001412601206354908,0.9200000000000002,1.228348875091224e-05,21963382.14668155,1757070.571734524,2285995.499276589,81.21304246925042,269.7869575307496,351,0.0001412601206354908,-2.218908786168329
0.218,0.2477695166850674,0.227947955350262,164.3072638663263,181395.2193084242,0.59,0.0001548559479281672,0.0001424674720939138,0.9199999999999999,1.238847583425337e-05,21963382.14668155,1757070.571734524,2285995.499276589,29.18965850254881,-2.237873818528742,81.90717103736367,272.0928289626364,0,0,528924.9275420654,1909859.317102744,0,0,354,0.218,528924.9275420654,1909859.317102744,0.59,0.59,354,29.18965850254881,0.2477695166850674,0.227947955350262,164.3072638663263,181395.2193084242,0.0001548559479281672,0.0001424674720939138,0.9199999999999999,1.238847583425337e-05,21963382.14668155,1757070.571734524,2285995.499276589,81.90717103736367,272.0928289626364,354,0.0001424674720939138,-2.237873818528742
0.219,0.24986925835189,0.2298797176837388,165.6996983058714,182932.4669296821,0.595,0.0001561682864699313,0.0001436748235523368,0.9199999999999999,1.24934629175945e-05,21963382.14668155,1757070.571734524,2285995.499276589,29.43702848985855,-2.256838850889155,82.60129960547691,274.3987003945231,0,0,528924.9275420654,1909859.317102744,0,0,357,0.219,528924.9275420654,1909859.317102744,0.595,0.595,357,29.43702848985855,0.24986925835189,0.2298797176837388,165.6996983058714,182932.4669296821,0.0001561682864699313,0.0001436748235523368,0.9199999999999999,1.24934629175945e-05,21963382.14668155,1757070.571734524,2285995.499276589,82.60129960547691,274.3987003945231,357,0.0001436748235523368,-2.256838850889155
0.22,0.2519690000187126,0.2318114800172156,167.0921327454166,184469.7145509399,0.6,0.0001574806250116954,0.0001448821750107598,0.92,1.259845000093564e-05,21963382.14668155,1757070.571734524,2285995.499276589,29.68439847716829,-2.275803883249568,83.29542817359017,276.7045718264099,0,0,528924.9275420654,1909859.317102744,0,0,360,0.22,528924.9275420654,1909859.317102744,0.6,0.6,360,29.68439847716829,0.2519690000187126,0.2318114800172156,167.0921327454166,184469.7145509399,0.0001574806250116954,0.0001448821750107598,0.92,1.259845000093564e-05,21963382.14668155,1757070.571734524,2285995.499276589,83.29542817359017,276.7045718264099,360,0.0001448821750107598,-2.275803883249568
0.221,0.2540687416855352,0.2337432423506924,168.4845671849617,186006.9621721978,0.605,0.0001587929635534596,0.0001460895264691828,0.92,1.270343708427677e-05,21963382.14668155,1757070.571734524,2285995.499276589,29.93176846447802,-2.294768915609982,83.98955674170341,279.0104432582966,0,0,528924.9275420654,1909859.317102744,0,0,363,0.221,528924.9275420654,1909859.317102744,0.605,0.605,363,29.93176846447802,0.2540687416855352,0.2337432423506924,168.4845671849617,186006.9621721978,0.0001587929635534596,0.0001460895264691828,0.92,1.270343708427677e-05,21963382.14668155,1757070.571734524,2285995.499276589,83.98955674170341,279.0104432582966,363,0.0001460895264691828,-2.294768915609982
0.222,0.2561684833523579,0.2356750046841692,169.8770016245069,187544.2097934556,0.61,0.0001601053020952237,0.0001472968779276058,0.92,1.280842416761789e-05,21963382.14668155,1757070.571734524,2285995.499276589,30.17913845178776,-2.313733947970395,84.6836853098167,281.3163146901834,0,0,528924.9275420654,1909859.317102744,0,0,366,0.222,528924.9275420654,1909859.317102744,0.61,0.61,366,30.17913845178776,0.2561684833523579,0.2356750046841692,169.8770016245069,187544.2097934556,0.0001601053020952237,0.0001472968779276058,0.92,1.280842416761789e-05,21963382.14668155,1757070.571734524,2285995.499276589,84.6836853098167,281.3163146901834,366,0.0001472968779276058,-2.313733947970395
0.223,0.2582682250191805,0.237606767017646,171.269436064052,189081.4574147134,0.615,0.0001614176406369878,0.0001485042293860288,0.92,1.291341125095903e-05,21963382.14668155,1757070.571734524,2285995.499276589,30.42650843909749,-2.332698980330808,85.37781387792992,283.6221861220702,0,0,528924.9275420654,1909859.317102744,0,0,369,0.223,528924.9275420654,1909859.317102744,0.615,0.615,369,30.42650843909749,0.2582682250191805,0.237606767017646,171.269436064052,189081.4574147134,0.0001614176406369878,0.0001485042293860288,0.92,1.291341125095903e-05,21963382.14668155,1757070.571734524,2285995.499276589,85.37781387792992,283.6221861220702,369,0.0001485042293860288,-2.332698980330808
0.224,0.260367966686003,0.2395385293511228,172.6618705035971,190618.7050359713,0.62,0.0001627299791787519,0.0001497115808444518,0.92,1.301839833430016e-05,21963382.14668155,1757070.571734524,2285995.499276589,30.67387842640723,-2.35166401269122,86.07194244604317,285.9280575539569,0,0,528924.9275420654,1909859.317102744,0,0,372,0.224,528924.9275420654,1909859.317102744,0.62,0.62,372,30.67387842640723,0.260367966686003,0.2395385293511228,172.6618705035971,190618.7050359713,0.0001627299791787519,0.0001497115808444518,0.92,1.301839833430016e-05,21963382.14668155,1757070.571734524,2285995.499276589,86.07194244604317,285.9280575539569,372,0.0001497115808444518,-2.35166401269122
0.225,0.2624677083528256,0.2414702916845996,174.0543049431423,192155.9526572291,0.625,0.0001640423177205161,0.0001509189323028748,0.92,1.312338541764128e-05,21963382.14668155,1757070.571734524,2285995.499276589,30.92124841371696,-2.370629045051634,86.76607101415641,288.2339289858436,0,0,528924.9275420654,1909859.317102744,0,0,375,0.225,528924.9275420654,1909859.317102744,0.625,0.625,375,30.92124841371696,0.2624677083528256,0.2414702916845996,174.0543049431423,192155.9526572291,0.0001640423177205161,0.0001509189323028748,0.92,1.312338541764128e-05,21963382.14668155,1757070.571734524,2285995.499276589,86.76607101415641,288.2339289858436,375,0.0001509189323028748,-2.370629045051634
0.226,0.2645674500196483,0.2434020540180765,175.4467393826874,193693.200278487,0.63,0.0001653546562622802,0.0001521262837612978,0.9200000000000002,1.322837250098242e-05,21963382.14668155,1757070.571734524,2285995.499276589,31.1686184010267,-2.389594077412047,87.46019958226969,290.5398004177305,0,0,528924.9275420654,1909859.317102744,0,0,378,0.226,528924.9275420654,1909859.317102744,0.63,0.63,378,31.1686184010267,0.2645674500196483,0.2434020540180765,175.4467393826874,193693.200278487,0.0001653546562622802,0.0001521262837612978,0.9200000000000002,1.322837250098242e-05,21963382.14668155,1757070.571734524,2285995.499276589,87.46019958226969,290.5398004177305,378,0.0001521262837612978,-2.389594077412047
0.227,0.2666671916864709,0.2453338163515532,176.8391738222326,195230.4478997448,0.635,0.0001666669948040443,0.0001533336352197208,0.9200000000000002,1.333335958432355e-05,21963382.14668155,1757070.571734524,2285995.499276589,31.41598838833644,-2.40855910977246,88.15432815038295,292.8456718496172,0,0,528924.9275420654,1909859.317102744,0,0,381,0.227,528924.9275420654,1909859.317102744,0.635,0.635,381,31.41598838833644,0.2666671916864709,0.2453338163515532,176.8391738222326,195230.4478997448,0.0001666669948040443,0.0001533336352197208,0.9200000000000002,1.333335958432355e-05,21963382.14668155,1757070.571734524,2285995.499276589,88.15432815038295,292.8456718496172,381,0.0001533336352197208,-2.40855910977246
0.228,0.2687669333532935,0.24726557868503,178.2316082617777,196767.6955210026,0.64,0.0001679793333458085,0.0001545409866781438,0.9199999999999999,1.343834666766468e-05,21963382.14668155,1757070.571734524,2285995.499276589,31.66335837564617,-2.427524142132873,88.84845671849619,295.1515432815038,0,0,528924.9275420654,1909859.317102744,0,0,384,0.228,528924.9275420654,1909859.317102744,0.64,0.64,384,31.66335837564617,0.2687669333532935,0.24726557868503,178.2316082617777,196767.6955210026,0.0001679793333458085,0.0001545409866781438,0.9199999999999999,1.343834666766468e-05,21963382.14668155,1757070.571734524,2285995.499276589,88.84845671849619,295.1515432815038,384,0.0001545409866781438,-2.427524142132873
0.229,0.2708666750201161,0.2491973410185068,179.6240427013228,198304.9431422604,0.645,0.0001692916718875726,0.0001557483381365668,0.9199999999999999,1.354333375100581e-05,21963382.14668155,1757070.571734524,2285995.499276589,31.91072836295591,-2.446489174493286,89.54258528660944,297.4574147133906,0,0,528924.9275420654,1909859.317102744,0,0,387,0.229,528924.9275420654,1909859.317102744,0.645,0.645,387,31.91072836295591,0.2708666750201161,0.2491973410185068,179.6240427013228,198304.9431422604,0.0001692916718875726,0.0001557483381365668,0.9199999999999999,1.354333375100581e-05,21963382.14668155,1757070.571734524,2285995.499276589,89.54258528660944,297.4574147133906,387,0.0001557483381365668,-2.446489174493286
0.23,0.2729664166869387,0.2511291033519836,181.016477140868,199842.1907635182,0.65,0.0001706040104293367,0.0001569556895949898,0.92,1.364832083434694e-05,21963382.14668155,1757070.571734524,2285995.499276589,32.15809835026564,-2.465454206853699,90.23671385472268,299.7632861452774,0,0,528924.9275420654,1909859.317102744,0,0,390,0.23,528924.9275420654,1909859.317102744,0.65,0.65,390,32.15809835026564,0.2729664166869387,0.2511291033519836,181.016477140868,199842.1907635182,0.0001706040104293367,0.0001569556895949898,0.92,1.364832083434694e-05,21963382.14668155,1757070.571734524,2285995.499276589,90.23671385472268,299.7632861452774,390,0.0001569556895949898,-2.465454206853699
0.231,0.2750661583537613,0.2530608656854604,182.4089115804131,201379.4383847761,0.655,0.0001719163489711008,0.0001581630410534128,0.92,1.375330791768807e-05,21963382.14668155,1757070.571734524,2285995.499276589,32.40546833757537,-2.484419239214112,90.93084242283595,302.0691575771642,0,0,528924.9275420654,1909859.317102744,0,0,393,0.231,528924.9275420654,1909859.317102744,0.655,0.655,393,32.40546833757537,0.2750661583537613,0.2530608656854604,182.4089115804131,201379.4383847761,0.0001719163489711008,0.0001581630410534128,0.92,1.375330791768807e-05,21963382.14668155,1757070.571734524,2285995.499276589,90.93084242283595,302.0691575771642,393,0.0001581630410534128,-2.484419239214112
0.232,0.2771659000205839,0.2549926280189372,183.8013460199583,202916.6860060339,0.66,0.000173228687512865,0.0001593703925118358,0.92,1.38582950010292e-05,21963382.14668155,1757070.571734524,2285995.499276589,32.65283832488511,-2.503384271574525,91.62497099094919,304.3750290090509,0,0,528924.9275420654,1909859.317102744,0,0,396,0.232,528924.9275420654,1909859.317102744,0.66,0.66,396,32.65283832488511,0.2771659000205839,0.2549926280189372,183.8013460199583,202916.6860060339,0.000173228687512865,0.0001593703925118358,0.92,1.38582950010292e-05,21963382.14668155,1757070.571734524,2285995.499276589,91.62497099094919,304.3750290090509,396,0.0001593703925118358,-2.503384271574525
0.233,0.2792656416874065,0.256924390352414,185.1937804595034,204453.9336272918,0.665,0.0001745410260546291,0.0001605777439702588,0.92,1.396328208437033e-05,21963382.14668155,1757070.571734524,2285995.499276589,32.90020831219485,-2.522349303934938,92.31909955906245,306.6809004409376,0,0,528924.9275420654,1909859.317102744,0,0,399,0.233,528924.9275420654,1909859.317102744,0.665,0.665,399,32.90020831219485,0.2792656416874065,0.256924390352414,185.1937804595034,204453.9336272918,0.0001745410260546291,0.0001605777439702588,0.92,1.396328208437033e-05,21963382.14668155,1757070.571734524,2285995.499276589,92.31909955906245,306.6809004409376,399,0.0001605777439702588,-2.522349303934938
0.234,0.2813653833542291,0.2588561526858908,186.5862148990485,205991.1812485496,0.67,0.0001758533645963932,0.0001617850954286818,0.92,1.406826916771146e-05,21963382.14668155,1757070.571734524,2285995.499276589,33.14757829950458,-2.541314336295351,93.01322812717569,308.9867718728244,0,0,528924.9275420654,1909859.317102744,0,0,402,0.234,528924.9275420654,1909859.317102744,0.67,0.67,402,33.14757829950458,0.2813653833542291,0.2588561526858908,186.5862148990485,205991.1812485496,0.0001758533645963932,0.0001617850954286818,0.92,1.406826916771146e-05,21963382.14668155,1757070.571734524,2285995.499276589,93.01322812717569,308.9867718728244,402,0.0001617850954286818,-2.541314336295351
0.235,0.2834651250210516,0.2607879150193675,187.9786493385936,207528.4288698073,0.6749999999999998,0.0001771657031381573,0.0001629924468871047,0.92,1.417325625105258e-05,21963382.14668155,1757070.571734524,2285995.499276589,33.39494828681431,-2.560279368655764,93.70735669528894,311.292643304711,0,0,528924.9275420654,1909859.317102744,0,0,404.9999999999999,0.235,528924.9275420654,1909859.317102744,0.6749999999999998,0.6749999999999998,404.9999999999999,33.39494828681431,0.2834651250210516,0.2607879150193675,187.9786493385936,207528.4288698073,0.0001771657031381573,0.0001629924468871047,0.92,1.417325625105258e-05,21963382.14668155,1757070.571734524,2285995.499276589,93.70735669528894,311.292643304711,404.9999999999999,0.0001629924468871047,-2.560279368655764
0.236,0.2855648666878742,0.2627196773528443,189.3710837781387,209065.6764910652,0.6799999999999998,0.0001784780416799214,0.0001641997983455277,0.92,1.427824333439371e-05,21963382.14668155,1757070.571734524,2285995.499276589,33.64231827412404,-2.579244401016177,94.40148526340217,313.5985147365978,0,0,528924.9275420654,1909859.317102744,0,0,407.9999999999999,0.236,528924.9275420654,1909859.317102744,0.6799999999999998,0.6799999999999998,407.9999999999999,33.64231827412404,0.2855648666878742,0.2627196773528443,189.3710837781387,209065.6764910652,0.0001784780416799214,0.0001641997983455277,0.92,1.427824333439371e-05,21963382.14668155,1757070.571734524,2285995.499276589,94.40148526340217,313.5985147365978,407.9999999999999,0.0001641997983455277,-2.579244401016177
0.237,0.2876646083546968,0.2646514396863211,190.7635182176839,210602.924112323,0.6849999999999998,0.0001797903802216856,0.0001654071498039507,0.92,1.438323041773485e-05,21963382.14668155,1757070.571734524,2285995.499276589,33.88968826143378,-2.59820943337659,95.09561383151541,315.9043861684846,0,0,528924.9275420654,1909859.317102744,0,0,410.9999999999999,0.237,528924.9275420654,1909859.317102744,0.6849999999999998,0.6849999999999998,410.9999999999999,33.88968826143378,0.2876646083546968,0.2646514396863211,190.7635182176839,210602.924112323,0.0001797903802216856,0.0001654071498039507,0.92,1.438323041773485e-05,21963382.14668155,1757070.571734524,2285995.499276589,95.09561383151541,315.9043861684846,410.9999999999999,0.0001654071498039507,-2.59820943337659
0.238,0.2897643500215195,0.2665832020197979,192.1559526572291,212140.1717335809,0.6899999999999998,0.0001811027187634497,0.0001666145012623737,0.92,1.448821750107597e-05,21963382.14668155,1757070.571734524,2285995.499276589,34.13705824874351,-2.617174465737003,95.78974239962868,318.2102576003713,0,0,528924.9275420654,1909859.317102744,0,0,413.9999999999999,0.238,528924.9275420654,1909859.317102744,0.6899999999999998,0.6899999999999998,413.9999999999999,34.13705824874351,0.2897643500215195,0.2665832020197979,192.1559526572291,212140.1717335809,0.0001811027187634497,0.0001666145012623737,0.92,1.448821750107597e-05,21963382.14668155,1757070.571734524,2285995.499276589,95.78974239962868,318.2102576003713,413.9999999999999,0.0001666145012623737,-2.617174465737003
0.239,0.2918640916883421,0.2685149643532747,193.5483870967742,213677.4193548387,0.6949999999999998,0.0001824150573052138,0.0001678218527207967,0.92,1.459320458441711e-05,21963382.14668155,1757070.571734524,2285995.499276589,34.38442823605325,-2.636139498097416,96.48387096774194,320.516129032258,0,0,528924.9275420654,1909859.317102744,0,0,416.9999999999999,0.239,528924.9275420654,1909859.317102744,0.6949999999999998,0.6949999999999998,416.9999999999999,34.38442823605325,0.2918640916883421,0.2685149643532747,193.5483870967742,213677.4193548387,0.0001824150573052138,0.0001678218527207967,0.92,1.459320458441711e-05,21963382.14668155,1757070.571734524,2285995.499276589,96.48387096774194,320.516129032258,416.9999999999999,0.0001678218527207967,-2.636139498097416
0.24,0.2939638333551647,0.2704467266867515,194.9408215363193,215214.6669760965,0.6999999999999998,0.000183727395846978,0.0001690292041792197,0.9200000000000002,1.469819166775824e-05,21963382.14668155,1757070.571734524,2285995.499276589,34.63179822336299,-2.655104530457829,97.17799953585519,322.8220004641448,0,0,528924.9275420654,1909859.317102744,0,0,419.9999999999999,0.24,528924.9275420654,1909859.317102744,0.6999999999999998,0.6999999999999998,419.9999999999999,34.63179822336299,0.2939638333551647,0.2704467266867515,194.9408215363193,215214.6669760965,0.000183727395846978,0.0001690292041792197,0.9200000000000002,1.469819166775824e-05,21963382.14668155,1757070.571734524,2285995.499276589,97.17799953585519,322.8220004641448,419.9999999999999,0.0001690292041792197,-2.655104530457829
0.241,0.2960635750219873,0.2723784890202283,196.3332559758645,216751.9145973543,0.7049999999999998,0.0001850397343887421,0.0001702365556376427,0.9199999999999999,1.480317875109937e-05,21963382.14668155,1757070.571734524,2285995.499276589,34.87916821067272,-2.674069562818242,97.87212810396844,325.1278718960315,0,0,528924.9275420654,1909859.317102744,0,0,422.9999999999999,0.241,528924.9275420654,1909859.317102744,0.7049999999999998,0.7049999999999998,422.9999999999999,34.87916821067272,0.2960635750219873,0.2723784890202283,196.3332559758645,216751.9145973543,0.0001850397343887421,0.0001702365556376427,0.9199999999999999,1.480317875109937e-05,21963382.14668155,1757070.571734524,2285995.499276589,97.87212810396844,325.1278718960315,422.9999999999999,0.0001702365556376427,-2.674069562818242
0.242,0.2981633166888099,0.2743102513537051,197.7256904154096,218289.1622186122,0.7099999999999999,0.0001863520729305062,0.0001714439070960657,0.9199999999999999,1.49081658344405e-05,21963382.14668155,1757070.571734524,2285995.499276589,35.12653819798246,-2.693034595178655,98.56625667208168,327.4337433279183,0,0,528924.9275420654,1909859.317102744,0,0,425.9999999999999,0.242,528924.9275420654,1909859.317102744,0.7099999999999999,0.7099999999999999,425.9999999999999,35.12653819798246,0.2981633166888099,0.2743102513537051,197.7256904154096,218289.1622186122,0.0001863520729305062,0.0001714439070960657,0.9199999999999999,1.49081658344405e-05,21963382.14668155,1757070.571734524,2285995.499276589,98.56625667208168,327.4337433279183,425.9999999999999,0.0001714439070960657,-2.693034595178655
0.243,0.3002630583556325,0.2762420136871819,199.1181248549547,219826.40983987,0.7149999999999999,0.0001876644114722703,0.0001726512585544887,0.92,1.501315291778163e-05,21963382.14668155,1757070.571734524,2285995.499276589,35.37390818529219,-2.711999627539068,99.26038524019494,329.7396147598051,0,0,528924.9275420654,1909859.317102744,0,0,428.9999999999999,0.243,528924.9275420654,1909859.317102744,0.7149999999999999,0.7149999999999999,428.9999999999999,35.37390818529219,0.3002630583556325,0.2762420136871819,199.1181248549547,219826.40983987,0.0001876644114722703,0.0001726512585544887,0.92,1.501315291778163e-05,21963382.14668155,1757070.571734524,2285995.499276589,99.26038524019494,329.7396147598051,428.9999999999999,0.0001726512585544887,-2.711999627539068
0.244,0.3023628000224551,0.2781737760206587,200.5105592944999,221363.6574611278,0.7199999999999999,0.0001889767500140345,0.0001738586100129117,0.92,1.511814000112276e-05,21963382.14668155,1757070.571734524,2285995.499276589,35.62127817260193,-2.730964659899481,99.95451380830819,332.0454861916918,0,0,528924.9275420654,1909859.317102744,0,0,431.9999999999999,0.244,528924.9275420654,1909859.317102744,0.7199999999999999,0.7199999999999999,431.9999999999999,35.62127817260193,0.3023628000224551,0.2781737760206587,200.5105592944999,221363.6574611278,0.0001889767500140345,0.0001738586100129117,0.92,1.511814000112276e-05,21963382.14668155,1757070.571734524,2285995.499276589,99.95451380830819,332.0454861916918,431.9999999999999,0.0001738586100129117,-2.730964659899481
0.245,0.3044625416892777,0.2801055383541355,201.902993734045,222900.9050823857,0.7249999999999999,0.0001902890885557986,0.0001750659614713347,0.92,1.522312708446389e-05,21963382.14668155,1757070.571734524,2285995.499276589,35.86864815991167,-2.749929692259895,100.6486423764214,334.3513576235786,0,0,528924.9275420654,1909859.317102744,0,0,434.9999999999999,0.245,528924.9275420654,1909859.317102744,0.7249999999999999,0.7249999999999999,434.9999999999999,35.86864815991167,0.3044625416892777,0.2801055383541355,201.902993734045,222900.9050823857,0.0001902890885557986,0.0001750659614713347,0.92,1.522312708446389e-05,21963382.14668155,1757070.571734524,2285995.499276589,100.6486423764214,334.3513576235786,434.9999999999999,0.0001750659614713347,-2.749929692259895
0.246,0.3065622833561004,0.2820373006876123,203.2954281735902,224438.1527036436,0.7299999999999999,0.0001916014270975628,0.0001762733129297577,0.92,1.532811416780502e-05,21963382.14668155,1757070.571734524,2285995.499276589,36.1160181472214,-2.768894724620308,101.3427709445347,336.6572290554654,0,0,528924.9275420654,1909859.317102744,0,0,437.9999999999999,0.246,528924.9275420654,1909859.317102744,0.7299999999999999,0.7299999999999999,437.9999999999999,36.1160181472214,0.3065622833561004,0.2820373006876123,203.2954281735902,224438.1527036436,0.0001916014270975628,0.0001762733129297577,0.92,1.532811416780502e-05,21963382.14668155,1757070.571734524,2285995.499276589,101.3427709445347,336.6572290554654,437.9999999999999,0.0001762733129297577,-2.768894724620308
0.247,0.3086620250229229,0.2839690630210892,204.6878626131353,225975.4003249014,0.7349999999999999,0.0001929137656393269,0.0001774806643881807,0.92,1.543310125114615e-05,21963382.14668155,1757070.571734524,2285995.499276589,36.36338813453114,-2.787859756980721,102.0368995126479,338.9631004873522,0,0,528924.9275420654,1909859.317102744,0,0,440.9999999999999,0.247,528924.9275420654,1909859.317102744,0.7349999999999999,0.7349999999999999,440.9999999999999,36.36338813453114,0.3086620250229229,0.2839690630210892,204.6878626131353,225975.4003249014,0.0001929137656393269,0.0001774806643881807,0.92,1.543310125114615e-05,21963382.14668155,1757070.571734524,2285995.499276589,102.0368995126479,338.9631004873522,440.9999999999999,0.0001774806643881807,-2.787859756980721
0.248,0.3107617666897455,0.2859008253545659,206.0802970526804,227512.6479461592,0.7399999999999999,0.000194226104181091,0.0001786880158466037,0.92,1.553808833448728e-05,21963382.14668155,1757070.571734524,2285995.499276589,36.61075812184087,-2.806824789341134,102.7310280807612,341.2689719192388,0,0,528924.9275420654,1909859.317102744,0,0,443.9999999999999,0.248,528924.9275420654,1909859.317102744,0.7399999999999999,0.7399999999999999,443.9999999999999,36.61075812184087,0.3107617666897455,0.2859008253545659,206.0802970526804,227512.6479461592,0.000194226104181091,0.0001786880158466037,0.92,1.553808833448728e-05,21963382.14668155,1757070.571734524,2285995.499276589,102.7310280807612,341.2689719192388,443.9999999999999,0.0001786880158466037,-2.806824789341134
0.249,0.3128615083565682,0.2878325876880427,207.4727314922256,229049.8955674171,0.7449999999999999,0.0001955384427228551,0.0001798953673050267,0.92,1.564307541782841e-05,21963382.14668155,1757070.571734524,2285995.499276589,36.85812810915061,-2.825789821701547,103.4251566488745,343.5748433511256,0,0,528924.9275420654,1909859.317102744,0,0,446.9999999999999,0.249,528924.9275420654,1909859.317102744,0.7449999999999999,0.7449999999999999,446.9999999999999,36.85812810915061,0.3128615083565682,0.2878325876880427,207.4727314922256,229049.8955674171,0.0001955384427228551,0.0001798953673050267,0.92,1.564307541782841e-05,21963382.14668155,1757070.571734524,2285995.499276589,103.4251566488745,343.5748433511256,446.9999999999999,0.0001798953673050267,-2.825789821701547
0.25,0.3149612500233908,0.2897643500215195,208.8651659317707,230587.1431886749,0.7499999999999999,0.0001968507812646193,0.0001811027187634497,0.92,1.574806250116954e-05,21963382.14668155,1757070.571734524,2285995.499276589,37.10549809646034,-2.84475485406196,104.1192852169877,345.8807147830124,0,0,528924.9275420654,1909859.317102744,0,0,449.9999999999999,0.25,528924.9275420654,1909859.317102744,0.7499999999999999,0.7499999999999999,449.9999999999999,37.10549809646034,0.3149612500233908,0.2897643500215195,208.8651659317707,230587.1431886749,0.0001968507812646193,0.0001811027187634497,0.92,1.574806250116954e-05,21963382.14668155,1757070.571734524,2285995.499276589,104.1192852169877,345.8807147830124,449.9999999999999,0.0001811027187634497,-2.84475485406196
0.251,0.3170609916902133,0.2916961123549963,210.2576003713158,232124.3908099327,0.7549999999999999,0.0001981631198063834,0.0001823100702218727,0.9200000000000002,1.585304958451067e-05,21963382.14668155,1757070.571734524,2285995.499276589,37.35286808377008,-2.863719886422373,104.8134137851009,348.1865862148991,0,0,528924.9275420654,1909859.317102744,0,0,452.9999999999999,0.251,528924.9275420654,1909859.317102744,0.7549999999999999,0.7549999999999999,452.9999999999999,37.35286808377008,0.3170609916902133,0.2916961123549963,210.2576003713158,232124.3908099327,0.0001981631198063834,0.0001823100702218727,0.9200000000000002,1.585304958451067e-05,21963382.14668155,1757070.571734524,2285995.499276589,104.8134137851009,348.1865862148991,452.9999999999999,0.0001823100702218727,-2.863719886422373
0.252,0.3191607333570359,0.2936278746884731,211.650034810861,233661.6384311905,0.7599999999999999,0.0001994754583481475,0.0001835174216802957,0.9199999999999999,1.59580366678518e-05,21963382.14668155,1757070.571734524,2285995.499276589,37.60023807107981,-2.882684918782786,105.5075423532142,350.4924576467858,0,0,528924.9275420654,1909859.317102744,0,0,455.9999999999999,0.252,528924.9275420654,1909859.317102744,0.7599999999999999,0.7599999999999999,455.9999999999999,37.60023807107981,0.3191607333570359,0.2936278746884731,211.650034810861,233661.6384311905,0.0001994754583481475,0.0001835174216802957,0.9199999999999999,1.59580366678518e-05,21963382.14668155,1757070.571734524,2285995.499276589,105.5075423532142,350.4924576467858,455.9999999999999,0.0001835174216802957,-2.882684918782786
0.253,0.3212604750238586,0.2955596370219499,213.0424692504061,235198.8860524484,0.7649999999999999,0.0002007877968899117,0.0001847247731387187,0.92,1.606302375119293e-05,21963382.14668155,1757070.571734524,2285995.499276589,37.84760805838955,-2.9016499511432,106.2016709213274,352.7983290786726,0,0,528924.9275420654,1909859.317102744,0,0,458.9999999999999,0.253,528924.9275420654,1909859.317102744,0.7649999999999999,0.7649999999999999,458.9999999999999,37.84760805838955,0.3212604750238586,0.2955596370219499,213.0424692504061,235198.8860524484,0.0002007877968899117,0.0001847247731387187,0.92,1.606302375119293e-05,21963382.14668155,1757070.571734524,2285995.499276589,106.2016709213274,352.7983290786726,458.9999999999999,0.0001847247731387187,-2.9016499511432
0.254,0.3233602166906812,0.2974913993554267,214.4349036899513,236736.1336737062,0.7699999999999999,0.0002021001354316758,0.0001859321245971417,0.92,1.616801083453406e-05,21963382.14668155,1757070.571734524,2285995.499276589,38.09497804569929,-2.920614983503612,106.8957994894407,355.1042005105593,0,0,528924.9275420654,1909859.317102744,0,0,461.9999999999999,0.254,528924.9275420654,1909859.317102744,0.7699999999999999,0.7699999999999999,461.9999999999999,38.09497804569929,0.3233602166906812,0.2974913993554267,214.4349036899513,236736.1336737062,0.0002021001354316758,0.0001859321245971417,0.92,1.616801083453406e-05,21963382.14668155,1757070.571734524,2285995.499276589,106.8957994894407,355.1042005105593,461.9999999999999,0.0001859321245971417,-2.920614983503612
0.255,0.3254599583575038,0.2994231616889035,215.8273381294964,238273.3812949641,0.7749999999999999,0.0002034124739734399,0.0001871394760555647,0.92,1.627299791787519e-05,21963382.14668155,1757070.571734524,2285995.499276589,38.34234803300902,-2.939580015864026,107.589928057554,357.4100719424461,0,0,528924.9275420654,1909859.317102744,0,0,464.9999999999999,0.255,528924.9275420654,1909859.317102744,0.7749999999999999,0.7749999999999999,464.9999999999999,38.34234803300902,0.3254599583575038,0.2994231616889035,215.8273381294964,238273.3812949641,0.0002034124739734399,0.0001871394760555647,0.92,1.627299791787519e-05,21963382.14668155,1757070.571734524,2285995.499276589,107.589928057554,357.4100719424461,464.9999999999999,0.0001871394760555647,-2.939580015864026
0.256,0.3275597000243264,0.3013549240223803,217.2197725690415,239810.6289162219,0.7799999999999999,0.000204724812515204,0.0001883468275139877,0.92,1.637798500121632e-05,21963382.14668155,1757070.571734524,2285995.499276589,38.58971802031876,-2.958545048224439,108.2840566256672,359.7159433743328,0,0,528924.9275420654,1909859.317102744,0,0,467.9999999999999,0.256,528924.9275420654,1909859.317102744,0.7799999999999999,0.7799999999999999,467.9999999999999,38.58971802031876,0.3275597000243264,0.3013549240223803,217.2197725690415,239810.6289162219,0.000204724812515204,0.0001883468275139877,0.92,1.637798500121632e-05,21963382.14668155,1757070.571734524,2285995.499276589,108.2840566256672,359.7159433743328,467.9999999999999,0.0001883468275139877,-2.958545048224439
0.257,0.329659441691149,0.3032866863558571,218.6122070085867,241347.8765374797,0.7849999999999999,0.0002060371510569682,0.0001895541789724107,0.92,1.648297208455745e-05,21963382.14668155,1757070.571734524,2285995.499276589,38.8370880076285,-2.977510080584852,108.9781851937804,362.0218148062196,0,0,528924.9275420654,1909859.317102744,0,0,470.9999999999999,0.257,528924.9275420654,1909859.317102744,0.7849999999999999,0.7849999999999999,470.9999999999999,38.8370880076285,0.329659441691149,0.3032866863558571,218.6122070085867,241347.8765374797,0.0002060371510569682,0.0001895541789724107,0.92,1.648297208455745e-05,21963382.14668155,1757070.571734524,2285995.499276589,108.9781851937804,362.0218148062196,470.9999999999999,0.0001895541789724107,-2.977510080584852
0.258,0.3317591833579716,0.3052184486893339,220.0046414481318,242885.1241587376,0.7899999999999999,0.0002073494895987323,0.0001907615304308337,0.92,1.658795916789858e-05,21963382.14668155,1757070.571734524,2285995.499276589,39.08445799493823,-2.996475112945265,109.6723137618937,364.3276862381064,0,0,528924.9275420654,1909859.317102744,0,0,473.9999999999999,0.258,528924.9275420654,1909859.317102744,0.7899999999999999,0.7899999999999999,473.9999999999999,39.08445799493823,0.3317591833579716,0.3052184486893339,220.0046414481318,242885.1241587376,0.0002073494895987323,0.0001907615304308337,0.92,1.658795916789858e-05,21963382.14668155,1757070.571734524,2285995.499276589,109.6723137618937,364.3276862381064,473.9999999999999,0.0001907615304308337,-2.996475112945265
0.259,0.3338589250247942,0.3071502110228106,221.397075887677,244422.3717799954,0.7949999999999999,0.0002086618281404964,0.0001919688818892567,0.92,1.669294625123971e-05,21963382.14668155,1757070.571734524,2285995.499276589,39.33182798224797,-3.015440145305678,110.366442330007,366.633557669993,0,0,528924.9275420654,1909859.317102744,0,0,476.9999999999999,0.259,528924.9275420654,1909859.317102744,0.7949999999999999,0.7949999999999999,476.9999999999999,39.33182798224797,0.3338589250247942,0.3071502110228106,221.397075887677,244422.3717799954,0.0002086618281404964,0.0001919688818892567,0.92,1.669294625123971e-05,21963382.14668155,1757070.571734524,2285995.499276589,110.366442330007,366.633557669993,476.9999999999999,0.0001919688818892567,-3.015440145305678
0.26,0.3359586666916168,0.3090819733562875,222.7895103272221,245959.6194012532,0.7999999999999999,0.0002099741666822606,0.0001931762333476797,0.92,1.679793333458084e-05,21963382.14668155,1757070.571734524,2285995.499276589,39.5791979695577,-3.034405177666091,111.0605708981202,368.9394291018799,0,0,528924.9275420654,1909859.317102744,0,0,479.9999999999999,0.26,528924.9275420654,1909859.317102744,0.7999999999999999,0.7999999999999999,479.9999999999999,39.5791979695577,0.3359586666916168,0.3090819733562875,222.7895103272221,245959.6194012532,0.0002099741666822606,0.0001931762333476797,0.92,1.679793333458084e-05,21963382.14668155,1757070.571734524,2285995.499276589,111.0605708981202,368.9394291018799,479.9999999999999,0.0001931762333476797,-3.034405177666091
0.261,0.3380584083584394,0.3110137356897643,224.1819447667673,247496.8670225111,0.8049999999999999,0.0002112865052240247,0.0001943835848061027,0.92,1.690292041792198e-05,21963382.14668155,1757070.571734524,2285995.499276589,39.82656795686744,-3.053370210026504,111.7546994662335,371.2453005337666,0,0,528924.9275420654,1909859.317102744,0,0,482.9999999999999,0.261,528924.9275420654,1909859.317102744,0.8049999999999999,0.8049999999999999,482.9999999999999,39.82656795686744,0.3380584083584394,0.3110137356897643,224.1819447667673,247496.8670225111,0.0002112865052240247,0.0001943835848061027,0.92,1.690292041792198e-05,21963382.14668155,1757070.571734524,2285995.499276589,111.7546994662335,371.2453005337666,482.9999999999999,0.0001943835848061027,-3.053370210026504
0.262,0.340158150025262,0.3129454980232411,225.5743792063124,249034.1146437689,0.8099999999999999,0.0002125988437657888,0.0001955909362645257,0.9200000000000002,1.700790750126311e-05,21963382.14668155,1757070.571734524,2285995.499276589,40.07393794417718,-3.072335242386917,112.4488280343467,373.5511719656534,0,0,528924.9275420654,1909859.317102744,0,0,485.9999999999999,0.262,528924.9275420654,1909859.317102744,0.8099999999999999,0.8099999999999999,485.9999999999999,40.07393794417718,0.340158150025262,0.3129454980232411,225.5743792063124,249034.1146437689,0.0002125988437657888,0.0001955909362645257,0.9200000000000002,1.700790750126311e-05,21963382.14668155,1757070.571734524,2285995.499276589,112.4488280343467,373.5511719656534,485.9999999999999,0.0001955909362645257,-3.072335242386917
0.263,0.3422578916920846,0.3148772603567179,226.9668136458575,250571.3622650267,0.8149999999999999,0.0002139111823075529,0.0001967982877229487,0.92,1.711289458460423e-05,21963382.14668155,1757070.571734524,2285995.499276589,40.32130793148692,-3.09130027474733,113.14295660246,375.8570433975401,0,0,528924.9275420654,1909859.317102744,0,0,488.9999999999999,0.263,528924.9275420654,1909859.317102744,0.8149999999999999,0.8149999999999999,488.9999999999999,40.32130793148692,0.3422578916920846,0.3148772603567179,226.9668136458575,250571.3622650267,0.0002139111823075529,0.0001967982877229487,0.92,1.711289458460423e-05,21963382.14668155,1757070.571734524,2285995.499276589,113.14295660246,375.8570433975401,488.9999999999999,0.0001967982877229487,-3.09130027474733
0.264,0.3443576333589072,0.3168090226901946,228.3592480854027,252108.6098862845,0.82,0.0002152235208493171,0.0001980056391813717,0.92,1.721788166794537e-05,21963382.14668155,1757070.571734524,2285995.499276589,40.56867791879665,-3.110265307107743,113.8370851705732,378.1629148294268,0,0,528924.9275420654,1909859.317102744,0,0,491.9999999999999,0.264,528924.9275420654,1909859.317102744,0.82,0.82,491.9999999999999,40.56867791879665,0.3443576333589072,0.3168090226901946,228.3592480854027,252108.6098862845,0.0002152235208493171,0.0001980056391813717,0.92,1.721788166794537e-05,21963382.14668155,1757070.571734524,2285995.499276589,113.8370851705732,378.1629148294268,491.9999999999999,0.0001980056391813717,-3.110265307107743
0.265,0.3464573750257299,0.3187407850236715,229.7516825249478,253645.8575075424,0.825,0.0002165358593910812,0.0001992129906397947,0.92,1.73228687512865e-05,21963382.14668155,1757070.571734524,2285995.499276589,40.81604790610638,-3.129230339468156,114.5312137386865,380.4687862613136,0,0,528924.9275420654,1909859.317102744,0,0,495,0.265,528924.9275420654,1909859.317102744,0.825,0.825,495,40.81604790610638,0.3464573750257299,0.3187407850236715,229.7516825249478,253645.8575075424,0.0002165358593910812,0.0001992129906397947,0.92,1.73228687512865e-05,21963382.14668155,1757070.571734524,2285995.499276589,114.5312137386865,380.4687862613136,495,0.0001992129906397947,-3.129230339468156
0.266,0.3485571166925525,0.3206725473571483,231.144116964493,255183.1051288002,0.83,0.0002178481979328453,0.0002004203420982177,0.92,1.742785583462763e-05,21963382.14668155,1757070.571734524,2285995.499276589,41.06341789341612,-3.14819537182857,115.2253423067997,382.7746576932004,0,0,528924.9275420654,1909859.317102744,0,0,498,0.266,528924.9275420654,1909859.317102744,0.83,0.83,498,41.06341789341612,0.3485571166925525,0.3206725473571483,231.144116964493,255183.1051288002,0.0002178481979328453,0.0002004203420982177,0.92,1.742785583462763e-05,21963382.14668155,1757070.571734524,2285995.499276589,115.2253423067997,382.7746576932004,498,0.0002004203420982177,-3.14819537182857
0.267,0.3506568583593751,0.3226043096906251,232.5365514040381,256720.3527500581,0.835,0.0002191605364746095,0.0002016276935566407,0.92,1.753284291796876e-05,21963382.14668155,1757070.571734524,2285995.499276589,41.31078788072586,-3.167160404188982,115.919470874913,385.0805291250871,0,0,528924.9275420654,1909859.317102744,0,0,501,0.267,528924.9275420654,1909859.317102744,0.835,0.835,501,41.31078788072586,0.3506568583593751,0.3226043096906251,232.5365514040381,256720.3527500581,0.0002191605364746095,0.0002016276935566407,0.92,1.753284291796876e-05,21963382.14668155,1757070.571734524,2285995.499276589,115.919470874913,385.0805291250871,501,0.0002016276935566407,-3.167160404188982
0.268,0.3527566000261977,0.3245360720241019,233.9289858435832,258257.6003713159,0.84,0.0002204728750163736,0.0002028350450150637,0.92,1.763783000130989e-05,21963382.14668155,1757070.571734524,2285995.499276589,41.5581578680356,-3.186125436549396,116.6135994430262,387.3864005569739,0,0,528924.9275420654,1909859.317102744,0,0,504,0.268,528924.9275420654,1909859.317102744,0.84,0.84,504,41.5581578680356,0.3527566000261977,0.3245360720241019,233.9289858435832,258257.6003713159,0.0002204728750163736,0.0002028350450150637,0.92,1.763783000130989e-05,21963382.14668155,1757070.571734524,2285995.499276589,116.6135994430262,387.3864005569739,504,0.0002028350450150637,-3.186125436549396
0.269,0.3548563416930203,0.3264678343575787,235.3214202831284,259794.8479925737,0.845,0.0002217852135581377,0.0002040423964734867,0.92,1.774281708465102e-05,21963382.14668155,1757070.571734524,2285995.499276589,41.80552785534533,-3.205090468909809,117.3077280111395,389.6922719888606,0,0,528924.9275420654,1909859.317102744,0,0,507,0.269,528924.9275420654,1909859.317102744,0.845,0.845,507,41.80552785534533,0.3548563416930203,0.3264678343575787,235.3214202831284,259794.8479925737,0.0002217852135581377,0.0002040423964734867,0.92,1.774281708465102e-05,21963382.14668155,1757070.571734524,2285995.499276589,117.3077280111395,389.6922719888606,507,0.0002040423964734867,-3.205090468909809
0.27,0.3569560833598429,0.3283995966910555,236.7138547226735,261332.0956138316,0.85,0.0002230975520999019,0.0002052497479319097,0.92,1.784780416799215e-05,21963382.14668155,1757070.571734524,2285995.499276589,42.05289784265507,-3.224055501270222,118.0018565792527,391.9981434207474,0,0,528924.9275420654,1909859.317102744,0,0,510,0.27,528924.9275420654,1909859.317102744,0.85,0.85,510,42.05289784265507,0.3569560833598429,0.3283995966910555,236.7138547226735,261332.0956138316,0.0002230975520999019,0.0002052497479319097,0.92,1.784780416799215e-05,21963382.14668155,1757070.571734524,2285995.499276589,118.0018565792527,391.9981434207474,510,0.0002052497479319097,-3.224055501270222
0.271,0.3590558250266655,0.3303313590245323,238.1062891622186,262869.3432350894,0.855,0.000224409890641666,0.0002064570993903327,0.92,1.795279125133328e-05,21963382.14668155,1757070.571734524,2285995.499276589,42.3002678299648,-3.243020533630636,118.695985147366,394.3040148526342,0,0,528924.9275420654,1909859.317102744,0,0,513,0.271,528924.9275420654,1909859.317102744,0.855,0.855,513,42.3002678299648,0.3590558250266655,0.3303313590245323,238.1062891622186,262869.3432350894,0.000224409890641666,0.0002064570993903327,0.92,1.795279125133328e-05,21963382.14668155,1757070.571734524,2285995.499276589,118.695985147366,394.3040148526342,513,0.0002064570993903327,-3.243020533630636
0.272,0.3611555666934881,0.3322631213580091,239.4987236017638,264406.5908563472,0.86,0.0002257222291834301,0.0002076644508487557,0.92,1.805777833467441e-05,21963382.14668155,1757070.571734524,2285995.499276589,42.54763781727454,-3.261985565991048,119.3901137154792,396.6098862845209,0,0,528924.9275420654,1909859.317102744,0,0,516,0.272,528924.9275420654,1909859.317102744,0.86,0.86,516,42.54763781727454,0.3611555666934881,0.3322631213580091,239.4987236017638,264406.5908563472,0.0002257222291834301,0.0002076644508487557,0.92,1.805777833467441e-05,21963382.14668155,1757070.571734524,2285995.499276589,119.3901137154792,396.6098862845209,516,0.0002076644508487557,-3.261985565991048
0.273,0.3632553083603107,0.3341948836914858,240.8911580413089,265943.838477605,0.865,0.0002270345677251942,0.0002088718023071787,0.9199999999999999,1.816276541801554e-05,21963382.14668155,1757070.571734524,2285995.499276589,42.79500780458427,-3.280950598351462,120.0842422835925,398.9157577164075,0,0,528924.9275420654,1909859.317102744,0,0,519,0.273,528924.9275420654,1909859.317102744,0.865,0.865,519,42.79500780458427,0.3632553083603107,0.3341948836914858,240.8911580413089,265943.838477605,0.0002270345677251942,0.0002088718023071787,0.9199999999999999,1.816276541801554e-05,21963382.14668155,1757070.571734524,2285995.499276589,120.0842422835925,398.9157577164075,519,0.0002088718023071787,-3.280950598351462
0.274,0.3653550500271334,0.3361266460249627,242.2835924808541,267481.0860988629,0.87,0.0002283469062669584,0.0002100791537656017,0.92,1.826775250135667e-05,21963382.14668155,1757070.571734524,2285995.499276589,43.04237779189401,-3.299915630711874,120.7783708517058,401.2216291482944,0,0,528924.9275420654,1909859.317102744,0,0,522,0.274,528924.9275420654,1909859.317102744,0.87,0.87,522,43.04237779189401,0.3653550500271334,0.3361266460249627,242.2835924808541,267481.0860988629,0.0002283469062669584,0.0002100791537656017,0.92,1.826775250135667e-05,21963382.14668155,1757070.571734524,2285995.499276589,120.7783708517058,401.2216291482944,522,0.0002100791537656017,-3.299915630711874
0.275,0.367454791693956,0.3380584083584395,243.6760269203992,269018.3337201208,0.875,0.0002296592448087225,0.0002112865052240247,0.92,1.83727395846978e-05,21963382.14668155,1757070.571734524,2285995.499276589,43.28974777920375,-3.318880663072287,121.472499419819,403.5275005801812,0,0,528924.9275420654,1909859.317102744,0,0,525,0.275,528924.9275420654,1909859.317102744,0.875,0.875,525,43.28974777920375,0.367454791693956,0.3380584083584395,243.6760269203992,269018.3337201208,0.0002296592448087225,0.0002112865052240247,0.92,1.83727395846978e-05,21963382.14668155,1757070.571734524,2285995.499276589,121.472499419819,403.5275005801812,525,0.0002112865052240247,-3.318880663072287
0.276,0.3695545333607785,0.3399901706919163,245.0684613599443,270555.5813413786,0.88,0.0002309715833504866,0.0002124938566824477,0.92,1.847772666803893e-05,21963382.14668155,1757070.571734524,2285995.499276589,43.53711776651348,-3.3378456954327,122.1666279879322,405.8333720120679,0,0,528924.9275420654,1909859.317102744,0,0,528,0.276,528924.9275420654,1909859.317102744,0.88,0.88,528,43.53711776651348,0.3695545333607785,0.3399901706919163,245.0684613599443,270555.5813413786,0.0002309715833504866,0.0002124938566824477,0.92,1.847772666803893e-05,21963382.14668155,1757070.571734524,2285995.499276589,122.1666279879322,405.8333720120679,528,0.0002124938566824477,-3.3378456954327
0.277,0.3716542750276011,0.341921933025393,246.4608957994895,272092.8289626364,0.885,0.0002322839218922508,0.0002137012081408707,0.92,1.858271375138006e-05,21963382.14668155,1757070.571734524,2285995.499276589,43.78448775382321,-3.356810727793114,122.8607565560455,408.1392434439545,0,0,528924.9275420654,1909859.317102744,0,0,531,0.277,528924.9275420654,1909859.317102744,0.885,0.885,531,43.78448775382321,0.3716542750276011,0.341921933025393,246.4608957994895,272092.8289626364,0.0002322839218922508,0.0002137012081408707,0.92,1.858271375138006e-05,21963382.14668155,1757070.571734524,2285995.499276589,122.8607565560455,408.1392434439545,531,0.0002137012081408707,-3.356810727793114
0.278,0.3737540166944238,0.3438536953588698,247.8533302390346,273630.0765838942,0.89,0.0002335962604340149,0.0002149085595992937,0.92,1.868770083472119e-05,21963382.14668155,1757070.571734524,2285995.499276589,44.03185774113295,-3.375775760153526,123.5548851241588,410.4451148758413,0,0,528924.9275420654,1909859.317102744,0,0,534,0.278,528924.9275420654,1909859.317102744,0.89,0.89,534,44.03185774113295,0.3737540166944238,0.3438536953588698,247.8533302390346,273630.0765838942,0.0002335962604340149,0.0002149085595992937,0.92,1.868770083472119e-05,21963382.14668155,1757070.571734524,2285995.499276589,123.5548851241588,410.4451148758413,534,0.0002149085595992937,-3.375775760153526
0.279,0.3758537583612463,0.3457854576923466,249.2457646785798,275167.3242051521,0.895,0.000234908598975779,0.0002161159110577167,0.92,1.879268791806232e-05,21963382.14668155,1757070.571734524,2285995.499276589,44.27922772844268,-3.394740792513939,124.249013692272,412.7509863077281,0,0,528924.9275420654,1909859.317102744,0,0,537,0.279,528924.9275420654,1909859.317102744,0.895,0.895,537,44.27922772844268,0.3758537583612463,0.3457854576923466,249.2457646785798,275167.3242051521,0.000234908598975779,0.0002161159110577167,0.92,1.879268791806232e-05,21963382.14668155,1757070.571734524,2285995.499276589,124.249013692272,412.7509863077281,537,0.0002161159110577167,-3.394740792513939
0.28,0.3779535000280689,0.3477172200258234,250.6381991181249,276704.5718264099,0.9,0.0002362209375175431,0.0002173232625161397,0.92,1.889767500140345e-05,21963382.14668155,1757070.571734524,2285995.499276589,44.52659771575242,-3.413705824874353,124.9431422603852,415.0568577396148,0,0,528924.9275420654,1909859.317102744,0,0,540,0.28,528924.9275420654,1909859.317102744,0.9,0.9,540,44.52659771575242,0.3779535000280689,0.3477172200258234,250.6381991181249,276704.5718264099,0.0002362209375175431,0.0002173232625161397,0.92,1.889767500140345e-05,21963382.14668155,1757070.571734524,2285995.499276589,124.9431422603852,415.0568577396148,540,0.0002173232625161397,-3.413705824874353
0.281,0.3800532416948916,0.3496489823593003,252.0306335576701,278241.8194476677,0.905,0.0002375332760593073,0.0002185306139745627,0.92,1.900266208474458e-05,21963382.14668155,1757070.571734524,2285995.499276589,44.77396770306216,-3.432670857234766,125.6372708284985,417.3627291715016,0,0,528924.9275420654,1909859.317102744,0,0,543,0.281,528924.9275420654,1909859.317102744,0.905,0.905,543,44.77396770306216,0.3800532416948916,0.3496489823593003,252.0306335576701,278241.8194476677,0.0002375332760593073,0.0002185306139745627,0.92,1.900266208474458e-05,21963382.14668155,1757070.571734524,2285995.499276589,125.6372708284985,417.3627291715016,543,0.0002185306139745627,-3.432670857234766
0.282,0.3821529833617141,0.351580744692777,253.4230679972151,279779.0670689255,0.9099999999999998,0.0002388456146010714,0.0002197379654329857,0.92,1.910764916808571e-05,21963382.14668155,1757070.571734524,2285995.499276589,45.02133769037189,-3.451635889595178,126.3313993966117,419.6686006033883,0,0,528924.9275420654,1909859.317102744,0,0,545.9999999999999,0.282,528924.9275420654,1909859.317102744,0.9099999999999998,0.9099999999999998,545.9999999999999,45.02133769037189,0.3821529833617141,0.351580744692777,253.4230679972151,279779.0670689255,0.0002388456146010714,0.0002197379654329857,0.92,1.910764916808571e-05,21963382.14668155,1757070.571734524,2285995.499276589,126.3313993966117,419.6686006033883,545.9999999999999,0.0002197379654329857,-3.451635889595178
0.283,0.3842527250285367,0.3535125070262538,254.8155024367603,281316.3146901833,0.9149999999999998,0.0002401579531428355,0.0002209453168914087,0.92,1.921263625142684e-05,21963382.14668155,1757070.571734524,2285995.499276589,45.26870767768162,-3.470600921955592,127.025527964725,421.974472035275,0,0,528924.9275420654,1909859.317102744,0,0,548.9999999999999,0.283,528924.9275420654,1909859.317102744,0.9149999999999998,0.9149999999999998,548.9999999999999,45.26870767768162,0.3842527250285367,0.3535125070262538,254.8155024367603,281316.3146901833,0.0002401579531428355,0.0002209453168914087,0.92,1.921263625142684e-05,21963382.14668155,1757070.571734524,2285995.499276589,127.025527964725,421.974472035275,548.9999999999999,0.0002209453168914087,-3.470600921955592
0.284,0.3863524666953593,0.3554442693597306,256.2079368763054,282853.5623114412,0.9199999999999998,0.0002414702916845996,0.0002221526683498317,0.92,1.931762333476797e-05,21963382.14668155,1757070.571734524,2285995.499276589,45.51607766499136,-3.489565954316004,127.7196565328382,424.2803434671617,0,0,528924.9275420654,1909859.317102744,0,0,551.9999999999999,0.284,528924.9275420654,1909859.317102744,0.9199999999999998,0.9199999999999998,551.9999999999999,45.51607766499136,0.3863524666953593,0.3554442693597306,256.2079368763054,282853.5623114412,0.0002414702916845996,0.0002221526683498317,0.92,1.931762333476797e-05,21963382.14668155,1757070.571734524,2285995.499276589,127.7196565328382,424.2803434671617,551.9999999999999,0.0002221526683498317,-3.489565954316004
0.285,0.3884522083621819,0.3573760316932074,257.6003713158505,284390.809932699,0.9249999999999998,0.0002427826302263637,0.0002233600198082546,0.92,1.94226104181091e-05,21963382.14668155,1757070.571734524,2285995.499276589,45.7634476523011,-3.508530986676417,128.4137851009515,426.5862148990485,0,0,528924.9275420654,1909859.317102744,0,0,554.9999999999999,0.285,528924.9275420654,1909859.317102744,0.9249999999999998,0.9249999999999998,554.9999999999999,45.7634476523011,0.3884522083621819,0.3573760316932074,257.6003713158505,284390.809932699,0.0002427826302263637,0.0002233600198082546,0.92,1.94226104181091e-05,21963382.14668155,1757070.571734524,2285995.499276589,128.4137851009515,426.5862148990485,554.9999999999999,0.0002233600198082546,-3.508530986676417
0.286,0.3905519500290045,0.3593077940266841,258.9928057553957,285928.0575539568,0.9299999999999998,0.0002440949687681278,0.0002245673712666776,0.92,1.952759750145023e-05,21963382.14668155,1757070.571734524,2285995.499276589,46.01081763961083,-3.52749601903683,129.1079136690647,428.8920863309352,0,0,528924.9275420654,1909859.317102744,0,0,557.9999999999999,0.286,528924.9275420654,1909859.317102744,0.9299999999999998,0.9299999999999998,557.9999999999999,46.01081763961083,0.3905519500290045,0.3593077940266841,258.9928057553957,285928.0575539568,0.0002440949687681278,0.0002245673712666776,0.92,1.952759750145023e-05,21963382.14668155,1757070.571734524,2285995.499276589,129.1079136690647,428.8920863309352,557.9999999999999,0.0002245673712666776,-3.52749601903683
0.287,0.3926516916958271,0.361239556360161,260.3852401949408,287465.3051752147,0.9349999999999998,0.000245407307309892,0.0002257747227251006,0.92,1.963258458479136e-05,21963382.14668155,1757070.571734524,2285995.499276589,46.25818762692057,-3.546461051397244,129.802042237178,431.1979577628221,0,0,528924.9275420654,1909859.317102744,0,0,560.9999999999999,0.287,528924.9275420654,1909859.317102744,0.9349999999999998,0.9349999999999998,560.9999999999999,46.25818762692057,0.3926516916958271,0.361239556360161,260.3852401949408,287465.3051752147,0.000245407307309892,0.0002257747227251006,0.92,1.963258458479136e-05,21963382.14668155,1757070.571734524,2285995.499276589,129.802042237178,431.1979577628221,560.9999999999999,0.0002257747227251006,-3.546461051397244
0.288,0.3947514333626497,0.3631713186936378,261.7776746344859,289002.5527964725,0.9399999999999998,0.0002467196458516561,0.0002269820741835236,0.92,1.973757166813249e-05,21963382.14668155,1757070.571734524,2285995.499276589,46.5055576142303,-3.565426083757657,130.4961708052913,433.5038291947088,0,0,528924.9275420654,1909859.317102744,0,0,563.9999999999999,0.288,528924.9275420654,1909859.317102744,0.9399999999999998,0.9399999999999998,563.9999999999999,46.5055576142303,0.3947514333626497,0.3631713186936378,261.7776746344859,289002.5527964725,0.0002467196458516561,0.0002269820741835236,0.92,1.973757166813249e-05,21963382.14668155,1757070.571734524,2285995.499276589,130.4961708052913,433.5038291947088,563.9999999999999,0.0002269820741835236,-3.565426083757657
0.289,0.3968511750294723,0.3651030810271145,263.1701090740311,290539.8004177304,0.9449999999999998,0.0002480319843934203,0.0002281894256419466,0.92,1.984255875147362e-05,21963382.14668155,1757070.571734524,2285995.499276589,46.75292760154004,-3.584391116118069,131.1902993734045,435.8097006265955,0,0,528924.9275420654,1909859.317102744,0,0,566.9999999999999,0.289,528924.9275420654,1909859.317102744,0.9449999999999998,0.9449999999999998,566.9999999999999,46.75292760154004,0.3968511750294723,0.3651030810271145,263.1701090740311,290539.8004177304,0.0002480319843934203,0.0002281894256419466,0.92,1.984255875147362e-05,21963382.14668155,1757070.571734524,2285995.499276589,131.1902993734045,435.8097006265955,566.9999999999999,0.0002281894256419466,-3.584391116118069
0.29,0.3989509166962949,0.3670348433605913,264.5625435135762,292077.0480389881,0.9499999999999998,0.0002493443229351844,0.0002293967771003696,0.92,1.994754583481475e-05,21963382.14668155,1757070.571734524,2285995.499276589,47.00029758884978,-3.603356148478483,131.8844279415177,438.1155720584822,0,0,528924.9275420654,1909859.317102744,0,0,569.9999999999999,0.29,528924.9275420654,1909859.317102744,0.9499999999999998,0.9499999999999998,569.9999999999999,47.00029758884978,0.3989509166962949,0.3670348433605913,264.5625435135762,292077.0480389881,0.0002493443229351844,0.0002293967771003696,0.92,1.994754583481475e-05,21963382.14668155,1757070.571734524,2285995.499276589,131.8844279415177,438.1155720584822,569.9999999999999,0.0002293967771003696,-3.603356148478483
0.291,0.4010506583631175,0.3689666056940681,265.9549779531214,293614.295660246,0.9549999999999998,0.0002506566614769485,0.0002306041285587926,0.92,2.005253291815588e-05,21963382.14668155,1757070.571734524,2285995.499276589,47.24766757615951,-3.622321180838895,132.578556509631,440.421443490369,0,0,528924.9275420654,1909859.317102744,0,0,572.9999999999999,0.291,528924.9275420654,1909859.317102744,0.9549999999999998,0.9549999999999998,572.9999999999999,47.24766757615951,0.4010506583631175,0.3689666056940681,265.9549779531214,293614.295660246,0.0002506566614769485,0.0002306041285587926,0.92,2.005253291815588e-05,21963382.14668155,1757070.571734524,2285995.499276589,132.578556509631,440.421443490369,572.9999999999999,0.0002306041285587926,-3.622321180838895
0.292,0.4031504000299401,0.3708983680275449,267.3474123926665,295151.5432815038,0.9599999999999999,0.0002519690000187126,0.0002318114800172156,0.92,2.015752000149701e-05,21963382.14668155,1757070.571734524,2285995.499276589,47.49503756346924,-3.641286213199308,133.2726850777443,442.7273149222557,0,0,528924.9275420654,1909859.317102744,0,0,575.9999999999999,0.292,528924.9275420654,1909859.317102744,0.9599999999999999,0.9599999999999999,575.9999999999999,47.49503756346924,0.4031504000299401,0.3708983680275449,267.3474123926665,295151.5432815038,0.0002519690000187126,0.0002318114800172156,0.92,2.015752000149701e-05,21963382.14668155,1757070.571734524,2285995.499276589,133.2726850777443,442.7273149222557,575.9999999999999,0.0002318114800172156,-3.641286213199308
0.293,0.4052501416967627,0.3728301303610217,268.7398468322116,296688.7909027617,0.9649999999999999,0.0002532813385604767,0.0002330188314756386,0.92,2.026250708483814e-05,21963382.14668155,1757070.571734524,2285995.499276589,47.74240755077898,-3.660251245559722,133.9668136458575,445.0331863541425,0,0,528924.9275420654,1909859.317102744,0,0,578.9999999999999,0.293,528924.9275420654,1909859.317102744,0.9649999999999999,0.9649999999999999,578.9999999999999,47.74240755077898,0.4052501416967627,0.3728301303610217,268.7398468322116,296688.7909027617,0.0002532813385604767,0.0002330188314756386,0.92,2.026250708483814e-05,21963382.14668155,1757070.571734524,2285995.499276589,133.9668136458575,445.0331863541425,578.9999999999999,0.0002330188314756386,-3.660251245559722
0.294,0.4073498833635853,0.3747618926944985,270.1322812717568,298226.0385240195,0.9699999999999999,0.0002545936771022409,0.0002342261829340616,0.92,2.036749416817927e-05,21963382.14668155,1757070.571734524,2285995.499276589,47.98977753808871,-3.679216277920135,134.6609422139707,447.3390577860292,0,0,528924.9275420654,1909859.317102744,0,0,581.9999999999999,0.294,528924.9275420654,1909859.317102744,0.9699999999999999,0.9699999999999999,581.9999999999999,47.98977753808871,0.4073498833635853,0.3747618926944985,270.1322812717568,298226.0385240195,0.0002545936771022409,0.0002342261829340616,0.92,2.036749416817927e-05,21963382.14668155,1757070.571734524,2285995.499276589,134.6609422139707,447.3390577860292,581.9999999999999,0.0002342261829340616,-3.679216277920135
0.295,0.4094496250304079,0.3766936550279753,271.5247157113019,299763.2861452773,0.9749999999999999,0.000255906015644005,0.0002354335343924846,0.92,2.04724812515204e-05,21963382.14668155,1757070.571734524,2285995.499276589,48.23714752539845,-3.698181310280547,135.355070782084,449.644929217916,0,0,528924.9275420654,1909859.317102744,0,0,584.9999999999999,0.295,528924.9275420654,1909859.317102744,0.9749999999999999,0.9749999999999999,584.9999999999999,48.23714752539845,0.4094496250304079,0.3766936550279753,271.5247157113019,299763.2861452773,0.000255906015644005,0.0002354335343924846,0.92,2.04724812515204e-05,21963382.14668155,1757070.571734524,2285995.499276589,135.355070782084,449.644929217916,584.9999999999999,0.0002354335343924846,-3.698181310280547
0.296,0.4115493666972305,0.3786254173614521,272.917150150847,301300.5337665352,0.9799999999999999,0.0002572183541857691,0.0002366408858509076,0.92,2.057746833486153e-05,21963382.14668155,1757070.571734524,2285995.499276589,48.48451751270818,-3.717146342640961,136.0491993501972,451.9508006498028,0,0,528924.9275420654,1909859.317102744,0,0,587.9999999999999,0.296,528924.9275420654,1909859.317102744,0.9799999999999999,0.9799999999999999,587.9999999999999,48.48451751270818,0.4115493666972305,0.3786254173614521,272.917150150847,301300.5337665352,0.0002572183541857691,0.0002366408858509076,0.92,2.057746833486153e-05,21963382.14668155,1757070.571734524,2285995.499276589,136.0491993501972,451.9508006498028,587.9999999999999,0.0002366408858509076,-3.717146342640961
0.297,0.4136491083640532,0.380557179694929,274.3095845903923,302837.781387793,0.9849999999999999,0.0002585306927275333,0.0002378482373093306,0.92,2.068245541820266e-05,21963382.14668155,1757070.571734524,2285995.499276589,48.73188750001793,-3.736111375001375,136.7433279183105,454.2566720816895,0,0,528924.9275420654,1909859.317102744,0,0,590.9999999999999,0.297,528924.9275420654,1909859.317102744,0.9849999999999999,0.9849999999999999,590.9999999999999,48.73188750001793,0.4136491083640532,0.380557179694929,274.3095845903923,302837.781387793,0.0002585306927275333,0.0002378482373093306,0.92,2.068245541820266e-05,21963382.14668155,1757070.571734524,2285995.499276589,136.7433279183105,454.2566720816895,590.9999999999999,0.0002378482373093306,-3.736111375001375
0.298,0.4157488500308758,0.3824889420284057,275.7020190299373,304375.0290090508,0.9899999999999999,0.0002598430312692974,0.0002390555887677536,0.92,2.07874425015438e-05,21963382.14668155,1757070.571734524,2285995.499276589,48.97925748732766,-3.755076407361787,137.4374564864238,456.5625435135762,0,0,528924.9275420654,1909859.317102744,0,0,593.9999999999999,0.298,528924.9275420654,1909859.317102744,0.9899999999999999,0.9899999999999999,593.9999999999999,48.97925748732766,0.4157488500308758,0.3824889420284057,275.7020190299373,304375.0290090508,0.0002598430312692974,0.0002390555887677536,0.92,2.07874425015438e-05,21963382.14668155,1757070.571734524,2285995.499276589,137.4374564864238,456.5625435135762,593.9999999999999,0.0002390555887677536,-3.755076407361787
0.299,0.4178485916976984,0.3844207043618825,277.0944534694825,305912.2766303087,0.9949999999999999,0.0002611553698110616,0.0002402629402261766,0.92,2.089242958488492e-05,21963382.14668155,1757070.571734524,2285995.499276589,49.22662747463739,-3.7740414397222,138.131585054537,458.868414945463,0,0,528924.9275420654,1909859.317102744,0,0,596.9999999999999,0.299,528924.9275420654,1909859.317102744,0.9949999999999999,0.9949999999999999,596.9999999999999,49.22662747463739,0.4178485916976984,0.3844207043618825,277.0944534694825,305912.2766303087,0.0002611553698110616,0.0002402629402261766,0.92,2.089242958488492e-05,21963382.14668155,1757070.571734524,2285995.499276589,138.131585054537,458.868414945463,596.9999999999999,0.0002402629402261766,-3.7740414397222
0.3,0.419948333364521,0.3863524666953593,278.4868879090276,307449.5242515665,0.9999999999999999,0.0002624677083528257,0.0002414702916845996,0.92,2.099741666822605e-05,21963382.14668155,1757070.571734524,2285995.499276589,49.47399746194713,-3.793006472082613,138.8257136226503,461.1742863773497,0,0,528924.9275420654,1909859.317102744,0,0,599.9999999999999,0.3,528924.9275420654,1909859.317102744,0.9999999999999999,0.9999999999999999,599.9999999999999,49.47399746194713,0.419948333364521,0.3863524666953593,278.4868879090276,307449.5242515665,0.0002624677083528257,0.0002414702916845996,0.92,2.099741666822605e-05,21963382.14668155,1757070.571734524,2285995.499276589,138.8257136226503,461.1742863773497,599.9999999999999,0.0002414702916845996,-3.793006472082613
0.301,0.4220480750313436,0.3882842290288361,279.8793223485728,308986.7718728243,1.005,0.0002637800468945898,0.0002426776431430226,0.92,2.110240375156719e-05,21963382.14668155,1757070.571734524,2285995.499276589,49.72136744925687,-3.811971504443026,139.5198421907635,463.4801578092365,0,0,528924.9275420654,1909859.317102744,0,0,602.9999999999999,0.301,528924.9275420654,1909859.317102744,1.005,1.005,602.9999999999999,49.72136744925687,0.4220480750313436,0.3882842290288361,279.8793223485728,308986.7718728243,0.0002637800468945898,0.0002426776431430226,0.92,2.110240375156719e-05,21963382.14668155,1757070.571734524,2285995.499276589,139.5198421907635,463.4801578092365,602.9999999999999,0.0002426776431430226,-3.811971504443026
0.302,0.4241478166981662,0.3902159913623129,281.2717567881179,310524.0194940822,1.01,0.0002650923854363539,0.0002438849946014456,0.92,2.120739083490831e-05,21963382.14668155,1757070.571734524,2285995.499276589,49.9687374365666,-3.83093653680344,140.2139707588768,465.7860292411233,0,0,528924.9275420654,1909859.317102744,0,0,605.9999999999999,0.302,528924.9275420654,1909859.317102744,1.01,1.01,605.9999999999999,49.9687374365666,0.4241478166981662,0.3902159913623129,281.2717567881179,310524.0194940822,0.0002650923854363539,0.0002438849946014456,0.92,2.120739083490831e-05,21963382.14668155,1757070.571734524,2285995.499276589,140.2139707588768,465.7860292411233,605.9999999999999,0.0002438849946014456,-3.83093653680344
0.303,0.4262475583649888,0.3921477536957897,282.664191227663,312061.26711534,1.015,0.000266404723978118,0.0002450923460598686,0.92,2.131237791824944e-05,21963382.14668155,1757070.571734524,2285995.499276589,50.21610742387634,-3.849901569163853,140.90809932699,468.09190067301,0,0,528924.9275420654,1909859.317102744,0,0,608.9999999999999,0.303,528924.9275420654,1909859.317102744,1.015,1.015,608.9999999999999,50.21610742387634,0.4262475583649888,0.3921477536957897,282.664191227663,312061.26711534,0.000266404723978118,0.0002450923460598686,0.92,2.131237791824944e-05,21963382.14668155,1757070.571734524,2285995.499276589,140.90809932699,468.09190067301,608.9999999999999,0.0002450923460598686,-3.849901569163853
0.304,0.4283473000318114,0.3940795160292665,284.0566256672082,313598.5147365978,1.02,0.0002677170625198822,0.0002462996975182916,0.92,2.141736500159058e-05,21963382.14668155,1757070.571734524,2285995.499276589,50.46347741118608,-3.868866601524266,141.6022278951033,470.3977721048968,0,0,528924.9275420654,1909859.317102744,0,0,611.9999999999999,0.304,528924.9275420654,1909859.317102744,1.02,1.02,611.9999999999999,50.46347741118608,0.4283473000318114,0.3940795160292665,284.0566256672082,313598.5147365978,0.0002677170625198822,0.0002462996975182916,0.92,2.141736500159058e-05,21963382.14668155,1757070.571734524,2285995.499276589,141.6022278951033,470.3977721048968,611.9999999999999,0.0002462996975182916,-3.868866601524266
0.305,0.4304470416986341,0.3960112783627434,285.4490601067533,315135.7623578557,1.025,0.0002690294010616464,0.0002475070489767147,0.92,2.152235208493171e-05,21963382.14668155,1757070.571734524,2285995.499276589,50.71084739849582,-3.887831633884679,142.2963564632165,472.7036435367836,0,0,528924.9275420654,1909859.317102744,0,0,615,0.305,528924.9275420654,1909859.317102744,1.025,1.025,615,50.71084739849582,0.4304470416986341,0.3960112783627434,285.4490601067533,315135.7623578557,0.0002690294010616464,0.0002475070489767147,0.92,2.152235208493171e-05,21963382.14668155,1757070.571734524,2285995.499276589,142.2963564632165,472.7036435367836,615,0.0002475070489767147,-3.887831633884679
0.306,0.4325467833654566,0.3979430406962201,286.8414945462985,316673.0099791135,1.03,0.0002703417396034104,0.0002487144004351376,0.92,2.162733916827283e-05,21963382.14668155,1757070.571734524,2285995.499276589,50.95821738580555,-3.906796666245091,142.9904850313298,475.0095149686703,0,0,528924.9275420654,1909859.317102744,0,0,617.9999999999999,0.306,528924.9275420654,1909859.317102744,1.03,1.03,617.9999999999999,50.95821738580555,0.4325467833654566,0.3979430406962201,286.8414945462985,316673.0099791135,0.0002703417396034104,0.0002487144004351376,0.92,2.162733916827283e-05,21963382.14668155,1757070.571734524,2285995.499276589,142.9904850313298,475.0095149686703,617.9999999999999,0.0002487144004351376,-3.906796666245091
0.307,0.4346465250322793,0.399874803029697,288.2339289858436,318210.2576003714,1.035,0.0002716540781451746,0.0002499217518935607,0.9200000000000002,2.173232625161397e-05,21963382.14668155,1757070.571734524,2285995.499276589,51.20558737311529,-3.925761698605506,143.6846135994431,477.3153864005571,0,0,528924.9275420654,1909859.317102744,0,0,621,0.307,528924.9275420654,1909859.317102744,1.035,1.035,621,51.20558737311529,0.4346465250322793,0.399874803029697,288.2339289858436,318210.2576003714,0.0002716540781451746,0.0002499217518935607,0.9200000000000002,2.173232625161397e-05,21963382.14668155,1757070.571734524,2285995.499276589,143.6846135994431,477.3153864005571,621,0.0002499217518935607,-3.925761698605506
0.308,0.4367462666991018,0.4018065653631737,289.6263634253887,319747.5052216292,1.04,0.0002729664166869387,0.0002511291033519836,0.92,2.183731333495509e-05,21963382.14668155,1757070.571734524,2285995.499276589,51.45295736042501,-3.944726730965918,144.3787421675563,479.6212578324437,0,0,528924.9275420654,1909859.317102744,0,0,623.9999999999999,0.308,528924.9275420654,1909859.317102744,1.04,1.04,623.9999999999999,51.45295736042501,0.4367462666991018,0.4018065653631737,289.6263634253887,319747.5052216292,0.0002729664166869387,0.0002511291033519836,0.92,2.183731333495509e-05,21963382.14668155,1757070.571734524,2285995.499276589,144.3787421675563,479.6212578324437,623.9999999999999,0.0002511291033519836,-3.944726730965918
0.309,0.4388460083659245,0.4037383276966506,291.0187978649339,321284.7528428871,1.045,0.0002742787552287029,0.0002523364548104067,0.9200000000000002,2.194230041829623e-05,21963382.14668155,1757070.571734524,2285995.499276589,51.70032734773476,-3.963691763326332,145.0728707356695,481.9271292643306,0,0,528924.9275420654,1909859.317102744,0,0,627,0.309,528924.9275420654,1909859.317102744,1.045,1.045,627,51.70032734773476,0.4388460083659245,0.4037383276966506,291.0187978649339,321284.7528428871,0.0002742787552287029,0.0002523364548104067,0.9200000000000002,2.194230041829623e-05,21963382.14668155,1757070.571734524,2285995.499276589,145.0728707356695,481.9271292643306,627,0.0002523364548104067,-3.963691763326332
0.31,0.4409457500327471,0.4056700900301274,292.411232304479,322822.0004641449,1.05,0.000275591093770467,0.0002535438062688296,0.9200000000000002,2.204728750163736e-05,21963382.14668155,1757070.571734524,2285995.499276589,51.94769733504449,-3.982656795686744,145.7669993037828,484.2330006962174,0,0,528924.9275420654,1909859.317102744,0,0,629.9999999999999,0.31,528924.9275420654,1909859.317102744,1.05,1.05,629.9999999999999,51.94769733504449,0.4409457500327471,0.4056700900301274,292.411232304479,322822.0004641449,0.000275591093770467,0.0002535438062688296,0.9200000000000002,2.204728750163736e-05,21963382.14668155,1757070.571734524,2285995.499276589,145.7669993037828,484.2330006962174,629.9999999999999,0.0002535438062688296,-3.982656795686744
0.311,0.4430454916995697,0.4076018523636041,293.8036667440242,324359.2480854027,1.055,0.0002769034323122312,0.0002547511577272526,0.9199999999999999,2.215227458497849e-05,21963382.14668155,1757070.571734524,2285995.499276589,52.19506732235424,-4.001621828047158,146.4611278718961,486.5388721281041,0,0,528924.9275420654,1909859.317102744,0,0,633,0.311,528924.9275420654,1909859.317102744,1.055,1.055,633,52.19506732235424,0.4430454916995697,0.4076018523636041,293.8036667440242,324359.2480854027,0.0002769034323122312,0.0002547511577272526,0.9199999999999999,2.215227458497849e-05,21963382.14668155,1757070.571734524,2285995.499276589,146.4611278718961,486.5388721281041,633,0.0002547511577272526,-4.001621828047158
0.312,0.4451452333663923,0.4095336146970809,295.1961011835693,325896.4957066606,1.06,0.0002782157708539952,0.0002559585091856756,0.9200000000000002,2.225726166831962e-05,21963382.14668155,1757070.571734524,2285995.499276589,52.44243730966395,-4.020586860407572,147.1552564400093,488.8447435599908,0,0,528924.9275420654,1909859.317102744,0,0,635.9999999999999,0.312,528924.9275420654,1909859.317102744,1.06,1.06,635.9999999999999,52.44243730966395,0.4451452333663923,0.4095336146970809,295.1961011835693,325896.4957066606,0.0002782157708539952,0.0002559585091856756,0.9200000000000002,2.225726166831962e-05,21963382.14668155,1757070.571734524,2285995.499276589,147.1552564400093,488.8447435599908,635.9999999999999,0.0002559585091856756,-4.020586860407572
0.313,0.447244975033215,0.4114653770305577,296.5885356231145,327433.7433279184,1.065,0.0002795281093957594,0.0002571658606440986,0.9199999999999999,2.236224875166075e-05,21963382.14668155,1757070.571734524,2285995.499276589,52.6898072969737,-4.039551892767983,147.8493850081226,491.1506149918776,0,0,528924.9275420654,1909859.317102744,0,0,639,0.313,528924.9275420654,1909859.317102744,1.065,1.065,639,52.6898072969737,0.447244975033215,0.4114653770305577,296.5885356231145,327433.7433279184,0.0002795281093957594,0.0002571658606440986,0.9199999999999999,2.236224875166075e-05,21963382.14668155,1757070.571734524,2285995.499276589,147.8493850081226,491.1506149918776,639,0.0002571658606440986,-4.039551892767983
0.314,0.4493447167000374,0.4133971393640344,297.9809700626595,328970.9909491761,1.07,0.0002808404479375235,0.0002583732121025216,0.9199999999999999,2.246723583500188e-05,21963382.14668155,1757070.571734524,2285995.499276589,52.93717728428343,-4.058516925128396,148.5435135762358,493.4564864237642,0,0,528924.9275420654,1909859.317102744,0,0,641.9999999999999,0.314,528924.9275420654,1909859.317102744,1.07,1.07,641.9999999999999,52.93717728428343,0.4493447167000374,0.4133971393640344,297.9809700626595,328970.9909491761,0.0002808404479375235,0.0002583732121025216,0.9199999999999999,2.246723583500188e-05,21963382.14668155,1757070.571734524,2285995.499276589,148.5435135762358,493.4564864237642,641.9999999999999,0.0002583732121025216,-4.058516925128396
0.315,0.4514444583668601,0.4153289016975114,299.3734045022047,330508.238570434,1.075,0.0002821527864792877,0.0002595805635609446,0.9199999999999999,2.257222291834301e-05,21963382.14668155,1757070.571734524,2285995.499276589,53.18454727159318,-4.07748195748881,149.2376421443491,495.7623578556511,0,0,528924.9275420654,1909859.317102744,0,0,645,0.315,528924.9275420654,1909859.317102744,1.075,1.075,645,53.18454727159318,0.4514444583668601,0.4153289016975114,299.3734045022047,330508.238570434,0.0002821527864792877,0.0002595805635609446,0.9199999999999999,2.257222291834301e-05,21963382.14668155,1757070.571734524,2285995.499276589,149.2376421443491,495.7623578556511,645,0.0002595805635609446,-4.07748195748881
0.316,0.4535442000336827,0.417260664030988,300.7658389417498,332045.4861916918,1.08,0.0002834651250210517,0.0002607879150193676,0.9199999999999999,2.267721000168414e-05,21963382.14668155,1757070.571734524,2285995.499276589,53.43191725890289,-4.096446989849222,149.9317707124623,498.0682292875377,0,0,528924.9275420654,1909859.317102744,0,0,647.9999999999999,0.316,528924.9275420654,1909859.317102744,1.08,1.08,647.9999999999999,53.43191725890289,0.4535442000336827,0.417260664030988,300.7658389417498,332045.4861916918,0.0002834651250210517,0.0002607879150193676,0.9199999999999999,2.267721000168414e-05,21963382.14668155,1757070.571734524,2285995.499276589,149.9317707124623,498.0682292875377,647.9999999999999,0.0002607879150193676,-4.096446989849222
0.317,0.4556439417005054,0.4191924263644649,302.158273381295,333582.7338129497,1.085,0.0002847774635628159,0.0002619952664777906,0.92,2.278219708502527e-05,21963382.14668155,1757070.571734524,2285995.499276589,53.67928724621265,-4.115412022209637,150.6258992805756,500.3741007194245,0,0,528924.9275420654,1909859.317102744,0,0,651,0.317,528924.9275420654,1909859.317102744,1.085,1.085,651,53.67928724621265,0.4556439417005054,0.4191924263644649,302.158273381295,333582.7338129497,0.0002847774635628159,0.0002619952664777906,0.92,2.278219708502527e-05,21963382.14668155,1757070.571734524,2285995.499276589,150.6258992805756,500.3741007194245,651,0.0002619952664777906,-4.115412022209637
0.318,0.4577436833673278,0.4211241886979416,303.5507078208401,335119.9814342075,1.09,0.00028608980210458,0.0002632026179362136,0.92,2.28871841683664e-05,21963382.14668155,1757070.571734524,2285995.499276589,53.92665723352237,-4.134377054570048,151.3200278486888,502.6799721513112,0,0,528924.9275420654,1909859.317102744,0,0,653.9999999999999,0.318,528924.9275420654,1909859.317102744,1.09,1.09,653.9999999999999,53.92665723352237,0.4577436833673278,0.4211241886979416,303.5507078208401,335119.9814342075,0.00028608980210458,0.0002632026179362136,0.92,2.28871841683664e-05,21963382.14668155,1757070.571734524,2285995.499276589,151.3200278486888,502.6799721513112,653.9999999999999,0.0002632026179362136,-4.134377054570048
0.319,0.4598434250341505,0.4230559510314185,304.9431422603853,336657.2290554654,1.095,0.0002874021406463442,0.0002644099693946366,0.92,2.299217125170753e-05,21963382.14668155,1757070.571734524,2285995.499276589,54.17402722083212,-4.153342086930461,152.0141564168021,504.9858435831981,0,0,528924.9275420654,1909859.317102744,0,0,657,0.319,528924.9275420654,1909859.317102744,1.095,1.095,657,54.17402722083212,0.4598434250341505,0.4230559510314185,304.9431422603853,336657.2290554654,0.0002874021406463442,0.0002644099693946366,0.92,2.299217125170753e-05,21963382.14668155,1757070.571734524,2285995.499276589,152.0141564168021,504.9858435831981,657,0.0002644099693946366,-4.153342086930461
0.32,0.4619431667009731,0.4249877133648952,306.3355766999304,338194.4766767231,1.1,0.0002887144791881082,0.0002656173208530596,0.92,2.309715833504866e-05,21963382.14668155,1757070.571734524,2285995.499276589,54.42139720814184,-4.172307119290875,152.7082849849153,507.2917150150847,0,0,528924.9275420654,1909859.317102744,0,0,659.9999999999999,0.32,528924.9275420654,1909859.317102744,1.1,1.1,659.9999999999999,54.42139720814184,0.4619431667009731,0.4249877133648952,306.3355766999304,338194.4766767231,0.0002887144791881082,0.0002656173208530596,0.92,2.309715833504866e-05,21963382.14668155,1757070.571734524,2285995.499276589,152.7082849849153,507.2917150150847,659.9999999999999,0.0002656173208530596,-4.172307119290875
0.321,0.4640429083677958,0.4269194756983721,307.7280111394756,339731.724297981,1.105,0.0002900268177298724,0.0002668246723114826,0.92,2.320214541838979e-05,21963382.14668155,1757070.571734524,2285995.499276589,54.66876719545159,-4.191272151651289,153.4024135530286,509.5975864469715,0,0,528924.9275420654,1909859.317102744,0,0,663,0.321,528924.9275420654,1909859.317102744,1.105,1.105,663,54.66876719545159,0.4640429083677958,0.4269194756983721,307.7280111394756,339731.724297981,0.0002900268177298724,0.0002668246723114826,0.92,2.320214541838979e-05,21963382.14668155,1757070.571734524,2285995.499276589,153.4024135530286,509.5975864469715,663,0.0002668246723114826,-4.191272151651289
0.322,0.4661426500346182,0.4288512380318488,309.1204455790206,341268.9719192388,1.11,0.0002913391562716365,0.0002680320237699056,0.92,2.330713250173092e-05,21963382.14668155,1757070.571734524,2285995.499276589,54.9161371827613,-4.2102371840117,154.0965421211418,511.9034578788582,0,0,528924.9275420654,1909859.317102744,0,0,665.9999999999999,0.322,528924.9275420654,1909859.317102744,1.11,1.11,665.9999999999999,54.9161371827613,0.4661426500346182,0.4288512380318488,309.1204455790206,341268.9719192388,0.0002913391562716365,0.0002680320237699056,0.92,2.330713250173092e-05,21963382.14668155,1757070.571734524,2285995.499276589,154.0965421211418,511.9034578788582,665.9999999999999,0.0002680320237699056,-4.2102371840117
0.323,0.4682423917014409,0.4307830003653257,310.5128800185658,342806.2195404967,1.115,0.0002926514948134006,0.0002692393752283286,0.92,2.341211958507205e-05,21963382.14668155,1757070.571734524,2285995.499276589,55.16350717007106,-4.229202216372115,154.7906706892551,514.209329310745,0,0,528924.9275420654,1909859.317102744,0,0,669,0.323,528924.9275420654,1909859.317102744,1.115,1.115,669,55.16350717007106,0.4682423917014409,0.4307830003653257,310.5128800185658,342806.2195404967,0.0002926514948134006,0.0002692393752283286,0.92,2.341211958507205e-05,21963382.14668155,1757070.571734524,2285995.499276589,154.7906706892551,514.209329310745,669,0.0002692393752283286,-4.229202216372115
0.324,0.4703421333682635,0.4327147626988025,311.9053144581109,344343.4671617546,1.12,0.0002939638333551648,0.0002704467266867516,0.92,2.351710666841318e-05,21963382.14668155,1757070.571734524,2285995.499276589,55.41087715738079,-4.248167248732527,155.4847992573683,516.5152007426318,0,0,528924.9275420654,1909859.317102744,0,0,671.9999999999999,0.324,528924.9275420654,1909859.317102744,1.12,1.12,671.9999999999999,55.41087715738079,0.4703421333682635,0.4327147626988025,311.9053144581109,344343.4671617546,0.0002939638333551648,0.0002704467266867516,0.92,2.351710666841318e-05,21963382.14668155,1757070.571734524,2285995.499276589,155.4847992573683,516.5152007426318,671.9999999999999,0.0002704467266867516,-4.248167248732527
0.325,0.4724418750350862,0.4346465250322794,313.2977488976562,345880.7147830124,1.125,0.000295276171896929,0.0002716540781451747,0.92,2.362209375175432e-05,21963382.14668155,1757070.571734524,2285995.499276589,55.65824714469053,-4.267132281092941,156.1789278254816,518.8210721745186,0,0,528924.9275420654,1909859.317102744,0,0,675,0.325,528924.9275420654,1909859.317102744,1.125,1.125,675,55.65824714469053,0.4724418750350862,0.4346465250322794,313.2977488976562,345880.7147830124,0.000295276171896929,0.0002716540781451747,0.92,2.362209375175432e-05,21963382.14668155,1757070.571734524,2285995.499276589,156.1789278254816,518.8210721745186,675,0.0002716540781451747,-4.267132281092941
0.326,0.4745416167019088,0.436578287365756,314.6901833372012,347417.9624042701,1.13,0.000296588510438693,0.0002728614296035976,0.92,2.372708083509544e-05,21963382.14668155,1757070.571734524,2285995.499276589,55.90561713200026,-4.286097313453354,156.8730563935948,521.1269436064052,0,0,528924.9275420654,1909859.317102744,0,0,677.9999999999999,0.326,528924.9275420654,1909859.317102744,1.13,1.13,677.9999999999999,55.90561713200026,0.4745416167019088,0.436578287365756,314.6901833372012,347417.9624042701,0.000296588510438693,0.0002728614296035976,0.92,2.372708083509544e-05,21963382.14668155,1757070.571734524,2285995.499276589,156.8730563935948,521.1269436064052,677.9999999999999,0.0002728614296035976,-4.286097313453354
0.327,0.4766413583687314,0.438510049699233,316.0826177767464,348955.2100255281,1.135,0.0002979008489804572,0.0002740687810620206,0.92,2.383206791843658e-05,21963382.14668155,1757070.571734524,2285995.499276589,56.15298711931,-4.305062345813767,157.5671849617081,523.4328150382921,0,0,528924.9275420654,1909859.317102744,0,0,681,0.327,528924.9275420654,1909859.317102744,1.135,1.135,681,56.15298711931,0.4766413583687314,0.438510049699233,316.0826177767464,348955.2100255281,0.0002979008489804572,0.0002740687810620206,0.92,2.383206791843658e-05,21963382.14668155,1757070.571734524,2285995.499276589,157.5671849617081,523.4328150382921,681,0.0002740687810620206,-4.305062345813767
0.328,0.4787411000355539,0.4404418120327097,317.4750522162915,350492.4576467858,1.14,0.0002992131875222213,0.0002752761325204436,0.92,2.39370550017777e-05,21963382.14668155,1757070.571734524,2285995.499276589,56.40035710661973,-4.324027378174179,158.2613135298213,525.7386864701788,0,0,528924.9275420654,1909859.317102744,0,0,683.9999999999999,0.328,528924.9275420654,1909859.317102744,1.14,1.14,683.9999999999999,56.40035710661973,0.4787411000355539,0.4404418120327097,317.4750522162915,350492.4576467858,0.0002992131875222213,0.0002752761325204436,0.92,2.39370550017777e-05,21963382.14668155,1757070.571734524,2285995.499276589,158.2613135298213,525.7386864701788,683.9999999999999,0.0002752761325204436,-4.324027378174179
0.329,0.4808408417023766,0.4423735743661865,318.8674866558367,352029.7052680437,1.145,0.0003005255260639855,0.0002764834839788666,0.92,2.404204208511883e-05,21963382.14668155,1757070.571734524,2285995.499276589,56.64772709392948,-4.342992410534594,158.9554420979346,528.0445579020657,0,0,528924.9275420654,1909859.317102744,0,0,687,0.329,528924.9275420654,1909859.317102744,1.145,1.145,687,56.64772709392948,0.4808408417023766,0.4423735743661865,318.8674866558367,352029.7052680437,0.0003005255260639855,0.0002764834839788666,0.92,2.404204208511883e-05,21963382.14668155,1757070.571734524,2285995.499276589,158.9554420979346,528.0445579020657,687,0.0002764834839788666,-4.342992410534594
0.33,0.4829405833691992,0.4443053366996633,320.2599210953818,353566.9528893016,1.15,0.0003018378646057496,0.0002776908354372896,0.9200000000000002,2.414702916845997e-05,21963382.14668155,1757070.571734524,2285995.499276589,56.89509708123921,-4.361957442895007,159.6495706660478,530.3504293339524,0,0,528924.9275420654,1909859.317102744,0,0,690,0.33,528924.9275420654,1909859.317102744,1.15,1.15,690,56.89509708123921,0.4829405833691992,0.4443053366996633,320.2599210953818,353566.9528893016,0.0003018378646057496,0.0002776908354372896,0.9200000000000002,2.414702916845997e-05,21963382.14668155,1757070.571734524,2285995.499276589,159.6495706660478,530.3504293339524,690,0.0002776908354372896,-4.361957442895007
0.331,0.4850403250360218,0.4462370990331401,321.652355534927,355104.2005105594,1.155,0.0003031502031475137,0.0002788981868957126,0.9200000000000002,2.42520162518011e-05,21963382.14668155,1757070.571734524,2285995.499276589,57.14246706854895,-4.38092247525542,160.3436992341611,532.6563007658392,0,0,528924.9275420654,1909859.317102744,0,0,693,0.331,528924.9275420654,1909859.317102744,1.155,1.155,693,57.14246706854895,0.4850403250360218,0.4462370990331401,321.652355534927,355104.2005105594,0.0003031502031475137,0.0002788981868957126,0.9200000000000002,2.42520162518011e-05,21963382.14668155,1757070.571734524,2285995.499276589,160.3436992341611,532.6563007658392,693,0.0002788981868957126,-4.38092247525542
0.332,0.4871400667028444,0.4481688613666169,323.0447899744721,356641.4481318172,1.16,0.0003044625416892778,0.0002801055383541356,0.9200000000000002,2.435700333514223e-05,21963382.14668155,1757070.571734524,2285995.499276589,57.38983705585868,-4.399887507615833,161.0378278022743,534.9621721977259,0,0,528924.9275420654,1909859.317102744,0,0,696,0.332,528924.9275420654,1909859.317102744,1.16,1.16,696,57.38983705585868,0.4871400667028444,0.4481688613666169,323.0447899744721,356641.4481318172,0.0003044625416892778,0.0002801055383541356,0.9200000000000002,2.435700333514223e-05,21963382.14668155,1757070.571734524,2285995.499276589,161.0378278022743,534.9621721977259,696,0.0002801055383541356,-4.399887507615833
0.333,0.489239808369667,0.4501006237000937,324.4372244140172,358178.6957530751,1.165,0.0003057748802310419,0.0002813128898125586,0.9200000000000002,2.446199041848336e-05,21963382.14668155,1757070.571734524,2285995.499276589,57.63720704316842,-4.418852539976245,161.7319563703876,537.2680436296126,0,0,528924.9275420654,1909859.317102744,0,0,699,0.333,528924.9275420654,1909859.317102744,1.165,1.165,699,57.63720704316842,0.489239808369667,0.4501006237000937,324.4372244140172,358178.6957530751,0.0003057748802310419,0.0002813128898125586,0.9200000000000002,2.446199041848336e-05,21963382.14668155,1757070.571734524,2285995.499276589,161.7319563703876,537.2680436296126,699,0.0002813128898125586,-4.418852539976245
0.334,0.4913395500364896,0.4520323860335705,325.8296588535624,359715.9433743329,1.17,0.0003070872187728061,0.0002825202412709816,0.9200000000000002,2.456697750182449e-05,21963382.14668155,1757070.571734524,2285995.499276589,57.88457703047816,-4.437817572336659,162.4260849385008,539.5739150614993,0,0,528924.9275420654,1909859.317102744,0,0,702,0.334,528924.9275420654,1909859.317102744,1.17,1.17,702,57.88457703047816,0.4913395500364896,0.4520323860335705,325.8296588535624,359715.9433743329,0.0003070872187728061,0.0002825202412709816,0.9200000000000002,2.456697750182449e-05,21963382.14668155,1757070.571734524,2285995.499276589,162.4260849385008,539.5739150614993,702,0.0002825202412709816,-4.437817572336659
0.335,0.4934392917033122,0.4539641483670472,327.2220932931075,361253.1909955906,1.175,0.0003083995573145702,0.0002837275927294046,0.9199999999999999,2.467196458516562e-05,21963382.14668155,1757070.571734524,2285995.499276589,58.13194701778789,-4.456782604697071,163.1202135066141,541.879786493386,0,0,528924.9275420654,1909859.317102744,0,0,705,0.335,528924.9275420654,1909859.317102744,1.175,1.175,705,58.13194701778789,0.4934392917033122,0.4539641483670472,327.2220932931075,361253.1909955906,0.0003083995573145702,0.0002837275927294046,0.9199999999999999,2.467196458516562e-05,21963382.14668155,1757070.571734524,2285995.499276589,163.1202135066141,541.879786493386,705,0.0002837275927294046,-4.456782604697071
0.336,0.4955390333701348,0.455895910700524,328.6145277326526,362790.4386168485,1.18,0.0003097118958563343,0.0002849349441878276,0.9199999999999999,2.477695166850675e-05,21963382.14668155,1757070.571734524,2285995.499276589,58.37931700509762,-4.475747637057483,163.8143420747273,544.1856579252727,0,0,528924.9275420654,1909859.317102744,0,0,708,0.336,528924.9275420654,1909859.317102744,1.18,1.18,708,58.37931700509762,0.4955390333701348,0.455895910700524,328.6145277326526,362790.4386168485,0.0003097118958563343,0.0002849349441878276,0.9199999999999999,2.477695166850675e-05,21963382.14668155,1757070.571734524,2285995.499276589,163.8143420747273,544.1856579252727,708,0.0002849349441878276,-4.475747637057483
0.337,0.4976387750369574,0.4578276730340008,330.0069621721977,364327.6862381063,1.185,0.0003110242343980984,0.0002861422956462506,0.9199999999999999,2.488193875184788e-05,21963382.14668155,1757070.571734524,2285995.499276589,58.62668699240735,-4.494712669417897,164.5084706428406,546.4915293571594,0,0,528924.9275420654,1909859.317102744,0,0,711,0.337,528924.9275420654,1909859.317102744,1.185,1.185,711,58.62668699240735,0.4976387750369574,0.4578276730340008,330.0069621721977,364327.6862381063,0.0003110242343980984,0.0002861422956462506,0.9199999999999999,2.488193875184788e-05,21963382.14668155,1757070.571734524,2285995.499276589,164.5084706428406,546.4915293571594,711,0.0002861422956462506,-4.494712669417897
0.338,0.49973851670378,0.4597594353674776,331.3993966117429,365864.9338593641,1.19,0.0003123365729398626,0.0002873496471046736,0.9199999999999999,2.498692583518901e-05,21963382.14668155,1757070.571734524,2285995.499276589,58.8740569797171,-4.513677701778311,165.2025992109538,548.7974007890462,0,0,528924.9275420654,1909859.317102744,0,0,714,0.338,528924.9275420654,1909859.317102744,1.19,1.19,714,58.8740569797171,0.49973851670378,0.4597594353674776,331.3993966117429,365864.9338593641,0.0003123365729398626,0.0002873496471046736,0.9199999999999999,2.498692583518901e-05,21963382.14668155,1757070.571734524,2285995.499276589,165.2025992109538,548.7974007890462,714,0.0002873496471046736,-4.513677701778311
0.339,0.5018382583706027,0.4616911977009545,332.7918310512881,367402.1814806221,1.195,0.0003136489114816268,0.0002885569985630966,0.92,2.509191291853014e-05,21963382.14668155,1757070.571734524,2285995.499276589,59.12142696702683,-4.532642734138724,165.8967277790671,551.1032722209331,0,0,528924.9275420654,1909859.317102744,0,0,717,0.339,528924.9275420654,1909859.317102744,1.195,1.195,717,59.12142696702683,0.5018382583706027,0.4616911977009545,332.7918310512881,367402.1814806221,0.0003136489114816268,0.0002885569985630966,0.92,2.509191291853014e-05,21963382.14668155,1757070.571734524,2285995.499276589,165.8967277790671,551.1032722209331,717,0.0002885569985630966,-4.532642734138724
0.34,0.5039380000374253,0.4636229600344313,334.1842654908332,368939.4291018799,1.2,0.0003149612500233909,0.0002897643500215196,0.92,2.519690000187127e-05,21963382.14668155,1757070.571734524,2285995.499276589,59.36879695433657,-4.551607766499137,166.5908563471803,553.4091436528198,0,0,528924.9275420654,1909859.317102744,0,0,720,0.34,528924.9275420654,1909859.317102744,1.2,1.2,720,59.36879695433657,0.5039380000374253,0.4636229600344313,334.1842654908332,368939.4291018799,0.0003149612500233909,0.0002897643500215196,0.92,2.519690000187127e-05,21963382.14668155,1757070.571734524,2285995.499276589,166.5908563471803,553.4091436528198,720,0.0002897643500215196,-4.551607766499137
0.341,0.5060377417042479,0.4655547223679081,335.5766999303783,370476.6767231377,1.205,0.000316273588565155,0.0002909717014799426,0.92,2.53018870852124e-05,21963382.14668155,1757070.571734524,2285995.499276589,59.61616694164631,-4.57057279885955,167.2849849152936,555.7150150847066,0,0,528924.9275420654,1909859.317102744,0,0,723,0.341,528924.9275420654,1909859.317102744,1.205,1.205,723,59.61616694164631,0.5060377417042479,0.4655547223679081,335.5766999303783,370476.6767231377,0.000316273588565155,0.0002909717014799426,0.92,2.53018870852124e-05,21963382.14668155,1757070.571734524,2285995.499276589,167.2849849152936,555.7150150847066,723,0.0002909717014799426,-4.57057279885955
0.342,0.5081374833710705,0.4674864847013849,336.9691343699234,372013.9243443955,1.21,0.0003175859271069191,0.0002921790529383656,0.92,2.540687416855353e-05,21963382.14668155,1757070.571734524,2285995.499276589,59.86353692895604,-4.589537831219963,167.9791134834068,558.0208865165932,0,0,528924.9275420654,1909859.317102744,0,0,726,0.342,528924.9275420654,1909859.317102744,1.21,1.21,726,59.86353692895604,0.5081374833710705,0.4674864847013849,336.9691343699234,372013.9243443955,0.0003175859271069191,0.0002921790529383656,0.92,2.540687416855353e-05,21963382.14668155,1757070.571734524,2285995.499276589,167.9791134834068,558.0208865165932,726,0.0002921790529383656,-4.589537831219963
0.343,0.5102372250378931,0.4694182470348617,338.3615688094687,373551.1719656534,1.215,0.0003188982656486832,0.0002933864043967886,0.92,2.551186125189466e-05,21963382.14668155,1757070.571734524,2285995.499276589,60.11090691626577,-4.608502863580377,168.6732420515201,560.32675794848,0,0,528924.9275420654,1909859.317102744,0,0,729,0.343,528924.9275420654,1909859.317102744,1.215,1.215,729,60.11090691626577,0.5102372250378931,0.4694182470348617,338.3615688094687,373551.1719656534,0.0003188982656486832,0.0002933864043967886,0.92,2.551186125189466e-05,21963382.14668155,1757070.571734524,2285995.499276589,168.6732420515201,560.32675794848,729,0.0002933864043967886,-4.608502863580377
0.344,0.5123369667047156,0.4713500093683384,339.7540032490137,375088.4195869112,1.22,0.0003202106041904473,0.0002945937558552115,0.92,2.561684833523579e-05,21963382.14668155,1757070.571734524,2285995.499276589,60.3582769035755,-4.627467895940788,169.3673706196333,562.6326293803668,0,0,528924.9275420654,1909859.317102744,0,0,731.9999999999999,0.344,528924.9275420654,1909859.317102744,1.22,1.22,731.9999999999999,60.3582769035755,0.5123369667047156,0.4713500093683384,339.7540032490137,375088.4195869112,0.0003202106041904473,0.0002945937558552115,0.92,2.561684833523579e-05,21963382.14668155,1757070.571734524,2285995.499276589,169.3673706196333,562.6326293803668,731.9999999999999,0.0002945937558552115,-4.627467895940788
0.345,0.5144367083715382,0.4732817717018152,341.1464376885588,376625.667208169,1.225,0.0003215229427322114,0.0002958011073136345,0.92,2.572183541857692e-05,21963382.14668155,1757070.571734524,2285995.499276589,60.60564689088523,-4.646432928301201,170.0614991877466,564.9385008122536,0,0,528924.9275420654,1909859.317102744,0,0,734.9999999999999,0.345,528924.9275420654,1909859.317102744,1.225,1.225,734.9999999999999,60.60564689088523,0.5144367083715382,0.4732817717018152,341.1464376885588,376625.667208169,0.0003215229427322114,0.0002958011073136345,0.92,2.572183541857692e-05,21963382.14668155,1757070.571734524,2285995.499276589,170.0614991877466,564.9385008122536,734.9999999999999,0.0002958011073136345,-4.646432928301201
0.346,0.5165364500383608,0.475213534035292,342.5388721281039,378162.9148294268,1.23,0.0003228352812739756,0.0002970084587720575,0.92,2.582682250191804e-05,21963382.14668155,1757070.571734524,2285995.499276589,60.85301687819497,-4.665397960661615,170.7556277558598,567.2443722441402,0,0,528924.9275420654,1909859.317102744,0,0,737.9999999999999,0.346,528924.9275420654,1909859.317102744,1.23,1.23,737.9999999999999,60.85301687819497,0.5165364500383608,0.475213534035292,342.5388721281039,378162.9148294268,0.0003228352812739756,0.0002970084587720575,0.92,2.582682250191804e-05,21963382.14668155,1757070.571734524,2285995.499276589,170.7556277558598,567.2443722441402,737.9999999999999,0.0002970084587720575,-4.665397960661615
0.347,0.5186361917051834,0.4771452963687687,343.9313065676491,379700.1624506846,1.235,0.0003241476198157397,0.0002982158102304805,0.92,2.593180958525918e-05,21963382.14668155,1757070.571734524,2285995.499276589,61.10038686550471,-4.684362993022027,171.4497563239731,569.5502436760269,0,0,528924.9275420654,1909859.317102744,0,0,740.9999999999999,0.347,528924.9275420654,1909859.317102744,1.235,1.235,740.9999999999999,61.10038686550471,0.5186361917051834,0.4771452963687687,343.9313065676491,379700.1624506846,0.0003241476198157397,0.0002982158102304805,0.92,2.593180958525918e-05,21963382.14668155,1757070.571734524,2285995.499276589,171.4497563239731,569.5502436760269,740.9999999999999,0.0002982158102304805,-4.684362993022027
0.348,0.520735933372006,0.4790770587022455,345.3237410071942,381237.4100719424,1.24,0.0003254599583575038,0.0002994231616889035,0.92,2.603679666860031e-05,21963382.14668155,1757070.571734524,2285995.499276589,61.34775685281443,-4.703328025382441,172.1438848920863,571.8561151079136,0,0,528924.9275420654,1909859.317102744,0,0,743.9999999999999,0.348,528924.9275420654,1909859.317102744,1.24,1.24,743.9999999999999,61.34775685281443,0.520735933372006,0.4790770587022455,345.3237410071942,381237.4100719424,0.0003254599583575038,0.0002994231616889035,0.92,2.603679666860031e-05,21963382.14668155,1757070.571734524,2285995.499276589,172.1438848920863,571.8561151079136,743.9999999999999,0.0002994231616889035,-4.703328025382441
0.349,0.5228356750388286,0.4810088210357223,346.7161754467393,382774.6576932003,1.245,0.0003267722968992679,0.0003006305131473265,0.92,2.614178375194143e-05,21963382.14668155,1757070.571734524,2285995.499276589,61.59512684012418,-4.722293057742854,172.8380134601996,574.1619865398004,0,0,528924.9275420654,1909859.317102744,0,0,746.9999999999999,0.349,528924.9275420654,1909859.317102744,1.245,1.245,746.9999999999999,61.59512684012418,0.5228356750388286,0.4810088210357223,346.7161754467393,382774.6576932003,0.0003267722968992679,0.0003006305131473265,0.92,2.614178375194143e-05,21963382.14668155,1757070.571734524,2285995.499276589,172.8380134601996,574.1619865398004,746.9999999999999,0.0003006305131473265,-4.722293057742854
0.35,0.5249354167056512,0.4829405833691992,348.1086098862845,384311.9053144581,1.25,0.0003280846354410321,0.0003018378646057495,0.92,2.624677083528257e-05,21963382.14668155,1757070.571734524,2285995.499276589,61.84249682743391,-4.741258090103266,173.5321420283128,576.4678579716872,0,0,528924.9275420654,1909859.317102744,0,0,749.9999999999999,0.35,528924.9275420654,1909859.317102744,1.25,1.25,749.9999999999999,61.84249682743391,0.5249354167056512,0.4829405833691992,348.1086098862845,384311.9053144581,0.0003280846354410321,0.0003018378646057495,0.92,2.624677083528257e-05,21963382.14668155,1757070.571734524,2285995.499276589,173.5321420283128,576.4678579716872,749.9999999999999,0.0003018378646057495,-4.741258090103266
0.351,0.5270351583724739,0.484872345702676,349.5010443258298,385849.152935716,1.255,0.0003293969739827962,0.0003030452160641726,0.92,2.63517579186237e-05,21963382.14668155,1757070.571734524,2285995.499276589,62.08986681474365,-4.760223122463681,174.2262705964261,578.7737294035741,0,0,528924.9275420654,1909859.317102744,0,0,752.9999999999999,0.351,528924.9275420654,1909859.317102744,1.255,1.255,752.9999999999999,62.08986681474365,0.5270351583724739,0.484872345702676,349.5010443258298,385849.152935716,0.0003293969739827962,0.0003030452160641726,0.92,2.63517579186237e-05,21963382.14668155,1757070.571734524,2285995.499276589,174.2262705964261,578.7737294035741,752.9999999999999,0.0003030452160641726,-4.760223122463681
0.352,0.5291349000392965,0.4868041080361529,350.8934787653749,387386.4005569739,1.26,0.0003307093125245604,0.0003042525675225956,0.9200000000000002,2.645674500196484e-05,21963382.14668155,1757070.571734524,2285995.499276589,62.3372368020534,-4.779188154824094,174.9203991645394,581.079600835461,0,0,528924.9275420654,1909859.317102744,0,0,756,0.352,528924.9275420654,1909859.317102744,1.26,1.26,756,62.3372368020534,0.5291349000392965,0.4868041080361529,350.8934787653749,387386.4005569739,0.0003307093125245604,0.0003042525675225956,0.9200000000000002,2.645674500196484e-05,21963382.14668155,1757070.571734524,2285995.499276589,174.9203991645394,581.079600835461,756,0.0003042525675225956,-4.779188154824094
0.353,0.5312346417061191,0.4887358703696296,352.28591320492,388923.6481782317,1.265,0.0003320216510663245,0.0003054599189810186,0.92,2.656173208530596e-05,21963382.14668155,1757070.571734524,2285995.499276589,62.58460678936312,-4.798153187184507,175.6145277326526,583.3854722673475,0,0,528924.9275420654,1909859.317102744,0,0,758.9999999999999,0.353,528924.9275420654,1909859.317102744,1.265,1.265,758.9999999999999,62.58460678936312,0.5312346417061191,0.4887358703696296,352.28591320492,388923.6481782317,0.0003320216510663245,0.0003054599189810186,0.92,2.656173208530596e-05,21963382.14668155,1757070.571734524,2285995.499276589,175.6145277326526,583.3854722673475,758.9999999999999,0.0003054599189810186,-4.798153187184507
0.354,0.5333343833729418,0.4906676327031065,353.6783476444652,390460.8957994896,1.27,0.0003333339896080887,0.0003066672704394416,0.9200000000000002,2.666671916864709e-05,21963382.14668155,1757070.571734524,2285995.499276589,62.83197677667287,-4.817118219544921,176.3086563007659,585.6913436992344,0,0,528924.9275420654,1909859.317102744,0,0,762,0.354,528924.9275420654,1909859.317102744,1.27,1.27,762,62.83197677667287,0.5333343833729418,0.4906676327031065,353.6783476444652,390460.8957994896,0.0003333339896080887,0.0003066672704394416,0.9200000000000002,2.666671916864709e-05,21963382.14668155,1757070.571734524,2285995.499276589,176.3086563007659,585.6913436992344,762,0.0003066672704394416,-4.817118219544921
0.355,0.5354341250397644,0.4925993950365833,355.0707820840103,391998.1434207474,1.275,0.0003346463281498528,0.0003078746218978646,0.9200000000000002,2.677170625198823e-05,21963382.14668155,1757070.571734524,2285995.499276589,63.07934676398261,-4.836083251905333,177.0027848688791,587.9972151311212,0,0,528924.9275420654,1909859.317102744,0,0,765,0.355,528924.9275420654,1909859.317102744,1.275,1.275,765,63.07934676398261,0.5354341250397644,0.4925993950365833,355.0707820840103,391998.1434207474,0.0003346463281498528,0.0003078746218978646,0.9200000000000002,2.677170625198823e-05,21963382.14668155,1757070.571734524,2285995.499276589,177.0027848688791,587.9972151311212,765,0.0003078746218978646,-4.836083251905333
0.356,0.537533866706587,0.49453115737006,356.4632165235554,393535.3910420052,1.28,0.0003359586666916169,0.0003090819733562876,0.9199999999999999,2.687669333532935e-05,21963382.14668155,1757070.571734524,2285995.499276589,63.32671675129234,-4.855048284265746,177.6969134369924,590.3030865630077,0,0,528924.9275420654,1909859.317102744,0,0,768,0.356,528924.9275420654,1909859.317102744,1.28,1.28,768,63.32671675129234,0.537533866706587,0.49453115737006,356.4632165235554,393535.3910420052,0.0003359586666916169,0.0003090819733562876,0.9199999999999999,2.687669333532935e-05,21963382.14668155,1757070.571734524,2285995.499276589,177.6969134369924,590.3030865630077,768,0.0003090819733562876,-4.855048284265746
0.357,0.5396336083734096,0.4964629197035368,357.8556509631006,395072.638663263,1.285,0.000337271005233381,0.0003102893248147106,0.9199999999999999,2.698168041867048e-05,21963382.14668155,1757070.571734524,2285995.499276589,63.57408673860207,-4.874013316626159,178.3910420051056,592.6089579948945,0,0,528924.9275420654,1909859.317102744,0,0,771,0.357,528924.9275420654,1909859.317102744,1.285,1.285,771,63.57408673860207,0.5396336083734096,0.4964629197035368,357.8556509631006,395072.638663263,0.000337271005233381,0.0003102893248147106,0.9199999999999999,2.698168041867048e-05,21963382.14668155,1757070.571734524,2285995.499276589,178.3910420051056,592.6089579948945,771,0.0003102893248147106,-4.874013316626159
0.358,0.5417333500402322,0.4983946820370136,359.2480854026457,396609.8862845208,1.29,0.0003385833437751452,0.0003114966762731335,0.9199999999999999,2.708666750201162e-05,21963382.14668155,1757070.571734524,2285995.499276589,63.82145672591182,-4.892978348986572,179.0851705732189,594.9148294267812,0,0,528924.9275420654,1909859.317102744,0,0,774,0.358,528924.9275420654,1909859.317102744,1.29,1.29,774,63.82145672591182,0.5417333500402322,0.4983946820370136,359.2480854026457,396609.8862845208,0.0003385833437751452,0.0003114966762731335,0.9199999999999999,2.708666750201162e-05,21963382.14668155,1757070.571734524,2285995.499276589,179.0851705732189,594.9148294267812,774,0.0003114966762731335,-4.892978348986572
0.359,0.5438330917070547,0.5003264443704903,360.6405198421908,398147.1339057786,1.295,0.0003398956823169093,0.0003127040277315565,0.9199999999999999,2.719165458535274e-05,21963382.14668155,1757070.571734524,2285995.499276589,64.06882671322154,-4.911943381346984,179.7792991413321,597.220700858668,0,0,528924.9275420654,1909859.317102744,0,0,777,0.359,528924.9275420654,1909859.317102744,1.295,1.295,777,64.06882671322154,0.5438330917070547,0.5003264443704903,360.6405198421908,398147.1339057786,0.0003398956823169093,0.0003127040277315565,0.9199999999999999,2.719165458535274e-05,21963382.14668155,1757070.571734524,2285995.499276589,179.7792991413321,597.220700858668,777,0.0003127040277315565,-4.911943381346984
0.36,0.5459328333738773,0.5022582067039671,362.032954281736,399684.3815270365,1.3,0.0003412080208586734,0.0003139113791899795,0.92,2.729664166869387e-05,21963382.14668155,1757070.571734524,2285995.499276589,64.31619670053128,-4.930908413707398,180.4734277094454,599.5265722905548,0,0,528924.9275420654,1909859.317102744,0,0,780,0.36,528924.9275420654,1909859.317102744,1.3,1.3,780,64.31619670053128,0.5459328333738773,0.5022582067039671,362.032954281736,399684.3815270365,0.0003412080208586734,0.0003139113791899795,0.92,2.729664166869387e-05,21963382.14668155,1757070.571734524,2285995.499276589,180.4734277094454,599.5265722905548,780,0.0003139113791899795,-4.930908413707398
0.361,0.5480325750407,0.504189969037444,363.4253887212811,401221.6291482943,1.305,0.0003425203594004375,0.0003151187306484025,0.92,2.740162875203501e-05,21963382.14668155,1757070.571734524,2285995.499276589,64.56356668784102,-4.949873446067811,181.1675562775586,601.8324437224416,0,0,528924.9275420654,1909859.317102744,0,0,783,0.361,528924.9275420654,1909859.317102744,1.305,1.305,783,64.56356668784102,0.5480325750407,0.504189969037444,363.4253887212811,401221.6291482943,0.0003425203594004375,0.0003151187306484025,0.92,2.740162875203501e-05,21963382.14668155,1757070.571734524,2285995.499276589,181.1675562775586,601.8324437224416,783,0.0003151187306484025,-4.949873446067811
0.362,0.5501323167075226,0.5061217313709208,364.8178231608263,402758.8767695522,1.31,0.0003438326979422017,0.0003163260821068255,0.92,2.750661583537613e-05,21963382.14668155,1757070.571734524,2285995.499276589,64.81093667515074,-4.968838478428224,181.8616848456719,604.1383151543283,0,0,528924.9275420654,1909859.317102744,0,0,786,0.362,528924.9275420654,1909859.317102744,1.31,1.31,786,64.81093667515074,0.5501323167075226,0.5061217313709208,364.8178231608263,402758.8767695522,0.0003438326979422017,0.0003163260821068255,0.92,2.750661583537613e-05,21963382.14668155,1757070.571734524,2285995.499276589,181.8616848456719,604.1383151543283,786,0.0003163260821068255,-4.968838478428224
0.363,0.5522320583743452,0.5080534937043976,366.2102576003714,404296.12439081,1.315,0.0003451450364839658,0.0003175334335652485,0.92,2.761160291871726e-05,21963382.14668155,1757070.571734524,2285995.499276589,65.05830666246048,-4.987803510788638,182.5558134137851,606.444186586215,0,0,528924.9275420654,1909859.317102744,0,0,789,0.363,528924.9275420654,1909859.317102744,1.315,1.315,789,65.05830666246048,0.5522320583743452,0.5080534937043976,366.2102576003714,404296.12439081,0.0003451450364839658,0.0003175334335652485,0.92,2.761160291871726e-05,21963382.14668155,1757070.571734524,2285995.499276589,182.5558134137851,606.444186586215,789,0.0003175334335652485,-4.987803510788638
0.364,0.5543318000411678,0.5099852560378744,367.6026920399165,405833.3720120678,1.32,0.0003464573750257299,0.0003187407850236715,0.92,2.771659000205839e-05,21963382.14668155,1757070.571734524,2285995.499276589,65.30567664977022,-5.00676854314905,183.2499419818984,608.7500580181018,0,0,528924.9275420654,1909859.317102744,0,0,792,0.364,528924.9275420654,1909859.317102744,1.32,1.32,792,65.30567664977022,0.5543318000411678,0.5099852560378744,367.6026920399165,405833.3720120678,0.0003464573750257299,0.0003187407850236715,0.92,2.771659000205839e-05,21963382.14668155,1757070.571734524,2285995.499276589,183.2499419818984,608.7500580181018,792,0.0003187407850236715,-5.00676854314905
0.365,0.5564315417079904,0.5119170183713512,368.9951264794616,407370.6196333257,1.325,0.000347769713567494,0.0003199481364820945,0.92,2.782157708539952e-05,21963382.14668155,1757070.571734524,2285995.499276589,65.55304663707994,-5.025733575509464,183.9440705500116,611.0559294499885,0,0,528924.9275420654,1909859.317102744,0,0,795,0.365,528924.9275420654,1909859.317102744,1.325,1.325,795,65.55304663707994,0.5564315417079904,0.5119170183713512,368.9951264794616,407370.6196333257,0.000347769713567494,0.0003199481364820945,0.92,2.782157708539952e-05,21963382.14668155,1757070.571734524,2285995.499276589,183.9440705500116,611.0559294499885,795,0.0003199481364820945,-5.025733575509464
0.366,0.5585312833748131,0.513848780704828,370.3875609190068,408907.8672545835,1.33,0.0003490820521092582,0.0003211554879405176,0.92,2.792656416874066e-05,21963382.14668155,1757070.571734524,2285995.499276589,65.8004166243897,-5.044698607869877,184.6381991181249,613.3618008818753,0,0,528924.9275420654,1909859.317102744,0,0,798,0.366,528924.9275420654,1909859.317102744,1.33,1.33,798,65.8004166243897,0.5585312833748131,0.513848780704828,370.3875609190068,408907.8672545835,0.0003490820521092582,0.0003211554879405176,0.92,2.792656416874066e-05,21963382.14668155,1757070.571734524,2285995.499276589,184.6381991181249,613.3618008818753,798,0.0003211554879405176,-5.044698607869877
0.367,0.5606310250416356,0.5157805430383048,371.779995358552,410445.1148758414,1.335,0.0003503943906510223,0.0003223628393989406,0.92,2.803155125208179e-05,21963382.14668155,1757070.571734524,2285995.499276589,66.04778661169944,-5.06366364023029,185.3323276862382,615.6676723137621,0,0,528924.9275420654,1909859.317102744,0,0,801,0.367,528924.9275420654,1909859.317102744,1.335,1.335,801,66.04778661169944,0.5606310250416356,0.5157805430383048,371.779995358552,410445.1148758414,0.0003503943906510223,0.0003223628393989406,0.92,2.803155125208179e-05,21963382.14668155,1757070.571734524,2285995.499276589,185.3323276862382,615.6676723137621,801,0.0003223628393989406,-5.06366364023029
0.368,0.5627307667084582,0.5177123053717816,373.1724297980971,411982.3624970992,1.34,0.0003517067291927865,0.0003235701908573636,0.92,2.813653833542292e-05,21963382.14668155,1757070.571734524,2285995.499276589,66.29515659900916,-5.082628672590703,186.0264562543514,617.9735437456488,0,0,528924.9275420654,1909859.317102744,0,0,804,0.368,528924.9275420654,1909859.317102744,1.34,1.34,804,66.29515659900916,0.5627307667084582,0.5177123053717816,373.1724297980971,411982.3624970992,0.0003517067291927865,0.0003235701908573636,0.92,2.813653833542292e-05,21963382.14668155,1757070.571734524,2285995.499276589,186.0264562543514,617.9735437456488,804,0.0003235701908573636,-5.082628672590703
0.369,0.5648305083752808,0.5196440677052584,374.5648642376422,413519.6101183571,1.345,0.0003530190677345506,0.0003247775423157866,0.92,2.824152541876405e-05,21963382.14668155,1757070.571734524,2285995.499276589,66.5425265863189,-5.101593704951116,186.7205848224646,620.2794151775356,0,0,528924.9275420654,1909859.317102744,0,0,807,0.369,528924.9275420654,1909859.317102744,1.345,1.345,807,66.5425265863189,0.5648305083752808,0.5196440677052584,374.5648642376422,413519.6101183571,0.0003530190677345506,0.0003247775423157866,0.92,2.824152541876405e-05,21963382.14668155,1757070.571734524,2285995.499276589,186.7205848224646,620.2794151775356,807,0.0003247775423157866,-5.101593704951116
0.37,0.5669302500421034,0.5215758300387352,375.9572986771873,415056.8577396148,1.35,0.0003543314062763147,0.0003259848937742096,0.92,2.834651250210518e-05,21963382.14668155,1757070.571734524,2285995.499276589,66.78989657362864,-5.12055873731153,187.4147133905779,622.5852866094223,0,0,528924.9275420654,1909859.317102744,0,0,810,0.37,528924.9275420654,1909859.317102744,1.35,1.35,810,66.78989657362864,0.5669302500421034,0.5215758300387352,375.9572986771873,415056.8577396148,0.0003543314062763147,0.0003259848937742096,0.92,2.834651250210518e-05,21963382.14668155,1757070.571734524,2285995.499276589,187.4147133905779,622.5852866094223,810,0.0003259848937742096,-5.12055873731153
0.371,0.5690299917089261,0.523507592372212,377.3497331167325,416594.1053608727,1.355,0.0003556437448180788,0.0003271922452326326,0.92,2.845149958544631e-05,21963382.14668155,1757070.571734524,2285995.499276589,67.03726656093838,-5.139523769671943,188.1088419586912,624.891158041309,0,0,528924.9275420654,1909859.317102744,0,0,813,0.371,528924.9275420654,1909859.317102744,1.355,1.355,813,67.03726656093838,0.5690299917089261,0.523507592372212,377.3497331167325,416594.1053608727,0.0003556437448180788,0.0003271922452326326,0.92,2.845149958544631e-05,21963382.14668155,1757070.571734524,2285995.499276589,188.1088419586912,624.891158041309,813,0.0003271922452326326,-5.139523769671943
0.372,0.5711297333757487,0.5254393547056889,378.7421675562776,418131.3529821307,1.36,0.000356956083359843,0.0003283995966910556,0.92,2.855648666878744e-05,21963382.14668155,1757070.571734524,2285995.499276589,67.28463654824812,-5.158488802032357,188.8029705268044,627.197029473196,0,0,528924.9275420654,1909859.317102744,0,0,816.0000000000001,0.372,528924.9275420654,1909859.317102744,1.36,1.36,816.0000000000001,67.28463654824812,0.5711297333757487,0.5254393547056889,378.7421675562776,418131.3529821307,0.000356956083359843,0.0003283995966910556,0.92,2.855648666878744e-05,21963382.14668155,1757070.571734524,2285995.499276589,188.8029705268044,627.197029473196,816.0000000000001,0.0003283995966910556,-5.158488802032357
0.373,0.5732294750425713,0.5273711170391656,380.1346019958228,419668.6006033884,1.365,0.0003582684219016071,0.0003296069481494786,0.92,2.866147375212857e-05,21963382.14668155,1757070.571734524,2285995.499276589,67.53200653555784,-5.177453834392769,189.4970990949176,629.5029009050826,0,0,528924.9275420654,1909859.317102744,0,0,819,0.373,528924.9275420654,1909859.317102744,1.365,1.365,819,67.53200653555784,0.5732294750425713,0.5273711170391656,380.1346019958228,419668.6006033884,0.0003582684219016071,0.0003296069481494786,0.92,2.866147375212857e-05,21963382.14668155,1757070.571734524,2285995.499276589,189.4970990949176,629.5029009050826,819,0.0003296069481494786,-5.177453834392769
0.374,0.575329216709394,0.5293028793726424,381.527036435368,421205.8482246462,1.37,0.0003595807604433713,0.0003308142996079016,0.9200000000000002,2.87664608354697e-05,21963382.14668155,1757070.571734524,2285995.499276589,67.77937652286758,-5.196418866753182,190.1912276630309,631.8087723369694,0,0,528924.9275420654,1909859.317102744,0,0,822.0000000000001,0.374,528924.9275420654,1909859.317102744,1.37,1.37,822.0000000000001,67.77937652286758,0.575329216709394,0.5293028793726424,381.527036435368,421205.8482246462,0.0003595807604433713,0.0003308142996079016,0.9200000000000002,2.87664608354697e-05,21963382.14668155,1757070.571734524,2285995.499276589,190.1912276630309,631.8087723369694,822.0000000000001,0.0003308142996079016,-5.196418866753182
0.375,0.5774289583762164,0.5312346417061192,382.919470874913,422743.0958459041,1.375,0.0003608930989851353,0.0003320216510663245,0.92,2.887144791881083e-05,21963382.14668155,1757070.571734524,2285995.499276589,68.02674651017732,-5.215383899113594,190.8853562311442,634.1146437688561,0,0,528924.9275420654,1909859.317102744,0,0,825,0.375,528924.9275420654,1909859.317102744,1.375,1.375,825,68.02674651017732,0.5774289583762164,0.5312346417061192,382.919470874913,422743.0958459041,0.0003608930989851353,0.0003320216510663245,0.92,2.887144791881083e-05,21963382.14668155,1757070.571734524,2285995.499276589,190.8853562311442,634.1146437688561,825,0.0003320216510663245,-5.215383899113594
0.376,0.5795287000430391,0.533166404039596,384.3119053144582,424280.3434671619,1.38,0.0003622054375268995,0.0003332290025247476,0.9200000000000002,2.897643500215196e-05,21963382.14668155,1757070.571734524,2285995.499276589,68.27411649748706,-5.234348931474009,191.5794847992574,636.4205152007429,0,0,528924.9275420654,1909859.317102744,0,0,828.0000000000001,0.376,528924.9275420654,1909859.317102744,1.38,1.38,828.0000000000001,68.27411649748706,0.5795287000430391,0.533166404039596,384.3119053144582,424280.3434671619,0.0003622054375268995,0.0003332290025247476,0.9200000000000002,2.897643500215196e-05,21963382.14668155,1757070.571734524,2285995.499276589,191.5794847992574,636.4205152007429,828.0000000000001,0.0003332290025247476,-5.234348931474009
0.377,0.5816284417098616,0.5350981663730727,385.7043397540033,425817.5910884197,1.385,0.0003635177760686636,0.0003344363539831705,0.9200000000000002,2.908142208549309e-05,21963382.14668155,1757070.571734524,2285995.499276589,68.52148648479678,-5.25331396383442,192.2736133673706,638.7263866326296,0,0,528924.9275420654,1909859.317102744,0,0,831,0.377,528924.9275420654,1909859.317102744,1.385,1.385,831,68.52148648479678,0.5816284417098616,0.5350981663730727,385.7043397540033,425817.5910884197,0.0003635177760686636,0.0003344363539831705,0.9200000000000002,2.908142208549309e-05,21963382.14668155,1757070.571734524,2285995.499276589,192.2736133673706,638.7263866326296,831,0.0003344363539831705,-5.25331396383442
0.378,0.5837281833766843,0.5370299287065495,387.0967741935485,427354.8387096775,1.39,0.0003648301146104278,0.0003356437054415935,0.9199999999999999,2.918640916883422e-05,21963382.14668155,1757070.571734524,2285995.499276589,68.76885647210653,-5.272278996194833,192.9677419354839,641.0322580645163,0,0,528924.9275420654,1909859.317102744,0,0,834.0000000000001,0.378,528924.9275420654,1909859.317102744,1.39,1.39,834.0000000000001,68.76885647210653,0.5837281833766843,0.5370299287065495,387.0967741935485,427354.8387096775,0.0003648301146104278,0.0003356437054415935,0.9199999999999999,2.918640916883422e-05,21963382.14668155,1757070.571734524,2285995.499276589,192.9677419354839,641.0322580645163,834.0000000000001,0.0003356437054415935,-5.272278996194833
0.379,0.5858279250435068,0.5389616910400263,388.4892086330935,428892.0863309354,1.395,0.0003661424531521918,0.0003368510569000165,0.9200000000000002,2.929139625217535e-05,21963382.14668155,1757070.571734524,2285995.499276589,69.01622645941625,-5.291244028555247,193.6618705035971,643.3381294964031,0,0,528924.9275420654,1909859.317102744,0,0,837,0.379,528924.9275420654,1909859.317102744,1.395,1.395,837,69.01622645941625,0.5858279250435068,0.5389616910400263,388.4892086330935,428892.0863309354,0.0003661424531521918,0.0003368510569000165,0.9200000000000002,2.929139625217535e-05,21963382.14668155,1757070.571734524,2285995.499276589,193.6618705035971,643.3381294964031,837,0.0003368510569000165,-5.291244028555247
0.38,0.5879276667103295,0.5408934533735031,389.8816430726387,430429.3339521932,1.4,0.000367454791693956,0.0003380584083584395,0.9199999999999999,2.939638333551648e-05,21963382.14668155,1757070.571734524,2285995.499276589,69.263596446726,-5.31020906091566,194.3559990717104,645.6440009282899,0,0,528924.9275420654,1909859.317102744,0,0,840.0000000000001,0.38,528924.9275420654,1909859.317102744,1.4,1.4,840.0000000000001,69.263596446726,0.5879276667103295,0.5408934533735031,389.8816430726387,430429.3339521932,0.000367454791693956,0.0003380584083584395,0.9199999999999999,2.939638333551648e-05,21963382.14668155,1757070.571734524,2285995.499276589,194.3559990717104,645.6440009282899,840.0000000000001,0.0003380584083584395,-5.31020906091566
0.381,0.5900274083771521,0.5428252157069799,391.2740775121839,431966.581573451,1.405,0.0003687671302357201,0.0003392657598168625,0.92,2.950137041885761e-05,21963382.14668155,1757070.571734524,2285995.499276589,69.51096643403574,-5.329174093276073,195.0501276398236,647.9498723601765,0,0,528924.9275420654,1909859.317102744,0,0,843,0.381,528924.9275420654,1909859.317102744,1.405,1.405,843,69.51096643403574,0.5900274083771521,0.5428252157069799,391.2740775121839,431966.581573451,0.0003687671302357201,0.0003392657598168625,0.92,2.950137041885761e-05,21963382.14668155,1757070.571734524,2285995.499276589,195.0501276398236,647.9498723601765,843,0.0003392657598168625,-5.329174093276073
0.382,0.5921271500439748,0.5447569780404569,392.666511951729,433503.829194709,1.41,0.0003700794687774843,0.0003404731112752856,0.92,2.960635750219875e-05,21963382.14668155,1757070.571734524,2285995.499276589,69.75833642134548,-5.348139125636487,195.7442562079369,650.2557437920634,0,0,528924.9275420654,1909859.317102744,0,0,846.0000000000001,0.382,528924.9275420654,1909859.317102744,1.41,1.41,846.0000000000001,69.75833642134548,0.5921271500439748,0.5447569780404569,392.666511951729,433503.829194709,0.0003700794687774843,0.0003404731112752856,0.92,2.960635750219875e-05,21963382.14668155,1757070.571734524,2285995.499276589,195.7442562079369,650.2557437920634,846.0000000000001,0.0003404731112752856,-5.348139125636487
0.383,0.5942268917107973,0.5466887403739336,394.0589463912742,435041.0768159667,1.415,0.0003713918073192484,0.0003416804627337085,0.92,2.971134458553987e-05,21963382.14668155,1757070.571734524,2285995.499276589,70.0057064086552,-5.367104157996899,196.4383847760502,652.5616152239501,0,0,528924.9275420654,1909859.317102744,0,0,849,0.383,528924.9275420654,1909859.317102744,1.415,1.415,849,70.0057064086552,0.5942268917107973,0.5466887403739336,394.0589463912742,435041.0768159667,0.0003713918073192484,0.0003416804627337085,0.92,2.971134458553987e-05,21963382.14668155,1757070.571734524,2285995.499276589,196.4383847760502,652.5616152239501,849,0.0003416804627337085,-5.367104157996899
0.384,0.59632663337762,0.5486205027074104,395.4513808308194,436578.3244372245,1.42,0.0003727041458610126,0.0003428878141921316,0.92,2.981633166888101e-05,21963382.14668155,1757070.571734524,2285995.499276589,70.25307639596495,-5.386069190357313,197.1325133441635,654.8674866558368,0,0,528924.9275420654,1909859.317102744,0,0,852.0000000000001,0.384,528924.9275420654,1909859.317102744,1.42,1.42,852.0000000000001,70.25307639596495,0.59632663337762,0.5486205027074104,395.4513808308194,436578.3244372245,0.0003727041458610126,0.0003428878141921316,0.92,2.981633166888101e-05,21963382.14668155,1757070.571734524,2285995.499276589,197.1325133441635,654.8674866558368,852.0000000000001,0.0003428878141921316,-5.386069190357313
0.385,0.5984263750444425,0.5505522650408872,396.8438152703644,438115.5720584824,1.425,0.0003740164844027766,0.0003440951656505545,0.92,2.992131875222213e-05,21963382.14668155,1757070.571734524,2285995.499276589,70.50044638327468,-5.405034222717726,197.8266419122767,657.1733580877236,0,0,528924.9275420654,1909859.317102744,0,0,855,0.385,528924.9275420654,1909859.317102744,1.425,1.425,855,70.50044638327468,0.5984263750444425,0.5505522650408872,396.8438152703644,438115.5720584824,0.0003740164844027766,0.0003440951656505545,0.92,2.992131875222213e-05,21963382.14668155,1757070.571734524,2285995.499276589,197.8266419122767,657.1733580877236,855,0.0003440951656505545,-5.405034222717726
0.386,0.6005261167112652,0.552484027374364,398.2362497099096,439652.8196797402,1.43,0.0003753288229445408,0.0003453025171089776,0.92,3.002630583556327e-05,21963382.14668155,1757070.571734524,2285995.499276589,70.74781637058442,-5.423999255078138,198.5207704803899,659.4792295196104,0,0,528924.9275420654,1909859.317102744,0,0,858.0000000000001,0.386,528924.9275420654,1909859.317102744,1.43,1.43,858.0000000000001,70.74781637058442,0.6005261167112652,0.552484027374364,398.2362497099096,439652.8196797402,0.0003753288229445408,0.0003453025171089776,0.92,3.002630583556327e-05,21963382.14668155,1757070.571734524,2285995.499276589,198.5207704803899,659.4792295196104,858.0000000000001,0.0003453025171089776,-5.423999255078138
0.387,0.6026258583780877,0.5544157897078407,399.6286841494547,441190.067300998,1.435,0.0003766411614863049,0.0003465098685674005,0.92,3.013129291890439e-05,21963382.14668155,1757070.571734524,2285995.499276589,70.99518635789414,-5.442964287438551,199.2148990485032,661.7851009514969,0,0,528924.9275420654,1909859.317102744,0,0,861,0.387,528924.9275420654,1909859.317102744,1.435,1.435,861,70.99518635789414,0.6026258583780877,0.5544157897078407,399.6286841494547,441190.067300998,0.0003766411614863049,0.0003465098685674005,0.92,3.013129291890439e-05,21963382.14668155,1757070.571734524,2285995.499276589,199.2148990485032,661.7851009514969,861,0.0003465098685674005,-5.442964287438551
0.388,0.6047256000449104,0.5563475520413176,401.0211185889999,442727.3149222559,1.44,0.0003779535000280691,0.0003477172200258236,0.92,3.023628000224553e-05,21963382.14668155,1757070.571734524,2285995.499276589,71.24255634520389,-5.461929319798965,199.9090276166164,664.0909723833838,0,0,528924.9275420654,1909859.317102744,0,0,864.0000000000001,0.388,528924.9275420654,1909859.317102744,1.44,1.44,864.0000000000001,71.24255634520389,0.6047256000449104,0.5563475520413176,401.0211185889999,442727.3149222559,0.0003779535000280691,0.0003477172200258236,0.92,3.023628000224553e-05,21963382.14668155,1757070.571734524,2285995.499276589,199.9090276166164,664.0909723833838,864.0000000000001,0.0003477172200258236,-5.461929319798965
0.389,0.6068253417117329,0.5582793143747943,402.4135530285449,444264.5625435137,1.445,0.0003792658385698331,0.0003489245714842465,0.92,3.034126708558665e-05,21963382.14668155,1757070.571734524,2285995.499276589,71.4899263325136,-5.480894352159376,200.6031561847296,666.3968438152705,0,0,528924.9275420654,1909859.317102744,0,0,867,0.389,528924.9275420654,1909859.317102744,1.445,1.445,867,71.4899263325136,0.6068253417117329,0.5582793143747943,402.4135530285449,444264.5625435137,0.0003792658385698331,0.0003489245714842465,0.92,3.034126708558665e-05,21963382.14668155,1757070.571734524,2285995.499276589,200.6031561847296,666.3968438152705,867,0.0003489245714842465,-5.480894352159376
0.39,0.6089250833785556,0.5602110767082712,403.8059874680901,445801.8101647716,1.45,0.0003805781771115973,0.0003501319229426696,0.92,3.044625416892779e-05,21963382.14668155,1757070.571734524,2285995.499276589,71.73729631982336,-5.499859384519791,201.2972847528429,668.7027152471574,0,0,528924.9275420654,1909859.317102744,0,0,870.0000000000001,0.39,528924.9275420654,1909859.317102744,1.45,1.45,870.0000000000001,71.73729631982336,0.6089250833785556,0.5602110767082712,403.8059874680901,445801.8101647716,0.0003805781771115973,0.0003501319229426696,0.92,3.044625416892779e-05,21963382.14668155,1757070.571734524,2285995.499276589,201.2972847528429,668.7027152471574,870.0000000000001,0.0003501319229426696,-5.499859384519791
0.391,0.6110248250453781,0.5621428390417479,405.1984219076352,447339.0577860293,1.455,0.0003818905156533614,0.0003513392744010925,0.92,3.055124125226891e-05,21963382.14668155,1757070.571734524,2285995.499276589,71.98466630713308,-5.518824416880203,201.9914133209562,671.008586679044,0,0,528924.9275420654,1909859.317102744,0,0,873,0.391,528924.9275420654,1909859.317102744,1.455,1.455,873,71.98466630713308,0.6110248250453781,0.5621428390417479,405.1984219076352,447339.0577860293,0.0003818905156533614,0.0003513392744010925,0.92,3.055124125226891e-05,21963382.14668155,1757070.571734524,2285995.499276589,201.9914133209562,671.008586679044,873,0.0003513392744010925,-5.518824416880203
0.392,0.6131245667122008,0.5640746013752248,406.5908563471805,448876.3054072873,1.46,0.0003832028541951256,0.0003525466258595155,0.92,3.065622833561005e-05,21963382.14668155,1757070.571734524,2285995.499276589,72.23203629444284,-5.537789449240617,202.6855418890695,673.3144581109309,0,0,528924.9275420654,1909859.317102744,0,0,876.0000000000001,0.392,528924.9275420654,1909859.317102744,1.46,1.46,876.0000000000001,72.23203629444284,0.6131245667122008,0.5640746013752248,406.5908563471805,448876.3054072873,0.0003832028541951256,0.0003525466258595155,0.92,3.065622833561005e-05,21963382.14668155,1757070.571734524,2285995.499276589,202.6855418890695,673.3144581109309,876.0000000000001,0.0003525466258595155,-5.537789449240617
0.393,0.6152243083790234,0.5660063637087016,407.9832907867256,450413.5530285451,1.465,0.0003845151927368897,0.0003537539773179385,0.92,3.076121541895118e-05,21963382.14668155,1757070.571734524,2285995.499276589,72.47940628175256,-5.556754481601031,203.3796704571827,675.6203295428177,0,0,528924.9275420654,1909859.317102744,0,0,879,0.393,528924.9275420654,1909859.317102744,1.465,1.465,879,72.47940628175256,0.6152243083790234,0.5660063637087016,407.9832907867256,450413.5530285451,0.0003845151927368897,0.0003537539773179385,0.92,3.076121541895118e-05,21963382.14668155,1757070.571734524,2285995.499276589,203.3796704571827,675.6203295428177,879,0.0003537539773179385,-5.556754481601031
0.394,0.6173240500458461,0.5679381260421784,409.3757252262708,451950.800649803,1.47,0.0003858275312786539,0.0003549613287763616,0.92,3.086620250229231e-05,21963382.14668155,1757070.571734524,2285995.499276589,72.72677626906231,-5.575719513961444,204.073799025296,677.9262009747044,0,0,528924.9275420654,1909859.317102744,0,0,882.0000000000001,0.394,528924.9275420654,1909859.317102744,1.47,1.47,882.0000000000001,72.72677626906231,0.6173240500458461,0.5679381260421784,409.3757252262708,451950.800649803,0.0003858275312786539,0.0003549613287763616,0.92,3.086620250229231e-05,21963382.14668155,1757070.571734524,2285995.499276589,204.073799025296,677.9262009747044,882.0000000000001,0.0003549613287763616,-5.575719513961444
0.395,0.6194237917126686,0.5698698883756551,410.7681596658158,453488.0482710607,1.475,0.0003871398698204179,0.0003561686802347845,0.92,3.097118958563344e-05,21963382.14668155,1757070.571734524,2285995.499276589,72.97414625637202,-5.594684546321855,204.7679275934092,680.2320724065911,0,0,528924.9275420654,1909859.317102744,0,0,885,0.395,528924.9275420654,1909859.317102744,1.475,1.475,885,72.97414625637202,0.6194237917126686,0.5698698883756551,410.7681596658158,453488.0482710607,0.0003871398698204179,0.0003561686802347845,0.92,3.097118958563344e-05,21963382.14668155,1757070.571734524,2285995.499276589,204.7679275934092,680.2320724065911,885,0.0003561686802347845,-5.594684546321855
0.396,0.6215235333794913,0.571801650709132,412.160594105361,455025.2958923186,1.48,0.0003884522083621821,0.0003573760316932076,0.92,3.107617666897457e-05,21963382.14668155,1757070.571734524,2285995.499276589,73.22151624368178,-5.61364957868227,205.4620561615225,682.5379438384779,0,0,528924.9275420654,1909859.317102744,0,0,888.0000000000001,0.396,528924.9275420654,1909859.317102744,1.48,1.48,888.0000000000001,73.22151624368178,0.6215235333794913,0.571801650709132,412.160594105361,455025.2958923186,0.0003884522083621821,0.0003573760316932076,0.92,3.107617666897457e-05,21963382.14668155,1757070.571734524,2285995.499276589,205.4620561615225,682.5379438384779,888.0000000000001,0.0003573760316932076,-5.61364957868227
0.397,0.6236232750463139,0.5737334130426088,413.5530285449062,456562.5435135764,1.485,0.0003897645469039462,0.0003585833831516306,0.9200000000000002,3.11811637523157e-05,21963382.14668155,1757070.571734524,2285995.499276589,73.4688862309915,-5.632614611042683,206.1561847296357,684.8438152703646,0,0,528924.9275420654,1909859.317102744,0,0,891.0000000000001,0.397,528924.9275420654,1909859.317102744,1.485,1.485,891.0000000000001,73.4688862309915,0.6236232750463139,0.5737334130426088,413.5530285449062,456562.5435135764,0.0003897645469039462,0.0003585833831516306,0.9200000000000002,3.11811637523157e-05,21963382.14668155,1757070.571734524,2285995.499276589,206.1561847296357,684.8438152703646,891.0000000000001,0.0003585833831516306,-5.632614611042683
0.398,0.6257230167131365,0.5756651753760856,414.9454629844513,458099.7911348343,1.49,0.0003910768854457104,0.0003597907346100536,0.9200000000000002,3.128615083565683e-05,21963382.14668155,1757070.571734524,2285995.499276589,73.71625621830125,-5.651579643403097,206.850313297749,687.1496867022514,0,0,528924.9275420654,1909859.317102744,0,0,894.0000000000001,0.398,528924.9275420654,1909859.317102744,1.49,1.49,894.0000000000001,73.71625621830125,0.6257230167131365,0.5756651753760856,414.9454629844513,458099.7911348343,0.0003910768854457104,0.0003597907346100536,0.9200000000000002,3.128615083565683e-05,21963382.14668155,1757070.571734524,2285995.499276589,206.850313297749,687.1496867022514,894.0000000000001,0.0003597907346100536,-5.651579643403097
0.399,0.627822758379959,0.5775969377095623,416.3378974239964,459637.038756092,1.495,0.0003923892239874745,0.0003609980860684765,0.9199999999999999,3.139113791899796e-05,21963382.14668155,1757070.571734524,2285995.499276589,73.96362620561098,-5.670544675763509,207.5444418658622,689.4555581341381,0,0,528924.9275420654,1909859.317102744,0,0,897.0000000000001,0.399,528924.9275420654,1909859.317102744,1.495,1.495,897.0000000000001,73.96362620561098,0.627822758379959,0.5775969377095623,416.3378974239964,459637.038756092,0.0003923892239874745,0.0003609980860684765,0.9199999999999999,3.139113791899796e-05,21963382.14668155,1757070.571734524,2285995.499276589,207.5444418658622,689.4555581341381,897.0000000000001,0.0003609980860684765,-5.670544675763509
0.4,0.6299225000467816,0.5795287000430391,417.7303318635416,461174.2863773499,1.5,0.0003937015625292386,0.0003622054375268995,0.9199999999999999,3.149612500233909e-05,21963382.14668155,1757070.571734524,2285995.499276589,74.21099619292072,-5.689509708123921,208.2385704339755,691.7614295660248,0,0,528924.9275420654,1909859.317102744,0,0,900.0000000000001,0.4,528924.9275420654,1909859.317102744,1.5,1.5,900.0000000000001,74.21099619292072,0.6299225000467816,0.5795287000430391,417.7303318635416,461174.2863773499,0.0003937015625292386,0.0003622054375268995,0.9199999999999999,3.149612500233909e-05,21963382.14668155,1757070.571734524,2285995.499276589,208.2385704339755,691.7614295660248,900.0000000000001,0.0003622054375268995,-5.689509708123921
0.401,0.6320222417136042,0.5814604623765159,419.1227663030867,462711.5339986077,1.505,0.0003950139010710027,0.0003634127889853225,0.9199999999999999,3.160111208568022e-05,21963382.14668155,1757070.571734524,2285995.499276589,74.45836618023046,-5.708474740484335,208.9326990020887,694.0673009979116,0,0,528924.9275420654,1909859.317102744,0,0,903.0000000000001,0.401,528924.9275420654,1909859.317102744,1.505,1.505,903.0000000000001,74.45836618023046,0.6320222417136042,0.5814604623765159,419.1227663030867,462711.5339986077,0.0003950139010710027,0.0003634127889853225,0.9199999999999999,3.160111208568022e-05,21963382.14668155,1757070.571734524,2285995.499276589,208.9326990020887,694.0673009979116,903.0000000000001,0.0003634127889853225,-5.708474740484335
0.402,0.6341219833804269,0.5833922247099927,420.5152007426319,464248.7816198656,1.51,0.0003963262396127669,0.0003646201404437455,0.92,3.170609916902135e-05,21963382.14668155,1757070.571734524,2285995.499276589,74.70573616754019,-5.727439772844749,209.626827570202,696.3731724297984,0,0,528924.9275420654,1909859.317102744,0,0,906.0000000000001,0.402,528924.9275420654,1909859.317102744,1.51,1.51,906.0000000000001,74.70573616754019,0.6341219833804269,0.5833922247099927,420.5152007426319,464248.7816198656,0.0003963262396127669,0.0003646201404437455,0.92,3.170609916902135e-05,21963382.14668155,1757070.571734524,2285995.499276589,209.626827570202,696.3731724297984,906.0000000000001,0.0003646201404437455,-5.727439772844749
0.403,0.6362217250472495,0.5853239870434696,421.907635182177,465786.0292411234,1.515,0.000397638578154531,0.0003658274919021685,0.92,3.181108625236248e-05,21963382.14668155,1757070.571734524,2285995.499276589,74.95310615484992,-5.746404805205161,210.3209561383152,698.6790438616852,0,0,528924.9275420654,1909859.317102744,0,0,909.0000000000001,0.403,528924.9275420654,1909859.317102744,1.515,1.515,909.0000000000001,74.95310615484992,0.6362217250472495,0.5853239870434696,421.907635182177,465786.0292411234,0.000397638578154531,0.0003658274919021685,0.92,3.181108625236248e-05,21963382.14668155,1757070.571734524,2285995.499276589,210.3209561383152,698.6790438616852,909.0000000000001,0.0003658274919021685,-5.746404805205161
0.404,0.6383214667140721,0.5872557493769464,423.3000696217221,467323.2768623813,1.52,0.0003989509166962951,0.0003670348433605915,0.92,3.191607333570361e-05,21963382.14668155,1757070.571734524,2285995.499276589,75.20047614215966,-5.765369837565574,211.0150847064285,700.9849152935719,0,0,528924.9275420654,1909859.317102744,0,0,912.0000000000001,0.404,528924.9275420654,1909859.317102744,1.52,1.52,912.0000000000001,75.20047614215966,0.6383214667140721,0.5872557493769464,423.3000696217221,467323.2768623813,0.0003989509166962951,0.0003670348433605915,0.92,3.191607333570361e-05,21963382.14668155,1757070.571734524,2285995.499276589,211.0150847064285,700.9849152935719,912.0000000000001,0.0003670348433605915,-5.765369837565574
0.405,0.6404212083808947,0.5891875117104231,424.6925040612672,468860.524483639,1.525,0.0004002632552380592,0.0003682421948190145,0.92,3.202106041904474e-05,21963382.14668155,1757070.571734524,2285995.499276589,75.4478461294694,-5.784334869925987,211.7092132745417,703.2907867254585,0,0,528924.9275420654,1909859.317102744,0,0,915.0000000000001,0.405,528924.9275420654,1909859.317102744,1.525,1.525,915.0000000000001,75.4478461294694,0.6404212083808947,0.5891875117104231,424.6925040612672,468860.524483639,0.0004002632552380592,0.0003682421948190145,0.92,3.202106041904474e-05,21963382.14668155,1757070.571734524,2285995.499276589,211.7092132745417,703.2907867254585,915.0000000000001,0.0003682421948190145,-5.784334869925987
0.406,0.6425209500477173,0.5911192740438999,426.0849385008124,470397.7721048968,1.53,0.0004015755937798234,0.0003694495462774375,0.92,3.212604750238587e-05,21963382.14668155,1757070.571734524,2285995.499276589,75.69521611677912,-5.803299902286399,212.403341842655,705.5966581573452,0,0,528924.9275420654,1909859.317102744,0,0,918.0000000000001,0.406,528924.9275420654,1909859.317102744,1.53,1.53,918.0000000000001,75.69521611677912,0.6425209500477173,0.5911192740438999,426.0849385008124,470397.7721048968,0.0004015755937798234,0.0003694495462774375,0.92,3.212604750238587e-05,21963382.14668155,1757070.571734524,2285995.499276589,212.403341842655,705.5966581573452,918.0000000000001,0.0003694495462774375,-5.803299902286399
0.407,0.6446206917145397,0.5930510363773766,427.4773729403574,471935.0197261546,1.535,0.0004028879323215874,0.0003706568977358604,0.92,3.223103458572699e-05,21963382.14668155,1757070.571734524,2285995.499276589,75.94258610408885,-5.822264934646811,213.0974704107682,707.9025295892319,0,0,528924.9275420654,1909859.317102744,0,0,920.9999999999998,0.407,528924.9275420654,1909859.317102744,1.535,1.535,920.9999999999998,75.94258610408885,0.6446206917145397,0.5930510363773766,427.4773729403574,471935.0197261546,0.0004028879323215874,0.0003706568977358604,0.92,3.223103458572699e-05,21963382.14668155,1757070.571734524,2285995.499276589,213.0974704107682,707.9025295892319,920.9999999999998,0.0003706568977358604,-5.822264934646811
0.408,0.6467204333813623,0.5949827987108534,428.8698073799025,473472.2673474124,1.54,0.0004042002708633515,0.0003718642491942834,0.92,3.233602166906812e-05,21963382.14668155,1757070.571734524,2285995.499276589,76.18995609139857,-5.841229967007225,213.7915989788814,710.2084010211187,0,0,528924.9275420654,1909859.317102744,0,0,923.9999999999998,0.408,528924.9275420654,1909859.317102744,1.54,1.54,923.9999999999998,76.18995609139857,0.6467204333813623,0.5949827987108534,428.8698073799025,473472.2673474124,0.0004042002708633515,0.0003718642491942834,0.92,3.233602166906812e-05,21963382.14668155,1757070.571734524,2285995.499276589,213.7915989788814,710.2084010211187,923.9999999999998,0.0003718642491942834,-5.841229967007225
0.409,0.6488201750481849,0.59691456104433,430.2622418194476,475009.5149686701,1.545,0.0004055126094051156,0.0003730716006527064,0.92,3.244100875240925e-05,21963382.14668155,1757070.571734524,2285995.499276589,76.43732607870831,-5.860194999367638,214.4857275469946,712.5142724530052,0,0,528924.9275420654,1909859.317102744,0,0,926.9999999999998,0.409,528924.9275420654,1909859.317102744,1.545,1.545,926.9999999999998,76.43732607870831,0.6488201750481849,0.59691456104433,430.2622418194476,475009.5149686701,0.0004055126094051156,0.0003730716006527064,0.92,3.244100875240925e-05,21963382.14668155,1757070.571734524,2285995.499276589,214.4857275469946,712.5142724530052,926.9999999999998,0.0003730716006527064,-5.860194999367638
0.41,0.6509199167150075,0.5988463233778069,431.6546762589928,476546.762589928,1.55,0.0004068249479468798,0.0003742789521111294,0.92,3.254599583575038e-05,21963382.14668155,1757070.571734524,2285995.499276589,76.68469606601805,-5.879160031728049,215.1798561151079,714.820143884892,0,0,528924.9275420654,1909859.317102744,0,0,929.9999999999998,0.41,528924.9275420654,1909859.317102744,1.55,1.55,929.9999999999998,76.68469606601805,0.6509199167150075,0.5988463233778069,431.6546762589928,476546.762589928,0.0004068249479468798,0.0003742789521111294,0.92,3.254599583575038e-05,21963382.14668155,1757070.571734524,2285995.499276589,215.1798561151079,714.820143884892,929.9999999999998,0.0003742789521111294,-5.879160031728049
0.411,0.6530196583818301,0.6007780857112837,433.0471106985379,478084.0102111858,1.555,0.0004081372864886439,0.0003754863035695524,0.92,3.265098291909151e-05,21963382.14668155,1757070.571734524,2285995.499276589,76.93206605332777,-5.898125064088463,215.8739846832212,717.1260153167788,0,0,528924.9275420654,1909859.317102744,0,0,932.9999999999998,0.411,528924.9275420654,1909859.317102744,1.555,1.555,932.9999999999998,76.93206605332777,0.6530196583818301,0.6007780857112837,433.0471106985379,478084.0102111858,0.0004081372864886439,0.0003754863035695524,0.92,3.265098291909151e-05,21963382.14668155,1757070.571734524,2285995.499276589,215.8739846832212,717.1260153167788,932.9999999999998,0.0003754863035695524,-5.898125064088463
0.412,0.6551194000486527,0.6027098480447605,434.439545138083,479621.2578324437,1.56,0.000409449625030408,0.0003766936550279754,0.92,3.275597000243264e-05,21963382.14668155,1757070.571734524,2285995.499276589,77.17943604063751,-5.917090096448876,216.5681132513344,719.4318867486655,0,0,528924.9275420654,1909859.317102744,0,0,935.9999999999998,0.412,528924.9275420654,1909859.317102744,1.56,1.56,935.9999999999998,77.17943604063751,0.6551194000486527,0.6027098480447605,434.439545138083,479621.2578324437,0.000409449625030408,0.0003766936550279754,0.92,3.275597000243264e-05,21963382.14668155,1757070.571734524,2285995.499276589,216.5681132513344,719.4318867486655,935.9999999999998,0.0003766936550279754,-5.917090096448876
0.413,0.6572191417154754,0.6046416103782374,435.8319795776282,481158.5054537016,1.565,0.0004107619635721722,0.0003779010064863984,0.92,3.286095708577377e-05,21963382.14668155,1757070.571734524,2285995.499276589,77.42680602794726,-5.936055128809291,217.2622418194477,721.7377581805524,0,0,528924.9275420654,1909859.317102744,0,0,938.9999999999999,0.413,528924.9275420654,1909859.317102744,1.565,1.565,938.9999999999999,77.42680602794726,0.6572191417154754,0.6046416103782374,435.8319795776282,481158.5054537016,0.0004107619635721722,0.0003779010064863984,0.92,3.286095708577377e-05,21963382.14668155,1757070.571734524,2285995.499276589,217.2622418194477,721.7377581805524,938.9999999999999,0.0003779010064863984,-5.936055128809291
0.414,0.6593188833822979,0.6065733727117141,437.2244140171733,482695.7530749594,1.57,0.0004120743021139363,0.0003791083579448214,0.92,3.29659441691149e-05,21963382.14668155,1757070.571734524,2285995.499276589,77.67417601525699,-5.955020161169703,217.9563703875609,724.0436296124391,0,0,528924.9275420654,1909859.317102744,0,0,941.9999999999998,0.414,528924.9275420654,1909859.317102744,1.57,1.57,941.9999999999998,77.67417601525699,0.6593188833822979,0.6065733727117141,437.2244140171733,482695.7530749594,0.0004120743021139363,0.0003791083579448214,0.92,3.29659441691149e-05,21963382.14668155,1757070.571734524,2285995.499276589,217.9563703875609,724.0436296124391,941.9999999999998,0.0003791083579448214,-5.955020161169703
0.415,0.6614186250491205,0.608505135045191,438.6168484567185,484233.0006962173,1.575,0.0004133866406557004,0.0003803157094032444,0.92,3.307093125245604e-05,21963382.14668155,1757070.571734524,2285995.499276589,77.92154600256673,-5.973985193530117,218.6504989556742,726.349501044326,0,0,528924.9275420654,1909859.317102744,0,0,944.9999999999999,0.415,528924.9275420654,1909859.317102744,1.575,1.575,944.9999999999999,77.92154600256673,0.6614186250491205,0.608505135045191,438.6168484567185,484233.0006962173,0.0004133866406557004,0.0003803157094032444,0.92,3.307093125245604e-05,21963382.14668155,1757070.571734524,2285995.499276589,218.6504989556742,726.349501044326,944.9999999999999,0.0003803157094032444,-5.973985193530117
0.416,0.6635183667159431,0.6104368973786677,440.0092828962636,485770.248317475,1.58,0.0004146989791974645,0.0003815230608616674,0.92,3.317591833579716e-05,21963382.14668155,1757070.571734524,2285995.499276589,78.16891598987645,-5.992950225890529,219.3446275237874,728.6553724762125,0,0,528924.9275420654,1909859.317102744,0,0,947.9999999999998,0.416,528924.9275420654,1909859.317102744,1.58,1.58,947.9999999999998,78.16891598987645,0.6635183667159431,0.6104368973786677,440.0092828962636,485770.248317475,0.0004146989791974645,0.0003815230608616674,0.92,3.317591833579716e-05,21963382.14668155,1757070.571734524,2285995.499276589,219.3446275237874,728.6553724762125,947.9999999999998,0.0003815230608616674,-5.992950225890529
0.417,0.6656181083827658,0.6123686597121445,441.4017173358088,487307.4959387329,1.585,0.0004160113177392287,0.0003827304123200904,0.92,3.32809054191383e-05,21963382.14668155,1757070.571734524,2285995.499276589,78.41628597718621,-6.011915258250943,220.0387560919007,730.9612439080993,0,0,528924.9275420654,1909859.317102744,0,0,950.9999999999999,0.417,528924.9275420654,1909859.317102744,1.585,1.585,950.9999999999999,78.41628597718621,0.6656181083827658,0.6123686597121445,441.4017173358088,487307.4959387329,0.0004160113177392287,0.0003827304123200904,0.92,3.32809054191383e-05,21963382.14668155,1757070.571734524,2285995.499276589,220.0387560919007,730.9612439080993,950.9999999999999,0.0003827304123200904,-6.011915258250943
0.418,0.6677178500495884,0.6143004220456213,442.794151775354,488844.7435599907,1.59,0.0004173236562809928,0.0003839377637785134,0.92,3.338589250247943e-05,21963382.14668155,1757070.571734524,2285995.499276589,78.66365596449593,-6.030880290611355,220.732884660014,733.267115339986,0,0,528924.9275420654,1909859.317102744,0,0,953.9999999999998,0.418,528924.9275420654,1909859.317102744,1.59,1.59,953.9999999999998,78.66365596449593,0.6677178500495884,0.6143004220456213,442.794151775354,488844.7435599907,0.0004173236562809928,0.0003839377637785134,0.92,3.338589250247943e-05,21963382.14668155,1757070.571734524,2285995.499276589,220.732884660014,733.267115339986,953.9999999999998,0.0003839377637785134,-6.030880290611355
0.419,0.6698175917164111,0.6162321843790982,444.1865862148991,490381.9911812486,1.595,0.000418635994822757,0.0003851451152369365,0.92,3.349087958582056e-05,21963382.14668155,1757070.571734524,2285995.499276589,78.91102595180568,-6.04984532297177,221.4270132281272,735.5729867718729,0,0,528924.9275420654,1909859.317102744,0,0,956.9999999999999,0.419,528924.9275420654,1909859.317102744,1.595,1.595,956.9999999999999,78.91102595180568,0.6698175917164111,0.6162321843790982,444.1865862148991,490381.9911812486,0.000418635994822757,0.0003851451152369365,0.92,3.349087958582056e-05,21963382.14668155,1757070.571734524,2285995.499276589,221.4270132281272,735.5729867718729,956.9999999999999,0.0003851451152369365,-6.04984532297177
0.42,0.6719173333832336,0.6181639467125749,445.5790206544442,491919.2388025064,1.6,0.0004199483333645211,0.0003863524666953594,0.92,3.359586666916169e-05,21963382.14668155,1757070.571734524,2285995.499276589,79.15839593911541,-6.068810355332181,222.1211417962404,737.8788582037596,0,0,528924.9275420654,1909859.317102744,0,0,959.9999999999998,0.42,528924.9275420654,1909859.317102744,1.6,1.6,959.9999999999998,79.15839593911541,0.6719173333832336,0.6181639467125749,445.5790206544442,491919.2388025064,0.0004199483333645211,0.0003863524666953594,0.92,3.359586666916169e-05,21963382.14668155,1757070.571734524,2285995.499276589,222.1211417962404,737.8788582037596,959.9999999999998,0.0003863524666953594,-6.068810355332181
0.421,0.6740170750500563,0.6200957090460518,446.9714550939894,493456.4864237643,1.605,0.0004212606719062852,0.0003875598181537825,0.92,3.370085375250282e-05,21963382.14668155,1757070.571734524,2285995.499276589,79.40576592642515,-6.087775387692595,222.8152703643537,740.1847296356465,0,0,528924.9275420654,1909859.317102744,0,0,962.9999999999999,0.421,528924.9275420654,1909859.317102744,1.605,1.605,962.9999999999999,79.40576592642515,0.6740170750500563,0.6200957090460518,446.9714550939894,493456.4864237643,0.0004212606719062852,0.0003875598181537825,0.92,3.370085375250282e-05,21963382.14668155,1757070.571734524,2285995.499276589,222.8152703643537,740.1847296356465,962.9999999999999,0.0003875598181537825,-6.087775387692595
0.422,0.6761168167168787,0.6220274713795285,448.3638895335344,494993.7340450221,1.61,0.0004225730104480493,0.0003887671696122054,0.92,3.380584083584394e-05,21963382.14668155,1757070.571734524,2285995.499276589,79.65313591373489,-6.106740420053008,223.5093989324669,742.4906010675331,0,0,528924.9275420654,1909859.317102744,0,0,965.9999999999998,0.422,528924.9275420654,1909859.317102744,1.61,1.61,965.9999999999998,79.65313591373489,0.6761168167168787,0.6220274713795285,448.3638895335344,494993.7340450221,0.0004225730104480493,0.0003887671696122054,0.92,3.380584083584394e-05,21963382.14668155,1757070.571734524,2285995.499276589,223.5093989324669,742.4906010675331,965.9999999999998,0.0003887671696122054,-6.106740420053008
0.423,0.6782165583837014,0.6239592337130054,449.7563239730796,496530.98166628,1.615,0.0004238853489898135,0.0003899745210706284,0.9200000000000002,3.391082791918508e-05,21963382.14668155,1757070.571734524,2285995.499276589,79.90050590104461,-6.125705452413422,224.2035275005802,744.79647249942,0,0,528924.9275420654,1909859.317102744,0,0,968.9999999999999,0.423,528924.9275420654,1909859.317102744,1.615,1.615,968.9999999999999,79.90050590104461,0.6782165583837014,0.6239592337130054,449.7563239730796,496530.98166628,0.0004238853489898135,0.0003899745210706284,0.9200000000000002,3.391082791918508e-05,21963382.14668155,1757070.571734524,2285995.499276589,224.2035275005802,744.79647249942,968.9999999999999,0.0003899745210706284,-6.125705452413422
0.424,0.6803163000505239,0.6258909960464821,451.1487584126247,498068.2292875377,1.62,0.0004251976875315776,0.0003911818725290514,0.92,3.401581500252621e-05,21963382.14668155,1757070.571734524,2285995.499276589,80.14787588835433,-6.144670484773834,224.8976560686934,747.1023439313067,0,0,528924.9275420654,1909859.317102744,0,0,971.9999999999998,0.424,528924.9275420654,1909859.317102744,1.62,1.62,971.9999999999998,80.14787588835433,0.6803163000505239,0.6258909960464821,451.1487584126247,498068.2292875377,0.0004251976875315776,0.0003911818725290514,0.92,3.401581500252621e-05,21963382.14668155,1757070.571734524,2285995.499276589,224.8976560686934,747.1023439313067,971.9999999999998,0.0003911818725290514,-6.144670484773834
0.425,0.6824160417173466,0.6278227583799589,452.5411928521699,499605.4769087956,1.625,0.0004265100260733417,0.0003923892239874744,0.9199999999999999,3.412080208586734e-05,21963382.14668155,1757070.571734524,2285995.499276589,80.39524587566409,-6.163635517134247,225.5917846368067,749.4082153631934,0,0,528924.9275420654,1909859.317102744,0,0,974.9999999999999,0.425,528924.9275420654,1909859.317102744,1.625,1.625,974.9999999999999,80.39524587566409,0.6824160417173466,0.6278227583799589,452.5411928521699,499605.4769087956,0.0004265100260733417,0.0003923892239874744,0.9199999999999999,3.412080208586734e-05,21963382.14668155,1757070.571734524,2285995.499276589,225.5917846368067,749.4082153631934,974.9999999999999,0.0003923892239874744,-6.163635517134247
0.426,0.6845157833841692,0.6297545207134357,453.933627291715,501142.7245300534,1.63,0.0004278223646151058,0.0003935965754458974,0.9200000000000002,3.422578916920847e-05,21963382.14668155,1757070.571734524,2285995.499276589,80.64261586297381,-6.18260054949466,226.28591320492,751.7140867950802,0,0,528924.9275420654,1909859.317102744,0,0,977.9999999999998,0.426,528924.9275420654,1909859.317102744,1.63,1.63,977.9999999999998,80.64261586297381,0.6845157833841692,0.6297545207134357,453.933627291715,501142.7245300534,0.0004278223646151058,0.0003935965754458974,0.9200000000000002,3.422578916920847e-05,21963382.14668155,1757070.571734524,2285995.499276589,226.28591320492,751.7140867950802,977.9999999999998,0.0003935965754458974,-6.18260054949466
0.427,0.6866155250509919,0.6316862830469124,455.3260617312602,502679.9721513112,1.635,0.00042913470315687,0.0003948039269043204,0.92,3.43307762525496e-05,21963382.14668155,1757070.571734524,2285995.499276589,80.88998585028355,-6.201565581855074,226.9800417730332,754.0199582269668,0,0,528924.9275420654,1909859.317102744,0,0,980.9999999999999,0.427,528924.9275420654,1909859.317102744,1.635,1.635,980.9999999999999,80.88998585028355,0.6866155250509919,0.6316862830469124,455.3260617312602,502679.9721513112,0.00042913470315687,0.0003948039269043204,0.92,3.43307762525496e-05,21963382.14668155,1757070.571734524,2285995.499276589,226.9800417730332,754.0199582269668,980.9999999999999,0.0003948039269043204,-6.201565581855074
0.428,0.6887152667178144,0.6336180453803892,456.7184961708052,504217.219772569,1.64,0.0004304470416986341,0.0003960112783627433,0.92,3.443576333589072e-05,21963382.14668155,1757070.571734524,2285995.499276589,81.13735583759329,-6.220530614215485,227.6741703411464,756.3258296588535,0,0,528924.9275420654,1909859.317102744,0,0,983.9999999999998,0.428,528924.9275420654,1909859.317102744,1.64,1.64,983.9999999999998,81.13735583759329,0.6887152667178144,0.6336180453803892,456.7184961708052,504217.219772569,0.0004304470416986341,0.0003960112783627433,0.92,3.443576333589072e-05,21963382.14668155,1757070.571734524,2285995.499276589,227.6741703411464,756.3258296588535,983.9999999999998,0.0003960112783627433,-6.220530614215485
0.429,0.6908150083846371,0.635549807713866,458.1109306103505,505754.4673938269,1.645,0.0004317593802403982,0.0003972186298211664,0.92,3.454075041923186e-05,21963382.14668155,1757070.571734524,2285995.499276589,81.38472582490303,-6.239495646575898,228.3682989092597,758.6317010907403,0,0,528924.9275420654,1909859.317102744,0,0,986.9999999999999,0.429,528924.9275420654,1909859.317102744,1.645,1.645,986.9999999999999,81.38472582490303,0.6908150083846371,0.635549807713866,458.1109306103505,505754.4673938269,0.0004317593802403982,0.0003972186298211664,0.92,3.454075041923186e-05,21963382.14668155,1757070.571734524,2285995.499276589,228.3682989092597,758.6317010907403,986.9999999999999,0.0003972186298211664,-6.239495646575898
0.43,0.6929147500514595,0.6374815700473427,459.5033650498955,507291.7150150846,1.65,0.0004330717187821623,0.0003984259812795893,0.92,3.464573750257299e-05,21963382.14668155,1757070.571734524,2285995.499276589,81.63209581221274,-6.258460678936312,229.0624274773729,760.937572522627,0,0,528924.9275420654,1909859.317102744,0,0,989.9999999999998,0.43,528924.9275420654,1909859.317102744,1.65,1.65,989.9999999999998,81.63209581221274,0.6929147500514595,0.6374815700473427,459.5033650498955,507291.7150150846,0.0004330717187821623,0.0003984259812795893,0.92,3.464573750257299e-05,21963382.14668155,1757070.571734524,2285995.499276589,229.0624274773729,760.937572522627,989.9999999999998,0.0003984259812795893,-6.258460678936312
0.431,0.6950144917182822,0.6394133323808197,460.8957994894407,508828.9626363426,1.655,0.0004343840573239265,0.0003996333327380124,0.92,3.475072458591412e-05,21963382.14668155,1757070.571734524,2285995.499276589,81.87946579952251,-6.277425711296725,229.7565560454862,763.2434439545139,0,0,528924.9275420654,1909859.317102744,0,0,992.9999999999999,0.431,528924.9275420654,1909859.317102744,1.655,1.655,992.9999999999999,81.87946579952251,0.6950144917182822,0.6394133323808197,460.8957994894407,508828.9626363426,0.0004343840573239265,0.0003996333327380124,0.92,3.475072458591412e-05,21963382.14668155,1757070.571734524,2285995.499276589,229.7565560454862,763.2434439545139,992.9999999999999,0.0003996333327380124,-6.277425711296725
0.432,0.6971142333851048,0.6413450947142965,462.2882339289858,510366.2102576004,1.66,0.0004356963958656906,0.0004008406841964354,0.92,3.485571166925525e-05,21963382.14668155,1757070.571734524,2285995.499276589,82.12683578683225,-6.296390743657137,230.4506846135994,765.5493153864006,0,0,528924.9275420654,1909859.317102744,0,0,995.9999999999998,0.432,528924.9275420654,1909859.317102744,1.66,1.66,995.9999999999998,82.12683578683225,0.6971142333851048,0.6413450947142965,462.2882339289858,510366.2102576004,0.0004356963958656906,0.0004008406841964354,0.92,3.485571166925525e-05,21963382.14668155,1757070.571734524,2285995.499276589,230.4506846135994,765.5493153864006,995.9999999999998,0.0004008406841964354,-6.296390743657137
0.433,0.6992139750519275,0.6432768570477734,463.680668368531,511903.4578788583,1.665,0.0004370087344074548,0.0004020480356548584,0.92,3.496069875259638e-05,21963382.14668155,1757070.571734524,2285995.499276589,82.37420577414197,-6.315355776017553,231.1448131817127,767.8551868182875,0,0,528924.9275420654,1909859.317102744,0,0,998.9999999999999,0.433,528924.9275420654,1909859.317102744,1.665,1.665,998.9999999999999,82.37420577414197,0.6992139750519275,0.6432768570477734,463.680668368531,511903.4578788583,0.0004370087344074548,0.0004020480356548584,0.92,3.496069875259638e-05,21963382.14668155,1757070.571734524,2285995.499276589,231.1448131817127,767.8551868182875,998.9999999999999,0.0004020480356548584,-6.315355776017553
0.434,0.70131371671875,0.6452086193812501,465.0731028080761,513440.705500116,1.67,0.0004383210729492189,0.0004032553871132814,0.92,3.506568583593751e-05,21963382.14668155,1757070.571734524,2285995.499276589,82.62157576145169,-6.334320808377965,231.8389417498259,770.1610582501741,0,0,528924.9275420654,1909859.317102744,0,0,1002,0.434,528924.9275420654,1909859.317102744,1.67,1.67,1002,82.62157576145169,0.70131371671875,0.6452086193812501,465.0731028080761,513440.705500116,0.0004383210729492189,0.0004032553871132814,0.92,3.506568583593751e-05,21963382.14668155,1757070.571734524,2285995.499276589,231.8389417498259,770.1610582501741,1002,0.0004032553871132814,-6.334320808377965
0.435,0.7034134583855727,0.6471403817147269,466.4655372476213,514977.9531213739,1.675,0.000439633411490983,0.0004044627385717044,0.92,3.517067291927865e-05,21963382.14668155,1757070.571734524,2285995.499276589,82.86894574876145,-6.353285840738378,232.5330703179392,772.4669296820608,0,0,528924.9275420654,1909859.317102744,0,0,1005,0.435,528924.9275420654,1909859.317102744,1.675,1.675,1005,82.86894574876145,0.7034134583855727,0.6471403817147269,466.4655372476213,514977.9531213739,0.000439633411490983,0.0004044627385717044,0.92,3.517067291927865e-05,21963382.14668155,1757070.571734524,2285995.499276589,232.5330703179392,772.4669296820608,1005,0.0004044627385717044,-6.353285840738378
0.436,0.7055132000523953,0.6490721440482037,467.8579716871664,516515.2007426317,1.68,0.0004409457500327471,0.0004056700900301274,0.92,3.527566000261977e-05,21963382.14668155,1757070.571734524,2285995.499276589,83.11631573607117,-6.372250873098791,233.2271988860525,774.7728011139476,0,0,528924.9275420654,1909859.317102744,0,0,1008,0.436,528924.9275420654,1909859.317102744,1.68,1.68,1008,83.11631573607117,0.7055132000523953,0.6490721440482037,467.8579716871664,516515.2007426317,0.0004409457500327471,0.0004056700900301274,0.92,3.527566000261977e-05,21963382.14668155,1757070.571734524,2285995.499276589,233.2271988860525,774.7728011139476,1008,0.0004056700900301274,-6.372250873098791
0.437,0.707612941719218,0.6510039063816805,469.2504061267116,518052.4483638896,1.685,0.0004422580885745113,0.0004068774414885504,0.92,3.53806470859609e-05,21963382.14668155,1757070.571734524,2285995.499276589,83.36368572338093,-6.391215905459204,233.9213274541657,777.0786725458344,0,0,528924.9275420654,1909859.317102744,0,0,1011,0.437,528924.9275420654,1909859.317102744,1.685,1.685,1011,83.36368572338093,0.707612941719218,0.6510039063816805,469.2504061267116,518052.4483638896,0.0004422580885745113,0.0004068774414885504,0.92,3.53806470859609e-05,21963382.14668155,1757070.571734524,2285995.499276589,233.9213274541657,777.0786725458344,1011,0.0004068774414885504,-6.391215905459204
0.438,0.7097126833860405,0.6529356687151573,470.6428405662567,519589.6959851474,1.69,0.0004435704271162754,0.0004080847929469734,0.92,3.548563416930204e-05,21963382.14668155,1757070.571734524,2285995.499276589,83.61105571069065,-6.410180937819616,234.615456022279,779.3845439777211,0,0,528924.9275420654,1909859.317102744,0,0,1014,0.438,528924.9275420654,1909859.317102744,1.69,1.69,1014,83.61105571069065,0.7097126833860405,0.6529356687151573,470.6428405662567,519589.6959851474,0.0004435704271162754,0.0004080847929469734,0.92,3.548563416930204e-05,21963382.14668155,1757070.571734524,2285995.499276589,234.615456022279,779.3845439777211,1014,0.0004080847929469734,-6.410180937819616
0.439,0.7118124250528631,0.6548674310486341,472.0352750058019,521126.9436064053,1.695,0.0004448827656580395,0.0004092921444053964,0.92,3.559062125264316e-05,21963382.14668155,1757070.571734524,2285995.499276589,83.85842569800039,-6.42914597018003,235.3095845903922,781.6904154096079,0,0,528924.9275420654,1909859.317102744,0,0,1017,0.439,528924.9275420654,1909859.317102744,1.695,1.695,1017,83.85842569800039,0.7118124250528631,0.6548674310486341,472.0352750058019,521126.9436064053,0.0004448827656580395,0.0004092921444053964,0.92,3.559062125264316e-05,21963382.14668155,1757070.571734524,2285995.499276589,235.3095845903922,781.6904154096079,1017,0.0004092921444053964,-6.42914597018003
0.44,0.7139121667196857,0.6567991933821109,473.427709445347,522664.1912276631,1.7,0.0004461951041998037,0.0004104994958638194,0.92,3.569560833598429e-05,21963382.14668155,1757070.571734524,2285995.499276589,84.10579568531013,-6.448111002540443,236.0037131585055,783.9962868414947,0,0,528924.9275420654,1909859.317102744,0,0,1020,0.44,528924.9275420654,1909859.317102744,1.7,1.7,1020,84.10579568531013,0.7139121667196857,0.6567991933821109,473.427709445347,522664.1912276631,0.0004461951041998037,0.0004104994958638194,0.92,3.569560833598429e-05,21963382.14668155,1757070.571734524,2285995.499276589,236.0037131585055,783.9962868414947,1020,0.0004104994958638194,-6.448111002540443
0.441,0.7160119083865083,0.6587309557155877,474.8201438848921,524201.4388489209,1.705,0.0004475074427415678,0.0004117068473222424,0.92,3.580059541932543e-05,21963382.14668155,1757070.571734524,2285995.499276589,84.35316567261987,-6.467076034900856,236.6978417266187,786.3021582733815,0,0,528924.9275420654,1909859.317102744,0,0,1023,0.441,528924.9275420654,1909859.317102744,1.705,1.705,1023,84.35316567261987,0.7160119083865083,0.6587309557155877,474.8201438848921,524201.4388489209,0.0004475074427415678,0.0004117068473222424,0.92,3.580059541932543e-05,21963382.14668155,1757070.571734524,2285995.499276589,236.6978417266187,786.3021582733815,1023,0.0004117068473222424,-6.467076034900856
0.442,0.7181116500533308,0.6606627180490644,476.2125783244372,525738.6864701787,1.71,0.0004488197812833319,0.0004129141987806653,0.92,3.590558250266655e-05,21963382.14668155,1757070.571734524,2285995.499276589,84.60053565992958,-6.486041067261268,237.3919702947319,788.608029705268,0,0,528924.9275420654,1909859.317102744,0,0,1026,0.442,528924.9275420654,1909859.317102744,1.71,1.71,1026,84.60053565992958,0.7181116500533308,0.6606627180490644,476.2125783244372,525738.6864701787,0.0004488197812833319,0.0004129141987806653,0.92,3.590558250266655e-05,21963382.14668155,1757070.571734524,2285995.499276589,237.3919702947319,788.608029705268,1026,0.0004129141987806653,-6.486041067261268
0.443,0.7202113917201536,0.6625944803825413,477.6050127639824,527275.9340914367,1.715,0.0004501321198250961,0.0004141215502390884,0.92,3.601056958600769e-05,21963382.14668155,1757070.571734524,2285995.499276589,84.84790564723934,-6.505006099621683,238.0860988628452,790.913901137155,0,0,528924.9275420654,1909859.317102744,0,0,1029,0.443,528924.9275420654,1909859.317102744,1.715,1.715,1029,84.84790564723934,0.7202113917201536,0.6625944803825413,477.6050127639824,527275.9340914367,0.0004501321198250961,0.0004141215502390884,0.92,3.601056958600769e-05,21963382.14668155,1757070.571734524,2285995.499276589,238.0860988628452,790.913901137155,1029,0.0004141215502390884,-6.505006099621683
0.444,0.7223111333869761,0.664526242716018,478.9974472035275,528813.1817126943,1.72,0.0004514444583668601,0.0004153289016975113,0.92,3.611555666934881e-05,21963382.14668155,1757070.571734524,2285995.499276589,85.09527563454905,-6.523971131982094,238.7802274309585,793.2197725690415,0,0,528924.9275420654,1909859.317102744,0,0,1032,0.444,528924.9275420654,1909859.317102744,1.72,1.72,1032,85.09527563454905,0.7223111333869761,0.664526242716018,478.9974472035275,528813.1817126943,0.0004514444583668601,0.0004153289016975113,0.92,3.611555666934881e-05,21963382.14668155,1757070.571734524,2285995.499276589,238.7802274309585,793.2197725690415,1032,0.0004153289016975113,-6.523971131982094
0.445,0.7244108750537988,0.6664580050494949,480.3898816430727,530350.4293339523,1.725,0.0004527567969086243,0.0004165362531559344,0.9200000000000002,3.622054375268995e-05,21963382.14668155,1757070.571734524,2285995.499276589,85.34264562185882,-6.542936164342509,239.4743559990717,795.5256440009284,0,0,528924.9275420654,1909859.317102744,0,0,1035,0.445,528924.9275420654,1909859.317102744,1.725,1.725,1035,85.34264562185882,0.7244108750537988,0.6664580050494949,480.3898816430727,530350.4293339523,0.0004527567969086243,0.0004165362531559344,0.9200000000000002,3.622054375268995e-05,21963382.14668155,1757070.571734524,2285995.499276589,239.4743559990717,795.5256440009284,1035,0.0004165362531559344,-6.542936164342509
0.446,0.7265106167206213,0.6683897673829716,481.7823160826178,531887.67695521,1.73,0.0004540691354503884,0.0004177436046143574,0.92,3.632553083603107e-05,21963382.14668155,1757070.571734524,2285995.499276589,85.59001560916853,-6.561901196702923,240.168484567185,797.8315154328151,0,0,528924.9275420654,1909859.317102744,0,0,1038,0.446,528924.9275420654,1909859.317102744,1.73,1.73,1038,85.59001560916853,0.7265106167206213,0.6683897673829716,481.7823160826178,531887.67695521,0.0004540691354503884,0.0004177436046143574,0.92,3.632553083603107e-05,21963382.14668155,1757070.571734524,2285995.499276589,240.168484567185,797.8315154328151,1038,0.0004177436046143574,-6.561901196702923
0.447,0.728610358387444,0.6703215297164484,483.174750522163,533424.9245764678,1.735,0.0004553814739921526,0.0004189509560727804,0.92,3.643051791937221e-05,21963382.14668155,1757070.571734524,2285995.499276589,85.83738559647827,-6.580866229063335,240.8626131352982,800.1373868647017,0,0,528924.9275420654,1909859.317102744,0,0,1041,0.447,528924.9275420654,1909859.317102744,1.735,1.735,1041,85.83738559647827,0.728610358387444,0.6703215297164484,483.174750522163,533424.9245764678,0.0004553814739921526,0.0004189509560727804,0.92,3.643051791937221e-05,21963382.14668155,1757070.571734524,2285995.499276589,240.8626131352982,800.1373868647017,1041,0.0004189509560727804,-6.580866229063335
0.448,0.7307101000542665,0.6722532920499251,484.5671849617081,534962.1721977256,1.74,0.0004566938125339167,0.0004201583075312033,0.9199999999999999,3.653550500271333e-05,21963382.14668155,1757070.571734524,2285995.499276589,86.08475558378801,-6.599831261423748,241.5567417034115,802.4432582965884,0,0,528924.9275420654,1909859.317102744,0,0,1044,0.448,528924.9275420654,1909859.317102744,1.74,1.74,1044,86.08475558378801,0.7307101000542665,0.6722532920499251,484.5671849617081,534962.1721977256,0.0004566938125339167,0.0004201583075312033,0.9199999999999999,3.653550500271333e-05,21963382.14668155,1757070.571734524,2285995.499276589,241.5567417034115,802.4432582965884,1044,0.0004201583075312033,-6.599831261423748
0.449,0.7328098417210893,0.6741850543834021,485.9596194012533,536499.4198189836,1.745,0.0004580061510756809,0.0004213656589896264,0.92,3.664049208605447e-05,21963382.14668155,1757070.571734524,2285995.499276589,86.33212557109776,-6.618796293784161,242.2508702715248,804.7491297284755,0,0,528924.9275420654,1909859.317102744,0,0,1047,0.449,528924.9275420654,1909859.317102744,1.745,1.745,1047,86.33212557109776,0.7328098417210893,0.6741850543834021,485.9596194012533,536499.4198189836,0.0004580061510756809,0.0004213656589896264,0.92,3.664049208605447e-05,21963382.14668155,1757070.571734524,2285995.499276589,242.2508702715248,804.7491297284755,1047,0.0004213656589896264,-6.618796293784161
0.45,0.7349095833879117,0.6761168167168787,487.3520538407983,538036.6674402413,1.75,0.0004593184896174449,0.0004225730104480493,0.92,3.674547916939559e-05,21963382.14668155,1757070.571734524,2285995.499276589,86.57949555840747,-6.637761326144573,242.9449988396379,807.0550011603619,0,0,528924.9275420654,1909859.317102744,0,0,1050,0.45,528924.9275420654,1909859.317102744,1.75,1.75,1050,86.57949555840747,0.7349095833879117,0.6761168167168787,487.3520538407983,538036.6674402413,0.0004593184896174449,0.0004225730104480493,0.92,3.674547916939559e-05,21963382.14668155,1757070.571734524,2285995.499276589,242.9449988396379,807.0550011603619,1050,0.0004225730104480493,-6.637761326144573
0.451,0.7370093250547345,0.6780485790503558,488.7444882803435,539573.9150614993,1.755,0.0004606308281592091,0.0004237803619064724,0.92,3.685046625273673e-05,21963382.14668155,1757070.571734524,2285995.499276589,86.82686554571723,-6.656726358504988,243.6391274077513,809.3608725922491,0,0,528924.9275420654,1909859.317102744,0,0,1053,0.451,528924.9275420654,1909859.317102744,1.755,1.755,1053,86.82686554571723,0.7370093250547345,0.6780485790503558,488.7444882803435,539573.9150614993,0.0004606308281592091,0.0004237803619064724,0.92,3.685046625273673e-05,21963382.14668155,1757070.571734524,2285995.499276589,243.6391274077513,809.3608725922491,1053,0.0004237803619064724,-6.656726358504988
0.452,0.7391090667215569,0.6799803413838323,490.1369227198886,541111.162682757,1.76,0.0004619431667009732,0.0004249877133648953,0.92,3.695545333607785e-05,21963382.14668155,1757070.571734524,2285995.499276589,87.07423553302695,-6.675691390865399,244.3332559758644,811.6667440241355,0,0,528924.9275420654,1909859.317102744,0,0,1056,0.452,528924.9275420654,1909859.317102744,1.76,1.76,1056,87.07423553302695,0.7391090667215569,0.6799803413838323,490.1369227198886,541111.162682757,0.0004619431667009732,0.0004249877133648953,0.92,3.695545333607785e-05,21963382.14668155,1757070.571734524,2285995.499276589,244.3332559758644,811.6667440241355,1056,0.0004249877133648953,-6.675691390865399
0.453,0.7412088083883797,0.6819121037173094,491.5293571594338,542648.410304015,1.765,0.0004632555052427374,0.0004261950648233184,0.92,3.706044041941899e-05,21963382.14668155,1757070.571734524,2285995.499276589,87.3216055203367,-6.694656423225814,245.0273845439777,813.9726154560226,0,0,528924.9275420654,1909859.317102744,0,0,1059,0.453,528924.9275420654,1909859.317102744,1.765,1.765,1059,87.3216055203367,0.7412088083883797,0.6819121037173094,491.5293571594338,542648.410304015,0.0004632555052427374,0.0004261950648233184,0.92,3.706044041941899e-05,21963382.14668155,1757070.571734524,2285995.499276589,245.0273845439777,813.9726154560226,1059,0.0004261950648233184,-6.694656423225814
0.454,0.7433085500552021,0.683843866050786,492.9217915989789,544185.6579252727,1.77,0.0004645678437845014,0.0004274024162817413,0.92,3.716542750276011e-05,21963382.14668155,1757070.571734524,2285995.499276589,87.56897550764641,-6.713621455586225,245.721513112091,816.278486887909,0,0,528924.9275420654,1909859.317102744,0,0,1062,0.454,528924.9275420654,1909859.317102744,1.77,1.77,1062,87.56897550764641,0.7433085500552021,0.683843866050786,492.9217915989789,544185.6579252727,0.0004645678437845014,0.0004274024162817413,0.92,3.716542750276011e-05,21963382.14668155,1757070.571734524,2285995.499276589,245.721513112091,816.278486887909,1062,0.0004274024162817413,-6.713621455586225
0.455,0.7454082917220248,0.6857756283842629,494.3142260385241,545722.9055465306,1.775,0.0004658801823262656,0.0004286097677401644,0.92,3.727041458610125e-05,21963382.14668155,1757070.571734524,2285995.499276589,87.81634549495618,-6.73258648794664,246.4156416802042,818.5843583197959,0,0,528924.9275420654,1909859.317102744,0,0,1065,0.455,528924.9275420654,1909859.317102744,1.775,1.775,1065,87.81634549495618,0.7454082917220248,0.6857756283842629,494.3142260385241,545722.9055465306,0.0004658801823262656,0.0004286097677401644,0.92,3.727041458610125e-05,21963382.14668155,1757070.571734524,2285995.499276589,246.4156416802042,818.5843583197959,1065,0.0004286097677401644,-6.73258648794664
0.456,0.7475080333888473,0.6877073907177396,495.7066604780691,547260.1531677884,1.78,0.0004671925208680297,0.0004298171191985873,0.92,3.737540166944237e-05,21963382.14668155,1757070.571734524,2285995.499276589,88.06371548226588,-6.751551520307052,247.1097702483175,820.8902297516826,0,0,528924.9275420654,1909859.317102744,0,0,1068,0.456,528924.9275420654,1909859.317102744,1.78,1.78,1068,88.06371548226588,0.7475080333888473,0.6877073907177396,495.7066604780691,547260.1531677884,0.0004671925208680297,0.0004298171191985873,0.92,3.737540166944237e-05,21963382.14668155,1757070.571734524,2285995.499276589,247.1097702483175,820.8902297516826,1068,0.0004298171191985873,-6.751551520307052
0.457,0.7496077750556701,0.6896391530512165,497.0990949176144,548797.4007890463,1.785,0.0004685048594097939,0.0004310244706570104,0.92,3.748038875278351e-05,21963382.14668155,1757070.571734524,2285995.499276589,88.31108546957563,-6.770516552667465,247.8038988164308,823.1961011835695,0,0,528924.9275420654,1909859.317102744,0,0,1071,0.457,528924.9275420654,1909859.317102744,1.785,1.785,1071,88.31108546957563,0.7496077750556701,0.6896391530512165,497.0990949176144,548797.4007890463,0.0004685048594097939,0.0004310244706570104,0.92,3.748038875278351e-05,21963382.14668155,1757070.571734524,2285995.499276589,247.8038988164308,823.1961011835695,1071,0.0004310244706570104,-6.770516552667465
0.458,0.7517075167224927,0.6915709153846933,498.4915293571595,550334.6484103041,1.79,0.000469817197951558,0.0004322318221154334,0.92,3.758537583612464e-05,21963382.14668155,1757070.571734524,2285995.499276589,88.55845545688537,-6.789481585027879,248.498027384544,825.5019726154561,0,0,528924.9275420654,1909859.317102744,0,0,1074,0.458,528924.9275420654,1909859.317102744,1.79,1.79,1074,88.55845545688537,0.7517075167224927,0.6915709153846933,498.4915293571595,550334.6484103041,0.000469817197951558,0.0004322318221154334,0.92,3.758537583612464e-05,21963382.14668155,1757070.571734524,2285995.499276589,248.498027384544,825.5019726154561,1074,0.0004322318221154334,-6.789481585027879
0.459,0.7538072583893153,0.6935026777181701,499.8839637967046,551871.896031562,1.795,0.0004711295364933221,0.0004334391735738564,0.92,3.769036291946577e-05,21963382.14668155,1757070.571734524,2285995.499276589,88.80582544419511,-6.808446617388292,249.1921559526573,827.807844047343,0,0,528924.9275420654,1909859.317102744,0,0,1077,0.459,528924.9275420654,1909859.317102744,1.795,1.795,1077,88.80582544419511,0.7538072583893153,0.6935026777181701,499.8839637967046,551871.896031562,0.0004711295364933221,0.0004334391735738564,0.92,3.769036291946577e-05,21963382.14668155,1757070.571734524,2285995.499276589,249.1921559526573,827.807844047343,1077,0.0004334391735738564,-6.808446617388292
0.46,0.7559070000561379,0.6954344400516469,501.2763982362497,553409.1436528198,1.8,0.0004724418750350863,0.0004346465250322794,0.92,3.77953500028069e-05,21963382.14668155,1757070.571734524,2285995.499276589,89.05319543150485,-6.827411649748705,249.8862845207705,830.1137154792297,0,0,528924.9275420654,1909859.317102744,0,0,1080,0.46,528924.9275420654,1909859.317102744,1.8,1.8,1080,89.05319543150485,0.7559070000561379,0.6954344400516469,501.2763982362497,553409.1436528198,0.0004724418750350863,0.0004346465250322794,0.92,3.77953500028069e-05,21963382.14668155,1757070.571734524,2285995.499276589,249.8862845207705,830.1137154792297,1080,0.0004346465250322794,-6.827411649748705
0.461,0.7580067417229606,0.6973662023851238,502.668832675795,554946.3912740777,1.805,0.0004737542135768504,0.0004358538764907024,0.92,3.790033708614804e-05,21963382.14668155,1757070.571734524,2285995.499276589,89.30056541881459,-6.846376682109119,250.5804130888838,832.4195869111165,0,0,528924.9275420654,1909859.317102744,0,0,1083,0.461,528924.9275420654,1909859.317102744,1.805,1.805,1083,89.30056541881459,0.7580067417229606,0.6973662023851238,502.668832675795,554946.3912740777,0.0004737542135768504,0.0004358538764907024,0.92,3.790033708614804e-05,21963382.14668155,1757070.571734524,2285995.499276589,250.5804130888838,832.4195869111165,1083,0.0004358538764907024,-6.846376682109119
0.462,0.7601064833897831,0.6992979647186005,504.0612671153401,556483.6388953355,1.81,0.0004750665521186146,0.0004370612279491254,0.92,3.800532416948916e-05,21963382.14668155,1757070.571734524,2285995.499276589,89.54793540612431,-6.865341714469532,251.2745416569971,834.7254583430032,0,0,528924.9275420654,1909859.317102744,0,0,1086,0.462,528924.9275420654,1909859.317102744,1.81,1.81,1086,89.54793540612431,0.7601064833897831,0.6992979647186005,504.0612671153401,556483.6388953355,0.0004750665521186146,0.0004370612279491254,0.92,3.800532416948916e-05,21963382.14668155,1757070.571734524,2285995.499276589,251.2745416569971,834.7254583430032,1086,0.0004370612279491254,-6.865341714469532
0.463,0.7622062250566057,0.7012297270520773,505.4537015548852,558020.8865165933,1.815,0.0004763788906603787,0.0004382685794075484,0.92,3.81103112528303e-05,21963382.14668155,1757070.571734524,2285995.499276589,89.79530539343406,-6.884306746829946,251.9686702251103,837.03132977489,0,0,528924.9275420654,1909859.317102744,0,0,1089,0.463,528924.9275420654,1909859.317102744,1.815,1.815,1089,89.79530539343406,0.7622062250566057,0.7012297270520773,505.4537015548852,558020.8865165933,0.0004763788906603787,0.0004382685794075484,0.92,3.81103112528303e-05,21963382.14668155,1757070.571734524,2285995.499276589,251.9686702251103,837.03132977489,1089,0.0004382685794075484,-6.884306746829946
0.464,0.7643059667234283,0.7031614893855541,506.8461359944304,559558.1341378512,1.82,0.0004776912292021428,0.0004394759308659714,0.92,3.821529833617143e-05,21963382.14668155,1757070.571734524,2285995.499276589,90.04267538074379,-6.903271779190359,252.6627987932235,839.3372012067767,0,0,528924.9275420654,1909859.317102744,0,0,1092,0.464,528924.9275420654,1909859.317102744,1.82,1.82,1092,90.04267538074379,0.7643059667234283,0.7031614893855541,506.8461359944304,559558.1341378512,0.0004776912292021428,0.0004394759308659714,0.92,3.821529833617143e-05,21963382.14668155,1757070.571734524,2285995.499276589,252.6627987932235,839.3372012067767,1092,0.0004394759308659714,-6.903271779190359
0.465,0.7664057083902509,0.7050932517190309,508.2385704339755,561095.381759109,1.825,0.0004790035677439069,0.0004406832823243944,0.92,3.832028541951255e-05,21963382.14668155,1757070.571734524,2285995.499276589,90.29004536805354,-6.92223681155077,253.3569273613368,841.6430726386635,0,0,528924.9275420654,1909859.317102744,0,0,1095,0.465,528924.9275420654,1909859.317102744,1.825,1.825,1095,90.29004536805354,0.7664057083902509,0.7050932517190309,508.2385704339755,561095.381759109,0.0004790035677439069,0.0004406832823243944,0.92,3.832028541951255e-05,21963382.14668155,1757070.571734524,2285995.499276589,253.3569273613368,841.6430726386635,1095,0.0004406832823243944,-6.92223681155077
0.466,0.7685054500570735,0.7070250140525077,509.6310048735206,562632.6293803669,1.83,0.0004803159062856711,0.0004418906337828174,0.92,3.842527250285369e-05,21963382.14668155,1757070.571734524,2285995.499276589,90.53741535536327,-6.941201843911184,254.05105592945,843.9489440705503,0,0,528924.9275420654,1909859.317102744,0,0,1098,0.466,528924.9275420654,1909859.317102744,1.83,1.83,1098,90.53741535536327,0.7685054500570735,0.7070250140525077,509.6310048735206,562632.6293803669,0.0004803159062856711,0.0004418906337828174,0.92,3.842527250285369e-05,21963382.14668155,1757070.571734524,2285995.499276589,254.05105592945,843.9489440705503,1098,0.0004418906337828174,-6.941201843911184
0.467,0.7706051917238962,0.7089567763859845,511.0234393130658,564169.8770016247,1.835,0.0004816282448274352,0.0004430979852412404,0.92,3.853025958619482e-05,21963382.14668155,1757070.571734524,2285995.499276589,90.78478534267299,-6.960166876271598,254.7451844975633,846.2548155024371,0,0,528924.9275420654,1909859.317102744,0,0,1101,0.467,528924.9275420654,1909859.317102744,1.835,1.835,1101,90.78478534267299,0.7706051917238962,0.7089567763859845,511.0234393130658,564169.8770016247,0.0004816282448274352,0.0004430979852412404,0.92,3.853025958619482e-05,21963382.14668155,1757070.571734524,2285995.499276589,254.7451844975633,846.2548155024371,1101,0.0004430979852412404,-6.960166876271598
0.468,0.7727049333907188,0.7108885387194612,512.4158737526109,565707.1246228825,1.84,0.0004829405833691993,0.0004443053366996634,0.92,3.863524666953594e-05,21963382.14668155,1757070.571734524,2285995.499276589,91.03215532998273,-6.979131908632008,255.4393130656765,848.5606869343237,0,0,528924.9275420654,1909859.317102744,0,0,1104,0.468,528924.9275420654,1909859.317102744,1.84,1.84,1104,91.03215532998273,0.7727049333907188,0.7108885387194612,512.4158737526109,565707.1246228825,0.0004829405833691993,0.0004443053366996634,0.92,3.863524666953594e-05,21963382.14668155,1757070.571734524,2285995.499276589,255.4393130656765,848.5606869343237,1104,0.0004443053366996634,-6.979131908632008
0.469,0.7748046750575414,0.712820301052938,513.808308192156,567244.3722441402,1.845,0.0004842529219109634,0.0004455126881580864,0.92,3.874023375287707e-05,21963382.14668155,1757070.571734524,2285995.499276589,91.27952531729247,-6.998096940992422,256.1334416337897,850.8665583662104,0,0,528924.9275420654,1909859.317102744,0,0,1107,0.469,528924.9275420654,1909859.317102744,1.845,1.845,1107,91.27952531729247,0.7748046750575414,0.712820301052938,513.808308192156,567244.3722441402,0.0004842529219109634,0.0004455126881580864,0.92,3.874023375287707e-05,21963382.14668155,1757070.571734524,2285995.499276589,256.1334416337897,850.8665583662104,1107,0.0004455126881580864,-6.998096940992422
0.47,0.7769044167243639,0.7147520633864148,515.2007426317011,568781.6198653982,1.85,0.0004855652604527276,0.0004467200396165094,0.92,3.884522083621821e-05,21963382.14668155,1757070.571734524,2285995.499276589,91.52689530460221,-7.017061973352836,256.827570201903,853.1724297980973,0,0,528924.9275420654,1909859.317102744,0,0,1110,0.47,528924.9275420654,1909859.317102744,1.85,1.85,1110,91.52689530460221,0.7769044167243639,0.7147520633864148,515.2007426317011,568781.6198653982,0.0004855652604527276,0.0004467200396165094,0.92,3.884522083621821e-05,21963382.14668155,1757070.571734524,2285995.499276589,256.827570201903,853.1724297980973,1110,0.0004467200396165094,-7.017061973352836
0.471,0.7790041583911865,0.7166838257198916,516.5931770712463,570318.8674866559,1.855,0.0004868775989944917,0.0004479273910749323,0.92,3.895020791955933e-05,21963382.14668155,1757070.571734524,2285995.499276589,91.77426529191195,-7.036027005713248,257.5216987700163,855.4783012299839,0,0,528924.9275420654,1909859.317102744,0,0,1113,0.471,528924.9275420654,1909859.317102744,1.855,1.855,1113,91.77426529191195,0.7790041583911865,0.7166838257198916,516.5931770712463,570318.8674866559,0.0004868775989944917,0.0004479273910749323,0.92,3.895020791955933e-05,21963382.14668155,1757070.571734524,2285995.499276589,257.5216987700163,855.4783012299839,1113,0.0004479273910749323,-7.036027005713248
0.472,0.7811039000580091,0.7186155880533684,517.9856115107914,571856.1151079137,1.86,0.0004881899375362558,0.0004491347425333553,0.92,3.905519500290046e-05,21963382.14668155,1757070.571734524,2285995.499276589,92.02163527922168,-7.054992038073662,258.2158273381295,857.7841726618706,0,0,528924.9275420654,1909859.317102744,0,0,1116,0.472,528924.9275420654,1909859.317102744,1.86,1.86,1116,92.02163527922168,0.7811039000580091,0.7186155880533684,517.9856115107914,571856.1151079137,0.0004881899375362558,0.0004491347425333553,0.92,3.905519500290046e-05,21963382.14668155,1757070.571734524,2285995.499276589,258.2158273381295,857.7841726618706,1116,0.0004491347425333553,-7.054992038073662
0.473,0.7832036417248318,0.7205473503868453,519.3780459503366,573393.3627291716,1.865,0.00048950227607802,0.0004503420939917784,0.92,3.91601820862416e-05,21963382.14668155,1757070.571734524,2285995.499276589,92.26900526653142,-7.073957070434076,258.9099559062428,860.0900440937575,0,0,528924.9275420654,1909859.317102744,0,0,1119,0.473,528924.9275420654,1909859.317102744,1.865,1.865,1119,92.26900526653142,0.7832036417248318,0.7205473503868453,519.3780459503366,573393.3627291716,0.00048950227607802,0.0004503420939917784,0.92,3.91601820862416e-05,21963382.14668155,1757070.571734524,2285995.499276589,258.9099559062428,860.0900440937575,1119,0.0004503420939917784,-7.073957070434076
0.474,0.7853033833916544,0.7224791127203221,520.7704803898818,574930.6103504294,1.87,0.0004908146146197841,0.0004515494454502014,0.92,3.926516916958273e-05,21963382.14668155,1757070.571734524,2285995.499276589,92.51637525384116,-7.092922102794489,259.6040844743561,862.3959155256441,0,0,528924.9275420654,1909859.317102744,0,0,1122,0.474,528924.9275420654,1909859.317102744,1.87,1.87,1122,92.51637525384116,0.7853033833916544,0.7224791127203221,520.7704803898818,574930.6103504294,0.0004908146146197841,0.0004515494454502014,0.92,3.926516916958273e-05,21963382.14668155,1757070.571734524,2285995.499276589,259.6040844743561,862.3959155256441,1122,0.0004515494454502014,-7.092922102794489
0.475,0.787403125058477,0.7244108750537989,522.1629148294269,576467.8579716873,1.875,0.0004921269531615482,0.0004527567969086244,0.92,3.937015625292386e-05,21963382.14668155,1757070.571734524,2285995.499276589,92.76374524115089,-7.111887135154901,260.2982130424693,864.701786957531,0,0,528924.9275420654,1909859.317102744,0,0,1125,0.475,528924.9275420654,1909859.317102744,1.875,1.875,1125,92.76374524115089,0.787403125058477,0.7244108750537989,522.1629148294269,576467.8579716873,0.0004921269531615482,0.0004527567969086244,0.92,3.937015625292386e-05,21963382.14668155,1757070.571734524,2285995.499276589,260.2982130424693,864.701786957531,1125,0.0004527567969086244,-7.111887135154901
0.476,0.7895028667252996,0.7263426373872757,523.555349268972,578005.1055929451,1.88,0.0004934392917033124,0.0004539641483670474,0.92,3.947514333626499e-05,21963382.14668155,1757070.571734524,2285995.499276589,93.01111522846062,-7.130852167515314,260.9923416105826,867.0076583894177,0,0,528924.9275420654,1909859.317102744,0,0,1128,0.476,528924.9275420654,1909859.317102744,1.88,1.88,1128,93.01111522846062,0.7895028667252996,0.7263426373872757,523.555349268972,578005.1055929451,0.0004934392917033124,0.0004539641483670474,0.92,3.947514333626499e-05,21963382.14668155,1757070.571734524,2285995.499276589,260.9923416105826,867.0076583894177,1128,0.0004539641483670474,-7.130852167515314
0.477,0.7916026083921223,0.7282743997207525,524.9477837085172,579542.353214203,1.885,0.0004947516302450765,0.0004551714998254704,0.92,3.958013041960612e-05,21963382.14668155,1757070.571734524,2285995.499276589,93.25848521577035,-7.149817199875727,261.6864701786959,869.3135298213045,0,0,528924.9275420654,1909859.317102744,0,0,1131,0.477,528924.9275420654,1909859.317102744,1.885,1.885,1131,93.25848521577035,0.7916026083921223,0.7282743997207525,524.9477837085172,579542.353214203,0.0004947516302450765,0.0004551714998254704,0.92,3.958013041960612e-05,21963382.14668155,1757070.571734524,2285995.499276589,261.6864701786959,869.3135298213045,1131,0.0004551714998254704,-7.149817199875727
0.478,0.7937023500589448,0.7302061620542293,526.3402181480624,581079.6008354608,1.89,0.0004960639687868406,0.0004563788512838934,0.92,3.968511750294725e-05,21963382.14668155,1757070.571734524,2285995.499276589,93.50585520308009,-7.168782232236141,262.3805987468091,871.6194012531912,0,0,528924.9275420654,1909859.317102744,0,0,1134,0.478,528924.9275420654,1909859.317102744,1.89,1.89,1134,93.50585520308009,0.7937023500589448,0.7302061620542293,526.3402181480624,581079.6008354608,0.0004960639687868406,0.0004563788512838934,0.92,3.968511750294725e-05,21963382.14668155,1757070.571734524,2285995.499276589,262.3805987468091,871.6194012531912,1134,0.0004563788512838934,-7.168782232236141
0.479,0.7958020917257674,0.7321379243877061,527.7326525876074,582616.8484567186,1.895,0.0004973763073286047,0.0004575862027423164,0.92,3.979010458628838e-05,21963382.14668155,1757070.571734524,2285995.499276589,93.75322519038983,-7.187747264596554,263.0747273149223,873.925272685078,0,0,528924.9275420654,1909859.317102744,0,0,1137,0.479,528924.9275420654,1909859.317102744,1.895,1.895,1137,93.75322519038983,0.7958020917257674,0.7321379243877061,527.7326525876074,582616.8484567186,0.0004973763073286047,0.0004575862027423164,0.92,3.979010458628838e-05,21963382.14668155,1757070.571734524,2285995.499276589,263.0747273149223,873.925272685078,1137,0.0004575862027423164,-7.187747264596554
0.48,0.79790183339259,0.7340696867211829,529.1250870271525,584154.0960779765,1.9,0.0004986886458703689,0.0004587935542007394,0.92,3.989509166962951e-05,21963382.14668155,1757070.571734524,2285995.499276589,94.00059517769957,-7.206712296956966,263.7688558830355,876.2311441169647,0,0,528924.9275420654,1909859.317102744,0,0,1140,0.48,528924.9275420654,1909859.317102744,1.9,1.9,1140,94.00059517769957,0.79790183339259,0.7340696867211829,529.1250870271525,584154.0960779765,0.0004986886458703689,0.0004587935542007394,0.92,3.989509166962951e-05,21963382.14668155,1757070.571734524,2285995.499276589,263.7688558830355,876.2311441169647,1140,0.0004587935542007394,-7.206712296956966
0.481,0.8000015750594126,0.7360014490546597,530.5175214666976,585691.3436992343,1.905,0.000500000984412133,0.0004600009056591624,0.92,4.000007875297064e-05,21963382.14668155,1757070.571734524,2285995.499276589,94.24796516500929,-7.225677329317381,264.4629844511488,878.5370155488515,0,0,528924.9275420654,1909859.317102744,0,0,1143,0.481,528924.9275420654,1909859.317102744,1.905,1.905,1143,94.24796516500929,0.8000015750594126,0.7360014490546597,530.5175214666976,585691.3436992343,0.000500000984412133,0.0004600009056591624,0.92,4.000007875297064e-05,21963382.14668155,1757070.571734524,2285995.499276589,264.4629844511488,878.5370155488515,1143,0.0004600009056591624,-7.225677329317381
0.482,0.8021013167262352,0.7379332113881364,531.9099559062428,587228.5913204921,1.91,0.0005013133229538971,0.0004612082571175854,0.92,4.010506583631177e-05,21963382.14668155,1757070.571734524,2285995.499276589,94.49533515231904,-7.244642361677794,265.157113019262,880.8428869807382,0,0,528924.9275420654,1909859.317102744,0,0,1146,0.482,528924.9275420654,1909859.317102744,1.91,1.91,1146,94.49533515231904,0.8021013167262352,0.7379332113881364,531.9099559062428,587228.5913204921,0.0005013133229538971,0.0004612082571175854,0.92,4.010506583631177e-05,21963382.14668155,1757070.571734524,2285995.499276589,265.157113019262,880.8428869807382,1146,0.0004612082571175854,-7.244642361677794
0.483,0.8042010583930578,0.7398649737216132,533.3023903457879,588765.8389417499,1.915,0.0005026256614956612,0.0004624156085760084,0.92,4.02100529196529e-05,21963382.14668155,1757070.571734524,2285995.499276589,94.74270513962877,-7.263607394038206,265.8512415873753,883.1487584126248,0,0,528924.9275420654,1909859.317102744,0,0,1149,0.483,528924.9275420654,1909859.317102744,1.915,1.915,1149,94.74270513962877,0.8042010583930578,0.7398649737216132,533.3023903457879,588765.8389417499,0.0005026256614956612,0.0004624156085760084,0.92,4.02100529196529e-05,21963382.14668155,1757070.571734524,2285995.499276589,265.8512415873753,883.1487584126248,1149,0.0004624156085760084,-7.263607394038206
0.484,0.8063008000598804,0.74179673605509,534.694824785333,590303.0865630078,1.92,0.0005039380000374254,0.0004636229600344314,0.92,4.031504000299403e-05,21963382.14668155,1757070.571734524,2285995.499276589,94.99007512693849,-7.28257242639862,266.5453701554885,885.4546298445117,0,0,528924.9275420654,1909859.317102744,0,0,1152,0.484,528924.9275420654,1909859.317102744,1.92,1.92,1152,94.99007512693849,0.8063008000598804,0.74179673605509,534.694824785333,590303.0865630078,0.0005039380000374254,0.0004636229600344314,0.92,4.031504000299403e-05,21963382.14668155,1757070.571734524,2285995.499276589,266.5453701554885,885.4546298445117,1152,0.0004636229600344314,-7.28257242639862
0.485,0.8084005417267031,0.7437284983885668,536.0872592248783,591840.3341842656,1.925,0.0005052503385791895,0.0004648303114928544,0.92,4.042002708633516e-05,21963382.14668155,1757070.571734524,2285995.499276589,95.23744511424823,-7.301537458759033,267.2394987236018,887.7605012763984,0,0,528924.9275420654,1909859.317102744,0,0,1155,0.485,528924.9275420654,1909859.317102744,1.925,1.925,1155,95.23744511424823,0.8084005417267031,0.7437284983885668,536.0872592248783,591840.3341842656,0.0005052503385791895,0.0004648303114928544,0.92,4.042002708633516e-05,21963382.14668155,1757070.571734524,2285995.499276589,267.2394987236018,887.7605012763984,1155,0.0004648303114928544,-7.301537458759033
0.486,0.8105002833935256,0.7456602607220436,537.4796936644234,593377.5818055235,1.93,0.0005065626771209536,0.0004660376629512774,0.92,4.052501416967629e-05,21963382.14668155,1757070.571734524,2285995.499276589,95.48481510155797,-7.320502491119444,267.9336272917151,890.0663727082853,0,0,528924.9275420654,1909859.317102744,0,0,1158,0.486,528924.9275420654,1909859.317102744,1.93,1.93,1158,95.48481510155797,0.8105002833935256,0.7456602607220436,537.4796936644234,593377.5818055235,0.0005065626771209536,0.0004660376629512774,0.92,4.052501416967629e-05,21963382.14668155,1757070.571734524,2285995.499276589,267.9336272917151,890.0663727082853,1158,0.0004660376629512774,-7.320502491119444
0.487,0.8126000250603482,0.7475920230555204,538.8721281039685,594914.8294267813,1.935,0.0005078750156627177,0.0004672450144097004,0.92,4.063000125301742e-05,21963382.14668155,1757070.571734524,2285995.499276589,95.73218508886771,-7.339467523479858,268.6277558598283,892.3722441401719,0,0,528924.9275420654,1909859.317102744,0,0,1161,0.487,528924.9275420654,1909859.317102744,1.935,1.935,1161,95.73218508886771,0.8126000250603482,0.7475920230555204,538.8721281039685,594914.8294267813,0.0005078750156627177,0.0004672450144097004,0.92,4.063000125301742e-05,21963382.14668155,1757070.571734524,2285995.499276589,268.6277558598283,892.3722441401719,1161,0.0004672450144097004,-7.339467523479858
0.488,0.8146997667271708,0.7495237853889972,540.2645625435136,596452.0770480392,1.94,0.0005091873542044819,0.0004684523658681233,0.92,4.073498833635855e-05,21963382.14668155,1757070.571734524,2285995.499276589,95.97955507617745,-7.358432555840271,269.3218844279415,894.6781155720588,0,0,528924.9275420654,1909859.317102744,0,0,1164,0.488,528924.9275420654,1909859.317102744,1.94,1.94,1164,95.97955507617745,0.8146997667271708,0.7495237853889972,540.2645625435136,596452.0770480392,0.0005091873542044819,0.0004684523658681233,0.92,4.073498833635855e-05,21963382.14668155,1757070.571734524,2285995.499276589,269.3218844279415,894.6781155720588,1164,0.0004684523658681233,-7.358432555840271
0.489,0.8167995083939934,0.751455547722474,541.6569969830588,597989.324669297,1.945,0.000510499692746246,0.0004696597173265463,0.92,4.083997541969968e-05,21963382.14668155,1757070.571734524,2285995.499276589,96.22692506348719,-7.377397588200684,270.0160129960548,896.9839870039455,0,0,528924.9275420654,1909859.317102744,0,0,1167,0.489,528924.9275420654,1909859.317102744,1.945,1.945,1167,96.22692506348719,0.8167995083939934,0.751455547722474,541.6569969830588,597989.324669297,0.000510499692746246,0.0004696597173265463,0.92,4.083997541969968e-05,21963382.14668155,1757070.571734524,2285995.499276589,270.0160129960548,896.9839870039455,1167,0.0004696597173265463,-7.377397588200684
0.49,0.818899250060816,0.7533873100559508,543.0494314226039,599526.5722905548,1.95,0.0005118120312880101,0.0004708670687849693,0.92,4.094496250304081e-05,21963382.14668155,1757070.571734524,2285995.499276589,96.4742950507969,-7.396362620561098,270.7101415641681,899.2898584358321,0,0,528924.9275420654,1909859.317102744,0,0,1170,0.49,528924.9275420654,1909859.317102744,1.95,1.95,1170,96.4742950507969,0.818899250060816,0.7533873100559508,543.0494314226039,599526.5722905548,0.0005118120312880101,0.0004708670687849693,0.92,4.094496250304081e-05,21963382.14668155,1757070.571734524,2285995.499276589,270.7101415641681,899.2898584358321,1170,0.0004708670687849693,-7.396362620561098
0.491,0.8209989917276386,0.7553190723894275,544.441865862149,601063.8199118125,1.955,0.0005131243698297742,0.0004720744202433923,0.92,4.104994958638194e-05,21963382.14668155,1757070.571734524,2285995.499276589,96.72166503810665,-7.415327652921509,271.4042701322813,901.5957298677189,0,0,528924.9275420654,1909859.317102744,0,0,1173,0.491,528924.9275420654,1909859.317102744,1.955,1.955,1173,96.72166503810665,0.8209989917276386,0.7553190723894275,544.441865862149,601063.8199118125,0.0005131243698297742,0.0004720744202433923,0.92,4.104994958638194e-05,21963382.14668155,1757070.571734524,2285995.499276589,271.4042701322813,901.5957298677189,1173,0.0004720744202433923,-7.415327652921509
0.492,0.8230987333944612,0.7572508347229043,545.8343003016942,602601.0675330705,1.96,0.0005144367083715384,0.0004732817717018153,0.92,4.115493666972307e-05,21963382.14668155,1757070.571734524,2285995.499276589,96.96903502541637,-7.434292685281923,272.0983987003945,903.9016012996057,0,0,528924.9275420654,1909859.317102744,0,0,1176,0.492,528924.9275420654,1909859.317102744,1.96,1.96,1176,96.96903502541637,0.8230987333944612,0.7572508347229043,545.8343003016942,602601.0675330705,0.0005144367083715384,0.0004732817717018153,0.92,4.115493666972307e-05,21963382.14668155,1757070.571734524,2285995.499276589,272.0983987003945,903.9016012996057,1176,0.0004732817717018153,-7.434292685281923
0.493,0.8251984750612839,0.7591825970563811,547.2267347412394,604138.3151543282,1.965,0.0005157490469133025,0.0004744891231602383,0.92,4.12599237530642e-05,21963382.14668155,1757070.571734524,2285995.499276589,97.21640501272613,-7.453257717642336,272.7925272685079,906.2074727314924,0,0,528924.9275420654,1909859.317102744,0,0,1179,0.493,528924.9275420654,1909859.317102744,1.965,1.965,1179,97.21640501272613,0.8251984750612839,0.7591825970563811,547.2267347412394,604138.3151543282,0.0005157490469133025,0.0004744891231602383,0.92,4.12599237530642e-05,21963382.14668155,1757070.571734524,2285995.499276589,272.7925272685079,906.2074727314924,1179,0.0004744891231602383,-7.453257717642336
0.494,0.8272982167281064,0.7611143593898579,548.6191691807845,605675.562775586,1.97,0.0005170613854550666,0.0004756964746186613,0.92,4.136491083640533e-05,21963382.14668155,1757070.571734524,2285995.499276589,97.46377500003585,-7.472222750002749,273.4866558366211,908.5133441633791,0,0,528924.9275420654,1909859.317102744,0,0,1182,0.494,528924.9275420654,1909859.317102744,1.97,1.97,1182,97.46377500003585,0.8272982167281064,0.7611143593898579,548.6191691807845,605675.562775586,0.0005170613854550666,0.0004756964746186613,0.92,4.136491083640533e-05,21963382.14668155,1757070.571734524,2285995.499276589,273.4866558366211,908.5133441633791,1182,0.0004756964746186613,-7.472222750002749
0.495,0.8293979583949291,0.7630461217233349,550.0116036203297,607212.8103968441,1.975,0.0005183737239968308,0.0004769038260770844,0.92,4.146989791974647e-05,21963382.14668155,1757070.571734524,2285995.499276589,97.71114498734561,-7.491187782363163,274.1807844047343,910.8192155952661,0,0,528924.9275420654,1909859.317102744,0,0,1185,0.495,528924.9275420654,1909859.317102744,1.975,1.975,1185,97.71114498734561,0.8293979583949291,0.7630461217233349,550.0116036203297,607212.8103968441,0.0005183737239968308,0.0004769038260770844,0.92,4.146989791974647e-05,21963382.14668155,1757070.571734524,2285995.499276589,274.1807844047343,910.8192155952661,1185,0.0004769038260770844,-7.491187782363163
0.496,0.8314977000617517,0.7649778840568117,551.4040380598748,608750.0580181018,1.98,0.000519686062538595,0.0004781111775355074,0.92,4.15748850030876e-05,21963382.14668155,1757070.571734524,2285995.499276589,97.95851497465534,-7.510152814723576,274.8749129728476,913.1250870271527,0,0,528924.9275420654,1909859.317102744,0,0,1188,0.496,528924.9275420654,1909859.317102744,1.98,1.98,1188,97.95851497465534,0.8314977000617517,0.7649778840568117,551.4040380598748,608750.0580181018,0.000519686062538595,0.0004781111775355074,0.92,4.15748850030876e-05,21963382.14668155,1757070.571734524,2285995.499276589,274.8749129728476,913.1250870271527,1188,0.0004781111775355074,-7.510152814723576
0.497,0.8335974417285744,0.7669096463902885,552.79647249942,610287.3056393596,1.985,0.0005209984010803591,0.0004793185289939304,0.92,4.167987208642873e-05,21963382.14668155,1757070.571734524,2285995.499276589,98.20588496196508,-7.52911784708399,275.5690415409609,915.4309584590395,0,0,528924.9275420654,1909859.317102744,0,0,1191,0.497,528924.9275420654,1909859.317102744,1.985,1.985,1191,98.20588496196508,0.8335974417285744,0.7669096463902885,552.79647249942,610287.3056393596,0.0005209984010803591,0.0004793185289939304,0.92,4.167987208642873e-05,21963382.14668155,1757070.571734524,2285995.499276589,275.5690415409609,915.4309584590395,1191,0.0004793185289939304,-7.52911784708399
0.498,0.835697183395397,0.7688414087237653,554.1889069389651,611824.5532606175,1.99,0.0005223107396221232,0.0004805258804523534,0.92,4.178485916976986e-05,21963382.14668155,1757070.571734524,2285995.499276589,98.45325494927481,-7.548082879444402,276.2631701090741,917.7368298909263,0,0,528924.9275420654,1909859.317102744,0,0,1194,0.498,528924.9275420654,1909859.317102744,1.99,1.99,1194,98.45325494927481,0.835697183395397,0.7688414087237653,554.1889069389651,611824.5532606175,0.0005223107396221232,0.0004805258804523534,0.92,4.178485916976986e-05,21963382.14668155,1757070.571734524,2285995.499276589,276.2631701090741,917.7368298909263,1194,0.0004805258804523534,-7.548082879444402
0.499,0.8377969250622196,0.7707731710572421,555.5813413785103,613361.8008818753,1.995,0.0005236230781638873,0.0004817332319107764,0.92,4.188984625311099e-05,21963382.14668155,1757070.571734524,2285995.499276589,98.70062493658455,-7.567047911804815,276.9572986771874,920.0427013228131,0,0,528924.9275420654,1909859.317102744,0,0,1197,0.499,528924.9275420654,1909859.317102744,1.995,1.995,1197,98.70062493658455,0.8377969250622196,0.7707731710572421,555.5813413785103,613361.8008818753,0.0005236230781638873,0.0004817332319107764,0.92,4.188984625311099e-05,21963382.14668155,1757070.571734524,2285995.499276589,276.9572986771874,920.0427013228131,1197,0.0004817332319107764,-7.567047911804815
0.5,0.8398966667290422,0.7727049333907189,556.9737758180554,614899.0485031332,2,0.0005249354167056515,0.0004829405833691994,0.92,4.199483333645212e-05,21963382.14668155,1757070.571734524,2285995.499276589,98.94799492389429,-7.58601294416523,277.6514272453006,922.3485727546998,0,0,528924.9275420654,1909859.317102744,0,0,1200,0.5,528924.9275420654,1909859.317102744,2,2,1200,98.94799492389429,0.8398966667290422,0.7727049333907189,556.9737758180554,614899.0485031332,0.0005249354167056515,0.0004829405833691994,0.92,4.199483333645212e-05,21963382.14668155,1757070.571734524,2285995.499276589,277.6514272453006,922.3485727546998,1200,0.0004829405833691994,-7.58601294416523
0.5000000001508743,0.8398966670438835,0.7727049336803729,556.9737760268411,614899.0487336325,2.000000000749715,0.0005249354169024273,0.0004829405835502332,0.92,4.199483335219419e-05,21963382.14668155,1757070.571734524,2285995.499276589,98.94799496098565,-7.586012947008901,277.6514273493802,922.3485731004488,0,0,528924.9275420654,1909859.317102744,0,0,1200.000000449829,0.5000000001499429,528924.9275420654,1909859.317102744,2.000000000749715,2.000000000749715,1200.000000449829,98.94799496098565,0.8398966670438835,0.7727049336803729,556.9737760268411,614899.0487336325,0.0005249354169024273,0.0004829405835502332,0.92,4.199483335219419e-05,21963382.14668155,1757070.571734524,2285995.499276589,277.6514273493802,922.3485731004488,1200.000000449829,0.0004829405835502332,-7.586012947008901
0.5000000001508743,0.8398966667290422,0.7727049333907189,556.9737758180554,614899.0485031332,2,0.0005249354167056515,0.0004829405833691994,0.92,4.199483333645212e-05,21963382.14668155,1757070.571734524,2285995.499276589,98.94799492389429,-7.58601294416523,277.6514272453006,922.3485727546998,0,0,528924.9275420654,1909859.317102744,0,0,1200,0.5000000001508743,528924.9275420654,1909859.317102744,2,2,1200,98.94799492389429,0.8398966667290422,0.7727049333907189,556.9737758180554,614899.0485031332,0.0005249354167056515,0.0004829405833691994,0.92,4.199483333645212e-05,21963382.14668155,1757070.571734524,2285995.499276589,277.6514272453006,922.3485727546998,1200,0.0004829405833691994,-7.58601294416523
0.501,0.8398966667290422,0.7727049333907189,556.9737758180554,614899.0485031332,2,0.0005249354167056515,0.0004829405833691994,0.92,4.199483333645212e-05,21963382.14668155,1757070.571734524,2285995.499276589,98.94799492389429,-7.58601294416523,277.6514272453006,922.3485727546998,0,0,528924.9275420654,1909859.317102744,0,0,1200,0.501,528924.9275420654,1909859.317102744,2,2,1200,98.94799492389429,0.8398966667290422,0.7727049333907189,556.9737758180554,614899.0485031332,0.0005249354167056515,0.0004829405833691994,0.92,4.199483333645212e-05,21963382.14668155,1757070.571734524,2285995.499276589,277.6514272453006,922.3485727546998,1200,0.0004829405833691994,-7.58601294416523
0.502,0.8398966667290422,0.7727049333907189,556.9737758180554,614899.0485031332,2,0.0005249354167056515,0.0004829405833691994,0.92,4.199483333645212e-05,21963382.14668155,1757070.571734524,2285995.499276589,98.94799492389429,-7.58601294416523,277.6514272453006,922.3485727546998,0,0,528924.9275420654,1909859.317102744,0,0,1200,0.502,528924.9275420654,1909859.317102744,2,2,1200,98.94799492389429,0.8398966667290422,0.7727049333907189,556.9737758180554,614899.0485031332,0.0005249354167056515,0.0004829405833691994,0.92,4.199483333645212e-05,21963382.14668155,1757070.571734524,2285995.499276589,277.6514272453006,922.3485727546998,1200,0.0004829405833691994,-7.58601294416523
0.503,0.8398966667290422,0.7727049333907189,556.9737758180554,614899.0485031332,2,0.0005249354167056515,0.0004829405833691994,0.92,4.199483333645212e-05,21963382.14668155,1757070.571734524,2285995.499276589,98.94799492389429,-7.58601294416523,277.6514272453006,922.3485727546998,0,0,528924.9275420654,1909859.317102744,0,0,1200,0.503,528924.9275420654,1909859.317102744,2,2,1200,98.94799492389429,0.8398966667290422,0.7727049333907189,556.9737758180554,614899.0485031332,0.0005249354167056515,0.0004829405833691994,0.92,4.199483333645212e-05,21963382.14668155,1757070.571734524,2285995.499276589,277.6514272453006,922.3485727546998,1200,0.0004829405833691994,-7.58601294416523
0.504,0.8398966667290422,0.7727049333907189,556.9737758180554,614899.0485031332,2,0.0005249354167056515,0.0004829405833691994,0.92,4.199483333645212e-05,21963382.14668155,1757070.571734524,2285995.499276589,98.94799492389429,-7.58601294416523,277.6514272453006,922.3485727546998,0,0,528924.9275420654,1909859.317102744,0,0,1200,0.504,528924.9275420654,1909859.317102744,2,2,1200,98.94799492389429,0.8398966667290422,0.7727049333907189,556.9737758180554,614899.0485031332,0.0005249354167056515,0.0004829405833691994,0.92,4.199483333645212e-05,21963382.14668155,1757070.571734524,2285995.499276589,277.6514272453006,922.3485727546998,1200,0.0004829405833691994,-7.58601294416523
0.505,0.8398966667290422,0.7727049333907189,556.9737758180554,614899.0485031332,2,0.0005249354167056515,0.0004829405833691994,0.92,4.199483333645212e-05,21963382.14668155,1757070.571734524,2285995.499276589,98.94799492389429,-7.58601294416523,277.6514272453006,922.3485727546998,0,0,528924.9275420654,1909859.317102744,0,0,1200,0.505,528924.9275420654,1909859.317102744,2,2,1200,98.94799492389429,0.8398966667290422,0.7727049333907189,556.9737758180554,614899.0485031332,0.0005249354167056515,0.0004829405833691994,0.92,4.199483333645212e-05,21963382.14668155,1757070.571734524,2285995.499276589,277.6514272453006,922.3485727546998,1200,0.0004829405833691994,-7.58601294416523
0.506,0.8398966667290422,0.7727049333907189,556.9737758180554,614899.0485031332,2,0.0005249354167056515,0.0004829405833691994,0.92,4.199483333645212e-05,21963382.14668155,1757070.571734524,2285995.499276589,98.94799492389429,-7.58601294416523,277.6514272453006,922.3485727546998,0,0,528924.9275420654,1909859.317102744,0,0,1200,0.506,528924.9275420654,1909859.317102744,2,2,1200,98.94799492389429,0.8398966667290422,0.7727049333907189,556.9737758180554,614899.0485031332,0.0005249354167056515,0.0004829405833691994,0.92,4.199483333645212e-05,21963382.14668155,1757070.571734524,2285995.499276589,277.6514272453006,922.3485727546998,1200,0.0004829405833691994,-7.58601294416523
0.507,0.8398966667290422,0.7727049333907189,556.9737758180554,614899.0485031332,2,0.0005249354167056515,0.0004829405833691994,0.92,4.199483333645212e-05,21963382.14668155,1757070.571734524,2285995.499276589,98.94799492389429,-7.58601294416523,277.6514272453006,922.3485727546998,0,0,528924.9275420654,1909859.317102744,0,0,1200,0.507,528924.9275420654,1909859.317102744,2,2,1200,98.94799492389429,0.8398966667290422,0.7727049333907189,556.9737758180554,614899.0485031332,0.0005249354167056515,0.0004829405833691994,0.92,4.199483333645212e-05,21963382.14668155,1757070.571734524,2285995.499276589,277.6514272453006,922.3485727546998,1200,0.0004829405833691994,-7.58601294416523
0.508,0.8398966667290422,0.7727049333907189,556.9737758180554,614899.0485031332,2,0.0005249354167056515,0.0004829405833691994,0.92,4.199483333645212e-05,21963382.14668155,1757070.571734524,2285995.499276589,98.94799492389429,-7.58601294416523,277.6514272453006,922.3485727546998,0,0,528924.9275420654,1909859.317102744,0,0,1200,0.508,528924.9275420654,1909859.317102744,2,2,1200,98.94799492389429,0.8398966667290422,0.7727049333907189,556.9737758180554,614899.0485031332,0.0005249354167056515,0.0004829405833691994,0.92,4.199483333645212e-05,21963382.14668155,1757070.571734524,2285995.499276589,277.6514272453006,922.3485727546998,1200,0.0004829405833691994,-7.58601294416523
0.509,0.8398966667290422,0.7727049333907189,556.9737758180554,614899.0485031332,2,0.0005249354167056515,0.0004829405833691994,0.92,4.199483333645212e-05,21963382.14668155,1757070.571734524,2285995.499276589,98.94799492389429,-7.58601294416523,277.6514272453006,922.3485727546998,0,0,528924.9275420654,1909859.317102744,0,0,1200,0.509,528924.9275420654,1909859.317102744,2,2,1200,98.94799492389429,0.8398966667290422,0.7727049333907189,556.9737758180554,614899.0485031332,0.0005249354167056515,0.0004829405833691994,0.92,4.199483333645212e-05,21963382.14668155,1757070.571734524,2285995.499276589,277.6514272453006,922.3485727546998,1200,0.0004829405833691994,-7.58601294416523
0.51,0.8398966667290422,0.7727049333907189,556.9737758180554,614899.0485031332,2,0.0005249354167056515,0.0004829405833691994,0.92,4.199483333645212e-05,21963382.14668155,1757070.571734524,2285995.499276589,98.94799492389429,-7.58601294416523,277.6514272453006,922.3485727546998,0,0,528924.9275420654,1909859.317102744,0,0,1200,0.51,528924.9275420654,1909859.317102744,2,2,1200,98.94799492389429,0.8398966667290422,0.7727049333907189,556.9737758180554,614899.0485031332,0.0005249354167056515,0.0004829405833691994,0.92,4.199483333645212e-05,21963382.14668155,1757070.571734524,2285995.499276589,277.6514272453006,922.3485727546998,1200,0.0004829405833691994,-7.58601294416523
0.511,0.8398966667290422,0.7727049333907189,556.9737758180554,614899.0485031332,2,0.0005249354167056515,0.0004829405833691994,0.92,4.199483333645212e-05,21963382.14668155,1757070.571734524,2285995.499276589,98.94799492389429,-7.58601294416523,277.6514272453006,922.3485727546998,0,0,528924.9275420654,1909859.317102744,0,0,1200,0.511,528924.9275420654,1909859.317102744,2,2,1200,98.94799492389429,0.8398966667290422,0.7727049333907189,556.9737758180554,614899.0485031332,0.0005249354167056515,0.0004829405833691994,0.92,4.199483333645212e-05,21963382.14668155,1757070.571734524,2285995.499276589,277.6514272453006,922.3485727546998,1200,0.0004829405833691994,-7.58601294416523
0.512,0.8398966667290422,0.7727049333907189,556.9737758180554,614899.0485031332,2,0.0005249354167056515,0.0004829405833691994,0.92,4.199483333645212e-05,21963382.14668155,1757070.571734524,2285995.499276589,98.94799492389429,-7.58601294416523,277.6514272453006,922.3485727546998,0,0,528924.9275420654,1909859.317102744,0,0,1200,0.512,528924.9275420654,1909859.317102744,2,2,1200,98.94799492389429,0.8398966667290422,0.7727049333907189,556.9737758180554,614899.0485031332,0.0005249354167056515,0.0004829405833691994,0.92,4.199483333645212e-05,21963382.14668155,1757070.571734524,2285995.499276589,277.6514272453006,922.3485727546998,1200,0.0004829405833691994,-7.58601294416523
0.513,0.8398966667290422,0.7727049333907189,556.9737758180554,614899.0485031332,2,0.0005249354167056515,0.0004829405833691994,0.92,4.199483333645212e-05,21963382.14668155,1757070.571734524,2285995.499276589,98.94799492389429,-7.58601294416523,277.6514272453006,922.3485727546998,0,0,528924.9275420654,1909859.317102744,0,0,1200,0.513,528924.9275420654,1909859.317102744,2,2,1200,98.94799492389429,0.8398966667290422,0.7727049333907189,556.9737758180554,614899.0485031332,0.0005249354167056515,0.0004829405833691994,0.92,4.199483333645212e-05,21963382.14668155,1757070.571734524,2285995.499276589,277.6514272453006,922.3485727546998,1200,0.0004829405833691994,-7.58601294416523
0.514,0.8398966667290422,0.7727049333907189,556.9737758180554,614899.0485031332,2,0.0005249354167056515,0.0004829405833691994,0.92,4.199483333645212e-05,21963382.14668155,1757070.571734524,2285995.499276589,98.94799492389429,-7.58601294416523,277.6514272453006,922.3485727546998,0,0,528924.9275420654,1909859.317102744,0,0,1200,0.514,528924.9275420654,1909859.317102744,2,2,1200,98.94799492389429,0.8398966667290422,0.7727049333907189,556.9737758180554,614899.0485031332,0.0005249354167056515,0.0004829405833691994,0.92,4.199483333645212e-05,21963382.14668155,1757070.571734524,2285995.499276589,277.6514272453006,922.3485727546998,1200,0.0004829405833691994,-7.58601294416523
0.515,0.8398966667290422,0.7727049333907189,556.9737758180554,614899.0485031332,2,0.0005249354167056515,0.0004829405833691994,0.92,4.199483333645212e-05,21963382.14668155,1757070.571734524,2285995.499276589,98.94799492389429,-7.58601294416523,277.6514272453006,922.3485727546998,0,0,528924.9275420654,1909859.317102744,0,0,1200,0.515,528924.9275420654,1909859.317102744,2,2,1200,98.94799492389429,0.8398966667290422,0.7727049333907189,556.9737758180554,614899.0485031332,0.0005249354167056515,0.0004829405833691994,0.92,4.199483333645212e-05,21963382.14668155,1757070.571734524,2285995.499276589,277.6514272453006,922.3485727546998,1200,0.0004829405833691994,-7.58601294416523
0.516,0.8398966667290422,0.7727049333907189,556.9737758180554,614899.0485031332,2,0.0005249354167056515,0.0004829405833691994,0.92,4.199483333645212e-05,21963382.14668155,1757070.571734524,2285995.499276589,98.94799492389429,-7.58601294416523,277.6514272453006,922.3485727546998,0,0,528924.9275420654,1909859.317102744,0,0,1200,0.516,528924.9275420654,1909859.317102744,2,2,1200,98.94799492389429,0.8398966667290422,0.7727049333907189,556.9737758180554,614899.0485031332,0.0005249354167056515,0.0004829405833691994,0.92,4.199483333645212e-05,21963382.14668155,1757070.571734524,2285995.499276589,277.6514272453006,922.3485727546998,1200,0.0004829405833691994,-7.58601294416523
0.517,0.8398966667290422,0.7727049333907189,556.9737758180554,614899.0485031332,2,0.0005249354167056515,0.0004829405833691994,0.92,4.199483333645212e-05,21963382.14668155,1757070.571734524,2285995.499276589,98.94799492389429,-7.58601294416523,277.6514272453006,922.3485727546998,0,0,528924.9275420654,1909859.317102744,0,0,1200,0.517,528924.9275420654,1909859.317102744,2,2,1200,98.94799492389429,0.8398966667290422,0.7727049333907189,556.9737758180554,614899.0485031332,0.0005249354167056515,0.0004829405833691994,0.92,4.199483333645212e-05,21963382.14668155,1757070.571734524,2285995.499276589,277.6514272453006,922.3485727546998,1200,0.0004829405833691994,-7.58601294416523
0.518,0.8398966667290422,0.7727049333907189,556.9737758180554,614899.0485031332,2,0.0005249354167056515,0.0004829405833691994,0.92,4.199483333645212e-05,21963382.14668155,1757070.571734524,2285995.499276589,98.94799492389429,-7.58601294416523,277.6514272453006,922.3485727546998,0,0,528924.9275420654,1909859.317102744,0,0,1200,0.518,528924.9275420654,1909859.317102744,2,2,1200,98.94799492389429,0.8398966667290422,0.7727049333907189,556.9737758180554,614899.0485031332,0.0005249354167056515,0.0004829405833691994,0.92,4.199483333645212e-05,21963382.14668155,1757070.571734524,2285995.499276589,277.6514272453006,922.3485727546998,1200,0.0004829405833691994,-7.58601294416523
0.519,0.8398966667290422,0.7727049333907189,556.9737758180554,614899.0485031332,2,0.0005249354167056515,0.0004829405833691994,0.92,4.199483333645212e-05,21963382.14668155,1757070.571734524,2285995.499276589,98.94799492389429,-7.58601294416523,277.6514272453006,922.3485727546998,0,0,528924.9275420654,1909859.317102744,0,0,1200,0.519,528924.9275420654,1909859.317102744,2,2,1200,98.94799492389429,0.8398966667290422,0.7727049333907189,556.9737758180554,614899.0485031332,0.0005249354167056515,0.0004829405833691994,0.92,4.199483333645212e-05,21963382.14668155,1757070.571734524,2285995.499276589,277.6514272453006,922.3485727546998,1200,0.0004829405833691994,-7.58601294416523
0.52,0.8398966667290422,0.7727049333907189,556.9737758180554,614899.0485031332,2,0.0005249354167056515,0.0004829405833691994,0.92,4.199483333645212e-05,21963382.14668155,1757070.571734524,2285995.499276589,98.94799492389429,-7.58601294416523,277.6514272453006,922.3485727546998,0,0,528924.9275420654,1909859.317102744,0,0,1200,0.52,528924.9275420654,1909859.317102744,2,2,1200,98.94799492389429,0.8398966667290422,0.7727049333907189,556.9737758180554,614899.0485031332,0.0005249354167056515,0.0004829405833691994,0.92,4.199483333645212e-05,21963382.14668155,1757070.571734524,2285995.499276589,277.6514272453006,922.3485727546998,1200,0.0004829405833691994,-7.58601294416523
0.521,0.8398966667290422,0.7727049333907189,556.9737758180554,614899.0485031332,2,0.0005249354167056515,0.0004829405833691994,0.92,4.199483333645212e-05,21963382.14668155,1757070.571734524,2285995.499276589,98.94799492389429,-7.58601294416523,277.6514272453006,922.3485727546998,0,0,528924.9275420654,1909859.317102744,0,0,1200,0.521,528924.9275420654,1909859.317102744,2,2,1200,98.94799492389429,0.8398966667290422,0.7727049333907189,556.9737758180554,614899.0485031332,0.0005249354167056515,0.0004829405833691994,0.92,4.199483333645212e-05,21963382.14668155,1757070.571734524,2285995.499276589,277.6514272453006,922.3485727546998,1200,0.0004829405833691994,-7.58601294416523
0.522,0.8398966667290422,0.7727049333907189,556.9737758180554,614899.0485031332,2,0.0005249354167056515,0.0004829405833691994,0.92,4.199483333645212e-05,21963382.14668155,1757070.571734524,2285995.499276589,98.94799492389429,-7.58601294416523,277.6514272453006,922.3485727546998,0,0,528924.9275420654,1909859.317102744,0,0,1200,0.522,528924.9275420654,1909859.317102744,2,2,1200,98.94799492389429,0.8398966667290422,0.7727049333907189,556.9737758180554,614899.0485031332,0.0005249354167056515,0.0004829405833691994,0.92,4.199483333645212e-05,21963382.14668155,1757070.571734524,2285995.499276589,277.6514272453006,922.3485727546998,1200,0.0004829405833691994,-7.58601294416523
0.523,0.8398966667290422,0.7727049333907189,556.9737758180554,614899.0485031332,2,0.0005249354167056515,0.0004829405833691994,0.92,4.199483333645212e-05,21963382.14668155,1757070.571734524,2285995.499276589,98.94799492389429,-7.58601294416523,277.6514272453006,922.3485727546998,0,0,528924.9275420654,1909859.317102744,0,0,1200,0.523,528924.9275420654,1909859.317102744,2,2,1200,98.94799492389429,0.8398966667290422,0.7727049333907189,556.9737758180554,614899.0485031332,0.0005249354167056515,0.0004829405833691994,0.92,4.199483333645212e-05,21963382.14668155,1757070.571734524,2285995.499276589,277.6514272453006,922.3485727546998,1200,0.0004829405833691994,-7.58601294416523
0.524,0.8398966667290422,0.7727049333907189,556.9737758180554,614899.0485031332,2,0.0005249354167056515,0.0004829405833691994,0.92,4.199483333645212e-05,21963382.14668155,1757070.571734524,2285995.499276589,98.94799492389429,-7.58601294416523,277.6514272453006,922.3485727546998,0,0,528924.9275420654,1909859.317102744,0,0,1200,0.524,528924.9275420654,1909859.317102744,2,2,1200,98.94799492389429,0.8398966667290422,0.7727049333907189,556.9737758180554,614899.0485031332,0.0005249354167056515,0.0004829405833691994,0.92,4.199483333645212e-05,21963382.14668155,1757070.571734524,2285995.499276589,277.6514272453006,922.3485727546998,1200,0.0004829405833691994,-7.58601294416523
0.525,0.8398966667290422,0.7727049333907189,556.9737758180554,614899.0485031332,2,0.0005249354167056515,0.0004829405833691994,0.92,4.199483333645212e-05,21963382.14668155,1757070.571734524,2285995.499276589,98.94799492389429,-7.58601294416523,277.6514272453006,922.3485727546998,0,0,528924.9275420654,1909859.317102744,0,0,1200,0.525,528924.9275420654,1909859.317102744,2,2,1200,98.94799492389429,0.8398966667290422,0.7727049333907189,556.9737758180554,614899.0485031332,0.0005249354167056515,0.0004829405833691994,0.92,4.199483333645212e-05,21963382.14668155,1757070.571734524,2285995.499276589,277.6514272453006,922.3485727546998,1200,0.0004829405833691994,-7.58601294416523
0.526,0.8398966667290422,0.7727049333907189,556.9737758180554,614899.0485031332,2,0.0005249354167056515,0.0004829405833691994,0.92,4.199483333645212e-05,21963382.14668155,1757070.571734524,2285995.499276589,98.94799492389429,-7.58601294416523,277.6514272453006,922.3485727546998,0,0,528924.9275420654,1909859.317102744,0,0,1200,0.526,528924.9275420654,1909859.317102744,2,2,1200,98.94799492389429,0.8398966667290422,0.7727049333907189,556.9737758180554,614899.0485031332,0.0005249354167056515,0.0004829405833691994,0.92,4.199483333645212e-05,21963382.14668155,1757070.571734524,2285995.499276589,277.6514272453006,922.3485727546998,1200,0.0004829405833691994,-7.58601294416523
0.527,0.8398966667290422,0.7727049333907189,556.9737758180554,614899.0485031332,2,0.0005249354167056515,0.0004829405833691994,0.92,4.199483333645212e-05,21963382.14668155,1757070.571734524,2285995.499276589,98.94799492389429,-7.58601294416523,277.6514272453006,922.3485727546998,0,0,528924.9275420654,1909859.317102744,0,0,1200,0.527,528924.9275420654,1909859.317102744,2,2,1200,98.94799492389429,0.8398966667290422,0.7727049333907189,556.9737758180554,614899.0485031332,0.0005249354167056515,0.0004829405833691994,0.92,4.199483333645212e-05,21963382.14668155,1757070.571734524,2285995.499276589,277.6514272453006,922.3485727546998,1200,0.0004829405833691994,-7.58601294416523
0.528,0.8398966667290422,0.7727049333907189,556.9737758180554,614899.0485031332,2,0.0005249354167056515,0.0004829405833691994,0.92,4.199483333645212e-05,21963382.14668155,1757070.571734524,2285995.499276589,98.94799492389429,-7.58601294416523,277.6514272453006,922.3485727546998,0,0,528924.9275420654,1909859.317102744,0,0,1200,0.528,528924.9275420654,1909859.317102744,2,2,1200,98.94799492389429,0.8398966667290422,0.7727049333907189,556.9737758180554,614899.0485031332,0.0005249354167056515,0.0004829405833691994,0.92,4.199483333645212e-05,21963382.14668155,1757070.571734524,2285995.499276589,277.6514272453006,922.3485727546998,1200,0.0004829405833691994,-7.58601294416523
0.529,0.8398966667290422,0.7727049333907189,556.9737758180554,614899.0485031332,2,0.0005249354167056515,0.0004829405833691994,0.92,4.199483333645212e-05,21963382.14668155,1757070.571734524,2285995.499276589,98.94799492389429,-7.58601294416523,277.6514272453006,922.3485727546998,0,0,528924.9275420654,1909859.317102744,0,0,1200,0.529,528924.9275420654,1909859.317102744,2,2,1200,98.94799492389429,0.8398966667290422,0.7727049333907189,556.9737758180554,614899.0485031332,0.0005249354167056515,0.0004829405833691994,0.92,4.199483333645212e-05,21963382.14668155,1757070.571734524,2285995.499276589,277.6514272453006,922.3485727546998,1200,0.0004829405833691994,-7.58601294416523
0.53,0.8398966667290422,0.7727049333907189,556.9737758180554,614899.0485031332,2,0.0005249354167056515,0.0004829405833691994,0.92,4.199483333645212e-05,21963382.14668155,1757070.571734524,2285995.499276589,98.94799492389429,-7.58601294416523,277.6514272453006,922.3485727546998,0,0,528924.9275420654,1909859.317102744,0,0,1200,0.53,528924.9275420654,1909859.317102744,2,2,1200,98.94799492389429,0.8398966667290422,0.7727049333907189,556.9737758180554,614899.0485031332,0.0005249354167056515,0.0004829405833691994,0.92,4.199483333645212e-05,21963382.14668155,1757070.571734524,2285995.499276589,277.6514272453006,922.3485727546998,1200,0.0004829405833691994,-7.58601294416523
0.531,0.8398966667290422,0.7727049333907189,556.9737758180554,614899.0485031332,2,0.0005249354167056515,0.0004829405833691994,0.92,4.199483333645212e-05,21963382.14668155,1757070.571734524,2285995.499276589,98.94799492389429,-7.58601294416523,277.6514272453006,922.3485727546998,0,0,528924.9275420654,1909859.317102744,0,0,1200,0.531,528924.9275420654,1909859.317102744,2,2,1200,98.94799492389429,0.8398966667290422,0.7727049333907189,556.9737758180554,614899.0485031332,0.0005249354167056515,0.0004829405833691994,0.92,4.199483333645212e-05,21963382.14668155,1757070.571734524,2285995.499276589,277.6514272453006,922.3485727546998,1200,0.0004829405833691994,-7.58601294416523
0.532,0.8398966667290422,0.7727049333907189,556.9737758180554,614899.0485031332,2,0.0005249354167056515,0.0004829405833691994,0.92,4.199483333645212e-05,21963382.14668155,1757070.571734524,2285995.499276589,98.94799492389429,-7.58601294416523,277.6514272453006,922.3485727546998,0,0,528924.9275420654,1909859.317102744,0,0,1200,0.532,528924.9275420654,1909859.317102744,2,2,1200,98.94799492389429,0.8398966667290422,0.7727049333907189,556.9737758180554,614899.0485031332,0.0005249354167056515,0.0004829405833691994,0.92,4.199483333645212e-05,21963382.14668155,1757070.571734524,2285995.499276589,277.6514272453006,922.3485727546998,1200,0.0004829405833691994,-7.58601294416523
0.533,0.8398966667290422,0.7727049333907189,556.9737758180554,614899.0485031332,2,0.0005249354167056515,0.0004829405833691994,0.92,4.199483333645212e-05,21963382.14668155,1757070.571734524,2285995.499276589,98.94799492389429,-7.58601294416523,277.6514272453006,922.3485727546998,0,0,528924.9275420654,1909859.317102744,0,0,1200,0.533,528924.9275420654,1909859.317102744,2,2,1200,98.94799492389429,0.8398966667290422,0.7727049333907189,556.9737758180554,614899.0485031332,0.0005249354167056515,0.0004829405833691994,0.92,4.199483333645212e-05,21963382.14668155,1757070.571734524,2285995.499276589,277.6514272453006,922.3485727546998,1200,0.0004829405833691994,-7.58601294416523
0.534,0.8398966667290422,0.7727049333907189,556.9737758180554,614899.0485031332,2,0.0005249354167056515,0.0004829405833691994,0.92,4.199483333645212e-05,21963382.14668155,1757070.571734524,2285995.499276589,98.94799492389429,-7.58601294416523,277.6514272453006,922.3485727546998,0,0,528924.9275420654,1909859.317102744,0,0,1200,0.534,528924.9275420654,1909859.317102744,2,2,1200,98.94799492389429,0.8398966667290422,0.7727049333907189,556.9737758180554,614899.0485031332,0.0005249354167056515,0.0004829405833691994,0.92,4.199483333645212e-05,21963382.14668155,1757070.571734524,2285995.499276589,277.6514272453006,922.3485727546998,1200,0.0004829405833691994,-7.58601294416523
0.535,0.8398966667290422,0.7727049333907189,556.9737758180554,614899.0485031332,2,0.0005249354167056515,0.0004829405833691994,0.92,4.199483333645212e-05,21963382.14668155,1757070.571734524,2285995.499276589,98.94799492389429,-7.58601294416523,277.6514272453006,922.3485727546998,0,0,528924.9275420654,1909859.317102744,0,0,1200,0.535,528924.9275420654,1909859.317102744,2,2,1200,98.94799492389429,0.8398966667290422,0.7727049333907189,556.9737758180554,614899.0485031332,0.0005249354167056515,0.0004829405833691994,0.92,4.199483333645212e-05,21963382.14668155,1757070.571734524,2285995.499276589,277.6514272453006,922.3485727546998,1200,0.0004829405833691994,-7.58601294416523
0.536,0.8398966667290422,0.7727049333907189,556.9737758180554,614899.0485031332,2,0.0005249354167056515,0.0004829405833691994,0.92,4.199483333645212e-05,21963382.14668155,1757070.571734524,2285995.499276589,98.94799492389429,-7.58601294416523,277.6514272453006,922.3485727546998,0,0,528924.9275420654,1909859.317102744,0,0,1200,0.536,528924.9275420654,1909859.317102744,2,2,1200,98.94799492389429,0.8398966667290422,0.7727049333907189,556.9737758180554,614899.0485031332,0.0005249354167056515,0.0004829405833691994,0.92,4.199483333645212e-05,21963382.14668155,1757070.571734524,2285995.499276589,277.6514272453006,922.3485727546998,1200,0.0004829405833691994,-7.58601294416523
0.537,0.8398966667290422,0.7727049333907189,556.9737758180554,614899.0485031332,2,0.0005249354167056515,0.0004829405833691994,0.92,4.199483333645212e-05,21963382.14668155,1757070.571734524,2285995.499276589,98.94799492389429,-7.58601294416523,277.6514272453006,922.3485727546998,0,0,528924.9275420654,1909859.317102744,0,0,1200,0.537,528924.9275420654,1909859.317102744,2,2,1200,98.94799492389429,0.8398966667290422,0.7727049333907189,556.9737758180554,614899.0485031332,0.0005249354167056515,0.0004829405833691994,0.92,4.199483333645212e-05,21963382.14668155,1757070.571734524,2285995.499276589,277.6514272453006,922.3485727546998,1200,0.0004829405833691994,-7.58601294416523
0.538,0.8398966667290422,0.7727049333907189,556.9737758180554,614899.0485031332,2,0.0005249354167056515,0.0004829405833691994,0.92,4.199483333645212e-05,21963382.14668155,1757070.571734524,2285995.499276589,98.94799492389429,-7.58601294416523,277.6514272453006,922.3485727546998,0,0,528924.9275420654,1909859.317102744,0,0,1200,0.538,528924.9275420654,1909859.317102744,2,2,1200,98.94799492389429,0.8398966667290422,0.7727049333907189,556.9737758180554,614899.0485031332,0.0005249354167056515,0.0004829405833691994,0.92,4.199483333645212e-05,21963382.14668155,1757070.571734524,2285995.499276589,277.6514272453006,922.3485727546998,1200,0.0004829405833691994,-7.58601294416523
0.539,0.8398966667290422,0.7727049333907189,556.9737758180554,614899.0485031332,2,0.0005249354167056515,0.0004829405833691994,0.92,4.199483333645212e-05,21963382.14668155,1757070.571734524,2285995.499276589,98.94799492389429,-7.58601294416523,277.6514272453006,922.3485727546998,0,0,528924.9275420654,1909859.317102744,0,0,1200,0.539,528924.9275420654,1909859.317102744,2,2,1200,98.94799492389429,0.8398966667290422,0.7727049333907189,556.9737758180554,614899.0485031332,0.0005249354167056515,0.0004829405833691994,0.92,4.199483333645212e-05,21963382.14668155,1757070.571734524,2285995.499276589,277.6514272453006,922.3485727546998,1200,0.0004829405833691994,-7.58601294416523
0.54,0.8398966667290422,0.7727049333907189,556.9737758180554,614899.0485031332,2,0.0005249354167056515,0.0004829405833691994,0.92,4.199483333645212e-05,21963382.14668155,1757070.571734524,2285995.499276589,98.94799492389429,-7.58601294416523,277.6514272453006,922.3485727546998,0,0,528924.9275420654,1909859.317102744,0,0,1200,0.54,528924.9275420654,1909859.317102744,2,2,1200,98.94799492389429,0.8398966667290422,0.7727049333907189,556.9737758180554,614899.0485031332,0.0005249354167056515,0.0004829405833691994,0.92,4.199483333645212e-05,21963382.14668155,1757070.571734524,2285995.499276589,277.6514272453006,922.3485727546998,1200,0.0004829405833691994,-7.58601294416523
0.541,0.8398966667290422,0.7727049333907189,556.9737758180554,614899.0485031332,2,0.0005249354167056515,0.0004829405833691994,0.92,4.199483333645212e-05,21963382.14668155,1757070.571734524,2285995.499276589,98.94799492389429,-7.58601294416523,277.6514272453006,922.3485727546998,0,0,528924.9275420654,1909859.317102744,0,0,1200,0.541,528924.9275420654,1909859.317102744,2,2,1200,98.94799492389429,0.8398966667290422,0.7727049333907189,556.9737758180554,614899.0485031332,0.0005249354167056515,0.0004829405833691994,0.92,4.199483333645212e-05,21963382.14668155,1757070.571734524,2285995.499276589,277.6514272453006,922.3485727546998,1200,0.0004829405833691994,-7.58601294416523
0.542,0.8398966667290422,0.7727049333907189,556.9737758180554,614899.0485031332,2,0.0005249354167056515,0.0004829405833691994,0.92,4.199483333645212e-05,21963382.14668155,1757070.571734524,2285995.499276589,98.94799492389429,-7.58601294416523,277.6514272453006,922.3485727546998,0,0,528924.9275420654,1909859.317102744,0,0,1200,0.542,528924.9275420654,1909859.317102744,2,2,1200,98.94799492389429,0.8398966667290422,0.7727049333907189,556.9737758180554,614899.0485031332,0.0005249354167056515,0.0004829405833691994,0.92,4.199483333645212e-05,21963382.14668155,1757070.571734524,2285995.499276589,277.6514272453006,922.3485727546998,1200,0.0004829405833691994,-7.58601294416523
0.543,0.8398966667290422,0.7727049333907189,556.9737758180554,614899.0485031332,2,0.0005249354167056515,0.0004829405833691994,0.92,4.199483333645212e-05,21963382.14668155,1757070.571734524,2285995.499276589,98.94799492389429,-7.58601294416523,277.6514272453006,922.3485727546998,0,0,528924.9275420654,1909859.317102744,0,0,1200,0.543,528924.9275420654,1909859.317102744,2,2,1200,98.94799492389429,0.8398966667290422,0.7727049333907189,556.9737758180554,614899.0485031332,0.0005249354167056515,0.0004829405833691994,0.92,4.199483333645212e-05,21963382.14668155,1757070.571734524,2285995.499276589,277.6514272453006,922.3485727546998,1200,0.0004829405833691994,-7.58601294416523
0.544,0.8398966667290422,0.7727049333907189,556.9737758180554,614899.0485031332,2,0.0005249354167056515,0.0004829405833691994,0.92,4.199483333645212e-05,21963382.14668155,1757070.571734524,2285995.499276589,98.94799492389429,-7.58601294416523,277.6514272453006,922.3485727546998,0,0,528924.9275420654,1909859.317102744,0,0,1200,0.544,528924.9275420654,1909859.317102744,2,2,1200,98.94799492389429,0.8398966667290422,0.7727049333907189,556.9737758180554,614899.0485031332,0.0005249354167056515,0.0004829405833691994,0.92,4.199483333645212e-05,21963382.14668155,1757070.571734524,2285995.499276589,277.6514272453006,922.3485727546998,1200,0.0004829405833691994,-7.58601294416523
0.545,0.8398966667290422,0.7727049333907189,556.9737758180554,614899.0485031332,2,0.0005249354167056515,0.0004829405833691994,0.92,4.199483333645212e-05,21963382.14668155,1757070.571734524,2285995.499276589,98.94799492389429,-7.58601294416523,277.6514272453006,922.3485727546998,0,0,528924.9275420654,1909859.317102744,0,0,1200,0.545,528924.9275420654,1909859.317102744,2,2,1200,98.94799492389429,0.8398966667290422,0.7727049333907189,556.9737758180554,614899.0485031332,0.0005249354167056515,0.0004829405833691994,0.92,4.199483333645212e-05,21963382.14668155,1757070.571734524,2285995.499276589,277.6514272453006,922.3485727546998,1200,0.0004829405833691994,-7.58601294416523
0.546,0.8398966667290422,0.7727049333907189,556.9737758180554,614899.0485031332,2,0.0005249354167056515,0.0004829405833691994,0.92,4.199483333645212e-05,21963382.14668155,1757070.571734524,2285995.499276589,98.94799492389429,-7.58601294416523,277.6514272453006,922.3485727546998,0,0,528924.9275420654,1909859.317102744,0,0,1200,0.546,528924.9275420654,1909859.317102744,2,2,1200,98.94799492389429,0.8398966667290422,0.7727049333907189,556.9737758180554,614899.0485031332,0.0005249354167056515,0.0004829405833691994,0.92,4.199483333645212e-05,21963382.14668155,1757070.571734524,2285995.499276589,277.6514272453006,922.3485727546998,1200,0.0004829405833691994,-7.58601294416523
0.547,0.8398966667290422,0.7727049333907189,556.9737758180554,614899.0485031332,2,0.0005249354167056515,0.0004829405833691994,0.92,4.199483333645212e-05,21963382.14668155,1757070.571734524,2285995.499276589,98.94799492389429,-7.58601294416523,277.6514272453006,922.3485727546998,0,0,528924.9275420654,1909859.317102744,0,0,1200,0.547,528924.9275420654,1909859.317102744,2,2,1200,98.94799492389429,0.8398966667290422,0.7727049333907189,556.9737758180554,614899.0485031332,0.0005249354167056515,0.0004829405833691994,0.92,4.199483333645212e-05,21963382.14668155,1757070.571734524,2285995.499276589,277.6514272453006,922.3485727546998,1200,0.0004829405833691994,-7.58601294416523
0.548,0.8398966667290422,0.7727049333907189,556.9737758180554,614899.0485031332,2,0.0005249354167056515,0.0004829405833691994,0.92,4.199483333645212e-05,21963382.14668155,1757070.571734524,2285995.499276589,98.94799492389429,-7.58601294416523,277.6514272453006,922.3485727546998,0,0,528924.9275420654,1909859.317102744,0,0,1200,0.548,528924.9275420654,1909859.317102744,2,2,1200,98.94799492389429,0.8398966667290422,0.7727049333907189,556.9737758180554,614899.0485031332,0.0005249354167056515,0.0004829405833691994,0.92,4.199483333645212e-05,21963382.14668155,1757070.571734524,2285995.499276589,277.6514272453006,922.3485727546998,1200,0.0004829405833691994,-7.58601294416523
0.549,0.8398966667290422,0.7727049333907189,556.9737758180554,614899.0485031332,2,0.0005249354167056515,0.0004829405833691994,0.92,4.199483333645212e-05,21963382.14668155,1757070.571734524,2285995.499276589,98.94799492389429,-7.58601294416523,277.6514272453006,922.3485727546998,0,0,528924.9275420654,1909859.317102744,0,0,1200,0.549,528924.9275420654,1909859.317102744,2,2,1200,98.94799492389429,0.8398966667290422,0.7727049333907189,556.9737758180554,614899.0485031332,0.0005249354167056515,0.0004829405833691994,0.92,4.199483333645212e-05,21963382.14668155,1757070.571734524,2285995.499276589,277.6514272453006,922.3485727546998,1200,0.0004829405833691994,-7.58601294416523
0.55,0.8398966667290422,0.7727049333907189,556.9737758180554,614899.0485031332,2,0.0005249354167056515,0.0004829405833691994,0.92,4.199483333645212e-05,21963382.14668155,1757070.571734524,2285995.499276589,98.94799492389429,-7.58601294416523,277.6514272453006,922.3485727546998,0,0,528924.9275420654,1909859.317102744,0,0,1200,0.55,528924.9275420654,1909859.317102744,2,2,1200,98.94799492389429,0.8398966667290422,0.7727049333907189,556.9737758180554,614899.0485031332,0.0005249354167056515,0.0004829405833691994,0.92,4.199483333645212e-05,21963382.14668155,1757070.571734524,2285995.499276589,277.6514272453006,922.3485727546998,1200,0.0004829405833691994,-7.58601294416523
0.551,0.8398966667290422,0.7727049333907189,556.9737758180554,614899.0485031332,2,0.0005249354167056515,0.0004829405833691994,0.92,4.199483333645212e-05,21963382.14668155,1757070.571734524,2285995.499276589,98.94799492389429,-7.58601294416523,277.6514272453006,922.3485727546998,0,0,528924.9275420654,1909859.317102744,0,0,1200,0.551,528924.9275420654,1909859.317102744,2,2,1200,98.94799492389429,0.8398966667290422,0.7727049333907189,556.9737758180554,614899.0485031332,0.0005249354167056515,0.0004829405833691994,0.92,4.199483333645212e-05,21963382.14668155,1757070.571734524,2285995.499276589,277.6514272453006,922.3485727546998,1200,0.0004829405833691994,-7.58601294416523
0.552,0.8398966667290422,0.7727049333907189,556.9737758180554,614899.0485031332,2,0.0005249354167056515,0.0004829405833691994,0.92,4.199483333645212e-05,21963382.14668155,1757070.571734524,2285995.499276589,98.94799492389429,-7.58601294416523,277.6514272453006,922.3485727546998,0,0,528924.9275420654,1909859.317102744,0,0,1200,0.552,528924.9275420654,1909859.317102744,2,2,1200,98.94799492389429,0.8398966667290422,0.7727049333907189,556.9737758180554,614899.0485031332,0.0005249354167056515,0.0004829405833691994,0.92,4.199483333645212e-05,21963382.14668155,1757070.571734524,2285995.499276589,277.6514272453006,922.3485727546998,1200,0.0004829405833691994,-7.58601294416523
0.553,0.8398966667290422,0.7727049333907189,556.9737758180554,614899.0485031332,2,0.0005249354167056515,0.0004829405833691994,0.92,4.199483333645212e-05,21963382.14668155,1757070.571734524,2285995.499276589,98.94799492389429,-7.58601294416523,277.6514272453006,922.3485727546998,0,0,528924.9275420654,1909859.317102744,0,0,1200,0.553,528924.9275420654,1909859.317102744,2,2,1200,98.94799492389429,0.8398966667290422,0.7727049333907189,556.9737758180554,614899.0485031332,0.0005249354167056515,0.0004829405833691994,0.92,4.199483333645212e-05,21963382.14668155,1757070.571734524,2285995.499276589,277.6514272453006,922.3485727546998,1200,0.0004829405833691994,-7.58601294416523
0.554,0.8398966667290422,0.7727049333907189,556.9737758180554,614899.0485031332,2,0.0005249354167056515,0.0004829405833691994,0.92,4.199483333645212e-05,21963382.14668155,1757070.571734524,2285995.499276589,98.94799492389429,-7.58601294416523,277.6514272453006,922.3485727546998,0,0,528924.9275420654,1909859.317102744,0,0,1200,0.554,528924.9275420654,1909859.317102744,2,2,1200,98.94799492389429,0.8398966667290422,0.7727049333907189,556.9737758180554,614899.0485031332,0.0005249354167056515,0.0004829405833691994,0.92,4.199483333645212e-05,21963382.14668155,1757070.571734524,2285995.499276589,277.6514272453006,922.3485727546998,1200,0.0004829405833691994,-7.58601294416523
0.555,0.8398966667290422,0.7727049333907189,556.9737758180554,614899.0485031332,2,0.0005249354167056515,0.0004829405833691994,0.92,4.199483333645212e-05,21963382.14668155,1757070.571734524,2285995.499276589,98.94799492389429,-7.58601294416523,277.6514272453006,922.3485727546998,0,0,528924.9275420654,1909859.317102744,0,0,1200,0.555,528924.9275420654,1909859.317102744,2,2,1200,98.94799492389429,0.8398966667290422,0.7727049333907189,556.9737758180554,614899.0485031332,0.0005249354167056515,0.0004829405833691994,0.92,4.199483333645212e-05,21963382.14668155,1757070.571734524,2285995.499276589,277.6514272453006,922.3485727546998,1200,0.0004829405833691994,-7.58601294416523
0.556,0.8398966667290422,0.7727049333907189,556.9737758180554,614899.0485031332,2,0.0005249354167056515,0.0004829405833691994,0.92,4.199483333645212e-05,21963382.14668155,1757070.571734524,2285995.499276589,98.94799492389429,-7.58601294416523,277.6514272453006,922.3485727546998,0,0,528924.9275420654,1909859.317102744,0,0,1200,0.556,528924.9275420654,1909859.317102744,2,2,1200,98.94799492389429,0.8398966667290422,0.7727049333907189,556.9737758180554,614899.0485031332,0.0005249354167056515,0.0004829405833691994,0.92,4.199483333645212e-05,21963382.14668155,1757070.571734524,2285995.499276589,277.6514272453006,922.3485727546998,1200,0.0004829405833691994,-7.58601294416523
0.5570000000000001,0.8398966667290422,0.7727049333907189,556.9737758180554,614899.0485031332,2,0.0005249354167056515,0.0004829405833691994,0.92,4.199483333645212e-05,21963382.14668155,1757070.571734524,2285995.499276589,98.94799492389429,-7.58601294416523,277.6514272453006,922.3485727546998,0,0,528924.9275420654,1909859.317102744,0,0,1200,0.5570000000000001,528924.9275420654,1909859.317102744,2,2,1200,98.94799492389429,0.8398966667290422,0.7727049333907189,556.9737758180554,614899.0485031332,0.0005249354167056515,0.0004829405833691994,0.92,4.199483333645212e-05,21963382.14668155,1757070.571734524,2285995.499276589,277.6514272453006,922.3485727546998,1200,0.0004829405833691994,-7.58601294416523
0.5580000000000001,0.8398966667290422,0.7727049333907189,556.9737758180554,614899.0485031332,2,0.0005249354167056515,0.0004829405833691994,0.92,4.199483333645212e-05,21963382.14668155,1757070.571734524,2285995.499276589,98.94799492389429,-7.58601294416523,277.6514272453006,922.3485727546998,0,0,528924.9275420654,1909859.317102744,0,0,1200,0.5580000000000001,528924.9275420654,1909859.317102744,2,2,1200,98.94799492389429,0.8398966667290422,0.7727049333907189,556.9737758180554,614899.0485031332,0.0005249354167056515,0.0004829405833691994,0.92,4.199483333645212e-05,21963382.14668155,1757070.571734524,2285995.499276589,277.6514272453006,922.3485727546998,1200,0.0004829405833691994,-7.58601294416523
0.5590000000000001,0.8398966667290422,0.7727049333907189,556.9737758180554,614899.0485031332,2,0.0005249354167056515,0.0004829405833691994,0.92,4.199483333645212e-05,21963382.14668155,1757070.571734524,2285995.499276589,98.94799492389429,-7.58601294416523,277.6514272453006,922.3485727546998,0,0,528924.9275420654,1909859.317102744,0,0,1200,0.5590000000000001,528924.9275420654,1909859.317102744,2,2,1200,98.94799492389429,0.8398966667290422,0.7727049333907189,556.9737758180554,614899.0485031332,0.0005249354167056515,0.0004829405833691994,0.92,4.199483333645212e-05,21963382.14668155,1757070.571734524,2285995.499276589,277.6514272453006,922.3485727546998,1200,0.0004829405833691994,-7.58601294416523
0.5600000000000001,0.8398966667290422,0.7727049333907189,556.9737758180554,614899.0485031332,2,0.0005249354167056515,0.0004829405833691994,0.92,4.199483333645212e-05,21963382.14668155,1757070.571734524,2285995.499276589,98.94799492389429,-7.58601294416523,277.6514272453006,922.3485727546998,0,0,528924.9275420654,1909859.317102744,0,0,1200,0.5600000000000001,528924.9275420654,1909859.317102744,2,2,1200,98.94799492389429,0.8398966667290422,0.7727049333907189,556.9737758180554,614899.0485031332,0.0005249354167056515,0.0004829405833691994,0.92,4.199483333645212e-05,21963382.14668155,1757070.571734524,2285995.499276589,277.6514272453006,922.3485727546998,1200,0.0004829405833691994,-7.58601294416523
0.5610000000000001,0.8398966667290422,0.7727049333907189,556.9737758180554,614899.0485031332,2,0.0005249354167056515,0.0004829405833691994,0.92,4.199483333645212e-05,21963382.14668155,1757070.571734524,2285995.499276589,98.94799492389429,-7.58601294416523,277.6514272453006,922.3485727546998,0,0,528924.9275420654,1909859.317102744,0,0,1200,0.5610000000000001,528924.9275420654,1909859.317102744,2,2,1200,98.94799492389429,0.8398966667290422,0.7727049333907189,556.9737758180554,614899.0485031332,0.0005249354167056515,0.0004829405833691994,0.92,4.199483333645212e-05,21963382.14668155,1757070.571734524,2285995.499276589,277.6514272453006,922.3485727546998,1200,0.0004829405833691994,-7.58601294416523
0.5620000000000001,0.8398966667290422,0.7727049333907189,556.9737758180554,614899.0485031332,2,0.0005249354167056515,0.0004829405833691994,0.92,4.199483333645212e-05,21963382.14668155,1757070.571734524,2285995.499276589,98.94799492389429,-7.58601294416523,277.6514272453006,922.3485727546998,0,0,528924.9275420654,1909859.317102744,0,0,1200,0.5620000000000001,528924.9275420654,1909859.317102744,2,2,1200,98.94799492389429,0.8398966667290422,0.7727049333907189,556.9737758180554,614899.0485031332,0.0005249354167056515,0.0004829405833691994,0.92,4.199483333645212e-05,21963382.14668155,1757070.571734524,2285995.499276589,277.6514272453006,922.3485727546998,1200,0.0004829405833691994,-7.58601294416523
0.5629999999999999,0.8398966667290422,0.7727049333907189,556.9737758180554,614899.0485031332,2,0.0005249354167056515,0.0004829405833691994,0.92,4.199483333645212e-05,21963382.14668155,1757070.571734524,2285995.499276589,98.94799492389429,-7.58601294416523,277.6514272453006,922.3485727546998,0,0,528924.9275420654,1909859.317102744,0,0,1200,0.5629999999999999,528924.9275420654,1909859.317102744,2,2,1200,98.94799492389429,0.8398966667290422,0.7727049333907189,556.9737758180554,614899.0485031332,0.0005249354167056515,0.0004829405833691994,0.92,4.199483333645212e-05,21963382.14668155,1757070.571734524,2285995.499276589,277.6514272453006,922.3485727546998,1200,0.0004829405833691994,-7.58601294416523
0.5639999999999999,0.8398966667290422,0.7727049333907189,556.9737758180554,614899.0485031332,2,0.0005249354167056515,0.0004829405833691994,0.92,4.199483333645212e-05,21963382.14668155,1757070.571734524,2285995.499276589,98.94799492389429,-7.58601294416523,277.6514272453006,922.3485727546998,0,0,528924.9275420654,1909859.317102744,0,0,1200,0.5639999999999999,528924.9275420654,1909859.317102744,2,2,1200,98.94799492389429,0.8398966667290422,0.7727049333907189,556.9737758180554,614899.0485031332,0.0005249354167056515,0.0004829405833691994,0.92,4.199483333645212e-05,21963382.14668155,1757070.571734524,2285995.499276589,277.6514272453006,922.3485727546998,1200,0.0004829405833691994,-7.58601294416523
0.5649999999999999,0.8398966667290422,0.7727049333907189,556.9737758180554,614899.0485031332,2,0.0005249354167056515,0.0004829405833691994,0.92,4.199483333645212e-05,21963382.14668155,1757070.571734524,2285995.499276589,98.94799492389429,-7.58601294416523,277.6514272453006,922.3485727546998,0,0,528924.9275420654,1909859.317102744,0,0,1200,0.5649999999999999,528924.9275420654,1909859.317102744,2,2,1200,98.94799492389429,0.8398966667290422,0.7727049333907189,556.9737758180554,614899.0485031332,0.0005249354167056515,0.0004829405833691994,0.92,4.199483333645212e-05,21963382.14668155,1757070.571734524,2285995.499276589,277.6514272453006,922.3485727546998,1200,0.0004829405833691994,-7.58601294416523
0.5659999999999999,0.8398966667290422,0.7727049333907189,556.9737758180554,614899.0485031332,2,0.0005249354167056515,0.0004829405833691994,0.92,4.199483333645212e-05,21963382.14668155,1757070.571734524,2285995.499276589,98.94799492389429,-7.58601294416523,277.6514272453006,922.3485727546998,0,0,528924.9275420654,1909859.317102744,0,0,1200,0.5659999999999999,528924.9275420654,1909859.317102744,2,2,1200,98.94799492389429,0.8398966667290422,0.7727049333907189,556.9737758180554,614899.0485031332,0.0005249354167056515,0.0004829405833691994,0.92,4.199483333645212e-05,21963382.14668155,1757070.571734524,2285995.499276589,277.6514272453006,922.3485727546998,1200,0.0004829405833691994,-7.58601294416523
0.5669999999999999,0.8398966667290422,0.7727049333907189,556.9737758180554,614899.0485031332,2,0.0005249354167056515,0.0004829405833691994,0.92,4.199483333645212e-05,21963382.14668155,1757070.571734524,2285995.499276589,98.94799492389429,-7.58601294416523,277.6514272453006,922.3485727546998,0,0,528924.9275420654,1909859.317102744,0,0,1200,0.5669999999999999,528924.9275420654,1909859.317102744,2,2,1200,98.94799492389429,0.8398966667290422,0.7727049333907189,556.9737758180554,614899.0485031332,0.0005249354167056515,0.0004829405833691994,0.92,4.199483333645212e-05,21963382.14668155,1757070.571734524,2285995.499276589,277.6514272453006,922.3485727546998,1200,0.0004829405833691994,-7.58601294416523
0.5679999999999999,0.8398966667290422,0.7727049333907189,556.9737758180554,614899.0485031332,2,0.0005249354167056515,0.0004829405833691994,0.92,4.199483333645212e-05,21963382.14668155,1757070.571734524,2285995.499276589,98.94799492389429,-7.58601294416523,277.6514272453006,922.3485727546998,0,0,528924.9275420654,1909859.317102744,0,0,1200,0.5679999999999999,528924.9275420654,1909859.317102744,2,2,1200,98.94799492389429,0.8398966667290422,0.7727049333907189,556.9737758180554,614899.0485031332,0.0005249354167056515,0.0004829405833691994,0.92,4.199483333645212e-05,21963382.14668155,1757070.571734524,2285995.499276589,277.6514272453006,922.3485727546998,1200,0.0004829405833691994,-7.58601294416523
0.569,0.8398966667290422,0.7727049333907189,556.9737758180554,614899.0485031332,2,0.0005249354167056515,0.0004829405833691994,0.92,4.199483333645212e-05,21963382.14668155,1757070.571734524,2285995.499276589,98.94799492389429,-7.58601294416523,277.6514272453006,922.3485727546998,0,0,528924.9275420654,1909859.317102744,0,0,1200,0.569,528924.9275420654,1909859.317102744,2,2,1200,98.94799492389429,0.8398966667290422,0.7727049333907189,556.9737758180554,614899.0485031332,0.0005249354167056515,0.0004829405833691994,0.92,4.199483333645212e-05,21963382.14668155,1757070.571734524,2285995.499276589,277.6514272453006,922.3485727546998,1200,0.0004829405833691994,-7.58601294416523
0.57,0.8398966667290422,0.7727049333907189,556.9737758180554,614899.0485031332,2,0.0005249354167056515,0.0004829405833691994,0.92,4.199483333645212e-05,21963382.14668155,1757070.571734524,2285995.499276589,98.94799492389429,-7.58601294416523,277.6514272453006,922.3485727546998,0,0,528924.9275420654,1909859.317102744,0,0,1200,0.57,528924.9275420654,1909859.317102744,2,2,1200,98.94799492389429,0.8398966667290422,0.7727049333907189,556.9737758180554,614899.0485031332,0.0005249354167056515,0.0004829405833691994,0.92,4.199483333645212e-05,21963382.14668155,1757070.571734524,2285995.499276589,277.6514272453006,922.3485727546998,1200,0.0004829405833691994,-7.58601294416523
0.571,0.8398966667290422,0.7727049333907189,556.9737758180554,614899.0485031332,2,0.0005249354167056515,0.0004829405833691994,0.92,4.199483333645212e-05,21963382.14668155,1757070.571734524,2285995.499276589,98.94799492389429,-7.58601294416523,277.6514272453006,922.3485727546998,0,0,528924.9275420654,1909859.317102744,0,0,1200,0.571,528924.9275420654,1909859.317102744,2,2,1200,98.94799492389429,0.8398966667290422,0.7727049333907189,556.9737758180554,614899.0485031332,0.0005249354167056515,0.0004829405833691994,0.92,4.199483333645212e-05,21963382.14668155,1757070.571734524,2285995.499276589,277.6514272453006,922.3485727546998,1200,0.0004829405833691994,-7.58601294416523
0.572,0.8398966667290422,0.7727049333907189,556.9737758180554,614899.0485031332,2,0.0005249354167056515,0.0004829405833691994,0.92,4.199483333645212e-05,21963382.14668155,1757070.571734524,2285995.499276589,98.94799492389429,-7.58601294416523,277.6514272453006,922.3485727546998,0,0,528924.9275420654,1909859.317102744,0,0,1200,0.572,528924.9275420654,1909859.317102744,2,2,1200,98.94799492389429,0.8398966667290422,0.7727049333907189,556.9737758180554,614899.0485031332,0.0005249354167056515,0.0004829405833691994,0.92,4.199483333645212e-05,21963382.14668155,1757070.571734524,2285995.499276589,277.6514272453006,922.3485727546998,1200,0.0004829405833691994,-7.58601294416523
0.573,0.8398966667290422,0.7727049333907189,556.9737758180554,614899.0485031332,2,0.0005249354167056515,0.0004829405833691994,0.92,4.199483333645212e-05,21963382.14668155,1757070.571734524,2285995.499276589,98.94799492389429,-7.58601294416523,277.6514272453006,922.3485727546998,0,0,528924.9275420654,1909859.317102744,0,0,1200,0.573,528924.9275420654,1909859.317102744,2,2,1200,98.94799492389429,0.8398966667290422,0.7727049333907189,556.9737758180554,614899.0485031332,0.0005249354167056515,0.0004829405833691994,0.92,4.199483333645212e-05,21963382.14668155,1757070.571734524,2285995.499276589,277.6514272453006,922.3485727546998,1200,0.0004829405833691994,-7.58601294416523
0.574,0.8398966667290422,0.7727049333907189,556.9737758180554,614899.0485031332,2,0.0005249354167056515,0.0004829405833691994,0.92,4.199483333645212e-05,21963382.14668155,1757070.571734524,2285995.499276589,98.94799492389429,-7.58601294416523,277.6514272453006,922.3485727546998,0,0,528924.9275420654,1909859.317102744,0,0,1200,0.574,528924.9275420654,1909859.317102744,2,2,1200,98.94799492389429,0.8398966667290422,0.7727049333907189,556.9737758180554,614899.0485031332,0.0005249354167056515,0.0004829405833691994,0.92,4.199483333645212e-05,21963382.14668155,1757070.571734524,2285995.499276589,277.6514272453006,922.3485727546998,1200,0.0004829405833691994,-7.58601294416523
0.575,0.8398966667290422,0.7727049333907189,556.9737758180554,614899.0485031332,2,0.0005249354167056515,0.0004829405833691994,0.92,4.199483333645212e-05,21963382.14668155,1757070.571734524,2285995.499276589,98.94799492389429,-7.58601294416523,277.6514272453006,922.3485727546998,0,0,528924.9275420654,1909859.317102744,0,0,1200,0.575,528924.9275420654,1909859.317102744,2,2,1200,98.94799492389429,0.8398966667290422,0.7727049333907189,556.9737758180554,614899.0485031332,0.0005249354167056515,0.0004829405833691994,0.92,4.199483333645212e-05,21963382.14668155,1757070.571734524,2285995.499276589,277.6514272453006,922.3485727546998,1200,0.0004829405833691994,-7.58601294416523
0.576,0.8398966667290422,0.7727049333907189,556.9737758180554,614899.0485031332,2,0.0005249354167056515,0.0004829405833691994,0.92,4.199483333645212e-05,21963382.14668155,1757070.571734524,2285995.499276589,98.94799492389429,-7.58601294416523,277.6514272453006,922.3485727546998,0,0,528924.9275420654,1909859.317102744,0,0,1200,0.576,528924.9275420654,1909859.317102744,2,2,1200,98.94799492389429,0.8398966667290422,0.7727049333907189,556.9737758180554,614899.0485031332,0.0005249354167056515,0.0004829405833691994,0.92,4.199483333645212e-05,21963382.14668155,1757070.571734524,2285995.499276589,277.6514272453006,922.3485727546998,1200,0.0004829405833691994,-7.58601294416523
0.577,0.8398966667290422,0.7727049333907189,556.9737758180554,614899.0485031332,2,0.0005249354167056515,0.0004829405833691994,0.92,4.199483333645212e-05,21963382.14668155,1757070.571734524,2285995.499276589,98.94799492389429,-7.58601294416523,277.6514272453006,922.3485727546998,0,0,528924.9275420654,1909859.317102744,0,0,1200,0.577,528924.9275420654,1909859.317102744,2,2,1200,98.94799492389429,0.8398966667290422,0.7727049333907189,556.9737758180554,614899.0485031332,0.0005249354167056515,0.0004829405833691994,0.92,4.199483333645212e-05,21963382.14668155,1757070.571734524,2285995.499276589,277.6514272453006,922.3485727546998,1200,0.0004829405833691994,-7.58601294416523
0.578,0.8398966667290422,0.7727049333907189,556.9737758180554,614899.0485031332,2,0.0005249354167056515,0.0004829405833691994,0.92,4.199483333645212e-05,21963382.14668155,1757070.571734524,2285995.499276589,98.94799492389429,-7.58601294416523,277.6514272453006,922.3485727546998,0,0,528924.9275420654,1909859.317102744,0,0,1200,0.578,528924.9275420654,1909859.317102744,2,2,1200,98.94799492389429,0.8398966667290422,0.7727049333907189,556.9737758180554,614899.0485031332,0.0005249354167056515,0.0004829405833691994,0.92,4.199483333645212e-05,21963382.14668155,1757070.571734524,2285995.499276589,277.6514272453006,922.3485727546998,1200,0.0004829405833691994,-7.58601294416523
0.579,0.8398966667290422,0.7727049333907189,556.9737758180554,614899.0485031332,2,0.0005249354167056515,0.0004829405833691994,0.92,4.199483333645212e-05,21963382.14668155,1757070.571734524,2285995.499276589,98.94799492389429,-7.58601294416523,277.6514272453006,922.3485727546998,0,0,528924.9275420654,1909859.317102744,0,0,1200,0.579,528924.9275420654,1909859.317102744,2,2,1200,98.94799492389429,0.8398966667290422,0.7727049333907189,556.9737758180554,614899.0485031332,0.0005249354167056515,0.0004829405833691994,0.92,4.199483333645212e-05,21963382.14668155,1757070.571734524,2285995.499276589,277.6514272453006,922.3485727546998,1200,0.0004829405833691994,-7.58601294416523
0.58,0.8398966667290422,0.7727049333907189,556.9737758180554,614899.0485031332,2,0.0005249354167056515,0.0004829405833691994,0.92,4.199483333645212e-05,21963382.14668155,1757070.571734524,2285995.499276589,98.94799492389429,-7.58601294416523,277.6514272453006,922.3485727546998,0,0,528924.9275420654,1909859.317102744,0,0,1200,0.58,528924.9275420654,1909859.317102744,2,2,1200,98.94799492389429,0.8398966667290422,0.7727049333907189,556.9737758180554,614899.0485031332,0.0005249354167056515,0.0004829405833691994,0.92,4.199483333645212e-05,21963382.14668155,1757070.571734524,2285995.499276589,277.6514272453006,922.3485727546998,1200,0.0004829405833691994,-7.58601294416523
0.581,0.8398966667290422,0.7727049333907189,556.9737758180554,614899.0485031332,2,0.0005249354167056515,0.0004829405833691994,0.92,4.199483333645212e-05,21963382.14668155,1757070.571734524,2285995.499276589,98.94799492389429,-7.58601294416523,277.6514272453006,922.3485727546998,0,0,528924.9275420654,1909859.317102744,0,0,1200,0.581,528924.9275420654,1909859.317102744,2,2,1200,98.94799492389429,0.8398966667290422,0.7727049333907189,556.9737758180554,614899.0485031332,0.0005249354167056515,0.0004829405833691994,0.92,4.199483333645212e-05,21963382.14668155,1757070.571734524,2285995.499276589,277.6514272453006,922.3485727546998,1200,0.0004829405833691994,-7.58601294416523
0.582,0.8398966667290422,0.7727049333907189,556.9737758180554,614899.0485031332,2,0.0005249354167056515,0.0004829405833691994,0.92,4.199483333645212e-05,21963382.14668155,1757070.571734524,2285995.499276589,98.94799492389429,-7.58601294416523,277.6514272453006,922.3485727546998,0,0,528924.9275420654,1909859.317102744,0,0,1200,0.582,528924.9275420654,1909859.317102744,2,2,1200,98.94799492389429,0.8398966667290422,0.7727049333907189,556.9737758180554,614899.0485031332,0.0005249354167056515,0.0004829405833691994,0.92,4.199483333645212e-05,21963382.14668155,1757070.571734524,2285995.499276589,277.6514272453006,922.3485727546998,1200,0.0004829405833691994,-7.58601294416523
0.583,0.8398966667290422,0.7727049333907189,556.9737758180554,614899.0485031332,2,0.0005249354167056515,0.0004829405833691994,0.92,4.199483333645212e-05,21963382.14668155,1757070.571734524,2285995.499276589,98.94799492389429,-7.58601294416523,277.6514272453006,922.3485727546998,0,0,528924.9275420654,1909859.317102744,0,0,1200,0.583,528924.9275420654,1909859.317102744,2,2,1200,98.94799492389429,0.8398966667290422,0.7727049333907189,556.9737758180554,614899.0485031332,0.0005249354167056515,0.0004829405833691994,0.92,4.199483333645212e-05,21963382.14668155,1757070.571734524,2285995.499276589,277.6514272453006,922.3485727546998,1200,0.0004829405833691994,-7.58601294416523
0.584,0.8398966667290422,0.7727049333907189,556.9737758180554,614899.0485031332,2,0.0005249354167056515,0.0004829405833691994,0.92,4.199483333645212e-05,21963382.14668155,1757070.571734524,2285995.499276589,98.94799492389429,-7.58601294416523,277.6514272453006,922.3485727546998,0,0,528924.9275420654,1909859.317102744,0,0,1200,0.584,528924.9275420654,1909859.317102744,2,2,1200,98.94799492389429,0.8398966667290422,0.7727049333907189,556.9737758180554,614899.0485031332,0.0005249354167056515,0.0004829405833691994,0.92,4.199483333645212e-05,21963382.14668155,1757070.571734524,2285995.499276589,277.6514272453006,922.3485727546998,1200,0.0004829405833691994,-7.58601294416523
0.585,0.8398966667290422,0.7727049333907189,556.9737758180554,614899.0485031332,2,0.0005249354167056515,0.0004829405833691994,0.92,4.199483333645212e-05,21963382.14668155,1757070.571734524,2285995.499276589,98.94799492389429,-7.58601294416523,277.6514272453006,922.3485727546998,0,0,528924.9275420654,1909859.317102744,0,0,1200,0.585,528924.9275420654,1909859.317102744,2,2,1200,98.94799492389429,0.8398966667290422,0.7727049333907189,556.9737758180554,614899.0485031332,0.0005249354167056515,0.0004829405833691994,0.92,4.199483333645212e-05,21963382.14668155,1757070.571734524,2285995.499276589,277.6514272453006,922.3485727546998,1200,0.0004829405833691994,-7.58601294416523
0.586,0.8398966667290422,0.7727049333907189,556.9737758180554,614899.0485031332,2,0.0005249354167056515,0.0004829405833691994,0.92,4.199483333645212e-05,21963382.14668155,1757070.571734524,2285995.499276589,98.94799492389429,-7.58601294416523,277.6514272453006,922.3485727546998,0,0,528924.9275420654,1909859.317102744,0,0,1200,0.586,528924.9275420654,1909859.317102744,2,2,1200,98.94799492389429,0.8398966667290422,0.7727049333907189,556.9737758180554,614899.0485031332,0.0005249354167056515,0.0004829405833691994,0.92,4.199483333645212e-05,21963382.14668155,1757070.571734524,2285995.499276589,277.6514272453006,922.3485727546998,1200,0.0004829405833691994,-7.58601294416523
0.587,0.8398966667290422,0.7727049333907189,556.9737758180554,614899.0485031332,2,0.0005249354167056515,0.0004829405833691994,0.92,4.199483333645212e-05,21963382.14668155,1757070.571734524,2285995.499276589,98.94799492389429,-7.58601294416523,277.6514272453006,922.3485727546998,0,0,528924.9275420654,1909859.317102744,0,0,1200,0.587,528924.9275420654,1909859.317102744,2,2,1200,98.94799492389429,0.8398966667290422,0.7727049333907189,556.9737758180554,614899.0485031332,0.0005249354167056515,0.0004829405833691994,0.92,4.199483333645212e-05,21963382.14668155,1757070.571734524,2285995.499276589,277.6514272453006,922.3485727546998,1200,0.0004829405833691994,-7.58601294416523
0.588,0.8398966667290422,0.7727049333907189,556.9737758180554,614899.0485031332,2,0.0005249354167056515,0.0004829405833691994,0.92,4.199483333645212e-05,21963382.14668155,1757070.571734524,2285995.499276589,98.94799492389429,-7.58601294416523,277.6514272453006,922.3485727546998,0,0,528924.9275420654,1909859.317102744,0,0,1200,0.588,528924.9275420654,1909859.317102744,2,2,1200,98.94799492389429,0.8398966667290422,0.7727049333907189,556.9737758180554,614899.0485031332,0.0005249354167056515,0.0004829405833691994,0.92,4.199483333645212e-05,21963382.14668155,1757070.571734524,2285995.499276589,277.6514272453006,922.3485727546998,1200,0.0004829405833691994,-7.58601294416523
0.589,0.8398966667290422,0.7727049333907189,556.9737758180554,614899.0485031332,2,0.0005249354167056515,0.0004829405833691994,0.92,4.199483333645212e-05,21963382.14668155,1757070.571734524,2285995.499276589,98.94799492389429,-7.58601294416523,277.6514272453006,922.3485727546998,0,0,528924.9275420654,1909859.317102744,0,0,1200,0.589,528924.9275420654,1909859.317102744,2,2,1200,98.94799492389429,0.8398966667290422,0.7727049333907189,556.9737758180554,614899.0485031332,0.0005249354167056515,0.0004829405833691994,0.92,4.199483333645212e-05,21963382.14668155,1757070.571734524,2285995.499276589,277.6514272453006,922.3485727546998,1200,0.0004829405833691994,-7.58601294416523
0.59,0.8398966667290422,0.7727049333907189,556.9737758180554,614899.0485031332,2,0.0005249354167056515,0.0004829405833691994,0.92,4.199483333645212e-05,21963382.14668155,1757070.571734524,2285995.499276589,98.94799492389429,-7.58601294416523,277.6514272453006,922.3485727546998,0,0,528924.9275420654,1909859.317102744,0,0,1200,0.59,528924.9275420654,1909859.317102744,2,2,1200,98.94799492389429,0.8398966667290422,0.7727049333907189,556.9737758180554,614899.0485031332,0.0005249354167056515,0.0004829405833691994,0.92,4.199483333645212e-05,21963382.14668155,1757070.571734524,2285995.499276589,277.6514272453006,922.3485727546998,1200,0.0004829405833691994,-7.58601294416523
0.591,0.8398966667290422,0.7727049333907189,556.9737758180554,614899.0485031332,2,0.0005249354167056515,0.0004829405833691994,0.92,4.199483333645212e-05,21963382.14668155,1757070.571734524,2285995.499276589,98.94799492389429,-7.58601294416523,277.6514272453006,922.3485727546998,0,0,528924.9275420654,1909859.317102744,0,0,1200,0.591,528924.9275420654,1909859.317102744,2,2,1200,98.94799492389429,0.8398966667290422,0.7727049333907189,556.9737758180554,614899.0485031332,0.0005249354167056515,0.0004829405833691994,0.92,4.199483333645212e-05,21963382.14668155,1757070.571734524,2285995.499276589,277.6514272453006,922.3485727546998,1200,0.0004829405833691994,-7.58601294416523
0.592,0.8398966667290422,0.7727049333907189,556.9737758180554,614899.0485031332,2,0.0005249354167056515,0.0004829405833691994,0.92,4.199483333645212e-05,21963382.14668155,1757070.571734524,2285995.499276589,98.94799492389429,-7.58601294416523,277.6514272453006,922.3485727546998,0,0,528924.9275420654,1909859.317102744,0,0,1200,0.592,528924.9275420654,1909859.317102744,2,2,1200,98.94799492389429,0.8398966667290422,0.7727049333907189,556.9737758180554,614899.0485031332,0.0005249354167056515,0.0004829405833691994,0.92,4.199483333645212e-05,21963382.14668155,1757070.571734524,2285995.499276589,277.6514272453006,922.3485727546998,1200,0.0004829405833691994,-7.58601294416523
0.593,0.8398966667290422,0.7727049333907189,556.9737758180554,614899.0485031332,2,0.0005249354167056515,0.0004829405833691994,0.92,4.199483333645212e-05,21963382.14668155,1757070.571734524,2285995.499276589,98.94799492389429,-7.58601294416523,277.6514272453006,922.3485727546998,0,0,528924.9275420654,1909859.317102744,0,0,1200,0.593,528924.9275420654,1909859.317102744,2,2,1200,98.94799492389429,0.8398966667290422,0.7727049333907189,556.9737758180554,614899.0485031332,0.0005249354167056515,0.0004829405833691994,0.92,4.199483333645212e-05,21963382.14668155,1757070.571734524,2285995.499276589,277.6514272453006,922.3485727546998,1200,0.0004829405833691994,-7.58601294416523
0.594,0.8398966667290422,0.7727049333907189,556.9737758180554,614899.0485031332,2,0.0005249354167056515,0.0004829405833691994,0.92,4.199483333645212e-05,21963382.14668155,1757070.571734524,2285995.499276589,98.94799492389429,-7.58601294416523,277.6514272453006,922.3485727546998,0,0,528924.9275420654,1909859.317102744,0,0,1200,0.594,528924.9275420654,1909859.317102744,2,2,1200,98.94799492389429,0.8398966667290422,0.7727049333907189,556.9737758180554,614899.0485031332,0.0005249354167056515,0.0004829405833691994,0.92,4.199483333645212e-05,21963382.14668155,1757070.571734524,2285995.499276589,277.6514272453006,922.3485727546998,1200,0.0004829405833691994,-7.58601294416523
0.595,0.8398966667290422,0.7727049333907189,556.9737758180554,614899.0485031332,2,0.0005249354167056515,0.0004829405833691994,0.92,4.199483333645212e-05,21963382.14668155,1757070.571734524,2285995.499276589,98.94799492389429,-7.58601294416523,277.6514272453006,922.3485727546998,0,0,528924.9275420654,1909859.317102744,0,0,1200,0.595,528924.9275420654,1909859.317102744,2,2,1200,98.94799492389429,0.8398966667290422,0.7727049333907189,556.9737758180554,614899.0485031332,0.0005249354167056515,0.0004829405833691994,0.92,4.199483333645212e-05,21963382.14668155,1757070.571734524,2285995.499276589,277.6514272453006,922.3485727546998,1200,0.0004829405833691994,-7.58601294416523
0.596,0.8398966667290422,0.7727049333907189,556.9737758180554,614899.0485031332,2,0.0005249354167056515,0.0004829405833691994,0.92,4.199483333645212e-05,21963382.14668155,1757070.571734524,2285995.499276589,98.94799492389429,-7.58601294416523,277.6514272453006,922.3485727546998,0,0,528924.9275420654,1909859.317102744,0,0,1200,0.596,528924.9275420654,1909859.317102744,2,2,1200,98.94799492389429,0.8398966667290422,0.7727049333907189,556.9737758180554,614899.0485031332,0.0005249354167056515,0.0004829405833691994,0.92,4.199483333645212e-05,21963382.14668155,1757070.571734524,2285995.499276589,277.6514272453006,922.3485727546998,1200,0.0004829405833691994,-7.58601294416523
0.597,0.8398966667290422,0.7727049333907189,556.9737758180554,614899.0485031332,2,0.0005249354167056515,0.0004829405833691994,0.92,4.199483333645212e-05,21963382.14668155,1757070.571734524,2285995.499276589,98.94799492389429,-7.58601294416523,277.6514272453006,922.3485727546998,0,0,528924.9275420654,1909859.317102744,0,0,1200,0.597,528924.9275420654,1909859.317102744,2,2,1200,98.94799492389429,0.8398966667290422,0.7727049333907189,556.9737758180554,614899.0485031332,0.0005249354167056515,0.0004829405833691994,0.92,4.199483333645212e-05,21963382.14668155,1757070.571734524,2285995.499276589,277.6514272453006,922.3485727546998,1200,0.0004829405833691994,-7.58601294416523
0.598,0.8398966667290422,0.7727049333907189,556.9737758180554,614899.0485031332,2,0.0005249354167056515,0.0004829405833691994,0.92,4.199483333645212e-05,21963382.14668155,1757070.571734524,2285995.499276589,98.94799492389429,-7.58601294416523,277.6514272453006,922.3485727546998,0,0,528924.9275420654,1909859.317102744,0,0,1200,0.598,528924.9275420654,1909859.317102744,2,2,1200,98.94799492389429,0.8398966667290422,0.7727049333907189,556.9737758180554,614899.0485031332,0.0005249354167056515,0.0004829405833691994,0.92,4.199483333645212e-05,21963382.14668155,1757070.571734524,2285995.499276589,277.6514272453006,922.3485727546998,1200,0.0004829405833691994,-7.58601294416523
0.599,0.8398966667290422,0.7727049333907189,556.9737758180554,614899.0485031332,2,0.0005249354167056515,0.0004829405833691994,0.92,4.199483333645212e-05,21963382.14668155,1757070.571734524,2285995.499276589,98.94799492389429,-7.58601294416523,277.6514272453006,922.3485727546998,0,0,528924.9275420654,1909859.317102744,0,0,1200,0.599,528924.9275420654,1909859.317102744,2,2,1200,98.94799492389429,0.8398966667290422,0.7727049333907189,556.9737758180554,614899.0485031332,0.0005249354167056515,0.0004829405833691994,0.92,4.199483333645212e-05,21963382.14668155,1757070.571734524,2285995.499276589,277.6514272453006,922.3485727546998,1200,0.0004829405833691994,-7.58601294416523
0.6,0.8398966667290422,0.7727049333907189,556.9737758180554,614899.0485031332,2,0.0005249354167056515,0.0004829405833691994,0.92,4.199483333645212e-05,21963382.14668155,1757070.571734524,2285995.499276589,98.94799492389429,-7.58601294416523,277.6514272453006,922.3485727546998,0,0,528924.9275420654,1909859.317102744,0,0,1200,0.6,528924.9275420654,1909859.317102744,2,2,1200,98.94799492389429,0.8398966667290422,0.7727049333907189,556.9737758180554,614899.0485031332,0.0005249354167056515,0.0004829405833691994,0.92,4.199483333645212e-05,21963382.14668155,1757070.571734524,2285995.499276589,277.6514272453006,922.3485727546998,1200,0.0004829405833691994,-7.58601294416523
0.601,0.8398966667290422,0.7727049333907189,556.9737758180554,614899.0485031332,2,0.0005249354167056515,0.0004829405833691994,0.92,4.199483333645212e-05,21963382.14668155,1757070.571734524,2285995.499276589,98.94799492389429,-7.58601294416523,277.6514272453006,922.3485727546998,0,0,528924.9275420654,1909859.317102744,0,0,1200,0.601,528924.9275420654,1909859.317102744,2,2,1200,98.94799492389429,0.8398966667290422,0.7727049333907189,556.9737758180554,614899.0485031332,0.0005249354167056515,0.0004829405833691994,0.92,4.199483333645212e-05,21963382.14668155,1757070.571734524,2285995.499276589,277.6514272453006,922.3485727546998,1200,0.0004829405833691994,-7.58601294416523
0.602,0.8398966667290422,0.7727049333907189,556.9737758180554,614899.0485031332,2,0.0005249354167056515,0.0004829405833691994,0.92,4.199483333645212e-05,21963382.14668155,1757070.571734524,2285995.499276589,98.94799492389429,-7.58601294416523,277.6514272453006,922.3485727546998,0,0,528924.9275420654,1909859.317102744,0,0,1200,0.602,528924.9275420654,1909859.317102744,2,2,1200,98.94799492389429,0.8398966667290422,0.7727049333907189,556.9737758180554,614899.0485031332,0.0005249354167056515,0.0004829405833691994,0.92,4.199483333645212e-05,21963382.14668155,1757070.571734524,2285995.499276589,277.6514272453006,922.3485727546998,1200,0.0004829405833691994,-7.58601294416523
0.603,0.8398966667290422,0.7727049333907189,556.9737758180554,614899.0485031332,2,0.0005249354167056515,0.0004829405833691994,0.92,4.199483333645212e-05,21963382.14668155,1757070.571734524,2285995.499276589,98.94799492389429,-7.58601294416523,277.6514272453006,922.3485727546998,0,0,528924.9275420654,1909859.317102744,0,0,1200,0.603,528924.9275420654,1909859.317102744,2,2,1200,98.94799492389429,0.8398966667290422,0.7727049333907189,556.9737758180554,614899.0485031332,0.0005249354167056515,0.0004829405833691994,0.92,4.199483333645212e-05,21963382.14668155,1757070.571734524,2285995.499276589,277.6514272453006,922.3485727546998,1200,0.0004829405833691994,-7.58601294416523
0.604,0.8398966667290422,0.7727049333907189,556.9737758180554,614899.0485031332,2,0.0005249354167056515,0.0004829405833691994,0.92,4.199483333645212e-05,21963382.14668155,1757070.571734524,2285995.499276589,98.94799492389429,-7.58601294416523,277.6514272453006,922.3485727546998,0,0,528924.9275420654,1909859.317102744,0,0,1200,0.604,528924.9275420654,1909859.317102744,2,2,1200,98.94799492389429,0.8398966667290422,0.7727049333907189,556.9737758180554,614899.0485031332,0.0005249354167056515,0.0004829405833691994,0.92,4.199483333645212e-05,21963382.14668155,1757070.571734524,2285995.499276589,277.6514272453006,922.3485727546998,1200,0.0004829405833691994,-7.58601294416523
0.605,0.8398966667290422,0.7727049333907189,556.9737758180554,614899.0485031332,2,0.0005249354167056515,0.0004829405833691994,0.92,4.199483333645212e-05,21963382.14668155,1757070.571734524,2285995.499276589,98.94799492389429,-7.58601294416523,277.6514272453006,922.3485727546998,0,0,528924.9275420654,1909859.317102744,0,0,1200,0.605,528924.9275420654,1909859.317102744,2,2,1200,98.94799492389429,0.8398966667290422,0.7727049333907189,556.9737758180554,614899.0485031332,0.0005249354167056515,0.0004829405833691994,0.92,4.199483333645212e-05,21963382.14668155,1757070.571734524,2285995.499276589,277.6514272453006,922.3485727546998,1200,0.0004829405833691994,-7.58601294416523
0.606,0.8398966667290422,0.7727049333907189,556.9737758180554,614899.0485031332,2,0.0005249354167056515,0.0004829405833691994,0.92,4.199483333645212e-05,21963382.14668155,1757070.571734524,2285995.499276589,98.94799492389429,-7.58601294416523,277.6514272453006,922.3485727546998,0,0,528924.9275420654,1909859.317102744,0,0,1200,0.606,528924.9275420654,1909859.317102744,2,2,1200,98.94799492389429,0.8398966667290422,0.7727049333907189,556.9737758180554,614899.0485031332,0.0005249354167056515,0.0004829405833691994,0.92,4.199483333645212e-05,21963382.14668155,1757070.571734524,2285995.499276589,277.6514272453006,922.3485727546998,1200,0.0004829405833691994,-7.58601294416523
0.607,0.8398966667290422,0.7727049333907189,556.9737758180554,614899.0485031332,2,0.0005249354167056515,0.0004829405833691994,0.92,4.199483333645212e-05,21963382.14668155,1757070.571734524,2285995.499276589,98.94799492389429,-7.58601294416523,277.6514272453006,922.3485727546998,0,0,528924.9275420654,1909859.317102744,0,0,1200,0.607,528924.9275420654,1909859.317102744,2,2,1200,98.94799492389429,0.8398966667290422,0.7727049333907189,556.9737758180554,614899.0485031332,0.0005249354167056515,0.0004829405833691994,0.92,4.199483333645212e-05,21963382.14668155,1757070.571734524,2285995.499276589,277.6514272453006,922.3485727546998,1200,0.0004829405833691994,-7.58601294416523
0.608,0.8398966667290422,0.7727049333907189,556.9737758180554,614899.0485031332,2,0.0005249354167056515,0.0004829405833691994,0.92,4.199483333645212e-05,21963382.14668155,1757070.571734524,2285995.499276589,98.94799492389429,-7.58601294416523,277.6514272453006,922.3485727546998,0,0,528924.9275420654,1909859.317102744,0,0,1200,0.608,528924.9275420654,1909859.317102744,2,2,1200,98.94799492389429,0.8398966667290422,0.7727049333907189,556.9737758180554,614899.0485031332,0.0005249354167056515,0.0004829405833691994,0.92,4.199483333645212e-05,21963382.14668155,1757070.571734524,2285995.499276589,277.6514272453006,922.3485727546998,1200,0.0004829405833691994,-7.58601294416523
0.609,0.8398966667290422,0.7727049333907189,556.9737758180554,614899.0485031332,2,0.0005249354167056515,0.0004829405833691994,0.92,4.199483333645212e-05,21963382.14668155,1757070.571734524,2285995.499276589,98.94799492389429,-7.58601294416523,277.6514272453006,922.3485727546998,0,0,528924.9275420654,1909859.317102744,0,0,1200,0.609,528924.9275420654,1909859.317102744,2,2,1200,98.94799492389429,0.8398966667290422,0.7727049333907189,556.9737758180554,614899.0485031332,0.0005249354167056515,0.0004829405833691994,0.92,4.199483333645212e-05,21963382.14668155,1757070.571734524,2285995.499276589,277.6514272453006,922.3485727546998,1200,0.0004829405833691994,-7.58601294416523
0.61,0.8398966667290422,0.7727049333907189,556.9737758180554,614899.0485031332,2,0.0005249354167056515,0.0004829405833691994,0.92,4.199483333645212e-05,21963382.14668155,1757070.571734524,2285995.499276589,98.94799492389429,-7.58601294416523,277.6514272453006,922.3485727546998,0,0,528924.9275420654,1909859.317102744,0,0,1200,0.61,528924.9275420654,1909859.317102744,2,2,1200,98.94799492389429,0.8398966667290422,0.7727049333907189,556.9737758180554,614899.0485031332,0.0005249354167056515,0.0004829405833691994,0.92,4.199483333645212e-05,21963382.14668155,1757070.571734524,2285995.499276589,277.6514272453006,922.3485727546998,1200,0.0004829405833691994,-7.58601294416523
0.611,0.8398966667290422,0.7727049333907189,556.9737758180554,614899.0485031332,2,0.0005249354167056515,0.0004829405833691994,0.92,4.199483333645212e-05,21963382.14668155,1757070.571734524,2285995.499276589,98.94799492389429,-7.58601294416523,277.6514272453006,922.3485727546998,0,0,528924.9275420654,1909859.317102744,0,0,1200,0.611,528924.9275420654,1909859.317102744,2,2,1200,98.94799492389429,0.8398966667290422,0.7727049333907189,556.9737758180554,614899.0485031332,0.0005249354167056515,0.0004829405833691994,0.92,4.199483333645212e-05,21963382.14668155,1757070.571734524,2285995.499276589,277.6514272453006,922.3485727546998,1200,0.0004829405833691994,-7.58601294416523
0.612,0.8398966667290422,0.7727049333907189,556.9737758180554,614899.0485031332,2,0.0005249354167056515,0.0004829405833691994,0.92,4.199483333645212e-05,21963382.14668155,1757070.571734524,2285995.499276589,98.94799492389429,-7.58601294416523,277.6514272453006,922.3485727546998,0,0,528924.9275420654,1909859.317102744,0,0,1200,0.612,528924.9275420654,1909859.317102744,2,2,1200,98.94799492389429,0.8398966667290422,0.7727049333907189,556.9737758180554,614899.0485031332,0.0005249354167056515,0.0004829405833691994,0.92,4.199483333645212e-05,21963382.14668155,1757070.571734524,2285995.499276589,277.6514272453006,922.3485727546998,1200,0.0004829405833691994,-7.58601294416523
0.613,0.8398966667290422,0.7727049333907189,556.9737758180554,614899.0485031332,2,0.0005249354167056515,0.0004829405833691994,0.92,4.199483333645212e-05,21963382.14668155,1757070.571734524,2285995.499276589,98.94799492389429,-7.58601294416523,277.6514272453006,922.3485727546998,0,0,528924.9275420654,1909859.317102744,0,0,1200,0.613,528924.9275420654,1909859.317102744,2,2,1200,98.94799492389429,0.8398966667290422,0.7727049333907189,556.9737758180554,614899.0485031332,0.0005249354167056515,0.0004829405833691994,0.92,4.199483333645212e-05,21963382.14668155,1757070.571734524,2285995.499276589,277.6514272453006,922.3485727546998,1200,0.0004829405833691994,-7.58601294416523
0.614,0.8398966667290422,0.7727049333907189,556.9737758180554,614899.0485031332,2,0.0005249354167056515,0.0004829405833691994,0.92,4.199483333645212e-05,21963382.14668155,1757070.571734524,2285995.499276589,98.94799492389429,-7.58601294416523,277.6514272453006,922.3485727546998,0,0,528924.9275420654,1909859.317102744,0,0,1200,0.614,528924.9275420654,1909859.317102744,2,2,1200,98.94799492389429,0.8398966667290422,0.7727049333907189,556.9737758180554,614899.0485031332,0.0005249354167056515,0.0004829405833691994,0.92,4.199483333645212e-05,21963382.14668155,1757070.571734524,2285995.499276589,277.6514272453006,922.3485727546998,1200,0.0004829405833691994,-7.58601294416523
0.615,0.8398966667290422,0.7727049333907189,556.9737758180554,614899.0485031332,2,0.0005249354167056515,0.0004829405833691994,0.92,4.199483333645212e-05,21963382.14668155,1757070.571734524,2285995.499276589,98.94799492389429,-7.58601294416523,277.6514272453006,922.3485727546998,0,0,528924.9275420654,1909859.317102744,0,0,1200,0.615,528924.9275420654,1909859.317102744,2,2,1200,98.94799492389429,0.8398966667290422,0.7727049333907189,556.9737758180554,614899.0485031332,0.0005249354167056515,0.0004829405833691994,0.92,4.199483333645212e-05,21963382.14668155,1757070.571734524,2285995.499276589,277.6514272453006,922.3485727546998,1200,0.0004829405833691994,-7.58601294416523
0.616,0.8398966667290422,0.7727049333907189,556.9737758180554,614899.0485031332,2,0.0005249354167056515,0.0004829405833691994,0.92,4.199483333645212e-05,21963382.14668155,1757070.571734524,2285995.499276589,98.94799492389429,-7.58601294416523,277.6514272453006,922.3485727546998,0,0,528924.9275420654,1909859.317102744,0,0,1200,0.616,528924.9275420654,1909859.317102744,2,2,1200,98.94799492389429,0.8398966667290422,0.7727049333907189,556.9737758180554,614899.0485031332,0.0005249354167056515,0.0004829405833691994,0.92,4.199483333645212e-05,21963382.14668155,1757070.571734524,2285995.499276589,277.6514272453006,922.3485727546998,1200,0.0004829405833691994,-7.58601294416523
0.617,0.8398966667290422,0.7727049333907189,556.9737758180554,614899.0485031332,2,0.0005249354167056515,0.0004829405833691994,0.92,4.199483333645212e-05,21963382.14668155,1757070.571734524,2285995.499276589,98.94799492389429,-7.58601294416523,277.6514272453006,922.3485727546998,0,0,528924.9275420654,1909859.317102744,0,0,1200,0.617,528924.9275420654,1909859.317102744,2,2,1200,98.94799492389429,0.8398966667290422,0.7727049333907189,556.9737758180554,614899.0485031332,0.0005249354167056515,0.0004829405833691994,0.92,4.199483333645212e-05,21963382.14668155,1757070.571734524,2285995.499276589,277.6514272453006,922.3485727546998,1200,0.0004829405833691994,-7.58601294416523
0.618,0.8398966667290422,0.7727049333907189,556.9737758180554,614899.0485031332,2,0.0005249354167056515,0.0004829405833691994,0.92,4.199483333645212e-05,21963382.14668155,1757070.571734524,2285995.499276589,98.94799492389429,-7.58601294416523,277.6514272453006,922.3485727546998,0,0,528924.9275420654,1909859.317102744,0,0,1200,0.618,528924.9275420654,1909859.317102744,2,2,1200,98.94799492389429,0.8398966667290422,0.7727049333907189,556.9737758180554,614899.0485031332,0.0005249354167056515,0.0004829405833691994,0.92,4.199483333645212e-05,21963382.14668155,1757070.571734524,2285995.499276589,277.6514272453006,922.3485727546998,1200,0.0004829405833691994,-7.58601294416523
0.619,0.8398966667290422,0.7727049333907189,556.9737758180554,614899.0485031332,2,0.0005249354167056515,0.0004829405833691994,0.92,4.199483333645212e-05,21963382.14668155,1757070.571734524,2285995.499276589,98.94799492389429,-7.58601294416523,277.6514272453006,922.3485727546998,0,0,528924.9275420654,1909859.317102744,0,0,1200,0.619,528924.9275420654,1909859.317102744,2,2,1200,98.94799492389429,0.8398966667290422,0.7727049333907189,556.9737758180554,614899.0485031332,0.0005249354167056515,0.0004829405833691994,0.92,4.199483333645212e-05,21963382.14668155,1757070.571734524,2285995.499276589,277.6514272453006,922.3485727546998,1200,0.0004829405833691994,-7.58601294416523
0.62,0.8398966667290422,0.7727049333907189,556.9737758180554,614899.0485031332,2,0.0005249354167056515,0.0004829405833691994,0.92,4.199483333645212e-05,21963382.14668155,1757070.571734524,2285995.499276589,98.94799492389429,-7.58601294416523,277.6514272453006,922.3485727546998,0,0,528924.9275420654,1909859.317102744,0,0,1200,0.62,528924.9275420654,1909859.317102744,2,2,1200,98.94799492389429,0.8398966667290422,0.7727049333907189,556.9737758180554,614899.0485031332,0.0005249354167056515,0.0004829405833691994,0.92,4.199483333645212e-05,21963382.14668155,1757070.571734524,2285995.499276589,277.6514272453006,922.3485727546998,1200,0.0004829405833691994,-7.58601294416523
0.621,0.8398966667290422,0.7727049333907189,556.9737758180554,614899.0485031332,2,0.0005249354167056515,0.0004829405833691994,0.92,4.199483333645212e-05,21963382.14668155,1757070.571734524,2285995.499276589,98.94799492389429,-7.58601294416523,277.6514272453006,922.3485727546998,0,0,528924.9275420654,1909859.317102744,0,0,1200,0.621,528924.9275420654,1909859.317102744,2,2,1200,98.94799492389429,0.8398966667290422,0.7727049333907189,556.9737758180554,614899.0485031332,0.0005249354167056515,0.0004829405833691994,0.92,4.199483333645212e-05,21963382.14668155,1757070.571734524,2285995.499276589,277.6514272453006,922.3485727546998,1200,0.0004829405833691994,-7.58601294416523
0.622,0.8398966667290422,0.7727049333907189,556.9737758180554,614899.0485031332,2,0.0005249354167056515,0.0004829405833691994,0.92,4.199483333645212e-05,21963382.14668155,1757070.571734524,2285995.499276589,98.94799492389429,-7.58601294416523,277.6514272453006,922.3485727546998,0,0,528924.9275420654,1909859.317102744,0,0,1200,0.622,528924.9275420654,1909859.317102744,2,2,1200,98.94799492389429,0.8398966667290422,0.7727049333907189,556.9737758180554,614899.0485031332,0.0005249354167056515,0.0004829405833691994,0.92,4.199483333645212e-05,21963382.14668155,1757070.571734524,2285995.499276589,277.6514272453006,922.3485727546998,1200,0.0004829405833691994,-7.58601294416523
0.623,0.8398966667290422,0.7727049333907189,556.9737758180554,614899.0485031332,2,0.0005249354167056515,0.0004829405833691994,0.92,4.199483333645212e-05,21963382.14668155,1757070.571734524,2285995.499276589,98.94799492389429,-7.58601294416523,277.6514272453006,922.3485727546998,0,0,528924.9275420654,1909859.317102744,0,0,1200,0.623,528924.9275420654,1909859.317102744,2,2,1200,98.94799492389429,0.8398966667290422,0.7727049333907189,556.9737758180554,614899.0485031332,0.0005249354167056515,0.0004829405833691994,0.92,4.199483333645212e-05,21963382.14668155,1757070.571734524,2285995.499276589,277.6514272453006,922.3485727546998,1200,0.0004829405833691994,-7.58601294416523
0.624,0.8398966667290422,0.7727049333907189,556.9737758180554,614899.0485031332,2,0.0005249354167056515,0.0004829405833691994,0.92,4.199483333645212e-05,21963382.14668155,1757070.571734524,2285995.499276589,98.94799492389429,-7.58601294416523,277.6514272453006,922.3485727546998,0,0,528924.9275420654,1909859.317102744,0,0,1200,0.624,528924.9275420654,1909859.317102744,2,2,1200,98.94799492389429,0.8398966667290422,0.7727049333907189,556.9737758180554,614899.0485031332,0.0005249354167056515,0.0004829405833691994,0.92,4.199483333645212e-05,21963382.14668155,1757070.571734524,2285995.499276589,277.6514272453006,922.3485727546998,1200,0.0004829405833691994,-7.58601294416523
0.625,0.8398966667290422,0.7727049333907189,556.9737758180554,614899.0485031332,2,0.0005249354167056515,0.0004829405833691994,0.92,4.199483333645212e-05,21963382.14668155,1757070.571734524,2285995.499276589,98.94799492389429,-7.58601294416523,277.6514272453006,922.3485727546998,0,0,528924.9275420654,1909859.317102744,0,0,1200,0.625,528924.9275420654,1909859.317102744,2,2,1200,98.94799492389429,0.8398966667290422,0.7727049333907189,556.9737758180554,614899.0485031332,0.0005249354167056515,0.0004829405833691994,0.92,4.199483333645212e-05,21963382.14668155,1757070.571734524,2285995.499276589,277.6514272453006,922.3485727546998,1200,0.0004829405833691994,-7.58601294416523
0.626,0.8398966667290422,0.7727049333907189,556.9737758180554,614899.0485031332,2,0.0005249354167056515,0.0004829405833691994,0.92,4.199483333645212e-05,21963382.14668155,1757070.571734524,2285995.499276589,98.94799492389429,-7.58601294416523,277.6514272453006,922.3485727546998,0,0,528924.9275420654,1909859.317102744,0,0,1200,0.626,528924.9275420654,1909859.317102744,2,2,1200,98.94799492389429,0.8398966667290422,0.7727049333907189,556.9737758180554,614899.0485031332,0.0005249354167056515,0.0004829405833691994,0.92,4.199483333645212e-05,21963382.14668155,1757070.571734524,2285995.499276589,277.6514272453006,922.3485727546998,1200,0.0004829405833691994,-7.58601294416523
0.627,0.8398966667290422,0.7727049333907189,556.9737758180554,614899.0485031332,2,0.0005249354167056515,0.0004829405833691994,0.92,4.199483333645212e-05,21963382.14668155,1757070.571734524,2285995.499276589,98.94799492389429,-7.58601294416523,277.6514272453006,922.3485727546998,0,0,528924.9275420654,1909859.317102744,0,0,1200,0.627,528924.9275420654,1909859.317102744,2,2,1200,98.94799492389429,0.8398966667290422,0.7727049333907189,556.9737758180554,614899.0485031332,0.0005249354167056515,0.0004829405833691994,0.92,4.199483333645212e-05,21963382.14668155,1757070.571734524,2285995.499276589,277.6514272453006,922.3485727546998,1200,0.0004829405833691994,-7.58601294416523
0.628,0.8398966667290422,0.7727049333907189,556.9737758180554,614899.0485031332,2,0.0005249354167056515,0.0004829405833691994,0.92,4.199483333645212e-05,21963382.14668155,1757070.571734524,2285995.499276589,98.94799492389429,-7.58601294416523,277.6514272453006,922.3485727546998,0,0,528924.9275420654,1909859.317102744,0,0,1200,0.628,528924.9275420654,1909859.317102744,2,2,1200,98.94799492389429,0.8398966667290422,0.7727049333907189,556.9737758180554,614899.0485031332,0.0005249354167056515,0.0004829405833691994,0.92,4.199483333645212e-05,21963382.14668155,1757070.571734524,2285995.499276589,277.6514272453006,922.3485727546998,1200,0.0004829405833691994,-7.58601294416523
0.629,0.8398966667290422,0.7727049333907189,556.9737758180554,614899.0485031332,2,0.0005249354167056515,0.0004829405833691994,0.92,4.199483333645212e-05,21963382.14668155,1757070.571734524,2285995.499276589,98.94799492389429,-7.58601294416523,277.6514272453006,922.3485727546998,0,0,528924.9275420654,1909859.317102744,0,0,1200,0.629,528924.9275420654,1909859.317102744,2,2,1200,98.94799492389429,0.8398966667290422,0.7727049333907189,556.9737758180554,614899.0485031332,0.0005249354167056515,0.0004829405833691994,0.92,4.199483333645212e-05,21963382.14668155,1757070.571734524,2285995.499276589,277.6514272453006,922.3485727546998,1200,0.0004829405833691994,-7.58601294416523
0.63,0.8398966667290422,0.7727049333907189,556.9737758180554,614899.0485031332,2,0.0005249354167056515,0.0004829405833691994,0.92,4.199483333645212e-05,21963382.14668155,1757070.571734524,2285995.499276589,98.94799492389429,-7.58601294416523,277.6514272453006,922.3485727546998,0,0,528924.9275420654,1909859.317102744,0,0,1200,0.63,528924.9275420654,1909859.317102744,2,2,1200,98.94799492389429,0.8398966667290422,0.7727049333907189,556.9737758180554,614899.0485031332,0.0005249354167056515,0.0004829405833691994,0.92,4.199483333645212e-05,21963382.14668155,1757070.571734524,2285995.499276589,277.6514272453006,922.3485727546998,1200,0.0004829405833691994,-7.58601294416523
0.631,0.8398966667290422,0.7727049333907189,556.9737758180554,614899.0485031332,2,0.0005249354167056515,0.0004829405833691994,0.92,4.199483333645212e-05,21963382.14668155,1757070.571734524,2285995.499276589,98.94799492389429,-7.58601294416523,277.6514272453006,922.3485727546998,0,0,528924.9275420654,1909859.317102744,0,0,1200,0.631,528924.9275420654,1909859.317102744,2,2,1200,98.94799492389429,0.8398966667290422,0.7727049333907189,556.9737758180554,614899.0485031332,0.0005249354167056515,0.0004829405833691994,0.92,4.199483333645212e-05,21963382.14668155,1757070.571734524,2285995.499276589,277.6514272453006,922.3485727546998,1200,0.0004829405833691994,-7.58601294416523
0.632,0.8398966667290422,0.7727049333907189,556.9737758180554,614899.0485031332,2,0.0005249354167056515,0.0004829405833691994,0.92,4.199483333645212e-05,21963382.14668155,1757070.571734524,2285995.499276589,98.94799492389429,-7.58601294416523,277.6514272453006,922.3485727546998,0,0,528924.9275420654,1909859.317102744,0,0,1200,0.632,528924.9275420654,1909859.317102744,2,2,1200,98.94799492389429,0.8398966667290422,0.7727049333907189,556.9737758180554,614899.0485031332,0.0005249354167056515,0.0004829405833691994,0.92,4.199483333645212e-05,21963382.14668155,1757070.571734524,2285995.499276589,277.6514272453006,922.3485727546998,1200,0.0004829405833691994,-7.58601294416523
0.633,0.8398966667290422,0.7727049333907189,556.9737758180554,614899.0485031332,2,0.0005249354167056515,0.0004829405833691994,0.92,4.199483333645212e-05,21963382.14668155,1757070.571734524,2285995.499276589,98.94799492389429,-7.58601294416523,277.6514272453006,922.3485727546998,0,0,528924.9275420654,1909859.317102744,0,0,1200,0.633,528924.9275420654,1909859.317102744,2,2,1200,98.94799492389429,0.8398966667290422,0.7727049333907189,556.9737758180554,614899.0485031332,0.0005249354167056515,0.0004829405833691994,0.92,4.199483333645212e-05,21963382.14668155,1757070.571734524,2285995.499276589,277.6514272453006,922.3485727546998,1200,0.0004829405833691994,-7.58601294416523
0.634,0.8398966667290422,0.7727049333907189,556.9737758180554,614899.0485031332,2,0.0005249354167056515,0.0004829405833691994,0.92,4.199483333645212e-05,21963382.14668155,1757070.571734524,2285995.499276589,98.94799492389429,-7.58601294416523,277.6514272453006,922.3485727546998,0,0,528924.9275420654,1909859.317102744,0,0,1200,0.634,528924.9275420654,1909859.317102744,2,2,1200,98.94799492389429,0.8398966667290422,0.7727049333907189,556.9737758180554,614899.0485031332,0.0005249354167056515,0.0004829405833691994,0.92,4.199483333645212e-05,21963382.14668155,1757070.571734524,2285995.499276589,277.6514272453006,922.3485727546998,1200,0.0004829405833691994,-7.58601294416523
0.635,0.8398966667290422,0.7727049333907189,556.9737758180554,614899.0485031332,2,0.0005249354167056515,0.0004829405833691994,0.92,4.199483333645212e-05,21963382.14668155,1757070.571734524,2285995.499276589,98.94799492389429,-7.58601294416523,277.6514272453006,922.3485727546998,0,0,528924.9275420654,1909859.317102744,0,0,1200,0.635,528924.9275420654,1909859.317102744,2,2,1200,98.94799492389429,0.8398966667290422,0.7727049333907189,556.9737758180554,614899.0485031332,0.0005249354167056515,0.0004829405833691994,0.92,4.199483333645212e-05,21963382.14668155,1757070.571734524,2285995.499276589,277.6514272453006,922.3485727546998,1200,0.0004829405833691994,-7.58601294416523
0.636,0.8398966667290422,0.7727049333907189,556.9737758180554,614899.0485031332,2,0.0005249354167056515,0.0004829405833691994,0.92,4.199483333645212e-05,21963382.14668155,1757070.571734524,2285995.499276589,98.94799492389429,-7.58601294416523,277.6514272453006,922.3485727546998,0,0,528924.9275420654,1909859.317102744,0,0,1200,0.636,528924.9275420654,1909859.317102744,2,2,1200,98.94799492389429,0.8398966667290422,0.7727049333907189,556.9737758180554,614899.0485031332,0.0005249354167056515,0.0004829405833691994,0.92,4.199483333645212e-05,21963382.14668155,1757070.571734524,2285995.499276589,277.6514272453006,922.3485727546998,1200,0.0004829405833691994,-7.58601294416523
0.637,0.8398966667290422,0.7727049333907189,556.9737758180554,614899.0485031332,2,0.0005249354167056515,0.0004829405833691994,0.92,4.199483333645212e-05,21963382.14668155,1757070.571734524,2285995.499276589,98.94799492389429,-7.58601294416523,277.6514272453006,922.3485727546998,0,0,528924.9275420654,1909859.317102744,0,0,1200,0.637,528924.9275420654,1909859.317102744,2,2,1200,98.94799492389429,0.8398966667290422,0.7727049333907189,556.9737758180554,614899.0485031332,0.0005249354167056515,0.0004829405833691994,0.92,4.199483333645212e-05,21963382.14668155,1757070.571734524,2285995.499276589,277.6514272453006,922.3485727546998,1200,0.0004829405833691994,-7.58601294416523
0.638,0.8398966667290422,0.7727049333907189,556.9737758180554,614899.0485031332,2,0.0005249354167056515,0.0004829405833691994,0.92,4.199483333645212e-05,21963382.14668155,1757070.571734524,2285995.499276589,98.94799492389429,-7.58601294416523,277.6514272453006,922.3485727546998,0,0,528924.9275420654,1909859.317102744,0,0,1200,0.638,528924.9275420654,1909859.317102744,2,2,1200,98.94799492389429,0.8398966667290422,0.7727049333907189,556.9737758180554,614899.0485031332,0.0005249354167056515,0.0004829405833691994,0.92,4.199483333645212e-05,21963382.14668155,1757070.571734524,2285995.499276589,277.6514272453006,922.3485727546998,1200,0.0004829405833691994,-7.58601294416523
0.639,0.8398966667290422,0.7727049333907189,556.9737758180554,614899.0485031332,2,0.0005249354167056515,0.0004829405833691994,0.92,4.199483333645212e-05,21963382.14668155,1757070.571734524,2285995.499276589,98.94799492389429,-7.58601294416523,277.6514272453006,922.3485727546998,0,0,528924.9275420654,1909859.317102744,0,0,1200,0.639,528924.9275420654,1909859.317102744,2,2,1200,98.94799492389429,0.8398966667290422,0.7727049333907189,556.9737758180554,614899.0485031332,0.0005249354167056515,0.0004829405833691994,0.92,4.199483333645212e-05,21963382.14668155,1757070.571734524,2285995.499276589,277.6514272453006,922.3485727546998,1200,0.0004829405833691994,-7.58601294416523
0.64,0.8398966667290422,0.7727049333907189,556.9737758180554,614899.0485031332,2,0.0005249354167056515,0.0004829405833691994,0.92,4.199483333645212e-05,21963382.14668155,1757070.571734524,2285995.499276589,98.94799492389429,-7.58601294416523,277.6514272453006,922.3485727546998,0,0,528924.9275420654,1909859.317102744,0,0,1200,0.64,528924.9275420654,1909859.317102744,2,2,1200,98.94799492389429,0.8398966667290422,0.7727049333907189,556.9737758180554,614899.0485031332,0.0005249354167056515,0.0004829405833691994,0.92,4.199483333645212e-05,21963382.14668155,1757070.571734524,2285995.499276589,277.6514272453006,922.3485727546998,1200,0.0004829405833691994,-7.58601294416523
0.641,0.8398966667290422,0.7727049333907189,556.9737758180554,614899.0485031332,2,0.0005249354167056515,0.0004829405833691994,0.92,4.199483333645212e-05,21963382.14668155,1757070.571734524,2285995.499276589,98.94799492389429,-7.58601294416523,277.6514272453006,922.3485727546998,0,0,528924.9275420654,1909859.317102744,0,0,1200,0.641,528924.9275420654,1909859.317102744,2,2,1200,98.94799492389429,0.8398966667290422,0.7727049333907189,556.9737758180554,614899.0485031332,0.0005249354167056515,0.0004829405833691994,0.92,4.199483333645212e-05,21963382.14668155,1757070.571734524,2285995.499276589,277.6514272453006,922.3485727546998,1200,0.0004829405833691994,-7.58601294416523
0.642,0.8398966667290422,0.7727049333907189,556.9737758180554,614899.0485031332,2,0.0005249354167056515,0.0004829405833691994,0.92,4.199483333645212e-05,21963382.14668155,1757070.571734524,2285995.499276589,98.94799492389429,-7.58601294416523,277.6514272453006,922.3485727546998,0,0,528924.9275420654,1909859.317102744,0,0,1200,0.642,528924.9275420654,1909859.317102744,2,2,1200,98.94799492389429,0.8398966667290422,0.7727049333907189,556.9737758180554,614899.0485031332,0.0005249354167056515,0.0004829405833691994,0.92,4.199483333645212e-05,21963382.14668155,1757070.571734524,2285995.499276589,277.6514272453006,922.3485727546998,1200,0.0004829405833691994,-7.58601294416523
0.643,0.8398966667290422,0.7727049333907189,556.9737758180554,614899.0485031332,2,0.0005249354167056515,0.0004829405833691994,0.92,4.199483333645212e-05,21963382.14668155,1757070.571734524,2285995.499276589,98.94799492389429,-7.58601294416523,277.6514272453006,922.3485727546998,0,0,528924.9275420654,1909859.317102744,0,0,1200,0.643,528924.9275420654,1909859.317102744,2,2,1200,98.94799492389429,0.8398966667290422,0.7727049333907189,556.9737758180554,614899.0485031332,0.0005249354167056515,0.0004829405833691994,0.92,4.199483333645212e-05,21963382.14668155,1757070.571734524,2285995.499276589,277.6514272453006,922.3485727546998,1200,0.0004829405833691994,-7.58601294416523
0.644,0.8398966667290422,0.7727049333907189,556.9737758180554,614899.0485031332,2,0.0005249354167056515,0.0004829405833691994,0.92,4.199483333645212e-05,21963382.14668155,1757070.571734524,2285995.499276589,98.94799492389429,-7.58601294416523,277.6514272453006,922.3485727546998,0,0,528924.9275420654,1909859.317102744,0,0,1200,0.644,528924.9275420654,1909859.317102744,2,2,1200,98.94799492389429,0.8398966667290422,0.7727049333907189,556.9737758180554,614899.0485031332,0.0005249354167056515,0.0004829405833691994,0.92,4.199483333645212e-05,21963382.14668155,1757070.571734524,2285995.499276589,277.6514272453006,922.3485727546998,1200,0.0004829405833691994,-7.58601294416523
0.645,0.8398966667290422,0.7727049333907189,556.9737758180554,614899.0485031332,2,0.0005249354167056515,0.0004829405833691994,0.92,4.199483333645212e-05,21963382.14668155,1757070.571734524,2285995.499276589,98.94799492389429,-7.58601294416523,277.6514272453006,922.3485727546998,0,0,528924.9275420654,1909859.317102744,0,0,1200,0.645,528924.9275420654,1909859.317102744,2,2,1200,98.94799492389429,0.8398966667290422,0.7727049333907189,556.9737758180554,614899.0485031332,0.0005249354167056515,0.0004829405833691994,0.92,4.199483333645212e-05,21963382.14668155,1757070.571734524,2285995.499276589,277.6514272453006,922.3485727546998,1200,0.0004829405833691994,-7.58601294416523
0.646,0.8398966667290422,0.7727049333907189,556.9737758180554,614899.0485031332,2,0.0005249354167056515,0.0004829405833691994,0.92,4.199483333645212e-05,21963382.14668155,1757070.571734524,2285995.499276589,98.94799492389429,-7.58601294416523,277.6514272453006,922.3485727546998,0,0,528924.9275420654,1909859.317102744,0,0,1200,0.646,528924.9275420654,1909859.317102744,2,2,1200,98.94799492389429,0.8398966667290422,0.7727049333907189,556.9737758180554,614899.0485031332,0.0005249354167056515,0.0004829405833691994,0.92,4.199483333645212e-05,21963382.14668155,1757070.571734524,2285995.499276589,277.6514272453006,922.3485727546998,1200,0.0004829405833691994,-7.58601294416523
0.647,0.8398966667290422,0.7727049333907189,556.9737758180554,614899.0485031332,2,0.0005249354167056515,0.0004829405833691994,0.92,4.199483333645212e-05,21963382.14668155,1757070.571734524,2285995.499276589,98.94799492389429,-7.58601294416523,277.6514272453006,922.3485727546998,0,0,528924.9275420654,1909859.317102744,0,0,1200,0.647,528924.9275420654,1909859.317102744,2,2,1200,98.94799492389429,0.8398966667290422,0.7727049333907189,556.9737758180554,614899.0485031332,0.0005249354167056515,0.0004829405833691994,0.92,4.199483333645212e-05,21963382.14668155,1757070.571734524,2285995.499276589,277.6514272453006,922.3485727546998,1200,0.0004829405833691994,-7.58601294416523
0.648,0.8398966667290422,0.7727049333907189,556.9737758180554,614899.0485031332,2,0.0005249354167056515,0.0004829405833691994,0.92,4.199483333645212e-05,21963382.14668155,1757070.571734524,2285995.499276589,98.94799492389429,-7.58601294416523,277.6514272453006,922.3485727546998,0,0,528924.9275420654,1909859.317102744,0,0,1200,0.648,528924.9275420654,1909859.317102744,2,2,1200,98.94799492389429,0.8398966667290422,0.7727049333907189,556.9737758180554,614899.0485031332,0.0005249354167056515,0.0004829405833691994,0.92,4.199483333645212e-05,21963382.14668155,1757070.571734524,2285995.499276589,277.6514272453006,922.3485727546998,1200,0.0004829405833691994,-7.58601294416523
0.649,0.8398966667290422,0.7727049333907189,556.9737758180554,614899.0485031332,2,0.0005249354167056515,0.0004829405833691994,0.92,4.199483333645212e-05,21963382.14668155,1757070.571734524,2285995.499276589,98.94799492389429,-7.58601294416523,277.6514272453006,922.3485727546998,0,0,528924.9275420654,1909859.317102744,0,0,1200,0.649,528924.9275420654,1909859.317102744,2,2,1200,98.94799492389429,0.8398966667290422,0.7727049333907189,556.9737758180554,614899.0485031332,0.0005249354167056515,0.0004829405833691994,0.92,4.199483333645212e-05,21963382.14668155,1757070.571734524,2285995.499276589,277.6514272453006,922.3485727546998,1200,0.0004829405833691994,-7.58601294416523
0.65,0.8398966667290422,0.7727049333907189,556.9737758180554,614899.0485031332,2,0.0005249354167056515,0.0004829405833691994,0.92,4.199483333645212e-05,21963382.14668155,1757070.571734524,2285995.499276589,98.94799492389429,-7.58601294416523,277.6514272453006,922.3485727546998,0,0,528924.9275420654,1909859.317102744,0,0,1200,0.65,528924.9275420654,1909859.317102744,2,2,1200,98.94799492389429,0.8398966667290422,0.7727049333907189,556.9737758180554,614899.0485031332,0.0005249354167056515,0.0004829405833691994,0.92,4.199483333645212e-05,21963382.14668155,1757070.571734524,2285995.499276589,277.6514272453006,922.3485727546998,1200,0.0004829405833691994,-7.58601294416523
0.651,0.8398966667290422,0.7727049333907189,556.9737758180554,614899.0485031332,2,0.0005249354167056515,0.0004829405833691994,0.92,4.199483333645212e-05,21963382.14668155,1757070.571734524,2285995.499276589,98.94799492389429,-7.58601294416523,277.6514272453006,922.3485727546998,0,0,528924.9275420654,1909859.317102744,0,0,1200,0.651,528924.9275420654,1909859.317102744,2,2,1200,98.94799492389429,0.8398966667290422,0.7727049333907189,556.9737758180554,614899.0485031332,0.0005249354167056515,0.0004829405833691994,0.92,4.199483333645212e-05,21963382.14668155,1757070.571734524,2285995.499276589,277.6514272453006,922.3485727546998,1200,0.0004829405833691994,-7.58601294416523
0.652,0.8398966667290422,0.7727049333907189,556.9737758180554,614899.0485031332,2,0.0005249354167056515,0.0004829405833691994,0.92,4.199483333645212e-05,21963382.14668155,1757070.571734524,2285995.499276589,98.94799492389429,-7.58601294416523,277.6514272453006,922.3485727546998,0,0,528924.9275420654,1909859.317102744,0,0,1200,0.652,528924.9275420654,1909859.317102744,2,2,1200,98.94799492389429,0.8398966667290422,0.7727049333907189,556.9737758180554,614899.0485031332,0.0005249354167056515,0.0004829405833691994,0.92,4.199483333645212e-05,21963382.14668155,1757070.571734524,2285995.499276589,277.6514272453006,922.3485727546998,1200,0.0004829405833691994,-7.58601294416523
0.653,0.8398966667290422,0.7727049333907189,556.9737758180554,614899.0485031332,2,0.0005249354167056515,0.0004829405833691994,0.92,4.199483333645212e-05,21963382.14668155,1757070.571734524,2285995.499276589,98.94799492389429,-7.58601294416523,277.6514272453006,922.3485727546998,0,0,528924.9275420654,1909859.317102744,0,0,1200,0.653,528924.9275420654,1909859.317102744,2,2,1200,98.94799492389429,0.8398966667290422,0.7727049333907189,556.9737758180554,614899.0485031332,0.0005249354167056515,0.0004829405833691994,0.92,4.199483333645212e-05,21963382.14668155,1757070.571734524,2285995.499276589,277.6514272453006,922.3485727546998,1200,0.0004829405833691994,-7.58601294416523
0.654,0.8398966667290422,0.7727049333907189,556.9737758180554,614899.0485031332,2,0.0005249354167056515,0.0004829405833691994,0.92,4.199483333645212e-05,21963382.14668155,1757070.571734524,2285995.499276589,98.94799492389429,-7.58601294416523,277.6514272453006,922.3485727546998,0,0,528924.9275420654,1909859.317102744,0,0,1200,0.654,528924.9275420654,1909859.317102744,2,2,1200,98.94799492389429,0.8398966667290422,0.7727049333907189,556.9737758180554,614899.0485031332,0.0005249354167056515,0.0004829405833691994,0.92,4.199483333645212e-05,21963382.14668155,1757070.571734524,2285995.499276589,277.6514272453006,922.3485727546998,1200,0.0004829405833691994,-7.58601294416523
0.655,0.8398966667290422,0.7727049333907189,556.9737758180554,614899.0485031332,2,0.0005249354167056515,0.0004829405833691994,0.92,4.199483333645212e-05,21963382.14668155,1757070.571734524,2285995.499276589,98.94799492389429,-7.58601294416523,277.6514272453006,922.3485727546998,0,0,528924.9275420654,1909859.317102744,0,0,1200,0.655,528924.9275420654,1909859.317102744,2,2,1200,98.94799492389429,0.8398966667290422,0.7727049333907189,556.9737758180554,614899.0485031332,0.0005249354167056515,0.0004829405833691994,0.92,4.199483333645212e-05,21963382.14668155,1757070.571734524,2285995.499276589,277.6514272453006,922.3485727546998,1200,0.0004829405833691994,-7.58601294416523
0.656,0.8398966667290422,0.7727049333907189,556.9737758180554,614899.0485031332,2,0.0005249354167056515,0.0004829405833691994,0.92,4.199483333645212e-05,21963382.14668155,1757070.571734524,2285995.499276589,98.94799492389429,-7.58601294416523,277.6514272453006,922.3485727546998,0,0,528924.9275420654,1909859.317102744,0,0,1200,0.656,528924.9275420654,1909859.317102744,2,2,1200,98.94799492389429,0.8398966667290422,0.7727049333907189,556.9737758180554,614899.0485031332,0.0005249354167056515,0.0004829405833691994,0.92,4.199483333645212e-05,21963382.14668155,1757070.571734524,2285995.499276589,277.6514272453006,922.3485727546998,1200,0.0004829405833691994,-7.58601294416523
0.657,0.8398966667290422,0.7727049333907189,556.9737758180554,614899.0485031332,2,0.0005249354167056515,0.0004829405833691994,0.92,4.199483333645212e-05,21963382.14668155,1757070.571734524,2285995.499276589,98.94799492389429,-7.58601294416523,277.6514272453006,922.3485727546998,0,0,528924.9275420654,1909859.317102744,0,0,1200,0.657,528924.9275420654,1909859.317102744,2,2,1200,98.94799492389429,0.8398966667290422,0.7727049333907189,556.9737758180554,614899.0485031332,0.0005249354167056515,0.0004829405833691994,0.92,4.199483333645212e-05,21963382.14668155,1757070.571734524,2285995.499276589,277.6514272453006,922.3485727546998,1200,0.0004829405833691994,-7.58601294416523
0.658,0.8398966667290422,0.7727049333907189,556.9737758180554,614899.0485031332,2,0.0005249354167056515,0.0004829405833691994,0.92,4.199483333645212e-05,21963382.14668155,1757070.571734524,2285995.499276589,98.94799492389429,-7.58601294416523,277.6514272453006,922.3485727546998,0,0,528924.9275420654,1909859.317102744,0,0,1200,0.658,528924.9275420654,1909859.317102744,2,2,1200,98.94799492389429,0.8398966667290422,0.7727049333907189,556.9737758180554,614899.0485031332,0.0005249354167056515,0.0004829405833691994,0.92,4.199483333645212e-05,21963382.14668155,1757070.571734524,2285995.499276589,277.6514272453006,922.3485727546998,1200,0.0004829405833691994,-7.58601294416523
0.659,0.8398966667290422,0.7727049333907189,556.9737758180554,614899.0485031332,2,0.0005249354167056515,0.0004829405833691994,0.92,4.199483333645212e-05,21963382.14668155,1757070.571734524,2285995.499276589,98.94799492389429,-7.58601294416523,277.6514272453006,922.3485727546998,0,0,528924.9275420654,1909859.317102744,0,0,1200,0.659,528924.9275420654,1909859.317102744,2,2,1200,98.94799492389429,0.8398966667290422,0.7727049333907189,556.9737758180554,614899.0485031332,0.0005249354167056515,0.0004829405833691994,0.92,4.199483333645212e-05,21963382.14668155,1757070.571734524,2285995.499276589,277.6514272453006,922.3485727546998,1200,0.0004829405833691994,-7.58601294416523
0.66,0.8398966667290422,0.7727049333907189,556.9737758180554,614899.0485031332,2,0.0005249354167056515,0.0004829405833691994,0.92,4.199483333645212e-05,21963382.14668155,1757070.571734524,2285995.499276589,98.94799492389429,-7.58601294416523,277.6514272453006,922.3485727546998,0,0,528924.9275420654,1909859.317102744,0,0,1200,0.66,528924.9275420654,1909859.317102744,2,2,1200,98.94799492389429,0.8398966667290422,0.7727049333907189,556.9737758180554,614899.0485031332,0.0005249354167056515,0.0004829405833691994,0.92,4.199483333645212e-05,21963382.14668155,1757070.571734524,2285995.499276589,277.6514272453006,922.3485727546998,1200,0.0004829405833691994,-7.58601294416523
0.661,0.8398966667290422,0.7727049333907189,556.9737758180554,614899.0485031332,2,0.0005249354167056515,0.0004829405833691994,0.92,4.199483333645212e-05,21963382.14668155,1757070.571734524,2285995.499276589,98.94799492389429,-7.58601294416523,277.6514272453006,922.3485727546998,0,0,528924.9275420654,1909859.317102744,0,0,1200,0.661,528924.9275420654,1909859.317102744,2,2,1200,98.94799492389429,0.8398966667290422,0.7727049333907189,556.9737758180554,614899.0485031332,0.0005249354167056515,0.0004829405833691994,0.92,4.199483333645212e-05,21963382.14668155,1757070.571734524,2285995.499276589,277.6514272453006,922.3485727546998,1200,0.0004829405833691994,-7.58601294416523
0.662,0.8398966667290422,0.7727049333907189,556.9737758180554,614899.0485031332,2,0.0005249354167056515,0.0004829405833691994,0.92,4.199483333645212e-05,21963382.14668155,1757070.571734524,2285995.499276589,98.94799492389429,-7.58601294416523,277.6514272453006,922.3485727546998,0,0,528924.9275420654,1909859.317102744,0,0,1200,0.662,528924.9275420654,1909859.317102744,2,2,1200,98.94799492389429,0.8398966667290422,0.7727049333907189,556.9737758180554,614899.0485031332,0.0005249354167056515,0.0004829405833691994,0.92,4.199483333645212e-05,21963382.14668155,1757070.571734524,2285995.499276589,277.6514272453006,922.3485727546998,1200,0.0004829405833691994,-7.58601294416523
0.663,0.8398966667290422,0.7727049333907189,556.9737758180554,614899.0485031332,2,0.0005249354167056515,0.0004829405833691994,0.92,4.199483333645212e-05,21963382.14668155,1757070.571734524,2285995.499276589,98.94799492389429,-7.58601294416523,277.6514272453006,922.3485727546998,0,0,528924.9275420654,1909859.317102744,0,0,1200,0.663,528924.9275420654,1909859.317102744,2,2,1200,98.94799492389429,0.8398966667290422,0.7727049333907189,556.9737758180554,614899.0485031332,0.0005249354167056515,0.0004829405833691994,0.92,4.199483333645212e-05,21963382.14668155,1757070.571734524,2285995.499276589,277.6514272453006,922.3485727546998,1200,0.0004829405833691994,-7.58601294416523
0.664,0.8398966667290422,0.7727049333907189,556.9737758180554,614899.0485031332,2,0.0005249354167056515,0.0004829405833691994,0.92,4.199483333645212e-05,21963382.14668155,1757070.571734524,2285995.499276589,98.94799492389429,-7.58601294416523,277.6514272453006,922.3485727546998,0,0,528924.9275420654,1909859.317102744,0,0,1200,0.664,528924.9275420654,1909859.317102744,2,2,1200,98.94799492389429,0.8398966667290422,0.7727049333907189,556.9737758180554,614899.0485031332,0.0005249354167056515,0.0004829405833691994,0.92,4.199483333645212e-05,21963382.14668155,1757070.571734524,2285995.499276589,277.6514272453006,922.3485727546998,1200,0.0004829405833691994,-7.58601294416523
0.665,0.8398966667290422,0.7727049333907189,556.9737758180554,614899.0485031332,2,0.0005249354167056515,0.0004829405833691994,0.92,4.199483333645212e-05,21963382.14668155,1757070.571734524,2285995.499276589,98.94799492389429,-7.58601294416523,277.6514272453006,922.3485727546998,0,0,528924.9275420654,1909859.317102744,0,0,1200,0.665,528924.9275420654,1909859.317102744,2,2,1200,98.94799492389429,0.8398966667290422,0.7727049333907189,556.9737758180554,614899.0485031332,0.0005249354167056515,0.0004829405833691994,0.92,4.199483333645212e-05,21963382.14668155,1757070.571734524,2285995.499276589,277.6514272453006,922.3485727546998,1200,0.0004829405833691994,-7.58601294416523
0.666,0.8398966667290422,0.7727049333907189,556.9737758180554,614899.0485031332,2,0.0005249354167056515,0.0004829405833691994,0.92,4.199483333645212e-05,21963382.14668155,1757070.571734524,2285995.499276589,98.94799492389429,-7.58601294416523,277.6514272453006,922.3485727546998,0,0,528924.9275420654,1909859.317102744,0,0,1200,0.666,528924.9275420654,1909859.317102744,2,2,1200,98.94799492389429,0.8398966667290422,0.7727049333907189,556.9737758180554,614899.0485031332,0.0005249354167056515,0.0004829405833691994,0.92,4.199483333645212e-05,21963382.14668155,1757070.571734524,2285995.499276589,277.6514272453006,922.3485727546998,1200,0.0004829405833691994,-7.58601294416523
0.667,0.8398966667290422,0.7727049333907189,556.9737758180554,614899.0485031332,2,0.0005249354167056515,0.0004829405833691994,0.92,4.199483333645212e-05,21963382.14668155,1757070.571734524,2285995.499276589,98.94799492389429,-7.58601294416523,277.6514272453006,922.3485727546998,0,0,528924.9275420654,1909859.317102744,0,0,1200,0.667,528924.9275420654,1909859.317102744,2,2,1200,98.94799492389429,0.8398966667290422,0.7727049333907189,556.9737758180554,614899.0485031332,0.0005249354167056515,0.0004829405833691994,0.92,4.199483333645212e-05,21963382.14668155,1757070.571734524,2285995.499276589,277.6514272453006,922.3485727546998,1200,0.0004829405833691994,-7.58601294416523
0.668,0.8398966667290422,0.7727049333907189,556.9737758180554,614899.0485031332,2,0.0005249354167056515,0.0004829405833691994,0.92,4.199483333645212e-05,21963382.14668155,1757070.571734524,2285995.499276589,98.94799492389429,-7.58601294416523,277.6514272453006,922.3485727546998,0,0,528924.9275420654,1909859.317102744,0,0,1200,0.668,528924.9275420654,1909859.317102744,2,2,1200,98.94799492389429,0.8398966667290422,0.7727049333907189,556.9737758180554,614899.0485031332,0.0005249354167056515,0.0004829405833691994,0.92,4.199483333645212e-05,21963382.14668155,1757070.571734524,2285995.499276589,277.6514272453006,922.3485727546998,1200,0.0004829405833691994,-7.58601294416523
0.669,0.8398966667290422,0.7727049333907189,556.9737758180554,614899.0485031332,2,0.0005249354167056515,0.0004829405833691994,0.92,4.199483333645212e-05,21963382.14668155,1757070.571734524,2285995.499276589,98.94799492389429,-7.58601294416523,277.6514272453006,922.3485727546998,0,0,528924.9275420654,1909859.317102744,0,0,1200,0.669,528924.9275420654,1909859.317102744,2,2,1200,98.94799492389429,0.8398966667290422,0.7727049333907189,556.9737758180554,614899.0485031332,0.0005249354167056515,0.0004829405833691994,0.92,4.199483333645212e-05,21963382.14668155,1757070.571734524,2285995.499276589,277.6514272453006,922.3485727546998,1200,0.0004829405833691994,-7.58601294416523
0.67,0.8398966667290422,0.7727049333907189,556.9737758180554,614899.0485031332,2,0.0005249354167056515,0.0004829405833691994,0.92,4.199483333645212e-05,21963382.14668155,1757070.571734524,2285995.499276589,98.94799492389429,-7.58601294416523,277.6514272453006,922.3485727546998,0,0,528924.9275420654,1909859.317102744,0,0,1200,0.67,528924.9275420654,1909859.317102744,2,2,1200,98.94799492389429,0.8398966667290422,0.7727049333907189,556.9737758180554,614899.0485031332,0.0005249354167056515,0.0004829405833691994,0.92,4.199483333645212e-05,21963382.14668155,1757070.571734524,2285995.499276589,277.6514272453006,922.3485727546998,1200,0.0004829405833691994,-7.58601294416523
0.671,0.8398966667290422,0.7727049333907189,556.9737758180554,614899.0485031332,2,0.0005249354167056515,0.0004829405833691994,0.92,4.199483333645212e-05,21963382.14668155,1757070.571734524,2285995.499276589,98.94799492389429,-7.58601294416523,277.6514272453006,922.3485727546998,0,0,528924.9275420654,1909859.317102744,0,0,1200,0.671,528924.9275420654,1909859.317102744,2,2,1200,98.94799492389429,0.8398966667290422,0.7727049333907189,556.9737758180554,614899.0485031332,0.0005249354167056515,0.0004829405833691994,0.92,4.199483333645212e-05,21963382.14668155,1757070.571734524,2285995.499276589,277.6514272453006,922.3485727546998,1200,0.0004829405833691994,-7.58601294416523
0.672,0.8398966667290422,0.7727049333907189,556.9737758180554,614899.0485031332,2,0.0005249354167056515,0.0004829405833691994,0.92,4.199483333645212e-05,21963382.14668155,1757070.571734524,2285995.499276589,98.94799492389429,-7.58601294416523,277.6514272453006,922.3485727546998,0,0,528924.9275420654,1909859.317102744,0,0,1200,0.672,528924.9275420654,1909859.317102744,2,2,1200,98.94799492389429,0.8398966667290422,0.7727049333907189,556.9737758180554,614899.0485031332,0.0005249354167056515,0.0004829405833691994,0.92,4.199483333645212e-05,21963382.14668155,1757070.571734524,2285995.499276589,277.6514272453006,922.3485727546998,1200,0.0004829405833691994,-7.58601294416523
0.673,0.8398966667290422,0.7727049333907189,556.9737758180554,614899.0485031332,2,0.0005249354167056515,0.0004829405833691994,0.92,4.199483333645212e-05,21963382.14668155,1757070.571734524,2285995.499276589,98.94799492389429,-7.58601294416523,277.6514272453006,922.3485727546998,0,0,528924.9275420654,1909859.317102744,0,0,1200,0.673,528924.9275420654,1909859.317102744,2,2,1200,98.94799492389429,0.8398966667290422,0.7727049333907189,556.9737758180554,614899.0485031332,0.0005249354167056515,0.0004829405833691994,0.92,4.199483333645212e-05,21963382.14668155,1757070.571734524,2285995.499276589,277.6514272453006,922.3485727546998,1200,0.0004829405833691994,-7.58601294416523
0.674,0.8398966667290422,0.7727049333907189,556.9737758180554,614899.0485031332,2,0.0005249354167056515,0.0004829405833691994,0.92,4.199483333645212e-05,21963382.14668155,1757070.571734524,2285995.499276589,98.94799492389429,-7.58601294416523,277.6514272453006,922.3485727546998,0,0,528924.9275420654,1909859.317102744,0,0,1200,0.674,528924.9275420654,1909859.317102744,2,2,1200,98.94799492389429,0.8398966667290422,0.7727049333907189,556.9737758180554,614899.0485031332,0.0005249354167056515,0.0004829405833691994,0.92,4.199483333645212e-05,21963382.14668155,1757070.571734524,2285995.499276589,277.6514272453006,922.3485727546998,1200,0.0004829405833691994,-7.58601294416523
0.675,0.8398966667290422,0.7727049333907189,556.9737758180554,614899.0485031332,2,0.0005249354167056515,0.0004829405833691994,0.92,4.199483333645212e-05,21963382.14668155,1757070.571734524,2285995.499276589,98.94799492389429,-7.58601294416523,277.6514272453006,922.3485727546998,0,0,528924.9275420654,1909859.317102744,0,0,1200,0.675,528924.9275420654,1909859.317102744,2,2,1200,98.94799492389429,0.8398966667290422,0.7727049333907189,556.9737758180554,614899.0485031332,0.0005249354167056515,0.0004829405833691994,0.92,4.199483333645212e-05,21963382.14668155,1757070.571734524,2285995.499276589,277.6514272453006,922.3485727546998,1200,0.0004829405833691994,-7.58601294416523
0.676,0.8398966667290422,0.7727049333907189,556.9737758180554,614899.0485031332,2,0.0005249354167056515,0.0004829405833691994,0.92,4.199483333645212e-05,21963382.14668155,1757070.571734524,2285995.499276589,98.94799492389429,-7.58601294416523,277.6514272453006,922.3485727546998,0,0,528924.9275420654,1909859.317102744,0,0,1200,0.676,528924.9275420654,1909859.317102744,2,2,1200,98.94799492389429,0.8398966667290422,0.7727049333907189,556.9737758180554,614899.0485031332,0.0005249354167056515,0.0004829405833691994,0.92,4.199483333645212e-05,21963382.14668155,1757070.571734524,2285995.499276589,277.6514272453006,922.3485727546998,1200,0.0004829405833691994,-7.58601294416523
0.677,0.8398966667290422,0.7727049333907189,556.9737758180554,614899.0485031332,2,0.0005249354167056515,0.0004829405833691994,0.92,4.199483333645212e-05,21963382.14668155,1757070.571734524,2285995.499276589,98.94799492389429,-7.58601294416523,277.6514272453006,922.3485727546998,0,0,528924.9275420654,1909859.317102744,0,0,1200,0.677,528924.9275420654,1909859.317102744,2,2,1200,98.94799492389429,0.8398966667290422,0.7727049333907189,556.9737758180554,614899.0485031332,0.0005249354167056515,0.0004829405833691994,0.92,4.199483333645212e-05,21963382.14668155,1757070.571734524,2285995.499276589,277.6514272453006,922.3485727546998,1200,0.0004829405833691994,-7.58601294416523
0.678,0.8398966667290422,0.7727049333907189,556.9737758180554,614899.0485031332,2,0.0005249354167056515,0.0004829405833691994,0.92,4.199483333645212e-05,21963382.14668155,1757070.571734524,2285995.499276589,98.94799492389429,-7.58601294416523,277.6514272453006,922.3485727546998,0,0,528924.9275420654,1909859.317102744,0,0,1200,0.678,528924.9275420654,1909859.317102744,2,2,1200,98.94799492389429,0.8398966667290422,0.7727049333907189,556.9737758180554,614899.0485031332,0.0005249354167056515,0.0004829405833691994,0.92,4.199483333645212e-05,21963382.14668155,1757070.571734524,2285995.499276589,277.6514272453006,922.3485727546998,1200,0.0004829405833691994,-7.58601294416523
0.679,0.8398966667290422,0.7727049333907189,556.9737758180554,614899.0485031332,2,0.0005249354167056515,0.0004829405833691994,0.92,4.199483333645212e-05,21963382.14668155,1757070.571734524,2285995.499276589,98.94799492389429,-7.58601294416523,277.6514272453006,922.3485727546998,0,0,528924.9275420654,1909859.317102744,0,0,1200,0.679,528924.9275420654,1909859.317102744,2,2,1200,98.94799492389429,0.8398966667290422,0.7727049333907189,556.9737758180554,614899.0485031332,0.0005249354167056515,0.0004829405833691994,0.92,4.199483333645212e-05,21963382.14668155,1757070.571734524,2285995.499276589,277.6514272453006,922.3485727546998,1200,0.0004829405833691994,-7.58601294416523
0.68,0.8398966667290422,0.7727049333907189,556.9737758180554,614899.0485031332,2,0.0005249354167056515,0.0004829405833691994,0.92,4.199483333645212e-05,21963382.14668155,1757070.571734524,2285995.499276589,98.94799492389429,-7.58601294416523,277.6514272453006,922.3485727546998,0,0,528924.9275420654,1909859.317102744,0,0,1200,0.68,528924.9275420654,1909859.317102744,2,2,1200,98.94799492389429,0.8398966667290422,0.7727049333907189,556.9737758180554,614899.0485031332,0.0005249354167056515,0.0004829405833691994,0.92,4.199483333645212e-05,21963382.14668155,1757070.571734524,2285995.499276589,277.6514272453006,922.3485727546998,1200,0.0004829405833691994,-7.58601294416523
0.681,0.8398966667290422,0.7727049333907189,556.9737758180554,614899.0485031332,2,0.0005249354167056515,0.0004829405833691994,0.92,4.199483333645212e-05,21963382.14668155,1757070.571734524,2285995.499276589,98.94799492389429,-7.58601294416523,277.6514272453006,922.3485727546998,0,0,528924.9275420654,1909859.317102744,0,0,1200,0.681,528924.9275420654,1909859.317102744,2,2,1200,98.94799492389429,0.8398966667290422,0.7727049333907189,556.9737758180554,614899.0485031332,0.0005249354167056515,0.0004829405833691994,0.92,4.199483333645212e-05,21963382.14668155,1757070.571734524,2285995.499276589,277.6514272453006,922.3485727546998,1200,0.0004829405833691994,-7.58601294416523
0.6820000000000001,0.8398966667290422,0.7727049333907189,556.9737758180554,614899.0485031332,2,0.0005249354167056515,0.0004829405833691994,0.92,4.199483333645212e-05,21963382.14668155,1757070.571734524,2285995.499276589,98.94799492389429,-7.58601294416523,277.6514272453006,922.3485727546998,0,0,528924.9275420654,1909859.317102744,0,0,1200,0.6820000000000001,528924.9275420654,1909859.317102744,2,2,1200,98.94799492389429,0.8398966667290422,0.7727049333907189,556.9737758180554,614899.0485031332,0.0005249354167056515,0.0004829405833691994,0.92,4.199483333645212e-05,21963382.14668155,1757070.571734524,2285995.499276589,277.6514272453006,922.3485727546998,1200,0.0004829405833691994,-7.58601294416523
0.6830000000000001,0.8398966667290422,0.7727049333907189,556.9737758180554,614899.0485031332,2,0.0005249354167056515,0.0004829405833691994,0.92,4.199483333645212e-05,21963382.14668155,1757070.571734524,2285995.499276589,98.94799492389429,-7.58601294416523,277.6514272453006,922.3485727546998,0,0,528924.9275420654,1909859.317102744,0,0,1200,0.6830000000000001,528924.9275420654,1909859.317102744,2,2,1200,98.94799492389429,0.8398966667290422,0.7727049333907189,556.9737758180554,614899.0485031332,0.0005249354167056515,0.0004829405833691994,0.92,4.199483333645212e-05,21963382.14668155,1757070.571734524,2285995.499276589,277.6514272453006,922.3485727546998,1200,0.0004829405833691994,-7.58601294416523
0.6840000000000001,0.8398966667290422,0.7727049333907189,556.9737758180554,614899.0485031332,2,0.0005249354167056515,0.0004829405833691994,0.92,4.199483333645212e-05,21963382.14668155,1757070.571734524,2285995.499276589,98.94799492389429,-7.58601294416523,277.6514272453006,922.3485727546998,0,0,528924.9275420654,1909859.317102744,0,0,1200,0.6840000000000001,528924.9275420654,1909859.317102744,2,2,1200,98.94799492389429,0.8398966667290422,0.7727049333907189,556.9737758180554,614899.0485031332,0.0005249354167056515,0.0004829405833691994,0.92,4.199483333645212e-05,21963382.14668155,1757070.571734524,2285995.499276589,277.6514272453006,922.3485727546998,1200,0.0004829405833691994,-7.58601294416523
0.6850000000000001,0.8398966667290422,0.7727049333907189,556.9737758180554,614899.0485031332,2,0.0005249354167056515,0.0004829405833691994,0.92,4.199483333645212e-05,21963382.14668155,1757070.571734524,2285995.499276589,98.94799492389429,-7.58601294416523,277.6514272453006,922.3485727546998,0,0,528924.9275420654,1909859.317102744,0,0,1200,0.6850000000000001,528924.9275420654,1909859.317102744,2,2,1200,98.94799492389429,0.8398966667290422,0.7727049333907189,556.9737758180554,614899.0485031332,0.0005249354167056515,0.0004829405833691994,0.92,4.199483333645212e-05,21963382.14668155,1757070.571734524,2285995.499276589,277.6514272453006,922.3485727546998,1200,0.0004829405833691994,-7.58601294416523
0.6860000000000001,0.8398966667290422,0.7727049333907189,556.9737758180554,614899.0485031332,2,0.0005249354167056515,0.0004829405833691994,0.92,4.199483333645212e-05,21963382.14668155,1757070.571734524,2285995.499276589,98.94799492389429,-7.58601294416523,277.6514272453006,922.3485727546998,0,0,528924.9275420654,1909859.317102744,0,0,1200,0.6860000000000001,528924.9275420654,1909859.317102744,2,2,1200,98.94799492389429,0.8398966667290422,0.7727049333907189,556.9737758180554,614899.0485031332,0.0005249354167056515,0.0004829405833691994,0.92,4.199483333645212e-05,21963382.14668155,1757070.571734524,2285995.499276589,277.6514272453006,922.3485727546998,1200,0.0004829405833691994,-7.58601294416523
0.6870000000000001,0.8398966667290422,0.7727049333907189,556.9737758180554,614899.0485031332,2,0.0005249354167056515,0.0004829405833691994,0.92,4.199483333645212e-05,21963382.14668155,1757070.571734524,2285995.499276589,98.94799492389429,-7.58601294416523,277.6514272453006,922.3485727546998,0,0,528924.9275420654,1909859.317102744,0,0,1200,0.6870000000000001,528924.9275420654,1909859.317102744,2,2,1200,98.94799492389429,0.8398966667290422,0.7727049333907189,556.9737758180554,614899.0485031332,0.0005249354167056515,0.0004829405833691994,0.92,4.199483333645212e-05,21963382.14668155,1757070.571734524,2285995.499276589,277.6514272453006,922.3485727546998,1200,0.0004829405833691994,-7.58601294416523
0.6879999999999999,0.8398966667290422,0.7727049333907189,556.9737758180554,614899.0485031332,2,0.0005249354167056515,0.0004829405833691994,0.92,4.199483333645212e-05,21963382.14668155,1757070.571734524,2285995.499276589,98.94799492389429,-7.58601294416523,277.6514272453006,922.3485727546998,0,0,528924.9275420654,1909859.317102744,0,0,1200,0.6879999999999999,528924.9275420654,1909859.317102744,2,2,1200,98.94799492389429,0.8398966667290422,0.7727049333907189,556.9737758180554,614899.0485031332,0.0005249354167056515,0.0004829405833691994,0.92,4.199483333645212e-05,21963382.14668155,1757070.571734524,2285995.499276589,277.6514272453006,922.3485727546998,1200,0.0004829405833691994,-7.58601294416523
0.6889999999999999,0.8398966667290422,0.7727049333907189,556.9737758180554,614899.0485031332,2,0.0005249354167056515,0.0004829405833691994,0.92,4.199483333645212e-05,21963382.14668155,1757070.571734524,2285995.499276589,98.94799492389429,-7.58601294416523,277.6514272453006,922.3485727546998,0,0,528924.9275420654,1909859.317102744,0,0,1200,0.6889999999999999,528924.9275420654,1909859.317102744,2,2,1200,98.94799492389429,0.8398966667290422,0.7727049333907189,556.9737758180554,614899.0485031332,0.0005249354167056515,0.0004829405833691994,0.92,4.199483333645212e-05,21963382.14668155,1757070.571734524,2285995.499276589,277.6514272453006,922.3485727546998,1200,0.0004829405833691994,-7.58601294416523
0.6899999999999999,0.8398966667290422,0.7727049333907189,556.9737758180554,614899.0485031332,2,0.0005249354167056515,0.0004829405833691994,0.92,4.199483333645212e-05,21963382.14668155,1757070.571734524,2285995.499276589,98.94799492389429,-7.58601294416523,277.6514272453006,922.3485727546998,0,0,528924.9275420654,1909859.317102744,0,0,1200,0.6899999999999999,528924.9275420654,1909859.317102744,2,2,1200,98.94799492389429,0.8398966667290422,0.7727049333907189,556.9737758180554,614899.0485031332,0.0005249354167056515,0.0004829405833691994,0.92,4.199483333645212e-05,21963382.14668155,1757070.571734524,2285995.499276589,277.6514272453006,922.3485727546998,1200,0.0004829405833691994,-7.58601294416523
0.6909999999999999,0.8398966667290422,0.7727049333907189,556.9737758180554,614899.0485031332,2,0.0005249354167056515,0.0004829405833691994,0.92,4.199483333645212e-05,21963382.14668155,1757070.571734524,2285995.499276589,98.94799492389429,-7.58601294416523,277.6514272453006,922.3485727546998,0,0,528924.9275420654,1909859.317102744,0,0,1200,0.6909999999999999,528924.9275420654,1909859.317102744,2,2,1200,98.94799492389429,0.8398966667290422,0.7727049333907189,556.9737758180554,614899.0485031332,0.0005249354167056515,0.0004829405833691994,0.92,4.199483333645212e-05,21963382.14668155,1757070.571734524,2285995.499276589,277.6514272453006,922.3485727546998,1200,0.0004829405833691994,-7.58601294416523
0.6919999999999999,0.8398966667290422,0.7727049333907189,556.9737758180554,614899.0485031332,2,0.0005249354167056515,0.0004829405833691994,0.92,4.199483333645212e-05,21963382.14668155,1757070.571734524,2285995.499276589,98.94799492389429,-7.58601294416523,277.6514272453006,922.3485727546998,0,0,528924.9275420654,1909859.317102744,0,0,1200,0.6919999999999999,528924.9275420654,1909859.317102744,2,2,1200,98.94799492389429,0.8398966667290422,0.7727049333907189,556.9737758180554,614899.0485031332,0.0005249354167056515,0.0004829405833691994,0.92,4.199483333645212e-05,21963382.14668155,1757070.571734524,2285995.499276589,277.6514272453006,922.3485727546998,1200,0.0004829405833691994,-7.58601294416523
0.6929999999999999,0.8398966667290422,0.7727049333907189,556.9737758180554,614899.0485031332,2,0.0005249354167056515,0.0004829405833691994,0.92,4.199483333645212e-05,21963382.14668155,1757070.571734524,2285995.499276589,98.94799492389429,-7.58601294416523,277.6514272453006,922.3485727546998,0,0,528924.9275420654,1909859.317102744,0,0,1200,0.6929999999999999,528924.9275420654,1909859.317102744,2,2,1200,98.94799492389429,0.8398966667290422,0.7727049333907189,556.9737758180554,614899.0485031332,0.0005249354167056515,0.0004829405833691994,0.92,4.199483333645212e-05,21963382.14668155,1757070.571734524,2285995.499276589,277.6514272453006,922.3485727546998,1200,0.0004829405833691994,-7.58601294416523
0.694,0.8398966667290422,0.7727049333907189,556.9737758180554,614899.0485031332,2,0.0005249354167056515,0.0004829405833691994,0.92,4.199483333645212e-05,21963382.14668155,1757070.571734524,2285995.499276589,98.94799492389429,-7.58601294416523,277.6514272453006,922.3485727546998,0,0,528924.9275420654,1909859.317102744,0,0,1200,0.694,528924.9275420654,1909859.317102744,2,2,1200,98.94799492389429,0.8398966667290422,0.7727049333907189,556.9737758180554,614899.0485031332,0.0005249354167056515,0.0004829405833691994,0.92,4.199483333645212e-05,21963382.14668155,1757070.571734524,2285995.499276589,277.6514272453006,922.3485727546998,1200,0.0004829405833691994,-7.58601294416523
0.695,0.8398966667290422,0.7727049333907189,556.9737758180554,614899.0485031332,2,0.0005249354167056515,0.0004829405833691994,0.92,4.199483333645212e-05,21963382.14668155,1757070.571734524,2285995.499276589,98.94799492389429,-7.58601294416523,277.6514272453006,922.3485727546998,0,0,528924.9275420654,1909859.317102744,0,0,1200,0.695,528924.9275420654,1909859.317102744,2,2,1200,98.94799492389429,0.8398966667290422,0.7727049333907189,556.9737758180554,614899.0485031332,0.0005249354167056515,0.0004829405833691994,0.92,4.199483333645212e-05,21963382.14668155,1757070.571734524,2285995.499276589,277.6514272453006,922.3485727546998,1200,0.0004829405833691994,-7.58601294416523
0.696,0.8398966667290422,0.7727049333907189,556.9737758180554,614899.0485031332,2,0.0005249354167056515,0.0004829405833691994,0.92,4.199483333645212e-05,21963382.14668155,1757070.571734524,2285995.499276589,98.94799492389429,-7.58601294416523,277.6514272453006,922.3485727546998,0,0,528924.9275420654,1909859.317102744,0,0,1200,0.696,528924.9275420654,1909859.317102744,2,2,1200,98.94799492389429,0.8398966667290422,0.7727049333907189,556.9737758180554,614899.0485031332,0.0005249354167056515,0.0004829405833691994,0.92,4.199483333645212e-05,21963382.14668155,1757070.571734524,2285995.499276589,277.6514272453006,922.3485727546998,1200,0.0004829405833691994,-7.58601294416523
0.697,0.8398966667290422,0.7727049333907189,556.9737758180554,614899.0485031332,2,0.0005249354167056515,0.0004829405833691994,0.92,4.199483333645212e-05,21963382.14668155,1757070.571734524,2285995.499276589,98.94799492389429,-7.58601294416523,277.6514272453006,922.3485727546998,0,0,528924.9275420654,1909859.317102744,0,0,1200,0.697,528924.9275420654,1909859.317102744,2,2,1200,98.94799492389429,0.8398966667290422,0.7727049333907189,556.9737758180554,614899.0485031332,0.0005249354167056515,0.0004829405833691994,0.92,4.199483333645212e-05,21963382.14668155,1757070.571734524,2285995.499276589,277.6514272453006,922.3485727546998,1200,0.0004829405833691994,-7.58601294416523
0.698,0.8398966667290422,0.7727049333907189,556.9737758180554,614899.0485031332,2,0.0005249354167056515,0.0004829405833691994,0.92,4.199483333645212e-05,21963382.14668155,1757070.571734524,2285995.499276589,98.94799492389429,-7.58601294416523,277.6514272453006,922.3485727546998,0,0,528924.9275420654,1909859.317102744,0,0,1200,0.698,528924.9275420654,1909859.317102744,2,2,1200,98.94799492389429,0.8398966667290422,0.7727049333907189,556.9737758180554,614899.0485031332,0.0005249354167056515,0.0004829405833691994,0.92,4.199483333645212e-05,21963382.14668155,1757070.571734524,2285995.499276589,277.6514272453006,922.3485727546998,1200,0.0004829405833691994,-7.58601294416523
0.699,0.8398966667290422,0.7727049333907189,556.9737758180554,614899.0485031332,2,0.0005249354167056515,0.0004829405833691994,0.92,4.199483333645212e-05,21963382.14668155,1757070.571734524,2285995.499276589,98.94799492389429,-7.58601294416523,277.6514272453006,922.3485727546998,0,0,528924.9275420654,1909859.317102744,0,0,1200,0.699,528924.9275420654,1909859.317102744,2,2,1200,98.94799492389429,0.8398966667290422,0.7727049333907189,556.9737758180554,614899.0485031332,0.0005249354167056515,0.0004829405833691994,0.92,4.199483333645212e-05,21963382.14668155,1757070.571734524,2285995.499276589,277.6514272453006,922.3485727546998,1200,0.0004829405833691994,-7.58601294416523
0.7,0.8398966667290422,0.7727049333907189,556.9737758180554,614899.0485031332,2,0.0005249354167056515,0.0004829405833691994,0.92,4.199483333645212e-05,21963382.14668155,1757070.571734524,2285995.499276589,98.94799492389429,-7.58601294416523,277.6514272453006,922.3485727546998,0,0,528924.9275420654,1909859.317102744,0,0,1200,0.7,528924.9275420654,1909859.317102744,2,2,1200,98.94799492389429,0.8398966667290422,0.7727049333907189,556.9737758180554,614899.0485031332,0.0005249354167056515,0.0004829405833691994,0.92,4.199483333645212e-05,21963382.14668155,1757070.571734524,2285995.499276589,277.6514272453006,922.3485727546998,1200,0.0004829405833691994,-7.58601294416523
0.701,0.8398966667290422,0.7727049333907189,556.9737758180554,614899.0485031332,2,0.0005249354167056515,0.0004829405833691994,0.92,4.199483333645212e-05,21963382.14668155,1757070.571734524,2285995.499276589,98.94799492389429,-7.58601294416523,277.6514272453006,922.3485727546998,0,0,528924.9275420654,1909859.317102744,0,0,1200,0.701,528924.9275420654,1909859.317102744,2,2,1200,98.94799492389429,0.8398966667290422,0.7727049333907189,556.9737758180554,614899.0485031332,0.0005249354167056515,0.0004829405833691994,0.92,4.199483333645212e-05,21963382.14668155,1757070.571734524,2285995.499276589,277.6514272453006,922.3485727546998,1200,0.0004829405833691994,-7.58601294416523
0.702,0.8398966667290422,0.7727049333907189,556.9737758180554,614899.0485031332,2,0.0005249354167056515,0.0004829405833691994,0.92,4.199483333645212e-05,21963382.14668155,1757070.571734524,2285995.499276589,98.94799492389429,-7.58601294416523,277.6514272453006,922.3485727546998,0,0,528924.9275420654,1909859.317102744,0,0,1200,0.702,528924.9275420654,1909859.317102744,2,2,1200,98.94799492389429,0.8398966667290422,0.7727049333907189,556.9737758180554,614899.0485031332,0.0005249354167056515,0.0004829405833691994,0.92,4.199483333645212e-05,21963382.14668155,1757070.571734524,2285995.499276589,277.6514272453006,922.3485727546998,1200,0.0004829405833691994,-7.58601294416523
0.703,0.8398966667290422,0.7727049333907189,556.9737758180554,614899.0485031332,2,0.0005249354167056515,0.0004829405833691994,0.92,4.199483333645212e-05,21963382.14668155,1757070.571734524,2285995.499276589,98.94799492389429,-7.58601294416523,277.6514272453006,922.3485727546998,0,0,528924.9275420654,1909859.317102744,0,0,1200,0.703,528924.9275420654,1909859.317102744,2,2,1200,98.94799492389429,0.8398966667290422,0.7727049333907189,556.9737758180554,614899.0485031332,0.0005249354167056515,0.0004829405833691994,0.92,4.199483333645212e-05,21963382.14668155,1757070.571734524,2285995.499276589,277.6514272453006,922.3485727546998,1200,0.0004829405833691994,-7.58601294416523
0.704,0.8398966667290422,0.7727049333907189,556.9737758180554,614899.0485031332,2,0.0005249354167056515,0.0004829405833691994,0.92,4.199483333645212e-05,21963382.14668155,1757070.571734524,2285995.499276589,98.94799492389429,-7.58601294416523,277.6514272453006,922.3485727546998,0,0,528924.9275420654,1909859.317102744,0,0,1200,0.704,528924.9275420654,1909859.317102744,2,2,1200,98.94799492389429,0.8398966667290422,0.7727049333907189,556.9737758180554,614899.0485031332,0.0005249354167056515,0.0004829405833691994,0.92,4.199483333645212e-05,21963382.14668155,1757070.571734524,2285995.499276589,277.6514272453006,922.3485727546998,1200,0.0004829405833691994,-7.58601294416523
0.705,0.8398966667290422,0.7727049333907189,556.9737758180554,614899.0485031332,2,0.0005249354167056515,0.0004829405833691994,0.92,4.199483333645212e-05,21963382.14668155,1757070.571734524,2285995.499276589,98.94799492389429,-7.58601294416523,277.6514272453006,922.3485727546998,0,0,528924.9275420654,1909859.317102744,0,0,1200,0.705,528924.9275420654,1909859.317102744,2,2,1200,98.94799492389429,0.8398966667290422,0.7727049333907189,556.9737758180554,614899.0485031332,0.0005249354167056515,0.0004829405833691994,0.92,4.199483333645212e-05,21963382.14668155,1757070.571734524,2285995.499276589,277.6514272453006,922.3485727546998,1200,0.0004829405833691994,-7.58601294416523
0.706,0.8398966667290422,0.7727049333907189,556.9737758180554,614899.0485031332,2,0.0005249354167056515,0.0004829405833691994,0.92,4.199483333645212e-05,21963382.14668155,1757070.571734524,2285995.499276589,98.94799492389429,-7.58601294416523,277.6514272453006,922.3485727546998,0,0,528924.9275420654,1909859.317102744,0,0,1200,0.706,528924.9275420654,1909859.317102744,2,2,1200,98.94799492389429,0.8398966667290422,0.7727049333907189,556.9737758180554,614899.0485031332,0.0005249354167056515,0.0004829405833691994,0.92,4.199483333645212e-05,21963382.14668155,1757070.571734524,2285995.499276589,277.6514272453006,922.3485727546998,1200,0.0004829405833691994,-7.58601294416523
0.707,0.8398966667290422,0.7727049333907189,556.9737758180554,614899.0485031332,2,0.0005249354167056515,0.0004829405833691994,0.92,4.199483333645212e-05,21963382.14668155,1757070.571734524,2285995.499276589,98.94799492389429,-7.58601294416523,277.6514272453006,922.3485727546998,0,0,528924.9275420654,1909859.317102744,0,0,1200,0.707,528924.9275420654,1909859.317102744,2,2,1200,98.94799492389429,0.8398966667290422,0.7727049333907189,556.9737758180554,614899.0485031332,0.0005249354167056515,0.0004829405833691994,0.92,4.199483333645212e-05,21963382.14668155,1757070.571734524,2285995.499276589,277.6514272453006,922.3485727546998,1200,0.0004829405833691994,-7.58601294416523
0.708,0.8398966667290422,0.7727049333907189,556.9737758180554,614899.0485031332,2,0.0005249354167056515,0.0004829405833691994,0.92,4.199483333645212e-05,21963382.14668155,1757070.571734524,2285995.499276589,98.94799492389429,-7.58601294416523,277.6514272453006,922.3485727546998,0,0,528924.9275420654,1909859.317102744,0,0,1200,0.708,528924.9275420654,1909859.317102744,2,2,1200,98.94799492389429,0.8398966667290422,0.7727049333907189,556.9737758180554,614899.0485031332,0.0005249354167056515,0.0004829405833691994,0.92,4.199483333645212e-05,21963382.14668155,1757070.571734524,2285995.499276589,277.6514272453006,922.3485727546998,1200,0.0004829405833691994,-7.58601294416523
0.709,0.8398966667290422,0.7727049333907189,556.9737758180554,614899.0485031332,2,0.0005249354167056515,0.0004829405833691994,0.92,4.199483333645212e-05,21963382.14668155,1757070.571734524,2285995.499276589,98.94799492389429,-7.58601294416523,277.6514272453006,922.3485727546998,0,0,528924.9275420654,1909859.317102744,0,0,1200,0.709,528924.9275420654,1909859.317102744,2,2,1200,98.94799492389429,0.8398966667290422,0.7727049333907189,556.9737758180554,614899.0485031332,0.0005249354167056515,0.0004829405833691994,0.92,4.199483333645212e-05,21963382.14668155,1757070.571734524,2285995.499276589,277.6514272453006,922.3485727546998,1200,0.0004829405833691994,-7.58601294416523
0.71,0.8398966667290422,0.7727049333907189,556.9737758180554,614899.0485031332,2,0.0005249354167056515,0.0004829405833691994,0.92,4.199483333645212e-05,21963382.14668155,1757070.571734524,2285995.499276589,98.94799492389429,-7.58601294416523,277.6514272453006,922.3485727546998,0,0,528924.9275420654,1909859.317102744,0,0,1200,0.71,528924.9275420654,1909859.317102744,2,2,1200,98.94799492389429,0.8398966667290422,0.7727049333907189,556.9737758180554,614899.0485031332,0.0005249354167056515,0.0004829405833691994,0.92,4.199483333645212e-05,21963382.14668155,1757070.571734524,2285995.499276589,277.6514272453006,922.3485727546998,1200,0.0004829405833691994,-7.58601294416523
0.711,0.8398966667290422,0.7727049333907189,556.9737758180554,614899.0485031332,2,0.0005249354167056515,0.0004829405833691994,0.92,4.199483333645212e-05,21963382.14668155,1757070.571734524,2285995.499276589,98.94799492389429,-7.58601294416523,277.6514272453006,922.3485727546998,0,0,528924.9275420654,1909859.317102744,0,0,1200,0.711,528924.9275420654,1909859.317102744,2,2,1200,98.94799492389429,0.8398966667290422,0.7727049333907189,556.9737758180554,614899.0485031332,0.0005249354167056515,0.0004829405833691994,0.92,4.199483333645212e-05,21963382.14668155,1757070.571734524,2285995.499276589,277.6514272453006,922.3485727546998,1200,0.0004829405833691994,-7.58601294416523
0.712,0.8398966667290422,0.7727049333907189,556.9737758180554,614899.0485031332,2,0.0005249354167056515,0.0004829405833691994,0.92,4.199483333645212e-05,21963382.14668155,1757070.571734524,2285995.499276589,98.94799492389429,-7.58601294416523,277.6514272453006,922.3485727546998,0,0,528924.9275420654,1909859.317102744,0,0,1200,0.712,528924.9275420654,1909859.317102744,2,2,1200,98.94799492389429,0.8398966667290422,0.7727049333907189,556.9737758180554,614899.0485031332,0.0005249354167056515,0.0004829405833691994,0.92,4.199483333645212e-05,21963382.14668155,1757070.571734524,2285995.499276589,277.6514272453006,922.3485727546998,1200,0.0004829405833691994,-7.58601294416523
0.713,0.8398966667290422,0.7727049333907189,556.9737758180554,614899.0485031332,2,0.0005249354167056515,0.0004829405833691994,0.92,4.199483333645212e-05,21963382.14668155,1757070.571734524,2285995.499276589,98.94799492389429,-7.58601294416523,277.6514272453006,922.3485727546998,0,0,528924.9275420654,1909859.317102744,0,0,1200,0.713,528924.9275420654,1909859.317102744,2,2,1200,98.94799492389429,0.8398966667290422,0.7727049333907189,556.9737758180554,614899.0485031332,0.0005249354167056515,0.0004829405833691994,0.92,4.199483333645212e-05,21963382.14668155,1757070.571734524,2285995.499276589,277.6514272453006,922.3485727546998,1200,0.0004829405833691994,-7.58601294416523
0.714,0.8398966667290422,0.7727049333907189,556.9737758180554,614899.0485031332,2,0.0005249354167056515,0.0004829405833691994,0.92,4.199483333645212e-05,21963382.14668155,1757070.571734524,2285995.499276589,98.94799492389429,-7.58601294416523,277.6514272453006,922.3485727546998,0,0,528924.9275420654,1909859.317102744,0,0,1200,0.714,528924.9275420654,1909859.317102744,2,2,1200,98.94799492389429,0.8398966667290422,0.7727049333907189,556.9737758180554,614899.0485031332,0.0005249354167056515,0.0004829405833691994,0.92,4.199483333645212e-05,21963382.14668155,1757070.571734524,2285995.499276589,277.6514272453006,922.3485727546998,1200,0.0004829405833691994,-7.58601294416523
0.715,0.8398966667290422,0.7727049333907189,556.9737758180554,614899.0485031332,2,0.0005249354167056515,0.0004829405833691994,0.92,4.199483333645212e-05,21963382.14668155,1757070.571734524,2285995.499276589,98.94799492389429,-7.58601294416523,277.6514272453006,922.3485727546998,0,0,528924.9275420654,1909859.317102744,0,0,1200,0.715,528924.9275420654,1909859.317102744,2,2,1200,98.94799492389429,0.8398966667290422,0.7727049333907189,556.9737758180554,614899.0485031332,0.0005249354167056515,0.0004829405833691994,0.92,4.199483333645212e-05,21963382.14668155,1757070.571734524,2285995.499276589,277.6514272453006,922.3485727546998,1200,0.0004829405833691994,-7.58601294416523
0.716,0.8398966667290422,0.7727049333907189,556.9737758180554,614899.0485031332,2,0.0005249354167056515,0.0004829405833691994,0.92,4.199483333645212e-05,21963382.14668155,1757070.571734524,2285995.499276589,98.94799492389429,-7.58601294416523,277.6514272453006,922.3485727546998,0,0,528924.9275420654,1909859.317102744,0,0,1200,0.716,528924.9275420654,1909859.317102744,2,2,1200,98.94799492389429,0.8398966667290422,0.7727049333907189,556.9737758180554,614899.0485031332,0.0005249354167056515,0.0004829405833691994,0.92,4.199483333645212e-05,21963382.14668155,1757070.571734524,2285995.499276589,277.6514272453006,922.3485727546998,1200,0.0004829405833691994,-7.58601294416523
0.717,0.8398966667290422,0.7727049333907189,556.9737758180554,614899.0485031332,2,0.0005249354167056515,0.0004829405833691994,0.92,4.199483333645212e-05,21963382.14668155,1757070.571734524,2285995.499276589,98.94799492389429,-7.58601294416523,277.6514272453006,922.3485727546998,0,0,528924.9275420654,1909859.317102744,0,0,1200,0.717,528924.9275420654,1909859.317102744,2,2,1200,98.94799492389429,0.8398966667290422,0.7727049333907189,556.9737758180554,614899.0485031332,0.0005249354167056515,0.0004829405833691994,0.92,4.199483333645212e-05,21963382.14668155,1757070.571734524,2285995.499276589,277.6514272453006,922.3485727546998,1200,0.0004829405833691994,-7.58601294416523
0.718,0.8398966667290422,0.7727049333907189,556.9737758180554,614899.0485031332,2,0.0005249354167056515,0.0004829405833691994,0.92,4.199483333645212e-05,21963382.14668155,1757070.571734524,2285995.499276589,98.94799492389429,-7.58601294416523,277.6514272453006,922.3485727546998,0,0,528924.9275420654,1909859.317102744,0,0,1200,0.718,528924.9275420654,1909859.317102744,2,2,1200,98.94799492389429,0.8398966667290422,0.7727049333907189,556.9737758180554,614899.0485031332,0.0005249354167056515,0.0004829405833691994,0.92,4.199483333645212e-05,21963382.14668155,1757070.571734524,2285995.499276589,277.6514272453006,922.3485727546998,1200,0.0004829405833691994,-7.58601294416523
0.719,0.8398966667290422,0.7727049333907189,556.9737758180554,614899.0485031332,2,0.0005249354167056515,0.0004829405833691994,0.92,4.199483333645212e-05,21963382.14668155,1757070.571734524,2285995.499276589,98.94799492389429,-7.58601294416523,277.6514272453006,922.3485727546998,0,0,528924.9275420654,1909859.317102744,0,0,1200,0.719,528924.9275420654,1909859.317102744,2,2,1200,98.94799492389429,0.8398966667290422,0.7727049333907189,556.9737758180554,614899.0485031332,0.0005249354167056515,0.0004829405833691994,0.92,4.199483333645212e-05,21963382.14668155,1757070.571734524,2285995.499276589,277.6514272453006,922.3485727546998,1200,0.0004829405833691994,-7.58601294416523
0.72,0.8398966667290422,0.7727049333907189,556.9737758180554,614899.0485031332,2,0.0005249354167056515,0.0004829405833691994,0.92,4.199483333645212e-05,21963382.14668155,1757070.571734524,2285995.499276589,98.94799492389429,-7.58601294416523,277.6514272453006,922.3485727546998,0,0,528924.9275420654,1909859.317102744,0,0,1200,0.72,528924.9275420654,1909859.317102744,2,2,1200,98.94799492389429,0.8398966667290422,0.7727049333907189,556.9737758180554,614899.0485031332,0.0005249354167056515,0.0004829405833691994,0.92,4.199483333645212e-05,21963382.14668155,1757070.571734524,2285995.499276589,277.6514272453006,922.3485727546998,1200,0.0004829405833691994,-7.58601294416523
0.721,0.8398966667290422,0.7727049333907189,556.9737758180554,614899.0485031332,2,0.0005249354167056515,0.0004829405833691994,0.92,4.199483333645212e-05,21963382.14668155,1757070.571734524,2285995.499276589,98.94799492389429,-7.58601294416523,277.6514272453006,922.3485727546998,0,0,528924.9275420654,1909859.317102744,0,0,1200,0.721,528924.9275420654,1909859.317102744,2,2,1200,98.94799492389429,0.8398966667290422,0.7727049333907189,556.9737758180554,614899.0485031332,0.0005249354167056515,0.0004829405833691994,0.92,4.199483333645212e-05,21963382.14668155,1757070.571734524,2285995.499276589,277.6514272453006,922.3485727546998,1200,0.0004829405833691994,-7.58601294416523
0.722,0.8398966667290422,0.7727049333907189,556.9737758180554,614899.0485031332,2,0.0005249354167056515,0.0004829405833691994,0.92,4.199483333645212e-05,21963382.14668155,1757070.571734524,2285995.499276589,98.94799492389429,-7.58601294416523,277.6514272453006,922.3485727546998,0,0,528924.9275420654,1909859.317102744,0,0,1200,0.722,528924.9275420654,1909859.317102744,2,2,1200,98.94799492389429,0.8398966667290422,0.7727049333907189,556.9737758180554,614899.0485031332,0.0005249354167056515,0.0004829405833691994,0.92,4.199483333645212e-05,21963382.14668155,1757070.571734524,2285995.499276589,277.6514272453006,922.3485727546998,1200,0.0004829405833691994,-7.58601294416523
0.723,0.8398966667290422,0.7727049333907189,556.9737758180554,614899.0485031332,2,0.0005249354167056515,0.0004829405833691994,0.92,4.199483333645212e-05,21963382.14668155,1757070.571734524,2285995.499276589,98.94799492389429,-7.58601294416523,277.6514272453006,922.3485727546998,0,0,528924.9275420654,1909859.317102744,0,0,1200,0.723,528924.9275420654,1909859.317102744,2,2,1200,98.94799492389429,0.8398966667290422,0.7727049333907189,556.9737758180554,614899.0485031332,0.0005249354167056515,0.0004829405833691994,0.92,4.199483333645212e-05,21963382.14668155,1757070.571734524,2285995.499276589,277.6514272453006,922.3485727546998,1200,0.0004829405833691994,-7.58601294416523
0.724,0.8398966667290422,0.7727049333907189,556.9737758180554,614899.0485031332,2,0.0005249354167056515,0.0004829405833691994,0.92,4.199483333645212e-05,21963382.14668155,1757070.571734524,2285995.499276589,98.94799492389429,-7.58601294416523,277.6514272453006,922.3485727546998,0,0,528924.9275420654,1909859.317102744,0,0,1200,0.724,528924.9275420654,1909859.317102744,2,2,1200,98.94799492389429,0.8398966667290422,0.7727049333907189,556.9737758180554,614899.0485031332,0.0005249354167056515,0.0004829405833691994,0.92,4.199483333645212e-05,21963382.14668155,1757070.571734524,2285995.499276589,277.6514272453006,922.3485727546998,1200,0.0004829405833691994,-7.58601294416523
0.725,0.8398966667290422,0.7727049333907189,556.9737758180554,614899.0485031332,2,0.0005249354167056515,0.0004829405833691994,0.92,4.199483333645212e-05,21963382.14668155,1757070.571734524,2285995.499276589,98.94799492389429,-7.58601294416523,277.6514272453006,922.3485727546998,0,0,528924.9275420654,1909859.317102744,0,0,1200,0.725,528924.9275420654,1909859.317102744,2,2,1200,98.94799492389429,0.8398966667290422,0.7727049333907189,556.9737758180554,614899.0485031332,0.0005249354167056515,0.0004829405833691994,0.92,4.199483333645212e-05,21963382.14668155,1757070.571734524,2285995.499276589,277.6514272453006,922.3485727546998,1200,0.0004829405833691994,-7.58601294416523
0.726,0.8398966667290422,0.7727049333907189,556.9737758180554,614899.0485031332,2,0.0005249354167056515,0.0004829405833691994,0.92,4.199483333645212e-05,21963382.14668155,1757070.571734524,2285995.499276589,98.94799492389429,-7.58601294416523,277.6514272453006,922.3485727546998,0,0,528924.9275420654,1909859.317102744,0,0,1200,0.726,528924.9275420654,1909859.317102744,2,2,1200,98.94799492389429,0.8398966667290422,0.7727049333907189,556.9737758180554,614899.0485031332,0.0005249354167056515,0.0004829405833691994,0.92,4.199483333645212e-05,21963382.14668155,1757070.571734524,2285995.499276589,277.6514272453006,922.3485727546998,1200,0.0004829405833691994,-7.58601294416523
0.727,0.8398966667290422,0.7727049333907189,556.9737758180554,614899.0485031332,2,0.0005249354167056515,0.0004829405833691994,0.92,4.199483333645212e-05,21963382.14668155,1757070.571734524,2285995.499276589,98.94799492389429,-7.58601294416523,277.6514272453006,922.3485727546998,0,0,528924.9275420654,1909859.317102744,0,0,1200,0.727,528924.9275420654,1909859.317102744,2,2,1200,98.94799492389429,0.8398966667290422,0.7727049333907189,556.9737758180554,614899.0485031332,0.0005249354167056515,0.0004829405833691994,0.92,4.199483333645212e-05,21963382.14668155,1757070.571734524,2285995.499276589,277.6514272453006,922.3485727546998,1200,0.0004829405833691994,-7.58601294416523
0.728,0.8398966667290422,0.7727049333907189,556.9737758180554,614899.0485031332,2,0.0005249354167056515,0.0004829405833691994,0.92,4.199483333645212e-05,21963382.14668155,1757070.571734524,2285995.499276589,98.94799492389429,-7.58601294416523,277.6514272453006,922.3485727546998,0,0,528924.9275420654,1909859.317102744,0,0,1200,0.728,528924.9275420654,1909859.317102744,2,2,1200,98.94799492389429,0.8398966667290422,0.7727049333907189,556.9737758180554,614899.0485031332,0.0005249354167056515,0.0004829405833691994,0.92,4.199483333645212e-05,21963382.14668155,1757070.571734524,2285995.499276589,277.6514272453006,922.3485727546998,1200,0.0004829405833691994,-7.58601294416523
0.729,0.8398966667290422,0.7727049333907189,556.9737758180554,614899.0485031332,2,0.0005249354167056515,0.0004829405833691994,0.92,4.199483333645212e-05,21963382.14668155,1757070.571734524,2285995.499276589,98.94799492389429,-7.58601294416523,277.6514272453006,922.3485727546998,0,0,528924.9275420654,1909859.317102744,0,0,1200,0.729,528924.9275420654,1909859.317102744,2,2,1200,98.94799492389429,0.8398966667290422,0.7727049333907189,556.9737758180554,614899.0485031332,0.0005249354167056515,0.0004829405833691994,0.92,4.199483333645212e-05,21963382.14668155,1757070.571734524,2285995.499276589,277.6514272453006,922.3485727546998,1200,0.0004829405833691994,-7.58601294416523
0.73,0.8398966667290422,0.7727049333907189,556.9737758180554,614899.0485031332,2,0.0005249354167056515,0.0004829405833691994,0.92,4.199483333645212e-05,21963382.14668155,1757070.571734524,2285995.499276589,98.94799492389429,-7.58601294416523,277.6514272453006,922.3485727546998,0,0,528924.9275420654,1909859.317102744,0,0,1200,0.73,528924.9275420654,1909859.317102744,2,2,1200,98.94799492389429,0.8398966667290422,0.7727049333907189,556.9737758180554,614899.0485031332,0.0005249354167056515,0.0004829405833691994,0.92,4.199483333645212e-05,21963382.14668155,1757070.571734524,2285995.499276589,277.6514272453006,922.3485727546998,1200,0.0004829405833691994,-7.58601294416523
0.731,0.8398966667290422,0.7727049333907189,556.9737758180554,614899.0485031332,2,0.0005249354167056515,0.0004829405833691994,0.92,4.199483333645212e-05,21963382.14668155,1757070.571734524,2285995.499276589,98.94799492389429,-7.58601294416523,277.6514272453006,922.3485727546998,0,0,528924.9275420654,1909859.317102744,0,0,1200,0.731,528924.9275420654,1909859.317102744,2,2,1200,98.94799492389429,0.8398966667290422,0.7727049333907189,556.9737758180554,614899.0485031332,0.0005249354167056515,0.0004829405833691994,0.92,4.199483333645212e-05,21963382.14668155,1757070.571734524,2285995.499276589,277.6514272453006,922.3485727546998,1200,0.0004829405833691994,-7.58601294416523
0.732,0.8398966667290422,0.7727049333907189,556.9737758180554,614899.0485031332,2,0.0005249354167056515,0.0004829405833691994,0.92,4.199483333645212e-05,21963382.14668155,1757070.571734524,2285995.499276589,98.94799492389429,-7.58601294416523,277.6514272453006,922.3485727546998,0,0,528924.9275420654,1909859.317102744,0,0,1200,0.732,528924.9275420654,1909859.317102744,2,2,1200,98.94799492389429,0.8398966667290422,0.7727049333907189,556.9737758180554,614899.0485031332,0.0005249354167056515,0.0004829405833691994,0.92,4.199483333645212e-05,21963382.14668155,1757070.571734524,2285995.499276589,277.6514272453006,922.3485727546998,1200,0.0004829405833691994,-7.58601294416523
0.733,0.8398966667290422,0.7727049333907189,556.9737758180554,614899.0485031332,2,0.0005249354167056515,0.0004829405833691994,0.92,4.199483333645212e-05,21963382.14668155,1757070.571734524,2285995.499276589,98.94799492389429,-7.58601294416523,277.6514272453006,922.3485727546998,0,0,528924.9275420654,1909859.317102744,0,0,1200,0.733,528924.9275420654,1909859.317102744,2,2,1200,98.94799492389429,0.8398966667290422,0.7727049333907189,556.9737758180554,614899.0485031332,0.0005249354167056515,0.0004829405833691994,0.92,4.199483333645212e-05,21963382.14668155,1757070.571734524,2285995.499276589,277.6514272453006,922.3485727546998,1200,0.0004829405833691994,-7.58601294416523
0.734,0.8398966667290422,0.7727049333907189,556.9737758180554,614899.0485031332,2,0.0005249354167056515,0.0004829405833691994,0.92,4.199483333645212e-05,21963382.14668155,1757070.571734524,2285995.499276589,98.94799492389429,-7.58601294416523,277.6514272453006,922.3485727546998,0,0,528924.9275420654,1909859.317102744,0,0,1200,0.734,528924.9275420654,1909859.317102744,2,2,1200,98.94799492389429,0.8398966667290422,0.7727049333907189,556.9737758180554,614899.0485031332,0.0005249354167056515,0.0004829405833691994,0.92,4.199483333645212e-05,21963382.14668155,1757070.571734524,2285995.499276589,277.6514272453006,922.3485727546998,1200,0.0004829405833691994,-7.58601294416523
0.735,0.8398966667290422,0.7727049333907189,556.9737758180554,614899.0485031332,2,0.0005249354167056515,0.0004829405833691994,0.92,4.199483333645212e-05,21963382.14668155,1757070.571734524,2285995.499276589,98.94799492389429,-7.58601294416523,277.6514272453006,922.3485727546998,0,0,528924.9275420654,1909859.317102744,0,0,1200,0.735,528924.9275420654,1909859.317102744,2,2,1200,98.94799492389429,0.8398966667290422,0.7727049333907189,556.9737758180554,614899.0485031332,0.0005249354167056515,0.0004829405833691994,0.92,4.199483333645212e-05,21963382.14668155,1757070.571734524,2285995.499276589,277.6514272453006,922.3485727546998,1200,0.0004829405833691994,-7.58601294416523
0.736,0.8398966667290422,0.7727049333907189,556.9737758180554,614899.0485031332,2,0.0005249354167056515,0.0004829405833691994,0.92,4.199483333645212e-05,21963382.14668155,1757070.571734524,2285995.499276589,98.94799492389429,-7.58601294416523,277.6514272453006,922.3485727546998,0,0,528924.9275420654,1909859.317102744,0,0,1200,0.736,528924.9275420654,1909859.317102744,2,2,1200,98.94799492389429,0.8398966667290422,0.7727049333907189,556.9737758180554,614899.0485031332,0.0005249354167056515,0.0004829405833691994,0.92,4.199483333645212e-05,21963382.14668155,1757070.571734524,2285995.499276589,277.6514272453006,922.3485727546998,1200,0.0004829405833691994,-7.58601294416523
0.737,0.8398966667290422,0.7727049333907189,556.9737758180554,614899.0485031332,2,0.0005249354167056515,0.0004829405833691994,0.92,4.199483333645212e-05,21963382.14668155,1757070.571734524,2285995.499276589,98.94799492389429,-7.58601294416523,277.6514272453006,922.3485727546998,0,0,528924.9275420654,1909859.317102744,0,0,1200,0.737,528924.9275420654,1909859.317102744,2,2,1200,98.94799492389429,0.8398966667290422,0.7727049333907189,556.9737758180554,614899.0485031332,0.0005249354167056515,0.0004829405833691994,0.92,4.199483333645212e-05,21963382.14668155,1757070.571734524,2285995.499276589,277.6514272453006,922.3485727546998,1200,0.0004829405833691994,-7.58601294416523
0.738,0.8398966667290422,0.7727049333907189,556.9737758180554,614899.0485031332,2,0.0005249354167056515,0.0004829405833691994,0.92,4.199483333645212e-05,21963382.14668155,1757070.571734524,2285995.499276589,98.94799492389429,-7.58601294416523,277.6514272453006,922.3485727546998,0,0,528924.9275420654,1909859.317102744,0,0,1200,0.738,528924.9275420654,1909859.317102744,2,2,1200,98.94799492389429,0.8398966667290422,0.7727049333907189,556.9737758180554,614899.0485031332,0.0005249354167056515,0.0004829405833691994,0.92,4.199483333645212e-05,21963382.14668155,1757070.571734524,2285995.499276589,277.6514272453006,922.3485727546998,1200,0.0004829405833691994,-7.58601294416523
0.739,0.8398966667290422,0.7727049333907189,556.9737758180554,614899.0485031332,2,0.0005249354167056515,0.0004829405833691994,0.92,4.199483333645212e-05,21963382.14668155,1757070.571734524,2285995.499276589,98.94799492389429,-7.58601294416523,277.6514272453006,922.3485727546998,0,0,528924.9275420654,1909859.317102744,0,0,1200,0.739,528924.9275420654,1909859.317102744,2,2,1200,98.94799492389429,0.8398966667290422,0.7727049333907189,556.9737758180554,614899.0485031332,0.0005249354167056515,0.0004829405833691994,0.92,4.199483333645212e-05,21963382.14668155,1757070.571734524,2285995.499276589,277.6514272453006,922.3485727546998,1200,0.0004829405833691994,-7.58601294416523
0.74,0.8398966667290422,0.7727049333907189,556.9737758180554,614899.0485031332,2,0.0005249354167056515,0.0004829405833691994,0.92,4.199483333645212e-05,21963382.14668155,1757070.571734524,2285995.499276589,98.94799492389429,-7.58601294416523,277.6514272453006,922.3485727546998,0,0,528924.9275420654,1909859.317102744,0,0,1200,0.74,528924.9275420654,1909859.317102744,2,2,1200,98.94799492389429,0.8398966667290422,0.7727049333907189,556.9737758180554,614899.0485031332,0.0005249354167056515,0.0004829405833691994,0.92,4.199483333645212e-05,21963382.14668155,1757070.571734524,2285995.499276589,277.6514272453006,922.3485727546998,1200,0.0004829405833691994,-7.58601294416523
0.741,0.8398966667290422,0.7727049333907189,556.9737758180554,614899.0485031332,2,0.0005249354167056515,0.0004829405833691994,0.92,4.199483333645212e-05,21963382.14668155,1757070.571734524,2285995.499276589,98.94799492389429,-7.58601294416523,277.6514272453006,922.3485727546998,0,0,528924.9275420654,1909859.317102744,0,0,1200,0.741,528924.9275420654,1909859.317102744,2,2,1200,98.94799492389429,0.8398966667290422,0.7727049333907189,556.9737758180554,614899.0485031332,0.0005249354167056515,0.0004829405833691994,0.92,4.199483333645212e-05,21963382.14668155,1757070.571734524,2285995.499276589,277.6514272453006,922.3485727546998,1200,0.0004829405833691994,-7.58601294416523
0.742,0.8398966667290422,0.7727049333907189,556.9737758180554,614899.0485031332,2,0.0005249354167056515,0.0004829405833691994,0.92,4.199483333645212e-05,21963382.14668155,1757070.571734524,2285995.499276589,98.94799492389429,-7.58601294416523,277.6514272453006,922.3485727546998,0,0,528924.9275420654,1909859.317102744,0,0,1200,0.742,528924.9275420654,1909859.317102744,2,2,1200,98.94799492389429,0.8398966667290422,0.7727049333907189,556.9737758180554,614899.0485031332,0.0005249354167056515,0.0004829405833691994,0.92,4.199483333645212e-05,21963382.14668155,1757070.571734524,2285995.499276589,277.6514272453006,922.3485727546998,1200,0.0004829405833691994,-7.58601294416523
0.743,0.8398966667290422,0.7727049333907189,556.9737758180554,614899.0485031332,2,0.0005249354167056515,0.0004829405833691994,0.92,4.199483333645212e-05,21963382.14668155,1757070.571734524,2285995.499276589,98.94799492389429,-7.58601294416523,277.6514272453006,922.3485727546998,0,0,528924.9275420654,1909859.317102744,0,0,1200,0.743,528924.9275420654,1909859.317102744,2,2,1200,98.94799492389429,0.8398966667290422,0.7727049333907189,556.9737758180554,614899.0485031332,0.0005249354167056515,0.0004829405833691994,0.92,4.199483333645212e-05,21963382.14668155,1757070.571734524,2285995.499276589,277.6514272453006,922.3485727546998,1200,0.0004829405833691994,-7.58601294416523
0.744,0.8398966667290422,0.7727049333907189,556.9737758180554,614899.0485031332,2,0.0005249354167056515,0.0004829405833691994,0.92,4.199483333645212e-05,21963382.14668155,1757070.571734524,2285995.499276589,98.94799492389429,-7.58601294416523,277.6514272453006,922.3485727546998,0,0,528924.9275420654,1909859.317102744,0,0,1200,0.744,528924.9275420654,1909859.317102744,2,2,1200,98.94799492389429,0.8398966667290422,0.7727049333907189,556.9737758180554,614899.0485031332,0.0005249354167056515,0.0004829405833691994,0.92,4.199483333645212e-05,21963382.14668155,1757070.571734524,2285995.499276589,277.6514272453006,922.3485727546998,1200,0.0004829405833691994,-7.58601294416523
0.745,0.8398966667290422,0.7727049333907189,556.9737758180554,614899.0485031332,2,0.0005249354167056515,0.0004829405833691994,0.92,4.199483333645212e-05,21963382.14668155,1757070.571734524,2285995.499276589,98.94799492389429,-7.58601294416523,277.6514272453006,922.3485727546998,0,0,528924.9275420654,1909859.317102744,0,0,1200,0.745,528924.9275420654,1909859.317102744,2,2,1200,98.94799492389429,0.8398966667290422,0.7727049333907189,556.9737758180554,614899.0485031332,0.0005249354167056515,0.0004829405833691994,0.92,4.199483333645212e-05,21963382.14668155,1757070.571734524,2285995.499276589,277.6514272453006,922.3485727546998,1200,0.0004829405833691994,-7.58601294416523
0.746,0.8398966667290422,0.7727049333907189,556.9737758180554,614899.0485031332,2,0.0005249354167056515,0.0004829405833691994,0.92,4.199483333645212e-05,21963382.14668155,1757070.571734524,2285995.499276589,98.94799492389429,-7.58601294416523,277.6514272453006,922.3485727546998,0,0,528924.9275420654,1909859.317102744,0,0,1200,0.746,528924.9275420654,1909859.317102744,2,2,1200,98.94799492389429,0.8398966667290422,0.7727049333907189,556.9737758180554,614899.0485031332,0.0005249354167056515,0.0004829405833691994,0.92,4.199483333645212e-05,21963382.14668155,1757070.571734524,2285995.499276589,277.6514272453006,922.3485727546998,1200,0.0004829405833691994,-7.58601294416523
0.747,0.8398966667290422,0.7727049333907189,556.9737758180554,614899.0485031332,2,0.0005249354167056515,0.0004829405833691994,0.92,4.199483333645212e-05,21963382.14668155,1757070.571734524,2285995.499276589,98.94799492389429,-7.58601294416523,277.6514272453006,922.3485727546998,0,0,528924.9275420654,1909859.317102744,0,0,1200,0.747,528924.9275420654,1909859.317102744,2,2,1200,98.94799492389429,0.8398966667290422,0.7727049333907189,556.9737758180554,614899.0485031332,0.0005249354167056515,0.0004829405833691994,0.92,4.199483333645212e-05,21963382.14668155,1757070.571734524,2285995.499276589,277.6514272453006,922.3485727546998,1200,0.0004829405833691994,-7.58601294416523
0.748,0.8398966667290422,0.7727049333907189,556.9737758180554,614899.0485031332,2,0.0005249354167056515,0.0004829405833691994,0.92,4.199483333645212e-05,21963382.14668155,1757070.571734524,2285995.499276589,98.94799492389429,-7.58601294416523,277.6514272453006,922.3485727546998,0,0,528924.9275420654,1909859.317102744,0,0,1200,0.748,528924.9275420654,1909859.317102744,2,2,1200,98.94799492389429,0.8398966667290422,0.7727049333907189,556.9737758180554,614899.0485031332,0.0005249354167056515,0.0004829405833691994,0.92,4.199483333645212e-05,21963382.14668155,1757070.571734524,2285995.499276589,277.6514272453006,922.3485727546998,1200,0.0004829405833691994,-7.58601294416523
0.749,0.8398966667290422,0.7727049333907189,556.9737758180554,614899.0485031332,2,0.0005249354167056515,0.0004829405833691994,0.92,4.199483333645212e-05,21963382.14668155,1757070.571734524,2285995.499276589,98.94799492389429,-7.58601294416523,277.6514272453006,922.3485727546998,0,0,528924.9275420654,1909859.317102744,0,0,1200,0.749,528924.9275420654,1909859.317102744,2,2,1200,98.94799492389429,0.8398966667290422,0.7727049333907189,556.9737758180554,614899.0485031332,0.0005249354167056515,0.0004829405833691994,0.92,4.199483333645212e-05,21963382.14668155,1757070.571734524,2285995.499276589,277.6514272453006,922.3485727546998,1200,0.0004829405833691994,-7.58601294416523
0.75,0.8398966667290422,0.7727049333907189,556.9737758180554,614899.0485031332,2,0.0005249354167056515,0.0004829405833691994,0.92,4.199483333645212e-05,21963382.14668155,1757070.571734524,2285995.499276589,98.94799492389429,-7.58601294416523,277.6514272453006,922.3485727546998,0,0,528924.9275420654,1909859.317102744,0,0,1200,0.75,528924.9275420654,1909859.317102744,2,2,1200,98.94799492389429,0.8398966667290422,0.7727049333907189,556.9737758180554,614899.0485031332,0.0005249354167056515,0.0004829405833691994,0.92,4.199483333645212e-05,21963382.14668155,1757070.571734524,2285995.499276589,277.6514272453006,922.3485727546998,1200,0.0004829405833691994,-7.58601294416523
0.751,0.8398966667290422,0.7727049333907189,556.9737758180554,614899.0485031332,2,0.0005249354167056515,0.0004829405833691994,0.92,4.199483333645212e-05,21963382.14668155,1757070.571734524,2285995.499276589,98.94799492389429,-7.58601294416523,277.6514272453006,922.3485727546998,0,0,528924.9275420654,1909859.317102744,0,0,1200,0.751,528924.9275420654,1909859.317102744,2,2,1200,98.94799492389429,0.8398966667290422,0.7727049333907189,556.9737758180554,614899.0485031332,0.0005249354167056515,0.0004829405833691994,0.92,4.199483333645212e-05,21963382.14668155,1757070.571734524,2285995.499276589,277.6514272453006,922.3485727546998,1200,0.0004829405833691994,-7.58601294416523
0.752,0.8398966667290422,0.7727049333907189,556.9737758180554,614899.0485031332,2,0.0005249354167056515,0.0004829405833691994,0.92,4.199483333645212e-05,21963382.14668155,1757070.571734524,2285995.499276589,98.94799492389429,-7.58601294416523,277.6514272453006,922.3485727546998,0,0,528924.9275420654,1909859.317102744,0,0,1200,0.752,528924.9275420654,1909859.317102744,2,2,1200,98.94799492389429,0.8398966667290422,0.7727049333907189,556.9737758180554,614899.0485031332,0.0005249354167056515,0.0004829405833691994,0.92,4.199483333645212e-05,21963382.14668155,1757070.571734524,2285995.499276589,277.6514272453006,922.3485727546998,1200,0.0004829405833691994,-7.58601294416523
0.753,0.8398966667290422,0.7727049333907189,556.9737758180554,614899.0485031332,2,0.0005249354167056515,0.0004829405833691994,0.92,4.199483333645212e-05,21963382.14668155,1757070.571734524,2285995.499276589,98.94799492389429,-7.58601294416523,277.6514272453006,922.3485727546998,0,0,528924.9275420654,1909859.317102744,0,0,1200,0.753,528924.9275420654,1909859.317102744,2,2,1200,98.94799492389429,0.8398966667290422,0.7727049333907189,556.9737758180554,614899.0485031332,0.0005249354167056515,0.0004829405833691994,0.92,4.199483333645212e-05,21963382.14668155,1757070.571734524,2285995.499276589,277.6514272453006,922.3485727546998,1200,0.0004829405833691994,-7.58601294416523
0.754,0.8398966667290422,0.7727049333907189,556.9737758180554,614899.0485031332,2,0.0005249354167056515,0.0004829405833691994,0.92,4.199483333645212e-05,21963382.14668155,1757070.571734524,2285995.499276589,98.94799492389429,-7.58601294416523,277.6514272453006,922.3485727546998,0,0,528924.9275420654,1909859.317102744,0,0,1200,0.754,528924.9275420654,1909859.317102744,2,2,1200,98.94799492389429,0.8398966667290422,0.7727049333907189,556.9737758180554,614899.0485031332,0.0005249354167056515,0.0004829405833691994,0.92,4.199483333645212e-05,21963382.14668155,1757070.571734524,2285995.499276589,277.6514272453006,922.3485727546998,1200,0.0004829405833691994,-7.58601294416523
0.755,0.8398966667290422,0.7727049333907189,556.9737758180554,614899.0485031332,2,0.0005249354167056515,0.0004829405833691994,0.92,4.199483333645212e-05,21963382.14668155,1757070.571734524,2285995.499276589,98.94799492389429,-7.58601294416523,277.6514272453006,922.3485727546998,0,0,528924.9275420654,1909859.317102744,0,0,1200,0.755,528924.9275420654,1909859.317102744,2,2,1200,98.94799492389429,0.8398966667290422,0.7727049333907189,556.9737758180554,614899.0485031332,0.0005249354167056515,0.0004829405833691994,0.92,4.199483333645212e-05,21963382.14668155,1757070.571734524,2285995.499276589,277.6514272453006,922.3485727546998,1200,0.0004829405833691994,-7.58601294416523
0.756,0.8398966667290422,0.7727049333907189,556.9737758180554,614899.0485031332,2,0.0005249354167056515,0.0004829405833691994,0.92,4.199483333645212e-05,21963382.14668155,1757070.571734524,2285995.499276589,98.94799492389429,-7.58601294416523,277.6514272453006,922.3485727546998,0,0,528924.9275420654,1909859.317102744,0,0,1200,0.756,528924.9275420654,1909859.317102744,2,2,1200,98.94799492389429,0.8398966667290422,0.7727049333907189,556.9737758180554,614899.0485031332,0.0005249354167056515,0.0004829405833691994,0.92,4.199483333645212e-05,21963382.14668155,1757070.571734524,2285995.499276589,277.6514272453006,922.3485727546998,1200,0.0004829405833691994,-7.58601294416523
0.757,0.8398966667290422,0.7727049333907189,556.9737758180554,614899.0485031332,2,0.0005249354167056515,0.0004829405833691994,0.92,4.199483333645212e-05,21963382.14668155,1757070.571734524,2285995.499276589,98.94799492389429,-7.58601294416523,277.6514272453006,922.3485727546998,0,0,528924.9275420654,1909859.317102744,0,0,1200,0.757,528924.9275420654,1909859.317102744,2,2,1200,98.94799492389429,0.8398966667290422,0.7727049333907189,556.9737758180554,614899.0485031332,0.0005249354167056515,0.0004829405833691994,0.92,4.199483333645212e-05,21963382.14668155,1757070.571734524,2285995.499276589,277.6514272453006,922.3485727546998,1200,0.0004829405833691994,-7.58601294416523
0.758,0.8398966667290422,0.7727049333907189,556.9737758180554,614899.0485031332,2,0.0005249354167056515,0.0004829405833691994,0.92,4.199483333645212e-05,21963382.14668155,1757070.571734524,2285995.499276589,98.94799492389429,-7.58601294416523,277.6514272453006,922.3485727546998,0,0,528924.9275420654,1909859.317102744,0,0,1200,0.758,528924.9275420654,1909859.317102744,2,2,1200,98.94799492389429,0.8398966667290422,0.7727049333907189,556.9737758180554,614899.0485031332,0.0005249354167056515,0.0004829405833691994,0.92,4.199483333645212e-05,21963382.14668155,1757070.571734524,2285995.499276589,277.6514272453006,922.3485727546998,1200,0.0004829405833691994,-7.58601294416523
0.759,0.8398966667290422,0.7727049333907189,556.9737758180554,614899.0485031332,2,0.0005249354167056515,0.0004829405833691994,0.92,4.199483333645212e-05,21963382.14668155,1757070.571734524,2285995.499276589,98.94799492389429,-7.58601294416523,277.6514272453006,922.3485727546998,0,0,528924.9275420654,1909859.317102744,0,0,1200,0.759,528924.9275420654,1909859.317102744,2,2,1200,98.94799492389429,0.8398966667290422,0.7727049333907189,556.9737758180554,614899.0485031332,0.0005249354167056515,0.0004829405833691994,0.92,4.199483333645212e-05,21963382.14668155,1757070.571734524,2285995.499276589,277.6514272453006,922.3485727546998,1200,0.0004829405833691994,-7.58601294416523
0.76,0.8398966667290422,0.7727049333907189,556.9737758180554,614899.0485031332,2,0.0005249354167056515,0.0004829405833691994,0.92,4.199483333645212e-05,21963382.14668155,1757070.571734524,2285995.499276589,98.94799492389429,-7.58601294416523,277.6514272453006,922.3485727546998,0,0,528924.9275420654,1909859.317102744,0,0,1200,0.76,528924.9275420654,1909859.317102744,2,2,1200,98.94799492389429,0.8398966667290422,0.7727049333907189,556.9737758180554,614899.0485031332,0.0005249354167056515,0.0004829405833691994,0.92,4.199483333645212e-05,21963382.14668155,1757070.571734524,2285995.499276589,277.6514272453006,922.3485727546998,1200,0.0004829405833691994,-7.58601294416523
0.761,0.8398966667290422,0.7727049333907189,556.9737758180554,614899.0485031332,2,0.0005249354167056515,0.0004829405833691994,0.92,4.199483333645212e-05,21963382.14668155,1757070.571734524,2285995.499276589,98.94799492389429,-7.58601294416523,277.6514272453006,922.3485727546998,0,0,528924.9275420654,1909859.317102744,0,0,1200,0.761,528924.9275420654,1909859.317102744,2,2,1200,98.94799492389429,0.8398966667290422,0.7727049333907189,556.9737758180554,614899.0485031332,0.0005249354167056515,0.0004829405833691994,0.92,4.199483333645212e-05,21963382.14668155,1757070.571734524,2285995.499276589,277.6514272453006,922.3485727546998,1200,0.0004829405833691994,-7.58601294416523
0.762,0.8398966667290422,0.7727049333907189,556.9737758180554,614899.0485031332,2,0.0005249354167056515,0.0004829405833691994,0.92,4.199483333645212e-05,21963382.14668155,1757070.571734524,2285995.499276589,98.94799492389429,-7.58601294416523,277.6514272453006,922.3485727546998,0,0,528924.9275420654,1909859.317102744,0,0,1200,0.762,528924.9275420654,1909859.317102744,2,2,1200,98.94799492389429,0.8398966667290422,0.7727049333907189,556.9737758180554,614899.0485031332,0.0005249354167056515,0.0004829405833691994,0.92,4.199483333645212e-05,21963382.14668155,1757070.571734524,2285995.499276589,277.6514272453006,922.3485727546998,1200,0.0004829405833691994,-7.58601294416523
0.763,0.8398966667290422,0.7727049333907189,556.9737758180554,614899.0485031332,2,0.0005249354167056515,0.0004829405833691994,0.92,4.199483333645212e-05,21963382.14668155,1757070.571734524,2285995.499276589,98.94799492389429,-7.58601294416523,277.6514272453006,922.3485727546998,0,0,528924.9275420654,1909859.317102744,0,0,1200,0.763,528924.9275420654,1909859.317102744,2,2,1200,98.94799492389429,0.8398966667290422,0.7727049333907189,556.9737758180554,614899.0485031332,0.0005249354167056515,0.0004829405833691994,0.92,4.199483333645212e-05,21963382.14668155,1757070.571734524,2285995.499276589,277.6514272453006,922.3485727546998,1200,0.0004829405833691994,-7.58601294416523
0.764,0.8398966667290422,0.7727049333907189,556.9737758180554,614899.0485031332,2,0.0005249354167056515,0.0004829405833691994,0.92,4.199483333645212e-05,21963382.14668155,1757070.571734524,2285995.499276589,98.94799492389429,-7.58601294416523,277.6514272453006,922.3485727546998,0,0,528924.9275420654,1909859.317102744,0,0,1200,0.764,528924.9275420654,1909859.317102744,2,2,1200,98.94799492389429,0.8398966667290422,0.7727049333907189,556.9737758180554,614899.0485031332,0.0005249354167056515,0.0004829405833691994,0.92,4.199483333645212e-05,21963382.14668155,1757070.571734524,2285995.499276589,277.6514272453006,922.3485727546998,1200,0.0004829405833691994,-7.58601294416523
0.765,0.8398966667290422,0.7727049333907189,556.9737758180554,614899.0485031332,2,0.0005249354167056515,0.0004829405833691994,0.92,4.199483333645212e-05,21963382.14668155,1757070.571734524,2285995.499276589,98.94799492389429,-7.58601294416523,277.6514272453006,922.3485727546998,0,0,528924.9275420654,1909859.317102744,0,0,1200,0.765,528924.9275420654,1909859.317102744,2,2,1200,98.94799492389429,0.8398966667290422,0.7727049333907189,556.9737758180554,614899.0485031332,0.0005249354167056515,0.0004829405833691994,0.92,4.199483333645212e-05,21963382.14668155,1757070.571734524,2285995.499276589,277.6514272453006,922.3485727546998,1200,0.0004829405833691994,-7.58601294416523
0.766,0.8398966667290422,0.7727049333907189,556.9737758180554,614899.0485031332,2,0.0005249354167056515,0.0004829405833691994,0.92,4.199483333645212e-05,21963382.14668155,1757070.571734524,2285995.499276589,98.94799492389429,-7.58601294416523,277.6514272453006,922.3485727546998,0,0,528924.9275420654,1909859.317102744,0,0,1200,0.766,528924.9275420654,1909859.317102744,2,2,1200,98.94799492389429,0.8398966667290422,0.7727049333907189,556.9737758180554,614899.0485031332,0.0005249354167056515,0.0004829405833691994,0.92,4.199483333645212e-05,21963382.14668155,1757070.571734524,2285995.499276589,277.6514272453006,922.3485727546998,1200,0.0004829405833691994,-7.58601294416523
0.767,0.8398966667290422,0.7727049333907189,556.9737758180554,614899.0485031332,2,0.0005249354167056515,0.0004829405833691994,0.92,4.199483333645212e-05,21963382.14668155,1757070.571734524,2285995.499276589,98.94799492389429,-7.58601294416523,277.6514272453006,922.3485727546998,0,0,528924.9275420654,1909859.317102744,0,0,1200,0.767,528924.9275420654,1909859.317102744,2,2,1200,98.94799492389429,0.8398966667290422,0.7727049333907189,556.9737758180554,614899.0485031332,0.0005249354167056515,0.0004829405833691994,0.92,4.199483333645212e-05,21963382.14668155,1757070.571734524,2285995.499276589,277.6514272453006,922.3485727546998,1200,0.0004829405833691994,-7.58601294416523
0.768,0.8398966667290422,0.7727049333907189,556.9737758180554,614899.0485031332,2,0.0005249354167056515,0.0004829405833691994,0.92,4.199483333645212e-05,21963382.14668155,1757070.571734524,2285995.499276589,98.94799492389429,-7.58601294416523,277.6514272453006,922.3485727546998,0,0,528924.9275420654,1909859.317102744,0,0,1200,0.768,528924.9275420654,1909859.317102744,2,2,1200,98.94799492389429,0.8398966667290422,0.7727049333907189,556.9737758180554,614899.0485031332,0.0005249354167056515,0.0004829405833691994,0.92,4.199483333645212e-05,21963382.14668155,1757070.571734524,2285995.499276589,277.6514272453006,922.3485727546998,1200,0.0004829405833691994,-7.58601294416523
0.769,0.8398966667290422,0.7727049333907189,556.9737758180554,614899.0485031332,2,0.0005249354167056515,0.0004829405833691994,0.92,4.199483333645212e-05,21963382.14668155,1757070.571734524,2285995.499276589,98.94799492389429,-7.58601294416523,277.6514272453006,922.3485727546998,0,0,528924.9275420654,1909859.317102744,0,0,1200,0.769,528924.9275420654,1909859.317102744,2,2,1200,98.94799492389429,0.8398966667290422,0.7727049333907189,556.9737758180554,614899.0485031332,0.0005249354167056515,0.0004829405833691994,0.92,4.199483333645212e-05,21963382.14668155,1757070.571734524,2285995.499276589,277.6514272453006,922.3485727546998,1200,0.0004829405833691994,-7.58601294416523
0.77,0.8398966667290422,0.7727049333907189,556.9737758180554,614899.0485031332,2,0.0005249354167056515,0.0004829405833691994,0.92,4.199483333645212e-05,21963382.14668155,1757070.571734524,2285995.499276589,98.94799492389429,-7.58601294416523,277.6514272453006,922.3485727546998,0,0,528924.9275420654,1909859.317102744,0,0,1200,0.77,528924.9275420654,1909859.317102744,2,2,1200,98.94799492389429,0.8398966667290422,0.7727049333907189,556.9737758180554,614899.0485031332,0.0005249354167056515,0.0004829405833691994,0.92,4.199483333645212e-05,21963382.14668155,1757070.571734524,2285995.499276589,277.6514272453006,922.3485727546998,1200,0.0004829405833691994,-7.58601294416523
0.771,0.8398966667290422,0.7727049333907189,556.9737758180554,614899.0485031332,2,0.0005249354167056515,0.0004829405833691994,0.92,4.199483333645212e-05,21963382.14668155,1757070.571734524,2285995.499276589,98.94799492389429,-7.58601294416523,277.6514272453006,922.3485727546998,0,0,528924.9275420654,1909859.317102744,0,0,1200,0.771,528924.9275420654,1909859.317102744,2,2,1200,98.94799492389429,0.8398966667290422,0.7727049333907189,556.9737758180554,614899.0485031332,0.0005249354167056515,0.0004829405833691994,0.92,4.199483333645212e-05,21963382.14668155,1757070.571734524,2285995.499276589,277.6514272453006,922.3485727546998,1200,0.0004829405833691994,-7.58601294416523
0.772,0.8398966667290422,0.7727049333907189,556.9737758180554,614899.0485031332,2,0.0005249354167056515,0.0004829405833691994,0.92,4.199483333645212e-05,21963382.14668155,1757070.571734524,2285995.499276589,98.94799492389429,-7.58601294416523,277.6514272453006,922.3485727546998,0,0,528924.9275420654,1909859.317102744,0,0,1200,0.772,528924.9275420654,1909859.317102744,2,2,1200,98.94799492389429,0.8398966667290422,0.7727049333907189,556.9737758180554,614899.0485031332,0.0005249354167056515,0.0004829405833691994,0.92,4.199483333645212e-05,21963382.14668155,1757070.571734524,2285995.499276589,277.6514272453006,922.3485727546998,1200,0.0004829405833691994,-7.58601294416523
0.773,0.8398966667290422,0.7727049333907189,556.9737758180554,614899.0485031332,2,0.0005249354167056515,0.0004829405833691994,0.92,4.199483333645212e-05,21963382.14668155,1757070.571734524,2285995.499276589,98.94799492389429,-7.58601294416523,277.6514272453006,922.3485727546998,0,0,528924.9275420654,1909859.317102744,0,0,1200,0.773,528924.9275420654,1909859.317102744,2,2,1200,98.94799492389429,0.8398966667290422,0.7727049333907189,556.9737758180554,614899.0485031332,0.0005249354167056515,0.0004829405833691994,0.92,4.199483333645212e-05,21963382.14668155,1757070.571734524,2285995.499276589,277.6514272453006,922.3485727546998,1200,0.0004829405833691994,-7.58601294416523
0.774,0.8398966667290422,0.7727049333907189,556.9737758180554,614899.0485031332,2,0.0005249354167056515,0.0004829405833691994,0.92,4.199483333645212e-05,21963382.14668155,1757070.571734524,2285995.499276589,98.94799492389429,-7.58601294416523,277.6514272453006,922.3485727546998,0,0,528924.9275420654,1909859.317102744,0,0,1200,0.774,528924.9275420654,1909859.317102744,2,2,1200,98.94799492389429,0.8398966667290422,0.7727049333907189,556.9737758180554,614899.0485031332,0.0005249354167056515,0.0004829405833691994,0.92,4.199483333645212e-05,21963382.14668155,1757070.571734524,2285995.499276589,277.6514272453006,922.3485727546998,1200,0.0004829405833691994,-7.58601294416523
0.775,0.8398966667290422,0.7727049333907189,556.9737758180554,614899.0485031332,2,0.0005249354167056515,0.0004829405833691994,0.92,4.199483333645212e-05,21963382.14668155,1757070.571734524,2285995.499276589,98.94799492389429,-7.58601294416523,277.6514272453006,922.3485727546998,0,0,528924.9275420654,1909859.317102744,0,0,1200,0.775,528924.9275420654,1909859.317102744,2,2,1200,98.94799492389429,0.8398966667290422,0.7727049333907189,556.9737758180554,614899.0485031332,0.0005249354167056515,0.0004829405833691994,0.92,4.199483333645212e-05,21963382.14668155,1757070.571734524,2285995.499276589,277.6514272453006,922.3485727546998,1200,0.0004829405833691994,-7.58601294416523
0.776,0.8398966667290422,0.7727049333907189,556.9737758180554,614899.0485031332,2,0.0005249354167056515,0.0004829405833691994,0.92,4.199483333645212e-05,21963382.14668155,1757070.571734524,2285995.499276589,98.94799492389429,-7.58601294416523,277.6514272453006,922.3485727546998,0,0,528924.9275420654,1909859.317102744,0,0,1200,0.776,528924.9275420654,1909859.317102744,2,2,1200,98.94799492389429,0.8398966667290422,0.7727049333907189,556.9737758180554,614899.0485031332,0.0005249354167056515,0.0004829405833691994,0.92,4.199483333645212e-05,21963382.14668155,1757070.571734524,2285995.499276589,277.6514272453006,922.3485727546998,1200,0.0004829405833691994,-7.58601294416523
0.777,0.8398966667290422,0.7727049333907189,556.9737758180554,614899.0485031332,2,0.0005249354167056515,0.0004829405833691994,0.92,4.199483333645212e-05,21963382.14668155,1757070.571734524,2285995.499276589,98.94799492389429,-7.58601294416523,277.6514272453006,922.3485727546998,0,0,528924.9275420654,1909859.317102744,0,0,1200,0.777,528924.9275420654,1909859.317102744,2,2,1200,98.94799492389429,0.8398966667290422,0.7727049333907189,556.9737758180554,614899.0485031332,0.0005249354167056515,0.0004829405833691994,0.92,4.199483333645212e-05,21963382.14668155,1757070.571734524,2285995.499276589,277.6514272453006,922.3485727546998,1200,0.0004829405833691994,-7.58601294416523
0.778,0.8398966667290422,0.7727049333907189,556.9737758180554,614899.0485031332,2,0.0005249354167056515,0.0004829405833691994,0.92,4.199483333645212e-05,21963382.14668155,1757070.571734524,2285995.499276589,98.94799492389429,-7.58601294416523,277.6514272453006,922.3485727546998,0,0,528924.9275420654,1909859.317102744,0,0,1200,0.778,528924.9275420654,1909859.317102744,2,2,1200,98.94799492389429,0.8398966667290422,0.7727049333907189,556.9737758180554,614899.0485031332,0.0005249354167056515,0.0004829405833691994,0.92,4.199483333645212e-05,21963382.14668155,1757070.571734524,2285995.499276589,277.6514272453006,922.3485727546998,1200,0.0004829405833691994,-7.58601294416523
0.779,0.8398966667290422,0.7727049333907189,556.9737758180554,614899.0485031332,2,0.0005249354167056515,0.0004829405833691994,0.92,4.199483333645212e-05,21963382.14668155,1757070.571734524,2285995.499276589,98.94799492389429,-7.58601294416523,277.6514272453006,922.3485727546998,0,0,528924.9275420654,1909859.317102744,0,0,1200,0.779,528924.9275420654,1909859.317102744,2,2,1200,98.94799492389429,0.8398966667290422,0.7727049333907189,556.9737758180554,614899.0485031332,0.0005249354167056515,0.0004829405833691994,0.92,4.199483333645212e-05,21963382.14668155,1757070.571734524,2285995.499276589,277.6514272453006,922.3485727546998,1200,0.0004829405833691994,-7.58601294416523
0.78,0.8398966667290422,0.7727049333907189,556.9737758180554,614899.0485031332,2,0.0005249354167056515,0.0004829405833691994,0.92,4.199483333645212e-05,21963382.14668155,1757070.571734524,2285995.499276589,98.94799492389429,-7.58601294416523,277.6514272453006,922.3485727546998,0,0,528924.9275420654,1909859.317102744,0,0,1200,0.78,528924.9275420654,1909859.317102744,2,2,1200,98.94799492389429,0.8398966667290422,0.7727049333907189,556.9737758180554,614899.0485031332,0.0005249354167056515,0.0004829405833691994,0.92,4.199483333645212e-05,21963382.14668155,1757070.571734524,2285995.499276589,277.6514272453006,922.3485727546998,1200,0.0004829405833691994,-7.58601294416523
0.781,0.8398966667290422,0.7727049333907189,556.9737758180554,614899.0485031332,2,0.0005249354167056515,0.0004829405833691994,0.92,4.199483333645212e-05,21963382.14668155,1757070.571734524,2285995.499276589,98.94799492389429,-7.58601294416523,277.6514272453006,922.3485727546998,0,0,528924.9275420654,1909859.317102744,0,0,1200,0.781,528924.9275420654,1909859.317102744,2,2,1200,98.94799492389429,0.8398966667290422,0.7727049333907189,556.9737758180554,614899.0485031332,0.0005249354167056515,0.0004829405833691994,0.92,4.199483333645212e-05,21963382.14668155,1757070.571734524,2285995.499276589,277.6514272453006,922.3485727546998,1200,0.0004829405833691994,-7.58601294416523
0.782,0.8398966667290422,0.7727049333907189,556.9737758180554,614899.0485031332,2,0.0005249354167056515,0.0004829405833691994,0.92,4.199483333645212e-05,21963382.14668155,1757070.571734524,2285995.499276589,98.94799492389429,-7.58601294416523,277.6514272453006,922.3485727546998,0,0,528924.9275420654,1909859.317102744,0,0,1200,0.782,528924.9275420654,1909859.317102744,2,2,1200,98.94799492389429,0.8398966667290422,0.7727049333907189,556.9737758180554,614899.0485031332,0.0005249354167056515,0.0004829405833691994,0.92,4.199483333645212e-05,21963382.14668155,1757070.571734524,2285995.499276589,277.6514272453006,922.3485727546998,1200,0.0004829405833691994,-7.58601294416523
0.783,0.8398966667290422,0.7727049333907189,556.9737758180554,614899.0485031332,2,0.0005249354167056515,0.0004829405833691994,0.92,4.199483333645212e-05,21963382.14668155,1757070.571734524,2285995.499276589,98.94799492389429,-7.58601294416523,277.6514272453006,922.3485727546998,0,0,528924.9275420654,1909859.317102744,0,0,1200,0.783,528924.9275420654,1909859.317102744,2,2,1200,98.94799492389429,0.8398966667290422,0.7727049333907189,556.9737758180554,614899.0485031332,0.0005249354167056515,0.0004829405833691994,0.92,4.199483333645212e-05,21963382.14668155,1757070.571734524,2285995.499276589,277.6514272453006,922.3485727546998,1200,0.0004829405833691994,-7.58601294416523
0.784,0.8398966667290422,0.7727049333907189,556.9737758180554,614899.0485031332,2,0.0005249354167056515,0.0004829405833691994,0.92,4.199483333645212e-05,21963382.14668155,1757070.571734524,2285995.499276589,98.94799492389429,-7.58601294416523,277.6514272453006,922.3485727546998,0,0,528924.9275420654,1909859.317102744,0,0,1200,0.784,528924.9275420654,1909859.317102744,2,2,1200,98.94799492389429,0.8398966667290422,0.7727049333907189,556.9737758180554,614899.0485031332,0.0005249354167056515,0.0004829405833691994,0.92,4.199483333645212e-05,21963382.14668155,1757070.571734524,2285995.499276589,277.6514272453006,922.3485727546998,1200,0.0004829405833691994,-7.58601294416523
0.785,0.8398966667290422,0.7727049333907189,556.9737758180554,614899.0485031332,2,0.0005249354167056515,0.0004829405833691994,0.92,4.199483333645212e-05,21963382.14668155,1757070.571734524,2285995.499276589,98.94799492389429,-7.58601294416523,277.6514272453006,922.3485727546998,0,0,528924.9275420654,1909859.317102744,0,0,1200,0.785,528924.9275420654,1909859.317102744,2,2,1200,98.94799492389429,0.8398966667290422,0.7727049333907189,556.9737758180554,614899.0485031332,0.0005249354167056515,0.0004829405833691994,0.92,4.199483333645212e-05,21963382.14668155,1757070.571734524,2285995.499276589,277.6514272453006,922.3485727546998,1200,0.0004829405833691994,-7.58601294416523
0.786,0.8398966667290422,0.7727049333907189,556.9737758180554,614899.0485031332,2,0.0005249354167056515,0.0004829405833691994,0.92,4.199483333645212e-05,21963382.14668155,1757070.571734524,2285995.499276589,98.94799492389429,-7.58601294416523,277.6514272453006,922.3485727546998,0,0,528924.9275420654,1909859.317102744,0,0,1200,0.786,528924.9275420654,1909859.317102744,2,2,1200,98.94799492389429,0.8398966667290422,0.7727049333907189,556.9737758180554,614899.0485031332,0.0005249354167056515,0.0004829405833691994,0.92,4.199483333645212e-05,21963382.14668155,1757070.571734524,2285995.499276589,277.6514272453006,922.3485727546998,1200,0.0004829405833691994,-7.58601294416523
0.787,0.8398966667290422,0.7727049333907189,556.9737758180554,614899.0485031332,2,0.0005249354167056515,0.0004829405833691994,0.92,4.199483333645212e-05,21963382.14668155,1757070.571734524,2285995.499276589,98.94799492389429,-7.58601294416523,277.6514272453006,922.3485727546998,0,0,528924.9275420654,1909859.317102744,0,0,1200,0.787,528924.9275420654,1909859.317102744,2,2,1200,98.94799492389429,0.8398966667290422,0.7727049333907189,556.9737758180554,614899.0485031332,0.0005249354167056515,0.0004829405833691994,0.92,4.199483333645212e-05,21963382.14668155,1757070.571734524,2285995.499276589,277.6514272453006,922.3485727546998,1200,0.0004829405833691994,-7.58601294416523
0.788,0.8398966667290422,0.7727049333907189,556.9737758180554,614899.0485031332,2,0.0005249354167056515,0.0004829405833691994,0.92,4.199483333645212e-05,21963382.14668155,1757070.571734524,2285995.499276589,98.94799492389429,-7.58601294416523,277.6514272453006,922.3485727546998,0,0,528924.9275420654,1909859.317102744,0,0,1200,0.788,528924.9275420654,1909859.317102744,2,2,1200,98.94799492389429,0.8398966667290422,0.7727049333907189,556.9737758180554,614899.0485031332,0.0005249354167056515,0.0004829405833691994,0.92,4.199483333645212e-05,21963382.14668155,1757070.571734524,2285995.499276589,277.6514272453006,922.3485727546998,1200,0.0004829405833691994,-7.58601294416523
0.789,0.8398966667290422,0.7727049333907189,556.9737758180554,614899.0485031332,2,0.0005249354167056515,0.0004829405833691994,0.92,4.199483333645212e-05,21963382.14668155,1757070.571734524,2285995.499276589,98.94799492389429,-7.58601294416523,277.6514272453006,922.3485727546998,0,0,528924.9275420654,1909859.317102744,0,0,1200,0.789,528924.9275420654,1909859.317102744,2,2,1200,98.94799492389429,0.8398966667290422,0.7727049333907189,556.9737758180554,614899.0485031332,0.0005249354167056515,0.0004829405833691994,0.92,4.199483333645212e-05,21963382.14668155,1757070.571734524,2285995.499276589,277.6514272453006,922.3485727546998,1200,0.0004829405833691994,-7.58601294416523
0.79,0.8398966667290422,0.7727049333907189,556.9737758180554,614899.0485031332,2,0.0005249354167056515,0.0004829405833691994,0.92,4.199483333645212e-05,21963382.14668155,1757070.571734524,2285995.499276589,98.94799492389429,-7.58601294416523,277.6514272453006,922.3485727546998,0,0,528924.9275420654,1909859.317102744,0,0,1200,0.79,528924.9275420654,1909859.317102744,2,2,1200,98.94799492389429,0.8398966667290422,0.7727049333907189,556.9737758180554,614899.0485031332,0.0005249354167056515,0.0004829405833691994,0.92,4.199483333645212e-05,21963382.14668155,1757070.571734524,2285995.499276589,277.6514272453006,922.3485727546998,1200,0.0004829405833691994,-7.58601294416523
0.791,0.8398966667290422,0.7727049333907189,556.9737758180554,614899.0485031332,2,0.0005249354167056515,0.0004829405833691994,0.92,4.199483333645212e-05,21963382.14668155,1757070.571734524,2285995.499276589,98.94799492389429,-7.58601294416523,277.6514272453006,922.3485727546998,0,0,528924.9275420654,1909859.317102744,0,0,1200,0.791,528924.9275420654,1909859.317102744,2,2,1200,98.94799492389429,0.8398966667290422,0.7727049333907189,556.9737758180554,614899.0485031332,0.0005249354167056515,0.0004829405833691994,0.92,4.199483333645212e-05,21963382.14668155,1757070.571734524,2285995.499276589,277.6514272453006,922.3485727546998,1200,0.0004829405833691994,-7.58601294416523
0.792,0.8398966667290422,0.7727049333907189,556.9737758180554,614899.0485031332,2,0.0005249354167056515,0.0004829405833691994,0.92,4.199483333645212e-05,21963382.14668155,1757070.571734524,2285995.499276589,98.94799492389429,-7.58601294416523,277.6514272453006,922.3485727546998,0,0,528924.9275420654,1909859.317102744,0,0,1200,0.792,528924.9275420654,1909859.317102744,2,2,1200,98.94799492389429,0.8398966667290422,0.7727049333907189,556.9737758180554,614899.0485031332,0.0005249354167056515,0.0004829405833691994,0.92,4.199483333645212e-05,21963382.14668155,1757070.571734524,2285995.499276589,277.6514272453006,922.3485727546998,1200,0.0004829405833691994,-7.58601294416523
0.793,0.8398966667290422,0.7727049333907189,556.9737758180554,614899.0485031332,2,0.0005249354167056515,0.0004829405833691994,0.92,4.199483333645212e-05,21963382.14668155,1757070.571734524,2285995.499276589,98.94799492389429,-7.58601294416523,277.6514272453006,922.3485727546998,0,0,528924.9275420654,1909859.317102744,0,0,1200,0.793,528924.9275420654,1909859.317102744,2,2,1200,98.94799492389429,0.8398966667290422,0.7727049333907189,556.9737758180554,614899.0485031332,0.0005249354167056515,0.0004829405833691994,0.92,4.199483333645212e-05,21963382.14668155,1757070.571734524,2285995.499276589,277.6514272453006,922.3485727546998,1200,0.0004829405833691994,-7.58601294416523
0.794,0.8398966667290422,0.7727049333907189,556.9737758180554,614899.0485031332,2,0.0005249354167056515,0.0004829405833691994,0.92,4.199483333645212e-05,21963382.14668155,1757070.571734524,2285995.499276589,98.94799492389429,-7.58601294416523,277.6514272453006,922.3485727546998,0,0,528924.9275420654,1909859.317102744,0,0,1200,0.794,528924.9275420654,1909859.317102744,2,2,1200,98.94799492389429,0.8398966667290422,0.7727049333907189,556.9737758180554,614899.0485031332,0.0005249354167056515,0.0004829405833691994,0.92,4.199483333645212e-05,21963382.14668155,1757070.571734524,2285995.499276589,277.6514272453006,922.3485727546998,1200,0.0004829405833691994,-7.58601294416523
0.795,0.8398966667290422,0.7727049333907189,556.9737758180554,614899.0485031332,2,0.0005249354167056515,0.0004829405833691994,0.92,4.199483333645212e-05,21963382.14668155,1757070.571734524,2285995.499276589,98.94799492389429,-7.58601294416523,277.6514272453006,922.3485727546998,0,0,528924.9275420654,1909859.317102744,0,0,1200,0.795,528924.9275420654,1909859.317102744,2,2,1200,98.94799492389429,0.8398966667290422,0.7727049333907189,556.9737758180554,614899.0485031332,0.0005249354167056515,0.0004829405833691994,0.92,4.199483333645212e-05,21963382.14668155,1757070.571734524,2285995.499276589,277.6514272453006,922.3485727546998,1200,0.0004829405833691994,-7.58601294416523
0.796,0.8398966667290422,0.7727049333907189,556.9737758180554,614899.0485031332,2,0.0005249354167056515,0.0004829405833691994,0.92,4.199483333645212e-05,21963382.14668155,1757070.571734524,2285995.499276589,98.94799492389429,-7.58601294416523,277.6514272453006,922.3485727546998,0,0,528924.9275420654,1909859.317102744,0,0,1200,0.796,528924.9275420654,1909859.317102744,2,2,1200,98.94799492389429,0.8398966667290422,0.7727049333907189,556.9737758180554,614899.0485031332,0.0005249354167056515,0.0004829405833691994,0.92,4.199483333645212e-05,21963382.14668155,1757070.571734524,2285995.499276589,277.6514272453006,922.3485727546998,1200,0.0004829405833691994,-7.58601294416523
0.797,0.8398966667290422,0.7727049333907189,556.9737758180554,614899.0485031332,2,0.0005249354167056515,0.0004829405833691994,0.92,4.199483333645212e-05,21963382.14668155,1757070.571734524,2285995.499276589,98.94799492389429,-7.58601294416523,277.6514272453006,922.3485727546998,0,0,528924.9275420654,1909859.317102744,0,0,1200,0.797,528924.9275420654,1909859.317102744,2,2,1200,98.94799492389429,0.8398966667290422,0.7727049333907189,556.9737758180554,614899.0485031332,0.0005249354167056515,0.0004829405833691994,0.92,4.199483333645212e-05,21963382.14668155,1757070.571734524,2285995.499276589,277.6514272453006,922.3485727546998,1200,0.0004829405833691994,-7.58601294416523
0.798,0.8398966667290422,0.7727049333907189,556.9737758180554,614899.0485031332,2,0.0005249354167056515,0.0004829405833691994,0.92,4.199483333645212e-05,21963382.14668155,1757070.571734524,2285995.499276589,98.94799492389429,-7.58601294416523,277.6514272453006,922.3485727546998,0,0,528924.9275420654,1909859.317102744,0,0,1200,0.798,528924.9275420654,1909859.317102744,2,2,1200,98.94799492389429,0.8398966667290422,0.7727049333907189,556.9737758180554,614899.0485031332,0.0005249354167056515,0.0004829405833691994,0.92,4.199483333645212e-05,21963382.14668155,1757070.571734524,2285995.499276589,277.6514272453006,922.3485727546998,1200,0.0004829405833691994,-7.58601294416523
0.799,0.8398966667290422,0.7727049333907189,556.9737758180554,614899.0485031332,2,0.0005249354167056515,0.0004829405833691994,0.92,4.199483333645212e-05,21963382.14668155,1757070.571734524,2285995.499276589,98.94799492389429,-7.58601294416523,277.6514272453006,922.3485727546998,0,0,528924.9275420654,1909859.317102744,0,0,1200,0.799,528924.9275420654,1909859.317102744,2,2,1200,98.94799492389429,0.8398966667290422,0.7727049333907189,556.9737758180554,614899.0485031332,0.0005249354167056515,0.0004829405833691994,0.92,4.199483333645212e-05,21963382.14668155,1757070.571734524,2285995.499276589,277.6514272453006,922.3485727546998,1200,0.0004829405833691994,-7.58601294416523
0.8,0.8398966667290422,0.7727049333907189,556.9737758180554,614899.0485031332,2,0.0005249354167056515,0.0004829405833691994,0.92,4.199483333645212e-05,21963382.14668155,1757070.571734524,2285995.499276589,98.94799492389429,-7.58601294416523,277.6514272453006,922.3485727546998,0,0,528924.9275420654,1909859.317102744,0,0,1200,0.8,528924.9275420654,1909859.317102744,2,2,1200,98.94799492389429,0.8398966667290422,0.7727049333907189,556.9737758180554,614899.0485031332,0.0005249354167056515,0.0004829405833691994,0.92,4.199483333645212e-05,21963382.14668155,1757070.571734524,2285995.499276589,277.6514272453006,922.3485727546998,1200,0.0004829405833691994,-7.58601294416523
0.801,0.8398966667290422,0.7727049333907189,556.9737758180554,614899.0485031332,2,0.0005249354167056515,0.0004829405833691994,0.92,4.199483333645212e-05,21963382.14668155,1757070.571734524,2285995.499276589,98.94799492389429,-7.58601294416523,277.6514272453006,922.3485727546998,0,0,528924.9275420654,1909859.317102744,0,0,1200,0.801,528924.9275420654,1909859.317102744,2,2,1200,98.94799492389429,0.8398966667290422,0.7727049333907189,556.9737758180554,614899.0485031332,0.0005249354167056515,0.0004829405833691994,0.92,4.199483333645212e-05,21963382.14668155,1757070.571734524,2285995.499276589,277.6514272453006,922.3485727546998,1200,0.0004829405833691994,-7.58601294416523
0.802,0.8398966667290422,0.7727049333907189,556.9737758180554,614899.0485031332,2,0.0005249354167056515,0.0004829405833691994,0.92,4.199483333645212e-05,21963382.14668155,1757070.571734524,2285995.499276589,98.94799492389429,-7.58601294416523,277.6514272453006,922.3485727546998,0,0,528924.9275420654,1909859.317102744,0,0,1200,0.802,528924.9275420654,1909859.317102744,2,2,1200,98.94799492389429,0.8398966667290422,0.7727049333907189,556.9737758180554,614899.0485031332,0.0005249354167056515,0.0004829405833691994,0.92,4.199483333645212e-05,21963382.14668155,1757070.571734524,2285995.499276589,277.6514272453006,922.3485727546998,1200,0.0004829405833691994,-7.58601294416523
0.803,0.8398966667290422,0.7727049333907189,556.9737758180554,614899.0485031332,2,0.0005249354167056515,0.0004829405833691994,0.92,4.199483333645212e-05,21963382.14668155,1757070.571734524,2285995.499276589,98.94799492389429,-7.58601294416523,277.6514272453006,922.3485727546998,0,0,528924.9275420654,1909859.317102744,0,0,1200,0.803,528924.9275420654,1909859.317102744,2,2,1200,98.94799492389429,0.8398966667290422,0.7727049333907189,556.9737758180554,614899.0485031332,0.0005249354167056515,0.0004829405833691994,0.92,4.199483333645212e-05,21963382.14668155,1757070.571734524,2285995.499276589,277.6514272453006,922.3485727546998,1200,0.0004829405833691994,-7.58601294416523
0.804,0.8398966667290422,0.7727049333907189,556.9737758180554,614899.0485031332,2,0.0005249354167056515,0.0004829405833691994,0.92,4.199483333645212e-05,21963382.14668155,1757070.571734524,2285995.499276589,98.94799492389429,-7.58601294416523,277.6514272453006,922.3485727546998,0,0,528924.9275420654,1909859.317102744,0,0,1200,0.804,528924.9275420654,1909859.317102744,2,2,1200,98.94799492389429,0.8398966667290422,0.7727049333907189,556.9737758180554,614899.0485031332,0.0005249354167056515,0.0004829405833691994,0.92,4.199483333645212e-05,21963382.14668155,1757070.571734524,2285995.499276589,277.6514272453006,922.3485727546998,1200,0.0004829405833691994,-7.58601294416523
0.805,0.8398966667290422,0.7727049333907189,556.9737758180554,614899.0485031332,2,0.0005249354167056515,0.0004829405833691994,0.92,4.199483333645212e-05,21963382.14668155,1757070.571734524,2285995.499276589,98.94799492389429,-7.58601294416523,277.6514272453006,922.3485727546998,0,0,528924.9275420654,1909859.317102744,0,0,1200,0.805,528924.9275420654,1909859.317102744,2,2,1200,98.94799492389429,0.8398966667290422,0.7727049333907189,556.9737758180554,614899.0485031332,0.0005249354167056515,0.0004829405833691994,0.92,4.199483333645212e-05,21963382.14668155,1757070.571734524,2285995.499276589,277.6514272453006,922.3485727546998,1200,0.0004829405833691994,-7.58601294416523
0.806,0.8398966667290422,0.7727049333907189,556.9737758180554,614899.0485031332,2,0.0005249354167056515,0.0004829405833691994,0.92,4.199483333645212e-05,21963382.14668155,1757070.571734524,2285995.499276589,98.94799492389429,-7.58601294416523,277.6514272453006,922.3485727546998,0,0,528924.9275420654,1909859.317102744,0,0,1200,0.806,528924.9275420654,1909859.317102744,2,2,1200,98.94799492389429,0.8398966667290422,0.7727049333907189,556.9737758180554,614899.0485031332,0.0005249354167056515,0.0004829405833691994,0.92,4.199483333645212e-05,21963382.14668155,1757070.571734524,2285995.499276589,277.6514272453006,922.3485727546998,1200,0.0004829405833691994,-7.58601294416523
0.8070000000000001,0.8398966667290422,0.7727049333907189,556.9737758180554,614899.0485031332,2,0.0005249354167056515,0.0004829405833691994,0.92,4.199483333645212e-05,21963382.14668155,1757070.571734524,2285995.499276589,98.94799492389429,-7.58601294416523,277.6514272453006,922.3485727546998,0,0,528924.9275420654,1909859.317102744,0,0,1200,0.8070000000000001,528924.9275420654,1909859.317102744,2,2,1200,98.94799492389429,0.8398966667290422,0.7727049333907189,556.9737758180554,614899.0485031332,0.0005249354167056515,0.0004829405833691994,0.92,4.199483333645212e-05,21963382.14668155,1757070.571734524,2285995.499276589,277.6514272453006,922.3485727546998,1200,0.0004829405833691994,-7.58601294416523
0.8080000000000001,0.8398966667290422,0.7727049333907189,556.9737758180554,614899.0485031332,2,0.0005249354167056515,0.0004829405833691994,0.92,4.199483333645212e-05,21963382.14668155,1757070.571734524,2285995.499276589,98.94799492389429,-7.58601294416523,277.6514272453006,922.3485727546998,0,0,528924.9275420654,1909859.317102744,0,0,1200,0.8080000000000001,528924.9275420654,1909859.317102744,2,2,1200,98.94799492389429,0.8398966667290422,0.7727049333907189,556.9737758180554,614899.0485031332,0.0005249354167056515,0.0004829405833691994,0.92,4.199483333645212e-05,21963382.14668155,1757070.571734524,2285995.499276589,277.6514272453006,922.3485727546998,1200,0.0004829405833691994,-7.58601294416523
0.8090000000000001,0.8398966667290422,0.7727049333907189,556.9737758180554,614899.0485031332,2,0.0005249354167056515,0.0004829405833691994,0.92,4.199483333645212e-05,21963382.14668155,1757070.571734524,2285995.499276589,98.94799492389429,-7.58601294416523,277.6514272453006,922.3485727546998,0,0,528924.9275420654,1909859.317102744,0,0,1200,0.8090000000000001,528924.9275420654,1909859.317102744,2,2,1200,98.94799492389429,0.8398966667290422,0.7727049333907189,556.9737758180554,614899.0485031332,0.0005249354167056515,0.0004829405833691994,0.92,4.199483333645212e-05,21963382.14668155,1757070.571734524,2285995.499276589,277.6514272453006,922.3485727546998,1200,0.0004829405833691994,-7.58601294416523
0.8100000000000001,0.8398966667290422,0.7727049333907189,556.9737758180554,614899.0485031332,2,0.0005249354167056515,0.0004829405833691994,0.92,4.199483333645212e-05,21963382.14668155,1757070.571734524,2285995.499276589,98.94799492389429,-7.58601294416523,277.6514272453006,922.3485727546998,0,0,528924.9275420654,1909859.317102744,0,0,1200,0.8100000000000001,528924.9275420654,1909859.317102744,2,2,1200,98.94799492389429,0.8398966667290422,0.7727049333907189,556.9737758180554,614899.0485031332,0.0005249354167056515,0.0004829405833691994,0.92,4.199483333645212e-05,21963382.14668155,1757070.571734524,2285995.499276589,277.6514272453006,922.3485727546998,1200,0.0004829405833691994,-7.58601294416523
0.8110000000000001,0.8398966667290422,0.7727049333907189,556.9737758180554,614899.0485031332,2,0.0005249354167056515,0.0004829405833691994,0.92,4.199483333645212e-05,21963382.14668155,1757070.571734524,2285995.499276589,98.94799492389429,-7.58601294416523,277.6514272453006,922.3485727546998,0,0,528924.9275420654,1909859.317102744,0,0,1200,0.8110000000000001,528924.9275420654,1909859.317102744,2,2,1200,98.94799492389429,0.8398966667290422,0.7727049333907189,556.9737758180554,614899.0485031332,0.0005249354167056515,0.0004829405833691994,0.92,4.199483333645212e-05,21963382.14668155,1757070.571734524,2285995.499276589,277.6514272453006,922.3485727546998,1200,0.0004829405833691994,-7.58601294416523
0.8120000000000001,0.8398966667290422,0.7727049333907189,556.9737758180554,614899.0485031332,2,0.0005249354167056515,0.0004829405833691994,0.92,4.199483333645212e-05,21963382.14668155,1757070.571734524,2285995.499276589,98.94799492389429,-7.58601294416523,277.6514272453006,922.3485727546998,0,0,528924.9275420654,1909859.317102744,0,0,1200,0.8120000000000001,528924.9275420654,1909859.317102744,2,2,1200,98.94799492389429,0.8398966667290422,0.7727049333907189,556.9737758180554,614899.0485031332,0.0005249354167056515,0.0004829405833691994,0.92,4.199483333645212e-05,21963382.14668155,1757070.571734524,2285995.499276589,277.6514272453006,922.3485727546998,1200,0.0004829405833691994,-7.58601294416523
0.8129999999999999,0.8398966667290422,0.7727049333907189,556.9737758180554,614899.0485031332,2,0.0005249354167056515,0.0004829405833691994,0.92,4.199483333645212e-05,21963382.14668155,1757070.571734524,2285995.499276589,98.94799492389429,-7.58601294416523,277.6514272453006,922.3485727546998,0,0,528924.9275420654,1909859.317102744,0,0,1200,0.8129999999999999,528924.9275420654,1909859.317102744,2,2,1200,98.94799492389429,0.8398966667290422,0.7727049333907189,556.9737758180554,614899.0485031332,0.0005249354167056515,0.0004829405833691994,0.92,4.199483333645212e-05,21963382.14668155,1757070.571734524,2285995.499276589,277.6514272453006,922.3485727546998,1200,0.0004829405833691994,-7.58601294416523
0.8139999999999999,0.8398966667290422,0.7727049333907189,556.9737758180554,614899.0485031332,2,0.0005249354167056515,0.0004829405833691994,0.92,4.199483333645212e-05,21963382.14668155,1757070.571734524,2285995.499276589,98.94799492389429,-7.58601294416523,277.6514272453006,922.3485727546998,0,0,528924.9275420654,1909859.317102744,0,0,1200,0.8139999999999999,528924.9275420654,1909859.317102744,2,2,1200,98.94799492389429,0.8398966667290422,0.7727049333907189,556.9737758180554,614899.0485031332,0.0005249354167056515,0.0004829405833691994,0.92,4.199483333645212e-05,21963382.14668155,1757070.571734524,2285995.499276589,277.6514272453006,922.3485727546998,1200,0.0004829405833691994,-7.58601294416523
0.8149999999999999,0.8398966667290422,0.7727049333907189,556.9737758180554,614899.0485031332,2,0.0005249354167056515,0.0004829405833691994,0.92,4.199483333645212e-05,21963382.14668155,1757070.571734524,2285995.499276589,98.94799492389429,-7.58601294416523,277.6514272453006,922.3485727546998,0,0,528924.9275420654,1909859.317102744,0,0,1200,0.8149999999999999,528924.9275420654,1909859.317102744,2,2,1200,98.94799492389429,0.8398966667290422,0.7727049333907189,556.9737758180554,614899.0485031332,0.0005249354167056515,0.0004829405833691994,0.92,4.199483333645212e-05,21963382.14668155,1757070.571734524,2285995.499276589,277.6514272453006,922.3485727546998,1200,0.0004829405833691994,-7.58601294416523
0.8159999999999999,0.8398966667290422,0.7727049333907189,556.9737758180554,614899.0485031332,2,0.0005249354167056515,0.0004829405833691994,0.92,4.199483333645212e-05,21963382.14668155,1757070.571734524,2285995.499276589,98.94799492389429,-7.58601294416523,277.6514272453006,922.3485727546998,0,0,528924.9275420654,1909859.317102744,0,0,1200,0.8159999999999999,528924.9275420654,1909859.317102744,2,2,1200,98.94799492389429,0.8398966667290422,0.7727049333907189,556.9737758180554,614899.0485031332,0.0005249354167056515,0.0004829405833691994,0.92,4.199483333645212e-05,21963382.14668155,1757070.571734524,2285995.499276589,277.6514272453006,922.3485727546998,1200,0.0004829405833691994,-7.58601294416523
0.8169999999999999,0.8398966667290422,0.7727049333907189,556.9737758180554,614899.0485031332,2,0.0005249354167056515,0.0004829405833691994,0.92,4.199483333645212e-05,21963382.14668155,1757070.571734524,2285995.499276589,98.94799492389429,-7.58601294416523,277.6514272453006,922.3485727546998,0,0,528924.9275420654,1909859.317102744,0,0,1200,0.8169999999999999,528924.9275420654,1909859.317102744,2,2,1200,98.94799492389429,0.8398966667290422,0.7727049333907189,556.9737758180554,614899.0485031332,0.0005249354167056515,0.0004829405833691994,0.92,4.199483333645212e-05,21963382.14668155,1757070.571734524,2285995.499276589,277.6514272453006,922.3485727546998,1200,0.0004829405833691994,-7.58601294416523
0.8179999999999999,0.8398966667290422,0.7727049333907189,556.9737758180554,614899.0485031332,2,0.0005249354167056515,0.0004829405833691994,0.92,4.199483333645212e-05,21963382.14668155,1757070.571734524,2285995.499276589,98.94799492389429,-7.58601294416523,277.6514272453006,922.3485727546998,0,0,528924.9275420654,1909859.317102744,0,0,1200,0.8179999999999999,528924.9275420654,1909859.317102744,2,2,1200,98.94799492389429,0.8398966667290422,0.7727049333907189,556.9737758180554,614899.0485031332,0.0005249354167056515,0.0004829405833691994,0.92,4.199483333645212e-05,21963382.14668155,1757070.571734524,2285995.499276589,277.6514272453006,922.3485727546998,1200,0.0004829405833691994,-7.58601294416523
0.819,0.8398966667290422,0.7727049333907189,556.9737758180554,614899.0485031332,2,0.0005249354167056515,0.0004829405833691994,0.92,4.199483333645212e-05,21963382.14668155,1757070.571734524,2285995.499276589,98.94799492389429,-7.58601294416523,277.6514272453006,922.3485727546998,0,0,528924.9275420654,1909859.317102744,0,0,1200,0.819,528924.9275420654,1909859.317102744,2,2,1200,98.94799492389429,0.8398966667290422,0.7727049333907189,556.9737758180554,614899.0485031332,0.0005249354167056515,0.0004829405833691994,0.92,4.199483333645212e-05,21963382.14668155,1757070.571734524,2285995.499276589,277.6514272453006,922.3485727546998,1200,0.0004829405833691994,-7.58601294416523
0.82,0.8398966667290422,0.7727049333907189,556.9737758180554,614899.0485031332,2,0.0005249354167056515,0.0004829405833691994,0.92,4.199483333645212e-05,21963382.14668155,1757070.571734524,2285995.499276589,98.94799492389429,-7.58601294416523,277.6514272453006,922.3485727546998,0,0,528924.9275420654,1909859.317102744,0,0,1200,0.82,528924.9275420654,1909859.317102744,2,2,1200,98.94799492389429,0.8398966667290422,0.7727049333907189,556.9737758180554,614899.0485031332,0.0005249354167056515,0.0004829405833691994,0.92,4.199483333645212e-05,21963382.14668155,1757070.571734524,2285995.499276589,277.6514272453006,922.3485727546998,1200,0.0004829405833691994,-7.58601294416523
0.821,0.8398966667290422,0.7727049333907189,556.9737758180554,614899.0485031332,2,0.0005249354167056515,0.0004829405833691994,0.92,4.199483333645212e-05,21963382.14668155,1757070.571734524,2285995.499276589,98.94799492389429,-7.58601294416523,277.6514272453006,922.3485727546998,0,0,528924.9275420654,1909859.317102744,0,0,1200,0.821,528924.9275420654,1909859.317102744,2,2,1200,98.94799492389429,0.8398966667290422,0.7727049333907189,556.9737758180554,614899.0485031332,0.0005249354167056515,0.0004829405833691994,0.92,4.199483333645212e-05,21963382.14668155,1757070.571734524,2285995.499276589,277.6514272453006,922.3485727546998,1200,0.0004829405833691994,-7.58601294416523
0.822,0.8398966667290422,0.7727049333907189,556.9737758180554,614899.0485031332,2,0.0005249354167056515,0.0004829405833691994,0.92,4.199483333645212e-05,21963382.14668155,1757070.571734524,2285995.499276589,98.94799492389429,-7.58601294416523,277.6514272453006,922.3485727546998,0,0,528924.9275420654,1909859.317102744,0,0,1200,0.822,528924.9275420654,1909859.317102744,2,2,1200,98.94799492389429,0.8398966667290422,0.7727049333907189,556.9737758180554,614899.0485031332,0.0005249354167056515,0.0004829405833691994,0.92,4.199483333645212e-05,21963382.14668155,1757070.571734524,2285995.499276589,277.6514272453006,922.3485727546998,1200,0.0004829405833691994,-7.58601294416523
0.823,0.8398966667290422,0.7727049333907189,556.9737758180554,614899.0485031332,2,0.0005249354167056515,0.0004829405833691994,0.92,4.199483333645212e-05,21963382.14668155,1757070.571734524,2285995.499276589,98.94799492389429,-7.58601294416523,277.6514272453006,922.3485727546998,0,0,528924.9275420654,1909859.317102744,0,0,1200,0.823,528924.9275420654,1909859.317102744,2,2,1200,98.94799492389429,0.8398966667290422,0.7727049333907189,556.9737758180554,614899.0485031332,0.0005249354167056515,0.0004829405833691994,0.92,4.199483333645212e-05,21963382.14668155,1757070.571734524,2285995.499276589,277.6514272453006,922.3485727546998,1200,0.0004829405833691994,-7.58601294416523
0.824,0.8398966667290422,0.7727049333907189,556.9737758180554,614899.0485031332,2,0.0005249354167056515,0.0004829405833691994,0.92,4.199483333645212e-05,21963382.14668155,1757070.571734524,2285995.499276589,98.94799492389429,-7.58601294416523,277.6514272453006,922.3485727546998,0,0,528924.9275420654,1909859.317102744,0,0,1200,0.824,528924.9275420654,1909859.317102744,2,2,1200,98.94799492389429,0.8398966667290422,0.7727049333907189,556.9737758180554,614899.0485031332,0.0005249354167056515,0.0004829405833691994,0.92,4.199483333645212e-05,21963382.14668155,1757070.571734524,2285995.499276589,277.6514272453006,922.3485727546998,1200,0.0004829405833691994,-7.58601294416523
0.825,0.8398966667290422,0.7727049333907189,556.9737758180554,614899.0485031332,2,0.0005249354167056515,0.0004829405833691994,0.92,4.199483333645212e-05,21963382.14668155,1757070.571734524,2285995.499276589,98.94799492389429,-7.58601294416523,277.6514272453006,922.3485727546998,0,0,528924.9275420654,1909859.317102744,0,0,1200,0.825,528924.9275420654,1909859.317102744,2,2,1200,98.94799492389429,0.8398966667290422,0.7727049333907189,556.9737758180554,614899.0485031332,0.0005249354167056515,0.0004829405833691994,0.92,4.199483333645212e-05,21963382.14668155,1757070.571734524,2285995.499276589,277.6514272453006,922.3485727546998,1200,0.0004829405833691994,-7.58601294416523
0.826,0.8398966667290422,0.7727049333907189,556.9737758180554,614899.0485031332,2,0.0005249354167056515,0.0004829405833691994,0.92,4.199483333645212e-05,21963382.14668155,1757070.571734524,2285995.499276589,98.94799492389429,-7.58601294416523,277.6514272453006,922.3485727546998,0,0,528924.9275420654,1909859.317102744,0,0,1200,0.826,528924.9275420654,1909859.317102744,2,2,1200,98.94799492389429,0.8398966667290422,0.7727049333907189,556.9737758180554,614899.0485031332,0.0005249354167056515,0.0004829405833691994,0.92,4.199483333645212e-05,21963382.14668155,1757070.571734524,2285995.499276589,277.6514272453006,922.3485727546998,1200,0.0004829405833691994,-7.58601294416523
0.827,0.8398966667290422,0.7727049333907189,556.9737758180554,614899.0485031332,2,0.0005249354167056515,0.0004829405833691994,0.92,4.199483333645212e-05,21963382.14668155,1757070.571734524,2285995.499276589,98.94799492389429,-7.58601294416523,277.6514272453006,922.3485727546998,0,0,528924.9275420654,1909859.317102744,0,0,1200,0.827,528924.9275420654,1909859.317102744,2,2,1200,98.94799492389429,0.8398966667290422,0.7727049333907189,556.9737758180554,614899.0485031332,0.0005249354167056515,0.0004829405833691994,0.92,4.199483333645212e-05,21963382.14668155,1757070.571734524,2285995.499276589,277.6514272453006,922.3485727546998,1200,0.0004829405833691994,-7.58601294416523
0.828,0.8398966667290422,0.7727049333907189,556.9737758180554,614899.0485031332,2,0.0005249354167056515,0.0004829405833691994,0.92,4.199483333645212e-05,21963382.14668155,1757070.571734524,2285995.499276589,98.94799492389429,-7.58601294416523,277.6514272453006,922.3485727546998,0,0,528924.9275420654,1909859.317102744,0,0,1200,0.828,528924.9275420654,1909859.317102744,2,2,1200,98.94799492389429,0.8398966667290422,0.7727049333907189,556.9737758180554,614899.0485031332,0.0005249354167056515,0.0004829405833691994,0.92,4.199483333645212e-05,21963382.14668155,1757070.571734524,2285995.499276589,277.6514272453006,922.3485727546998,1200,0.0004829405833691994,-7.58601294416523
0.829,0.8398966667290422,0.7727049333907189,556.9737758180554,614899.0485031332,2,0.0005249354167056515,0.0004829405833691994,0.92,4.199483333645212e-05,21963382.14668155,1757070.571734524,2285995.499276589,98.94799492389429,-7.58601294416523,277.6514272453006,922.3485727546998,0,0,528924.9275420654,1909859.317102744,0,0,1200,0.829,528924.9275420654,1909859.317102744,2,2,1200,98.94799492389429,0.8398966667290422,0.7727049333907189,556.9737758180554,614899.0485031332,0.0005249354167056515,0.0004829405833691994,0.92,4.199483333645212e-05,21963382.14668155,1757070.571734524,2285995.499276589,277.6514272453006,922.3485727546998,1200,0.0004829405833691994,-7.58601294416523
0.83,0.8398966667290422,0.7727049333907189,556.9737758180554,614899.0485031332,2,0.0005249354167056515,0.0004829405833691994,0.92,4.199483333645212e-05,21963382.14668155,1757070.571734524,2285995.499276589,98.94799492389429,-7.58601294416523,277.6514272453006,922.3485727546998,0,0,528924.9275420654,1909859.317102744,0,0,1200,0.83,528924.9275420654,1909859.317102744,2,2,1200,98.94799492389429,0.8398966667290422,0.7727049333907189,556.9737758180554,614899.0485031332,0.0005249354167056515,0.0004829405833691994,0.92,4.199483333645212e-05,21963382.14668155,1757070.571734524,2285995.499276589,277.6514272453006,922.3485727546998,1200,0.0004829405833691994,-7.58601294416523
0.831,0.8398966667290422,0.7727049333907189,556.9737758180554,614899.0485031332,2,0.0005249354167056515,0.0004829405833691994,0.92,4.199483333645212e-05,21963382.14668155,1757070.571734524,2285995.499276589,98.94799492389429,-7.58601294416523,277.6514272453006,922.3485727546998,0,0,528924.9275420654,1909859.317102744,0,0,1200,0.831,528924.9275420654,1909859.317102744,2,2,1200,98.94799492389429,0.8398966667290422,0.7727049333907189,556.9737758180554,614899.0485031332,0.0005249354167056515,0.0004829405833691994,0.92,4.199483333645212e-05,21963382.14668155,1757070.571734524,2285995.499276589,277.6514272453006,922.3485727546998,1200,0.0004829405833691994,-7.58601294416523
0.832,0.8398966667290422,0.7727049333907189,556.9737758180554,614899.0485031332,2,0.0005249354167056515,0.0004829405833691994,0.92,4.199483333645212e-05,21963382.14668155,1757070.571734524,2285995.499276589,98.94799492389429,-7.58601294416523,277.6514272453006,922.3485727546998,0,0,528924.9275420654,1909859.317102744,0,0,1200,0.832,528924.9275420654,1909859.317102744,2,2,1200,98.94799492389429,0.8398966667290422,0.7727049333907189,556.9737758180554,614899.0485031332,0.0005249354167056515,0.0004829405833691994,0.92,4.199483333645212e-05,21963382.14668155,1757070.571734524,2285995.499276589,277.6514272453006,922.3485727546998,1200,0.0004829405833691994,-7.58601294416523
0.833,0.8398966667290422,0.7727049333907189,556.9737758180554,614899.0485031332,2,0.0005249354167056515,0.0004829405833691994,0.92,4.199483333645212e-05,21963382.14668155,1757070.571734524,2285995.499276589,98.94799492389429,-7.58601294416523,277.6514272453006,922.3485727546998,0,0,528924.9275420654,1909859.317102744,0,0,1200,0.833,528924.9275420654,1909859.317102744,2,2,1200,98.94799492389429,0.8398966667290422,0.7727049333907189,556.9737758180554,614899.0485031332,0.0005249354167056515,0.0004829405833691994,0.92,4.199483333645212e-05,21963382.14668155,1757070.571734524,2285995.499276589,277.6514272453006,922.3485727546998,1200,0.0004829405833691994,-7.58601294416523
0.834,0.8398966667290422,0.7727049333907189,556.9737758180554,614899.0485031332,2,0.0005249354167056515,0.0004829405833691994,0.92,4.199483333645212e-05,21963382.14668155,1757070.571734524,2285995.499276589,98.94799492389429,-7.58601294416523,277.6514272453006,922.3485727546998,0,0,528924.9275420654,1909859.317102744,0,0,1200,0.834,528924.9275420654,1909859.317102744,2,2,1200,98.94799492389429,0.8398966667290422,0.7727049333907189,556.9737758180554,614899.0485031332,0.0005249354167056515,0.0004829405833691994,0.92,4.199483333645212e-05,21963382.14668155,1757070.571734524,2285995.499276589,277.6514272453006,922.3485727546998,1200,0.0004829405833691994,-7.58601294416523
0.835,0.8398966667290422,0.7727049333907189,556.9737758180554,614899.0485031332,2,0.0005249354167056515,0.0004829405833691994,0.92,4.199483333645212e-05,21963382.14668155,1757070.571734524,2285995.499276589,98.94799492389429,-7.58601294416523,277.6514272453006,922.3485727546998,0,0,528924.9275420654,1909859.317102744,0,0,1200,0.835,528924.9275420654,1909859.317102744,2,2,1200,98.94799492389429,0.8398966667290422,0.7727049333907189,556.9737758180554,614899.0485031332,0.0005249354167056515,0.0004829405833691994,0.92,4.199483333645212e-05,21963382.14668155,1757070.571734524,2285995.499276589,277.6514272453006,922.3485727546998,1200,0.0004829405833691994,-7.58601294416523
0.836,0.8398966667290422,0.7727049333907189,556.9737758180554,614899.0485031332,2,0.0005249354167056515,0.0004829405833691994,0.92,4.199483333645212e-05,21963382.14668155,1757070.571734524,2285995.499276589,98.94799492389429,-7.58601294416523,277.6514272453006,922.3485727546998,0,0,528924.9275420654,1909859.317102744,0,0,1200,0.836,528924.9275420654,1909859.317102744,2,2,1200,98.94799492389429,0.8398966667290422,0.7727049333907189,556.9737758180554,614899.0485031332,0.0005249354167056515,0.0004829405833691994,0.92,4.199483333645212e-05,21963382.14668155,1757070.571734524,2285995.499276589,277.6514272453006,922.3485727546998,1200,0.0004829405833691994,-7.58601294416523
0.837,0.8398966667290422,0.7727049333907189,556.9737758180554,614899.0485031332,2,0.0005249354167056515,0.0004829405833691994,0.92,4.199483333645212e-05,21963382.14668155,1757070.571734524,2285995.499276589,98.94799492389429,-7.58601294416523,277.6514272453006,922.3485727546998,0,0,528924.9275420654,1909859.317102744,0,0,1200,0.837,528924.9275420654,1909859.317102744,2,2,1200,98.94799492389429,0.8398966667290422,0.7727049333907189,556.9737758180554,614899.0485031332,0.0005249354167056515,0.0004829405833691994,0.92,4.199483333645212e-05,21963382.14668155,1757070.571734524,2285995.499276589,277.6514272453006,922.3485727546998,1200,0.0004829405833691994,-7.58601294416523
0.838,0.8398966667290422,0.7727049333907189,556.9737758180554,614899.0485031332,2,0.0005249354167056515,0.0004829405833691994,0.92,4.199483333645212e-05,21963382.14668155,1757070.571734524,2285995.499276589,98.94799492389429,-7.58601294416523,277.6514272453006,922.3485727546998,0,0,528924.9275420654,1909859.317102744,0,0,1200,0.838,528924.9275420654,1909859.317102744,2,2,1200,98.94799492389429,0.8398966667290422,0.7727049333907189,556.9737758180554,614899.0485031332,0.0005249354167056515,0.0004829405833691994,0.92,4.199483333645212e-05,21963382.14668155,1757070.571734524,2285995.499276589,277.6514272453006,922.3485727546998,1200,0.0004829405833691994,-7.58601294416523
0.839,0.8398966667290422,0.7727049333907189,556.9737758180554,614899.0485031332,2,0.0005249354167056515,0.0004829405833691994,0.92,4.199483333645212e-05,21963382.14668155,1757070.571734524,2285995.499276589,98.94799492389429,-7.58601294416523,277.6514272453006,922.3485727546998,0,0,528924.9275420654,1909859.317102744,0,0,1200,0.839,528924.9275420654,1909859.317102744,2,2,1200,98.94799492389429,0.8398966667290422,0.7727049333907189,556.9737758180554,614899.0485031332,0.0005249354167056515,0.0004829405833691994,0.92,4.199483333645212e-05,21963382.14668155,1757070.571734524,2285995.499276589,277.6514272453006,922.3485727546998,1200,0.0004829405833691994,-7.58601294416523
0.84,0.8398966667290422,0.7727049333907189,556.9737758180554,614899.0485031332,2,0.0005249354167056515,0.0004829405833691994,0.92,4.199483333645212e-05,21963382.14668155,1757070.571734524,2285995.499276589,98.94799492389429,-7.58601294416523,277.6514272453006,922.3485727546998,0,0,528924.9275420654,1909859.317102744,0,0,1200,0.84,528924.9275420654,1909859.317102744,2,2,1200,98.94799492389429,0.8398966667290422,0.7727049333907189,556.9737758180554,614899.0485031332,0.0005249354167056515,0.0004829405833691994,0.92,4.199483333645212e-05,21963382.14668155,1757070.571734524,2285995.499276589,277.6514272453006,922.3485727546998,1200,0.0004829405833691994,-7.58601294416523
0.841,0.8398966667290422,0.7727049333907189,556.9737758180554,614899.0485031332,2,0.0005249354167056515,0.0004829405833691994,0.92,4.199483333645212e-05,21963382.14668155,1757070.571734524,2285995.499276589,98.94799492389429,-7.58601294416523,277.6514272453006,922.3485727546998,0,0,528924.9275420654,1909859.317102744,0,0,1200,0.841,528924.9275420654,1909859.317102744,2,2,1200,98.94799492389429,0.8398966667290422,0.7727049333907189,556.9737758180554,614899.0485031332,0.0005249354167056515,0.0004829405833691994,0.92,4.199483333645212e-05,21963382.14668155,1757070.571734524,2285995.499276589,277.6514272453006,922.3485727546998,1200,0.0004829405833691994,-7.58601294416523
0.842,0.8398966667290422,0.7727049333907189,556.9737758180554,614899.0485031332,2,0.0005249354167056515,0.0004829405833691994,0.92,4.199483333645212e-05,21963382.14668155,1757070.571734524,2285995.499276589,98.94799492389429,-7.58601294416523,277.6514272453006,922.3485727546998,0,0,528924.9275420654,1909859.317102744,0,0,1200,0.842,528924.9275420654,1909859.317102744,2,2,1200,98.94799492389429,0.8398966667290422,0.7727049333907189,556.9737758180554,614899.0485031332,0.0005249354167056515,0.0004829405833691994,0.92,4.199483333645212e-05,21963382.14668155,1757070.571734524,2285995.499276589,277.6514272453006,922.3485727546998,1200,0.0004829405833691994,-7.58601294416523
0.843,0.8398966667290422,0.7727049333907189,556.9737758180554,614899.0485031332,2,0.0005249354167056515,0.0004829405833691994,0.92,4.199483333645212e-05,21963382.14668155,1757070.571734524,2285995.499276589,98.94799492389429,-7.58601294416523,277.6514272453006,922.3485727546998,0,0,528924.9275420654,1909859.317102744,0,0,1200,0.843,528924.9275420654,1909859.317102744,2,2,1200,98.94799492389429,0.8398966667290422,0.7727049333907189,556.9737758180554,614899.0485031332,0.0005249354167056515,0.0004829405833691994,0.92,4.199483333645212e-05,21963382.14668155,1757070.571734524,2285995.499276589,277.6514272453006,922.3485727546998,1200,0.0004829405833691994,-7.58601294416523
0.844,0.8398966667290422,0.7727049333907189,556.9737758180554,614899.0485031332,2,0.0005249354167056515,0.0004829405833691994,0.92,4.199483333645212e-05,21963382.14668155,1757070.571734524,2285995.499276589,98.94799492389429,-7.58601294416523,277.6514272453006,922.3485727546998,0,0,528924.9275420654,1909859.317102744,0,0,1200,0.844,528924.9275420654,1909859.317102744,2,2,1200,98.94799492389429,0.8398966667290422,0.7727049333907189,556.9737758180554,614899.0485031332,0.0005249354167056515,0.0004829405833691994,0.92,4.199483333645212e-05,21963382.14668155,1757070.571734524,2285995.499276589,277.6514272453006,922.3485727546998,1200,0.0004829405833691994,-7.58601294416523
0.845,0.8398966667290422,0.7727049333907189,556.9737758180554,614899.0485031332,2,0.0005249354167056515,0.0004829405833691994,0.92,4.199483333645212e-05,21963382.14668155,1757070.571734524,2285995.499276589,98.94799492389429,-7.58601294416523,277.6514272453006,922.3485727546998,0,0,528924.9275420654,1909859.317102744,0,0,1200,0.845,528924.9275420654,1909859.317102744,2,2,1200,98.94799492389429,0.8398966667290422,0.7727049333907189,556.9737758180554,614899.0485031332,0.0005249354167056515,0.0004829405833691994,0.92,4.199483333645212e-05,21963382.14668155,1757070.571734524,2285995.499276589,277.6514272453006,922.3485727546998,1200,0.0004829405833691994,-7.58601294416523
0.846,0.8398966667290422,0.7727049333907189,556.9737758180554,614899.0485031332,2,0.0005249354167056515,0.0004829405833691994,0.92,4.199483333645212e-05,21963382.14668155,1757070.571734524,2285995.499276589,98.94799492389429,-7.58601294416523,277.6514272453006,922.3485727546998,0,0,528924.9275420654,1909859.317102744,0,0,1200,0.846,528924.9275420654,1909859.317102744,2,2,1200,98.94799492389429,0.8398966667290422,0.7727049333907189,556.9737758180554,614899.0485031332,0.0005249354167056515,0.0004829405833691994,0.92,4.199483333645212e-05,21963382.14668155,1757070.571734524,2285995.499276589,277.6514272453006,922.3485727546998,1200,0.0004829405833691994,-7.58601294416523
0.847,0.8398966667290422,0.7727049333907189,556.9737758180554,614899.0485031332,2,0.0005249354167056515,0.0004829405833691994,0.92,4.199483333645212e-05,21963382.14668155,1757070.571734524,2285995.499276589,98.94799492389429,-7.58601294416523,277.6514272453006,922.3485727546998,0,0,528924.9275420654,1909859.317102744,0,0,1200,0.847,528924.9275420654,1909859.317102744,2,2,1200,98.94799492389429,0.8398966667290422,0.7727049333907189,556.9737758180554,614899.0485031332,0.0005249354167056515,0.0004829405833691994,0.92,4.199483333645212e-05,21963382.14668155,1757070.571734524,2285995.499276589,277.6514272453006,922.3485727546998,1200,0.0004829405833691994,-7.58601294416523
0.848,0.8398966667290422,0.7727049333907189,556.9737758180554,614899.0485031332,2,0.0005249354167056515,0.0004829405833691994,0.92,4.199483333645212e-05,21963382.14668155,1757070.571734524,2285995.499276589,98.94799492389429,-7.58601294416523,277.6514272453006,922.3485727546998,0,0,528924.9275420654,1909859.317102744,0,0,1200,0.848,528924.9275420654,1909859.317102744,2,2,1200,98.94799492389429,0.8398966667290422,0.7727049333907189,556.9737758180554,614899.0485031332,0.0005249354167056515,0.0004829405833691994,0.92,4.199483333645212e-05,21963382.14668155,1757070.571734524,2285995.499276589,277.6514272453006,922.3485727546998,1200,0.0004829405833691994,-7.58601294416523
0.849,0.8398966667290422,0.7727049333907189,556.9737758180554,614899.0485031332,2,0.0005249354167056515,0.0004829405833691994,0.92,4.199483333645212e-05,21963382.14668155,1757070.571734524,2285995.499276589,98.94799492389429,-7.58601294416523,277.6514272453006,922.3485727546998,0,0,528924.9275420654,1909859.317102744,0,0,1200,0.849,528924.9275420654,1909859.317102744,2,2,1200,98.94799492389429,0.8398966667290422,0.7727049333907189,556.9737758180554,614899.0485031332,0.0005249354167056515,0.0004829405833691994,0.92,4.199483333645212e-05,21963382.14668155,1757070.571734524,2285995.499276589,277.6514272453006,922.3485727546998,1200,0.0004829405833691994,-7.58601294416523
0.85,0.8398966667290422,0.7727049333907189,556.9737758180554,614899.0485031332,2,0.0005249354167056515,0.0004829405833691994,0.92,4.199483333645212e-05,21963382.14668155,1757070.571734524,2285995.499276589,98.94799492389429,-7.58601294416523,277.6514272453006,922.3485727546998,0,0,528924.9275420654,1909859.317102744,0,0,1200,0.85,528924.9275420654,1909859.317102744,2,2,1200,98.94799492389429,0.8398966667290422,0.7727049333907189,556.9737758180554,614899.0485031332,0.0005249354167056515,0.0004829405833691994,0.92,4.199483333645212e-05,21963382.14668155,1757070.571734524,2285995.499276589,277.6514272453006,922.3485727546998,1200,0.0004829405833691994,-7.58601294416523
0.851,0.8398966667290422,0.7727049333907189,556.9737758180554,614899.0485031332,2,0.0005249354167056515,0.0004829405833691994,0.92,4.199483333645212e-05,21963382.14668155,1757070.571734524,2285995.499276589,98.94799492389429,-7.58601294416523,277.6514272453006,922.3485727546998,0,0,528924.9275420654,1909859.317102744,0,0,1200,0.851,528924.9275420654,1909859.317102744,2,2,1200,98.94799492389429,0.8398966667290422,0.7727049333907189,556.9737758180554,614899.0485031332,0.0005249354167056515,0.0004829405833691994,0.92,4.199483333645212e-05,21963382.14668155,1757070.571734524,2285995.499276589,277.6514272453006,922.3485727546998,1200,0.0004829405833691994,-7.58601294416523
0.852,0.8398966667290422,0.7727049333907189,556.9737758180554,614899.0485031332,2,0.0005249354167056515,0.0004829405833691994,0.92,4.199483333645212e-05,21963382.14668155,1757070.571734524,2285995.499276589,98.94799492389429,-7.58601294416523,277.6514272453006,922.3485727546998,0,0,528924.9275420654,1909859.317102744,0,0,1200,0.852,528924.9275420654,1909859.317102744,2,2,1200,98.94799492389429,0.8398966667290422,0.7727049333907189,556.9737758180554,614899.0485031332,0.0005249354167056515,0.0004829405833691994,0.92,4.199483333645212e-05,21963382.14668155,1757070.571734524,2285995.499276589,277.6514272453006,922.3485727546998,1200,0.0004829405833691994,-7.58601294416523
0.853,0.8398966667290422,0.7727049333907189,556.9737758180554,614899.0485031332,2,0.0005249354167056515,0.0004829405833691994,0.92,4.199483333645212e-05,21963382.14668155,1757070.571734524,2285995.499276589,98.94799492389429,-7.58601294416523,277.6514272453006,922.3485727546998,0,0,528924.9275420654,1909859.317102744,0,0,1200,0.853,528924.9275420654,1909859.317102744,2,2,1200,98.94799492389429,0.8398966667290422,0.7727049333907189,556.9737758180554,614899.0485031332,0.0005249354167056515,0.0004829405833691994,0.92,4.199483333645212e-05,21963382.14668155,1757070.571734524,2285995.499276589,277.6514272453006,922.3485727546998,1200,0.0004829405833691994,-7.58601294416523
0.854,0.8398966667290422,0.7727049333907189,556.9737758180554,614899.0485031332,2,0.0005249354167056515,0.0004829405833691994,0.92,4.199483333645212e-05,21963382.14668155,1757070.571734524,2285995.499276589,98.94799492389429,-7.58601294416523,277.6514272453006,922.3485727546998,0,0,528924.9275420654,1909859.317102744,0,0,1200,0.854,528924.9275420654,1909859.317102744,2,2,1200,98.94799492389429,0.8398966667290422,0.7727049333907189,556.9737758180554,614899.0485031332,0.0005249354167056515,0.0004829405833691994,0.92,4.199483333645212e-05,21963382.14668155,1757070.571734524,2285995.499276589,277.6514272453006,922.3485727546998,1200,0.0004829405833691994,-7.58601294416523
0.855,0.8398966667290422,0.7727049333907189,556.9737758180554,614899.0485031332,2,0.0005249354167056515,0.0004829405833691994,0.92,4.199483333645212e-05,21963382.14668155,1757070.571734524,2285995.499276589,98.94799492389429,-7.58601294416523,277.6514272453006,922.3485727546998,0,0,528924.9275420654,1909859.317102744,0,0,1200,0.855,528924.9275420654,1909859.317102744,2,2,1200,98.94799492389429,0.8398966667290422,0.7727049333907189,556.9737758180554,614899.0485031332,0.0005249354167056515,0.0004829405833691994,0.92,4.199483333645212e-05,21963382.14668155,1757070.571734524,2285995.499276589,277.6514272453006,922.3485727546998,1200,0.0004829405833691994,-7.58601294416523
0.856,0.8398966667290422,0.7727049333907189,556.9737758180554,614899.0485031332,2,0.0005249354167056515,0.0004829405833691994,0.92,4.199483333645212e-05,21963382.14668155,1757070.571734524,2285995.499276589,98.94799492389429,-7.58601294416523,277.6514272453006,922.3485727546998,0,0,528924.9275420654,1909859.317102744,0,0,1200,0.856,528924.9275420654,1909859.317102744,2,2,1200,98.94799492389429,0.8398966667290422,0.7727049333907189,556.9737758180554,614899.0485031332,0.0005249354167056515,0.0004829405833691994,0.92,4.199483333645212e-05,21963382.14668155,1757070.571734524,2285995.499276589,277.6514272453006,922.3485727546998,1200,0.0004829405833691994,-7.58601294416523
0.857,0.8398966667290422,0.7727049333907189,556.9737758180554,614899.0485031332,2,0.0005249354167056515,0.0004829405833691994,0.92,4.199483333645212e-05,21963382.14668155,1757070.571734524,2285995.499276589,98.94799492389429,-7.58601294416523,277.6514272453006,922.3485727546998,0,0,528924.9275420654,1909859.317102744,0,0,1200,0.857,528924.9275420654,1909859.317102744,2,2,1200,98.94799492389429,0.8398966667290422,0.7727049333907189,556.9737758180554,614899.0485031332,0.0005249354167056515,0.0004829405833691994,0.92,4.199483333645212e-05,21963382.14668155,1757070.571734524,2285995.499276589,277.6514272453006,922.3485727546998,1200,0.0004829405833691994,-7.58601294416523
0.858,0.8398966667290422,0.7727049333907189,556.9737758180554,614899.0485031332,2,0.0005249354167056515,0.0004829405833691994,0.92,4.199483333645212e-05,21963382.14668155,1757070.571734524,2285995.499276589,98.94799492389429,-7.58601294416523,277.6514272453006,922.3485727546998,0,0,528924.9275420654,1909859.317102744,0,0,1200,0.858,528924.9275420654,1909859.317102744,2,2,1200,98.94799492389429,0.8398966667290422,0.7727049333907189,556.9737758180554,614899.0485031332,0.0005249354167056515,0.0004829405833691994,0.92,4.199483333645212e-05,21963382.14668155,1757070.571734524,2285995.499276589,277.6514272453006,922.3485727546998,1200,0.0004829405833691994,-7.58601294416523
0.859,0.8398966667290422,0.7727049333907189,556.9737758180554,614899.0485031332,2,0.0005249354167056515,0.0004829405833691994,0.92,4.199483333645212e-05,21963382.14668155,1757070.571734524,2285995.499276589,98.94799492389429,-7.58601294416523,277.6514272453006,922.3485727546998,0,0,528924.9275420654,1909859.317102744,0,0,1200,0.859,528924.9275420654,1909859.317102744,2,2,1200,98.94799492389429,0.8398966667290422,0.7727049333907189,556.9737758180554,614899.0485031332,0.0005249354167056515,0.0004829405833691994,0.92,4.199483333645212e-05,21963382.14668155,1757070.571734524,2285995.499276589,277.6514272453006,922.3485727546998,1200,0.0004829405833691994,-7.58601294416523
0.86,0.8398966667290422,0.7727049333907189,556.9737758180554,614899.0485031332,2,0.0005249354167056515,0.0004829405833691994,0.92,4.199483333645212e-05,21963382.14668155,1757070.571734524,2285995.499276589,98.94799492389429,-7.58601294416523,277.6514272453006,922.3485727546998,0,0,528924.9275420654,1909859.317102744,0,0,1200,0.86,528924.9275420654,1909859.317102744,2,2,1200,98.94799492389429,0.8398966667290422,0.7727049333907189,556.9737758180554,614899.0485031332,0.0005249354167056515,0.0004829405833691994,0.92,4.199483333645212e-05,21963382.14668155,1757070.571734524,2285995.499276589,277.6514272453006,922.3485727546998,1200,0.0004829405833691994,-7.58601294416523
0.861,0.8398966667290422,0.7727049333907189,556.9737758180554,614899.0485031332,2,0.0005249354167056515,0.0004829405833691994,0.92,4.199483333645212e-05,21963382.14668155,1757070.571734524,2285995.499276589,98.94799492389429,-7.58601294416523,277.6514272453006,922.3485727546998,0,0,528924.9275420654,1909859.317102744,0,0,1200,0.861,528924.9275420654,1909859.317102744,2,2,1200,98.94799492389429,0.8398966667290422,0.7727049333907189,556.9737758180554,614899.0485031332,0.0005249354167056515,0.0004829405833691994,0.92,4.199483333645212e-05,21963382.14668155,1757070.571734524,2285995.499276589,277.6514272453006,922.3485727546998,1200,0.0004829405833691994,-7.58601294416523
0.862,0.8398966667290422,0.7727049333907189,556.9737758180554,614899.0485031332,2,0.0005249354167056515,0.0004829405833691994,0.92,4.199483333645212e-05,21963382.14668155,1757070.571734524,2285995.499276589,98.94799492389429,-7.58601294416523,277.6514272453006,922.3485727546998,0,0,528924.9275420654,1909859.317102744,0,0,1200,0.862,528924.9275420654,1909859.317102744,2,2,1200,98.94799492389429,0.8398966667290422,0.7727049333907189,556.9737758180554,614899.0485031332,0.0005249354167056515,0.0004829405833691994,0.92,4.199483333645212e-05,21963382.14668155,1757070.571734524,2285995.499276589,277.6514272453006,922.3485727546998,1200,0.0004829405833691994,-7.58601294416523
0.863,0.8398966667290422,0.7727049333907189,556.9737758180554,614899.0485031332,2,0.0005249354167056515,0.0004829405833691994,0.92,4.199483333645212e-05,21963382.14668155,1757070.571734524,2285995.499276589,98.94799492389429,-7.58601294416523,277.6514272453006,922.3485727546998,0,0,528924.9275420654,1909859.317102744,0,0,1200,0.863,528924.9275420654,1909859.317102744,2,2,1200,98.94799492389429,0.8398966667290422,0.7727049333907189,556.9737758180554,614899.0485031332,0.0005249354167056515,0.0004829405833691994,0.92,4.199483333645212e-05,21963382.14668155,1757070.571734524,2285995.499276589,277.6514272453006,922.3485727546998,1200,0.0004829405833691994,-7.58601294416523
0.864,0.8398966667290422,0.7727049333907189,556.9737758180554,614899.0485031332,2,0.0005249354167056515,0.0004829405833691994,0.92,4.199483333645212e-05,21963382.14668155,1757070.571734524,2285995.499276589,98.94799492389429,-7.58601294416523,277.6514272453006,922.3485727546998,0,0,528924.9275420654,1909859.317102744,0,0,1200,0.864,528924.9275420654,1909859.317102744,2,2,1200,98.94799492389429,0.8398966667290422,0.7727049333907189,556.9737758180554,614899.0485031332,0.0005249354167056515,0.0004829405833691994,0.92,4.199483333645212e-05,21963382.14668155,1757070.571734524,2285995.499276589,277.6514272453006,922.3485727546998,1200,0.0004829405833691994,-7.58601294416523
0.865,0.8398966667290422,0.7727049333907189,556.9737758180554,614899.0485031332,2,0.0005249354167056515,0.0004829405833691994,0.92,4.199483333645212e-05,21963382.14668155,1757070.571734524,2285995.499276589,98.94799492389429,-7.58601294416523,277.6514272453006,922.3485727546998,0,0,528924.9275420654,1909859.317102744,0,0,1200,0.865,528924.9275420654,1909859.317102744,2,2,1200,98.94799492389429,0.8398966667290422,0.7727049333907189,556.9737758180554,614899.0485031332,0.0005249354167056515,0.0004829405833691994,0.92,4.199483333645212e-05,21963382.14668155,1757070.571734524,2285995.499276589,277.6514272453006,922.3485727546998,1200,0.0004829405833691994,-7.58601294416523
0.866,0.8398966667290422,0.7727049333907189,556.9737758180554,614899.0485031332,2,0.0005249354167056515,0.0004829405833691994,0.92,4.199483333645212e-05,21963382.14668155,1757070.571734524,2285995.499276589,98.94799492389429,-7.58601294416523,277.6514272453006,922.3485727546998,0,0,528924.9275420654,1909859.317102744,0,0,1200,0.866,528924.9275420654,1909859.317102744,2,2,1200,98.94799492389429,0.8398966667290422,0.7727049333907189,556.9737758180554,614899.0485031332,0.0005249354167056515,0.0004829405833691994,0.92,4.199483333645212e-05,21963382.14668155,1757070.571734524,2285995.499276589,277.6514272453006,922.3485727546998,1200,0.0004829405833691994,-7.58601294416523
0.867,0.8398966667290422,0.7727049333907189,556.9737758180554,614899.0485031332,2,0.0005249354167056515,0.0004829405833691994,0.92,4.199483333645212e-05,21963382.14668155,1757070.571734524,2285995.499276589,98.94799492389429,-7.58601294416523,277.6514272453006,922.3485727546998,0,0,528924.9275420654,1909859.317102744,0,0,1200,0.867,528924.9275420654,1909859.317102744,2,2,1200,98.94799492389429,0.8398966667290422,0.7727049333907189,556.9737758180554,614899.0485031332,0.0005249354167056515,0.0004829405833691994,0.92,4.199483333645212e-05,21963382.14668155,1757070.571734524,2285995.499276589,277.6514272453006,922.3485727546998,1200,0.0004829405833691994,-7.58601294416523
0.868,0.8398966667290422,0.7727049333907189,556.9737758180554,614899.0485031332,2,0.0005249354167056515,0.0004829405833691994,0.92,4.199483333645212e-05,21963382.14668155,1757070.571734524,2285995.499276589,98.94799492389429,-7.58601294416523,277.6514272453006,922.3485727546998,0,0,528924.9275420654,1909859.317102744,0,0,1200,0.868,528924.9275420654,1909859.317102744,2,2,1200,98.94799492389429,0.8398966667290422,0.7727049333907189,556.9737758180554,614899.0485031332,0.0005249354167056515,0.0004829405833691994,0.92,4.199483333645212e-05,21963382.14668155,1757070.571734524,2285995.499276589,277.6514272453006,922.3485727546998,1200,0.0004829405833691994,-7.58601294416523
0.869,0.8398966667290422,0.7727049333907189,556.9737758180554,614899.0485031332,2,0.0005249354167056515,0.0004829405833691994,0.92,4.199483333645212e-05,21963382.14668155,1757070.571734524,2285995.499276589,98.94799492389429,-7.58601294416523,277.6514272453006,922.3485727546998,0,0,528924.9275420654,1909859.317102744,0,0,1200,0.869,528924.9275420654,1909859.317102744,2,2,1200,98.94799492389429,0.8398966667290422,0.7727049333907189,556.9737758180554,614899.0485031332,0.0005249354167056515,0.0004829405833691994,0.92,4.199483333645212e-05,21963382.14668155,1757070.571734524,2285995.499276589,277.6514272453006,922.3485727546998,1200,0.0004829405833691994,-7.58601294416523
0.87,0.8398966667290422,0.7727049333907189,556.9737758180554,614899.0485031332,2,0.0005249354167056515,0.0004829405833691994,0.92,4.199483333645212e-05,21963382.14668155,1757070.571734524,2285995.499276589,98.94799492389429,-7.58601294416523,277.6514272453006,922.3485727546998,0,0,528924.9275420654,1909859.317102744,0,0,1200,0.87,528924.9275420654,1909859.317102744,2,2,1200,98.94799492389429,0.8398966667290422,0.7727049333907189,556.9737758180554,614899.0485031332,0.0005249354167056515,0.0004829405833691994,0.92,4.199483333645212e-05,21963382.14668155,1757070.571734524,2285995.499276589,277.6514272453006,922.3485727546998,1200,0.0004829405833691994,-7.58601294416523
0.871,0.8398966667290422,0.7727049333907189,556.9737758180554,614899.0485031332,2,0.0005249354167056515,0.0004829405833691994,0.92,4.199483333645212e-05,21963382.14668155,1757070.571734524,2285995.499276589,98.94799492389429,-7.58601294416523,277.6514272453006,922.3485727546998,0,0,528924.9275420654,1909859.317102744,0,0,1200,0.871,528924.9275420654,1909859.317102744,2,2,1200,98.94799492389429,0.8398966667290422,0.7727049333907189,556.9737758180554,614899.0485031332,0.0005249354167056515,0.0004829405833691994,0.92,4.199483333645212e-05,21963382.14668155,1757070.571734524,2285995.499276589,277.6514272453006,922.3485727546998,1200,0.0004829405833691994,-7.58601294416523
0.872,0.8398966667290422,0.7727049333907189,556.9737758180554,614899.0485031332,2,0.0005249354167056515,0.0004829405833691994,0.92,4.199483333645212e-05,21963382.14668155,1757070.571734524,2285995.499276589,98.94799492389429,-7.58601294416523,277.6514272453006,922.3485727546998,0,0,528924.9275420654,1909859.317102744,0,0,1200,0.872,528924.9275420654,1909859.317102744,2,2,1200,98.94799492389429,0.8398966667290422,0.7727049333907189,556.9737758180554,614899.0485031332,0.0005249354167056515,0.0004829405833691994,0.92,4.199483333645212e-05,21963382.14668155,1757070.571734524,2285995.499276589,277.6514272453006,922.3485727546998,1200,0.0004829405833691994,-7.58601294416523
0.873,0.8398966667290422,0.7727049333907189,556.9737758180554,614899.0485031332,2,0.0005249354167056515,0.0004829405833691994,0.92,4.199483333645212e-05,21963382.14668155,1757070.571734524,2285995.499276589,98.94799492389429,-7.58601294416523,277.6514272453006,922.3485727546998,0,0,528924.9275420654,1909859.317102744,0,0,1200,0.873,528924.9275420654,1909859.317102744,2,2,1200,98.94799492389429,0.8398966667290422,0.7727049333907189,556.9737758180554,614899.0485031332,0.0005249354167056515,0.0004829405833691994,0.92,4.199483333645212e-05,21963382.14668155,1757070.571734524,2285995.499276589,277.6514272453006,922.3485727546998,1200,0.0004829405833691994,-7.58601294416523
0.874,0.8398966667290422,0.7727049333907189,556.9737758180554,614899.0485031332,2,0.0005249354167056515,0.0004829405833691994,0.92,4.199483333645212e-05,21963382.14668155,1757070.571734524,2285995.499276589,98.94799492389429,-7.58601294416523,277.6514272453006,922.3485727546998,0,0,528924.9275420654,1909859.317102744,0,0,1200,0.874,528924.9275420654,1909859.317102744,2,2,1200,98.94799492389429,0.8398966667290422,0.7727049333907189,556.9737758180554,614899.0485031332,0.0005249354167056515,0.0004829405833691994,0.92,4.199483333645212e-05,21963382.14668155,1757070.571734524,2285995.499276589,277.6514272453006,922.3485727546998,1200,0.0004829405833691994,-7.58601294416523
0.875,0.8398966667290422,0.7727049333907189,556.9737758180554,614899.0485031332,2,0.0005249354167056515,0.0004829405833691994,0.92,4.199483333645212e-05,21963382.14668155,1757070.571734524,2285995.499276589,98.94799492389429,-7.58601294416523,277.6514272453006,922.3485727546998,0,0,528924.9275420654,1909859.317102744,0,0,1200,0.875,528924.9275420654,1909859.317102744,2,2,1200,98.94799492389429,0.8398966667290422,0.7727049333907189,556.9737758180554,614899.0485031332,0.0005249354167056515,0.0004829405833691994,0.92,4.199483333645212e-05,21963382.14668155,1757070.571734524,2285995.499276589,277.6514272453006,922.3485727546998,1200,0.0004829405833691994,-7.58601294416523
0.876,0.8398966667290422,0.7727049333907189,556.9737758180554,614899.0485031332,2,0.0005249354167056515,0.0004829405833691994,0.92,4.199483333645212e-05,21963382.14668155,1757070.571734524,2285995.499276589,98.94799492389429,-7.58601294416523,277.6514272453006,922.3485727546998,0,0,528924.9275420654,1909859.317102744,0,0,1200,0.876,528924.9275420654,1909859.317102744,2,2,1200,98.94799492389429,0.8398966667290422,0.7727049333907189,556.9737758180554,614899.0485031332,0.0005249354167056515,0.0004829405833691994,0.92,4.199483333645212e-05,21963382.14668155,1757070.571734524,2285995.499276589,277.6514272453006,922.3485727546998,1200,0.0004829405833691994,-7.58601294416523
0.877,0.8398966667290422,0.7727049333907189,556.9737758180554,614899.0485031332,2,0.0005249354167056515,0.0004829405833691994,0.92,4.199483333645212e-05,21963382.14668155,1757070.571734524,2285995.499276589,98.94799492389429,-7.58601294416523,277.6514272453006,922.3485727546998,0,0,528924.9275420654,1909859.317102744,0,0,1200,0.877,528924.9275420654,1909859.317102744,2,2,1200,98.94799492389429,0.8398966667290422,0.7727049333907189,556.9737758180554,614899.0485031332,0.0005249354167056515,0.0004829405833691994,0.92,4.199483333645212e-05,21963382.14668155,1757070.571734524,2285995.499276589,277.6514272453006,922.3485727546998,1200,0.0004829405833691994,-7.58601294416523
0.878,0.8398966667290422,0.7727049333907189,556.9737758180554,614899.0485031332,2,0.0005249354167056515,0.0004829405833691994,0.92,4.199483333645212e-05,21963382.14668155,1757070.571734524,2285995.499276589,98.94799492389429,-7.58601294416523,277.6514272453006,922.3485727546998,0,0,528924.9275420654,1909859.317102744,0,0,1200,0.878,528924.9275420654,1909859.317102744,2,2,1200,98.94799492389429,0.8398966667290422,0.7727049333907189,556.9737758180554,614899.0485031332,0.0005249354167056515,0.0004829405833691994,0.92,4.199483333645212e-05,21963382.14668155,1757070.571734524,2285995.499276589,277.6514272453006,922.3485727546998,1200,0.0004829405833691994,-7.58601294416523
0.879,0.8398966667290422,0.7727049333907189,556.9737758180554,614899.0485031332,2,0.0005249354167056515,0.0004829405833691994,0.92,4.199483333645212e-05,21963382.14668155,1757070.571734524,2285995.499276589,98.94799492389429,-7.58601294416523,277.6514272453006,922.3485727546998,0,0,528924.9275420654,1909859.317102744,0,0,1200,0.879,528924.9275420654,1909859.317102744,2,2,1200,98.94799492389429,0.8398966667290422,0.7727049333907189,556.9737758180554,614899.0485031332,0.0005249354167056515,0.0004829405833691994,0.92,4.199483333645212e-05,21963382.14668155,1757070.571734524,2285995.499276589,277.6514272453006,922.3485727546998,1200,0.0004829405833691994,-7.58601294416523
0.88,0.8398966667290422,0.7727049333907189,556.9737758180554,614899.0485031332,2,0.0005249354167056515,0.0004829405833691994,0.92,4.199483333645212e-05,21963382.14668155,1757070.571734524,2285995.499276589,98.94799492389429,-7.58601294416523,277.6514272453006,922.3485727546998,0,0,528924.9275420654,1909859.317102744,0,0,1200,0.88,528924.9275420654,1909859.317102744,2,2,1200,98.94799492389429,0.8398966667290422,0.7727049333907189,556.9737758180554,614899.0485031332,0.0005249354167056515,0.0004829405833691994,0.92,4.199483333645212e-05,21963382.14668155,1757070.571734524,2285995.499276589,277.6514272453006,922.3485727546998,1200,0.0004829405833691994,-7.58601294416523
0.881,0.8398966667290422,0.7727049333907189,556.9737758180554,614899.0485031332,2,0.0005249354167056515,0.0004829405833691994,0.92,4.199483333645212e-05,21963382.14668155,1757070.571734524,2285995.499276589,98.94799492389429,-7.58601294416523,277.6514272453006,922.3485727546998,0,0,528924.9275420654,1909859.317102744,0,0,1200,0.881,528924.9275420654,1909859.317102744,2,2,1200,98.94799492389429,0.8398966667290422,0.7727049333907189,556.9737758180554,614899.0485031332,0.0005249354167056515,0.0004829405833691994,0.92,4.199483333645212e-05,21963382.14668155,1757070.571734524,2285995.499276589,277.6514272453006,922.3485727546998,1200,0.0004829405833691994,-7.58601294416523
0.882,0.8398966667290422,0.7727049333907189,556.9737758180554,614899.0485031332,2,0.0005249354167056515,0.0004829405833691994,0.92,4.199483333645212e-05,21963382.14668155,1757070.571734524,2285995.499276589,98.94799492389429,-7.58601294416523,277.6514272453006,922.3485727546998,0,0,528924.9275420654,1909859.317102744,0,0,1200,0.882,528924.9275420654,1909859.317102744,2,2,1200,98.94799492389429,0.8398966667290422,0.7727049333907189,556.9737758180554,614899.0485031332,0.0005249354167056515,0.0004829405833691994,0.92,4.199483333645212e-05,21963382.14668155,1757070.571734524,2285995.499276589,277.6514272453006,922.3485727546998,1200,0.0004829405833691994,-7.58601294416523
0.883,0.8398966667290422,0.7727049333907189,556.9737758180554,614899.0485031332,2,0.0005249354167056515,0.0004829405833691994,0.92,4.199483333645212e-05,21963382.14668155,1757070.571734524,2285995.499276589,98.94799492389429,-7.58601294416523,277.6514272453006,922.3485727546998,0,0,528924.9275420654,1909859.317102744,0,0,1200,0.883,528924.9275420654,1909859.317102744,2,2,1200,98.94799492389429,0.8398966667290422,0.7727049333907189,556.9737758180554,614899.0485031332,0.0005249354167056515,0.0004829405833691994,0.92,4.199483333645212e-05,21963382.14668155,1757070.571734524,2285995.499276589,277.6514272453006,922.3485727546998,1200,0.0004829405833691994,-7.58601294416523
0.884,0.8398966667290422,0.7727049333907189,556.9737758180554,614899.0485031332,2,0.0005249354167056515,0.0004829405833691994,0.92,4.199483333645212e-05,21963382.14668155,1757070.571734524,2285995.499276589,98.94799492389429,-7.58601294416523,277.6514272453006,922.3485727546998,0,0,528924.9275420654,1909859.317102744,0,0,1200,0.884,528924.9275420654,1909859.317102744,2,2,1200,98.94799492389429,0.8398966667290422,0.7727049333907189,556.9737758180554,614899.0485031332,0.0005249354167056515,0.0004829405833691994,0.92,4.199483333645212e-05,21963382.14668155,1757070.571734524,2285995.499276589,277.6514272453006,922.3485727546998,1200,0.0004829405833691994,-7.58601294416523
0.885,0.8398966667290422,0.7727049333907189,556.9737758180554,614899.0485031332,2,0.0005249354167056515,0.0004829405833691994,0.92,4.199483333645212e-05,21963382.14668155,1757070.571734524,2285995.499276589,98.94799492389429,-7.58601294416523,277.6514272453006,922.3485727546998,0,0,528924.9275420654,1909859.317102744,0,0,1200,0.885,528924.9275420654,1909859.317102744,2,2,1200,98.94799492389429,0.8398966667290422,0.7727049333907189,556.9737758180554,614899.0485031332,0.0005249354167056515,0.0004829405833691994,0.92,4.199483333645212e-05,21963382.14668155,1757070.571734524,2285995.499276589,277.6514272453006,922.3485727546998,1200,0.0004829405833691994,-7.58601294416523
0.886,0.8398966667290422,0.7727049333907189,556.9737758180554,614899.0485031332,2,0.0005249354167056515,0.0004829405833691994,0.92,4.199483333645212e-05,21963382.14668155,1757070.571734524,2285995.499276589,98.94799492389429,-7.58601294416523,277.6514272453006,922.3485727546998,0,0,528924.9275420654,1909859.317102744,0,0,1200,0.886,528924.9275420654,1909859.317102744,2,2,1200,98.94799492389429,0.8398966667290422,0.7727049333907189,556.9737758180554,614899.0485031332,0.0005249354167056515,0.0004829405833691994,0.92,4.199483333645212e-05,21963382.14668155,1757070.571734524,2285995.499276589,277.6514272453006,922.3485727546998,1200,0.0004829405833691994,-7.58601294416523
0.887,0.8398966667290422,0.7727049333907189,556.9737758180554,614899.0485031332,2,0.0005249354167056515,0.0004829405833691994,0.92,4.199483333645212e-05,21963382.14668155,1757070.571734524,2285995.499276589,98.94799492389429,-7.58601294416523,277.6514272453006,922.3485727546998,0,0,528924.9275420654,1909859.317102744,0,0,1200,0.887,528924.9275420654,1909859.317102744,2,2,1200,98.94799492389429,0.8398966667290422,0.7727049333907189,556.9737758180554,614899.0485031332,0.0005249354167056515,0.0004829405833691994,0.92,4.199483333645212e-05,21963382.14668155,1757070.571734524,2285995.499276589,277.6514272453006,922.3485727546998,1200,0.0004829405833691994,-7.58601294416523
0.888,0.8398966667290422,0.7727049333907189,556.9737758180554,614899.0485031332,2,0.0005249354167056515,0.0004829405833691994,0.92,4.199483333645212e-05,21963382.14668155,1757070.571734524,2285995.499276589,98.94799492389429,-7.58601294416523,277.6514272453006,922.3485727546998,0,0,528924.9275420654,1909859.317102744,0,0,1200,0.888,528924.9275420654,1909859.317102744,2,2,1200,98.94799492389429,0.8398966667290422,0.7727049333907189,556.9737758180554,614899.0485031332,0.0005249354167056515,0.0004829405833691994,0.92,4.199483333645212e-05,21963382.14668155,1757070.571734524,2285995.499276589,277.6514272453006,922.3485727546998,1200,0.0004829405833691994,-7.58601294416523
0.889,0.8398966667290422,0.7727049333907189,556.9737758180554,614899.0485031332,2,0.0005249354167056515,0.0004829405833691994,0.92,4.199483333645212e-05,21963382.14668155,1757070.571734524,2285995.499276589,98.94799492389429,-7.58601294416523,277.6514272453006,922.3485727546998,0,0,528924.9275420654,1909859.317102744,0,0,1200,0.889,528924.9275420654,1909859.317102744,2,2,1200,98.94799492389429,0.8398966667290422,0.7727049333907189,556.9737758180554,614899.0485031332,0.0005249354167056515,0.0004829405833691994,0.92,4.199483333645212e-05,21963382.14668155,1757070.571734524,2285995.499276589,277.6514272453006,922.3485727546998,1200,0.0004829405833691994,-7.58601294416523
0.89,0.8398966667290422,0.7727049333907189,556.9737758180554,614899.0485031332,2,0.0005249354167056515,0.0004829405833691994,0.92,4.199483333645212e-05,21963382.14668155,1757070.571734524,2285995.499276589,98.94799492389429,-7.58601294416523,277.6514272453006,922.3485727546998,0,0,528924.9275420654,1909859.317102744,0,0,1200,0.89,528924.9275420654,1909859.317102744,2,2,1200,98.94799492389429,0.8398966667290422,0.7727049333907189,556.9737758180554,614899.0485031332,0.0005249354167056515,0.0004829405833691994,0.92,4.199483333645212e-05,21963382.14668155,1757070.571734524,2285995.499276589,277.6514272453006,922.3485727546998,1200,0.0004829405833691994,-7.58601294416523
0.891,0.8398966667290422,0.7727049333907189,556.9737758180554,614899.0485031332,2,0.0005249354167056515,0.0004829405833691994,0.92,4.199483333645212e-05,21963382.14668155,1757070.571734524,2285995.499276589,98.94799492389429,-7.58601294416523,277.6514272453006,922.3485727546998,0,0,528924.9275420654,1909859.317102744,0,0,1200,0.891,528924.9275420654,1909859.317102744,2,2,1200,98.94799492389429,0.8398966667290422,0.7727049333907189,556.9737758180554,614899.0485031332,0.0005249354167056515,0.0004829405833691994,0.92,4.199483333645212e-05,21963382.14668155,1757070.571734524,2285995.499276589,277.6514272453006,922.3485727546998,1200,0.0004829405833691994,-7.58601294416523
0.892,0.8398966667290422,0.7727049333907189,556.9737758180554,614899.0485031332,2,0.0005249354167056515,0.0004829405833691994,0.92,4.199483333645212e-05,21963382.14668155,1757070.571734524,2285995.499276589,98.94799492389429,-7.58601294416523,277.6514272453006,922.3485727546998,0,0,528924.9275420654,1909859.317102744,0,0,1200,0.892,528924.9275420654,1909859.317102744,2,2,1200,98.94799492389429,0.8398966667290422,0.7727049333907189,556.9737758180554,614899.0485031332,0.0005249354167056515,0.0004829405833691994,0.92,4.199483333645212e-05,21963382.14668155,1757070.571734524,2285995.499276589,277.6514272453006,922.3485727546998,1200,0.0004829405833691994,-7.58601294416523
0.893,0.8398966667290422,0.7727049333907189,556.9737758180554,614899.0485031332,2,0.0005249354167056515,0.0004829405833691994,0.92,4.199483333645212e-05,21963382.14668155,1757070.571734524,2285995.499276589,98.94799492389429,-7.58601294416523,277.6514272453006,922.3485727546998,0,0,528924.9275420654,1909859.317102744,0,0,1200,0.893,528924.9275420654,1909859.317102744,2,2,1200,98.94799492389429,0.8398966667290422,0.7727049333907189,556.9737758180554,614899.0485031332,0.0005249354167056515,0.0004829405833691994,0.92,4.199483333645212e-05,21963382.14668155,1757070.571734524,2285995.499276589,277.6514272453006,922.3485727546998,1200,0.0004829405833691994,-7.58601294416523
0.894,0.8398966667290422,0.7727049333907189,556.9737758180554,614899.0485031332,2,0.0005249354167056515,0.0004829405833691994,0.92,4.199483333645212e-05,21963382.14668155,1757070.571734524,2285995.499276589,98.94799492389429,-7.58601294416523,277.6514272453006,922.3485727546998,0,0,528924.9275420654,1909859.317102744,0,0,1200,0.894,528924.9275420654,1909859.317102744,2,2,1200,98.94799492389429,0.8398966667290422,0.7727049333907189,556.9737758180554,614899.0485031332,0.0005249354167056515,0.0004829405833691994,0.92,4.199483333645212e-05,21963382.14668155,1757070.571734524,2285995.499276589,277.6514272453006,922.3485727546998,1200,0.0004829405833691994,-7.58601294416523
0.895,0.8398966667290422,0.7727049333907189,556.9737758180554,614899.0485031332,2,0.0005249354167056515,0.0004829405833691994,0.92,4.199483333645212e-05,21963382.14668155,1757070.571734524,2285995.499276589,98.94799492389429,-7.58601294416523,277.6514272453006,922.3485727546998,0,0,528924.9275420654,1909859.317102744,0,0,1200,0.895,528924.9275420654,1909859.317102744,2,2,1200,98.94799492389429,0.8398966667290422,0.7727049333907189,556.9737758180554,614899.0485031332,0.0005249354167056515,0.0004829405833691994,0.92,4.199483333645212e-05,21963382.14668155,1757070.571734524,2285995.499276589,277.6514272453006,922.3485727546998,1200,0.0004829405833691994,-7.58601294416523
0.896,0.8398966667290422,0.7727049333907189,556.9737758180554,614899.0485031332,2,0.0005249354167056515,0.0004829405833691994,0.92,4.199483333645212e-05,21963382.14668155,1757070.571734524,2285995.499276589,98.94799492389429,-7.58601294416523,277.6514272453006,922.3485727546998,0,0,528924.9275420654,1909859.317102744,0,0,1200,0.896,528924.9275420654,1909859.317102744,2,2,1200,98.94799492389429,0.8398966667290422,0.7727049333907189,556.9737758180554,614899.0485031332,0.0005249354167056515,0.0004829405833691994,0.92,4.199483333645212e-05,21963382.14668155,1757070.571734524,2285995.499276589,277.6514272453006,922.3485727546998,1200,0.0004829405833691994,-7.58601294416523
0.897,0.8398966667290422,0.7727049333907189,556.9737758180554,614899.0485031332,2,0.0005249354167056515,0.0004829405833691994,0.92,4.199483333645212e-05,21963382.14668155,1757070.571734524,2285995.499276589,98.94799492389429,-7.58601294416523,277.6514272453006,922.3485727546998,0,0,528924.9275420654,1909859.317102744,0,0,1200,0.897,528924.9275420654,1909859.317102744,2,2,1200,98.94799492389429,0.8398966667290422,0.7727049333907189,556.9737758180554,614899.0485031332,0.0005249354167056515,0.0004829405833691994,0.92,4.199483333645212e-05,21963382.14668155,1757070.571734524,2285995.499276589,277.6514272453006,922.3485727546998,1200,0.0004829405833691994,-7.58601294416523
0.898,0.8398966667290422,0.7727049333907189,556.9737758180554,614899.0485031332,2,0.0005249354167056515,0.0004829405833691994,0.92,4.199483333645212e-05,21963382.14668155,1757070.571734524,2285995.499276589,98.94799492389429,-7.58601294416523,277.6514272453006,922.3485727546998,0,0,528924.9275420654,1909859.317102744,0,0,1200,0.898,528924.9275420654,1909859.317102744,2,2,1200,98.94799492389429,0.8398966667290422,0.7727049333907189,556.9737758180554,614899.0485031332,0.0005249354167056515,0.0004829405833691994,0.92,4.199483333645212e-05,21963382.14668155,1757070.571734524,2285995.499276589,277.6514272453006,922.3485727546998,1200,0.0004829405833691994,-7.58601294416523
0.899,0.8398966667290422,0.7727049333907189,556.9737758180554,614899.0485031332,2,0.0005249354167056515,0.0004829405833691994,0.92,4.199483333645212e-05,21963382.14668155,1757070.571734524,2285995.499276589,98.94799492389429,-7.58601294416523,277.6514272453006,922.3485727546998,0,0,528924.9275420654,1909859.317102744,0,0,1200,0.899,528924.9275420654,1909859.317102744,2,2,1200,98.94799492389429,0.8398966667290422,0.7727049333907189,556.9737758180554,614899.0485031332,0.0005249354167056515,0.0004829405833691994,0.92,4.199483333645212e-05,21963382.14668155,1757070.571734524,2285995.499276589,277.6514272453006,922.3485727546998,1200,0.0004829405833691994,-7.58601294416523
0.9,0.8398966667290422,0.7727049333907189,556.9737758180554,614899.0485031332,2,0.0005249354167056515,0.0004829405833691994,0.92,4.199483333645212e-05,21963382.14668155,1757070.571734524,2285995.499276589,98.94799492389429,-7.58601294416523,277.6514272453006,922.3485727546998,0,0,528924.9275420654,1909859.317102744,0,0,1200,0.9,528924.9275420654,1909859.317102744,2,2,1200,98.94799492389429,0.8398966667290422,0.7727049333907189,556.9737758180554,614899.0485031332,0.0005249354167056515,0.0004829405833691994,0.92,4.199483333645212e-05,21963382.14668155,1757070.571734524,2285995.499276589,277.6514272453006,922.3485727546998,1200,0.0004829405833691994,-7.58601294416523
0.901,0.8398966667290422,0.7727049333907189,556.9737758180554,614899.0485031332,2,0.0005249354167056515,0.0004829405833691994,0.92,4.199483333645212e-05,21963382.14668155,1757070.571734524,2285995.499276589,98.94799492389429,-7.58601294416523,277.6514272453006,922.3485727546998,0,0,528924.9275420654,1909859.317102744,0,0,1200,0.901,528924.9275420654,1909859.317102744,2,2,1200,98.94799492389429,0.8398966667290422,0.7727049333907189,556.9737758180554,614899.0485031332,0.0005249354167056515,0.0004829405833691994,0.92,4.199483333645212e-05,21963382.14668155,1757070.571734524,2285995.499276589,277.6514272453006,922.3485727546998,1200,0.0004829405833691994,-7.58601294416523
0.902,0.8398966667290422,0.7727049333907189,556.9737758180554,614899.0485031332,2,0.0005249354167056515,0.0004829405833691994,0.92,4.199483333645212e-05,21963382.14668155,1757070.571734524,2285995.499276589,98.94799492389429,-7.58601294416523,277.6514272453006,922.3485727546998,0,0,528924.9275420654,1909859.317102744,0,0,1200,0.902,528924.9275420654,1909859.317102744,2,2,1200,98.94799492389429,0.8398966667290422,0.7727049333907189,556.9737758180554,614899.0485031332,0.0005249354167056515,0.0004829405833691994,0.92,4.199483333645212e-05,21963382.14668155,1757070.571734524,2285995.499276589,277.6514272453006,922.3485727546998,1200,0.0004829405833691994,-7.58601294416523
0.903,0.8398966667290422,0.7727049333907189,556.9737758180554,614899.0485031332,2,0.0005249354167056515,0.0004829405833691994,0.92,4.199483333645212e-05,21963382.14668155,1757070.571734524,2285995.499276589,98.94799492389429,-7.58601294416523,277.6514272453006,922.3485727546998,0,0,528924.9275420654,1909859.317102744,0,0,1200,0.903,528924.9275420654,1909859.317102744,2,2,1200,98.94799492389429,0.8398966667290422,0.7727049333907189,556.9737758180554,614899.0485031332,0.0005249354167056515,0.0004829405833691994,0.92,4.199483333645212e-05,21963382.14668155,1757070.571734524,2285995.499276589,277.6514272453006,922.3485727546998,1200,0.0004829405833691994,-7.58601294416523
0.904,0.8398966667290422,0.7727049333907189,556.9737758180554,614899.0485031332,2,0.0005249354167056515,0.0004829405833691994,0.92,4.199483333645212e-05,21963382.14668155,1757070.571734524,2285995.499276589,98.94799492389429,-7.58601294416523,277.6514272453006,922.3485727546998,0,0,528924.9275420654,1909859.317102744,0,0,1200,0.904,528924.9275420654,1909859.317102744,2,2,1200,98.94799492389429,0.8398966667290422,0.7727049333907189,556.9737758180554,614899.0485031332,0.0005249354167056515,0.0004829405833691994,0.92,4.199483333645212e-05,21963382.14668155,1757070.571734524,2285995.499276589,277.6514272453006,922.3485727546998,1200,0.0004829405833691994,-7.58601294416523
0.905,0.8398966667290422,0.7727049333907189,556.9737758180554,614899.0485031332,2,0.0005249354167056515,0.0004829405833691994,0.92,4.199483333645212e-05,21963382.14668155,1757070.571734524,2285995.499276589,98.94799492389429,-7.58601294416523,277.6514272453006,922.3485727546998,0,0,528924.9275420654,1909859.317102744,0,0,1200,0.905,528924.9275420654,1909859.317102744,2,2,1200,98.94799492389429,0.8398966667290422,0.7727049333907189,556.9737758180554,614899.0485031332,0.0005249354167056515,0.0004829405833691994,0.92,4.199483333645212e-05,21963382.14668155,1757070.571734524,2285995.499276589,277.6514272453006,922.3485727546998,1200,0.0004829405833691994,-7.58601294416523
0.906,0.8398966667290422,0.7727049333907189,556.9737758180554,614899.0485031332,2,0.0005249354167056515,0.0004829405833691994,0.92,4.199483333645212e-05,21963382.14668155,1757070.571734524,2285995.499276589,98.94799492389429,-7.58601294416523,277.6514272453006,922.3485727546998,0,0,528924.9275420654,1909859.317102744,0,0,1200,0.906,528924.9275420654,1909859.317102744,2,2,1200,98.94799492389429,0.8398966667290422,0.7727049333907189,556.9737758180554,614899.0485031332,0.0005249354167056515,0.0004829405833691994,0.92,4.199483333645212e-05,21963382.14668155,1757070.571734524,2285995.499276589,277.6514272453006,922.3485727546998,1200,0.0004829405833691994,-7.58601294416523
0.907,0.8398966667290422,0.7727049333907189,556.9737758180554,614899.0485031332,2,0.0005249354167056515,0.0004829405833691994,0.92,4.199483333645212e-05,21963382.14668155,1757070.571734524,2285995.499276589,98.94799492389429,-7.58601294416523,277.6514272453006,922.3485727546998,0,0,528924.9275420654,1909859.317102744,0,0,1200,0.907,528924.9275420654,1909859.317102744,2,2,1200,98.94799492389429,0.8398966667290422,0.7727049333907189,556.9737758180554,614899.0485031332,0.0005249354167056515,0.0004829405833691994,0.92,4.199483333645212e-05,21963382.14668155,1757070.571734524,2285995.499276589,277.6514272453006,922.3485727546998,1200,0.0004829405833691994,-7.58601294416523
0.908,0.8398966667290422,0.7727049333907189,556.9737758180554,614899.0485031332,2,0.0005249354167056515,0.0004829405833691994,0.92,4.199483333645212e-05,21963382.14668155,1757070.571734524,2285995.499276589,98.94799492389429,-7.58601294416523,277.6514272453006,922.3485727546998,0,0,528924.9275420654,1909859.317102744,0,0,1200,0.908,528924.9275420654,1909859.317102744,2,2,1200,98.94799492389429,0.8398966667290422,0.7727049333907189,556.9737758180554,614899.0485031332,0.0005249354167056515,0.0004829405833691994,0.92,4.199483333645212e-05,21963382.14668155,1757070.571734524,2285995.499276589,277.6514272453006,922.3485727546998,1200,0.0004829405833691994,-7.58601294416523
0.909,0.8398966667290422,0.7727049333907189,556.9737758180554,614899.0485031332,2,0.0005249354167056515,0.0004829405833691994,0.92,4.199483333645212e-05,21963382.14668155,1757070.571734524,2285995.499276589,98.94799492389429,-7.58601294416523,277.6514272453006,922.3485727546998,0,0,528924.9275420654,1909859.317102744,0,0,1200,0.909,528924.9275420654,1909859.317102744,2,2,1200,98.94799492389429,0.8398966667290422,0.7727049333907189,556.9737758180554,614899.0485031332,0.0005249354167056515,0.0004829405833691994,0.92,4.199483333645212e-05,21963382.14668155,1757070.571734524,2285995.499276589,277.6514272453006,922.3485727546998,1200,0.0004829405833691994,-7.58601294416523
0.91,0.8398966667290422,0.7727049333907189,556.9737758180554,614899.0485031332,2,0.0005249354167056515,0.0004829405833691994,0.92,4.199483333645212e-05,21963382.14668155,1757070.571734524,2285995.499276589,98.94799492389429,-7.58601294416523,277.6514272453006,922.3485727546998,0,0,528924.9275420654,1909859.317102744,0,0,1200,0.91,528924.9275420654,1909859.317102744,2,2,1200,98.94799492389429,0.8398966667290422,0.7727049333907189,556.9737758180554,614899.0485031332,0.0005249354167056515,0.0004829405833691994,0.92,4.199483333645212e-05,21963382.14668155,1757070.571734524,2285995.499276589,277.6514272453006,922.3485727546998,1200,0.0004829405833691994,-7.58601294416523
0.911,0.8398966667290422,0.7727049333907189,556.9737758180554,614899.0485031332,2,0.0005249354167056515,0.0004829405833691994,0.92,4.199483333645212e-05,21963382.14668155,1757070.571734524,2285995.499276589,98.94799492389429,-7.58601294416523,277.6514272453006,922.3485727546998,0,0,528924.9275420654,1909859.317102744,0,0,1200,0.911,528924.9275420654,1909859.317102744,2,2,1200,98.94799492389429,0.8398966667290422,0.7727049333907189,556.9737758180554,614899.0485031332,0.0005249354167056515,0.0004829405833691994,0.92,4.199483333645212e-05,21963382.14668155,1757070.571734524,2285995.499276589,277.6514272453006,922.3485727546998,1200,0.0004829405833691994,-7.58601294416523
0.912,0.8398966667290422,0.7727049333907189,556.9737758180554,614899.0485031332,2,0.0005249354167056515,0.0004829405833691994,0.92,4.199483333645212e-05,21963382.14668155,1757070.571734524,2285995.499276589,98.94799492389429,-7.58601294416523,277.6514272453006,922.3485727546998,0,0,528924.9275420654,1909859.317102744,0,0,1200,0.912,528924.9275420654,1909859.317102744,2,2,1200,98.94799492389429,0.8398966667290422,0.7727049333907189,556.9737758180554,614899.0485031332,0.0005249354167056515,0.0004829405833691994,0.92,4.199483333645212e-05,21963382.14668155,1757070.571734524,2285995.499276589,277.6514272453006,922.3485727546998,1200,0.0004829405833691994,-7.58601294416523
0.913,0.8398966667290422,0.7727049333907189,556.9737758180554,614899.0485031332,2,0.0005249354167056515,0.0004829405833691994,0.92,4.199483333645212e-05,21963382.14668155,1757070.571734524,2285995.499276589,98.94799492389429,-7.58601294416523,277.6514272453006,922.3485727546998,0,0,528924.9275420654,1909859.317102744,0,0,1200,0.913,528924.9275420654,1909859.317102744,2,2,1200,98.94799492389429,0.8398966667290422,0.7727049333907189,556.9737758180554,614899.0485031332,0.0005249354167056515,0.0004829405833691994,0.92,4.199483333645212e-05,21963382.14668155,1757070.571734524,2285995.499276589,277.6514272453006,922.3485727546998,1200,0.0004829405833691994,-7.58601294416523
0.914,0.8398966667290422,0.7727049333907189,556.9737758180554,614899.0485031332,2,0.0005249354167056515,0.0004829405833691994,0.92,4.199483333645212e-05,21963382.14668155,1757070.571734524,2285995.499276589,98.94799492389429,-7.58601294416523,277.6514272453006,922.3485727546998,0,0,528924.9275420654,1909859.317102744,0,0,1200,0.914,528924.9275420654,1909859.317102744,2,2,1200,98.94799492389429,0.8398966667290422,0.7727049333907189,556.9737758180554,614899.0485031332,0.0005249354167056515,0.0004829405833691994,0.92,4.199483333645212e-05,21963382.14668155,1757070.571734524,2285995.499276589,277.6514272453006,922.3485727546998,1200,0.0004829405833691994,-7.58601294416523
0.915,0.8398966667290422,0.7727049333907189,556.9737758180554,614899.0485031332,2,0.0005249354167056515,0.0004829405833691994,0.92,4.199483333645212e-05,21963382.14668155,1757070.571734524,2285995.499276589,98.94799492389429,-7.58601294416523,277.6514272453006,922.3485727546998,0,0,528924.9275420654,1909859.317102744,0,0,1200,0.915,528924.9275420654,1909859.317102744,2,2,1200,98.94799492389429,0.8398966667290422,0.7727049333907189,556.9737758180554,614899.0485031332,0.0005249354167056515,0.0004829405833691994,0.92,4.199483333645212e-05,21963382.14668155,1757070.571734524,2285995.499276589,277.6514272453006,922.3485727546998,1200,0.0004829405833691994,-7.58601294416523
0.916,0.8398966667290422,0.7727049333907189,556.9737758180554,614899.0485031332,2,0.0005249354167056515,0.0004829405833691994,0.92,4.199483333645212e-05,21963382.14668155,1757070.571734524,2285995.499276589,98.94799492389429,-7.58601294416523,277.6514272453006,922.3485727546998,0,0,528924.9275420654,1909859.317102744,0,0,1200,0.916,528924.9275420654,1909859.317102744,2,2,1200,98.94799492389429,0.8398966667290422,0.7727049333907189,556.9737758180554,614899.0485031332,0.0005249354167056515,0.0004829405833691994,0.92,4.199483333645212e-05,21963382.14668155,1757070.571734524,2285995.499276589,277.6514272453006,922.3485727546998,1200,0.0004829405833691994,-7.58601294416523
0.917,0.8398966667290422,0.7727049333907189,556.9737758180554,614899.0485031332,2,0.0005249354167056515,0.0004829405833691994,0.92,4.199483333645212e-05,21963382.14668155,1757070.571734524,2285995.499276589,98.94799492389429,-7.58601294416523,277.6514272453006,922.3485727546998,0,0,528924.9275420654,1909859.317102744,0,0,1200,0.917,528924.9275420654,1909859.317102744,2,2,1200,98.94799492389429,0.8398966667290422,0.7727049333907189,556.9737758180554,614899.0485031332,0.0005249354167056515,0.0004829405833691994,0.92,4.199483333645212e-05,21963382.14668155,1757070.571734524,2285995.499276589,277.6514272453006,922.3485727546998,1200,0.0004829405833691994,-7.58601294416523
0.918,0.8398966667290422,0.7727049333907189,556.9737758180554,614899.0485031332,2,0.0005249354167056515,0.0004829405833691994,0.92,4.199483333645212e-05,21963382.14668155,1757070.571734524,2285995.499276589,98.94799492389429,-7.58601294416523,277.6514272453006,922.3485727546998,0,0,528924.9275420654,1909859.317102744,0,0,1200,0.918,528924.9275420654,1909859.317102744,2,2,1200,98.94799492389429,0.8398966667290422,0.7727049333907189,556.9737758180554,614899.0485031332,0.0005249354167056515,0.0004829405833691994,0.92,4.199483333645212e-05,21963382.14668155,1757070.571734524,2285995.499276589,277.6514272453006,922.3485727546998,1200,0.0004829405833691994,-7.58601294416523
0.919,0.8398966667290422,0.7727049333907189,556.9737758180554,614899.0485031332,2,0.0005249354167056515,0.0004829405833691994,0.92,4.199483333645212e-05,21963382.14668155,1757070.571734524,2285995.499276589,98.94799492389429,-7.58601294416523,277.6514272453006,922.3485727546998,0,0,528924.9275420654,1909859.317102744,0,0,1200,0.919,528924.9275420654,1909859.317102744,2,2,1200,98.94799492389429,0.8398966667290422,0.7727049333907189,556.9737758180554,614899.0485031332,0.0005249354167056515,0.0004829405833691994,0.92,4.199483333645212e-05,21963382.14668155,1757070.571734524,2285995.499276589,277.6514272453006,922.3485727546998,1200,0.0004829405833691994,-7.58601294416523
0.92,0.8398966667290422,0.7727049333907189,556.9737758180554,614899.0485031332,2,0.0005249354167056515,0.0004829405833691994,0.92,4.199483333645212e-05,21963382.14668155,1757070.571734524,2285995.499276589,98.94799492389429,-7.58601294416523,277.6514272453006,922.3485727546998,0,0,528924.9275420654,1909859.317102744,0,0,1200,0.92,528924.9275420654,1909859.317102744,2,2,1200,98.94799492389429,0.8398966667290422,0.7727049333907189,556.9737758180554,614899.0485031332,0.0005249354167056515,0.0004829405833691994,0.92,4.199483333645212e-05,21963382.14668155,1757070.571734524,2285995.499276589,277.6514272453006,922.3485727546998,1200,0.0004829405833691994,-7.58601294416523
0.921,0.8398966667290422,0.7727049333907189,556.9737758180554,614899.0485031332,2,0.0005249354167056515,0.0004829405833691994,0.92,4.199483333645212e-05,21963382.14668155,1757070.571734524,2285995.499276589,98.94799492389429,-7.58601294416523,277.6514272453006,922.3485727546998,0,0,528924.9275420654,1909859.317102744,0,0,1200,0.921,528924.9275420654,1909859.317102744,2,2,1200,98.94799492389429,0.8398966667290422,0.7727049333907189,556.9737758180554,614899.0485031332,0.0005249354167056515,0.0004829405833691994,0.92,4.199483333645212e-05,21963382.14668155,1757070.571734524,2285995.499276589,277.6514272453006,922.3485727546998,1200,0.0004829405833691994,-7.58601294416523
0.922,0.8398966667290422,0.7727049333907189,556.9737758180554,614899.0485031332,2,0.0005249354167056515,0.0004829405833691994,0.92,4.199483333645212e-05,21963382.14668155,1757070.571734524,2285995.499276589,98.94799492389429,-7.58601294416523,277.6514272453006,922.3485727546998,0,0,528924.9275420654,1909859.317102744,0,0,1200,0.922,528924.9275420654,1909859.317102744,2,2,1200,98.94799492389429,0.8398966667290422,0.7727049333907189,556.9737758180554,614899.0485031332,0.0005249354167056515,0.0004829405833691994,0.92,4.199483333645212e-05,21963382.14668155,1757070.571734524,2285995.499276589,277.6514272453006,922.3485727546998,1200,0.0004829405833691994,-7.58601294416523
0.923,0.8398966667290422,0.7727049333907189,556.9737758180554,614899.0485031332,2,0.0005249354167056515,0.0004829405833691994,0.92,4.199483333645212e-05,21963382.14668155,1757070.571734524,2285995.499276589,98.94799492389429,-7.58601294416523,277.6514272453006,922.3485727546998,0,0,528924.9275420654,1909859.317102744,0,0,1200,0.923,528924.9275420654,1909859.317102744,2,2,1200,98.94799492389429,0.8398966667290422,0.7727049333907189,556.9737758180554,614899.0485031332,0.0005249354167056515,0.0004829405833691994,0.92,4.199483333645212e-05,21963382.14668155,1757070.571734524,2285995.499276589,277.6514272453006,922.3485727546998,1200,0.0004829405833691994,-7.58601294416523
0.924,0.8398966667290422,0.7727049333907189,556.9737758180554,614899.0485031332,2,0.0005249354167056515,0.0004829405833691994,0.92,4.199483333645212e-05,21963382.14668155,1757070.571734524,2285995.499276589,98.94799492389429,-7.58601294416523,277.6514272453006,922.3485727546998,0,0,528924.9275420654,1909859.317102744,0,0,1200,0.924,528924.9275420654,1909859.317102744,2,2,1200,98.94799492389429,0.8398966667290422,0.7727049333907189,556.9737758180554,614899.0485031332,0.0005249354167056515,0.0004829405833691994,0.92,4.199483333645212e-05,21963382.14668155,1757070.571734524,2285995.499276589,277.6514272453006,922.3485727546998,1200,0.0004829405833691994,-7.58601294416523
0.925,0.8398966667290422,0.7727049333907189,556.9737758180554,614899.0485031332,2,0.0005249354167056515,0.0004829405833691994,0.92,4.199483333645212e-05,21963382.14668155,1757070.571734524,2285995.499276589,98.94799492389429,-7.58601294416523,277.6514272453006,922.3485727546998,0,0,528924.9275420654,1909859.317102744,0,0,1200,0.925,528924.9275420654,1909859.317102744,2,2,1200,98.94799492389429,0.8398966667290422,0.7727049333907189,556.9737758180554,614899.0485031332,0.0005249354167056515,0.0004829405833691994,0.92,4.199483333645212e-05,21963382.14668155,1757070.571734524,2285995.499276589,277.6514272453006,922.3485727546998,1200,0.0004829405833691994,-7.58601294416523
0.926,0.8398966667290422,0.7727049333907189,556.9737758180554,614899.0485031332,2,0.0005249354167056515,0.0004829405833691994,0.92,4.199483333645212e-05,21963382.14668155,1757070.571734524,2285995.499276589,98.94799492389429,-7.58601294416523,277.6514272453006,922.3485727546998,0,0,528924.9275420654,1909859.317102744,0,0,1200,0.926,528924.9275420654,1909859.317102744,2,2,1200,98.94799492389429,0.8398966667290422,0.7727049333907189,556.9737758180554,614899.0485031332,0.0005249354167056515,0.0004829405833691994,0.92,4.199483333645212e-05,21963382.14668155,1757070.571734524,2285995.499276589,277.6514272453006,922.3485727546998,1200,0.0004829405833691994,-7.58601294416523
0.927,0.8398966667290422,0.7727049333907189,556.9737758180554,614899.0485031332,2,0.0005249354167056515,0.0004829405833691994,0.92,4.199483333645212e-05,21963382.14668155,1757070.571734524,2285995.499276589,98.94799492389429,-7.58601294416523,277.6514272453006,922.3485727546998,0,0,528924.9275420654,1909859.317102744,0,0,1200,0.927,528924.9275420654,1909859.317102744,2,2,1200,98.94799492389429,0.8398966667290422,0.7727049333907189,556.9737758180554,614899.0485031332,0.0005249354167056515,0.0004829405833691994,0.92,4.199483333645212e-05,21963382.14668155,1757070.571734524,2285995.499276589,277.6514272453006,922.3485727546998,1200,0.0004829405833691994,-7.58601294416523
0.928,0.8398966667290422,0.7727049333907189,556.9737758180554,614899.0485031332,2,0.0005249354167056515,0.0004829405833691994,0.92,4.199483333645212e-05,21963382.14668155,1757070.571734524,2285995.499276589,98.94799492389429,-7.58601294416523,277.6514272453006,922.3485727546998,0,0,528924.9275420654,1909859.317102744,0,0,1200,0.928,528924.9275420654,1909859.317102744,2,2,1200,98.94799492389429,0.8398966667290422,0.7727049333907189,556.9737758180554,614899.0485031332,0.0005249354167056515,0.0004829405833691994,0.92,4.199483333645212e-05,21963382.14668155,1757070.571734524,2285995.499276589,277.6514272453006,922.3485727546998,1200,0.0004829405833691994,-7.58601294416523
0.929,0.8398966667290422,0.7727049333907189,556.9737758180554,614899.0485031332,2,0.0005249354167056515,0.0004829405833691994,0.92,4.199483333645212e-05,21963382.14668155,1757070.571734524,2285995.499276589,98.94799492389429,-7.58601294416523,277.6514272453006,922.3485727546998,0,0,528924.9275420654,1909859.317102744,0,0,1200,0.929,528924.9275420654,1909859.317102744,2,2,1200,98.94799492389429,0.8398966667290422,0.7727049333907189,556.9737758180554,614899.0485031332,0.0005249354167056515,0.0004829405833691994,0.92,4.199483333645212e-05,21963382.14668155,1757070.571734524,2285995.499276589,277.6514272453006,922.3485727546998,1200,0.0004829405833691994,-7.58601294416523
0.93,0.8398966667290422,0.7727049333907189,556.9737758180554,614899.0485031332,2,0.0005249354167056515,0.0004829405833691994,0.92,4.199483333645212e-05,21963382.14668155,1757070.571734524,2285995.499276589,98.94799492389429,-7.58601294416523,277.6514272453006,922.3485727546998,0,0,528924.9275420654,1909859.317102744,0,0,1200,0.93,528924.9275420654,1909859.317102744,2,2,1200,98.94799492389429,0.8398966667290422,0.7727049333907189,556.9737758180554,614899.0485031332,0.0005249354167056515,0.0004829405833691994,0.92,4.199483333645212e-05,21963382.14668155,1757070.571734524,2285995.499276589,277.6514272453006,922.3485727546998,1200,0.0004829405833691994,-7.58601294416523
0.931,0.8398966667290422,0.7727049333907189,556.9737758180554,614899.0485031332,2,0.0005249354167056515,0.0004829405833691994,0.92,4.199483333645212e-05,21963382.14668155,1757070.571734524,2285995.499276589,98.94799492389429,-7.58601294416523,277.6514272453006,922.3485727546998,0,0,528924.9275420654,1909859.317102744,0,0,1200,0.931,528924.9275420654,1909859.317102744,2,2,1200,98.94799492389429,0.8398966667290422,0.7727049333907189,556.9737758180554,614899.0485031332,0.0005249354167056515,0.0004829405833691994,0.92,4.199483333645212e-05,21963382.14668155,1757070.571734524,2285995.499276589,277.6514272453006,922.3485727546998,1200,0.0004829405833691994,-7.58601294416523
0.9320000000000001,0.8398966667290422,0.7727049333907189,556.9737758180554,614899.0485031332,2,0.0005249354167056515,0.0004829405833691994,0.92,4.199483333645212e-05,21963382.14668155,1757070.571734524,2285995.499276589,98.94799492389429,-7.58601294416523,277.6514272453006,922.3485727546998,0,0,528924.9275420654,1909859.317102744,0,0,1200,0.9320000000000001,528924.9275420654,1909859.317102744,2,2,1200,98.94799492389429,0.8398966667290422,0.7727049333907189,556.9737758180554,614899.0485031332,0.0005249354167056515,0.0004829405833691994,0.92,4.199483333645212e-05,21963382.14668155,1757070.571734524,2285995.499276589,277.6514272453006,922.3485727546998,1200,0.0004829405833691994,-7.58601294416523
0.9330000000000001,0.8398966667290422,0.7727049333907189,556.9737758180554,614899.0485031332,2,0.0005249354167056515,0.0004829405833691994,0.92,4.199483333645212e-05,21963382.14668155,1757070.571734524,2285995.499276589,98.94799492389429,-7.58601294416523,277.6514272453006,922.3485727546998,0,0,528924.9275420654,1909859.317102744,0,0,1200,0.9330000000000001,528924.9275420654,1909859.317102744,2,2,1200,98.94799492389429,0.8398966667290422,0.7727049333907189,556.9737758180554,614899.0485031332,0.0005249354167056515,0.0004829405833691994,0.92,4.199483333645212e-05,21963382.14668155,1757070.571734524,2285995.499276589,277.6514272453006,922.3485727546998,1200,0.0004829405833691994,-7.58601294416523
0.9340000000000001,0.8398966667290422,0.7727049333907189,556.9737758180554,614899.0485031332,2,0.0005249354167056515,0.0004829405833691994,0.92,4.199483333645212e-05,21963382.14668155,1757070.571734524,2285995.499276589,98.94799492389429,-7.58601294416523,277.6514272453006,922.3485727546998,0,0,528924.9275420654,1909859.317102744,0,0,1200,0.9340000000000001,528924.9275420654,1909859.317102744,2,2,1200,98.94799492389429,0.8398966667290422,0.7727049333907189,556.9737758180554,614899.0485031332,0.0005249354167056515,0.0004829405833691994,0.92,4.199483333645212e-05,21963382.14668155,1757070.571734524,2285995.499276589,277.6514272453006,922.3485727546998,1200,0.0004829405833691994,-7.58601294416523
0.9350000000000001,0.8398966667290422,0.7727049333907189,556.9737758180554,614899.0485031332,2,0.0005249354167056515,0.0004829405833691994,0.92,4.199483333645212e-05,21963382.14668155,1757070.571734524,2285995.499276589,98.94799492389429,-7.58601294416523,277.6514272453006,922.3485727546998,0,0,528924.9275420654,1909859.317102744,0,0,1200,0.9350000000000001,528924.9275420654,1909859.317102744,2,2,1200,98.94799492389429,0.8398966667290422,0.7727049333907189,556.9737758180554,614899.0485031332,0.0005249354167056515,0.0004829405833691994,0.92,4.199483333645212e-05,21963382.14668155,1757070.571734524,2285995.499276589,277.6514272453006,922.3485727546998,1200,0.0004829405833691994,-7.58601294416523
0.9360000000000001,0.8398966667290422,0.7727049333907189,556.9737758180554,614899.0485031332,2,0.0005249354167056515,0.0004829405833691994,0.92,4.199483333645212e-05,21963382.14668155,1757070.571734524,2285995.499276589,98.94799492389429,-7.58601294416523,277.6514272453006,922.3485727546998,0,0,528924.9275420654,1909859.317102744,0,0,1200,0.9360000000000001,528924.9275420654,1909859.317102744,2,2,1200,98.94799492389429,0.8398966667290422,0.7727049333907189,556.9737758180554,614899.0485031332,0.0005249354167056515,0.0004829405833691994,0.92,4.199483333645212e-05,21963382.14668155,1757070.571734524,2285995.499276589,277.6514272453006,922.3485727546998,1200,0.0004829405833691994,-7.58601294416523
0.9370000000000001,0.8398966667290422,0.7727049333907189,556.9737758180554,614899.0485031332,2,0.0005249354167056515,0.0004829405833691994,0.92,4.199483333645212e-05,21963382.14668155,1757070.571734524,2285995.499276589,98.94799492389429,-7.58601294416523,277.6514272453006,922.3485727546998,0,0,528924.9275420654,1909859.317102744,0,0,1200,0.9370000000000001,528924.9275420654,1909859.317102744,2,2,1200,98.94799492389429,0.8398966667290422,0.7727049333907189,556.9737758180554,614899.0485031332,0.0005249354167056515,0.0004829405833691994,0.92,4.199483333645212e-05,21963382.14668155,1757070.571734524,2285995.499276589,277.6514272453006,922.3485727546998,1200,0.0004829405833691994,-7.58601294416523
0.9379999999999999,0.8398966667290422,0.7727049333907189,556.9737758180554,614899.0485031332,2,0.0005249354167056515,0.0004829405833691994,0.92,4.199483333645212e-05,21963382.14668155,1757070.571734524,2285995.499276589,98.94799492389429,-7.58601294416523,277.6514272453006,922.3485727546998,0,0,528924.9275420654,1909859.317102744,0,0,1200,0.9379999999999999,528924.9275420654,1909859.317102744,2,2,1200,98.94799492389429,0.8398966667290422,0.7727049333907189,556.9737758180554,614899.0485031332,0.0005249354167056515,0.0004829405833691994,0.92,4.199483333645212e-05,21963382.14668155,1757070.571734524,2285995.499276589,277.6514272453006,922.3485727546998,1200,0.0004829405833691994,-7.58601294416523
0.9389999999999999,0.8398966667290422,0.7727049333907189,556.9737758180554,614899.0485031332,2,0.0005249354167056515,0.0004829405833691994,0.92,4.199483333645212e-05,21963382.14668155,1757070.571734524,2285995.499276589,98.94799492389429,-7.58601294416523,277.6514272453006,922.3485727546998,0,0,528924.9275420654,1909859.317102744,0,0,1200,0.9389999999999999,528924.9275420654,1909859.317102744,2,2,1200,98.94799492389429,0.8398966667290422,0.7727049333907189,556.9737758180554,614899.0485031332,0.0005249354167056515,0.0004829405833691994,0.92,4.199483333645212e-05,21963382.14668155,1757070.571734524,2285995.499276589,277.6514272453006,922.3485727546998,1200,0.0004829405833691994,-7.58601294416523
0.9399999999999999,0.8398966667290422,0.7727049333907189,556.9737758180554,614899.0485031332,2,0.0005249354167056515,0.0004829405833691994,0.92,4.199483333645212e-05,21963382.14668155,1757070.571734524,2285995.499276589,98.94799492389429,-7.58601294416523,277.6514272453006,922.3485727546998,0,0,528924.9275420654,1909859.317102744,0,0,1200,0.9399999999999999,528924.9275420654,1909859.317102744,2,2,1200,98.94799492389429,0.8398966667290422,0.7727049333907189,556.9737758180554,614899.0485031332,0.0005249354167056515,0.0004829405833691994,0.92,4.199483333645212e-05,21963382.14668155,1757070.571734524,2285995.499276589,277.6514272453006,922.3485727546998,1200,0.0004829405833691994,-7.58601294416523
0.9409999999999999,0.8398966667290422,0.7727049333907189,556.9737758180554,614899.0485031332,2,0.0005249354167056515,0.0004829405833691994,0.92,4.199483333645212e-05,21963382.14668155,1757070.571734524,2285995.499276589,98.94799492389429,-7.58601294416523,277.6514272453006,922.3485727546998,0,0,528924.9275420654,1909859.317102744,0,0,1200,0.9409999999999999,528924.9275420654,1909859.317102744,2,2,1200,98.94799492389429,0.8398966667290422,0.7727049333907189,556.9737758180554,614899.0485031332,0.0005249354167056515,0.0004829405833691994,0.92,4.199483333645212e-05,21963382.14668155,1757070.571734524,2285995.499276589,277.6514272453006,922.3485727546998,1200,0.0004829405833691994,-7.58601294416523
0.9419999999999999,0.8398966667290422,0.7727049333907189,556.9737758180554,614899.0485031332,2,0.0005249354167056515,0.0004829405833691994,0.92,4.199483333645212e-05,21963382.14668155,1757070.571734524,2285995.499276589,98.94799492389429,-7.58601294416523,277.6514272453006,922.3485727546998,0,0,528924.9275420654,1909859.317102744,0,0,1200,0.9419999999999999,528924.9275420654,1909859.317102744,2,2,1200,98.94799492389429,0.8398966667290422,0.7727049333907189,556.9737758180554,614899.0485031332,0.0005249354167056515,0.0004829405833691994,0.92,4.199483333645212e-05,21963382.14668155,1757070.571734524,2285995.499276589,277.6514272453006,922.3485727546998,1200,0.0004829405833691994,-7.58601294416523
0.9429999999999999,0.8398966667290422,0.7727049333907189,556.9737758180554,614899.0485031332,2,0.0005249354167056515,0.0004829405833691994,0.92,4.199483333645212e-05,21963382.14668155,1757070.571734524,2285995.499276589,98.94799492389429,-7.58601294416523,277.6514272453006,922.3485727546998,0,0,528924.9275420654,1909859.317102744,0,0,1200,0.9429999999999999,528924.9275420654,1909859.317102744,2,2,1200,98.94799492389429,0.8398966667290422,0.7727049333907189,556.9737758180554,614899.0485031332,0.0005249354167056515,0.0004829405833691994,0.92,4.199483333645212e-05,21963382.14668155,1757070.571734524,2285995.499276589,277.6514272453006,922.3485727546998,1200,0.0004829405833691994,-7.58601294416523
0.944,0.8398966667290422,0.7727049333907189,556.9737758180554,614899.0485031332,2,0.0005249354167056515,0.0004829405833691994,0.92,4.199483333645212e-05,21963382.14668155,1757070.571734524,2285995.499276589,98.94799492389429,-7.58601294416523,277.6514272453006,922.3485727546998,0,0,528924.9275420654,1909859.317102744,0,0,1200,0.944,528924.9275420654,1909859.317102744,2,2,1200,98.94799492389429,0.8398966667290422,0.7727049333907189,556.9737758180554,614899.0485031332,0.0005249354167056515,0.0004829405833691994,0.92,4.199483333645212e-05,21963382.14668155,1757070.571734524,2285995.499276589,277.6514272453006,922.3485727546998,1200,0.0004829405833691994,-7.58601294416523
0.945,0.8398966667290422,0.7727049333907189,556.9737758180554,614899.0485031332,2,0.0005249354167056515,0.0004829405833691994,0.92,4.199483333645212e-05,21963382.14668155,1757070.571734524,2285995.499276589,98.94799492389429,-7.58601294416523,277.6514272453006,922.3485727546998,0,0,528924.9275420654,1909859.317102744,0,0,1200,0.945,528924.9275420654,1909859.317102744,2,2,1200,98.94799492389429,0.8398966667290422,0.7727049333907189,556.9737758180554,614899.0485031332,0.0005249354167056515,0.0004829405833691994,0.92,4.199483333645212e-05,21963382.14668155,1757070.571734524,2285995.499276589,277.6514272453006,922.3485727546998,1200,0.0004829405833691994,-7.58601294416523
0.946,0.8398966667290422,0.7727049333907189,556.9737758180554,614899.0485031332,2,0.0005249354167056515,0.0004829405833691994,0.92,4.199483333645212e-05,21963382.14668155,1757070.571734524,2285995.499276589,98.94799492389429,-7.58601294416523,277.6514272453006,922.3485727546998,0,0,528924.9275420654,1909859.317102744,0,0,1200,0.946,528924.9275420654,1909859.317102744,2,2,1200,98.94799492389429,0.8398966667290422,0.7727049333907189,556.9737758180554,614899.0485031332,0.0005249354167056515,0.0004829405833691994,0.92,4.199483333645212e-05,21963382.14668155,1757070.571734524,2285995.499276589,277.6514272453006,922.3485727546998,1200,0.0004829405833691994,-7.58601294416523
0.947,0.8398966667290422,0.7727049333907189,556.9737758180554,614899.0485031332,2,0.0005249354167056515,0.0004829405833691994,0.92,4.199483333645212e-05,21963382.14668155,1757070.571734524,2285995.499276589,98.94799492389429,-7.58601294416523,277.6514272453006,922.3485727546998,0,0,528924.9275420654,1909859.317102744,0,0,1200,0.947,528924.9275420654,1909859.317102744,2,2,1200,98.94799492389429,0.8398966667290422,0.7727049333907189,556.9737758180554,614899.0485031332,0.0005249354167056515,0.0004829405833691994,0.92,4.199483333645212e-05,21963382.14668155,1757070.571734524,2285995.499276589,277.6514272453006,922.3485727546998,1200,0.0004829405833691994,-7.58601294416523
0.948,0.8398966667290422,0.7727049333907189,556.9737758180554,614899.0485031332,2,0.0005249354167056515,0.0004829405833691994,0.92,4.199483333645212e-05,21963382.14668155,1757070.571734524,2285995.499276589,98.94799492389429,-7.58601294416523,277.6514272453006,922.3485727546998,0,0,528924.9275420654,1909859.317102744,0,0,1200,0.948,528924.9275420654,1909859.317102744,2,2,1200,98.94799492389429,0.8398966667290422,0.7727049333907189,556.9737758180554,614899.0485031332,0.0005249354167056515,0.0004829405833691994,0.92,4.199483333645212e-05,21963382.14668155,1757070.571734524,2285995.499276589,277.6514272453006,922.3485727546998,1200,0.0004829405833691994,-7.58601294416523
0.949,0.8398966667290422,0.7727049333907189,556.9737758180554,614899.0485031332,2,0.0005249354167056515,0.0004829405833691994,0.92,4.199483333645212e-05,21963382.14668155,1757070.571734524,2285995.499276589,98.94799492389429,-7.58601294416523,277.6514272453006,922.3485727546998,0,0,528924.9275420654,1909859.317102744,0,0,1200,0.949,528924.9275420654,1909859.317102744,2,2,1200,98.94799492389429,0.8398966667290422,0.7727049333907189,556.9737758180554,614899.0485031332,0.0005249354167056515,0.0004829405833691994,0.92,4.199483333645212e-05,21963382.14668155,1757070.571734524,2285995.499276589,277.6514272453006,922.3485727546998,1200,0.0004829405833691994,-7.58601294416523
0.95,0.8398966667290422,0.7727049333907189,556.9737758180554,614899.0485031332,2,0.0005249354167056515,0.0004829405833691994,0.92,4.199483333645212e-05,21963382.14668155,1757070.571734524,2285995.499276589,98.94799492389429,-7.58601294416523,277.6514272453006,922.3485727546998,0,0,528924.9275420654,1909859.317102744,0,0,1200,0.95,528924.9275420654,1909859.317102744,2,2,1200,98.94799492389429,0.8398966667290422,0.7727049333907189,556.9737758180554,614899.0485031332,0.0005249354167056515,0.0004829405833691994,0.92,4.199483333645212e-05,21963382.14668155,1757070.571734524,2285995.499276589,277.6514272453006,922.3485727546998,1200,0.0004829405833691994,-7.58601294416523
0.951,0.8398966667290422,0.7727049333907189,556.9737758180554,614899.0485031332,2,0.0005249354167056515,0.0004829405833691994,0.92,4.199483333645212e-05,21963382.14668155,1757070.571734524,2285995.499276589,98.94799492389429,-7.58601294416523,277.6514272453006,922.3485727546998,0,0,528924.9275420654,1909859.317102744,0,0,1200,0.951,528924.9275420654,1909859.317102744,2,2,1200,98.94799492389429,0.8398966667290422,0.7727049333907189,556.9737758180554,614899.0485031332,0.0005249354167056515,0.0004829405833691994,0.92,4.199483333645212e-05,21963382.14668155,1757070.571734524,2285995.499276589,277.6514272453006,922.3485727546998,1200,0.0004829405833691994,-7.58601294416523
0.952,0.8398966667290422,0.7727049333907189,556.9737758180554,614899.0485031332,2,0.0005249354167056515,0.0004829405833691994,0.92,4.199483333645212e-05,21963382.14668155,1757070.571734524,2285995.499276589,98.94799492389429,-7.58601294416523,277.6514272453006,922.3485727546998,0,0,528924.9275420654,1909859.317102744,0,0,1200,0.952,528924.9275420654,1909859.317102744,2,2,1200,98.94799492389429,0.8398966667290422,0.7727049333907189,556.9737758180554,614899.0485031332,0.0005249354167056515,0.0004829405833691994,0.92,4.199483333645212e-05,21963382.14668155,1757070.571734524,2285995.499276589,277.6514272453006,922.3485727546998,1200,0.0004829405833691994,-7.58601294416523
0.953,0.8398966667290422,0.7727049333907189,556.9737758180554,614899.0485031332,2,0.0005249354167056515,0.0004829405833691994,0.92,4.199483333645212e-05,21963382.14668155,1757070.571734524,2285995.499276589,98.94799492389429,-7.58601294416523,277.6514272453006,922.3485727546998,0,0,528924.9275420654,1909859.317102744,0,0,1200,0.953,528924.9275420654,1909859.317102744,2,2,1200,98.94799492389429,0.8398966667290422,0.7727049333907189,556.9737758180554,614899.0485031332,0.0005249354167056515,0.0004829405833691994,0.92,4.199483333645212e-05,21963382.14668155,1757070.571734524,2285995.499276589,277.6514272453006,922.3485727546998,1200,0.0004829405833691994,-7.58601294416523
0.954,0.8398966667290422,0.7727049333907189,556.9737758180554,614899.0485031332,2,0.0005249354167056515,0.0004829405833691994,0.92,4.199483333645212e-05,21963382.14668155,1757070.571734524,2285995.499276589,98.94799492389429,-7.58601294416523,277.6514272453006,922.3485727546998,0,0,528924.9275420654,1909859.317102744,0,0,1200,0.954,528924.9275420654,1909859.317102744,2,2,1200,98.94799492389429,0.8398966667290422,0.7727049333907189,556.9737758180554,614899.0485031332,0.0005249354167056515,0.0004829405833691994,0.92,4.199483333645212e-05,21963382.14668155,1757070.571734524,2285995.499276589,277.6514272453006,922.3485727546998,1200,0.0004829405833691994,-7.58601294416523
0.955,0.8398966667290422,0.7727049333907189,556.9737758180554,614899.0485031332,2,0.0005249354167056515,0.0004829405833691994,0.92,4.199483333645212e-05,21963382.14668155,1757070.571734524,2285995.499276589,98.94799492389429,-7.58601294416523,277.6514272453006,922.3485727546998,0,0,528924.9275420654,1909859.317102744,0,0,1200,0.955,528924.9275420654,1909859.317102744,2,2,1200,98.94799492389429,0.8398966667290422,0.7727049333907189,556.9737758180554,614899.0485031332,0.0005249354167056515,0.0004829405833691994,0.92,4.199483333645212e-05,21963382.14668155,1757070.571734524,2285995.499276589,277.6514272453006,922.3485727546998,1200,0.0004829405833691994,-7.58601294416523
0.956,0.8398966667290422,0.7727049333907189,556.9737758180554,614899.0485031332,2,0.0005249354167056515,0.0004829405833691994,0.92,4.199483333645212e-05,21963382.14668155,1757070.571734524,2285995.499276589,98.94799492389429,-7.58601294416523,277.6514272453006,922.3485727546998,0,0,528924.9275420654,1909859.317102744,0,0,1200,0.956,528924.9275420654,1909859.317102744,2,2,1200,98.94799492389429,0.8398966667290422,0.7727049333907189,556.9737758180554,614899.0485031332,0.0005249354167056515,0.0004829405833691994,0.92,4.199483333645212e-05,21963382.14668155,1757070.571734524,2285995.499276589,277.6514272453006,922.3485727546998,1200,0.0004829405833691994,-7.58601294416523
0.957,0.8398966667290422,0.7727049333907189,556.9737758180554,614899.0485031332,2,0.0005249354167056515,0.0004829405833691994,0.92,4.199483333645212e-05,21963382.14668155,1757070.571734524,2285995.499276589,98.94799492389429,-7.58601294416523,277.6514272453006,922.3485727546998,0,0,528924.9275420654,1909859.317102744,0,0,1200,0.957,528924.9275420654,1909859.317102744,2,2,1200,98.94799492389429,0.8398966667290422,0.7727049333907189,556.9737758180554,614899.0485031332,0.0005249354167056515,0.0004829405833691994,0.92,4.199483333645212e-05,21963382.14668155,1757070.571734524,2285995.499276589,277.6514272453006,922.3485727546998,1200,0.0004829405833691994,-7.58601294416523
0.958,0.8398966667290422,0.7727049333907189,556.9737758180554,614899.0485031332,2,0.0005249354167056515,0.0004829405833691994,0.92,4.199483333645212e-05,21963382.14668155,1757070.571734524,2285995.499276589,98.94799492389429,-7.58601294416523,277.6514272453006,922.3485727546998,0,0,528924.9275420654,1909859.317102744,0,0,1200,0.958,528924.9275420654,1909859.317102744,2,2,1200,98.94799492389429,0.8398966667290422,0.7727049333907189,556.9737758180554,614899.0485031332,0.0005249354167056515,0.0004829405833691994,0.92,4.199483333645212e-05,21963382.14668155,1757070.571734524,2285995.499276589,277.6514272453006,922.3485727546998,1200,0.0004829405833691994,-7.58601294416523
0.959,0.8398966667290422,0.7727049333907189,556.9737758180554,614899.0485031332,2,0.0005249354167056515,0.0004829405833691994,0.92,4.199483333645212e-05,21963382.14668155,1757070.571734524,2285995.499276589,98.94799492389429,-7.58601294416523,277.6514272453006,922.3485727546998,0,0,528924.9275420654,1909859.317102744,0,0,1200,0.959,528924.9275420654,1909859.317102744,2,2,1200,98.94799492389429,0.8398966667290422,0.7727049333907189,556.9737758180554,614899.0485031332,0.0005249354167056515,0.0004829405833691994,0.92,4.199483333645212e-05,21963382.14668155,1757070.571734524,2285995.499276589,277.6514272453006,922.3485727546998,1200,0.0004829405833691994,-7.58601294416523
0.96,0.8398966667290422,0.7727049333907189,556.9737758180554,614899.0485031332,2,0.0005249354167056515,0.0004829405833691994,0.92,4.199483333645212e-05,21963382.14668155,1757070.571734524,2285995.499276589,98.94799492389429,-7.58601294416523,277.6514272453006,922.3485727546998,0,0,528924.9275420654,1909859.317102744,0,0,1200,0.96,528924.9275420654,1909859.317102744,2,2,1200,98.94799492389429,0.8398966667290422,0.7727049333907189,556.9737758180554,614899.0485031332,0.0005249354167056515,0.0004829405833691994,0.92,4.199483333645212e-05,21963382.14668155,1757070.571734524,2285995.499276589,277.6514272453006,922.3485727546998,1200,0.0004829405833691994,-7.58601294416523
0.961,0.8398966667290422,0.7727049333907189,556.9737758180554,614899.0485031332,2,0.0005249354167056515,0.0004829405833691994,0.92,4.199483333645212e-05,21963382.14668155,1757070.571734524,2285995.499276589,98.94799492389429,-7.58601294416523,277.6514272453006,922.3485727546998,0,0,528924.9275420654,1909859.317102744,0,0,1200,0.961,528924.9275420654,1909859.317102744,2,2,1200,98.94799492389429,0.8398966667290422,0.7727049333907189,556.9737758180554,614899.0485031332,0.0005249354167056515,0.0004829405833691994,0.92,4.199483333645212e-05,21963382.14668155,1757070.571734524,2285995.499276589,277.6514272453006,922.3485727546998,1200,0.0004829405833691994,-7.58601294416523
0.962,0.8398966667290422,0.7727049333907189,556.9737758180554,614899.0485031332,2,0.0005249354167056515,0.0004829405833691994,0.92,4.199483333645212e-05,21963382.14668155,1757070.571734524,2285995.499276589,98.94799492389429,-7.58601294416523,277.6514272453006,922.3485727546998,0,0,528924.9275420654,1909859.317102744,0,0,1200,0.962,528924.9275420654,1909859.317102744,2,2,1200,98.94799492389429,0.8398966667290422,0.7727049333907189,556.9737758180554,614899.0485031332,0.0005249354167056515,0.0004829405833691994,0.92,4.199483333645212e-05,21963382.14668155,1757070.571734524,2285995.499276589,277.6514272453006,922.3485727546998,1200,0.0004829405833691994,-7.58601294416523
0.963,0.8398966667290422,0.7727049333907189,556.9737758180554,614899.0485031332,2,0.0005249354167056515,0.0004829405833691994,0.92,4.199483333645212e-05,21963382.14668155,1757070.571734524,2285995.499276589,98.94799492389429,-7.58601294416523,277.6514272453006,922.3485727546998,0,0,528924.9275420654,1909859.317102744,0,0,1200,0.963,528924.9275420654,1909859.317102744,2,2,1200,98.94799492389429,0.8398966667290422,0.7727049333907189,556.9737758180554,614899.0485031332,0.0005249354167056515,0.0004829405833691994,0.92,4.199483333645212e-05,21963382.14668155,1757070.571734524,2285995.499276589,277.6514272453006,922.3485727546998,1200,0.0004829405833691994,-7.58601294416523
0.964,0.8398966667290422,0.7727049333907189,556.9737758180554,614899.0485031332,2,0.0005249354167056515,0.0004829405833691994,0.92,4.199483333645212e-05,21963382.14668155,1757070.571734524,2285995.499276589,98.94799492389429,-7.58601294416523,277.6514272453006,922.3485727546998,0,0,528924.9275420654,1909859.317102744,0,0,1200,0.964,528924.9275420654,1909859.317102744,2,2,1200,98.94799492389429,0.8398966667290422,0.7727049333907189,556.9737758180554,614899.0485031332,0.0005249354167056515,0.0004829405833691994,0.92,4.199483333645212e-05,21963382.14668155,1757070.571734524,2285995.499276589,277.6514272453006,922.3485727546998,1200,0.0004829405833691994,-7.58601294416523
0.965,0.8398966667290422,0.7727049333907189,556.9737758180554,614899.0485031332,2,0.0005249354167056515,0.0004829405833691994,0.92,4.199483333645212e-05,21963382.14668155,1757070.571734524,2285995.499276589,98.94799492389429,-7.58601294416523,277.6514272453006,922.3485727546998,0,0,528924.9275420654,1909859.317102744,0,0,1200,0.965,528924.9275420654,1909859.317102744,2,2,1200,98.94799492389429,0.8398966667290422,0.7727049333907189,556.9737758180554,614899.0485031332,0.0005249354167056515,0.0004829405833691994,0.92,4.199483333645212e-05,21963382.14668155,1757070.571734524,2285995.499276589,277.6514272453006,922.3485727546998,1200,0.0004829405833691994,-7.58601294416523
0.966,0.8398966667290422,0.7727049333907189,556.9737758180554,614899.0485031332,2,0.0005249354167056515,0.0004829405833691994,0.92,4.199483333645212e-05,21963382.14668155,1757070.571734524,2285995.499276589,98.94799492389429,-7.58601294416523,277.6514272453006,922.3485727546998,0,0,528924.9275420654,1909859.317102744,0,0,1200,0.966,528924.9275420654,1909859.317102744,2,2,1200,98.94799492389429,0.8398966667290422,0.7727049333907189,556.9737758180554,614899.0485031332,0.0005249354167056515,0.0004829405833691994,0.92,4.199483333645212e-05,21963382.14668155,1757070.571734524,2285995.499276589,277.6514272453006,922.3485727546998,1200,0.0004829405833691994,-7.58601294416523
0.967,0.8398966667290422,0.7727049333907189,556.9737758180554,614899.0485031332,2,0.0005249354167056515,0.0004829405833691994,0.92,4.199483333645212e-05,21963382.14668155,1757070.571734524,2285995.499276589,98.94799492389429,-7.58601294416523,277.6514272453006,922.3485727546998,0,0,528924.9275420654,1909859.317102744,0,0,1200,0.967,528924.9275420654,1909859.317102744,2,2,1200,98.94799492389429,0.8398966667290422,0.7727049333907189,556.9737758180554,614899.0485031332,0.0005249354167056515,0.0004829405833691994,0.92,4.199483333645212e-05,21963382.14668155,1757070.571734524,2285995.499276589,277.6514272453006,922.3485727546998,1200,0.0004829405833691994,-7.58601294416523
0.968,0.8398966667290422,0.7727049333907189,556.9737758180554,614899.0485031332,2,0.0005249354167056515,0.0004829405833691994,0.92,4.199483333645212e-05,21963382.14668155,1757070.571734524,2285995.499276589,98.94799492389429,-7.58601294416523,277.6514272453006,922.3485727546998,0,0,528924.9275420654,1909859.317102744,0,0,1200,0.968,528924.9275420654,1909859.317102744,2,2,1200,98.94799492389429,0.8398966667290422,0.7727049333907189,556.9737758180554,614899.0485031332,0.0005249354167056515,0.0004829405833691994,0.92,4.199483333645212e-05,21963382.14668155,1757070.571734524,2285995.499276589,277.6514272453006,922.3485727546998,1200,0.0004829405833691994,-7.58601294416523
0.969,0.8398966667290422,0.7727049333907189,556.9737758180554,614899.0485031332,2,0.0005249354167056515,0.0004829405833691994,0.92,4.199483333645212e-05,21963382.14668155,1757070.571734524,2285995.499276589,98.94799492389429,-7.58601294416523,277.6514272453006,922.3485727546998,0,0,528924.9275420654,1909859.317102744,0,0,1200,0.969,528924.9275420654,1909859.317102744,2,2,1200,98.94799492389429,0.8398966667290422,0.7727049333907189,556.9737758180554,614899.0485031332,0.0005249354167056515,0.0004829405833691994,0.92,4.199483333645212e-05,21963382.14668155,1757070.571734524,2285995.499276589,277.6514272453006,922.3485727546998,1200,0.0004829405833691994,-7.58601294416523
0.97,0.8398966667290422,0.7727049333907189,556.9737758180554,614899.0485031332,2,0.0005249354167056515,0.0004829405833691994,0.92,4.199483333645212e-05,21963382.14668155,1757070.571734524,2285995.499276589,98.94799492389429,-7.58601294416523,277.6514272453006,922.3485727546998,0,0,528924.9275420654,1909859.317102744,0,0,1200,0.97,528924.9275420654,1909859.317102744,2,2,1200,98.94799492389429,0.8398966667290422,0.7727049333907189,556.9737758180554,614899.0485031332,0.0005249354167056515,0.0004829405833691994,0.92,4.199483333645212e-05,21963382.14668155,1757070.571734524,2285995.499276589,277.6514272453006,922.3485727546998,1200,0.0004829405833691994,-7.58601294416523
0.971,0.8398966667290422,0.7727049333907189,556.9737758180554,614899.0485031332,2,0.0005249354167056515,0.0004829405833691994,0.92,4.199483333645212e-05,21963382.14668155,1757070.571734524,2285995.499276589,98.94799492389429,-7.58601294416523,277.6514272453006,922.3485727546998,0,0,528924.9275420654,1909859.317102744,0,0,1200,0.971,528924.9275420654,1909859.317102744,2,2,1200,98.94799492389429,0.8398966667290422,0.7727049333907189,556.9737758180554,614899.0485031332,0.0005249354167056515,0.0004829405833691994,0.92,4.199483333645212e-05,21963382.14668155,1757070.571734524,2285995.499276589,277.6514272453006,922.3485727546998,1200,0.0004829405833691994,-7.58601294416523
0.972,0.8398966667290422,0.7727049333907189,556.9737758180554,614899.0485031332,2,0.0005249354167056515,0.0004829405833691994,0.92,4.199483333645212e-05,21963382.14668155,1757070.571734524,2285995.499276589,98.94799492389429,-7.58601294416523,277.6514272453006,922.3485727546998,0,0,528924.9275420654,1909859.317102744,0,0,1200,0.972,528924.9275420654,1909859.317102744,2,2,1200,98.94799492389429,0.8398966667290422,0.7727049333907189,556.9737758180554,614899.0485031332,0.0005249354167056515,0.0004829405833691994,0.92,4.199483333645212e-05,21963382.14668155,1757070.571734524,2285995.499276589,277.6514272453006,922.3485727546998,1200,0.0004829405833691994,-7.58601294416523
0.973,0.8398966667290422,0.7727049333907189,556.9737758180554,614899.0485031332,2,0.0005249354167056515,0.0004829405833691994,0.92,4.199483333645212e-05,21963382.14668155,1757070.571734524,2285995.499276589,98.94799492389429,-7.58601294416523,277.6514272453006,922.3485727546998,0,0,528924.9275420654,1909859.317102744,0,0,1200,0.973,528924.9275420654,1909859.317102744,2,2,1200,98.94799492389429,0.8398966667290422,0.7727049333907189,556.9737758180554,614899.0485031332,0.0005249354167056515,0.0004829405833691994,0.92,4.199483333645212e-05,21963382.14668155,1757070.571734524,2285995.499276589,277.6514272453006,922.3485727546998,1200,0.0004829405833691994,-7.58601294416523
0.974,0.8398966667290422,0.7727049333907189,556.9737758180554,614899.0485031332,2,0.0005249354167056515,0.0004829405833691994,0.92,4.199483333645212e-05,21963382.14668155,1757070.571734524,2285995.499276589,98.94799492389429,-7.58601294416523,277.6514272453006,922.3485727546998,0,0,528924.9275420654,1909859.317102744,0,0,1200,0.974,528924.9275420654,1909859.317102744,2,2,1200,98.94799492389429,0.8398966667290422,0.7727049333907189,556.9737758180554,614899.0485031332,0.0005249354167056515,0.0004829405833691994,0.92,4.199483333645212e-05,21963382.14668155,1757070.571734524,2285995.499276589,277.6514272453006,922.3485727546998,1200,0.0004829405833691994,-7.58601294416523
0.975,0.8398966667290422,0.7727049333907189,556.9737758180554,614899.0485031332,2,0.0005249354167056515,0.0004829405833691994,0.92,4.199483333645212e-05,21963382.14668155,1757070.571734524,2285995.499276589,98.94799492389429,-7.58601294416523,277.6514272453006,922.3485727546998,0,0,528924.9275420654,1909859.317102744,0,0,1200,0.975,528924.9275420654,1909859.317102744,2,2,1200,98.94799492389429,0.8398966667290422,0.7727049333907189,556.9737758180554,614899.0485031332,0.0005249354167056515,0.0004829405833691994,0.92,4.199483333645212e-05,21963382.14668155,1757070.571734524,2285995.499276589,277.6514272453006,922.3485727546998,1200,0.0004829405833691994,-7.58601294416523
0.976,0.8398966667290422,0.7727049333907189,556.9737758180554,614899.0485031332,2,0.0005249354167056515,0.0004829405833691994,0.92,4.199483333645212e-05,21963382.14668155,1757070.571734524,2285995.499276589,98.94799492389429,-7.58601294416523,277.6514272453006,922.3485727546998,0,0,528924.9275420654,1909859.317102744,0,0,1200,0.976,528924.9275420654,1909859.317102744,2,2,1200,98.94799492389429,0.8398966667290422,0.7727049333907189,556.9737758180554,614899.0485031332,0.0005249354167056515,0.0004829405833691994,0.92,4.199483333645212e-05,21963382.14668155,1757070.571734524,2285995.499276589,277.6514272453006,922.3485727546998,1200,0.0004829405833691994,-7.58601294416523
0.977,0.8398966667290422,0.7727049333907189,556.9737758180554,614899.0485031332,2,0.0005249354167056515,0.0004829405833691994,0.92,4.199483333645212e-05,21963382.14668155,1757070.571734524,2285995.499276589,98.94799492389429,-7.58601294416523,277.6514272453006,922.3485727546998,0,0,528924.9275420654,1909859.317102744,0,0,1200,0.977,528924.9275420654,1909859.317102744,2,2,1200,98.94799492389429,0.8398966667290422,0.7727049333907189,556.9737758180554,614899.0485031332,0.0005249354167056515,0.0004829405833691994,0.92,4.199483333645212e-05,21963382.14668155,1757070.571734524,2285995.499276589,277.6514272453006,922.3485727546998,1200,0.0004829405833691994,-7.58601294416523
0.978,0.8398966667290422,0.7727049333907189,556.9737758180554,614899.0485031332,2,0.0005249354167056515,0.0004829405833691994,0.92,4.199483333645212e-05,21963382.14668155,1757070.571734524,2285995.499276589,98.94799492389429,-7.58601294416523,277.6514272453006,922.3485727546998,0,0,528924.9275420654,1909859.317102744,0,0,1200,0.978,528924.9275420654,1909859.317102744,2,2,1200,98.94799492389429,0.8398966667290422,0.7727049333907189,556.9737758180554,614899.0485031332,0.0005249354167056515,0.0004829405833691994,0.92,4.199483333645212e-05,21963382.14668155,1757070.571734524,2285995.499276589,277.6514272453006,922.3485727546998,1200,0.0004829405833691994,-7.58601294416523
0.979,0.8398966667290422,0.7727049333907189,556.9737758180554,614899.0485031332,2,0.0005249354167056515,0.0004829405833691994,0.92,4.199483333645212e-05,21963382.14668155,1757070.571734524,2285995.499276589,98.94799492389429,-7.58601294416523,277.6514272453006,922.3485727546998,0,0,528924.9275420654,1909859.317102744,0,0,1200,0.979,528924.9275420654,1909859.317102744,2,2,1200,98.94799492389429,0.8398966667290422,0.7727049333907189,556.9737758180554,614899.0485031332,0.0005249354167056515,0.0004829405833691994,0.92,4.199483333645212e-05,21963382.14668155,1757070.571734524,2285995.499276589,277.6514272453006,922.3485727546998,1200,0.0004829405833691994,-7.58601294416523
0.98,0.8398966667290422,0.7727049333907189,556.9737758180554,614899.0485031332,2,0.0005249354167056515,0.0004829405833691994,0.92,4.199483333645212e-05,21963382.14668155,1757070.571734524,2285995.499276589,98.94799492389429,-7.58601294416523,277.6514272453006,922.3485727546998,0,0,528924.9275420654,1909859.317102744,0,0,1200,0.98,528924.9275420654,1909859.317102744,2,2,1200,98.94799492389429,0.8398966667290422,0.7727049333907189,556.9737758180554,614899.0485031332,0.0005249354167056515,0.0004829405833691994,0.92,4.199483333645212e-05,21963382.14668155,1757070.571734524,2285995.499276589,277.6514272453006,922.3485727546998,1200,0.0004829405833691994,-7.58601294416523
0.981,0.8398966667290422,0.7727049333907189,556.9737758180554,614899.0485031332,2,0.0005249354167056515,0.0004829405833691994,0.92,4.199483333645212e-05,21963382.14668155,1757070.571734524,2285995.499276589,98.94799492389429,-7.58601294416523,277.6514272453006,922.3485727546998,0,0,528924.9275420654,1909859.317102744,0,0,1200,0.981,528924.9275420654,1909859.317102744,2,2,1200,98.94799492389429,0.8398966667290422,0.7727049333907189,556.9737758180554,614899.0485031332,0.0005249354167056515,0.0004829405833691994,0.92,4.199483333645212e-05,21963382.14668155,1757070.571734524,2285995.499276589,277.6514272453006,922.3485727546998,1200,0.0004829405833691994,-7.58601294416523
0.982,0.8398966667290422,0.7727049333907189,556.9737758180554,614899.0485031332,2,0.0005249354167056515,0.0004829405833691994,0.92,4.199483333645212e-05,21963382.14668155,1757070.571734524,2285995.499276589,98.94799492389429,-7.58601294416523,277.6514272453006,922.3485727546998,0,0,528924.9275420654,1909859.317102744,0,0,1200,0.982,528924.9275420654,1909859.317102744,2,2,1200,98.94799492389429,0.8398966667290422,0.7727049333907189,556.9737758180554,614899.0485031332,0.0005249354167056515,0.0004829405833691994,0.92,4.199483333645212e-05,21963382.14668155,1757070.571734524,2285995.499276589,277.6514272453006,922.3485727546998,1200,0.0004829405833691994,-7.58601294416523
0.983,0.8398966667290422,0.7727049333907189,556.9737758180554,614899.0485031332,2,0.0005249354167056515,0.0004829405833691994,0.92,4.199483333645212e-05,21963382.14668155,1757070.571734524,2285995.499276589,98.94799492389429,-7.58601294416523,277.6514272453006,922.3485727546998,0,0,528924.9275420654,1909859.317102744,0,0,1200,0.983,528924.9275420654,1909859.317102744,2,2,1200,98.94799492389429,0.8398966667290422,0.7727049333907189,556.9737758180554,614899.0485031332,0.0005249354167056515,0.0004829405833691994,0.92,4.199483333645212e-05,21963382.14668155,1757070.571734524,2285995.499276589,277.6514272453006,922.3485727546998,1200,0.0004829405833691994,-7.58601294416523
0.984,0.8398966667290422,0.7727049333907189,556.9737758180554,614899.0485031332,2,0.0005249354167056515,0.0004829405833691994,0.92,4.199483333645212e-05,21963382.14668155,1757070.571734524,2285995.499276589,98.94799492389429,-7.58601294416523,277.6514272453006,922.3485727546998,0,0,528924.9275420654,1909859.317102744,0,0,1200,0.984,528924.9275420654,1909859.317102744,2,2,1200,98.94799492389429,0.8398966667290422,0.7727049333907189,556.9737758180554,614899.0485031332,0.0005249354167056515,0.0004829405833691994,0.92,4.199483333645212e-05,21963382.14668155,1757070.571734524,2285995.499276589,277.6514272453006,922.3485727546998,1200,0.0004829405833691994,-7.58601294416523
0.985,0.8398966667290422,0.7727049333907189,556.9737758180554,614899.0485031332,2,0.0005249354167056515,0.0004829405833691994,0.92,4.199483333645212e-05,21963382.14668155,1757070.571734524,2285995.499276589,98.94799492389429,-7.58601294416523,277.6514272453006,922.3485727546998,0,0,528924.9275420654,1909859.317102744,0,0,1200,0.985,528924.9275420654,1909859.317102744,2,2,1200,98.94799492389429,0.8398966667290422,0.7727049333907189,556.9737758180554,614899.0485031332,0.0005249354167056515,0.0004829405833691994,0.92,4.199483333645212e-05,21963382.14668155,1757070.571734524,2285995.499276589,277.6514272453006,922.3485727546998,1200,0.0004829405833691994,-7.58601294416523
0.986,0.8398966667290422,0.7727049333907189,556.9737758180554,614899.0485031332,2,0.0005249354167056515,0.0004829405833691994,0.92,4.199483333645212e-05,21963382.14668155,1757070.571734524,2285995.499276589,98.94799492389429,-7.58601294416523,277.6514272453006,922.3485727546998,0,0,528924.9275420654,1909859.317102744,0,0,1200,0.986,528924.9275420654,1909859.317102744,2,2,1200,98.94799492389429,0.8398966667290422,0.7727049333907189,556.9737758180554,614899.0485031332,0.0005249354167056515,0.0004829405833691994,0.92,4.199483333645212e-05,21963382.14668155,1757070.571734524,2285995.499276589,277.6514272453006,922.3485727546998,1200,0.0004829405833691994,-7.58601294416523
0.987,0.8398966667290422,0.7727049333907189,556.9737758180554,614899.0485031332,2,0.0005249354167056515,0.0004829405833691994,0.92,4.199483333645212e-05,21963382.14668155,1757070.571734524,2285995.499276589,98.94799492389429,-7.58601294416523,277.6514272453006,922.3485727546998,0,0,528924.9275420654,1909859.317102744,0,0,1200,0.987,528924.9275420654,1909859.317102744,2,2,1200,98.94799492389429,0.8398966667290422,0.7727049333907189,556.9737758180554,614899.0485031332,0.0005249354167056515,0.0004829405833691994,0.92,4.199483333645212e-05,21963382.14668155,1757070.571734524,2285995.499276589,277.6514272453006,922.3485727546998,1200,0.0004829405833691994,-7.58601294416523
0.988,0.8398966667290422,0.7727049333907189,556.9737758180554,614899.0485031332,2,0.0005249354167056515,0.0004829405833691994,0.92,4.199483333645212e-05,21963382.14668155,1757070.571734524,2285995.499276589,98.94799492389429,-7.58601294416523,277.6514272453006,922.3485727546998,0,0,528924.9275420654,1909859.317102744,0,0,1200,0.988,528924.9275420654,1909859.317102744,2,2,1200,98.94799492389429,0.8398966667290422,0.7727049333907189,556.9737758180554,614899.0485031332,0.0005249354167056515,0.0004829405833691994,0.92,4.199483333645212e-05,21963382.14668155,1757070.571734524,2285995.499276589,277.6514272453006,922.3485727546998,1200,0.0004829405833691994,-7.58601294416523
0.989,0.8398966667290422,0.7727049333907189,556.9737758180554,614899.0485031332,2,0.0005249354167056515,0.0004829405833691994,0.92,4.199483333645212e-05,21963382.14668155,1757070.571734524,2285995.499276589,98.94799492389429,-7.58601294416523,277.6514272453006,922.3485727546998,0,0,528924.9275420654,1909859.317102744,0,0,1200,0.989,528924.9275420654,1909859.317102744,2,2,1200,98.94799492389429,0.8398966667290422,0.7727049333907189,556.9737758180554,614899.0485031332,0.0005249354167056515,0.0004829405833691994,0.92,4.199483333645212e-05,21963382.14668155,1757070.571734524,2285995.499276589,277.6514272453006,922.3485727546998,1200,0.0004829405833691994,-7.58601294416523
0.99,0.8398966667290422,0.7727049333907189,556.9737758180554,614899.0485031332,2,0.0005249354167056515,0.0004829405833691994,0.92,4.199483333645212e-05,21963382.14668155,1757070.571734524,2285995.499276589,98.94799492389429,-7.58601294416523,277.6514272453006,922.3485727546998,0,0,528924.9275420654,1909859.317102744,0,0,1200,0.99,528924.9275420654,1909859.317102744,2,2,1200,98.94799492389429,0.8398966667290422,0.7727049333907189,556.9737758180554,614899.0485031332,0.0005249354167056515,0.0004829405833691994,0.92,4.199483333645212e-05,21963382.14668155,1757070.571734524,2285995.499276589,277.6514272453006,922.3485727546998,1200,0.0004829405833691994,-7.58601294416523
0.991,0.8398966667290422,0.7727049333907189,556.9737758180554,614899.0485031332,2,0.0005249354167056515,0.0004829405833691994,0.92,4.199483333645212e-05,21963382.14668155,1757070.571734524,2285995.499276589,98.94799492389429,-7.58601294416523,277.6514272453006,922.3485727546998,0,0,528924.9275420654,1909859.317102744,0,0,1200,0.991,528924.9275420654,1909859.317102744,2,2,1200,98.94799492389429,0.8398966667290422,0.7727049333907189,556.9737758180554,614899.0485031332,0.0005249354167056515,0.0004829405833691994,0.92,4.199483333645212e-05,21963382.14668155,1757070.571734524,2285995.499276589,277.6514272453006,922.3485727546998,1200,0.0004829405833691994,-7.58601294416523
0.992,0.8398966667290422,0.7727049333907189,556.9737758180554,614899.0485031332,2,0.0005249354167056515,0.0004829405833691994,0.92,4.199483333645212e-05,21963382.14668155,1757070.571734524,2285995.499276589,98.94799492389429,-7.58601294416523,277.6514272453006,922.3485727546998,0,0,528924.9275420654,1909859.317102744,0,0,1200,0.992,528924.9275420654,1909859.317102744,2,2,1200,98.94799492389429,0.8398966667290422,0.7727049333907189,556.9737758180554,614899.0485031332,0.0005249354167056515,0.0004829405833691994,0.92,4.199483333645212e-05,21963382.14668155,1757070.571734524,2285995.499276589,277.6514272453006,922.3485727546998,1200,0.0004829405833691994,-7.58601294416523
0.993,0.8398966667290422,0.7727049333907189,556.9737758180554,614899.0485031332,2,0.0005249354167056515,0.0004829405833691994,0.92,4.199483333645212e-05,21963382.14668155,1757070.571734524,2285995.499276589,98.94799492389429,-7.58601294416523,277.6514272453006,922.3485727546998,0,0,528924.9275420654,1909859.317102744,0,0,1200,0.993,528924.9275420654,1909859.317102744,2,2,1200,98.94799492389429,0.8398966667290422,0.7727049333907189,556.9737758180554,614899.0485031332,0.0005249354167056515,0.0004829405833691994,0.92,4.199483333645212e-05,21963382.14668155,1757070.571734524,2285995.499276589,277.6514272453006,922.3485727546998,1200,0.0004829405833691994,-7.58601294416523
0.994,0.8398966667290422,0.7727049333907189,556.9737758180554,614899.0485031332,2,0.0005249354167056515,0.0004829405833691994,0.92,4.199483333645212e-05,21963382.14668155,1757070.571734524,2285995.499276589,98.94799492389429,-7.58601294416523,277.6514272453006,922.3485727546998,0,0,528924.9275420654,1909859.317102744,0,0,1200,0.994,528924.9275420654,1909859.317102744,2,2,1200,98.94799492389429,0.8398966667290422,0.7727049333907189,556.9737758180554,614899.0485031332,0.0005249354167056515,0.0004829405833691994,0.92,4.199483333645212e-05,21963382.14668155,1757070.571734524,2285995.499276589,277.6514272453006,922.3485727546998,1200,0.0004829405833691994,-7.58601294416523
0.995,0.8398966667290422,0.7727049333907189,556.9737758180554,614899.0485031332,2,0.0005249354167056515,0.0004829405833691994,0.92,4.199483333645212e-05,21963382.14668155,1757070.571734524,2285995.499276589,98.94799492389429,-7.58601294416523,277.6514272453006,922.3485727546998,0,0,528924.9275420654,1909859.317102744,0,0,1200,0.995,528924.9275420654,1909859.317102744,2,2,1200,98.94799492389429,0.8398966667290422,0.7727049333907189,556.9737758180554,614899.0485031332,0.0005249354167056515,0.0004829405833691994,0.92,4.199483333645212e-05,21963382.14668155,1757070.571734524,2285995.499276589,277.6514272453006,922.3485727546998,1200,0.0004829405833691994,-7.58601294416523
0.996,0.8398966667290422,0.7727049333907189,556.9737758180554,614899.0485031332,2,0.0005249354167056515,0.0004829405833691994,0.92,4.199483333645212e-05,21963382.14668155,1757070.571734524,2285995.499276589,98.94799492389429,-7.58601294416523,277.6514272453006,922.3485727546998,0,0,528924.9275420654,1909859.317102744,0,0,1200,0.996,528924.9275420654,1909859.317102744,2,2,1200,98.94799492389429,0.8398966667290422,0.7727049333907189,556.9737758180554,614899.0485031332,0.0005249354167056515,0.0004829405833691994,0.92,4.199483333645212e-05,21963382.14668155,1757070.571734524,2285995.499276589,277.6514272453006,922.3485727546998,1200,0.0004829405833691994,-7.58601294416523
0.997,0.8398966667290422,0.7727049333907189,556.9737758180554,614899.0485031332,2,0.0005249354167056515,0.0004829405833691994,0.92,4.199483333645212e-05,21963382.14668155,1757070.571734524,2285995.499276589,98.94799492389429,-7.58601294416523,277.6514272453006,922.3485727546998,0,0,528924.9275420654,1909859.317102744,0,0,1200,0.997,528924.9275420654,1909859.317102744,2,2,1200,98.94799492389429,0.8398966667290422,0.7727049333907189,556.9737758180554,614899.0485031332,0.0005249354167056515,0.0004829405833691994,0.92,4.199483333645212e-05,21963382.14668155,1757070.571734524,2285995.499276589,277.6514272453006,922.3485727546998,1200,0.0004829405833691994,-7.58601294416523
0.998,0.8398966667290422,0.7727049333907189,556.9737758180554,614899.0485031332,2,0.0005249354167056515,0.0004829405833691994,0.92,4.199483333645212e-05,21963382.14668155,1757070.571734524,2285995.499276589,98.94799492389429,-7.58601294416523,277.6514272453006,922.3485727546998,0,0,528924.9275420654,1909859.317102744,0,0,1200,0.998,528924.9275420654,1909859.317102744,2,2,1200,98.94799492389429,0.8398966667290422,0.7727049333907189,556.9737758180554,614899.0485031332,0.0005249354167056515,0.0004829405833691994,0.92,4.199483333645212e-05,21963382.14668155,1757070.571734524,2285995.499276589,277.6514272453006,922.3485727546998,1200,0.0004829405833691994,-7.58601294416523
0.999,0.8398966667290422,0.7727049333907189,556.9737758180554,614899.0485031332,2,0.0005249354167056515,0.0004829405833691994,0.92,4.199483333645212e-05,21963382.14668155,1757070.571734524,2285995.499276589,98.94799492389429,-7.58601294416523,277.6514272453006,922.3485727546998,0,0,528924.9275420654,1909859.317102744,0,0,1200,0.999,528924.9275420654,1909859.317102744,2,2,1200,98.94799492389429,0.8398966667290422,0.7727049333907189,556.9737758180554,614899.0485031332,0.0005249354167056515,0.0004829405833691994,0.92,4.199483333645212e-05,21963382.14668155,1757070.571734524,2285995.499276589,277.6514272453006,922.3485727546998,1200,0.0004829405833691994,-7.58601294416523
1,0.8398966667290422,0.7727049333907189,556.9737758180554,614899.0485031332,2,0.0005249354167056515,0.0004829405833691994,0.92,4.199483333645212e-05,21963382.14668155,1757070.571734524,2285995.499276589,98.94799492389429,-7.58601294416523,277.6514272453006,922.3485727546998,0,0,528924.9275420654,1909859.317102744,0,0,1200,1,528924.9275420654,1909859.317102744,2,2,1200,98.94799492389429,0.8398966667290422,0.7727049333907189,556.9737758180554,614899.0485031332,0.0005249354167056515,0.0004829405833691994,0.92,4.199483333645212e-05,21963382.14668155,1757070.571734524,2285995.499276589,277.6514272453006,922.3485727546998,1200,0.0004829405833691994,-7.58601294416523
1,0.8398966667290422,0.7727049333907189,556.9737758180554,614899.0485031332,2,0.0005249354167056515,0.0004829405833691994,0.92,4.199483333645212e-05,21963382.14668155,1757070.571734524,2285995.499276589,98.94799492389429,-7.58601294416523,277.6514272453006,922.3485727546998,0,0,528924.9275420654,1909859.317102744,0,0,1200,1,528924.9275420654,1909859.317102744,2,2,1200,98.94799492389429,0.8398966667290422,0.7727049333907189,556.9737758180554,614899.0485031332,0.0005249354167056515,0.0004829405833691994,0.92,4.199483333645212e-05,21963382.14668155,1757070.571734524,2285995.499276589,277.6514272453006,922.3485727546998,1200,0.0004829405833691994,-7.58601294416523
