"time","room_co2_mass_state","der(room_co2_mass_state)","ach_command_1_per_h","actual_co2_generation_kg_s","controller.requested_ach_1_per_h","normalized_co2_feedback","occupants_person","people_source_carrier_m_flow_kg_s","room_co2_mass_fraction_kgkg","room_co2_ppm","source_m_flow_command_kg_s","time_s","controller.invalidStartTime","controller.mode","controller_mode","controller.sensor_valid","sensor_fault_indication","controller.ach_command_1_per_h","controller.normalized_co2_feedback","normalizedFeedbackExpr.y","occupancySchedule.occupants_person","physical_supply_m_flow_kg_s","controller.controller_mode","controller.sensor_fault_indication"
0,0.054684,3.614007241618348e-22,0.2,0,-0.6999999999999993,0.3,0,0,0.0004557,299.9688479890934,-0.006666666666666667,0,0,1,0,1,0,0.2,0.3,0.3,0,0.006666666666666667,0,0
60,0.054684,3.614007241618348e-22,0.2,0,-0.6999999999999993,0.3,0,0,0.0004557,299.9688479890934,-0.006666666666666667,60,0,1,0,1,0,0.2,0.3,0.3,0,0.006666666666666667,0,0
120,0.054684,3.614007241618348e-22,0.2,0,-0.6999999999999993,0.3,0,0,0.0004557,299.9688479890934,-0.006666666666666667,120,0,1,0,1,0,0.2,0.3,0.3,0,0.006666666666666667,0,0
180,0.054684,3.614007241618348e-22,0.2,0,-0.6999999999999993,0.3,0,0,0.0004557,299.9688479890934,-0.006666666666666667,180,0,1,0,1,0,0.2,0.3,0.3,0,0.006666666666666667,0,0
240,0.054684,3.614007241618348e-22,0.2,0,-0.6999999999999993,0.3,0,0,0.0004557,299.9688479890934,-0.006666666666666667,240,0,1,0,1,0,0.2,0.3,0.3,0,0.006666666666666667,0,0
300,0.054684,3.614007241618348e-22,0.2,0,-0.6999999999999993,0.3,0,0,0.0004557,299.9688479890934,-0.006666666666666667,300,0,1,0,1,0,0.2,0.3,0.3,0,0.006666666666666667,0,0
360,0.054684,3.614007241618348e-22,0.2,0,-0.6999999999999993,0.3,0,0,0.0004557,299.9688479890934,-0.006666666666666667,360,0,1,0,1,0,0.2,0.3,0.3,0,0.006666666666666667,0,0
420,0.054684,3.614007241618348e-22,0.2,0,-0.6999999999999993,0.3,0,0,0.0004557,299.9688479890934,-0.006666666666666667,420,0,1,0,1,0,0.2,0.3,0.3,0,0.006666666666666667,0,0
480,0.054684,3.614007241618348e-22,0.2,0,-0.6999999999999993,0.3,0,0,0.0004557,299.9688479890934,-0.006666666666666667,480,0,1,0,1,0,0.2,0.3,0.3,0,0.006666666666666667,0,0
540,0.054684,3.614007241618348e-22,0.2,0,-0.6999999999999993,0.3,0,0,0.0004557,299.9688479890934,-0.006666666666666667,540,0,1,0,1,0,0.2,0.3,0.3,0,0.006666666666666667,0,0
600,0.054684,3.614007241618348e-22,0.2,0,-0.6999999999999993,0.3,0,0,0.0004557,299.9688479890934,-0.006666666666666667,600,0,1,0,1,0,0.2,0.3,0.3,0,0.006666666666666667,0,0
660,0.054684,3.614007241618348e-22,0.2,0,-0.6999999999999993,0.3,0,0,0.0004557,299.9688479890934,-0.006666666666666667,660,0,1,0,1,0,0.2,0.3,0.3,0,0.006666666666666667,0,0
720,0.054684,3.614007241618348e-22,0.2,0,-0.6999999999999993,0.3,0,0,0.0004557,299.9688479890934,-0.006666666666666667,720,0,1,0,1,0,0.2,0.3,0.3,0,0.006666666666666667,0,0
780,0.054684,3.614007241618348e-22,0.2,0,-0.6999999999999993,0.3,0,0,0.0004557,299.9688479890934,-0.006666666666666667,780,0,1,0,1,0,0.2,0.3,0.3,0,0.006666666666666667,0,0
840,0.054684,3.614007241618348e-22,0.2,0,-0.6999999999999993,0.3,0,0,0.0004557,299.9688479890934,-0.006666666666666667,840,0,1,0,1,0,0.2,0.3,0.3,0,0.006666666666666667,0,0
900,0.054684,3.614007241618348e-22,0.2,0,-0.6999999999999993,0.3,0,0,0.0004557,299.9688479890934,-0.006666666666666667,900,0,1,0,1,0,0.2,0.3,0.3,0,0.006666666666666667,0,0
960,0.054684,3.614007241618348e-22,0.2,0,-0.6999999999999993,0.3,0,0,0.0004557,299.9688479890934,-0.006666666666666667,960,0,1,0,1,0,0.2,0.3,0.3,0,0.006666666666666667,0,0
1020,0.054684,3.614007241618348e-22,0.2,0,-0.6999999999999993,0.3,0,0,0.0004557,299.9688479890934,-0.006666666666666667,1020,0,1,0,1,0,0.2,0.3,0.3,0,0.006666666666666667,0,0
1080,0.054684,3.614007241618348e-22,0.2,0,-0.6999999999999993,0.3,0,0,0.0004557,299.9688479890934,-0.006666666666666667,1080,0,1,0,1,0,0.2,0.3,0.3,0,0.006666666666666667,0,0
1140,0.054684,3.614007241618348e-22,0.2,0,-0.6999999999999993,0.3,0,0,0.0004557,299.9688479890934,-0.006666666666666667,1140,0,1,0,1,0,0.2,0.3,0.3,0,0.006666666666666667,0,0
1200,0.054684,3.614007241618348e-22,0.2,0,-0.6999999999999993,0.3,0,0,0.0004557,299.9688479890934,-0.006666666666666667,1200,0,1,0,1,0,0.2,0.3,0.3,0,0.006666666666666667,0,0
1260,0.054684,3.614007241618348e-22,0.2,0,-0.6999999999999993,0.3,0,0,0.0004557,299.9688479890934,-0.006666666666666667,1260,0,1,0,1,0,0.2,0.3,0.3,0,0.006666666666666667,0,0
1320,0.054684,3.614007241618348e-22,0.2,0,-0.6999999999999993,0.3,0,0,0.0004557,299.9688479890934,-0.006666666666666667,1320,0,1,0,1,0,0.2,0.3,0.3,0,0.006666666666666667,0,0
1380,0.054684,3.614007241618348e-22,0.2,0,-0.6999999999999993,0.3,0,0,0.0004557,299.9688479890934,-0.006666666666666667,1380,0,1,0,1,0,0.2,0.3,0.3,0,0.006666666666666667,0,0
1440,0.054684,3.614007241618348e-22,0.2,0,-0.6999999999999993,0.3,0,0,0.0004557,299.9688479890934,-0.006666666666666667,1440,0,1,0,1,0,0.2,0.3,0.3,0,0.006666666666666667,0,0
1500,0.054684,3.614007241618348e-22,0.2,0,-0.6999999999999993,0.3,0,0,0.0004557,299.9688479890934,-0.006666666666666667,1500,0,1,0,1,0,0.2,0.3,0.3,0,0.006666666666666667,0,0
1560,0.054684,3.614007241618348e-22,0.2,0,-0.6999999999999993,0.3,0,0,0.0004557,299.9688479890934,-0.006666666666666667,1560,0,1,0,1,0,0.2,0.3,0.3,0,0.006666666666666667,0,0
1620,0.054684,3.614007241618348e-22,0.2,0,-0.6999999999999993,0.3,0,0,0.0004557,299.9688479890934,-0.006666666666666667,1620,0,1,0,1,0,0.2,0.3,0.3,0,0.006666666666666667,0,0
1680,0.054684,3.614007241618348e-22,0.2,0,-0.6999999999999993,0.3,0,0,0.0004557,299.9688479890934,-0.006666666666666667,1680,0,1,0,1,0,0.2,0.3,0.3,0,0.006666666666666667,0,0
1740,0.054684,3.614007241618348e-22,0.2,0,-0.6999999999999993,0.3,0,0,0.0004557,299.9688479890934,-0.006666666666666667,1740,0,1,0,1,0,0.2,0.3,0.3,0,0.006666666666666667,0,0
1800,0.054684,3.614007241618348e-22,0.2,0,-0.6999999999999993,0.3,0,0,0.0004557,299.9688479890934,-0.006666666666666667,1800,0,1,0,1,0,0.2,0.3,0.3,0,0.006666666666666667,0,0
1860,0.054684,3.614007241618348e-22,0.2,0,-0.6999999999999993,0.3,0,0,0.0004557,299.9688479890934,-0.006666666666666667,1860,0,1,0,1,0,0.2,0.3,0.3,0,0.006666666666666667,0,0
1920,0.054684,3.614007241618348e-22,0.2,0,-0.6999999999999993,0.3,0,0,0.0004557,299.9688479890934,-0.006666666666666667,1920,0,1,0,1,0,0.2,0.3,0.3,0,0.006666666666666667,0,0
1980,0.054684,3.614007241618348e-22,0.2,0,-0.6999999999999993,0.3,0,0,0.0004557,299.9688479890934,-0.006666666666666667,1980,0,1,0,1,0,0.2,0.3,0.3,0,0.006666666666666667,0,0
2040,0.054684,3.614007241618348e-22,0.2,0,-0.6999999999999993,0.3,0,0,0.0004557,299.9688479890934,-0.006666666666666667,2040,0,1,0,1,0,0.2,0.3,0.3,0,0.006666666666666667,0,0
2100,0.054684,3.614007241618348e-22,0.2,0,-0.6999999999999993,0.3,0,0,0.0004557,299.9688479890934,-0.006666666666666667,2100,0,1,0,1,0,0.2,0.3,0.3,0,0.006666666666666667,0,0
2160,0.054684,3.614007241618348e-22,0.2,0,-0.6999999999999993,0.3,0,0,0.0004557,299.9688479890934,-0.006666666666666667,2160,0,1,0,1,0,0.2,0.3,0.3,0,0.006666666666666667,0,0
2220,0.054684,3.614007241618348e-22,0.2,0,-0.6999999999999993,0.3,0,0,0.0004557,299.9688479890934,-0.006666666666666667,2220,0,1,0,1,0,0.2,0.3,0.3,0,0.006666666666666667,0,0
2280,0.054684,3.614007241618348e-22,0.2,0,-0.6999999999999993,0.3,0,0,0.0004557,299.9688479890934,-0.006666666666666667,2280,0,1,0,1,0,0.2,0.3,0.3,0,0.006666666666666667,0,0
2340,0.054684,3.614007241618348e-22,0.2,0,-0.6999999999999993,0.3,0,0,0.0004557,299.9688479890934,-0.006666666666666667,2340,0,1,0,1,0,0.2,0.3,0.3,0,0.006666666666666667,0,0
2400,0.054684,3.614007241618348e-22,0.2,0,-0.6999999999999993,0.3,0,0,0.0004557,299.9688479890934,-0.006666666666666667,2400,0,1,0,1,0,0.2,0.3,0.3,0,0.006666666666666667,0,0
2460,0.054684,3.614007241618348e-22,0.2,0,-0.6999999999999993,0.3,0,0,0.0004557,299.9688479890934,-0.006666666666666667,2460,0,1,0,1,0,0.2,0.3,0.3,0,0.006666666666666667,0,0
2520,0.054684,3.614007241618348e-22,0.2,0,-0.6999999999999993,0.3,0,0,0.0004557,299.9688479890934,-0.006666666666666667,2520,0,1,0,1,0,0.2,0.3,0.3,0,0.006666666666666667,0,0
2580,0.054684,3.614007241618348e-22,0.2,0,-0.6999999999999993,0.3,0,0,0.0004557,299.9688479890934,-0.006666666666666667,2580,0,1,0,1,0,0.2,0.3,0.3,0,0.006666666666666667,0,0
2640,0.054684,3.614007241618348e-22,0.2,0,-0.6999999999999993,0.3,0,0,0.0004557,299.9688479890934,-0.006666666666666667,2640,0,1,0,1,0,0.2,0.3,0.3,0,0.006666666666666667,0,0
2700,0.054684,3.614007241618348e-22,0.2,0,-0.6999999999999993,0.3,0,0,0.0004557,299.9688479890934,-0.006666666666666667,2700,0,1,0,1,0,0.2,0.3,0.3,0,0.006666666666666667,0,0
2760,0.054684,3.614007241618348e-22,0.2,0,-0.6999999999999993,0.3,0,0,0.0004557,299.9688479890934,-0.006666666666666667,2760,0,1,0,1,0,0.2,0.3,0.3,0,0.006666666666666667,0,0
2820,0.054684,3.614007241618348e-22,0.2,0,-0.6999999999999993,0.3,0,0,0.0004557,299.9688479890934,-0.006666666666666667,2820,0,1,0,1,0,0.2,0.3,0.3,0,0.006666666666666667,0,0
2880,0.054684,3.614007241618348e-22,0.2,0,-0.6999999999999993,0.3,0,0,0.0004557,299.9688479890934,-0.006666666666666667,2880,0,1,0,1,0,0.2,0.3,0.3,0,0.006666666666666667,0,0
2940,0.054684,3.614007241618348e-22,0.2,0,-0.6999999999999993,0.3,0,0,0.0004557,299.9688479890934,-0.006666666666666667,2940,0,1,0,1,0,0.2,0.3,0.3,0,0.006666666666666667,0,0
3000,0.054684,3.614007241618348e-22,0.2,0,-0.6999999999999993,0.3,0,0,0.0004557,299.9688479890934,-0.006666666666666667,3000,0,1,0,1,0,0.2,0.3,0.3,0,0.006666666666666667,0,0
3060,0.054684,3.614007241618348e-22,0.2,0,-0.6999999999999993,0.3,0,0,0.0004557,299.9688479890934,-0.006666666666666667,3060,0,1,0,1,0,0.2,0.3,0.3,0,0.006666666666666667,0,0
3120,0.054684,3.614007241618348e-22,0.2,0,-0.6999999999999993,0.3,0,0,0.0004557,299.9688479890934,-0.006666666666666667,3120,0,1,0,1,0,0.2,0.3,0.3,0,0.006666666666666667,0,0
3180,0.054684,3.614007241618348e-22,0.2,0,-0.6999999999999993,0.3,0,0,0.0004557,299.9688479890934,-0.006666666666666667,3180,0,1,0,1,0,0.2,0.3,0.3,0,0.006666666666666667,0,0
3240,0.054684,3.614007241618348e-22,0.2,0,-0.6999999999999993,0.3,0,0,0.0004557,299.9688479890934,-0.006666666666666667,3240,0,1,0,1,0,0.2,0.3,0.3,0,0.006666666666666667,0,0
3300,0.054684,3.614007241618348e-22,0.2,0,-0.6999999999999993,0.3,0,0,0.0004557,299.9688479890934,-0.006666666666666667,3300,0,1,0,1,0,0.2,0.3,0.3,0,0.006666666666666667,0,0
3360,0.054684,3.614007241618348e-22,0.2,0,-0.6999999999999993,0.3,0,0,0.0004557,299.9688479890934,-0.006666666666666667,3360,0,1,0,1,0,0.2,0.3,0.3,0,0.006666666666666667,0,0
3420,0.054684,3.614007241618348e-22,0.2,0,-0.6999999999999993,0.3,0,0,0.0004557,299.9688479890934,-0.006666666666666667,3420,0,1,0,1,0,0.2,0.3,0.3,0,0.006666666666666667,0,0
3480,0.054684,3.614007241618348e-22,0.2,0,-0.6999999999999993,0.3,0,0,0.0004557,299.9688479890934,-0.006666666666666667,3480,0,1,0,1,0,0.2,0.3,0.3,0,0.006666666666666667,0,0
3540,0.054684,3.614007241618348e-22,0.2,0,-0.6999999999999993,0.3,0,0,0.0004557,299.9688479890934,-0.006666666666666667,3540,0,1,0,1,0,0.2,0.3,0.3,0,0.006666666666666667,0,0
3600,0.054684,3.614007241618348e-22,0.2,0,-0.6999999999999993,0.3,0,0,0.0004557,299.9688479890934,-0.006666666666666667,3600,0,1,0,1,0,0.2,0.3,0.3,0,0.006666666666666667,0,0
3660,0.054684,3.614007241618348e-22,0.2,0,-0.6999999999999993,0.3,0,0,0.0004557,299.9688479890934,-0.006666666666666667,3660,0,1,0,1,0,0.2,0.3,0.3,0,0.006666666666666667,0,0
3720,0.054684,3.614007241618348e-22,0.2,0,-0.6999999999999993,0.3,0,0,0.0004557,299.9688479890934,-0.006666666666666667,3720,0,1,0,1,0,0.2,0.3,0.3,0,0.006666666666666667,0,0
3780,0.054684,3.614007241618348e-22,0.2,0,-0.6999999999999993,0.3,0,0,0.0004557,299.9688479890934,-0.006666666666666667,3780,0,1,0,1,0,0.2,0.3,0.3,0,0.006666666666666667,0,0
3840,0.054684,3.614007241618348e-22,0.2,0,-0.6999999999999993,0.3,0,0,0.0004557,299.9688479890934,-0.006666666666666667,3840,0,1,0,1,0,0.2,0.3,0.3,0,0.006666666666666667,0,0
3900,0.054684,3.614007241618348e-22,0.2,0,-0.6999999999999993,0.3,0,0,0.0004557,299.9688479890934,-0.006666666666666667,3900,0,1,0,1,0,0.2,0.3,0.3,0,0.006666666666666667,0,0
3960,0.054684,3.614007241618348e-22,0.2,0,-0.6999999999999993,0.3,0,0,0.0004557,299.9688479890934,-0.006666666666666667,3960,0,1,0,1,0,0.2,0.3,0.3,0,0.006666666666666667,0,0
4020,0.054684,3.614007241618348e-22,0.2,0,-0.6999999999999993,0.3,0,0,0.0004557,299.9688479890934,-0.006666666666666667,4020,0,1,0,1,0,0.2,0.3,0.3,0,0.006666666666666667,0,0
4080,0.054684,3.614007241618348e-22,0.2,0,-0.6999999999999993,0.3,0,0,0.0004557,299.9688479890934,-0.006666666666666667,4080,0,1,0,1,0,0.2,0.3,0.3,0,0.006666666666666667,0,0
4140,0.054684,3.614007241618348e-22,0.2,0,-0.6999999999999993,0.3,0,0,0.0004557,299.9688479890934,-0.006666666666666667,4140,0,1,0,1,0,0.2,0.3,0.3,0,0.006666666666666667,0,0
4200,0.054684,3.614007241618348e-22,0.2,0,-0.6999999999999993,0.3,0,0,0.0004557,299.9688479890934,-0.006666666666666667,4200,0,1,0,1,0,0.2,0.3,0.3,0,0.006666666666666667,0,0
4260,0.054684,3.614007241618348e-22,0.2,0,-0.6999999999999993,0.3,0,0,0.0004557,299.9688479890934,-0.006666666666666667,4260,0,1,0,1,0,0.2,0.3,0.3,0,0.006666666666666667,0,0
4320,0.054684,3.614007241618348e-22,0.2,0,-0.6999999999999993,0.3,0,0,0.0004557,299.9688479890934,-0.006666666666666667,4320,0,1,0,1,0,0.2,0.3,0.3,0,0.006666666666666667,0,0
4380,0.054684,3.614007241618348e-22,0.2,0,-0.6999999999999993,0.3,0,0,0.0004557,299.9688479890934,-0.006666666666666667,4380,0,1,0,1,0,0.2,0.3,0.3,0,0.006666666666666667,0,0
4440,0.054684,3.614007241618348e-22,0.2,0,-0.6999999999999993,0.3,0,0,0.0004557,299.9688479890934,-0.006666666666666667,4440,0,1,0,1,0,0.2,0.3,0.3,0,0.006666666666666667,0,0
4500,0.054684,3.614007241618348e-22,0.2,0,-0.6999999999999993,0.3,0,0,0.0004557,299.9688479890934,-0.006666666666666667,4500,0,1,0,1,0,0.2,0.3,0.3,0,0.006666666666666667,0,0
4560,0.054684,3.614007241618348e-22,0.2,0,-0.6999999999999993,0.3,0,0,0.0004557,299.9688479890934,-0.006666666666666667,4560,0,1,0,1,0,0.2,0.3,0.3,0,0.006666666666666667,0,0
4620,0.054684,3.614007241618348e-22,0.2,0,-0.6999999999999993,0.3,0,0,0.0004557,299.9688479890934,-0.006666666666666667,4620,0,1,0,1,0,0.2,0.3,0.3,0,0.006666666666666667,0,0
4680,0.054684,3.614007241618348e-22,0.2,0,-0.6999999999999993,0.3,0,0,0.0004557,299.9688479890934,-0.006666666666666667,4680,0,1,0,1,0,0.2,0.3,0.3,0,0.006666666666666667,0,0
4740,0.054684,3.614007241618348e-22,0.2,0,-0.6999999999999993,0.3,0,0,0.0004557,299.9688479890934,-0.006666666666666667,4740,0,1,0,1,0,0.2,0.3,0.3,0,0.006666666666666667,0,0
4800,0.054684,3.614007241618348e-22,0.2,0,-0.6999999999999993,0.3,0,0,0.0004557,299.9688479890934,-0.006666666666666667,4800,0,1,0,1,0,0.2,0.3,0.3,0,0.006666666666666667,0,0
4860,0.054684,3.614007241618348e-22,0.2,0,-0.6999999999999993,0.3,0,0,0.0004557,299.9688479890934,-0.006666666666666667,4860,0,1,0,1,0,0.2,0.3,0.3,0,0.006666666666666667,0,0
4920,0.054684,3.614007241618348e-22,0.2,0,-0.6999999999999993,0.3,0,0,0.0004557,299.9688479890934,-0.006666666666666667,4920,0,1,0,1,0,0.2,0.3,0.3,0,0.006666666666666667,0,0
4980,0.054684,3.614007241618348e-22,0.2,0,-0.6999999999999993,0.3,0,0,0.0004557,299.9688479890934,-0.006666666666666667,4980,0,1,0,1,0,0.2,0.3,0.3,0,0.006666666666666667,0,0
5040,0.054684,3.614007241618348e-22,0.2,0,-0.6999999999999993,0.3,0,0,0.0004557,299.9688479890934,-0.006666666666666667,5040,0,1,0,1,0,0.2,0.3,0.3,0,0.006666666666666667,0,0
5100,0.054684,3.614007241618348e-22,0.2,0,-0.6999999999999993,0.3,0,0,0.0004557,299.9688479890934,-0.006666666666666667,5100,0,1,0,1,0,0.2,0.3,0.3,0,0.006666666666666667,0,0
5160,0.054684,3.614007241618348e-22,0.2,0,-0.6999999999999993,0.3,0,0,0.0004557,299.9688479890934,-0.006666666666666667,5160,0,1,0,1,0,0.2,0.3,0.3,0,0.006666666666666667,0,0
5220,0.054684,3.614007241618348e-22,0.2,0,-0.6999999999999993,0.3,0,0,0.0004557,299.9688479890934,-0.006666666666666667,5220,0,1,0,1,0,0.2,0.3,0.3,0,0.006666666666666667,0,0
5280,0.054684,3.614007241618348e-22,0.2,0,-0.6999999999999993,0.3,0,0,0.0004557,299.9688479890934,-0.006666666666666667,5280,0,1,0,1,0,0.2,0.3,0.3,0,0.006666666666666667,0,0
5340,0.054684,3.614007241618348e-22,0.2,0,-0.6999999999999993,0.3,0,0,0.0004557,299.9688479890934,-0.006666666666666667,5340,0,1,0,1,0,0.2,0.3,0.3,0,0.006666666666666667,0,0
5400,0.054684,3.614007241618348e-22,0.2,0,-0.6999999999999993,0.3,0,0,0.0004557,299.9688479890934,-0.006666666666666667,5400,0,1,0,1,0,0.2,0.3,0.3,0,0.006666666666666667,0,0
5460,0.054684,3.614007241618348e-22,0.2,0,-0.6999999999999993,0.3,0,0,0.0004557,299.9688479890934,-0.006666666666666667,5460,0,1,0,1,0,0.2,0.3,0.3,0,0.006666666666666667,0,0
5520,0.054684,3.614007241618348e-22,0.2,0,-0.6999999999999993,0.3,0,0,0.0004557,299.9688479890934,-0.006666666666666667,5520,0,1,0,1,0,0.2,0.3,0.3,0,0.006666666666666667,0,0
5580,0.054684,3.614007241618348e-22,0.2,0,-0.6999999999999993,0.3,0,0,0.0004557,299.9688479890934,-0.006666666666666667,5580,0,1,0,1,0,0.2,0.3,0.3,0,0.006666666666666667,0,0
5640,0.054684,3.614007241618348e-22,0.2,0,-0.6999999999999993,0.3,0,0,0.0004557,299.9688479890934,-0.006666666666666667,5640,0,1,0,1,0,0.2,0.3,0.3,0,0.006666666666666667,0,0
5700,0.054684,3.614007241618348e-22,0.2,0,-0.6999999999999993,0.3,0,0,0.0004557,299.9688479890934,-0.006666666666666667,5700,0,1,0,1,0,0.2,0.3,0.3,0,0.006666666666666667,0,0
5760,0.054684,3.614007241618348e-22,0.2,0,-0.6999999999999993,0.3,0,0,0.0004557,299.9688479890934,-0.006666666666666667,5760,0,1,0,1,0,0.2,0.3,0.3,0,0.006666666666666667,0,0
5820,0.054684,3.614007241618348e-22,0.2,0,-0.6999999999999993,0.3,0,0,0.0004557,299.9688479890934,-0.006666666666666667,5820,0,1,0,1,0,0.2,0.3,0.3,0,0.006666666666666667,0,0
5880,0.054684,3.614007241618348e-22,0.2,0,-0.6999999999999993,0.3,0,0,0.0004557,299.9688479890934,-0.006666666666666667,5880,0,1,0,1,0,0.2,0.3,0.3,0,0.006666666666666667,0,0
5940,0.054684,3.614007241618348e-22,0.2,0,-0.6999999999999993,0.3,0,0,0.0004557,299.9688479890934,-0.006666666666666667,5940,0,1,0,1,0,0.2,0.3,0.3,0,0.006666666666666667,0,0
6000,0.054684,3.614007241618348e-22,0.2,0,-0.6999999999999993,0.3,0,0,0.0004557,299.9688479890934,-0.006666666666666667,6000,0,1,0,1,0,0.2,0.3,0.3,0,0.006666666666666667,0,0
6060,0.054684,3.614007241618348e-22,0.2,0,-0.6999999999999993,0.3,0,0,0.0004557,299.9688479890934,-0.006666666666666667,6060,0,1,0,1,0,0.2,0.3,0.3,0,0.006666666666666667,0,0
6120,0.054684,3.614007241618348e-22,0.2,0,-0.6999999999999993,0.3,0,0,0.0004557,299.9688479890934,-0.006666666666666667,6120,0,1,0,1,0,0.2,0.3,0.3,0,0.006666666666666667,0,0
6180,0.054684,3.614007241618348e-22,0.2,0,-0.6999999999999993,0.3,0,0,0.0004557,299.9688479890934,-0.006666666666666667,6180,0,1,0,1,0,0.2,0.3,0.3,0,0.006666666666666667,0,0
6240,0.054684,3.614007241618348e-22,0.2,0,-0.6999999999999993,0.3,0,0,0.0004557,299.9688479890934,-0.006666666666666667,6240,0,1,0,1,0,0.2,0.3,0.3,0,0.006666666666666667,0,0
6300,0.054684,3.614007241618348e-22,0.2,0,-0.6999999999999993,0.3,0,0,0.0004557,299.9688479890934,-0.006666666666666667,6300,0,1,0,1,0,0.2,0.3,0.3,0,0.006666666666666667,0,0
6360,0.054684,3.614007241618348e-22,0.2,0,-0.6999999999999993,0.3,0,0,0.0004557,299.9688479890934,-0.006666666666666667,6360,0,1,0,1,0,0.2,0.3,0.3,0,0.006666666666666667,0,0
6420,0.054684,3.614007241618348e-22,0.2,0,-0.6999999999999993,0.3,0,0,0.0004557,299.9688479890934,-0.006666666666666667,6420,0,1,0,1,0,0.2,0.3,0.3,0,0.006666666666666667,0,0
6480,0.054684,3.614007241618348e-22,0.2,0,-0.6999999999999993,0.3,0,0,0.0004557,299.9688479890934,-0.006666666666666667,6480,0,1,0,1,0,0.2,0.3,0.3,0,0.006666666666666667,0,0
6540,0.054684,3.614007241618348e-22,0.2,0,-0.6999999999999993,0.3,0,0,0.0004557,299.9688479890934,-0.006666666666666667,6540,0,1,0,1,0,0.2,0.3,0.3,0,0.006666666666666667,0,0
6600,0.054684,3.614007241618348e-22,0.2,0,-0.6999999999999993,0.3,0,0,0.0004557,299.9688479890934,-0.006666666666666667,6600,0,1,0,1,0,0.2,0.3,0.3,0,0.006666666666666667,0,0
6660,0.054684,3.614007241618348e-22,0.2,0,-0.6999999999999993,0.3,0,0,0.0004557,299.9688479890934,-0.006666666666666667,6660,0,1,0,1,0,0.2,0.3,0.3,0,0.006666666666666667,0,0
6720,0.054684,3.614007241618348e-22,0.2,0,-0.6999999999999993,0.3,0,0,0.0004557,299.9688479890934,-0.006666666666666667,6720,0,1,0,1,0,0.2,0.3,0.3,0,0.006666666666666667,0,0
6780,0.054684,3.614007241618348e-22,0.2,0,-0.6999999999999993,0.3,0,0,0.0004557,299.9688479890934,-0.006666666666666667,6780,0,1,0,1,0,0.2,0.3,0.3,0,0.006666666666666667,0,0
6840,0.054684,3.614007241618348e-22,0.2,0,-0.6999999999999993,0.3,0,0,0.0004557,299.9688479890934,-0.006666666666666667,6840,0,1,0,1,0,0.2,0.3,0.3,0,0.006666666666666667,0,0
6900,0.054684,3.614007241618348e-22,0.2,0,-0.6999999999999993,0.3,0,0,0.0004557,299.9688479890934,-0.006666666666666667,6900,0,1,0,1,0,0.2,0.3,0.3,0,0.006666666666666667,0,0
6960,0.054684,3.614007241618348e-22,0.2,0,-0.6999999999999993,0.3,0,0,0.0004557,299.9688479890934,-0.006666666666666667,6960,0,1,0,1,0,0.2,0.3,0.3,0,0.006666666666666667,0,0
7020,0.054684,3.614007241618348e-22,0.2,0,-0.6999999999999993,0.3,0,0,0.0004557,299.9688479890934,-0.006666666666666667,7020,0,1,0,1,0,0.2,0.3,0.3,0,0.006666666666666667,0,0
7080,0.054684,3.614007241618348e-22,0.2,0,-0.6999999999999993,0.3,0,0,0.0004557,299.9688479890934,-0.006666666666666667,7080,0,1,0,1,0,0.2,0.3,0.3,0,0.006666666666666667,0,0
7140,0.054684,3.614007241618348e-22,0.2,0,-0.6999999999999993,0.3,0,0,0.0004557,299.9688479890934,-0.006666666666666667,7140,0,1,0,1,0,0.2,0.3,0.3,0,0.006666666666666667,0,0
7200,0.054684,3.614007241618348e-22,0.2,0,-0.6999999999999993,0.3,0,0,0.0004557,299.9688479890934,-0.006666666666666667,7200,0,1,0,1,0,0.2,0.3,0.3,0,0.006666666666666667,0,0
7260,0.054684,3.614007241618348e-22,0.2,0,-0.6999999999999993,0.3,0,0,0.0004557,299.9688479890934,-0.006666666666666667,7260,0,1,0,1,0,0.2,0.3,0.3,0,0.006666666666666667,0,0
7320,0.054684,3.614007241618348e-22,0.2,0,-0.6999999999999993,0.3,0,0,0.0004557,299.9688479890934,-0.006666666666666667,7320,0,1,0,1,0,0.2,0.3,0.3,0,0.006666666666666667,0,0
7380,0.054684,3.614007241618348e-22,0.2,0,-0.6999999999999993,0.3,0,0,0.0004557,299.9688479890934,-0.006666666666666667,7380,0,1,0,1,0,0.2,0.3,0.3,0,0.006666666666666667,0,0
7440,0.054684,3.614007241618348e-22,0.2,0,-0.6999999999999993,0.3,0,0,0.0004557,299.9688479890934,-0.006666666666666667,7440,0,1,0,1,0,0.2,0.3,0.3,0,0.006666666666666667,0,0
7500,0.054684,3.614007241618348e-22,0.2,0,-0.6999999999999993,0.3,0,0,0.0004557,299.9688479890934,-0.006666666666666667,7500,0,1,0,1,0,0.2,0.3,0.3,0,0.006666666666666667,0,0
7560,0.054684,3.614007241618348e-22,0.2,0,-0.6999999999999993,0.3,0,0,0.0004557,299.9688479890934,-0.006666666666666667,7560,0,1,0,1,0,0.2,0.3,0.3,0,0.006666666666666667,0,0
7620,0.054684,3.614007241618348e-22,0.2,0,-0.6999999999999993,0.3,0,0,0.0004557,299.9688479890934,-0.006666666666666667,7620,0,1,0,1,0,0.2,0.3,0.3,0,0.006666666666666667,0,0
7680,0.054684,3.614007241618348e-22,0.2,0,-0.6999999999999993,0.3,0,0,0.0004557,299.9688479890934,-0.006666666666666667,7680,0,1,0,1,0,0.2,0.3,0.3,0,0.006666666666666667,0,0
7740,0.054684,3.614007241618348e-22,0.2,0,-0.6999999999999993,0.3,0,0,0.0004557,299.9688479890934,-0.006666666666666667,7740,0,1,0,1,0,0.2,0.3,0.3,0,0.006666666666666667,0,0
7800,0.054684,3.614007241618348e-22,0.2,0,-0.6999999999999993,0.3,0,0,0.0004557,299.9688479890934,-0.006666666666666667,7800,0,1,0,1,0,0.2,0.3,0.3,0,0.006666666666666667,0,0
7860,0.054684,3.614007241618348e-22,0.2,0,-0.6999999999999993,0.3,0,0,0.0004557,299.9688479890934,-0.006666666666666667,7860,0,1,0,1,0,0.2,0.3,0.3,0,0.006666666666666667,0,0
7920,0.054684,3.614007241618348e-22,0.2,0,-0.6999999999999993,0.3,0,0,0.0004557,299.9688479890934,-0.006666666666666667,7920,0,1,0,1,0,0.2,0.3,0.3,0,0.006666666666666667,0,0
7980,0.054684,3.614007241618348e-22,0.2,0,-0.6999999999999993,0.3,0,0,0.0004557,299.9688479890934,-0.006666666666666667,7980,0,1,0,1,0,0.2,0.3,0.3,0,0.006666666666666667,0,0
8040,0.054684,3.614007241618348e-22,0.2,0,-0.6999999999999993,0.3,0,0,0.0004557,299.9688479890934,-0.006666666666666667,8040,0,1,0,1,0,0.2,0.3,0.3,0,0.006666666666666667,0,0
8100,0.054684,3.614007241618348e-22,0.2,0,-0.6999999999999993,0.3,0,0,0.0004557,299.9688479890934,-0.006666666666666667,8100,0,1,0,1,0,0.2,0.3,0.3,0,0.006666666666666667,0,0
8160,0.054684,3.614007241618348e-22,0.2,0,-0.6999999999999993,0.3,0,0,0.0004557,299.9688479890934,-0.006666666666666667,8160,0,1,0,1,0,0.2,0.3,0.3,0,0.006666666666666667,0,0
8220,0.054684,3.614007241618348e-22,0.2,0,-0.6999999999999993,0.3,0,0,0.0004557,299.9688479890934,-0.006666666666666667,8220,0,1,0,1,0,0.2,0.3,0.3,0,0.006666666666666667,0,0
8280,0.054684,3.614007241618348e-22,0.2,0,-0.6999999999999993,0.3,0,0,0.0004557,299.9688479890934,-0.006666666666666667,8280,0,1,0,1,0,0.2,0.3,0.3,0,0.006666666666666667,0,0
8340,0.054684,3.614007241618348e-22,0.2,0,-0.6999999999999993,0.3,0,0,0.0004557,299.9688479890934,-0.006666666666666667,8340,0,1,0,1,0,0.2,0.3,0.3,0,0.006666666666666667,0,0
8400,0.054684,3.614007241618348e-22,0.2,0,-0.6999999999999993,0.3,0,0,0.0004557,299.9688479890934,-0.006666666666666667,8400,0,1,0,1,0,0.2,0.3,0.3,0,0.006666666666666667,0,0
8460,0.054684,3.614007241618348e-22,0.2,0,-0.6999999999999993,0.3,0,0,0.0004557,299.9688479890934,-0.006666666666666667,8460,0,1,0,1,0,0.2,0.3,0.3,0,0.006666666666666667,0,0
8520,0.054684,3.614007241618348e-22,0.2,0,-0.6999999999999993,0.3,0,0,0.0004557,299.9688479890934,-0.006666666666666667,8520,0,1,0,1,0,0.2,0.3,0.3,0,0.006666666666666667,0,0
8580,0.054684,3.614007241618348e-22,0.2,0,-0.6999999999999993,0.3,0,0,0.0004557,299.9688479890934,-0.006666666666666667,8580,0,1,0,1,0,0.2,0.3,0.3,0,0.006666666666666667,0,0
8640,0.054684,3.614007241618348e-22,0.2,0,-0.6999999999999993,0.3,0,0,0.0004557,299.9688479890934,-0.006666666666666667,8640,0,1,0,1,0,0.2,0.3,0.3,0,0.006666666666666667,0,0
8700,0.054684,3.614007241618348e-22,0.2,0,-0.6999999999999993,0.3,0,0,0.0004557,299.9688479890934,-0.006666666666666667,8700,0,1,0,1,0,0.2,0.3,0.3,0,0.006666666666666667,0,0
8760,0.054684,3.614007241618348e-22,0.2,0,-0.6999999999999993,0.3,0,0,0.0004557,299.9688479890934,-0.006666666666666667,8760,0,1,0,1,0,0.2,0.3,0.3,0,0.006666666666666667,0,0
8820,0.054684,3.614007241618348e-22,0.2,0,-0.6999999999999993,0.3,0,0,0.0004557,299.9688479890934,-0.006666666666666667,8820,0,1,0,1,0,0.2,0.3,0.3,0,0.006666666666666667,0,0
8880,0.054684,3.614007241618348e-22,0.2,0,-0.6999999999999993,0.3,0,0,0.0004557,299.9688479890934,-0.006666666666666667,8880,0,1,0,1,0,0.2,0.3,0.3,0,0.006666666666666667,0,0
8940,0.054684,3.614007241618348e-22,0.2,0,-0.6999999999999993,0.3,0,0,0.0004557,299.9688479890934,-0.006666666666666667,8940,0,1,0,1,0,0.2,0.3,0.3,0,0.006666666666666667,0,0
9000,0.054684,3.614007241618348e-22,0.2,0,-0.6999999999999993,0.3,0,0,0.0004557,299.9688479890934,-0.006666666666666667,9000,0,1,0,1,0,0.2,0.3,0.3,0,0.006666666666666667,0,0
9060,0.054684,3.614007241618348e-22,0.2,0,-0.6999999999999993,0.3,0,0,0.0004557,299.9688479890934,-0.006666666666666667,9060,0,1,0,1,0,0.2,0.3,0.3,0,0.006666666666666667,0,0
9120,0.054684,3.614007241618348e-22,0.2,0,-0.6999999999999993,0.3,0,0,0.0004557,299.9688479890934,-0.006666666666666667,9120,0,1,0,1,0,0.2,0.3,0.3,0,0.006666666666666667,0,0
9180,0.054684,3.614007241618348e-22,0.2,0,-0.6999999999999993,0.3,0,0,0.0004557,299.9688479890934,-0.006666666666666667,9180,0,1,0,1,0,0.2,0.3,0.3,0,0.006666666666666667,0,0
9240,0.054684,3.614007241618348e-22,0.2,0,-0.6999999999999993,0.3,0,0,0.0004557,299.9688479890934,-0.006666666666666667,9240,0,1,0,1,0,0.2,0.3,0.3,0,0.006666666666666667,0,0
9300,0.054684,3.614007241618348e-22,0.2,0,-0.6999999999999993,0.3,0,0,0.0004557,299.9688479890934,-0.006666666666666667,9300,0,1,0,1,0,0.2,0.3,0.3,0,0.006666666666666667,0,0
9360,0.054684,3.614007241618348e-22,0.2,0,-0.6999999999999993,0.3,0,0,0.0004557,299.9688479890934,-0.006666666666666667,9360,0,1,0,1,0,0.2,0.3,0.3,0,0.006666666666666667,0,0
9420,0.054684,3.614007241618348e-22,0.2,0,-0.6999999999999993,0.3,0,0,0.0004557,299.9688479890934,-0.006666666666666667,9420,0,1,0,1,0,0.2,0.3,0.3,0,0.006666666666666667,0,0
9480,0.054684,3.614007241618348e-22,0.2,0,-0.6999999999999993,0.3,0,0,0.0004557,299.9688479890934,-0.006666666666666667,9480,0,1,0,1,0,0.2,0.3,0.3,0,0.006666666666666667,0,0
9540,0.054684,3.614007241618348e-22,0.2,0,-0.6999999999999993,0.3,0,0,0.0004557,299.9688479890934,-0.006666666666666667,9540,0,1,0,1,0,0.2,0.3,0.3,0,0.006666666666666667,0,0
9600,0.054684,3.614007241618348e-22,0.2,0,-0.6999999999999993,0.3,0,0,0.0004557,299.9688479890934,-0.006666666666666667,9600,0,1,0,1,0,0.2,0.3,0.3,0,0.006666666666666667,0,0
9660,0.054684,3.614007241618348e-22,0.2,0,-0.6999999999999993,0.3,0,0,0.0004557,299.9688479890934,-0.006666666666666667,9660,0,1,0,1,0,0.2,0.3,0.3,0,0.006666666666666667,0,0
9720,0.054684,3.614007241618348e-22,0.2,0,-0.6999999999999993,0.3,0,0,0.0004557,299.9688479890934,-0.006666666666666667,9720,0,1,0,1,0,0.2,0.3,0.3,0,0.006666666666666667,0,0
9780,0.054684,3.614007241618348e-22,0.2,0,-0.6999999999999993,0.3,0,0,0.0004557,299.9688479890934,-0.006666666666666667,9780,0,1,0,1,0,0.2,0.3,0.3,0,0.006666666666666667,0,0
9840,0.054684,3.614007241618348e-22,0.2,0,-0.6999999999999993,0.3,0,0,0.0004557,299.9688479890934,-0.006666666666666667,9840,0,1,0,1,0,0.2,0.3,0.3,0,0.006666666666666667,0,0
9900,0.054684,3.614007241618348e-22,0.2,0,-0.6999999999999993,0.3,0,0,0.0004557,299.9688479890934,-0.006666666666666667,9900,0,1,0,1,0,0.2,0.3,0.3,0,0.006666666666666667,0,0
9960,0.054684,3.614007241618348e-22,0.2,0,-0.6999999999999993,0.3,0,0,0.0004557,299.9688479890934,-0.006666666666666667,9960,0,1,0,1,0,0.2,0.3,0.3,0,0.006666666666666667,0,0
10020,0.054684,3.614007241618348e-22,0.2,0,-0.6999999999999993,0.3,0,0,0.0004557,299.9688479890934,-0.006666666666666667,10020,0,1,0,1,0,0.2,0.3,0.3,0,0.006666666666666667,0,0
10080,0.054684,3.614007241618348e-22,0.2,0,-0.6999999999999993,0.3,0,0,0.0004557,299.9688479890934,-0.006666666666666667,10080,0,1,0,1,0,0.2,0.3,0.3,0,0.006666666666666667,0,0
10140,0.054684,3.614007241618348e-22,0.2,0,-0.6999999999999993,0.3,0,0,0.0004557,299.9688479890934,-0.006666666666666667,10140,0,1,0,1,0,0.2,0.3,0.3,0,0.006666666666666667,0,0
10200,0.054684,3.614007241618348e-22,0.2,0,-0.6999999999999993,0.3,0,0,0.0004557,299.9688479890934,-0.006666666666666667,10200,0,1,0,1,0,0.2,0.3,0.3,0,0.006666666666666667,0,0
10260,0.054684,3.614007241618348e-22,0.2,0,-0.6999999999999993,0.3,0,0,0.0004557,299.9688479890934,-0.006666666666666667,10260,0,1,0,1,0,0.2,0.3,0.3,0,0.006666666666666667,0,0
10320,0.054684,3.614007241618348e-22,0.2,0,-0.6999999999999993,0.3,0,0,0.0004557,299.9688479890934,-0.006666666666666667,10320,0,1,0,1,0,0.2,0.3,0.3,0,0.006666666666666667,0,0
10380,0.054684,3.614007241618348e-22,0.2,0,-0.6999999999999993,0.3,0,0,0.0004557,299.9688479890934,-0.006666666666666667,10380,0,1,0,1,0,0.2,0.3,0.3,0,0.006666666666666667,0,0
10440,0.054684,3.614007241618348e-22,0.2,0,-0.6999999999999993,0.3,0,0,0.0004557,299.9688479890934,-0.006666666666666667,10440,0,1,0,1,0,0.2,0.3,0.3,0,0.006666666666666667,0,0
10500,0.054684,3.614007241618348e-22,0.2,0,-0.6999999999999993,0.3,0,0,0.0004557,299.9688479890934,-0.006666666666666667,10500,0,1,0,1,0,0.2,0.3,0.3,0,0.006666666666666667,0,0
10560,0.054684,3.614007241618348e-22,0.2,0,-0.6999999999999993,0.3,0,0,0.0004557,299.9688479890934,-0.006666666666666667,10560,0,1,0,1,0,0.2,0.3,0.3,0,0.006666666666666667,0,0
10620,0.054684,3.614007241618348e-22,0.2,0,-0.6999999999999993,0.3,0,0,0.0004557,299.9688479890934,-0.006666666666666667,10620,0,1,0,1,0,0.2,0.3,0.3,0,0.006666666666666667,0,0
10680,0.054684,3.614007241618348e-22,0.2,0,-0.6999999999999993,0.3,0,0,0.0004557,299.9688479890934,-0.006666666666666667,10680,0,1,0,1,0,0.2,0.3,0.3,0,0.006666666666666667,0,0
10740,0.054684,3.614007241618348e-22,0.2,0,-0.6999999999999993,0.3,0,0,0.0004557,299.9688479890934,-0.006666666666666667,10740,0,1,0,1,0,0.2,0.3,0.3,0,0.006666666666666667,0,0
10800,0.054684,3.614007241618348e-22,0.2,0,-0.6999999999999993,0.3,0,0,0.0004557,299.9688479890934,-0.006666666666666667,10800,0,1,0,1,0,0.2,0.3,0.3,0,0.006666666666666667,0,0
10860,0.054684,3.614007241618348e-22,0.2,0,-0.6999999999999993,0.3,0,0,0.0004557,299.9688479890934,-0.006666666666666667,10860,0,1,0,1,0,0.2,0.3,0.3,0,0.006666666666666667,0,0
10920,0.054684,3.614007241618348e-22,0.2,0,-0.6999999999999993,0.3,0,0,0.0004557,299.9688479890934,-0.006666666666666667,10920,0,1,0,1,0,0.2,0.3,0.3,0,0.006666666666666667,0,0
10980,0.054684,3.614007241618348e-22,0.2,0,-0.6999999999999993,0.3,0,0,0.0004557,299.9688479890934,-0.006666666666666667,10980,0,1,0,1,0,0.2,0.3,0.3,0,0.006666666666666667,0,0
11040,0.054684,3.614007241618348e-22,0.2,0,-0.6999999999999993,0.3,0,0,0.0004557,299.9688479890934,-0.006666666666666667,11040,0,1,0,1,0,0.2,0.3,0.3,0,0.006666666666666667,0,0
11100,0.054684,3.614007241618348e-22,0.2,0,-0.6999999999999993,0.3,0,0,0.0004557,299.9688479890934,-0.006666666666666667,11100,0,1,0,1,0,0.2,0.3,0.3,0,0.006666666666666667,0,0
11160,0.054684,3.614007241618348e-22,0.2,0,-0.6999999999999993,0.3,0,0,0.0004557,299.9688479890934,-0.006666666666666667,11160,0,1,0,1,0,0.2,0.3,0.3,0,0.006666666666666667,0,0
11220,0.054684,3.614007241618348e-22,0.2,0,-0.6999999999999993,0.3,0,0,0.0004557,299.9688479890934,-0.006666666666666667,11220,0,1,0,1,0,0.2,0.3,0.3,0,0.006666666666666667,0,0
11280,0.054684,3.614007241618348e-22,0.2,0,-0.6999999999999993,0.3,0,0,0.0004557,299.9688479890934,-0.006666666666666667,11280,0,1,0,1,0,0.2,0.3,0.3,0,0.006666666666666667,0,0
11340,0.054684,3.614007241618348e-22,0.2,0,-0.6999999999999993,0.3,0,0,0.0004557,299.9688479890934,-0.006666666666666667,11340,0,1,0,1,0,0.2,0.3,0.3,0,0.006666666666666667,0,0
11400,0.054684,3.614007241618348e-22,0.2,0,-0.6999999999999993,0.3,0,0,0.0004557,299.9688479890934,-0.006666666666666667,11400,0,1,0,1,0,0.2,0.3,0.3,0,0.006666666666666667,0,0
11460,0.054684,3.614007241618348e-22,0.2,0,-0.6999999999999993,0.3,0,0,0.0004557,299.9688479890934,-0.006666666666666667,11460,0,1,0,1,0,0.2,0.3,0.3,0,0.006666666666666667,0,0
11520,0.054684,3.614007241618348e-22,0.2,0,-0.6999999999999993,0.3,0,0,0.0004557,299.9688479890934,-0.006666666666666667,11520,0,1,0,1,0,0.2,0.3,0.3,0,0.006666666666666667,0,0
11580,0.054684,3.614007241618348e-22,0.2,0,-0.6999999999999993,0.3,0,0,0.0004557,299.9688479890934,-0.006666666666666667,11580,0,1,0,1,0,0.2,0.3,0.3,0,0.006666666666666667,0,0
11640,0.054684,3.614007241618348e-22,0.2,0,-0.6999999999999993,0.3,0,0,0.0004557,299.9688479890934,-0.006666666666666667,11640,0,1,0,1,0,0.2,0.3,0.3,0,0.006666666666666667,0,0
11700,0.054684,3.614007241618348e-22,0.2,0,-0.6999999999999993,0.3,0,0,0.0004557,299.9688479890934,-0.006666666666666667,11700,0,1,0,1,0,0.2,0.3,0.3,0,0.006666666666666667,0,0
11760,0.054684,3.614007241618348e-22,0.2,0,-0.6999999999999993,0.3,0,0,0.0004557,299.9688479890934,-0.006666666666666667,11760,0,1,0,1,0,0.2,0.3,0.3,0,0.006666666666666667,0,0
11820,0.054684,3.614007241618348e-22,0.2,0,-0.6999999999999993,0.3,0,0,0.0004557,299.9688479890934,-0.006666666666666667,11820,0,1,0,1,0,0.2,0.3,0.3,0,0.006666666666666667,0,0
11880,0.054684,3.614007241618348e-22,0.2,0,-0.6999999999999993,0.3,0,0,0.0004557,299.9688479890934,-0.006666666666666667,11880,0,1,0,1,0,0.2,0.3,0.3,0,0.006666666666666667,0,0
11940,0.054684,3.614007241618348e-22,0.2,0,-0.6999999999999993,0.3,0,0,0.0004557,299.9688479890934,-0.006666666666666667,11940,0,1,0,1,0,0.2,0.3,0.3,0,0.006666666666666667,0,0
12000,0.054684,3.614007241618348e-22,0.2,0,-0.6999999999999993,0.3,0,0,0.0004557,299.9688479890934,-0.006666666666666667,12000,0,1,0,1,0,0.2,0.3,0.3,0,0.006666666666666667,0,0
12060,0.054684,3.614007241618348e-22,0.2,0,-0.6999999999999993,0.3,0,0,0.0004557,299.9688479890934,-0.006666666666666667,12060,0,1,0,1,0,0.2,0.3,0.3,0,0.006666666666666667,0,0
12120,0.054684,3.614007241618348e-22,0.2,0,-0.6999999999999993,0.3,0,0,0.0004557,299.9688479890934,-0.006666666666666667,12120,0,1,0,1,0,0.2,0.3,0.3,0,0.006666666666666667,0,0
12180,0.054684,3.614007241618348e-22,0.2,0,-0.6999999999999993,0.3,0,0,0.0004557,299.9688479890934,-0.006666666666666667,12180,0,1,0,1,0,0.2,0.3,0.3,0,0.006666666666666667,0,0
12240,0.054684,3.614007241618348e-22,0.2,0,-0.6999999999999993,0.3,0,0,0.0004557,299.9688479890934,-0.006666666666666667,12240,0,1,0,1,0,0.2,0.3,0.3,0,0.006666666666666667,0,0
12300,0.054684,3.614007241618348e-22,0.2,0,-0.6999999999999993,0.3,0,0,0.0004557,299.9688479890934,-0.006666666666666667,12300,0,1,0,1,0,0.2,0.3,0.3,0,0.006666666666666667,0,0
12360,0.054684,3.614007241618348e-22,0.2,0,-0.6999999999999993,0.3,0,0,0.0004557,299.9688479890934,-0.006666666666666667,12360,0,1,0,1,0,0.2,0.3,0.3,0,0.006666666666666667,0,0
12420,0.054684,3.614007241618348e-22,0.2,0,-0.6999999999999993,0.3,0,0,0.0004557,299.9688479890934,-0.006666666666666667,12420,0,1,0,1,0,0.2,0.3,0.3,0,0.006666666666666667,0,0
12480,0.054684,3.614007241618348e-22,0.2,0,-0.6999999999999993,0.3,0,0,0.0004557,299.9688479890934,-0.006666666666666667,12480,0,1,0,1,0,0.2,0.3,0.3,0,0.006666666666666667,0,0
12540,0.054684,3.614007241618348e-22,0.2,0,-0.6999999999999993,0.3,0,0,0.0004557,299.9688479890934,-0.006666666666666667,12540,0,1,0,1,0,0.2,0.3,0.3,0,0.006666666666666667,0,0
12600,0.054684,3.614007241618348e-22,0.2,0,-0.6999999999999993,0.3,0,0,0.0004557,299.9688479890934,-0.006666666666666667,12600,0,1,0,1,0,0.2,0.3,0.3,0,0.006666666666666667,0,0
12660,0.054684,3.614007241618348e-22,0.2,0,-0.6999999999999993,0.3,0,0,0.0004557,299.9688479890934,-0.006666666666666667,12660,0,1,0,1,0,0.2,0.3,0.3,0,0.006666666666666667,0,0
12720,0.054684,3.614007241618348e-22,0.2,0,-0.6999999999999993,0.3,0,0,0.0004557,299.9688479890934,-0.006666666666666667,12720,0,1,0,1,0,0.2,0.3,0.3,0,0.006666666666666667,0,0
12780,0.054684,3.614007241618348e-22,0.2,0,-0.6999999999999993,0.3,0,0,0.0004557,299.9688479890934,-0.006666666666666667,12780,0,1,0,1,0,0.2,0.3,0.3,0,0.006666666666666667,0,0
12840,0.054684,3.614007241618348e-22,0.2,0,-0.6999999999999993,0.3,0,0,0.0004557,299.9688479890934,-0.006666666666666667,12840,0,1,0,1,0,0.2,0.3,0.3,0,0.006666666666666667,0,0
12900,0.054684,3.614007241618348e-22,0.2,0,-0.6999999999999993,0.3,0,0,0.0004557,299.9688479890934,-0.006666666666666667,12900,0,1,0,1,0,0.2,0.3,0.3,0,0.006666666666666667,0,0
12960,0.054684,3.614007241618348e-22,0.2,0,-0.6999999999999993,0.3,0,0,0.0004557,299.9688479890934,-0.006666666666666667,12960,0,1,0,1,0,0.2,0.3,0.3,0,0.006666666666666667,0,0
13020,0.054684,3.614007241618348e-22,0.2,0,-0.6999999999999993,0.3,0,0,0.0004557,299.9688479890934,-0.006666666666666667,13020,0,1,0,1,0,0.2,0.3,0.3,0,0.006666666666666667,0,0
13080,0.054684,3.614007241618348e-22,0.2,0,-0.6999999999999993,0.3,0,0,0.0004557,299.9688479890934,-0.006666666666666667,13080,0,1,0,1,0,0.2,0.3,0.3,0,0.006666666666666667,0,0
13140,0.054684,3.614007241618348e-22,0.2,0,-0.6999999999999993,0.3,0,0,0.0004557,299.9688479890934,-0.006666666666666667,13140,0,1,0,1,0,0.2,0.3,0.3,0,0.006666666666666667,0,0
13200,0.054684,3.614007241618348e-22,0.2,0,-0.6999999999999993,0.3,0,0,0.0004557,299.9688479890934,-0.006666666666666667,13200,0,1,0,1,0,0.2,0.3,0.3,0,0.006666666666666667,0,0
13260,0.054684,3.614007241618348e-22,0.2,0,-0.6999999999999993,0.3,0,0,0.0004557,299.9688479890934,-0.006666666666666667,13260,0,1,0,1,0,0.2,0.3,0.3,0,0.006666666666666667,0,0
13320,0.054684,3.614007241618348e-22,0.2,0,-0.6999999999999993,0.3,0,0,0.0004557,299.9688479890934,-0.006666666666666667,13320,0,1,0,1,0,0.2,0.3,0.3,0,0.006666666666666667,0,0
13380,0.054684,3.614007241618348e-22,0.2,0,-0.6999999999999993,0.3,0,0,0.0004557,299.9688479890934,-0.006666666666666667,13380,0,1,0,1,0,0.2,0.3,0.3,0,0.006666666666666667,0,0
13440,0.054684,3.614007241618348e-22,0.2,0,-0.6999999999999993,0.3,0,0,0.0004557,299.9688479890934,-0.006666666666666667,13440,0,1,0,1,0,0.2,0.3,0.3,0,0.006666666666666667,0,0
13500,0.054684,3.614007241618348e-22,0.2,0,-0.6999999999999993,0.3,0,0,0.0004557,299.9688479890934,-0.006666666666666667,13500,0,1,0,1,0,0.2,0.3,0.3,0,0.006666666666666667,0,0
13560,0.054684,3.614007241618348e-22,0.2,0,-0.6999999999999993,0.3,0,0,0.0004557,299.9688479890934,-0.006666666666666667,13560,0,1,0,1,0,0.2,0.3,0.3,0,0.006666666666666667,0,0
13620,0.054684,3.614007241618348e-22,0.2,0,-0.6999999999999993,0.3,0,0,0.0004557,299.9688479890934,-0.006666666666666667,13620,0,1,0,1,0,0.2,0.3,0.3,0,0.006666666666666667,0,0
13680,0.054684,3.614007241618348e-22,0.2,0,-0.6999999999999993,0.3,0,0,0.0004557,299.9688479890934,-0.006666666666666667,13680,0,1,0,1,0,0.2,0.3,0.3,0,0.006666666666666667,0,0
13740,0.054684,3.614007241618348e-22,0.2,0,-0.6999999999999993,0.3,0,0,0.0004557,299.9688479890934,-0.006666666666666667,13740,0,1,0,1,0,0.2,0.3,0.3,0,0.006666666666666667,0,0
13800,0.054684,3.614007241618348e-22,0.2,0,-0.6999999999999993,0.3,0,0,0.0004557,299.9688479890934,-0.006666666666666667,13800,0,1,0,1,0,0.2,0.3,0.3,0,0.006666666666666667,0,0
13860,0.054684,3.614007241618348e-22,0.2,0,-0.6999999999999993,0.3,0,0,0.0004557,299.9688479890934,-0.006666666666666667,13860,0,1,0,1,0,0.2,0.3,0.3,0,0.006666666666666667,0,0
13920,0.054684,3.614007241618348e-22,0.2,0,-0.6999999999999993,0.3,0,0,0.0004557,299.9688479890934,-0.006666666666666667,13920,0,1,0,1,0,0.2,0.3,0.3,0,0.006666666666666667,0,0
13980,0.054684,3.614007241618348e-22,0.2,0,-0.6999999999999993,0.3,0,0,0.0004557,299.9688479890934,-0.006666666666666667,13980,0,1,0,1,0,0.2,0.3,0.3,0,0.006666666666666667,0,0
14040,0.054684,3.614007241618348e-22,0.2,0,-0.6999999999999993,0.3,0,0,0.0004557,299.9688479890934,-0.006666666666666667,14040,0,1,0,1,0,0.2,0.3,0.3,0,0.006666666666666667,0,0
14100,0.054684,3.614007241618348e-22,0.2,0,-0.6999999999999993,0.3,0,0,0.0004557,299.9688479890934,-0.006666666666666667,14100,0,1,0,1,0,0.2,0.3,0.3,0,0.006666666666666667,0,0
14160,0.054684,3.614007241618348e-22,0.2,0,-0.6999999999999993,0.3,0,0,0.0004557,299.9688479890934,-0.006666666666666667,14160,0,1,0,1,0,0.2,0.3,0.3,0,0.006666666666666667,0,0
14220,0.054684,3.614007241618348e-22,0.2,0,-0.6999999999999993,0.3,0,0,0.0004557,299.9688479890934,-0.006666666666666667,14220,0,1,0,1,0,0.2,0.3,0.3,0,0.006666666666666667,0,0
14280,0.054684,3.614007241618348e-22,0.2,0,-0.6999999999999993,0.3,0,0,0.0004557,299.9688479890934,-0.006666666666666667,14280,0,1,0,1,0,0.2,0.3,0.3,0,0.006666666666666667,0,0
14340,0.054684,3.614007241618348e-22,0.2,0,-0.6999999999999993,0.3,0,0,0.0004557,299.9688479890934,-0.006666666666666667,14340,0,1,0,1,0,0.2,0.3,0.3,0,0.006666666666666667,0,0
14400,0.054684,3.614007241618348e-22,0.2,0,-0.6999999999999993,0.3,0,0,0.0004557,299.9688479890934,-0.006666666666666667,14400,0,1,0,1,0,0.2,0.3,0.3,0,0.006666666666666667,0,0
14460,0.054684,3.614007241618348e-22,0.2,0,-0.6999999999999993,0.3,0,0,0.0004557,299.9688479890934,-0.006666666666666667,14460,0,1,0,1,0,0.2,0.3,0.3,0,0.006666666666666667,0,0
14520,0.054684,3.614007241618348e-22,0.2,0,-0.6999999999999993,0.3,0,0,0.0004557,299.9688479890934,-0.006666666666666667,14520,0,1,0,1,0,0.2,0.3,0.3,0,0.006666666666666667,0,0
14580,0.054684,3.614007241618348e-22,0.2,0,-0.6999999999999993,0.3,0,0,0.0004557,299.9688479890934,-0.006666666666666667,14580,0,1,0,1,0,0.2,0.3,0.3,0,0.006666666666666667,0,0
14640,0.054684,3.614007241618348e-22,0.2,0,-0.6999999999999993,0.3,0,0,0.0004557,299.9688479890934,-0.006666666666666667,14640,0,1,0,1,0,0.2,0.3,0.3,0,0.006666666666666667,0,0
14700,0.054684,3.614007241618348e-22,0.2,0,-0.6999999999999993,0.3,0,0,0.0004557,299.9688479890934,-0.006666666666666667,14700,0,1,0,1,0,0.2,0.3,0.3,0,0.006666666666666667,0,0
14760,0.054684,3.614007241618348e-22,0.2,0,-0.6999999999999993,0.3,0,0,0.0004557,299.9688479890934,-0.006666666666666667,14760,0,1,0,1,0,0.2,0.3,0.3,0,0.006666666666666667,0,0
14820,0.054684,3.614007241618348e-22,0.2,0,-0.6999999999999993,0.3,0,0,0.0004557,299.9688479890934,-0.006666666666666667,14820,0,1,0,1,0,0.2,0.3,0.3,0,0.006666666666666667,0,0
14880,0.054684,3.614007241618348e-22,0.2,0,-0.6999999999999993,0.3,0,0,0.0004557,299.9688479890934,-0.006666666666666667,14880,0,1,0,1,0,0.2,0.3,0.3,0,0.006666666666666667,0,0
14940,0.054684,3.614007241618348e-22,0.2,0,-0.6999999999999993,0.3,0,0,0.0004557,299.9688479890934,-0.006666666666666667,14940,0,1,0,1,0,0.2,0.3,0.3,0,0.006666666666666667,0,0
15000,0.054684,3.614007241618348e-22,0.2,0,-0.6999999999999993,0.3,0,0,0.0004557,299.9688479890934,-0.006666666666666667,15000,0,1,0,1,0,0.2,0.3,0.3,0,0.006666666666666667,0,0
15060,0.054684,3.614007241618348e-22,0.2,0,-0.6999999999999993,0.3,0,0,0.0004557,299.9688479890934,-0.006666666666666667,15060,0,1,0,1,0,0.2,0.3,0.3,0,0.006666666666666667,0,0
15120,0.054684,3.614007241618348e-22,0.2,0,-0.6999999999999993,0.3,0,0,0.0004557,299.9688479890934,-0.006666666666666667,15120,0,1,0,1,0,0.2,0.3,0.3,0,0.006666666666666667,0,0
15180,0.054684,3.614007241618348e-22,0.2,0,-0.6999999999999993,0.3,0,0,0.0004557,299.9688479890934,-0.006666666666666667,15180,0,1,0,1,0,0.2,0.3,0.3,0,0.006666666666666667,0,0
15240,0.054684,3.614007241618348e-22,0.2,0,-0.6999999999999993,0.3,0,0,0.0004557,299.9688479890934,-0.006666666666666667,15240,0,1,0,1,0,0.2,0.3,0.3,0,0.006666666666666667,0,0
15300,0.054684,3.614007241618348e-22,0.2,0,-0.6999999999999993,0.3,0,0,0.0004557,299.9688479890934,-0.006666666666666667,15300,0,1,0,1,0,0.2,0.3,0.3,0,0.006666666666666667,0,0
15360,0.054684,3.614007241618348e-22,0.2,0,-0.6999999999999993,0.3,0,0,0.0004557,299.9688479890934,-0.006666666666666667,15360,0,1,0,1,0,0.2,0.3,0.3,0,0.006666666666666667,0,0
15420,0.054684,3.614007241618348e-22,0.2,0,-0.6999999999999993,0.3,0,0,0.0004557,299.9688479890934,-0.006666666666666667,15420,0,1,0,1,0,0.2,0.3,0.3,0,0.006666666666666667,0,0
15480,0.054684,3.614007241618348e-22,0.2,0,-0.6999999999999993,0.3,0,0,0.0004557,299.9688479890934,-0.006666666666666667,15480,0,1,0,1,0,0.2,0.3,0.3,0,0.006666666666666667,0,0
15540,0.054684,3.614007241618348e-22,0.2,0,-0.6999999999999993,0.3,0,0,0.0004557,299.9688479890934,-0.006666666666666667,15540,0,1,0,1,0,0.2,0.3,0.3,0,0.006666666666666667,0,0
15600,0.054684,3.614007241618348e-22,0.2,0,-0.6999999999999993,0.3,0,0,0.0004557,299.9688479890934,-0.006666666666666667,15600,0,1,0,1,0,0.2,0.3,0.3,0,0.006666666666666667,0,0
15660,0.054684,3.614007241618348e-22,0.2,0,-0.6999999999999993,0.3,0,0,0.0004557,299.9688479890934,-0.006666666666666667,15660,0,1,0,1,0,0.2,0.3,0.3,0,0.006666666666666667,0,0
15720,0.054684,3.614007241618348e-22,0.2,0,-0.6999999999999993,0.3,0,0,0.0004557,299.9688479890934,-0.006666666666666667,15720,0,1,0,1,0,0.2,0.3,0.3,0,0.006666666666666667,0,0
15780,0.054684,3.614007241618348e-22,0.2,0,-0.6999999999999993,0.3,0,0,0.0004557,299.9688479890934,-0.006666666666666667,15780,0,1,0,1,0,0.2,0.3,0.3,0,0.006666666666666667,0,0
15840,0.054684,3.614007241618348e-22,0.2,0,-0.6999999999999993,0.3,0,0,0.0004557,299.9688479890934,-0.006666666666666667,15840,0,1,0,1,0,0.2,0.3,0.3,0,0.006666666666666667,0,0
15900,0.054684,3.614007241618348e-22,0.2,0,-0.6999999999999993,0.3,0,0,0.0004557,299.9688479890934,-0.006666666666666667,15900,0,1,0,1,0,0.2,0.3,0.3,0,0.006666666666666667,0,0
15960,0.054684,3.614007241618348e-22,0.2,0,-0.6999999999999993,0.3,0,0,0.0004557,299.9688479890934,-0.006666666666666667,15960,0,1,0,1,0,0.2,0.3,0.3,0,0.006666666666666667,0,0
16020,0.054684,3.614007241618348e-22,0.2,0,-0.6999999999999993,0.3,0,0,0.0004557,299.9688479890934,-0.006666666666666667,16020,0,1,0,1,0,0.2,0.3,0.3,0,0.006666666666666667,0,0
16080,0.054684,3.614007241618348e-22,0.2,0,-0.6999999999999993,0.3,0,0,0.0004557,299.9688479890934,-0.006666666666666667,16080,0,1,0,1,0,0.2,0.3,0.3,0,0.006666666666666667,0,0
16140,0.054684,3.614007241618348e-22,0.2,0,-0.6999999999999993,0.3,0,0,0.0004557,299.9688479890934,-0.006666666666666667,16140,0,1,0,1,0,0.2,0.3,0.3,0,0.006666666666666667,0,0
16200,0.054684,3.614007241618348e-22,0.2,0,-0.6999999999999993,0.3,0,0,0.0004557,299.9688479890934,-0.006666666666666667,16200,0,1,0,1,0,0.2,0.3,0.3,0,0.006666666666666667,0,0
16260,0.054684,3.614007241618348e-22,0.2,0,-0.6999999999999993,0.3,0,0,0.0004557,299.9688479890934,-0.006666666666666667,16260,0,1,0,1,0,0.2,0.3,0.3,0,0.006666666666666667,0,0
16320,0.054684,3.614007241618348e-22,0.2,0,-0.6999999999999993,0.3,0,0,0.0004557,299.9688479890934,-0.006666666666666667,16320,0,1,0,1,0,0.2,0.3,0.3,0,0.006666666666666667,0,0
16380,0.054684,3.614007241618348e-22,0.2,0,-0.6999999999999993,0.3,0,0,0.0004557,299.9688479890934,-0.006666666666666667,16380,0,1,0,1,0,0.2,0.3,0.3,0,0.006666666666666667,0,0
16440,0.054684,3.614007241618348e-22,0.2,0,-0.6999999999999993,0.3,0,0,0.0004557,299.9688479890934,-0.006666666666666667,16440,0,1,0,1,0,0.2,0.3,0.3,0,0.006666666666666667,0,0
16500,0.054684,3.614007241618348e-22,0.2,0,-0.6999999999999993,0.3,0,0,0.0004557,299.9688479890934,-0.006666666666666667,16500,0,1,0,1,0,0.2,0.3,0.3,0,0.006666666666666667,0,0
16560,0.054684,3.614007241618348e-22,0.2,0,-0.6999999999999993,0.3,0,0,0.0004557,299.9688479890934,-0.006666666666666667,16560,0,1,0,1,0,0.2,0.3,0.3,0,0.006666666666666667,0,0
16620,0.054684,3.614007241618348e-22,0.2,0,-0.6999999999999993,0.3,0,0,0.0004557,299.9688479890934,-0.006666666666666667,16620,0,1,0,1,0,0.2,0.3,0.3,0,0.006666666666666667,0,0
16680,0.054684,3.614007241618348e-22,0.2,0,-0.6999999999999993,0.3,0,0,0.0004557,299.9688479890934,-0.006666666666666667,16680,0,1,0,1,0,0.2,0.3,0.3,0,0.006666666666666667,0,0
16740,0.054684,3.614007241618348e-22,0.2,0,-0.6999999999999993,0.3,0,0,0.0004557,299.9688479890934,-0.006666666666666667,16740,0,1,0,1,0,0.2,0.3,0.3,0,0.006666666666666667,0,0
16800,0.054684,3.614007241618348e-22,0.2,0,-0.6999999999999993,0.3,0,0,0.0004557,299.9688479890934,-0.006666666666666667,16800,0,1,0,1,0,0.2,0.3,0.3,0,0.006666666666666667,0,0
16860,0.054684,3.614007241618348e-22,0.2,0,-0.6999999999999993,0.3,0,0,0.0004557,299.9688479890934,-0.006666666666666667,16860,0,1,0,1,0,0.2,0.3,0.3,0,0.006666666666666667,0,0
16920,0.054684,3.614007241618348e-22,0.2,0,-0.6999999999999993,0.3,0,0,0.0004557,299.9688479890934,-0.006666666666666667,16920,0,1,0,1,0,0.2,0.3,0.3,0,0.006666666666666667,0,0
16980,0.054684,3.614007241618348e-22,0.2,0,-0.6999999999999993,0.3,0,0,0.0004557,299.9688479890934,-0.006666666666666667,16980,0,1,0,1,0,0.2,0.3,0.3,0,0.006666666666666667,0,0
17040,0.054684,3.614007241618348e-22,0.2,0,-0.6999999999999993,0.3,0,0,0.0004557,299.9688479890934,-0.006666666666666667,17040,0,1,0,1,0,0.2,0.3,0.3,0,0.006666666666666667,0,0
17100,0.054684,3.614007241618348e-22,0.2,0,-0.6999999999999993,0.3,0,0,0.0004557,299.9688479890934,-0.006666666666666667,17100,0,1,0,1,0,0.2,0.3,0.3,0,0.006666666666666667,0,0
17160,0.054684,3.614007241618348e-22,0.2,0,-0.6999999999999993,0.3,0,0,0.0004557,299.9688479890934,-0.006666666666666667,17160,0,1,0,1,0,0.2,0.3,0.3,0,0.006666666666666667,0,0
17220,0.054684,3.614007241618348e-22,0.2,0,-0.6999999999999993,0.3,0,0,0.0004557,299.9688479890934,-0.006666666666666667,17220,0,1,0,1,0,0.2,0.3,0.3,0,0.006666666666666667,0,0
17280,0.054684,3.614007241618348e-22,0.2,0,-0.6999999999999993,0.3,0,0,0.0004557,299.9688479890934,-0.006666666666666667,17280,0,1,0,1,0,0.2,0.3,0.3,0,0.006666666666666667,0,0
17340,0.054684,3.614007241618348e-22,0.2,0,-0.6999999999999993,0.3,0,0,0.0004557,299.9688479890934,-0.006666666666666667,17340,0,1,0,1,0,0.2,0.3,0.3,0,0.006666666666666667,0,0
17400,0.054684,3.614007241618348e-22,0.2,0,-0.6999999999999993,0.3,0,0,0.0004557,299.9688479890934,-0.006666666666666667,17400,0,1,0,1,0,0.2,0.3,0.3,0,0.006666666666666667,0,0
17460,0.054684,3.614007241618348e-22,0.2,0,-0.6999999999999993,0.3,0,0,0.0004557,299.9688479890934,-0.006666666666666667,17460,0,1,0,1,0,0.2,0.3,0.3,0,0.006666666666666667,0,0
17520,0.054684,3.614007241618348e-22,0.2,0,-0.6999999999999993,0.3,0,0,0.0004557,299.9688479890934,-0.006666666666666667,17520,0,1,0,1,0,0.2,0.3,0.3,0,0.006666666666666667,0,0
17580,0.054684,3.614007241618348e-22,0.2,0,-0.6999999999999993,0.3,0,0,0.0004557,299.9688479890934,-0.006666666666666667,17580,0,1,0,1,0,0.2,0.3,0.3,0,0.006666666666666667,0,0
17640,0.054684,3.614007241618348e-22,0.2,0,-0.6999999999999993,0.3,0,0,0.0004557,299.9688479890934,-0.006666666666666667,17640,0,1,0,1,0,0.2,0.3,0.3,0,0.006666666666666667,0,0
17700,0.054684,3.614007241618348e-22,0.2,0,-0.6999999999999993,0.3,0,0,0.0004557,299.9688479890934,-0.006666666666666667,17700,0,1,0,1,0,0.2,0.3,0.3,0,0.006666666666666667,0,0
17760,0.054684,3.614007241618348e-22,0.2,0,-0.6999999999999993,0.3,0,0,0.0004557,299.9688479890934,-0.006666666666666667,17760,0,1,0,1,0,0.2,0.3,0.3,0,0.006666666666666667,0,0
17820,0.054684,3.614007241618348e-22,0.2,0,-0.6999999999999993,0.3,0,0,0.0004557,299.9688479890934,-0.006666666666666667,17820,0,1,0,1,0,0.2,0.3,0.3,0,0.006666666666666667,0,0
17880,0.054684,3.614007241618348e-22,0.2,0,-0.6999999999999993,0.3,0,0,0.0004557,299.9688479890934,-0.006666666666666667,17880,0,1,0,1,0,0.2,0.3,0.3,0,0.006666666666666667,0,0
17940,0.054684,3.614007241618348e-22,0.2,0,-0.6999999999999993,0.3,0,0,0.0004557,299.9688479890934,-0.006666666666666667,17940,0,1,0,1,0,0.2,0.3,0.3,0,0.006666666666666667,0,0
18000,0.054684,3.614007241618348e-22,0.2,0,-0.6999999999999993,0.3,0,0,0.0004557,299.9688479890934,-0.006666666666666667,18000,0,1,0,1,0,0.2,0.3,0.3,0,0.006666666666666667,0,0
18060,0.054684,3.614007241618348e-22,0.2,0,-0.6999999999999993,0.3,0,0,0.0004557,299.9688479890934,-0.006666666666666667,18060,0,1,0,1,0,0.2,0.3,0.3,0,0.006666666666666667,0,0
18120,0.054684,3.614007241618348e-22,0.2,0,-0.6999999999999993,0.3,0,0,0.0004557,299.9688479890934,-0.006666666666666667,18120,0,1,0,1,0,0.2,0.3,0.3,0,0.006666666666666667,0,0
18180,0.054684,3.614007241618348e-22,0.2,0,-0.6999999999999993,0.3,0,0,0.0004557,299.9688479890934,-0.006666666666666667,18180,0,1,0,1,0,0.2,0.3,0.3,0,0.006666666666666667,0,0
18240,0.054684,3.614007241618348e-22,0.2,0,-0.6999999999999993,0.3,0,0,0.0004557,299.9688479890934,-0.006666666666666667,18240,0,1,0,1,0,0.2,0.3,0.3,0,0.006666666666666667,0,0
18300,0.054684,3.614007241618348e-22,0.2,0,-0.6999999999999993,0.3,0,0,0.0004557,299.9688479890934,-0.006666666666666667,18300,0,1,0,1,0,0.2,0.3,0.3,0,0.006666666666666667,0,0
18360,0.054684,3.614007241618348e-22,0.2,0,-0.6999999999999993,0.3,0,0,0.0004557,299.9688479890934,-0.006666666666666667,18360,0,1,0,1,0,0.2,0.3,0.3,0,0.006666666666666667,0,0
18420,0.054684,3.614007241618348e-22,0.2,0,-0.6999999999999993,0.3,0,0,0.0004557,299.9688479890934,-0.006666666666666667,18420,0,1,0,1,0,0.2,0.3,0.3,0,0.006666666666666667,0,0
18480,0.054684,3.614007241618348e-22,0.2,0,-0.6999999999999993,0.3,0,0,0.0004557,299.9688479890934,-0.006666666666666667,18480,0,1,0,1,0,0.2,0.3,0.3,0,0.006666666666666667,0,0
18540,0.054684,3.614007241618348e-22,0.2,0,-0.6999999999999993,0.3,0,0,0.0004557,299.9688479890934,-0.006666666666666667,18540,0,1,0,1,0,0.2,0.3,0.3,0,0.006666666666666667,0,0
18600,0.054684,3.614007241618348e-22,0.2,0,-0.6999999999999993,0.3,0,0,0.0004557,299.9688479890934,-0.006666666666666667,18600,0,1,0,1,0,0.2,0.3,0.3,0,0.006666666666666667,0,0
18660,0.054684,3.614007241618348e-22,0.2,0,-0.6999999999999993,0.3,0,0,0.0004557,299.9688479890934,-0.006666666666666667,18660,0,1,0,1,0,0.2,0.3,0.3,0,0.006666666666666667,0,0
18720,0.054684,3.614007241618348e-22,0.2,0,-0.6999999999999993,0.3,0,0,0.0004557,299.9688479890934,-0.006666666666666667,18720,0,1,0,1,0,0.2,0.3,0.3,0,0.006666666666666667,0,0
18780,0.054684,3.614007241618348e-22,0.2,0,-0.6999999999999993,0.3,0,0,0.0004557,299.9688479890934,-0.006666666666666667,18780,0,1,0,1,0,0.2,0.3,0.3,0,0.006666666666666667,0,0
18840,0.054684,3.614007241618348e-22,0.2,0,-0.6999999999999993,0.3,0,0,0.0004557,299.9688479890934,-0.006666666666666667,18840,0,1,0,1,0,0.2,0.3,0.3,0,0.006666666666666667,0,0
18900,0.054684,3.614007241618348e-22,0.2,0,-0.6999999999999993,0.3,0,0,0.0004557,299.9688479890934,-0.006666666666666667,18900,0,1,0,1,0,0.2,0.3,0.3,0,0.006666666666666667,0,0
18960,0.054684,3.614007241618348e-22,0.2,0,-0.6999999999999993,0.3,0,0,0.0004557,299.9688479890934,-0.006666666666666667,18960,0,1,0,1,0,0.2,0.3,0.3,0,0.006666666666666667,0,0
19020,0.054684,3.614007241618348e-22,0.2,0,-0.6999999999999993,0.3,0,0,0.0004557,299.9688479890934,-0.006666666666666667,19020,0,1,0,1,0,0.2,0.3,0.3,0,0.006666666666666667,0,0
19080,0.054684,3.614007241618348e-22,0.2,0,-0.6999999999999993,0.3,0,0,0.0004557,299.9688479890934,-0.006666666666666667,19080,0,1,0,1,0,0.2,0.3,0.3,0,0.006666666666666667,0,0
19140,0.054684,3.614007241618348e-22,0.2,0,-0.6999999999999993,0.3,0,0,0.0004557,299.9688479890934,-0.006666666666666667,19140,0,1,0,1,0,0.2,0.3,0.3,0,0.006666666666666667,0,0
19200,0.054684,3.614007241618348e-22,0.2,0,-0.6999999999999993,0.3,0,0,0.0004557,299.9688479890934,-0.006666666666666667,19200,0,1,0,1,0,0.2,0.3,0.3,0,0.006666666666666667,0,0
19260,0.054684,3.614007241618348e-22,0.2,0,-0.6999999999999993,0.3,0,0,0.0004557,299.9688479890934,-0.006666666666666667,19260,0,1,0,1,0,0.2,0.3,0.3,0,0.006666666666666667,0,0
19320,0.054684,3.614007241618348e-22,0.2,0,-0.6999999999999993,0.3,0,0,0.0004557,299.9688479890934,-0.006666666666666667,19320,0,1,0,1,0,0.2,0.3,0.3,0,0.006666666666666667,0,0
19380,0.054684,3.614007241618348e-22,0.2,0,-0.6999999999999993,0.3,0,0,0.0004557,299.9688479890934,-0.006666666666666667,19380,0,1,0,1,0,0.2,0.3,0.3,0,0.006666666666666667,0,0
19440,0.054684,3.614007241618348e-22,0.2,0,-0.6999999999999993,0.3,0,0,0.0004557,299.9688479890934,-0.006666666666666667,19440,0,1,0,1,0,0.2,0.3,0.3,0,0.006666666666666667,0,0
19500,0.054684,3.614007241618348e-22,0.2,0,-0.6999999999999993,0.3,0,0,0.0004557,299.9688479890934,-0.006666666666666667,19500,0,1,0,1,0,0.2,0.3,0.3,0,0.006666666666666667,0,0
19560,0.054684,3.614007241618348e-22,0.2,0,-0.6999999999999993,0.3,0,0,0.0004557,299.9688479890934,-0.006666666666666667,19560,0,1,0,1,0,0.2,0.3,0.3,0,0.006666666666666667,0,0
19620,0.054684,3.614007241618348e-22,0.2,0,-0.6999999999999993,0.3,0,0,0.0004557,299.9688479890934,-0.006666666666666667,19620,0,1,0,1,0,0.2,0.3,0.3,0,0.006666666666666667,0,0
19680,0.054684,3.614007241618348e-22,0.2,0,-0.6999999999999993,0.3,0,0,0.0004557,299.9688479890934,-0.006666666666666667,19680,0,1,0,1,0,0.2,0.3,0.3,0,0.006666666666666667,0,0
19740,0.054684,3.614007241618348e-22,0.2,0,-0.6999999999999993,0.3,0,0,0.0004557,299.9688479890934,-0.006666666666666667,19740,0,1,0,1,0,0.2,0.3,0.3,0,0.006666666666666667,0,0
19800,0.054684,3.614007241618348e-22,0.2,0,-0.6999999999999993,0.3,0,0,0.0004557,299.9688479890934,-0.006666666666666667,19800,0,1,0,1,0,0.2,0.3,0.3,0,0.006666666666666667,0,0
19860,0.054684,3.614007241618348e-22,0.2,0,-0.6999999999999993,0.3,0,0,0.0004557,299.9688479890934,-0.006666666666666667,19860,0,1,0,1,0,0.2,0.3,0.3,0,0.006666666666666667,0,0
19920,0.054684,3.614007241618348e-22,0.2,0,-0.6999999999999993,0.3,0,0,0.0004557,299.9688479890934,-0.006666666666666667,19920,0,1,0,1,0,0.2,0.3,0.3,0,0.006666666666666667,0,0
19980,0.054684,3.614007241618348e-22,0.2,0,-0.6999999999999993,0.3,0,0,0.0004557,299.9688479890934,-0.006666666666666667,19980,0,1,0,1,0,0.2,0.3,0.3,0,0.006666666666666667,0,0
20040,0.054684,3.614007241618348e-22,0.2,0,-0.6999999999999993,0.3,0,0,0.0004557,299.9688479890934,-0.006666666666666667,20040,0,1,0,1,0,0.2,0.3,0.3,0,0.006666666666666667,0,0
20100,0.054684,3.614007241618348e-22,0.2,0,-0.6999999999999993,0.3,0,0,0.0004557,299.9688479890934,-0.006666666666666667,20100,0,1,0,1,0,0.2,0.3,0.3,0,0.006666666666666667,0,0
20160,0.054684,3.614007241618348e-22,0.2,0,-0.6999999999999993,0.3,0,0,0.0004557,299.9688479890934,-0.006666666666666667,20160,0,1,0,1,0,0.2,0.3,0.3,0,0.006666666666666667,0,0
20220,0.054684,3.614007241618348e-22,0.2,0,-0.6999999999999993,0.3,0,0,0.0004557,299.9688479890934,-0.006666666666666667,20220,0,1,0,1,0,0.2,0.3,0.3,0,0.006666666666666667,0,0
20280,0.054684,3.614007241618348e-22,0.2,0,-0.6999999999999993,0.3,0,0,0.0004557,299.9688479890934,-0.006666666666666667,20280,0,1,0,1,0,0.2,0.3,0.3,0,0.006666666666666667,0,0
20340,0.054684,3.614007241618348e-22,0.2,0,-0.6999999999999993,0.3,0,0,0.0004557,299.9688479890934,-0.006666666666666667,20340,0,1,0,1,0,0.2,0.3,0.3,0,0.006666666666666667,0,0
20400,0.054684,3.614007241618348e-22,0.2,0,-0.6999999999999993,0.3,0,0,0.0004557,299.9688479890934,-0.006666666666666667,20400,0,1,0,1,0,0.2,0.3,0.3,0,0.006666666666666667,0,0
20460,0.054684,3.614007241618348e-22,0.2,0,-0.6999999999999993,0.3,0,0,0.0004557,299.9688479890934,-0.006666666666666667,20460,0,1,0,1,0,0.2,0.3,0.3,0,0.006666666666666667,0,0
20520,0.054684,3.614007241618348e-22,0.2,0,-0.6999999999999993,0.3,0,0,0.0004557,299.9688479890934,-0.006666666666666667,20520,0,1,0,1,0,0.2,0.3,0.3,0,0.006666666666666667,0,0
20580,0.054684,3.614007241618348e-22,0.2,0,-0.6999999999999993,0.3,0,0,0.0004557,299.9688479890934,-0.006666666666666667,20580,0,1,0,1,0,0.2,0.3,0.3,0,0.006666666666666667,0,0
20640,0.054684,3.614007241618348e-22,0.2,0,-0.6999999999999993,0.3,0,0,0.0004557,299.9688479890934,-0.006666666666666667,20640,0,1,0,1,0,0.2,0.3,0.3,0,0.006666666666666667,0,0
20700,0.054684,3.614007241618348e-22,0.2,0,-0.6999999999999993,0.3,0,0,0.0004557,299.9688479890934,-0.006666666666666667,20700,0,1,0,1,0,0.2,0.3,0.3,0,0.006666666666666667,0,0
20760,0.054684,3.614007241618348e-22,0.2,0,-0.6999999999999993,0.3,0,0,0.0004557,299.9688479890934,-0.006666666666666667,20760,0,1,0,1,0,0.2,0.3,0.3,0,0.006666666666666667,0,0
20820,0.054684,3.614007241618348e-22,0.2,0,-0.6999999999999993,0.3,0,0,0.0004557,299.9688479890934,-0.006666666666666667,20820,0,1,0,1,0,0.2,0.3,0.3,0,0.006666666666666667,0,0
20880,0.054684,3.614007241618348e-22,0.2,0,-0.6999999999999993,0.3,0,0,0.0004557,299.9688479890934,-0.006666666666666667,20880,0,1,0,1,0,0.2,0.3,0.3,0,0.006666666666666667,0,0
20940,0.054684,3.614007241618348e-22,0.2,0,-0.6999999999999993,0.3,0,0,0.0004557,299.9688479890934,-0.006666666666666667,20940,0,1,0,1,0,0.2,0.3,0.3,0,0.006666666666666667,0,0
21000,0.054684,3.614007241618348e-22,0.2,0,-0.6999999999999993,0.3,0,0,0.0004557,299.9688479890934,-0.006666666666666667,21000,0,1,0,1,0,0.2,0.3,0.3,0,0.006666666666666667,0,0
21060,0.054684,3.614007241618348e-22,0.2,0,-0.6999999999999993,0.3,0,0,0.0004557,299.9688479890934,-0.006666666666666667,21060,0,1,0,1,0,0.2,0.3,0.3,0,0.006666666666666667,0,0
21120,0.054684,3.614007241618348e-22,0.2,0,-0.6999999999999993,0.3,0,0,0.0004557,299.9688479890934,-0.006666666666666667,21120,0,1,0,1,0,0.2,0.3,0.3,0,0.006666666666666667,0,0
21180,0.054684,3.614007241618348e-22,0.2,0,-0.6999999999999993,0.3,0,0,0.0004557,299.9688479890934,-0.006666666666666667,21180,0,1,0,1,0,0.2,0.3,0.3,0,0.006666666666666667,0,0
21240,0.054684,3.614007241618348e-22,0.2,0,-0.6999999999999993,0.3,0,0,0.0004557,299.9688479890934,-0.006666666666666667,21240,0,1,0,1,0,0.2,0.3,0.3,0,0.006666666666666667,0,0
21300,0.054684,3.614007241618348e-22,0.2,0,-0.6999999999999993,0.3,0,0,0.0004557,299.9688479890934,-0.006666666666666667,21300,0,1,0,1,0,0.2,0.3,0.3,0,0.006666666666666667,0,0
21360,0.054684,3.614007241618348e-22,0.2,0,-0.6999999999999993,0.3,0,0,0.0004557,299.9688479890934,-0.006666666666666667,21360,0,1,0,1,0,0.2,0.3,0.3,0,0.006666666666666667,0,0
21420,0.054684,3.614007241618348e-22,0.2,0,-0.6999999999999993,0.3,0,0,0.0004557,299.9688479890934,-0.006666666666666667,21420,0,1,0,1,0,0.2,0.3,0.3,0,0.006666666666666667,0,0
21480,0.054684,3.614007241618348e-22,0.2,0,-0.6999999999999993,0.3,0,0,0.0004557,299.9688479890934,-0.006666666666666667,21480,0,1,0,1,0,0.2,0.3,0.3,0,0.006666666666666667,0,0
21540,0.054684,3.614007241618348e-22,0.2,0,-0.6999999999999993,0.3,0,0,0.0004557,299.9688479890934,-0.006666666666666667,21540,0,1,0,1,0,0.2,0.3,0.3,0,0.006666666666666667,0,0
21600,0.054684,3.614007241618348e-22,0.2,0,-0.6999999999999993,0.3,0,0,0.0004557,299.9688479890934,-0.006666666666666667,21600,0,1,0,1,0,0.2,0.3,0.3,0,0.006666666666666667,0,0
21660,0.054684,3.614007241618348e-22,0.2,0,-0.6999999999999993,0.3,0,0,0.0004557,299.9688479890934,-0.006666666666666667,21660,0,1,0,1,0,0.2,0.3,0.3,0,0.006666666666666667,0,0
21720,0.054684,3.614007241618348e-22,0.2,0,-0.6999999999999993,0.3,0,0,0.0004557,299.9688479890934,-0.006666666666666667,21720,0,1,0,1,0,0.2,0.3,0.3,0,0.006666666666666667,0,0
21780,0.054684,3.614007241618348e-22,0.2,0,-0.6999999999999993,0.3,0,0,0.0004557,299.9688479890934,-0.006666666666666667,21780,0,1,0,1,0,0.2,0.3,0.3,0,0.006666666666666667,0,0
21840,0.054684,3.614007241618348e-22,0.2,0,-0.6999999999999993,0.3,0,0,0.0004557,299.9688479890934,-0.006666666666666667,21840,0,1,0,1,0,0.2,0.3,0.3,0,0.006666666666666667,0,0
21900,0.054684,3.614007241618348e-22,0.2,0,-0.6999999999999993,0.3,0,0,0.0004557,299.9688479890934,-0.006666666666666667,21900,0,1,0,1,0,0.2,0.3,0.3,0,0.006666666666666667,0,0
21960,0.054684,3.614007241618348e-22,0.2,0,-0.6999999999999993,0.3,0,0,0.0004557,299.9688479890934,-0.006666666666666667,21960,0,1,0,1,0,0.2,0.3,0.3,0,0.006666666666666667,0,0
22020,0.054684,3.614007241618348e-22,0.2,0,-0.6999999999999993,0.3,0,0,0.0004557,299.9688479890934,-0.006666666666666667,22020,0,1,0,1,0,0.2,0.3,0.3,0,0.006666666666666667,0,0
22080,0.054684,3.614007241618348e-22,0.2,0,-0.6999999999999993,0.3,0,0,0.0004557,299.9688479890934,-0.006666666666666667,22080,0,1,0,1,0,0.2,0.3,0.3,0,0.006666666666666667,0,0
22140,0.054684,3.614007241618348e-22,0.2,0,-0.6999999999999993,0.3,0,0,0.0004557,299.9688479890934,-0.006666666666666667,22140,0,1,0,1,0,0.2,0.3,0.3,0,0.006666666666666667,0,0
22200,0.054684,3.614007241618348e-22,0.2,0,-0.6999999999999993,0.3,0,0,0.0004557,299.9688479890934,-0.006666666666666667,22200,0,1,0,1,0,0.2,0.3,0.3,0,0.006666666666666667,0,0
22260,0.054684,3.614007241618348e-22,0.2,0,-0.6999999999999993,0.3,0,0,0.0004557,299.9688479890934,-0.006666666666666667,22260,0,1,0,1,0,0.2,0.3,0.3,0,0.006666666666666667,0,0
22320,0.054684,3.614007241618348e-22,0.2,0,-0.6999999999999993,0.3,0,0,0.0004557,299.9688479890934,-0.006666666666666667,22320,0,1,0,1,0,0.2,0.3,0.3,0,0.006666666666666667,0,0
22380,0.054684,3.614007241618348e-22,0.2,0,-0.6999999999999993,0.3,0,0,0.0004557,299.9688479890934,-0.006666666666666667,22380,0,1,0,1,0,0.2,0.3,0.3,0,0.006666666666666667,0,0
22440,0.054684,3.614007241618348e-22,0.2,0,-0.6999999999999993,0.3,0,0,0.0004557,299.9688479890934,-0.006666666666666667,22440,0,1,0,1,0,0.2,0.3,0.3,0,0.006666666666666667,0,0
22500,0.054684,3.614007241618348e-22,0.2,0,-0.6999999999999993,0.3,0,0,0.0004557,299.9688479890934,-0.006666666666666667,22500,0,1,0,1,0,0.2,0.3,0.3,0,0.006666666666666667,0,0
22560,0.054684,3.614007241618348e-22,0.2,0,-0.6999999999999993,0.3,0,0,0.0004557,299.9688479890934,-0.006666666666666667,22560,0,1,0,1,0,0.2,0.3,0.3,0,0.006666666666666667,0,0
22620,0.054684,3.614007241618348e-22,0.2,0,-0.6999999999999993,0.3,0,0,0.0004557,299.9688479890934,-0.006666666666666667,22620,0,1,0,1,0,0.2,0.3,0.3,0,0.006666666666666667,0,0
22680,0.054684,3.614007241618348e-22,0.2,0,-0.6999999999999993,0.3,0,0,0.0004557,299.9688479890934,-0.006666666666666667,22680,0,1,0,1,0,0.2,0.3,0.3,0,0.006666666666666667,0,0
22740,0.054684,3.614007241618348e-22,0.2,0,-0.6999999999999993,0.3,0,0,0.0004557,299.9688479890934,-0.006666666666666667,22740,0,1,0,1,0,0.2,0.3,0.3,0,0.006666666666666667,0,0
22800,0.054684,3.614007241618348e-22,0.2,0,-0.6999999999999993,0.3,0,0,0.0004557,299.9688479890934,-0.006666666666666667,22800,0,1,0,1,0,0.2,0.3,0.3,0,0.006666666666666667,0,0
22860,0.054684,3.614007241618348e-22,0.2,0,-0.6999999999999993,0.3,0,0,0.0004557,299.9688479890934,-0.006666666666666667,22860,0,1,0,1,0,0.2,0.3,0.3,0,0.006666666666666667,0,0
22920,0.054684,3.614007241618348e-22,0.2,0,-0.6999999999999993,0.3,0,0,0.0004557,299.9688479890934,-0.006666666666666667,22920,0,1,0,1,0,0.2,0.3,0.3,0,0.006666666666666667,0,0
22980,0.054684,3.614007241618348e-22,0.2,0,-0.6999999999999993,0.3,0,0,0.0004557,299.9688479890934,-0.006666666666666667,22980,0,1,0,1,0,0.2,0.3,0.3,0,0.006666666666666667,0,0
23040,0.054684,3.614007241618348e-22,0.2,0,-0.6999999999999993,0.3,0,0,0.0004557,299.9688479890934,-0.006666666666666667,23040,0,1,0,1,0,0.2,0.3,0.3,0,0.006666666666666667,0,0
23100,0.054684,3.614007241618348e-22,0.2,0,-0.6999999999999993,0.3,0,0,0.0004557,299.9688479890934,-0.006666666666666667,23100,0,1,0,1,0,0.2,0.3,0.3,0,0.006666666666666667,0,0
23160,0.054684,3.614007241618348e-22,0.2,0,-0.6999999999999993,0.3,0,0,0.0004557,299.9688479890934,-0.006666666666666667,23160,0,1,0,1,0,0.2,0.3,0.3,0,0.006666666666666667,0,0
23220,0.054684,3.614007241618348e-22,0.2,0,-0.6999999999999993,0.3,0,0,0.0004557,299.9688479890934,-0.006666666666666667,23220,0,1,0,1,0,0.2,0.3,0.3,0,0.006666666666666667,0,0
23280,0.054684,3.614007241618348e-22,0.2,0,-0.6999999999999993,0.3,0,0,0.0004557,299.9688479890934,-0.006666666666666667,23280,0,1,0,1,0,0.2,0.3,0.3,0,0.006666666666666667,0,0
23340,0.054684,3.614007241618348e-22,0.2,0,-0.6999999999999993,0.3,0,0,0.0004557,299.9688479890934,-0.006666666666666667,23340,0,1,0,1,0,0.2,0.3,0.3,0,0.006666666666666667,0,0
23400,0.054684,3.614007241618348e-22,0.2,0,-0.6999999999999993,0.3,0,0,0.0004557,299.9688479890934,-0.006666666666666667,23400,0,1,0,1,0,0.2,0.3,0.3,0,0.006666666666666667,0,0
23460,0.054684,3.614007241618348e-22,0.2,0,-0.6999999999999993,0.3,0,0,0.0004557,299.9688479890934,-0.006666666666666667,23460,0,1,0,1,0,0.2,0.3,0.3,0,0.006666666666666667,0,0
23520,0.054684,3.614007241618348e-22,0.2,0,-0.6999999999999993,0.3,0,0,0.0004557,299.9688479890934,-0.006666666666666667,23520,0,1,0,1,0,0.2,0.3,0.3,0,0.006666666666666667,0,0
23580,0.054684,3.614007241618348e-22,0.2,0,-0.6999999999999993,0.3,0,0,0.0004557,299.9688479890934,-0.006666666666666667,23580,0,1,0,1,0,0.2,0.3,0.3,0,0.006666666666666667,0,0
23640,0.054684,3.614007241618348e-22,0.2,0,-0.6999999999999993,0.3,0,0,0.0004557,299.9688479890934,-0.006666666666666667,23640,0,1,0,1,0,0.2,0.3,0.3,0,0.006666666666666667,0,0
23700,0.054684,3.614007241618348e-22,0.2,0,-0.6999999999999993,0.3,0,0,0.0004557,299.9688479890934,-0.006666666666666667,23700,0,1,0,1,0,0.2,0.3,0.3,0,0.006666666666666667,0,0
23760,0.054684,3.614007241618348e-22,0.2,0,-0.6999999999999993,0.3,0,0,0.0004557,299.9688479890934,-0.006666666666666667,23760,0,1,0,1,0,0.2,0.3,0.3,0,0.006666666666666667,0,0
23820,0.054684,3.614007241618348e-22,0.2,0,-0.6999999999999993,0.3,0,0,0.0004557,299.9688479890934,-0.006666666666666667,23820,0,1,0,1,0,0.2,0.3,0.3,0,0.006666666666666667,0,0
23880,0.054684,3.614007241618348e-22,0.2,0,-0.6999999999999993,0.3,0,0,0.0004557,299.9688479890934,-0.006666666666666667,23880,0,1,0,1,0,0.2,0.3,0.3,0,0.006666666666666667,0,0
23940,0.054684,3.614007241618348e-22,0.2,0,-0.6999999999999993,0.3,0,0,0.0004557,299.9688479890934,-0.006666666666666667,23940,0,1,0,1,0,0.2,0.3,0.3,0,0.006666666666666667,0,0
24000,0.054684,3.614007241618348e-22,0.2,0,-0.6999999999999993,0.3,0,0,0.0004557,299.9688479890934,-0.006666666666666667,24000,0,1,0,1,0,0.2,0.3,0.3,0,0.006666666666666667,0,0
24060,0.054684,3.614007241618348e-22,0.2,0,-0.6999999999999993,0.3,0,0,0.0004557,299.9688479890934,-0.006666666666666667,24060,0,1,0,1,0,0.2,0.3,0.3,0,0.006666666666666667,0,0
24120,0.054684,3.614007241618348e-22,0.2,0,-0.6999999999999993,0.3,0,0,0.0004557,299.9688479890934,-0.006666666666666667,24120,0,1,0,1,0,0.2,0.3,0.3,0,0.006666666666666667,0,0
24180,0.054684,3.614007241618348e-22,0.2,0,-0.6999999999999993,0.3,0,0,0.0004557,299.9688479890934,-0.006666666666666667,24180,0,1,0,1,0,0.2,0.3,0.3,0,0.006666666666666667,0,0
24240,0.054684,3.614007241618348e-22,0.2,0,-0.6999999999999993,0.3,0,0,0.0004557,299.9688479890934,-0.006666666666666667,24240,0,1,0,1,0,0.2,0.3,0.3,0,0.006666666666666667,0,0
24300,0.054684,3.614007241618348e-22,0.2,0,-0.6999999999999993,0.3,0,0,0.0004557,299.9688479890934,-0.006666666666666667,24300,0,1,0,1,0,0.2,0.3,0.3,0,0.006666666666666667,0,0
24360,0.054684,3.614007241618348e-22,0.2,0,-0.6999999999999993,0.3,0,0,0.0004557,299.9688479890934,-0.006666666666666667,24360,0,1,0,1,0,0.2,0.3,0.3,0,0.006666666666666667,0,0
24420,0.054684,3.614007241618348e-22,0.2,0,-0.6999999999999993,0.3,0,0,0.0004557,299.9688479890934,-0.006666666666666667,24420,0,1,0,1,0,0.2,0.3,0.3,0,0.006666666666666667,0,0
24480,0.054684,3.614007241618348e-22,0.2,0,-0.6999999999999993,0.3,0,0,0.0004557,299.9688479890934,-0.006666666666666667,24480,0,1,0,1,0,0.2,0.3,0.3,0,0.006666666666666667,0,0
24540,0.054684,3.614007241618348e-22,0.2,0,-0.6999999999999993,0.3,0,0,0.0004557,299.9688479890934,-0.006666666666666667,24540,0,1,0,1,0,0.2,0.3,0.3,0,0.006666666666666667,0,0
24600,0.054684,3.614007241618348e-22,0.2,0,-0.6999999999999993,0.3,0,0,0.0004557,299.9688479890934,-0.006666666666666667,24600,0,1,0,1,0,0.2,0.3,0.3,0,0.006666666666666667,0,0
24660,0.054684,3.614007241618348e-22,0.2,0,-0.6999999999999993,0.3,0,0,0.0004557,299.9688479890934,-0.006666666666666667,24660,0,1,0,1,0,0.2,0.3,0.3,0,0.006666666666666667,0,0
24720,0.054684,3.614007241618348e-22,0.2,0,-0.6999999999999993,0.3,0,0,0.0004557,299.9688479890934,-0.006666666666666667,24720,0,1,0,1,0,0.2,0.3,0.3,0,0.006666666666666667,0,0
24780,0.054684,3.614007241618348e-22,0.2,0,-0.6999999999999993,0.3,0,0,0.0004557,299.9688479890934,-0.006666666666666667,24780,0,1,0,1,0,0.2,0.3,0.3,0,0.006666666666666667,0,0
24840,0.054684,3.614007241618348e-22,0.2,0,-0.6999999999999993,0.3,0,0,0.0004557,299.9688479890934,-0.006666666666666667,24840,0,1,0,1,0,0.2,0.3,0.3,0,0.006666666666666667,0,0
24900,0.054684,3.614007241618348e-22,0.2,0,-0.6999999999999993,0.3,0,0,0.0004557,299.9688479890934,-0.006666666666666667,24900,0,1,0,1,0,0.2,0.3,0.3,0,0.006666666666666667,0,0
24960,0.054684,3.614007241618348e-22,0.2,0,-0.6999999999999993,0.3,0,0,0.0004557,299.9688479890934,-0.006666666666666667,24960,0,1,0,1,0,0.2,0.3,0.3,0,0.006666666666666667,0,0
25020,0.054684,3.614007241618348e-22,0.2,0,-0.6999999999999993,0.3,0,0,0.0004557,299.9688479890934,-0.006666666666666667,25020,0,1,0,1,0,0.2,0.3,0.3,0,0.006666666666666667,0,0
25080,0.054684,3.614007241618348e-22,0.2,0,-0.6999999999999993,0.3,0,0,0.0004557,299.9688479890934,-0.006666666666666667,25080,0,1,0,1,0,0.2,0.3,0.3,0,0.006666666666666667,0,0
25140,0.054684,3.614007241618348e-22,0.2,0,-0.6999999999999993,0.3,0,0,0.0004557,299.9688479890934,-0.006666666666666667,25140,0,1,0,1,0,0.2,0.3,0.3,0,0.006666666666666667,0,0
25200,0.054684,3.614007241618348e-22,0.2,0,-0.6999999999999993,0.3,0,0,0.0004557,299.9688479890934,-0.006666666666666667,25200,0,1,0,1,0,0.2,0.3,0.3,0,0.006666666666666667,0,0
25200.00000504033,0.054684,3.614007241618348e-22,0.2,0,-0.6999999999999993,0.3,0,0,0.0004557,299.9688479890934,-0.006666666666666667,25200.00000504033,0,1,0,1,0,0.2,0.3,0.3,0,0.006666666666666667,0,0
25200.00000504033,0.054684,1.636e-05,0.2,1.636e-05,-0.6999999999999993,0.3,2,1.636e-07,0.0004557,299.9688479890934,-0.006666666666666667,25200.00000504033,0,1,0,1,0,0.2,0.3,0.3,2,0.006666666666666667,0,0
25260,0.0556639661444059,1.630555743642189e-05,0.2,1.636e-05,-0.66774304988789,0.3053761583520184,2,1.636e-07,0.0004638663845367158,305.344448080633,-0.006666666666666667,25260,0,1,0,1,0,0.2,0.3053761583520184,0.3053761583520184,2,0.006666666666666667,0,0
25320,0.0566406737721156,1.625129590154913e-05,0.2,1.636e-05,-0.6355933583898752,0.3107344402683542,2,1.636e-07,0.00047200561476763,310.7021735927798,-0.006666666666666667,25320,0,1,0,1,0,0.2,0.3107344402683542,0.3107344402683542,2,0.006666666666666667,0,0
25380,0.05761413878743211,1.619721451180933e-05,0.2,1.636e-05,-0.6035504019936759,0.3160749330010539,2,1.636e-07,0.0004801178232286009,316.04211176852,-0.006666666666666667,25380,0,1,0,1,0,0.2,0.3160749330010539,0.3160749330010539,2,0.006666666666666667,0,0
25440,0.0585843664558427,1.614331297467541e-05,0.2,1.636e-05,-0.5716140073784501,0.3213976654369251,2,1.636e-07,0.0004882030537986891,321.3642914916615,-0.006666666666666667,25440,0,1,0,1,0,0.2,0.3213976654369251,0.3213976654369251,2,0.006666666666666667,0,0
25500,0.05955138276805984,1.60895898462189e-05,0.2,1.636e-05,-0.5397833190237051,0.3267027801627158,2,1.636e-07,0.0004962615230671653,326.6688553341463,-0.006666666666666667,25500,0,1,0,1,0,0.2,0.3267027801627158,0.3267027801627158,2,0.006666666666666667,0,0
25560,0.06051520477821112,1.603604417898827e-05,0.2,1.636e-05,-0.5080577755690872,0.3319903707384854,2,1.636e-07,0.0005042933731517593,331.9558968463183,-0.006666666666666667,25560,0,1,0,1,0,0.2,0.3319903707384854,0.3319903707384854,2,0.006666666666666667,0,0
25620,0.06147582068876423,1.598267662840199e-05,0.2,1.636e-05,-0.4764377653467995,0.3372603724422,2,1.636e-07,0.0005122985057397019,337.2253513128644,-0.006666666666666667,25620,0,1,0,1,0,0.2,0.3372603724422,0.3372603724422,2,0.006666666666666667,0,0
25680,0.06243323049971916,1.592948719446005e-05,0.2,1.636e-05,-0.4449232883568408,0.3425127852738598,2,1.636e-07,0.000520276920830993,342.4772187337848,-0.006666666666666667,25680,0,1,0,1,0,0.2,0.3425127852738598,0.3425127852738598,2,0.006666666666666667,0,0
25740,0.0633874487058379,1.587647507189789e-05,0.2,1.636e-05,-0.4135138674839398,0.3477476887526767,2,1.636e-07,0.0005282287392153159,347.7115786200341,-0.006666666666666667,25740,0,1,0,1,0,0.2,0.3477476887526767,0.3477476887526767,2,0.006666666666666667,0,0
25800,0.06433853831670086,1.582363676018329e-05,0.2,1.636e-05,-0.3822074286800246,0.3529654285533293,2,1.636e-07,0.0005361544859725072,352.9287766103961,-0.006666666666666667,25800,0,1,0,1,0,0.2,0.3529654285533293,0.3529654285533293,2,0.006666666666666667,0,0
25860,0.06528645356173006,1.577097480212611e-05,0.2,1.636e-05,-0.3510054785473971,0.3581657535754338,2,1.636e-07,0.0005440537796810839,358.1285616305613,-0.006666666666666667,25860,0,1,0,1,0,0.2,0.3581657535754338,0.3581657535754338,2,0.006666666666666667,0,0
25920,0.06623119444092553,1.571848919772636e-05,0.2,1.636e-05,-0.3199080170860595,0.3633486638189901,2,1.636e-07,0.000551926620341046,363.3109336805295,-0.006666666666666667,25920,0,1,0,1,0,0.2,0.3633486638189901,0.3633486638189901,2,0.006666666666666667,0,0
25980,0.06717276095428723,1.566617994698404e-05,0.2,1.636e-05,-0.2889150442960093,0.3685141592839984,2,1.636e-07,0.0005597730079523936,368.4758927603009,-0.006666666666666667,25980,0,1,0,1,0,0.2,0.3685141592839984,0.3685141592839984,2,0.006666666666666667,0,0
26040,0.06811124416514103,1.56140419908255e-05,0.2,1.636e-05,-0.2580235627010854,0.3736627395498192,2,1.636e-07,0.0005675937013761753,373.6239383973596,-0.006666666666666667,26040,0,1,0,1,0,0.2,0.3736627395498192,0.3736627395498192,2,0.006666666666666667,0,0
26100,0.06904661558931006,1.5562076911705e-05,0.2,1.636e-05,-0.2272345098976283,0.3787942483503953,2,1.636e-07,0.0005753884632442505,378.7549143418754,-0.006666666666666667,26100,0,1,0,1,0,0.2,0.3787942483503953,0.3787942483503953,2,0.006666666666666667,0,0
26160,0.06997885656897858,1.551028574616786e-05,0.2,1.636e-05,-0.1965485000336211,0.3839085833277298,2,1.636e-07,0.0005831571380748215,383.8687182464798,-0.006666666666666667,26160,0,1,0,1,0,0.2,0.3839085833277298,0.3839085833277298,2,0.006666666666666667,0,0
26220,0.07090796710414655,1.545866849421408e-05,0.2,1.636e-05,-0.1659655331090666,0.3890057444818222,2,1.636e-07,0.0005908997258678879,388.9653501111728,-0.006666666666666667,26220,0,1,0,1,0,0.2,0.3890057444818222,0.3890057444818222,2,0.006666666666666667,0,0
26280,0.07183398984209509,1.540722278655027e-05,0.2,1.636e-05,-0.1354842053293259,0.3940859657784457,2,1.636e-07,0.000598616582017459,394.0450438774321,-0.006666666666666667,26280,0,1,0,1,0,0.2,0.3940859657784457,0.3940859657784457,2,0.006666666666666667,0,0
26340,0.07275697829585157,1.535594565023047e-05,0.2,1.636e-05,-0.1051027552385926,0.399149540793568,2,1.636e-07,0.0006063081524654297,399.1080930907407,-0.006666666666666667,26340,0,1,0,1,0,0.2,0.399149540793568,0.399149540793568,2,0.006666666666666667,0,0
26400,0.07367688112273174,1.530483993762601e-05,0.2,1.636e-05,-0.0748228728528062,0.4041961878578656,2,1.636e-07,0.0006139740093560978,404.1542161110237,-0.006666666666666667,26400,0,1,0,1,0,0.2,0.4041961878578656,0.4041961878578656,2,0.006666666666666667,0,0
26460,0.0745936983227356,1.525390564873691e-05,0.2,1.636e-05,-0.04464455817196811,0.4092259069713386,2,1.636e-07,0.0006216141526894633,409.1834129382812,-0.006666666666666667,26460,0,1,0,1,0,0.2,0.4092259069713386,0.4092259069713386,2,0.006666666666666667,0,0
26520,0.07550742989586318,1.520314278356316e-05,0.2,1.636e-05,-0.01456781119607697,0.4142386981339872,2,1.636e-07,0.0006292285824655265,414.1956835725131,-0.006666666666666667,26520,0,1,0,1,0,0.2,0.4142386981339872,0.4142386981339872,2,0.006666666666666667,0,0
26580,0.07641815700362464,1.515254683313196e-05,0.2,1.636e-05,0.01541003961898157,0.4192350066031635,2,1.636e-07,0.0006368179750302054,419.1914732248364,-0.006666666666666667,26580,0,1,0,1,0,0.2,0.4192350066031635,0.4192350066031635,2,0.006666666666666667,0,0
26640,0.07732584865599607,1.510211951911133e-05,0.2,1.636e-05,0.0452879741934189,0.4242146623655698,2,1.636e-07,0.0006443820721333005,424.1706118996073,-0.006666666666666667,26640,0,1,0,1,0,0.2,0.4242146623655698,0.4242146623655698,2,0.006666666666666667,0,0
26700,0.07823051384721505,1.505186034182139e-05,0.2,1.636e-05,0.07506628858509057,0.4291777147641818,2,1.636e-07,0.0006519209487267921,429.1331489346777,-0.006666666666666667,26700,0,1,0,1,0,0.2,0.4291777147641818,0.4291777147641818,2,0.006666666666666667,0,0
26760,0.07913216182671894,1.50017687874045e-05,0.2,1.636e-05,0.1047452872521046,0.4341242145420174,2,1.636e-07,0.0006594346818893245,434.0791350677966,-0.006666666666666667,26760,0,1,0,1,0,0.2,0.4341242145420174,0.4341242145420174,2,0.006666666666666667,0,0
26820,0.08003080184394502,1.495184434200305e-05,0.2,1.636e-05,0.1343252746525678,0.4390542124420947,2,1.636e-07,0.0006669233486995418,439.0086210367127,-0.006666666666666667,26820,0,1,0,1,0,0.2,0.4390542124420947,0.4390542124420947,2,0.006666666666666667,0,0
26880,0.08092644314833067,1.490208649175941e-05,0.2,1.636e-05,0.1638065552445909,0.4439677592074318,2,1.636e-07,0.0006743870262360889,443.9216575791751,-0.006666666666666667,26880,0,1,0,1,0,0.2,0.4439677592074318,0.4439677592074318,2,0.006666666666666667,0,0
26940,0.08181909498931317,1.485249472281593e-05,0.2,1.636e-05,0.1931894334862791,0.4488649055810466,2,1.636e-07,0.0006818257915776097,448.8182954329324,-0.006666666666666667,26940,0,1,0,1,0,0.2,0.4488649055810466,0.4488649055810466,2,0.006666666666666667,0,0
26953.93590402733,0.08202600000364685,1.48409999997974e-05,0.2,1.636e-05,0.200000000120041,0.4500000000200068,2,1.636e-07,0.0006835500000303904,449.9532720036448,-0.006666666666666667,26953.93590402733,0,1,0,1,0,0.2,0.4500000000200068,0.4500000000200068,2,0.006666666666666667,0,0
26953.93590402733,0.08202600000364685,1.484099999888568e-05,0.200000000120041,1.636e-05,0.200000000120041,0.4500000000200068,2,1.636e-07,0.0006835500000303904,449.9532720036448,-0.006666666670668035,26953.93590402733,0,2,1,1,0,0.200000000120041,0.4500000000200068,0.4500000000200068,2,0.006666666670668035,1,0
27000,0.08270477269813588,1.46293845512212e-05,0.2223427484574025,1.636e-05,0.2223427484574025,0.453723791409567,2,1.636e-07,0.0006892064391511323,453.6766767145717,-0.007411424948580085,27000,0,2,1,1,0,0.2223427484574025,0.453723791409567,0.453723791409567,2,0.007411424948580085,1,0
27060,0.08357395951045248,1.434610305056048e-05,0.2509532426087056,1.636e-05,0.2509532426087056,0.4584922071014509,2,1.636e-07,0.0006964496625871039,458.4445972539968,-0.008365108086956851,27060,0,2,1,1,0,0.2509532426087056,0.4584922071014509,0.4584922071014509,2,0.008365108086956851,1,0
27120,0.08442584009203352,1.405505631754346e-05,0.2789940780787856,1.636e-05,0.2789940780787856,0.4631656796797977,2,1.636e-07,0.0007035486674336126,463.1175845387812,-0.009299802602626188,27120,0,2,1,1,0,0.2789940780787856,0.4631656796797977,0.4631656796797977,2,0.009299802602626188,1,0
27180,0.08526006523939768,1.3757180508532e-05,0.306453760348838,1.636e-05,0.306453760348838,0.4677422933914729,2,1.636e-07,0.0007105005436616474,467.6937230147222,-0.01021512534496127,27180,0,2,1,1,0,0.306453760348838,0.4677422933914729,0.4677422933914729,2,0.01021512534496127,1,0
27240,0.08607620280245881,1.34534476995683e-05,0.3333180645970648,1.636e-05,0.3333180645970648,0.4722196774328441,2,1.636e-07,0.0007173016900204901,472.1706421243717,-0.01111060215323549,27240,0,2,1,1,0,0.3333180645970648,0.4722196774328441,0.4722196774328441,2,0.01111060215323549,1,0
27300,0.08687400253369308,1.314476639201914e-05,0.3595787535777846,1.636e-05,0.3595787535777846,0.4765964589296307,2,1.636e-07,0.0007239500211141091,476.5469691360086,-0.01198595845259282,27300,0,2,1,1,0,0.3595787535777846,0.4765964589296307,0.4765964589296307,2,0.01198595845259282,1,0
27360,0.08765325039748166,1.283202661821556e-05,0.3852287820105884,1.636e-05,0.3852287820105884,0.4808714636684314,2,1.636e-07,0.0007304437533123472,480.8215299581617,-0.01284095940035295,27360,0,2,1,1,0,0.3852287820105884,0.4808714636684314,0.4808714636684314,2,0.01284095940035295,1,0
27420,0.08841371061819495,1.251612105569601e-05,0.410260389012342,1.636e-05,0.410260389012342,0.4850433981687237,2,1.636e-07,0.0007367809218182912,484.9930312446239,-0.0136753463004114,27420,0,2,1,1,0,0.410260389012342,0.4850433981687237,0.4850433981687237,2,0.0136753463004114,1,0
27480,0.08915521413677817,1.219790721023617e-05,0.4346680097688664,1.636e-05,0.4346680097688664,0.4891113349614777,2,1.636e-07,0.0007429601178064847,489.0605456226735,-0.01448893365896221,27480,0,2,1,1,0,0.4346680097688664,0.4891113349614777,0.4891113349614777,2,0.01448893365896221,1,0
27540,0.08987765061379213,1.18782057862193e-05,0.4584480123038883,1.636e-05,0.4584480123038883,0.4930746687173148,2,1.636e-07,0.0007489804217816011,493.0234678257892,-0.01528160041012961,27540,0,2,1,1,0,0.4584480123038883,0.4930746687173148,0.4930746687173148,2,0.01528160041012961,1,0
27600,0.09058083436789192,1.155785825864716e-05,0.4815942846574037,1.636e-05,0.4815942846574037,0.4969323807762339,2,1.636e-07,0.0007548402863990993,496.8807792997479,-0.01605314282191346,27600,0,2,1,1,0,0.4815942846574037,0.4969323807762339,0.4969323807762339,2,0.01605314282191346,1,0
27660,0.091264806365321,1.123758790348006e-05,0.5041081752903556,1.636e-05,0.5041081752903556,0.5006846958817259,2,1.636e-07,0.0007605400530443417,500.632704764703,-0.01680360584301185,27660,0,2,1,1,0,0.5041081752903556,0.5006846958817259,0.5006846958817259,2,0.01680360584301185,1,0
27720,0.09192950072726291,1.091814766697234e-05,0.5259875157097733,1.636e-05,0.5259875157097733,0.5043312526182956,2,1.636e-07,0.000766079172727191,504.2788828426885,-0.01753291719032578,27720,0,2,1,1,0,0.5259875157097733,0.5043312526182956,0.5043312526182956,2,0.01753291719032578,1,0
27780,0.09257499298676256,1.06002028686051e-05,0.5472347921909995,1.636e-05,0.5472347921909995,0.5078724653651666,2,1.636e-07,0.000771458274889688,507.8197278698991,-0.01824115973969998,27780,0,2,1,1,0,0.5472347921909995,0.5078724653651666,0.5078724653651666,2,0.01824115973969998,1,0
27840,0.09320145887498359,1.028434388714568e-05,0.5678557891699669,1.636e-05,0.5678557891699669,0.5113092981949945,2,1.636e-07,0.0007766788239581965,511.256203818881,-0.01892852630566556,27840,0,2,1,1,0,0.5678557891699669,0.5113092981949945,0.5113092981949945,2,0.01892852630566556,1,0
27900,0.09380895870408774,9.971193202806658e-06,0.5878524919054557,1.636e-05,0.5878524919054557,0.5146420819842427,2,1.636e-07,0.0007817413225340645,514.5886415317393,-0.01959508306351519,27900,0,2,1,1,0,0.5878524919054557,0.5146420819842427,0.5146420819842427,2,0.01959508306351519,1,0
27960,0.09439781336924108,9.661212263032778e-06,0.6072354631086601,1.636e-05,0.6072354631086601,0.5178725771847766,2,1.636e-07,0.0007866484447436756,517.8188012775342,-0.020241182103622,27960,0,2,1,1,0,0.6072354631086601,0.5178725771847766,0.5178725771847766,2,0.020241182103622,1,0
28020,0.09496812315539879,9.354949021865383e-06,0.6260080037985123,1.636e-05,0.6260080037985123,0.5210013339664187,2,1.636e-07,0.0007914010262949899,520.9472331689584,-0.02086693345995041,28020,0,2,1,1,0,0.6260080037985123,0.5210013339664187,0.5210013339664187,2,0.02086693345995041,1,0
28080,0.09552024555218695,9.0527862547939e-06,0.64418188124381,1.636e-05,0.64418188124381,0.524030313540635,2,1.636e-07,0.0007960020462682246,523.9758982138256,-0.02147272937479367,28080,0,2,1,1,0,0.64418188124381,0.524030313540635,0.524030313540635,2,0.02147272937479367,1,0
28140,0.09605435813556801,8.755175040650203e-06,0.6617629406046084,1.636e-05,0.6617629406046084,0.5269604901007681,2,1.636e-07,0.0008004529844630667,526.9057705043182,-0.02205876468682028,28140,0,2,1,1,0,0.6617629406046084,0.5269604901007681,0.5269604901007681,2,0.02205876468682028,1,0
28200,0.09657078896818888,8.462455600650234e-06,0.6787619805197131,1.636e-05,0.6787619805197131,0.5297936634199522,2,1.636e-07,0.0008047565747349073,529.7386496266818,-0.0226253993506571,28200,0,2,1,1,0,0.6787619805197131,0.5297936634199522,0.5297936634199522,2,0.0226253993506571,1,0
28260,0.0970698505451951,8.174947436677125e-06,0.6951892872019449,1.636e-05,0.6951892872019449,0.5325315478669909,2,1.636e-07,0.0008089154212099592,532.4762497716999,-0.02317297624006483,28260,0,2,1,1,0,0.6951892872019449,0.5325315478669909,0.5325315478669909,2,0.02317297624006483,1,0
28320,0.09755185081221793,7.892944573495477e-06,0.7110549971105309,1.636e-05,0.7110549971105309,0.5351758328517552,2,1.636e-07,0.000812932090101816,535.1202601738153,-0.0237018332370177,28320,0,2,1,1,0,0.7110549971105309,0.5351758328517552,0.5351758328517552,2,0.0237018332370177,1,0
28380,0.09801711422672436,7.616704141606125e-06,0.7263697902147586,1.636e-05,0.7263697902147586,0.5377282983691264,2,1.636e-07,0.000816809285222703,537.6724606430745,-0.02421232634049195,28380,0,2,1,1,0,0.7263697902147586,0.5377282983691264,0.5377282983691264,2,0.02421232634049195,1,0
28440,0.09846599183308362,7.346440544310542e-06,0.7411452216288223,1.636e-05,0.7411452216288223,0.5401908702714704,2,1.636e-07,0.0008205499319423635,540.1347768318625,-0.02470484072096074,28440,0,2,1,1,0,0.7411452216288223,0.5401908702714704,0.5401908702714704,2,0.02470484072096074,1,0
28500,0.09889883545783114,7.082341235856518e-06,0.7553928722130063,1.636e-05,0.7553928722130063,0.5425654787021678,2,1.636e-07,0.0008241569621485928,542.5091386831341,-0.02517976240710021,28500,0,2,1,1,0,0.7553928722130063,0.5425654787021678,0.5425654787021678,2,0.02517976240710021,1,0
28560,0.09931601765996177,6.824555328410568e-06,0.7691250052653649,1.636e-05,0.7691250052653649,0.5448541675442274,2,1.636e-07,0.0008276334804996814,544.7975898676613,-0.02563750017551216,28560,0,2,1,1,0,0.7691250052653649,0.5448541675442274,0.5448541675442274,2,0.02563750017551216,1,0
28620,0.09971790599491934,6.573210040676632e-06,0.7823537193851005,1.636e-05,0.7823537193851005,0.5470589532308501,2,1.636e-07,0.0008309825499576612,547.002146609258,-0.02607845731283668,28620,0,2,1,1,0,0.7823537193851005,0.5470589532308501,0.5470589532308501,2,0.02607845731283668,1,0
28680,0.1001048901367113,6.328394675189309e-06,0.7950918412347368,1.636e-05,0.7950918412347368,0.5491819735391228,2,1.636e-07,0.0008342074178059276,549.1249464630248,-0.02650306137449122,28680,0,2,1,1,0,0.7950918412347368,0.5491819735391228,0.5491819735391228,2,0.02650306137449122,1,0
28740,0.1004773671716235,6.090170336447788e-06,0.8073524414622608,1.636e-05,0.8073524414622608,0.5512254069103768,2,1.636e-07,0.0008373113930968623,551.1681676440832,-0.02691174804874203,28740,0,2,1,1,0,0.8073524414622608,0.5512254069103768,0.5512254069103768,2,0.02691174804874203,1,0
28800,0.1008357447660954,5.858568678598587e-06,0.819148938976149,1.636e-05,0.819148938976149,0.5531914898293582,2,1.636e-07,0.000840297873050795,553.1340464049428,-0.0273049646325383,28800,0,2,1,1,0,0.819148938976149,0.5531914898293582,0.5531914898293582,2,0.0273049646325383,1,0
28800.00000576008,0.1008357447998366,5.858568656682741e-06,0.8191489400867886,1.636e-05,0.8191489400867886,0.5531914900144648,2,1.636e-07,0.0008402978733319719,553.1340465900302,-0.02730496466955962,28800.00000576008,0,2,1,1,0,0.8191489400867886,0.5531914900144648,0.5531914900144648,2,0.02730496466955962,1,0
28800.00000576008,0.1008357447998366,5.493856865668274e-05,0.8191489400867886,6.544e-05,0.8191489400867886,0.5531914900144648,8,6.543999999999999e-07,0.0008402978733319719,553.1340465900302,-0.02730496466955962,28800.00000576008,0,2,1,1,0,0.8191489400867886,0.5531914900144648,0.5531914900144648,8,0.02730496466955962,1,0
28860,0.104066613219927,5.274458785299225e-05,0.9254974726769927,6.544e-05,0.9254974726769927,0.5709162454461655,8,6.543999999999999e-07,0.0008672217768327253,570.8569614824823,-0.03084991575589975,28860,0,2,1,1,0,0.9254974726769927,0.5709162454461655,0.5709162454461655,8,0.03084991575589975,1,0
28920,0.1071626053349981,5.046309636408805e-05,1.027406363890654,6.544e-05,1.027406363890654,0.5879010606484423,8,6.543999999999999e-07,0.0008930217111249838,587.8400129809312,-0.03424687879635512,28920,0,2,1,1,0,1.027406363890654,0.5879010606484423,0.5879010606484423,8,0.03424687879635512,1,0
28980,0.1101199028341533,4.812013117761516e-05,1.124749928708141,6.544e-05,1.124749928708141,0.6041249881180235,8,6.543999999999999e-07,0.0009176658569512778,604.0622557572941,-0.03749166429027137,28980,0,2,1,1,0,1.124749928708141,0.6041249881180235,0.6041249881180235,8,0.03749166429027137,1,0
29040,0.1129355084774048,4.574080406871596e-05,1.217429508802002,6.544e-05,1.217429508802002,0.6195715848003336,8,6.543999999999999e-07,0.0009411292373117066,619.507248464443,-0.04058098362673338,29040,0,2,1,1,0,1.217429508802002,0.6195715848003336,0.6195715848003336,8,0.04058098362673338,1,0
29100,0.1156081415931026,4.334817941502547e-05,1.305402949081718,6.544e-05,1.305402949081718,0.634233824846953,8,6.543999999999999e-07,0.0009634011799425215,634.167965983523,-0.04351343163605727,29100,0,2,1,1,0,1.305402949081718,0.634233824846953,0.634233824846953,8,0.04351343163605727,1,0
29160,0.1181376041720577,4.096341145397923e-05,1.388663731799135,6.544e-05,1.388663731799135,0.6481106219665225,8,6.543999999999999e-07,0.0009844800347671475,648.0433221359751,-0.04628879105997116,29160,0,2,1,1,0,1.388663731799135,0.6481106219665225,0.6481106219665225,8,0.04628879105997116,1,0
29220,0.1205248939830261,3.860536035183008e-05,1.46724469990211,6.544e-05,1.46724469990211,0.661207449983685,8,6.543999999999999e-07,0.001004374116525217,661.1387901780402,-0.04890815666340365,29220,0,2,1,1,0,1.46724469990211,0.661207449983685,0.661207449983685,8,0.04890815666340365,1,0
29280,0.1227718493984783,3.62907147392124e-05,1.541206365980193,6.544e-05,1.541206365980193,0.6735343943300321,8,6.543999999999999e-07,0.001023098744987319,673.4644544940384,-0.05137354553267309,29280,0,2,1,1,0,1.541206365980193,0.6735343943300321,0.6735343943300321,8,0.05137354553267309,1,0
29340,0.1248813458989317,3.403364152798281e-05,1.61064338047833,6.544e-05,1.61064338047833,0.6851072300797216,8,6.543999999999999e-07,0.001040677882491097,685.0360885200429,-0.05368811268261099,29340,0,2,1,1,0,1.61064338047833,0.6851072300797216,0.6851072300797216,8,0.05368811268261099,1,0
29400,0.1268572810199626,3.18456625428282e-05,1.6756840362068,6.544e-05,1.6756840362068,0.6959473393678,8,6.543999999999999e-07,0.001057144008499688,695.8750721707785,-0.05585613454022666,29400,0,2,1,1,0,1.6756840362068,0.6959473393678,0.6959473393678,8,0.05585613454022666,1,0
29460,0.1287042195665271,2.973596485832132e-05,1.7364785900766,6.544e-05,1.7364785900766,0.7060797650127666,8,6.543999999999999e-07,0.001072535163054392,706.0064456642978,-0.05788261966921998,29460,0,2,1,1,0,1.7364785900766,0.7060797650127666,0.7060797650127666,8,0.05788261966921998,1,0
29520,0.1304271425980202,2.771168842682934e-05,1.793191000593161,6.544e-05,1.793191000593161,0.7155318334321935,8,6.543999999999999e-07,0.001086892854983502,715.4575325805964,-0.05977303335310537,29520,0,2,1,1,0,1.793191000593161,0.7155318334321935,0.7155318334321935,8,0.05977303335310537,1,0
29580,0.132031323599533,2.577812189723502e-05,1.845994851860861,6.544e-05,1.845994851860861,0.7243324753101436,8,6.543999999999999e-07,0.001100261029996108,724.2572605995739,-0.06153316172869538,29580,0,2,1,1,0,1.845994851860861,0.7243324753101436,0.7243324753101436,8,0.06153316172869538,1,0
29640,0.1335223364814819,2.393876348152873e-05,1.895073616901972,6.544e-05,1.895073616901972,0.732512269483662,8,6.543999999999999e-07,0.001112686137345682,732.436205382968,-0.06316912056339906,29640,0,2,1,1,0,1.895073616901972,0.732512269483662,0.732512269483662,8,0.06316912056339906,1,0
29700,0.1349058744645732,2.21956254092044e-05,1.940614696003069,6.544e-05,1.940614696003069,0.7401024493338448,8,6.543999999999999e-07,0.00112421562053811,740.0255970685993,-0.06468715653343564,29700,0,2,1,1,0,1.940614696003069,0.7401024493338448,0.7401024493338448,8,0.06468715653343564,1,0
29760,0.1361877309674022,2.054935722648391e-05,1.982808787603761,6.544e-05,1.982808787603761,0.7471347979339601,8,6.543999999999999e-07,0.001134897758061685,747.0572154293803,-0.06609362625345869,29760,0,2,1,1,0,1.982808787603761,0.7471347979339601,0.7471347979339601,8,0.06609362625345869,1,0
29820,0.1373737092270541,1.899946295413443e-05,2.02184691333292,6.544e-05,2.02184691333292,0.7536411522221534,8,6.543999999999999e-07,0.001144780910225451,753.5628940975078,-0.06739489711109735,29820,0,2,1,1,0,2.02184691333292,0.7536411522221534,0.7536411522221534,8,0.06739489711109735,1,0
29880,0.1384695534777525,1.754449682434129e-05,2.057918152658082,6.544e-05,2.057918152658082,0.7596530254430136,8,6.543999999999999e-07,0.001153912945647938,759.574143045234,-0.06859727175526939,29880,0,2,1,1,0,2.057918152658082,0.7596530254430136,0.7596530254430136,8,0.06859727175526939,1,0
29940,0.1394808976591039,1.618223697068576e-05,2.091207954545883,6.544e-05,2.091207954545883,0.7652013257576472,8,6.543999999999999e-07,0.001162340813825866,765.1218672241613,-0.06970693181819609,29940,0,2,1,1,0,2.091207954545883,0.7652013257576472,0.7652013257576472,8,0.06970693181819609,1,0
30000,0.1404132324462196,1.490983177330984e-05,2.121897052212628,6.544e-05,2.121897052212628,0.7703161753687713,8,6.543999999999999e-07,0.001170110270385164,770.2361857091158,-0.07072990174042092,30000,0,2,1,1,0,2.121897052212628,0.7703161753687713,0.7703161753687713,8,0.07072990174042092,1,0
30060,0.1412718678796283,1.372394717273989e-05,2.150160233035821,6.544e-05,2.150160233035821,0.7750267055059702,8,6.543999999999999e-07,0.001177265565663569,774.946226704694,-0.07167200776786072,30060,0,2,1,1,0,2.150160233035821,0.7750267055059702,0.7750267055059702,8,0.07167200776786072,1,0
30120,0.142061880772835,1.262093010902032e-05,2.176164607400759,6.544e-05,2.176164607400759,0.7793607679001264,8,6.543999999999999e-07,0.001183849006440292,779.2798390496537,-0.07253882024669195,30120,0,2,1,1,0,2.176164607400759,0.7793607679001264,0.7793607679001264,8,0.07253882024669195,1,0
30180,0.1427880848763615,1.15969352742996e-05,2.200068626608343,6.544e-05,2.200068626608343,0.7833447711013906,8,6.543999999999999e-07,0.001189900707303012,783.2634285518806,-0.07333562088694477,30180,0,2,1,1,0,2.200068626608343,0.7833447711013906,0.7833447711013906,8,0.07333562088694477,1,0
30240,0.143455126893094,1.064786532293483e-05,2.222025243353984,6.544e-05,2.222025243353984,0.787004207225664,8,6.543999999999999e-07,0.001195459390775784,786.9224846801737,-0.07406750811179946,30240,0,2,1,1,0,2.222025243353984,0.787004207225664,0.787004207225664,8,0.07406750811179946,1,0
30300,0.1440673741408611,9.769596058027874e-06,2.242178213984896,6.544e-05,2.242178213984896,0.7903630356641492,8,6.543999999999999e-07,0.001200561451173843,790.2809643377918,-0.07473927379949652,30300,0,2,1,1,0,2.242178213984896,0.7903630356641492,0.7903630356641492,8,0.07473927379949652,1,0
30360,0.1446289399594071,8.958002239004153e-06,2.260662934806026,6.544e-05,2.260662934806026,0.7934438224676711,8,6.543999999999999e-07,0.001205241166328392,793.3614312323001,-0.07535543116020088,30360,0,2,1,1,0,2.260662934806026,0.7934438224676711,0.7934438224676711,8,0.07535543116020088,1,0
30420,0.1451437019638562,8.208984918565508e-06,2.277607042918243,6.544e-05,2.277607042918243,0.7962678404863739,8,6.543999999999999e-07,0.001209530849698802,796.1851560048691,-0.07592023476394144,30420,0,2,1,1,0,2.277607042918243,0.7962678404863739,0.7962678404863739,8,0.07592023476394144,1,0
30480,0.1456152775240789,7.51855419927226e-06,2.293129609087521,6.544e-05,2.293129609087521,0.7988549348479201,8,6.543999999999999e-07,0.001213460646033991,798.7719817224428,-0.0764376536362507,30480,0,2,1,1,0,2.293129609087521,0.7988549348479201,0.7988549348479201,8,0.0764376536362507,1,0
30540,0.146047088839292,6.882775263331335e-06,2.30734327976603,6.544e-05,2.30734327976603,0.8012238799610051,8,6.543999999999999e-07,0.001217059073660767,801.1406808441811,-0.07691144265886768,30540,0,2,1,1,0,2.30734327976603,0.8012238799610051,0.8012238799610051,8,0.07691144265886768,1,0
30600,0.1464422828352063,6.297921639856098e-06,2.320351640395204,6.544e-05,2.320351640395204,0.8033919400658673,8,6.543999999999999e-07,0.001220352356960053,803.3085158176033,-0.07734505467984014,30600,0,2,1,1,0,2.320351640395204,0.8033919400658673,0.8033919400658673,8,0.07734505467984014,1,0
30660,0.1468038256158342,5.760367384012053e-06,2.332252324418505,6.544e-05,2.332252324418505,0.8053753874030842,8,6.543999999999999e-07,0.001223365213465285,805.2917571935765,-0.07774174414728351,30660,0,2,1,1,0,2.332252324418505,0.8053753874030842,0.8053753874030842,8,0.07774174414728351,1,0
30720,0.1471344385797911,5.266708298973232e-06,2.343134910460538,6.544e-05,2.343134910460538,0.807189151743423,8,6.543999999999999e-07,0.001226120321498259,807.1053331925602,-0.07810449701535127,30720,0,2,1,1,0,2.343134910460538,0.807189151743423,0.807189151743423,8,0.07810449701535127,1,0
30780,0.1474366702721421,4.813678255016729e-06,2.353083287430614,6.544e-05,2.353083287430614,0.808847214571769,8,6.543999999999999e-07,0.001228638918934517,808.7632238476018,-0.07843610958102047,30780,0,2,1,1,0,2.353083287430614,0.808847214571769,0.808847214571769,8,0.07843610958102047,1,0
30840,0.1477128569862891,4.398227639665968e-06,2.362174357679037,6.544e-05,2.362174357679037,0.8103623929465061,8,6.543999999999999e-07,0.001230940474885743,810.2782448861615,-0.0787391452559679,30840,0,2,1,1,0,2.362174357679037,0.8103623929465061,0.8103623929465061,8,0.0787391452559679,1,0
30900,0.1479651702625334,4.01746910664269e-06,2.370479600478386,6.544e-05,2.370479600478386,0.811746600079731,8,6.543999999999999e-07,0.001233043085521111,811.6623082832673,-0.07901598668261285,30900,0,2,1,1,0,2.370479600478386,0.811746600079731,0.811746600079731,8,0.07901598668261285,1,0
30960,0.1481956087167308,3.668704064982672e-06,2.378064803052365,6.544e-05,2.378064803052365,0.8130108005087275,8,6.543999999999999e-07,0.001234963405972757,812.9263774376453,-0.07926882676841217,30960,0,2,1,1,0,2.378064803052365,0.8130108005087275,0.8130108005087275,8,0.07926882676841217,1,0
31020,0.1484060138717627,3.349411005211932e-06,2.384990581690676,6.544e-05,2.384990581690676,0.8141650969484461,8,6.543999999999999e-07,0.00123671678226469,814.0805540151796,-0.07949968605635588,31020,0,2,1,1,0,2.384990581690676,0.8141650969484461,0.8141650969484461,8,0.07949968605635588,1,0
31080,0.1485980844546596,3.057234118351436e-06,2.391312852358775,6.544e-05,2.391312852358775,0.8152188087264625,8,6.543999999999999e-07,0.001238317370455496,815.1341563757267,-0.07971042841195916,31080,0,2,1,1,0,2.391312852358775,0.8152188087264625,0.8152188087264625,8,0.07971042841195916,1,0
31140,0.1487733793506702,2.789987516248194e-06,2.39708292793516,6.544e-05,2.39708292793516,0.8161804879891934,8,6.543999999999999e-07,0.001239778161255585,816.0957357776481,-0.07990276426450535,31140,0,2,1,1,0,2.39708292793516,0.8161804879891934,0.8161804879891934,8,0.07990276426450535,1,0
31200,0.1489333272856845,2.545647906638954e-06,2.402347836921808,6.544e-05,2.402347836921808,0.8170579728203013,8,6.543999999999999e-07,0.001241111060714038,816.9731294906993,-0.08007826123072694,31200,0,2,1,1,0,2.402347836921808,0.8170579728203013,0.8170579728203013,8,0.08007826123072694,1,0
31260,0.1490792445747972,2.322333706311345e-06,2.407150907662844,6.544e-05,2.407150907662844,0.8178584846104739,8,6.543999999999999e-07,0.00124232703812331,817.7735581556984,-0.08023836358876145,31260,0,2,1,1,0,2.407150907662844,0.8178584846104739,0.8178584846104739,8,0.08023836358876145,1,0
31320,0.1492123398301365,2.118303011721125e-06,2.411531923309298,6.544e-05,2.411531923309298,0.818588653884883,8,6.543999999999999e-07,0.001243436165251137,818.5036516093035,-0.08038439744364327,31320,0,2,1,1,0,2.411531923309298,0.818588653884883,0.818588653884883,8,0.08038439744364327,1,0
31380,0.1493337244572534,1.931941888614147e-06,2.415527467322365,6.544e-05,2.415527467322365,0.8192545778870608,8,6.543999999999999e-07,0.001244447703810445,819.1695064619087,-0.08051758224407883,31380,0,2,1,1,0,2.415527467322365,0.8192545778870608,0.8192545778870608,8,0.08051758224407883,1,0
31440,0.1494443921995344,1.76179952733625e-06,2.419170250149258,6.544e-05,2.419170250149258,0.8198617083582096,8,6.543999999999999e-07,0.00124536993499612,819.7765738886072,-0.08063900833830859,31440,0,2,1,1,0,2.419170250149258,0.8198617083582096,0.8198617083582096,8,0.08063900833830859,1,0
31500,0.1495452863822219,1.606488023136738e-06,2.422491322653781,6.544e-05,2.422491322653781,0.8204152204422969,8,6.543999999999999e-07,0.001246210719851849,820.3300284959796,-0.08074971075512603,31500,0,2,1,1,0,2.422491322653781,0.8204152204422969,0.8204152204422969,8,0.08074971075512603,1,0
31560,0.1496372687531823,1.464732704183199e-06,2.42551905046683,6.544e-05,2.42551905046683,0.8209198417444717,8,6.543999999999999e-07,0.001246977239609853,820.8345973982601,-0.080850635015561,31560,0,2,1,1,0,2.42551905046683,0.8209198417444717,0.8209198417444717,8,0.080850635015561,1,0
31620,0.1497211388429915,1.335344480771504e-06,2.428279751250543,6.544e-05,2.428279751250543,0.821379958541757,8,6.543999999999999e-07,0.001247676157024929,821.2946664170005,-0.08094265837501809,31620,0,2,1,1,0,2.428279751250543,0.821379958541757,0.821379958541757,8,0.08094265837501809,1,0
31680,0.1497975692526595,1.217321590836411e-06,2.430795564603671,6.544e-05,2.430795564603671,0.8217992607672785,8,6.543999999999999e-07,0.001248313077105496,821.7139251021636,-0.08102651882012238,31680,0,2,1,1,0,2.430795564603671,0.8217992607672785,0.8217992607672785,8,0.08102651882012238,1,0
31740,0.1498671941466819,1.109714713246952e-06,2.433087364933573,6.544e-05,2.433087364933573,0.8221812274889287,8,6.543999999999999e-07,0.001248893284555683,822.0958521603756,-0.08110291216445242,31740,0,2,1,1,0,2.433087364933573,0.8221812274889287,0.8221812274889287,8,0.08110291216445242,1,0
31800,0.1499306455799902,1.011571855239276e-06,2.435175957208366,6.544e-05,2.435175957208366,0.8225293262013944,8,6.543999999999999e-07,0.001249422046499918,822.4439147262583,-0.08117253190694555,31800,0,2,1,1,0,2.435175957208366,0.8225293262013944,0.8225293262013944,8,0.08117253190694555,1,0
31860,0.1499884898047242,9.220377372585244e-07,2.437079980405668,6.544e-05,2.437079980405668,0.8228466634009446,8,6.543999999999999e-07,0.001249904081706035,822.7612189735021,-0.08123599934685559,31860,0,2,1,1,0,2.437079980405668,0.8228466634009446,0.8228466634009446,8,0.08123599934685559,1,0
31920,0.1500412316138896,8.403480582619253e-07,2.438816050490112,6.544e-05,2.438816050490112,0.8231360084150187,8,6.543999999999999e-07,0.001250343596782413,823.0505339419794,-0.0812938683496704,31920,0,2,1,1,0,2.438816050490112,0.8231360084150187,0.8231360084150187,8,0.0812938683496704,1,0
31980,0.1500892412517839,7.659436229001519e-07,2.440396354568266,6.544e-05,2.440396354568266,0.8233993924280444,8,6.543999999999999e-07,0.001250743677098199,823.3138906051997,-0.08134654515227553,31980,0,2,1,1,0,2.440396354568266,0.8233993924280444,0.8233993924280444,8,0.08134654515227553,1,0
32040,0.1501330012446083,6.980884890881806e-07,2.441836775661894,6.544e-05,2.441836775661894,0.8236394626103157,8,6.543999999999999e-07,0.00125110834370507,823.5539358585745,-0.0813945591887298,32040,0,2,1,1,0,2.441836775661894,0.8236394626103157,0.8236394626103157,8,0.0813945591887298,1,0
32100,0.150172915765208,6.361656850992111e-07,2.443150617682948,6.544e-05,2.443150617682948,0.8238584362804914,8,6.543999999999999e-07,0.001251440964710066,823.7728867905163,-0.08143835392276495,32100,0,2,1,1,0,2.443150617682948,0.8238584362804914,0.8238584362804914,8,0.08143835392276495,1,0
32160,0.1502093308276586,5.796464747217459e-07,2.44434927016651,6.544e-05,2.44434927016651,0.8240582116944184,8,6.543999999999999e-07,0.001251744423563822,823.9726414597571,-0.08147830900555035,32160,0,2,1,1,0,2.44434927016651,0.8240582116944184,0.8240582116944184,8,0.08147830900555035,1,0
32220,0.1502424576840142,5.282097703232421e-07,2.445439686768078,6.544e-05,2.445439686768078,0.8242399477946797,8,6.543999999999999e-07,0.001252020480700118,824.154358688535,-0.08151465622560261,32220,0,2,1,1,0,2.445439686768078,0.8242399477946797,0.8242399477946797,8,0.08151465622560261,1,0
32280,0.1502726424878376,4.81323773669846e-07,2.446433261614141,6.544e-05,2.446433261614141,0.8244055436023568,8,6.543999999999999e-07,0.00125227202073198,824.3199373007375,-0.08154777538713803,32280,0,2,1,1,0,2.446433261614141,0.8244055436023568,0.8244055436023568,8,0.08154777538713803,1,0
32340,0.1503001528272351,4.385775047802826e-07,2.447338802739798,6.544e-05,2.447338802739798,0.8245564671232997,8,6.543999999999999e-07,0.001252501273560292,824.4708451497764,-0.0815779600913266,32340,0,2,1,1,0,2.447338802739798,0.8245564671232997,0.8245564671232997,8,0.0815779600913266,1,0
32400,0.1503252249096531,3.996078076752915e-07,2.448164085242039,6.544e-05,2.448164085242039,0.8246940142070064,8,6.543999999999999e-07,0.001252710207580443,824.608377950589,-0.08160546950806795,32400,0,2,1,1,0,2.448164085242039,0.8246940142070064,0.8246940142070064,8,0.08160546950806795,1,0
32460,0.1503480451530439,3.641281652860812e-07,2.448915245327318,6.544e-05,2.448915245327318,0.824819207554553,8,6.543999999999999e-07,0.001252900376275366,824.7335582980538,-0.08163050817757726,32460,0,2,1,1,0,2.448915245327318,0.824819207554553,0.824819207554553,8,0.08163050817757726,1,0
32520,0.1503688352061646,3.317966595660956e-07,2.449599578873093,6.544e-05,2.449599578873093,0.8249332631455155,8,6.543999999999999e-07,0.001253073626718038,824.8476020454797,-0.08165331929576977,32520,0,2,1,1,0,2.449599578873093,0.8249332631455155,0.8249332631455155,8,0.08165331929576977,1,0
32580,0.1503877870185925,3.023169943427875e-07,2.450223404166967,6.544e-05,2.450223404166967,0.8250372340278278,8,6.543999999999999e-07,0.00125323155848827,824.9515621314519,-0.08167411347223223,32580,0,2,1,1,0,2.450223404166967,0.8250372340278278,0.8250372340278278,8,0.08167411347223223,1,0
32640,0.1504050623811849,2.754393352313552e-07,2.450792046780281,6.544e-05,2.450792046780281,0.8251320077967135,8,6.543999999999999e-07,0.001253375519843208,825.0463260590258,-0.08169306822600936,32640,0,2,1,1,0,2.450792046780281,0.8251320077967135,0.8251320077967135,8,0.08169306822600936,1,0
32700,0.1504207739208858,2.50989991796175e-07,2.451309213985707,6.544e-05,2.451309213985707,0.8252182023309511,8,6.543999999999999e-07,0.001253506449340715,825.13251164282,-0.08171030713285689,32700,0,2,1,1,0,2.451309213985707,0.8252182023309511,0.8252182023309511,8,0.08171030713285689,1,0
32760,0.1504350865610196,2.287136017004883e-07,2.451780334464107,6.544e-05,2.451780334464107,0.8252967224106845,8,6.543999999999999e-07,0.00125362572134183,825.2110235690254,-0.08172601114880358,32760,0,2,1,1,0,2.451780334464107,0.8252967224106845,0.8252967224106845,8,0.08172601114880358,1,0
32820,0.1504481344548144,2.084024160294495e-07,2.452209824055775,6.544e-05,2.452209824055775,0.8253683040092957,8,6.543999999999999e-07,0.00125373445379012,825.2825977346008,-0.08174032746852582,32820,0,2,1,1,0,2.452209824055775,0.8253683040092957,0.8253683040092957,8,0.08174032746852582,1,0
32880,0.1504600282391346,1.898850785415522e-07,2.452601324527142,6.544e-05,2.452601324527142,0.825433554087857,8,6.543999999999999e-07,0.001253833568659455,825.3478410375916,-0.08175337748423807,32880,0,2,1,1,0,2.452601324527142,0.825433554087857,0.825433554087857,8,0.08175337748423807,1,0
32940,0.150470846775874,1.730395387222717e-07,2.452957431727254,6.544e-05,2.452957431727254,0.8254929052878757,8,6.543999999999999e-07,0.001253923723132283,825.4071860745794,-0.0817652477242418,32940,0,2,1,1,0,2.452957431727254,0.8254929052878757,0.8254929052878757,8,0.0817652477242418,1,0
33000,0.1504807047375066,1.576878463791306e-07,2.453281920260257,6.544e-05,2.453281920260257,0.8255469867100429,8,6.543999999999999e-07,0.001254005872812555,825.4612618809299,-0.08177606400867525,33000,0,2,1,1,0,2.453281920260257,0.8255469867100429,0.8255469867100429,8,0.08177606400867525,1,0
33060,0.1504896950371064,1.436858049527458e-07,2.453577848489348,6.544e-05,2.453577848489348,0.825596308081558,8,6.543999999999999e-07,0.001254080791975887,825.510578130912,-0.08178592828297827,33060,0,2,1,1,0,2.453577848489348,0.825596308081558,0.825596308081558,8,0.08178592828297827,1,0
33120,0.1504978922935247,1.309176091631061e-07,2.453847672597915,6.544e-05,2.453847672597915,0.8256412787663192,8,6.543999999999999e-07,0.001254149102446039,825.5555441459155,-0.08179492241993051,33120,0,2,1,1,0,2.453847672597915,0.8256412787663192,0.8256412787663192,8,0.08179492241993051,1,0
33180,0.1505053512710336,1.192983022730231e-07,2.454093195228228,6.544e-05,2.454093195228228,0.8256821992047046,8,6.543999999999999e-07,0.001254211260591946,825.5964603351213,-0.08180310650760758,33180,0,2,1,1,0,2.454093195228228,0.8256821992047046,0.8256821992047046,8,0.08180310650760758,1,0
33240,0.1505121496546119,1.087071568308474e-07,2.45431697348953,6.544e-05,2.45431697348953,0.8257194955815884,8,6.543999999999999e-07,0.001254267913788433,825.6337528391479,-0.08181056578298435,33240,0,2,1,1,0,2.45431697348953,0.8257194955815884,0.8257194955815884,8,0.08181056578298435,1,0
33300,0.1505183497855365,9.904728734786577e-08,2.454521059431748,6.544e-05,2.454521059431748,0.8257535099052913,8,6.543999999999999e-07,0.001254319581546137,825.6677636308021,-0.08181736864772492,33300,0,2,1,1,0,2.454521059431748,0.8257535099052913,0.8257535099052913,8,0.08181736864772492,1,0
33360,0.1505240023661582,9.02398944253093e-08,2.454707121993358,6.544e-05,2.454707121993358,0.8257845203322264,8,6.543999999999999e-07,0.001254366686384652,825.6987708376133,-0.08182357073311194,33360,0,2,1,1,0,2.454707121993358,0.8257845203322264,0.8257845203322264,8,0.08182357073311194,1,0
33420,0.1505291482118294,8.222154675236923e-08,2.454876504668514,6.544e-05,2.454876504668514,0.8258127507780856,8,6.543999999999999e-07,0.001254409568431912,825.7269983520221,-0.08182921682228379,33420,0,2,1,1,0,2.454876504668514,0.8258127507780856,0.8258127507780856,8,0.08182921682228379,1,0
33480,0.1505338381522896,7.491317685689861e-08,2.45503088058886,6.544e-05,2.45503088058886,0.8258384800981433,8,6.543999999999999e-07,0.00125444865126908,825.7527250003462,-0.08183436268629533,33480,0,2,1,1,0,2.45503088058886,0.8258384800981433,0.8258384800981433,8,0.08183436268629533,1,0
33540,0.1505381145884011,6.824882333601311e-08,2.455171645437824,6.544e-05,2.455171645437824,0.8258619409063039,8,6.543999999999999e-07,0.001254484288236676,825.7761833723356,-0.08183905484792746,33540,0,2,1,1,0,2.455171645437824,0.8258619409063039,0.8258619409063039,8,0.08183905484792746,1,0
33600,0.1505420118807048,6.217503231035549e-08,2.455299930240449,6.544e-05,2.455299930240449,0.8258833217067415,8,6.543999999999999e-07,0.00125451676567254,825.7975619525902,-0.08184333100801497,33600,0,2,1,1,0,2.455299930240449,0.8258833217067415,0.8258833217067415,8,0.08184333100801497,1,0
33660,0.1505455591158433,5.664655143375753e-08,2.455416692424071,6.544e-05,2.455416692424071,0.8259027820706786,8,6.543999999999999e-07,0.001254546325965361,825.8170202957623,-0.08184722308080238,33660,0,2,1,1,0,2.455416692424071,0.8259027820706786,0.8259027820706786,8,0.08184722308080238,1,0
33720,0.1505487910900703,5.160921456563868e-08,2.455523077355836,6.544e-05,2.455523077355836,0.8259205128926393,8,6.543999999999999e-07,0.001254573259083919,825.8347492765539,-0.08185076924519452,33720,0,2,1,1,0,2.455523077355836,0.8259205128926393,0.8259205128926393,8,0.08185076924519452,1,0
33780,0.1505517375643173,4.701668990888966e-08,2.455620064658239,6.544e-05,2.455620064658239,0.8259366774430399,8,6.543999999999999e-07,0.001254597813035978,825.8509121484269,-0.08185400215527465,33780,0,2,1,1,0,2.455620064658239,0.8259366774430399,0.8259366774430399,8,0.08185400215527465,1,0
33840,0.1505544216295781,4.283303106522736e-08,2.455708414403491,6.544e-05,2.455708414403491,0.8259514024005817,8,6.543999999999999e-07,0.001254620180246484,825.8656355769286,-0.08185694714678302,33840,0,2,1,1,0,2.455708414403491,0.8259514024005817,0.8259514024005817,8,0.08185694714678302,1,0
33900,0.1505568634124756,3.902690387043884e-08,2.455788789087413,6.544e-05,2.455788789087413,0.8259647981812356,8,6.543999999999999e-07,0.001254640528437297,825.8790299665641,-0.08185962630291377,33900,0,2,1,1,0,2.455788789087413,0.8259647981812356,0.8259647981812356,8,0.08185962630291377,1,0
33960,0.1505590878657252,3.555944418826321e-08,2.455862010063371,6.544e-05,2.455862010063371,0.8259770016772285,8,6.543999999999999e-07,0.00125465906554771,825.8912321953455,-0.08186206700211238,33960,0,2,1,1,0,2.455862010063371,0.8259770016772285,0.8259770016772285,8,0.08186206700211238,1,0
34020,0.1505611162569458,3.239752553136168e-08,2.455928777384654,6.544e-05,2.455928777384654,0.8259881295641089,8,6.543999999999999e-07,0.001254675968807881,825.9023589267058,-0.08186429257948845,34020,0,2,1,1,0,2.455928777384654,0.8259881295641089,0.8259881295641089,8,0.08186429257948845,1,0
34080,0.1505629638455043,2.951738214989523e-08,2.455989593334573,6.544e-05,2.455989593334573,0.8259982655557622,8,6.543999999999999e-07,0.001254691365379203,825.9124938658373,-0.08186631977781911,34080,0,2,1,1,0,2.455989593334573,0.8259982655557622,0.8259982655557622,8,0.08186631977781911,1,0
34140,0.1505646444411023,2.689750423700231e-08,2.456044912478682,6.544e-05,2.456044912478682,0.8260074854131136,8,6.543999999999999e-07,0.00125470537034252,825.9217127657985,-0.08186816374928939,34140,0,2,1,1,0,2.456044912478682,0.8260074854131136,0.8260074854131136,8,0.08186816374928939,1,0
34200,0.1505661758373712,2.451016795560867e-08,2.456095320519131,6.544e-05,2.456095320519131,0.8260158867531885,8,6.543999999999999e-07,0.001254718131978093,825.9301132334779,-0.08186984401730435,34200,0,2,1,1,0,2.456095320519131,0.8260158867531885,0.8260158867531885,8,0.08186984401730435,1,0
34260,0.1505675728037569,2.233236075771105e-08,2.4561413036128,6.544e-05,2.4561413036128,0.8260235506021334,8,6.543999999999999e-07,0.001254729773364641,825.9377762866084,-0.08187137678709334,34260,0,2,1,1,0,2.4561413036128,0.8260235506021334,0.8260235506021334,8,0.08187137678709334,1,0
34320,0.150568845597051,2.034810270447459e-08,2.456183199376266,6.544e-05,2.456183199376266,0.8260305332293777,8,6.543999999999999e-07,0.001254740379975425,825.9447581887765,-0.0818727733125422,34320,0,2,1,1,0,2.456183199376266,0.8260305332293777,0.8260305332293777,8,0.0818727733125422,1,0
34380,0.1505700040017588,1.854214830758298e-08,2.456221329880144,6.544e-05,2.456221329880144,0.8260368883133573,8,6.543999999999999e-07,0.00125475003334799,825.951112612844,-0.08187404432933813,34380,0,2,1,1,0,2.456221329880144,0.8260368883133573,0.8260368883133573,8,0.08187404432933813,1,0
34440,0.1505710599645662,1.689587958234593e-08,2.456256088366232,6.544e-05,2.456256088366232,0.8260426813943721,8,6.543999999999999e-07,0.001254758833038051,825.956905092305,-0.08187520294554107,34440,0,2,1,1,0,2.456256088366232,0.8260426813943721,0.8260426813943721,8,0.08187520294554107,1,0
34500,0.1505720233380007,1.539394189302835e-08,2.456287799144197,6.544e-05,2.456287799144197,0.8260479665240328,8,6.543999999999999e-07,0.001254766861150006,825.9621896731576,-0.08187625997147323,34500,0,2,1,1,0,2.456287799144197,0.8260479665240328,0.8260479665240328,8,0.08187625997147323,1,0
34560,0.1505729012736833,1.402519029302459e-08,2.456316697619595,6.544e-05,2.456316697619595,0.8260527829365992,8,6.543999999999999e-07,0.001254774177280694,825.9670055855876,-0.0818772232539865,34560,0,2,1,1,0,2.456316697619595,0.8260527829365992,0.8260527829365992,8,0.0818772232539865,1,0
34620,0.1505737008026113,1.27786670142487e-08,2.456343015227496,6.544e-05,2.456343015227496,0.8260571692045826,8,6.543999999999999e-07,0.001254780840021761,825.9713913981008,-0.08187810050758319,34620,0,2,1,1,0,2.456343015227496,0.8260571692045826,0.8260571692045826,8,0.08187810050758319,1,0
34680,0.1505744296371203,1.164235124977056e-08,2.456367005830161,6.544e-05,2.456367005830161,0.8260611676383601,8,6.543999999999999e-07,0.001254786913642669,825.9753894166807,-0.08187890019433869,34680,0,2,1,1,0,2.456367005830161,0.8260611676383601,0.8260611676383601,8,0.08187890019433869,1,0
34740,0.1505750943297983,1.060602965418907e-08,2.456388885115151,6.544e-05,2.456388885115151,0.8260648141858584,8,6.543999999999999e-07,0.001254792452748319,825.9790355855214,-0.08187962950383836,34740,0,2,1,1,0,2.456388885115151,0.8260648141858584,0.8260648141858584,8,0.08187962950383836,1,0
34800,0.1505756993676385,9.662708823831787e-09,2.456408800778093,6.544e-05,2.456408800778093,0.8260681334630156,8,6.543999999999999e-07,0.00125479749473032,825.9823545180046,-0.08188029335926977,34800,0,2,1,1,0,2.456408800778093,0.8260681334630156,0.8260681334630156,8,0.08188029335926977,1,0
34860,0.1505762493646138,8.805196973499653e-09,2.456426904694333,6.544e-05,2.456426904694333,0.8260711507823888,8,6.543999999999999e-07,0.001254802078038448,825.9853715240594,-0.08188089682314442,34860,0,2,1,1,0,2.456426904694333,0.8260711507823888,0.8260711507823888,8,0.08188089682314442,1,0
34920,0.1505767492075382,8.02587656063673e-09,2.456443357720152,6.544e-05,2.456443357720152,0.8260738929533588,8,6.543999999999999e-07,0.001254806243396152,825.9881134102823,-0.08188144525733841,34920,0,2,1,1,0,2.456443357720152,0.8260738929533588,0.8260738929533588,8,0.08188144525733841,1,0
34980,0.1505772029672957,7.318401868349443e-09,2.456458293854369,6.544e-05,2.456458293854369,0.8260763823090614,8,6.543999999999999e-07,0.001254810024727464,825.9906025074902,-0.08188194312847896,34980,0,2,1,1,0,2.456458293854369,0.8260763823090614,0.8260763823090614,8,0.08188194312847896,1,0
35040,0.1505776144099933,6.676902114424559e-09,2.456471837063636,6.544e-05,2.456471837063636,0.826078639510606,8,6.543999999999999e-07,0.00125481345341661,825.9928594746468,-0.08188239456878786,35040,0,2,1,1,0,2.456471837063636,0.826078639510606,0.826078639510606,8,0.08188239456878786,1,0
35100,0.1505779870713588,6.095865496150783e-09,2.456484103731364,6.544e-05,2.456484103731364,0.8260806839552273,8,6.543999999999999e-07,0.00125481655892799,825.9949037069729,-0.08188280345771212,35100,0,2,1,1,0,2.456484103731364,0.8260806839552273,0.8260806839552273,8,0.08188280345771212,1,0
35160,0.15057832433114,5.570023225802672e-09,2.456495205106648,6.544e-05,2.456495205106648,0.8260825341844413,8,6.543999999999999e-07,0.001254819369426166,825.9967537440591,-0.08188317350355494,35160,0,2,1,1,0,2.456495205106648,0.8260825341844413,0.8260825341844413,8,0.08188317350355494,1,0
35220,0.1505786294875012,5.094233560662864e-09,2.456505249753167,6.544e-05,2.456505249753167,0.8260842082921945,8,6.543999999999999e-07,0.001254821912395843,825.9984276779728,-0.08188350832510558,35220,0,2,1,1,0,2.456505249753167,0.8260842082921945,0.8260842082921945,8,0.08188350832510558,1,0
35280,0.1505789038681067,4.66642697798266e-09,2.456514281372835,6.544e-05,2.456514281372835,0.8260857135621391,8,6.543999999999999e-07,0.001254824198900889,825.9999327916101,-0.08188380937909449,35280,0,2,1,1,0,2.456514281372835,0.8260857135621391,0.8260857135621391,8,0.08188380937909449,1,0
35340,0.1505791507100892,4.281556671364788e-09,2.456522406520382,6.544e-05,2.456522406520382,0.826087067753397,8,6.543999999999999e-07,0.00125482625591741,826.0012868422488,-0.08188408021734608,35340,0,2,1,1,0,2.456522406520382,0.826087067753397,0.826087067753397,8,0.08188408021734608,1,0
35400,0.1505793733566744,3.934410312491808e-09,2.456529735242739,6.544e-05,2.456529735242739,0.8260882892071232,8,6.543999999999999e-07,0.00125482811130562,826.0025081691391,-0.08188432450809131,35400,0,2,1,1,0,2.456529735242739,0.8260882892071232,0.8260882892071232,8,0.08188432450809131,1,0
35460,0.1505795748492589,3.620246091391699e-09,2.456536367651708,6.544e-05,2.456536367651708,0.8260893946086181,8,6.543999999999999e-07,0.001254829790410491,826.0036134558491,-0.08188454558839028,35460,0,2,1,1,0,2.456536367651708,0.8260893946086181,0.8260893946086181,8,0.08188454558839028,1,0
35520,0.150579758407874,3.334043600567078e-09,2.456542409739106,6.544e-05,2.456542409739106,0.8260904016231843,8,6.543999999999999e-07,0.001254831320065617,826.0046203658469,-0.08188474699130352,35520,0,2,1,1,0,2.456542409739106,0.8260904016231843,0.8260904016231843,8,0.08188474699130352,1,0
35580,0.1505799274975247,3.070400408152364e-09,2.456547975560393,6.544e-05,2.456547975560393,0.8260913292600656,8,6.543999999999999e-07,0.00125483272914604,826.0055479064023,-0.08188493251867977,35580,0,2,1,1,0,2.456547975560393,0.8260913292600656,0.8260913292600656,8,0.08188493251867977,1,0
35640,0.1505800858945289,2.823428627994531e-09,2.456553189418331,6.544e-05,2.456553189418331,0.8260921982363886,8,6.543999999999999e-07,0.001254834049121074,826.0064167924908,-0.08188510631394437,35640,0,2,1,1,0,2.456553189418331,0.8260921982363886,0.8260921982363886,8,0.08188510631394437,1,0
35700,0.1505802377528559,2.586651488243078e-09,2.456558188046607,6.544e-05,2.456558188046607,0.8260930313411011,8,6.543999999999999e-07,0.001254835314607133,826.0072498106937,-0.0818852729348869,35700,0,2,1,1,0,2.456558188046607,0.8260930313411011,0.8260930313411011,8,0.0818852729348869,1,0
35760,0.1505803654773522,2.387503433113627e-09,2.45656239227624,6.544e-05,2.45656239227624,0.82609373204604,8,6.543999999999999e-07,0.001254836378977935,826.0079504428712,-0.08188541307587466,35760,0,2,1,1,0,2.45656239227624,0.82609373204604,0.82609373204604,8,0.08188541307587466,1,0
35820,0.1505804786016958,2.211119689145107e-09,2.456566115921521,6.544e-05,2.456566115921521,0.8260943526535868,8,6.543999999999999e-07,0.001254837321680798,826.0085709859742,-0.08188553719738403,35820,0,2,1,1,0,2.456566115921521,0.8260943526535868,0.8260943526535868,8,0.08188553719738403,1,0
35880,0.1505805815208892,2.050647636168078e-09,2.456569503650075,6.544e-05,2.456569503650075,0.8260949172750124,8,6.543999999999999e-07,0.001254838179340744,826.0091355487694,-0.08188565012166915,35880,0,2,1,1,0,2.456569503650075,0.8260949172750124,0.8260949172750124,8,0.08188565012166915,1,0
35940,0.1505806756892448,1.903819757997417e-09,2.456572603332612,6.544e-05,2.456572603332612,0.8260954338887687,8,6.543999999999999e-07,0.00125483896407704,826.0096521088807,-0.08188575344442041,35940,0,2,1,1,0,2.456572603332612,0.8260954338887687,0.8260954338887687,8,0.08188575344442041,1,0
36000,0.1505807625857939,1.768329981006794e-09,2.456575463653521,6.544e-05,2.456575463653521,0.8260959106089202,8,6.543999999999999e-07,0.00125483968821495,826.0101287795294,-0.08188584878845069,36000,0,2,1,1,0,2.456575463653521,0.8260959106089202,0.8260959106089202,8,0.08188584878845069,1,0
36000.00000720052,0.150580762585804,1.76832996538073e-09,2.456575463653851,6.544e-05,2.456575463653851,0.8260959106089751,8,6.543999999999999e-07,0.001254839688215033,826.0101287795844,-0.0818858487884617,36000.00000720052,0,2,1,1,0,2.456575463653851,0.8260959106089751,0.8260959106089751,8,0.0818858487884617,1,0
36000.00000720052,0.150580762585804,3.272176832996538e-05,2.456575463653851,9.816e-05,2.456575463653851,0.8260959106089751,12,9.816000000000001e-07,0.001254839688215033,826.0101287795844,-0.0818858487884617,36000.00000720052,0,2,1,1,0,2.456575463653851,0.8260959106089751,0.8260959106089751,12,0.0818858487884617,1,0
36060,0.1524546271070126,2.97679166772659e-05,2.518256323469804,9.816e-05,2.518256323469804,0.8363760539116339,12,9.816000000000001e-07,0.001270455225891772,836.2892045917889,-0.08394187744899347,36060,0,2,1,1,0,2.518256323469804,0.8363760539116339,0.8363760539116339,12,0.08394187744899347,1,0
36120,0.1541577152017411,2.702756648602089e-05,2.574315839425315,9.816e-05,2.574315839425315,0.8457193065708859,12,9.816000000000001e-07,0.001284647626681176,845.6314870473451,-0.08581052798084385,36120,0,2,1,1,0,2.574315839425315,0.8457193065708859,0.8457193065708859,12,0.08581052798084385,1,0
36180,0.1557023285124612,2.449634224539594e-05,2.625158937210705,9.816e-05,2.625158937210705,0.8541931562017843,12,9.816000000000001e-07,0.00129751940427051,854.1044567533897,-0.08750529790702351,36180,0,2,1,1,0,2.625158937210705,0.8541931562017843,0.8541931562017843,12,0.08750529790702351,1,0
36240,0.1571010413274513,2.216656907505581e-05,2.671199517032631,9.816e-05,2.671199517032631,0.8618665861721052,12,9.816000000000001e-07,0.001309175344395428,861.7770899144637,-0.08903998390108772,36240,0,2,1,1,0,2.671199517032631,0.8618665861721052,0.8618665861721052,12,0.08903998390108772,1,0
36300,0.1583656875831253,2.002930754935577e-05,2.712827109385297,9.816e-05,2.712827109385297,0.8688045182308828,12,9.816000000000001e-07,0.001319714063192711,868.7143015381239,-0.09042757031284322,36300,0,2,1,1,0,2.712827109385297,0.8688045182308828,0.8688045182308828,12,0.09042757031284322,1,0
36360,0.1595076693900889,1.807422069386809e-05,2.750417030615172,9.816e-05,2.750417030615172,0.8750695051025287,12,9.816000000000001e-07,0.001329230578250741,874.9786378533053,-0.09168056768717241,36360,0,2,1,1,0,2.750417030615172,0.8750695051025287,0.8750695051025287,12,0.09168056768717241,1,0
36420,0.160537517790033,1.629065687219309e-05,2.784315924622547,9.816e-05,2.784315924622547,0.8807193207704245,12,9.816000000000001e-07,0.001337812648250275,880.6278668441367,-0.09281053082075157,36420,0,2,1,1,0,2.784315924622547,0.8807193207704245,0.8807193207704245,12,0.09281053082075157,1,0
36480,0.1614652082240414,1.466741299380418e-05,2.814852146940139,9.816e-05,2.814852146940139,0.8858086911566898,12,9.816000000000001e-07,0.001345543401867012,885.7167087499961,-0.09382840489800463,36480,0,2,1,1,0,2.814852146940139,0.8858086911566898,0.8858086911566898,12,0.09382840489800463,1,0
36540,0.1623000260744963,1.319322125698164e-05,2.84233133885768,9.816e-05,2.84233133885768,0.89038855647628,12,9.816000000000001e-07,0.001352500217287469,890.296098496205,-0.09474437796192267,36540,0,2,1,1,0,2.84233133885768,0.89038855647628,0.89038855647628,12,0.09474437796192267,1,0
36600,0.1630505935580776,1.185692578473138e-05,2.867037312642448,9.816e-05,2.867037312642448,0.8945062187737413,12,9.816000000000001e-07,0.001358754946317313,894.4133332154636,-0.09556791042141492,36600,0,2,1,1,0,2.867037312642448,0.8945062187737413,0.8945062187737413,12,0.09556791042141492,1,0
36660,0.1637249029810698,1.064761356034993e-05,2.889233146183997,9.816e-05,2.889233146183997,0.8982055243639995,12,9.816000000000001e-07,0.001364374191508915,898.1122546696948,-0.09630777153946656,36660,0,2,1,1,0,2.889233146183997,0.8982055243639995,0.8982055243639995,12,0.09630777153946656,1,0
36720,0.1643303574398762,9.554701717900268e-06,2.909162522708235,9.816e-05,2.909162522708235,0.9015270871180392,12,9.816000000000001e-07,0.001369419645332301,901.4334725125375,-0.09697208409027451,36720,0,2,1,1,0,2.909162522708235,0.9015270871180392,0.9015270871180392,12,0.09697208409027451,1,0
36780,0.164873621870578,8.568343671994973e-06,2.927044827866294,9.816e-05,2.927044827866294,0.904507471311049,12,9.816000000000001e-07,0.001373946848921483,904.4135472223444,-0.09756816092887648,36780,0,2,1,1,0,2.927044827866294,0.904507471311049,0.904507471311049,12,0.09756816092887648,1,0
36840,0.165360740473468,7.679335464462827e-06,2.943079014926532,9.816e-05,2.943079014926532,0.9071798358210887,12,9.816000000000001e-07,0.001378006170612234,907.0856342339562,-0.09810263383088441,36840,0,2,1,1,0,2.943079014926532,0.9071798358210887,0.9071798358210887,12,0.09810263383088441,1,0
36900,0.1657972650950564,6.878976441255228e-06,2.957447830647016,9.816e-05,2.957447830647016,0.9095746384411694,12,9.816000000000001e-07,0.001381643875792136,909.4801881776457,-0.09858159435490053,36900,0,2,1,1,0,2.957447830647016,0.9095746384411694,0.9095746384411694,12,0.09858159435490053,1,0
36960,0.1661881296962177,6.159377174391281e-06,2.970313683219806,9.816e-05,2.970313683219806,0.911718947203301,12,9.816000000000001e-07,0.001384901080801814,911.6242742746775,-0.09901045610732687,36960,0,2,1,1,0,2.970313683219806,0.911718947203301,0.911718947203301,12,0.09901045610732687,1,0
37020,0.1665379443937992,5.51298355119784e-06,2.981828321059882,9.816e-05,2.981828321059882,0.9136380535099804,12,9.816000000000001e-07,0.00138781620328166,913.5431813012882,-0.09939427736866274,37020,0,2,1,1,0,2.981828321059882,0.9136380535099804,0.9136380535099804,12,0.09939427736866274,1,0
37080,0.1668510306430255,4.93255971016343e-06,2.992133990883,9.816e-05,2.992133990883,0.9153556651471666,12,9.816000000000001e-07,0.001390425255358546,915.2606145816195,-0.09973779969609999,37080,0,2,1,1,0,2.992133990883,0.9153556651471666,0.9153556651471666,12,0.09973779969609999,1,0
37140,0.1671310650098568,4.411891368303816e-06,3.001351711976854,9.816e-05,3.001351711976854,0.9168919519961423,12,9.816000000000001e-07,0.00139275887508214,916.796741902513,-0.1000450570658951,37140,0,2,1,1,0,3.001351711976854,0.9168919519961423,0.9168919519961423,12,0.1000450570658951,1,0
37200,0.1673815428269033,3.944962571640859e-06,3.009596538081084,9.816e-05,3.009596538081084,0.9182660896801806,12,9.816000000000001e-07,0.001394846190224194,918.1707368960443,-0.1003198846027028,37200,0,2,1,1,0,3.009596538081084,0.9182660896801806,0.9182660896801806,12,0.1003198846027028,1,0
37260,0.1676054658365876,3.52656467885716e-06,3.016967275727044,9.816e-05,3.016967275727044,0.9194945459545074,12,9.816000000000001e-07,0.001396712215304897,919.3990656074269,-0.1005655758575681,37260,0,2,1,1,0,3.016967275727044,0.9194945459545074,0.9194945459545074,12,0.1005655758575681,1,0
37320,0.1678056098003951,3.15182164968145e-06,3.023555292968897,9.816e-05,3.023555292968897,0.9205925488281496,12,9.816000000000001e-07,0.001398380081669959,920.4969544644107,-0.1007851764322966,37320,0,2,1,1,0,3.023555292968897,0.9205925488281496,0.9205925488281496,12,0.1007851764322966,1,0
37380,0.1679844095331715,2.816423348219268e-06,3.029440735127436,9.816e-05,3.029440735127436,0.9215734558545727,12,9.816000000000001e-07,0.001399870079443096,921.4777596334126,-0.1009813578375812,37380,0,2,1,1,0,3.029440735127436,0.9215734558545727,0.9215734558545727,12,0.1009813578375812,1,0
37440,0.168144143202455,2.516295349844598e-06,3.034698591259218,9.816e-05,3.034698591259218,0.9224497652098697,12,9.816000000000001e-07,0.001401201193353792,922.3539779927141,-0.1011566197086406,37440,0,2,1,1,0,3.034698591259218,0.9224497652098697,0.9224497652098697,12,0.1011566197086406,1,0
37500,0.1682867891957712,2.247879470946163e-06,3.039393982744279,9.816e-05,3.039393982744279,0.9232323304573798,12,9.816000000000001e-07,0.00140238990996476,923.1364619786207,-0.1013131327581426,37500,0,2,1,1,0,3.039393982744279,0.9232323304573798,0.9232323304573798,12,0.1013131327581426,1,0
37560,0.1684142019639315,2.007813219664985e-06,3.04358795141315,9.816e-05,3.04358795141315,0.923931325235525,12,9.816000000000001e-07,0.001403451683032763,923.8353841731226,-0.1014529317137717,37560,0,2,1,1,0,3.04358795141315,0.923931325235525,0.923931325235525,12,0.1014529317137717,1,0
37620,0.168527990466667,1.793166336493029e-06,3.047333458415636,9.816e-05,3.047333458415636,0.924555576402606,12,9.816000000000001e-07,0.001404399920555558,924.4595705179397,-0.1015777819471879,37620,0,2,1,1,0,3.047333458415636,0.924555576402606,0.924555576402606,12,0.1015777819471879,1,0
37680,0.1686296252571827,1.601245624578796e-06,3.050678909058022,9.816e-05,3.050678909058022,0.9251131515096703,12,9.816000000000001e-07,0.001405246877143189,925.0170877263847,-0.1016892969686007,37680,0,2,1,1,0,3.050678909058022,0.9251131515096703,0.9251131515096703,12,0.1016892969686007,1,0
37740,0.1687203971074824,1.429678110894384e-06,3.053666790898039,9.816e-05,3.053666790898039,0.9256111318163398,12,9.816000000000001e-07,0.00140600330922902,925.515016322761,-0.1017888930299346,37740,0,2,1,1,0,3.053666790898039,0.9256111318163398,0.9256111318163398,12,0.1017888930299346,1,0
37800,0.1688014513561823,1.276350454519997e-06,3.056334804350964,9.816e-05,3.056334804350964,0.9260558007251607,12,9.816000000000001e-07,0.001406678761301519,925.9596390571462,-0.1018778268116988,37800,0,2,1,1,0,3.056334804350964,0.9260558007251607,0.9260558007251607,12,0.1018778268116988,1,0
37860,0.1688738168387041,1.139357538174716e-06,3.058716814967219,9.816e-05,3.058716814967219,0.9264528024945364,12,9.816000000000001e-07,0.001407281806989201,926.3565996018438,-0.101957227165574,37860,0,2,1,1,0,3.058716814967219,0.9264528024945364,0.9264528024945364,12,0.101957227165574,1,0
37920,0.1689384285836246,1.016962066498317e-06,3.060843600514305,9.816e-05,3.060843600514305,0.9268072667523842,12,9.816000000000001e-07,0.001407820238196872,926.7110270521102,-0.1020281200171435,37920,0,2,1,1,0,3.060843600514305,0.9268072667523842,0.9268072667523842,12,0.1020281200171435,1,0
37980,0.1689961003209395,9.076487239463571e-07,3.062741946048041,9.816e-05,3.062741946048041,0.9271236576746735,12,9.816000000000001e-07,0.001408300836007829,927.0273851203547,-0.1020913982016014,37980,0,2,1,1,0,3.062741946048041,0.9271236576746735,0.9271236576746735,12,0.1020913982016014,1,0
38040,0.1690475745947153,8.100309345532053e-07,3.064436293440265,9.816e-05,3.064436293440265,0.9274060489067109,12,9.816000000000001e-07,0.001408729788289294,927.3097470288761,-0.1021478764480088,38040,0,2,1,1,0,3.064436293440265,0.9274060489067109,0.9274060489067109,12,0.1021478764480088,1,0
38100,0.1690934974681546,7.229001375365541e-07,3.06594790876085,9.816e-05,3.06594790876085,0.9276579847934751,12,9.816000000000001e-07,0.001409112478901289,927.5616567546087,-0.1021982636253617,38100,0,2,1,1,0,3.06594790876085,0.9276579847934751,0.9276579847934751,12,0.1021982636253617,1,0
38160,0.169134451480014,6.451643734450493e-07,3.067295967084068,9.816e-05,3.067295967084068,0.9278826611806781,12,9.816000000000001e-07,0.00140945376233345,927.7863098114076,-0.1022431989028023,38160,0,2,1,1,0,3.067295967084068,0.9278826611806781,0.9278826611806781,12,0.1022431989028023,1,0
38220,0.1691709604526062,5.758399834366755e-07,3.068497710750699,9.816e-05,3.068497710750699,0.9280829517917831,12,9.816000000000001e-07,0.001409758003771719,927.9865796243282,-0.1022832570250233,38220,0,2,1,1,0,3.068497710750699,0.9280829517917831,0.9280829517917831,12,0.1022832570250233,1,0
38280,0.1692034961985242,5.140395416758982e-07,3.069568670129172,9.816e-05,3.069568670129172,0.9282614450215286,12,9.816000000000001e-07,0.001410029134987702,928.1650543193302,-0.1023189556709724,38280,0,2,1,1,0,3.069568670129172,0.9282614450215286,0.9282614450215286,12,0.1023189556709724,1,0
38340,0.1692325006672952,4.589303092802829e-07,3.07052339260353,9.816e-05,3.07052339260353,0.9284205654339216,12,9.816000000000001e-07,0.001410270838894127,928.3241582086538,-0.102350779753451,38340,0,2,1,1,0,3.07052339260353,0.9284205654339216,0.9284205654339216,12,0.102350779753451,1,0
38400,0.1692583776548204,4.09750386017892e-07,3.071375169678091,9.816e-05,3.071375169678091,0.9285625282796818,12,9.816000000000001e-07,0.001410486480456836,928.4661063129869,-0.102379172322603,38400,0,2,1,1,0,3.071375169678091,0.9285625282796818,0.9285625282796818,12,0.102379172322603,1,0
38460,0.1692815152997142,3.657662890013425e-07,3.072136777475779,9.816e-05,3.072136777475779,0.9286894629126299,12,9.816000000000001e-07,0.001410679294164285,928.5930277650381,-0.1024045592491926,38460,0,2,1,1,0,3.072136777475779,0.9286894629126299,0.9286894629126299,12,0.1024045592491926,1,0
38520,0.1693021705851064,3.264928259300454e-07,3.072816674954129,9.816e-05,3.072816674954129,0.9288027791590214,12,9.816000000000001e-07,0.001410851421542554,928.7063322446666,-0.102427222498471,38520,0,2,1,1,0,3.072816674954129,0.9288027791590214,0.9288027791590214,12,0.102427222498471,1,0
38580,0.1693205712590084,2.914996559539012e-07,3.073422358756036,9.816e-05,3.073422358756036,0.9289037264593394,12,9.816000000000001e-07,0.001411004760491736,928.8072690626132,-0.1024474119585345,38580,0,2,1,1,0,3.073422358756036,0.9289037264593394,0.9289037264593394,12,0.1024474119585345,1,0
38640,0.1693369927916982,2.602650557297797e-07,3.073962896369263,9.816e-05,3.073962896369263,0.9289938160615439,12,9.816000000000001e-07,0.001411141606597485,928.8973493099101,-0.1024654298789754,38640,0,2,1,1,0,3.073962896369263,0.9289938160615439,0.9289938160615439,12,0.1024654298789754,1,0
38700,0.1693516506190775,2.32380948417038e-07,3.074445379166475,9.816e-05,3.074445379166475,0.9290742298610792,12,9.816000000000001e-07,0.001411263755158979,928.9777547592736,-0.1024815126388825,38700,0,2,1,1,0,3.074445379166475,0.9290742298610792,0.9290742298610792,12,0.1024815126388825,1,0
38760,0.1693647410606584,2.074752137204184e-07,3.074876269277763,9.816e-05,3.074876269277763,0.9291460448796272,12,9.816000000000001e-07,0.001411372842172154,929.0495623205474,-0.1024958756425921,38760,0,2,1,1,0,3.074876269277763,0.9291460448796272,0.9291460448796272,12,0.1024958756425921,1,0
38820,0.1693764409002388,1.852125715905644e-07,3.075261385787978,9.816e-05,3.075261385787978,0.9292102309646629,12,9.816000000000001e-07,0.001411470340835323,929.1137417404977,-0.1025087128595993,38820,0,2,1,1,0,3.075261385787978,0.9292102309646629,0.9292102309646629,12,0.1025087128595993,1,0
38880,0.1693869150383362,1.652800902776137e-07,3.075606156627262,9.816e-05,3.075606156627262,0.9292676927712104,12,9.816000000000001e-07,0.001411557625319468,929.1711975802091,-0.1025202052209087,38880,0,2,1,1,0,3.075606156627262,0.9292676927712104,0.9292676927712104,12,0.1025202052209087,1,0
38940,0.1693962552618855,1.475037774420956e-07,3.075913603090371,9.816e-05,3.075913603090371,0.9293189338483951,12,9.816000000000001e-07,0.001411635460515712,929.2224333365185,-0.1025304534363457,38940,0,2,1,1,0,3.075913603090371,0.9293189338483951,0.9293189338483951,12,0.1025304534363457,1,0
39000,0.1694045903663023,1.316390602081426e-07,3.076187964657747,9.816e-05,3.076187964657747,0.9293646607762911,12,9.816000000000001e-07,0.001411704919719186,929.2681555161287,-0.1025395988219249,39000,0,2,1,1,0,3.076187964657747,0.9293646607762911,0.9293646607762911,12,0.1025395988219249,1,0
39060,0.1694120266313917,1.174840868430386e-07,3.076432739677147,9.816e-05,3.076432739677147,0.9294054566128578,12,9.816000000000001e-07,0.001411766888594931,929.3089471164542,-0.1025477579892382,39060,0,2,1,1,0,3.076432739677147,0.9294054566128578,0.9294054566128578,12,0.1025477579892382,1,0
39120,0.1694186582924894,1.048598287777685e-07,3.07665103003586,9.816e-05,3.07665103003586,0.92944183833931,12,9.816000000000001e-07,0.001411822152437412,929.3453250650267,-0.1025550343345287,39120,0,2,1,1,0,3.07665103003586,0.92944183833931,0.92944183833931,12,0.1025550343345287,1,0
39180,0.1694245658006927,9.361341575639566e-08,3.076845483893768,9.816e-05,3.076845483893768,0.929474247315628,12,9.816000000000001e-07,0.001411871381672439,929.3777306759954,-0.1025615161297923,39180,0,2,1,1,0,3.076845483893768,0.929474247315628,0.929474247315628,12,0.1025615161297923,1,0
39240,0.1694298312716432,8.358874261542911e-08,3.077018804201552,9.816e-05,3.077018804201552,0.9295031340335921,12,9.816000000000001e-07,0.001411915260597026,929.4066143943616,-0.1025672934733851,39240,0,2,1,1,0,3.077018804201552,0.9295031340335921,0.9295031340335921,12,0.1025672934733851,1,0
39300,0.1694345322761375,7.463830121666427e-08,3.077173544309991,9.816e-05,3.077173544309991,0.9295289240516651,12,9.816000000000001e-07,0.001411954435634479,929.4324017343981,-0.1025724514769997,39300,0,2,1,1,0,3.077173544309991,0.9295289240516651,0.9295289240516651,12,0.1025724514769997,1,0
39360,0.169438745050798,6.661707790786466e-08,3.077312213653653,9.816e-05,3.077312213653653,0.9295520356089422,12,9.816000000000001e-07,0.001411989542089983,929.4555108917704,-0.1025770737884551,39360,0,2,1,1,0,3.077312213653653,0.9295520356089422,0.9295520356089422,12,0.1025770737884551,1,0
39420,0.1694424752642697,5.951439168638492e-08,3.077434998823888,9.816e-05,3.077434998823888,0.9295724998039813,12,9.816000000000001e-07,0.001412020627202248,929.4759729618066,-0.1025811666274629,39420,0,2,1,1,0,3.077434998823888,0.9295724998039813,0.9295724998039813,12,0.1025811666274629,1,0
39480,0.1694458017248573,5.318027526649721e-08,3.077544493905772,9.816e-05,3.077544493905772,0.9295907489842953,12,9.816000000000001e-07,0.001412048347707144,929.4942202471251,-0.1025848164635257,39480,0,2,1,1,0,3.077544493905772,0.9295907489842953,0.9295907489842953,12,0.1025848164635257,1,0
39540,0.1694487765702628,4.751551935547012e-08,3.077642415084358,9.816e-05,3.077642415084358,0.9296070691807263,12,9.816000000000001e-07,0.001412073138085523,929.5105387488663,-0.1025880805028119,39540,0,2,1,1,0,3.077642415084358,0.9296070691807263,0.9296070691807263,12,0.1025880805028119,1,0
39600,0.1694514492316875,4.242604978701363e-08,3.077730389456467,9.816e-05,3.077730389456467,0.9296217315760779,12,9.816000000000001e-07,0.001412095410264062,929.5251996216742,-0.1025910129818822,39600,0,2,1,1,0,3.077730389456467,0.9296217315760779,0.9296217315760779,12,0.1025910129818822,1,0
39660,0.1694538188496391,3.791354763226288e-08,3.077808388730715,9.816e-05,3.077808388730715,0.9296347314551192,12,9.816000000000001e-07,0.001412115157080326,929.5381981508076,-0.1025936129576905,39660,0,2,1,1,0,3.077808388730715,0.9296347314551192,0.9296347314551192,12,0.1025936129576905,1,0
39720,0.1694559373059172,3.387924981938686e-08,3.077878120668769,9.816e-05,3.077878120668769,0.9296463534447948,12,9.816000000000001e-07,0.001412132810882643,929.5498189336555,-0.1025959373556256,39720,0,2,1,1,0,3.077878120668769,0.9296463534447948,0.9296463534447948,12,0.1025959373556256,1,0
39780,0.1694578356832214,3.026399129797675e-08,3.077940608400969,9.816e-05,3.077940608400969,0.9296567680668281,12,9.816000000000001e-07,0.001412148630693512,929.5602324742339,-0.1025980202800323,39780,0,2,1,1,0,3.077940608400969,0.9296567680668281,0.9296567680668281,12,0.1025980202800323,1,0
39840,0.1694595416944199,2.70150174275192e-08,3.077996764134954,9.816e-05,3.077996764134954,0.9296661273558257,12,9.816000000000001e-07,0.001412162847453499,929.5695907913627,-0.1025998921378318,39840,0,2,1,1,0,3.077996764134954,0.9296661273558257,0.9296661273558257,12,0.1025998921378318,1,0
39900,0.169461060994747,2.412157598575442e-08,3.07804677402064,9.816e-05,3.07804677402064,0.9296744623367733,12,9.816000000000001e-07,0.001412175508289559,929.5779249068055,-0.1026015591340213,39900,0,2,1,1,0,3.07804677402064,0.9296744623367733,0.9296744623367733,12,0.1026015591340213,1,0
39960,0.1694624204366424,2.153254219680156e-08,3.078091521943464,9.816e-05,3.078091521943464,0.9296819203239107,12,9.816000000000001e-07,0.00141218683697202,929.5853821195053,-0.1026030507314488,39960,0,2,1,1,0,3.078091521943464,0.9296819203239107,0.9296819203239107,12,0.1026030507314488,1,0
40020,0.1694636367955112,1.921597893241207e-08,3.078131560089242,9.816e-05,3.078131560089242,0.929688593348207,12,9.816000000000001e-07,0.001412196973295926,929.5920544508745,-0.1026043853363081,40020,0,2,1,1,0,3.078131560089242,0.929688593348207,0.929688593348207,12,0.1026043853363081,1,0
40080,0.1694647248537894,1.714374203960289e-08,3.078167375042441,9.816e-05,3.078167375042441,0.9296945625070735,12,9.816000000000001e-07,0.001412206040448245,929.5980229899034,-0.1026055791680814,40080,0,2,1,1,0,3.078167375042441,0.9296945625070735,0.9296945625070735,12,0.1026055791680814,1,0
40140,0.1694656955484307,1.529500914609168e-08,3.078199326808121,9.816e-05,3.078199326808121,0.9296998878013535,12,9.816000000000001e-07,0.001412214129570256,929.6033477312046,-0.1026066442269374,40140,0,2,1,1,0,3.078199326808121,0.9296998878013535,0.9296998878013535,12,0.1026066442269374,1,0
40200,0.1694665617045191,1.36453602202891e-08,3.078227837541774,9.816e-05,3.078227837541774,0.9297046395902956,12,9.816000000000001e-07,0.001412221347537659,929.6080990267208,-0.1026075945847258,40200,0,2,1,1,0,3.078227837541774,0.9297046395902956,0.9297046395902956,12,0.1026075945847258,1,0
40260,0.169467334375342,1.217374830346366e-08,3.078253271077749,9.816e-05,3.078253271077749,0.9297088785129581,12,9.816000000000001e-07,0.001412227786461183,929.6123375092134,-0.1026084423692583,40260,0,2,1,1,0,3.078253271077749,0.9297088785129581,0.9297088785129581,12,0.1026084423692583,1,0
40320,0.1694680228171646,1.086254789760331e-08,3.0782759320989,9.816e-05,3.0782759320989,0.9297126553498166,12,9.816000000000001e-07,0.001412233523476371,929.616113953885,-0.10260919773663,40320,0,2,1,1,0,3.0782759320989,0.9297126553498166,0.9297126553498166,12,0.10260919773663,1,0
40380,0.1694686288137315,9.708364848040434e-09,3.078295879319667,9.816e-05,3.078295879319667,0.9297159798866111,12,9.816000000000001e-07,0.001412238573447762,929.6194381454595,-0.1026098626439889,40380,0,2,1,1,0,3.078295879319667,0.9297159798866111,0.9297159798866111,12,0.1026098626439889,1,0
40440,0.1694691623996968,8.692089707948458e-09,3.078313443044662,9.816e-05,3.078313443044662,0.9297189071741103,12,9.816000000000001e-07,0.001412243019997474,929.6223651289891,-0.1026104481014887,40440,0,2,1,1,0,3.078313443044662,0.9297189071741103,0.9297189071741103,12,0.1026104481014887,1,0
40500,0.1694696301636566,7.801175778783987e-09,3.078328840146694,9.816e-05,3.078328840146694,0.9297214733577824,12,9.816000000000001e-07,0.001412246918030472,929.6249310461886,-0.1026109613382231,40500,0,2,1,1,0,3.078328840146694,0.9297214733577824,0.9297214733577824,12,0.1026109613382231,1,0
40560,0.169470038594267,7.023266230781334e-09,3.078342284208921,9.816e-05,3.078342284208921,0.9297237140348201,12,9.816000000000001e-07,0.001412250321618892,929.6271714905542,-0.1026114094736307,40560,0,2,1,1,0,3.078342284208921,0.9297237140348201,0.9297237140348201,12,0.1026114094736307,1,0
40620,0.1694703943363276,6.34570643545608e-09,3.078353993954169,9.816e-05,3.078353993954169,0.9297256656590281,12,9.816000000000001e-07,0.001412253286136064,929.6291229121055,-0.1026117997984723,40620,0,2,1,1,0,3.078353993954169,0.9297256656590281,0.9297256656590281,12,0.1026117997984723,1,0
40680,0.1694707044468639,5.755056280774937e-09,3.078364201674257,9.816e-05,3.078364201674257,0.9297273669457096,12,9.816000000000001e-07,0.001412255870390533,929.6308240221252,-0.1026121400558086,40680,0,2,1,1,0,3.078364201674257,0.9297273669457096,0.9297273669457096,12,0.1026121400558086,1,0
40740,0.1694709766512102,5.236602472027713e-09,3.078373161659322,9.816e-05,3.078373161659322,0.9297288602765537,12,9.816000000000001e-07,0.001412258138760085,929.6323171979019,-0.1026124387219774,40740,0,2,1,1,0,3.078373161659322,0.9297288602765537,0.9297288602765537,12,0.1026124387219774,1,0
40800,0.1694712130726203,4.786301506919262e-09,3.07838094379922,9.816e-05,3.07838094379922,0.9297301572998701,12,9.816000000000001e-07,0.001412260108938503,929.6336140865353,-0.1026126981266407,40800,0,2,1,1,0,3.07838094379922,0.9297301572998701,0.9297301572998701,12,0.1026126981266407,1,0
40860,0.1694714050999387,4.42055517019225e-09,3.078387264645778,9.816e-05,3.078387264645778,0.9297312107742964,12,9.816000000000001e-07,0.001412261709166156,929.6346674515689,-0.1026129088215259,40860,0,2,1,1,0,3.078387264645778,0.9297312107742964,0.9297312107742964,12,0.1026129088215259,1,0
40920,0.1694715696099876,4.107219280365072e-09,3.078392679723093,9.816e-05,3.078392679723093,0.9297321132871822,12,9.816000000000001e-07,0.00141226308008323,929.6355698707376,-0.1026130893241031,40920,0,2,1,1,0,3.078392679723093,0.9297321132871822,0.9297321132871822,12,0.1026130893241031,1,0
40980,0.1694717133800024,3.83338572119789e-09,3.07839741211331,9.816e-05,3.07839741211331,0.929732902018885,12,9.816000000000001e-07,0.001412264278166686,929.6363585205386,-0.1026132470704437,40980,0,2,1,1,0,3.07839741211331,0.929732902018885,0.929732902018885,12,0.1026132470704437,1,0
41040,0.1694718440650869,3.584474228489321e-09,3.078401713794831,9.816e-05,3.078401713794831,0.9297336189658051,12,9.816000000000001e-07,0.001412265367209058,929.6370753930108,-0.1026133904598277,41040,0,2,1,1,0,3.078401713794831,0.9297336189658051,0.9297336189658051,12,0.1026133904598277,1,0
41100,0.169471970374226,3.343897155442328e-09,3.078405871436012,9.816e-05,3.078405871436012,0.929734311906002,12,9.816000000000001e-07,0.001412266419785217,929.6377682612527,-0.1026135290478671,41100,0,2,1,1,0,3.078405871436012,0.929734311906002,0.929734311906002,12,0.1026135290478671,1,0
41160,0.1694721022462974,3.092724227716647e-09,3.078410212188854,9.816e-05,3.078410212188854,0.9297350353648091,12,9.816000000000001e-07,0.001412267518719145,929.6384916449359,-0.1026136737396285,41160,0,2,1,1,0,3.078410212188854,0.9297350353648091,0.9297350353648091,12,0.1026136737396285,1,0
41220,0.1694722388097536,2.832615419513015e-09,3.078414707365161,9.816e-05,3.078414707365161,0.9297357845608601,12,9.816000000000001e-07,0.001412268656747947,929.6392407631904,-0.1026138235788387,41220,0,2,1,1,0,3.078414707365161,0.9297357845608601,0.9297357845608601,12,0.1026138235788387,1,0
41280,0.1694723292864393,2.660286678026294e-09,3.078417685531247,9.816e-05,3.078417685531247,0.9297362809218745,12,9.816000000000001e-07,0.001412269410720327,929.6397370726627,-0.1026139228510416,41280,0,2,1,1,0,3.078417685531247,0.9297362809218745,0.9297362809218745,12,0.1026139228510416,1,0
41340,0.1694724129173992,2.500996690738629e-09,3.078420438360737,9.816e-05,3.078420438360737,0.9297367397267896,12,9.816000000000001e-07,0.001412270107644993,929.6401958299355,-0.1026140146120246,41340,0,2,1,1,0,3.078420438360737,0.9297367397267896,0.9297367397267896,12,0.1026140146120246,1,0
41400,0.1694724914151184,2.351483753930948e-09,3.078423022222462,9.816e-05,3.078423022222462,0.9297371703704104,12,9.816000000000001e-07,0.001412270761792653,929.6406264288381,-0.1026141007407487,41400,0,2,1,1,0,3.078423022222462,0.9297371703704104,0.9297371703704104,12,0.1026141007407487,1,0
41460,0.1694725662895819,2.20887185019942e-09,3.078425486819681,9.816e-05,3.078425486819681,0.9297375811366134,12,9.816000000000001e-07,0.001412271385746516,929.6410371523872,-0.1026141828939894,41460,0,2,1,1,0,3.078425486819681,0.9297375811366134,0.9297375811366134,12,0.1026141828939894,1,0
41520,0.1694726388701031,2.07062907498065e-09,3.078427875908594,9.816e-05,3.078427875908594,0.929737979318099,12,9.816000000000001e-07,0.001412271990584192,929.6414352925256,-0.1026142625302865,41520,0,2,1,1,0,3.078427875908594,0.929737979318099,0.929737979318099,12,0.1026142625302865,1,0
41580,0.1694727103271514,1.93452606364608e-09,3.078430228016833,9.816e-05,3.078430228016833,0.9297383713361389,12,9.816000000000001e-07,0.001412272586059595,929.6418272698584,-0.1026143409338944,41580,0,2,1,1,0,3.078430228016833,0.9297383713361389,0.9297383713361389,12,0.1026143409338944,1,0
41640,0.1694727816290059,1.798718554120839e-09,3.078432575016654,9.816e-05,3.078432575016654,0.9297387625027757,12,9.816000000000001e-07,0.001412273180241716,929.6422183958764,-0.1026144191672218,41640,0,2,1,1,0,3.078432575016654,0.9297387625027757,0.9297387625027757,12,0.1026144191672218,1,0
41700,0.1694728522412616,1.664224421059389e-09,3.078434899317366,9.816e-05,3.078434899317366,0.9297391498862277,12,9.816000000000001e-07,0.00141227376867718,929.6426057391026,-0.1026144966439122,41700,0,2,1,1,0,3.078434899317366,0.9297391498862277,0.9297391498862277,12,0.1026144966439122,1,0
41760,0.1694729224111146,1.530572835627911e-09,3.078437209055778,9.816e-05,3.078437209055778,0.9297395348426297,12,9.816000000000001e-07,0.001412274353425955,929.6429906555306,-0.1026145736351926,41760,0,2,1,1,0,3.078437209055778,0.9297395348426297,0.9297395348426297,12,0.1026145736351926,1,0
41820,0.1694729918387534,1.398334846948023e-09,3.078439494363179,9.816e-05,3.078439494363179,0.9297399157271965,12,9.816000000000001e-07,0.001412274931989611,929.6433715005463,-0.102614649812106,41820,0,2,1,1,0,3.078439494363179,0.9297399157271965,0.9297399157271965,12,0.102614649812106,1,0
41880,0.1694730599316582,1.268639024398516e-09,3.078441735735952,9.816e-05,3.078441735735952,0.9297402892893254,12,9.816000000000001e-07,0.001412275499430485,929.6437450238844,-0.1026147245245317,41880,0,2,1,1,0,3.078441735735952,0.9297402892893254,0.9297402892893254,12,0.1026147245245317,1,0
41940,0.1694731258046009,1.14317145913324e-09,3.078443904035581,9.816e-05,3.078443904035581,0.9297406506725968,12,9.816000000000001e-07,0.001412276048371675,929.6441063696299,-0.102614796801186,41940,0,2,1,1,0,3.078443904035581,0.9297406506725968,0.9297406506725968,12,0.102614796801186,1,0
42000,0.169473188279645,1.024175765748062e-09,3.078445960488643,9.816e-05,3.078445960488643,0.9297409934147738,12,9.816000000000001e-07,0.001412276568997041,929.6444490762165,-0.1026148653496214,42000,0,2,1,1,0,3.078445960488643,0.9297409934147738,0.9297409934147738,12,0.1026148653496214,1,0
42060,0.1694732458861454,9.144530832973057e-10,3.078447856686815,9.816e-05,3.078447856686815,0.9297413094478024,12,9.816000000000001e-07,0.001412277049051212,929.6447650764283,-0.1026149285562272,42060,0,2,1,1,0,3.078447856686815,0.9297413094478024,0.9297413094478024,12,0.1026149285562272,1,0
42120,0.1694733081438808,7.958711592049358e-10,3.078449905986862,9.816e-05,3.078449905986862,0.9297416509978103,12,9.816000000000001e-07,0.001412277567865674,929.6451065909695,-0.1026149968662287,42120,0,2,1,1,0,3.078449905986862,0.9297416509978103,0.9297416509978103,12,0.1026149968662287,1,0
42180,0.1694733677595364,6.823215218878945e-10,3.078451868319171,9.816e-05,3.078451868319171,0.9297419780531951,12,9.816000000000001e-07,0.001412278064662803,929.6454336123929,-0.1026150622773057,42180,0,2,1,1,0,3.078451868319171,0.9297419780531951,0.9297419780531951,12,0.1026150622773057,1,0
42240,0.1694734233827461,5.763762173566006e-10,3.078453699234566,9.816e-05,3.078453699234566,0.929742283205761,12,9.816000000000001e-07,0.001412278528189551,929.6457387332719,-0.1026151233078189,42240,0,2,1,1,0,3.078453699234566,0.929742283205761,0.929742283205761,12,0.1026151233078189,1,0
42300,0.1694734737052652,4.805270682230189e-10,3.078455355670349,9.816e-05,3.078455355670349,0.9297425592783916,12,9.816000000000001e-07,0.001412278947543877,929.646014777235,-0.102615178522345,42300,0,2,1,1,0,3.078455355670349,0.9297425592783916,0.9297425592783916,12,0.102615178522345,1,0
42360,0.1694735172276164,3.976301408227306e-10,3.078456788269139,9.816e-05,3.078456788269139,0.9297427980448565,12,9.816000000000001e-07,0.001412279310230137,929.6462535189063,-0.102615226275638,42360,0,2,1,1,0,3.078456788269139,0.9297427980448565,0.9297427980448565,12,0.102615226275638,1,0
42420,0.1694735522590897,3.309057448625669e-10,3.07845794137886,9.816e-05,3.07845794137886,0.92974299022981,12,9.816000000000001e-07,0.001412279602159081,929.6464456839033,-0.1026152647126287,42420,0,2,1,1,0,3.07845794137886,0.92974299022981,0.92974299022981,12,0.1026152647126287,1,0
42480,0.1694735769177426,2.83938431509703e-10,3.078458753052751,9.816e-05,3.078458753052751,0.9297431255087918,12,9.816000000000001e-07,0.001412279807647855,929.6465809488377,-0.102615291768425,42480,0,2,1,1,0,3.078458753052751,0.9297431255087918,0.9297431255087918,12,0.102615291768425,1,0
42540,0.1694736074214173,2.25838094766403e-10,3.078459757123678,9.816e-05,3.078459757123678,0.9297432928539464,12,9.816000000000001e-07,0.001412280061845145,929.6467482766153,-0.102615325237456,42540,0,2,1,1,0,3.078459757123678,0.9297432928539464,0.9297432928539464,12,0.102615325237456,1,0
42600,0.169473636097265,1.712192040302348e-10,3.078460701029132,9.816e-05,3.078460701029132,0.929743450171522,12,9.816000000000001e-07,0.001412280300810542,929.646905577855,-0.1026153567009711,42600,0,2,1,1,0,3.078460701029132,0.929743450171522,0.929743450171522,12,0.1026153567009711,1,0
42660,0.1694736605463397,1.246510365765377e-10,3.078461505804466,9.816e-05,3.078461505804466,0.9297435843007443,12,9.816000000000001e-07,0.001412280504552831,929.6470396931494,-0.1026153835268155,42660,0,2,1,1,0,3.078461505804466,0.9297435843007443,0.9297435843007443,12,0.1026153835268155,1,0
42720,0.1694736805994803,8.64557992661134e-11,3.078462165881509,9.816e-05,3.078462165881509,0.9297436943135849,12,9.816000000000001e-07,0.001412280671662335,929.6471496945662,-0.1026154055293836,42720,0,2,1,1,0,3.078462165881509,0.9297436943135849,0.9297436943135849,12,0.1026154055293836,1,0
42780,0.1694736960864626,5.695772320587697e-11,3.078462675657096,9.816e-05,3.078462675657096,0.9297437792761827,12,9.816000000000001e-07,0.001412280800720521,929.6472346483414,-0.1026154225219032,42780,0,2,1,1,0,3.078462675657096,0.9297437792761827,0.9297437792761827,12,0.1026154225219032,1,0
42840,0.1694737068359991,3.648306388438251e-11,3.078463029493059,9.816e-05,3.078463029493059,0.9297438382488432,12,9.816000000000001e-07,0.001412280890299993,929.6472936148782,-0.1026154343164353,42840,0,2,1,1,0,3.078463029493059,0.9297438382488432,0.9297438382488432,12,0.1026154343164353,1,0
42900,0.1694737126757394,2.536010041288145e-11,3.078463221716242,9.816e-05,3.078463221716242,0.9297438702860403,12,9.816000000000001e-07,0.001412280938964495,929.6473256487486,-0.1026154407238747,42900,0,2,1,1,0,3.078463221716242,0.9297438702860403,0.9297438702860403,12,0.1026154407238747,1,0
42960,0.1694737199627416,1.148053378166765e-11,3.078463461578066,9.816e-05,3.078463461578066,0.929743910263011,12,9.816000000000001e-07,0.001412280999689514,929.647365621568,-0.1026154487192689,42960,0,2,1,1,0,3.078463461578066,0.929743910263011,0.929743910263011,12,0.1026154487192689,1,0
43020,0.1694737271912638,-2.287646702387076e-12,3.078463699514937,9.816e-05,3.078463699514937,0.9297439499191561,12,9.816000000000001e-07,0.001412281059927198,929.6474052735953,-0.1026154566504979,43020,0,2,1,1,0,3.078463699514937,0.9297439499191561,0.9297439499191561,12,0.1026154566504979,1,0
43080,0.1694737329104853,-1.318105994903111e-11,3.078463887771075,9.816e-05,3.078463887771075,0.9297439812951792,12,9.816000000000001e-07,0.001412281107587377,929.6474366463603,-0.1026154629257025,43080,0,2,1,1,0,3.078463887771075,0.9297439812951792,0.9297439812951792,12,0.1026154629257025,1,0
43140,0.1694737373921857,-2.171736465520543e-11,3.078464035292486,9.816e-05,3.078464035292486,0.9297440058820809,12,9.816000000000001e-07,0.001412281144934881,929.6474612307089,-0.1026154678430829,43140,0,2,1,1,0,3.078464035292486,0.9297440058820809,0.9297440058820809,12,0.1026154678430829,1,0
43200,0.1694737409081447,-2.841421962627121e-11,3.07846415102517,9.816e-05,3.07846415102517,0.9297440251708616,12,9.816000000000001e-07,0.001412281174234539,929.6474805174867,-0.102615471700839,43200,0,2,1,1,0,3.07846415102517,0.9297440251708616,0.9297440251708616,12,0.102615471700839,1,0
43200.00000864011,0.1694737409081451,-2.8414220520738e-11,3.078464151025185,9.816e-05,3.078464151025185,0.9297440251708642,12,9.816000000000001e-07,0.001412281174234543,929.6474805174892,-0.1026154717008395,43200.00000864011,0,2,1,1,0,3.078464151025185,0.9297440251708642,0.9297440251708642,12,0.1026154717008395,1,0
43200.00000864011,0.1694737409081451,-6.544002841422052e-05,3.078464151025185,3.272e-05,3.078464151025185,0.9297440251708642,4,3.272e-07,0.001412281174234543,929.6474805174892,-0.1026154717008395,43200.00000864011,0,2,1,1,0,3.078464151025185,0.9297440251708642,0.9297440251708642,4,0.1026154717008395,1,0
43260,0.165759965473282,-5.849249930571018e-05,2.956220061661684,3.272e-05,2.956220061661684,0.9093700102769473,4,3.272e-07,0.001381333045610683,909.2755812620196,-0.09854066872205612,43260,0,2,1,1,0,2.956220061661684,0.9093700102769473,0.9093700102769473,4,0.09854066872205612,1,0
43320,0.16243346323664,-5.248359467662971e-05,2.846723608842658,3.272e-05,2.846723608842658,0.8911206014737764,4,3.272e-07,0.001353612193638666,891.0280674781222,-0.09489078696142193,43320,0,2,1,1,0,2.846723608842658,0.8911206014737764,0.8911206014737764,4,0.09489078696142193,1,0
43380,0.159444852642975,-4.72576164342185e-05,2.748349329920177,3.272e-05,2.748349329920177,0.8747248883200295,4,3.272e-07,0.001328707105358125,874.6340568558253,-0.09161164433067255,43380,0,2,1,1,0,2.748349329920177,0.8747248883200295,0.8747248883200295,4,0.09161164433067255,1,0
43440,0.1567496969608313,-4.268484771168176e-05,2.659634528006297,3.272e-05,2.659634528006297,0.8599390880010496,4,3.272e-07,0.001306247474673594,859.8497918948881,-0.08865448426687658,43440,0,2,1,1,0,2.659634528006297,0.8599390880010496,0.8599390880010496,4,0.08865448426687658,1,0
43500,0.1543114035371805,-3.866233461285316e-05,2.579374704976316,3.272e-05,2.579374704976316,0.8465624508293861,4,3.272e-07,0.001285928362809837,846.4745437537149,-0.08597915683254388,43500,0,2,1,1,0,2.579374704976316,0.8465624508293861,0.8465624508293861,4,0.08597915683254388,1,0
43560,0.1521001685073802,-3.51084109353773e-05,2.506588825127722,3.272e-05,2.506588825127722,0.8344314708546203,4,3.272e-07,0.001267501404228168,834.3448234603507,-0.08355296083759073,43560,0,2,1,1,0,2.506588825127722,0.8344314708546203,0.8344314708546203,4,0.08355296083759073,1,0
43620,0.1500900166689551,-3.19552584499574e-05,2.440421878504119,3.272e-05,2.440421878504119,0.8234036464173531,4,3.272e-07,0.001250750138907959,823.3181441527739,-0.08134739595013728,43620,0,2,1,1,0,2.440421878504119,0.8234036464173531,0.8234036464173531,4,0.08134739595013728,1,0
43680,0.148258470171331,-2.91466043557694e-05,2.380133975356517,3.272e-05,2.380133975356517,0.8133556625594195,4,3.272e-07,0.001235487251427758,813.2712036778494,-0.07933779917855058,43680,0,2,1,1,0,2.380133975356517,0.8133556625594195,0.8133556625594195,4,0.07933779917855058,1,0
43740,0.1465863265434681,-2.663596104737072e-05,2.325093039613827,3.272e-05,2.325093039613827,0.8041821732689711,4,3.272e-07,0.001221552721195567,804.0986669628625,-0.07750310132046088,43740,0,2,1,1,0,2.325093039613827,0.8041821732689711,0.8041821732689711,4,0.07750310132046088,1,0
43800,0.1450568665430267,-2.438432326914369e-05,2.274748734135178,3.272e-05,2.274748734135178,0.7957914556891963,4,3.272e-07,0.001208807221191889,795.7088206755062,-0.07582495780450592,43800,0,2,1,1,0,2.274748734135178,0.7957914556891963,0.7957914556891963,4,0.07582495780450592,1,0
43860,0.1436555340688692,-2.235886430271544e-05,2.22862192458424,3.272e-05,2.22862192458424,0.7881036540973734,4,3.272e-07,0.00119712945057391,788.0218173852801,-0.07428739748614134,43860,0,2,1,1,0,2.22862192458424,0.7881036540973734,0.7881036540973734,4,0.07428739748614134,1,0
43920,0.1423696964747204,-2.053193242104999e-05,2.186296789819632,3.272e-05,2.186296789819632,0.7810494649699388,4,3.272e-07,0.001186414137289337,780.9683607651009,-0.07287655966065441,43920,0,2,1,1,0,2.186296789819632,0.7810494649699388,0.7810494649699388,4,0.07287655966065441,1,0
43980,0.1411881448546712,-1.887982748663686e-05,2.147404373096485,3.272e-05,2.147404373096485,0.7745673955160808,4,3.272e-07,0.001176567873788927,774.4869644095708,-0.07158014576988282,43980,0,2,1,1,0,2.147404373096485,0.7745673955160808,0.7745673955160808,4,0.07158014576988282,1,0
44040,0.1401009904420541,-1.738226517296864e-05,2.111619171891181,3.272e-05,2.111619171891181,0.7686031953151968,4,3.272e-07,0.001167508253683784,768.5233835314524,-0.07038730572970603,44040,0,2,1,1,0,2.111619171891181,0.7686031953151968,0.7686031953151968,4,0.07038730572970603,1,0
44100,0.1390996001774944,-1.602196657113592e-05,2.078657017034048,3.272e-05,2.078657017034048,0.763109502839008,4,3.272e-07,0.001159163334812453,763.0302615204901,-0.06928856723446827,44100,0,2,1,1,0,2.078657017034048,0.763109502839008,0.763109502839008,4,0.06928856723446827,1,0
44160,0.1381761605863693,-1.478380908812762e-05,2.048260717128678,3.272e-05,2.048260717128678,0.7580434528547797,4,3.272e-07,0.00115146800488641,757.9647375950764,-0.06827535723762261,44160,0,2,1,1,0,2.048260717128678,0.7580434528547797,0.7580434528547797,4,0.06827535723762261,1,0
44220,0.1373236734616481,-1.365462817288801e-05,2.020199916446613,3.272e-05,2.020199916446613,0.7533666527411021,4,3.272e-07,0.001144363945513734,753.2884231204926,-0.06733999721488709,44220,0,2,1,1,0,2.020199916446613,0.7533666527411021,0.7533666527411021,4,0.06733999721488709,1,0
44280,0.1365358931071329,-1.262297094584548e-05,1.994269029201216,3.272e-05,1.994269029201216,0.7490448382002027,4,3.272e-07,0.001137799109226108,748.9670573569722,-0.06647563430670721,44280,0,2,1,1,0,1.994269029201216,0.7490448382002027,0.7490448382002027,4,0.06647563430670721,1,0
44340,0.1358072207299494,-1.167882350922556e-05,1.970283763329472,3.272e-05,1.970283763329472,0.7450472938882453,4,3.272e-07,0.001131726839416245,744.9699281501614,-0.06567612544431572,44340,0,2,1,1,0,1.970283763329472,0.7450472938882453,0.7450472938882453,4,0.06567612544431572,1,0
44400,0.1351327373473491,-1.081354264825214e-05,1.948082203665212,3.272e-05,1.948082203665212,0.741347033944202,4,3.272e-07,0.001126106144561243,741.2700524412452,-0.06493607345550706,44400,0,2,1,1,0,1.948082203665212,0.741347033944202,0.741347033944202,4,0.06493607345550706,1,0
44460,0.1345080049214478,-1.001950765342524e-05,1.927518266012106,3.272e-05,1.927518266012106,0.7379197110020177,4,3.272e-07,0.001120900041012065,737.8430853923999,-0.06425060886707021,44460,0,2,1,1,0,1.927518266012106,0.7379197110020177,0.7379197110020177,4,0.06425060886707021,1,0
44520,0.133929051108785,-9.290029152535733e-06,1.908461195154214,3.272e-05,1.908461195154214,0.7347435325257023,4,3.272e-07,0.001116075425906542,734.667236730573,-0.06361537317180714,44520,0,2,1,1,0,1.908461195154214,0.7347435325257023,0.7347435325257023,4,0.06361537317180714,1,0
44580,0.1333921468678849,-8.619010790030897e-06,1.890788244499174,3.272e-05,1.890788244499174,0.7317980407498623,4,3.272e-07,0.001111601223899041,731.722050814706,-0.06302627481663912,44580,0,2,1,1,0,1.890788244499174,0.7317980407498623,0.7317980407498623,4,0.06302627481663912,1,0
44640,0.1328939189758857,-8.00104536311739e-06,1.87438837971974,3.272e-05,1.87438837971974,0.7290647299532901,4,3.272e-07,0.001107449324799048,728.9890238452263,-0.06247961265732468,44640,0,2,1,1,0,1.87438837971974,0.7290647299532901,0.7290647299532901,4,0.06247961265732468,1,0
44700,0.1324312769505408,-7.431282656662762e-06,1.859159873289691,3.272e-05,1.859159873289691,0.7265266455482818,4,3.272e-07,0.00110359397458784,726.4512029949949,-0.06197199577632304,44700,0,2,1,1,0,1.859159873289691,0.7265266455482818,0.7265266455482818,4,0.06197199577632304,1,0
44760,0.1320014284905724,-6.905414326990193e-06,1.845010812724569,3.272e-05,1.845010812724569,0.7241684687874281,4,3.272e-07,0.001100011904088103,724.0932711073018,-0.06150036042415229,44760,0,2,1,1,0,1.845010812724569,0.7241684687874281,0.7241684687874281,4,0.06150036042415229,1,0
44820,0.1316018114466334,-6.419561293209503e-06,1.831856861311171,3.272e-05,1.831856861311171,0.7219761435518618,4,3.272e-07,0.001096681762055278,721.9011735228676,-0.06106189537703902,44820,0,2,1,1,0,1.831856861311171,0.7219761435518618,0.7219761435518618,4,0.06106189537703902,1,0
44880,0.1312301323475011,-5.970296310247977e-06,1.819622526250861,3.272e-05,1.819622526250861,0.7199370877084768,4,3.272e-07,0.001093584436229176,719.8623294151155,-0.06065408420836202,44880,0,2,1,1,0,1.819622526250861,0.7199370877084768,0.7199370877084768,4,0.06065408420836202,1,0
44940,0.1308843619589446,-5.55461657208011e-06,1.80824101247349,3.272e-05,1.80824101247349,0.7180401687455816,4,3.272e-07,0.001090703016324538,717.9656074283545,-0.06027470041578299,44940,0,2,1,1,0,1.80824101247349,0.7180401687455816,0.7180401687455816,4,0.06027470041578299,1,0
45000,0.1305624718354523,-5.169610361630498e-06,1.797645550870716,3.272e-05,1.797645550870716,0.7162742584784526,4,3.272e-07,0.001088020598628769,716.1998805334117,-0.05992151836235719,45000,0,2,1,1,0,1.797645550870716,0.7162742584784526,0.7162742584784526,4,0.05992151836235719,1,0
45060,0.1302628364869314,-4.812925425967697e-06,1.787782636172859,3.272e-05,1.787782636172859,0.7146304393621431,4,3.272e-07,0.001085523637391095,714.556232111339,-0.05959275453909529,45060,0,2,1,1,0,1.787782636172859,0.7146304393621431,0.7146304393621431,4,0.05959275453909529,1,0
45120,0.1299839109650018,-4.482368926518426e-06,1.778601414252857,3.272e-05,1.778601414252857,0.7131002357088094,4,3.272e-07,0.001083199258041682,713.0261873544084,-0.05928671380842855,45120,0,2,1,1,0,1.778601414252857,0.7131002357088094,0.7131002357088094,4,0.05928671380842855,1,0
45180,0.1297240421474905,-4.175676881616336e-06,1.770047470292643,3.272e-05,1.770047470292643,0.7116745783821071,4,3.272e-07,0.001081033684562421,711.6006780680148,-0.05900158234308809,45180,0,2,1,1,0,1.770047470292643,0.7116745783821071,0.7116745783821071,4,0.05900158234308809,1,0
45240,0.1294820524087268,-3.891195794150594e-06,1.762082041103583,3.272e-05,1.762082041103583,0.7103470068505972,4,3.272e-07,0.001079017103406057,710.2732443915808,-0.0587360680367861,45240,0,2,1,1,0,1.762082041103583,0.7103470068505972,0.7103470068505972,4,0.0587360680367861,1,0
45300,0.1292564769540238,-3.626975570131483e-06,1.754656910929026,3.272e-05,1.754656910929026,0.7091094851548376,4,3.272e-07,0.001077137307950198,709.0358512001192,-0.05848856369763419,45300,0,2,1,1,0,1.754656910929026,0.7091094851548376,0.7091094851548376,4,0.05848856369763419,1,0
45360,0.1290461757618621,-3.381484477052762e-06,1.74773455437334,3.272e-05,1.74773455437334,0.7079557590622233,4,3.272e-07,0.001075384798015517,707.8822449104642,-0.05825781847911132,45360,0,2,1,1,0,1.74773455437334,0.7079557590622233,0.7079557590622233,4,0.05825781847911132,1,0
45420,0.1288500833084888,-3.15330833226696e-06,1.741279898238603,3.272e-05,1.741279898238603,0.7068799830397672,4,3.272e-07,0.001073750694237406,706.8065805966294,-0.0580426632746201,45420,0,2,1,1,0,1.741279898238603,0.7068799830397672,0.7068799830397672,4,0.0580426632746201,1,0
45480,0.1286672028950114,-2.941139618893247e-06,1.735260134793004,3.272e-05,1.735260134793004,0.7058766891321673,4,3.272e-07,0.001072226690791762,705.8033908711053,-0.05784200449310012,45480,0,2,1,1,0,1.735260134793004,0.7058766891321673,0.7058766891321673,4,0.05784200449310012,1,0
45540,0.1284966551483841,-2.743829782648813e-06,1.729646318248324,3.272e-05,1.729646318248324,0.7049410530413873,4,3.272e-07,0.001070805459569867,704.8678519368111,-0.05765487727494413,45540,0,2,1,1,0,1.729646318248324,0.7049410530413873,0.7049410530413873,4,0.05765487727494413,1,0
45600,0.1283374962026148,-2.560175669517489e-06,1.724407379941238,3.272e-05,1.724407379941238,0.7040678966568731,4,3.272e-07,0.00106947913502179,703.9947862208875,-0.05748024599804128,45600,0,2,1,1,0,1.724407379941238,0.7040678966568731,0.7040678966568731,4,0.05748024599804128,1,0
45660,0.1281889840396374,-2.389224709973861e-06,1.719518895313937,3.272e-05,1.719518895313937,0.7032531492189895,4,3.272e-07,0.001068241533663645,703.1801233864076,-0.05731729651046457,45660,0,2,1,1,0,1.719518895313937,0.7032531492189895,0.7032531492189895,4,0.05731729651046457,1,0
45720,0.1280503730719099,-2.230034818040314e-06,1.714956322314349,3.272e-05,1.714956322314349,0.7024927203857249,4,3.272e-07,0.001067086442265916,702.4197735161006,-0.05716521074381164,45720,0,2,1,1,0,1.714956322314349,0.7024927203857249,0.7024927203857249,4,0.05716521074381164,1,0
45780,0.1279209870983179,-2.081756561392259e-06,1.710697402841272,3.272e-05,1.710697402841272,0.7017829004735454,4,3.272e-07,0.001066008225819316,701.7100273116466,-0.05702324676137575,45780,0,2,1,1,0,1.710697402841272,0.7017829004735454,0.7017829004735454,4,0.05702324676137575,1,0
45840,0.1278002157456679,-1.943627029109825e-06,1.706722045611189,3.272e-05,1.706722045611189,0.7011203409351981,4,3.272e-07,0.001065001797880566,701.0475365735059,-0.0568907348537063,45840,0,2,1,1,0,1.706722045611189,0.7011203409351981,0.7011203409351981,4,0.0568907348537063,1,0
45900,0.1276874329582343,-1.814875085926444e-06,1.703009643128187,3.272e-05,1.703009643128187,0.7005016071880312,4,3.272e-07,0.001064061941318619,700.4288670756738,-0.05676698810427291,45900,0,2,1,1,0,1.703009643128187,0.7005016071880312,0.7005016071880312,4,0.05676698810427291,1,0
45960,0.1275821280039241,-1.69486976396254e-06,1.699543383934303,3.272e-05,1.699543383934303,0.6999238973223838,4,3.272e-07,0.001063184400032701,699.8512171994398,-0.05665144613114342,45960,0,2,1,1,0,1.699543383934303,0.6999238973223838,0.6999238973223838,4,0.05665144613114342,1,0
46020,0.1274837847244279,-1.582981072830816e-06,1.696306277960102,3.272e-05,1.696306277960102,0.699384379660017,4,3.272e-07,0.001062364872703566,699.3117555606067,-0.05654354259867006,46020,0,2,1,1,0,1.696306277960102,0.699384379660017,0.699384379660017,4,0.05654354259867006,1,0
46080,0.1273919428019413,-1.478648918004199e-06,1.693283173204124,3.272e-05,1.693283173204124,0.6988805288673541,4,3.272e-07,0.001061599523349511,698.8079570878283,-0.05644277244013748,46080,0,2,1,1,0,1.693283173204124,0.6988805288673541,0.6988805288673541,4,0.05644277244013748,1,0
46140,0.1273061666923466,-1.381346812701495e-06,1.690459733125301,3.272e-05,1.690459733125301,0.6984099555208835,4,3.272e-07,0.001060884722436222,698.3374326057112,-0.05634865777084336,46140,0,2,1,1,0,1.690459733125301,0.6984099555208835,0.6984099555208835,4,0.05634865777084336,1,0
46200,0.127226037800582,-1.290572309943444e-06,1.687822179084333,3.272e-05,1.687822179084333,0.6979703631807221,4,3.272e-07,0.001060216981671517,697.8978859128345,-0.05626073930281109,46200,0,2,1,1,0,1.687822179084333,0.6979703631807221,0.6979703631807221,4,0.05626073930281109,1,0
46260,0.1271511699984929,-1.205863967545488e-06,1.685357801135381,3.272e-05,1.685357801135381,0.6975596335225634,4,3.272e-07,0.001059593083320774,697.4871989048584,-0.05617859337117936,46260,0,2,1,1,0,1.685357801135381,0.6975596335225634,0.6975596335225634,4,0.05617859337117936,1,0
46320,0.1270812266656865,-1.126819971200926e-06,1.683055518949524,3.272e-05,1.683055518949524,0.6971759198249207,4,3.272e-07,0.001059010222214054,697.1035250520599,-0.0561018506316508,46320,0,2,1,1,0,1.683055518949524,0.6971759198249207,0.6971759198249207,4,0.0561018506316508,1,0
46380,0.1270158732902122,-1.053044000819865e-06,1.68090432160014,3.272e-05,1.68090432160014,0.6968173869333567,4,3.272e-07,0.001058465610751769,696.7450293905645,-0.056030144053338,46380,0,2,1,1,0,1.68090432160014,0.6968173869333567,0.6968173869333567,4,0.056030144053338,1,0
46440,0.1269547997279892,-9.841700159800366e-07,1.678894000262976,3.272e-05,1.678894000262976,0.6964823333771626,4,3.272e-07,0.00105795666439991,696.4100106263438,-0.05596313334209918,46440,0,2,1,1,0,1.678894000262976,0.6964823333771626,0.6964823333771626,4,0.05596313334209918,1,0
46500,0.1268977144426743,-9.19855371499809e-07,1.677014958613373,3.272e-05,1.677014958613373,0.6961691597688955,4,3.272e-07,0.001057480953688952,696.0968695380355,-0.05590049862044576,46500,0,2,1,1,0,1.677014958613373,0.6961691597688955,0.6961691597688955,4,0.05590049862044576,1,0
46560,0.1268443490831075,-8.597856429171504e-07,1.675258363499258,3.272e-05,1.675258363499258,0.695876393916543,4,3.272e-07,0.001057036242359229,695.8041340864997,-0.05584194544997526,46560,0,2,1,1,0,1.675258363499258,0.695876393916543,0.695876393916543,4,0.05584194544997526,1,0
46620,0.1267944683841316,-8.036854465831589e-07,1.67361647084041,3.272e-05,1.67361647084041,0.6956027451400684,4,3.272e-07,0.001056620569867764,695.5305137257241,-0.05578721569468034,46620,0,2,1,1,0,1.67361647084041,0.6956027451400684,0.6956027451400684,4,0.05578721569468034,1,0
46680,0.1267478440578249,-7.51288792487713e-07,1.672081766222017,3.272e-05,1.672081766222017,0.6953469610370028,4,3.272e-07,0.001056232033815207,695.274756183289,-0.05573605887406722,46680,0,2,1,1,0,1.672081766222017,0.6953469610370028,0.6953469610370028,4,0.05573605887406722,1,0
46740,0.1267042710551864,-7.023571666568064e-07,1.670647500170716,3.272e-05,1.670647500170716,0.6951079166951194,4,3.272e-07,0.001055868925459886,695.0357366637788,-0.05568825000569055,46740,0,2,1,1,0,1.670647500170716,0.6951079166951194,0.6951079166951194,4,0.05568825000569055,1,0
46800,0.1266635629876541,-6.566741770738289e-07,1.669307537447469,3.272e-05,1.669307537447469,0.6948845895745781,4,3.272e-07,0.001055529691563784,694.8124327335338,-0.05564358458158229,46800,0,2,1,1,0,1.669307537447469,0.6948845895745781,0.6948845895745781,4,0.05564358458158229,1,0
46800.00000936083,0.1266635629815175,-6.566741701896194e-07,1.669307537245476,3.272e-05,1.669307537245476,0.6948845895409126,4,3.272e-07,0.001055529691512646,694.8124326998718,-0.05564358457484919,46800.00000936083,0,2,1,1,0,1.669307537245476,0.6948845895409126,0.6948845895409126,4,0.05564358457484919,1,0
46800.00000936083,0.1266635629815175,8.932332582981038e-05,1.669307537245476,0.0001227,1.669307537245476,0.6948845895409126,15,1.227e-06,0.001055529691512646,694.8124326998718,-0.05564358457484919,46800.00000936083,0,2,1,1,0,1.669307537245476,0.6948845895409126,0.6948845895409126,15,0.05564358457484919,1,0
46860,0.1318415654281903,8.326929708498312e-05,1.839748697438784,0.0001227,1.839748697438784,0.7232914495731306,15,1.227e-06,0.001098679711901585,723.2163429627115,-0.06132495658129279,46860,0,2,1,1,0,1.839748697438784,0.7232914495731306,0.7232914495731306,15,0.06132495658129279,1,0
46920,0.1366557140014073,7.72008464416046e-05,1.998213100770485,0.0001227,1.998213100770485,0.7497021834617474,15,1.227e-06,0.001138797616678394,749.6243343597611,-0.06660710335901615,46920,0,2,1,1,0,1.998213100770485,0.7497021834617474,0.7497021834617474,15,0.06660710335901615,1,0
46980,0.1411085096187712,7.121060418685279e-05,2.144783068425648,0.0001227,2.144783068425648,0.7741305114042747,15,1.227e-06,0.001175904246823093,774.0501256638266,-0.0714927689475216,46980,0,2,1,1,0,2.144783068425648,0.7741305114042747,0.7741305114042747,15,0.0714927689475216,1,0
47040,0.1452069155021171,6.537667041606852e-05,2.279687804546318,0.0001227,2.279687804546318,0.796614634091053,15,1.227e-06,0.00121005762918431,796.5319135984878,-0.07598959348487729,47040,0,2,1,1,0,2.279687804546318,0.796614634091053,0.796614634091053,15,0.07598959348487729,1,0
47100,0.1489610998333599,5.976317434777018e-05,2.403262008998021,0.0001227,2.403262008998021,0.8172103348330034,15,1.227e-06,0.001241342498611332,817.1254756821244,-0.08010873363326736,47100,0,2,1,1,0,2.403262008998021,0.8172103348330034,0.8172103348330034,15,0.08010873363326736,1,0
47160,0.1523863263797813,5.441670957474872e-05,2.516008109933552,0.0001227,2.516008109933552,0.8360013516555921,15,1.227e-06,0.001269886053164844,835.914541244843,-0.08386693699778508,47160,0,2,1,1,0,2.516008109933552,0.8360013516555921,0.8360013516555921,15,0.08386693699778508,1,0
47220,0.1554996865499005,4.937090680676615e-05,2.618488694861767,0.0001227,2.618488694861767,0.8530814491436278,15,1.227e-06,0.001295830721249171,852.9928651349346,-0.08728295649539224,47220,0,2,1,1,0,2.618488694861767,0.8530814491436278,0.8530814491436278,15,0.08728295649539224,1,0
47280,0.1583199812421597,4.464706101483524e-05,2.711322621532576,0.0001227,2.711322621532576,0.8685537702554293,15,1.227e-06,0.001319333177017997,868.4635796003494,-0.09037742071775254,47280,0,2,1,1,0,2.711322621532576,0.8685537702554293,0.8685537702554293,15,0.09037742071775254,1,0
47340,0.1608658827971891,4.02578933985172e-05,2.795124516036506,0.0001227,2.795124516036506,0.8825207526727511,15,1.227e-06,0.001340549023309909,882.4291116857091,-0.09317081720121688,47340,0,2,1,1,0,2.795124516036506,0.8825207526727511,0.8825207526727511,15,0.09317081720121688,1,0
47400,0.1631580567148944,3.620475742367793e-05,2.870574612076842,0.0001227,2.870574612076842,0.8950957686794736,15,1.227e-06,0.00135965047262412,895.0028219023123,-0.09568582040256139,47400,0,2,1,1,0,2.870574612076842,0.8950957686794736,0.8950957686794736,15,0.09568582040256139,1,0
47460,0.1652169826002298,3.248214985620822e-05,2.938347024365696,0.0001227,2.938347024365696,0.9063911707276159,15,1.227e-06,0.001376808188335248,906.2970510354952,-0.09794490081218984,47460,0,2,1,1,0,2.938347024365696,0.9063911707276159,0.9063911707276159,15,0.09794490081218984,1,0
47520,0.1670621741211572,2.908011330604383e-05,2.999084072454155,0.0001227,2.999084072454155,0.9165140120756924,15,1.227e-06,0.001392184784342977,916.4188412273583,-0.09996946908180515,47520,0,2,1,1,0,2.999084072454155,0.9165140120756924,0.9165140120756924,15,0.09996946908180515,1,0
47580,0.1687124380233857,2.598472757069895e-05,3.053404806563059,0.0001227,3.053404806563059,0.9255674677605098,15,1.227e-06,0.001405936983528214,925.4713568010081,-0.1017801602187686,47580,0,2,1,1,0,3.053404806563059,0.9255674677605098,0.9255674677605098,15,0.1017801602187686,1,0
47640,0.170185550460087,2.317955355680074e-05,3.101894353524918,0.0001227,3.101894353524918,0.9336490589208197,15,1.227e-06,0.001418212920500725,933.5521087685983,-0.1033964784508306,47640,0,2,1,1,0,3.101894353524918,0.9336490589208197,0.9336490589208197,15,0.1033964784508306,1,0
47700,0.1714984298364403,2.064605960508662e-05,3.145109606202774,0.0001227,3.145109606202774,0.9408516010337956,15,1.227e-06,0.001429153581970335,940.7539029693392,-0.1048369868734258,47700,0,2,1,1,0,3.145109606202774,0.9408516010337956,0.9408516010337956,15,0.1048369868734258,1,0
47760,0.1726668576212349,1.836480833242445e-05,3.183570033615369,0.0001227,3.183570033615369,0.9472616722692281,15,1.227e-06,0.001438890480176957,947.1633085827416,-0.1061190011205123,47760,0,2,1,1,0,3.183570033615369,0.9472616722692281,0.9472616722692281,15,0.1061190011205123,1,0
47820,0.1737054165442972,1.631615690165231e-05,3.217755646619396,0.0001227,3.217755646619396,0.952959274436566,15,1.227e-06,0.001447545137869144,952.8603191108633,-0.1072585215539799,47820,0,2,1,1,0,3.217755646619396,0.952959274436566,0.952959274436566,15,0.1072585215539799,1,0
47880,0.1746277807919406,1.448017236903209e-05,3.248116550096795,0.0001227,3.248116550096795,0.9580194250161326,15,1.227e-06,0.001455231506599505,957.9199442442098,-0.1082705516698932,47880,0,2,1,1,0,3.248116550096795,0.9580194250161326,0.9580194250161326,15,0.1082705516698932,1,0
47940,0.175446298601973,1.283786736922561e-05,3.275059203488249,0.0001227,3.275059203488249,0.9625098672480416,15,1.227e-06,0.001462052488349775,962.4099201884341,-0.109168640116275,47940,0,2,1,1,0,3.275059203488249,0.9625098672480416,0.9625098672480416,15,0.109168640116275,1,0
48000,0.1761718168642853,1.137191744372903e-05,3.298940647277332,0.0001227,3.298940647277332,0.9664901078795554,15,1.227e-06,0.001468098473869045,966.3897475116161,-0.1099646882425777,48000,0,2,1,1,0,3.298940647277332,0.9664901078795554,0.9664901078795554,15,0.1099646882425777,1,0
48060,0.1768142590477935,1.006579176568313e-05,3.320087526260484,0.0001227,3.320087526260484,0.9700145877100806,15,1.227e-06,0.001473452158731612,969.9138613600275,-0.1106695842086828,48060,0,2,1,1,0,3.320087526260484,0.9700145877100806,0.9700145877100806,15,0.1106695842086828,1,0
48120,0.1773826921149921,8.903837866540396e-06,3.338798292132723,0.0001227,3.338798292132723,0.9731330486887872,15,1.227e-06,0.001478189100958268,973.0319985176327,-0.1112932764044241,48120,0,2,1,1,0,3.338798292132723,0.9731330486887872,0.9731330486887872,15,0.1112932764044241,1,0
48180,0.177885339839686,7.871435472322393e-06,3.355343641859316,0.0001227,3.355343641859316,0.9758906069765527,15,1.227e-06,0.001482377831997384,975.7892704604453,-0.1118447880619772,48180,0,2,1,1,0,3.355343641859316,0.9758906069765527,0.9758906069765527,15,0.1118447880619772,1,0
48240,0.1783295968397717,6.955117077492656e-06,3.369966979584323,0.0001227,3.369966979584323,0.9783278299307205,15,1.227e-06,0.001486079973664764,978.226240333293,-0.1123322326528108,48240,0,2,1,1,0,3.369966979584323,0.9783278299307205,0.9783278299307205,15,0.1123322326528108,1,0
48300,0.1787221010603143,6.142540254003951e-06,3.382886802511991,0.0001227,3.382886802511991,0.9804811337519985,15,1.227e-06,0.001489350842169286,980.3793205554239,-0.1127628934170664,48300,0,2,1,1,0,3.382886802511991,0.9804811337519985,0.9804811337519985,15,0.1127628934170664,1,0
48360,0.1790687284990824,5.42259666877914e-06,3.394296527290403,0.0001227,3.394296527290403,0.9823827545484005,15,1.227e-06,0.00149223940415902,982.2807438874532,-0.1131432175763468,48360,0,2,1,1,0,3.394296527290403,0.9823827545484005,0.9823827545484005,15,0.1131432175763468,1,0
48420,0.1793747889365967,4.785084045559523e-06,3.404370932738536,0.0001227,3.404370932738536,0.9840618221230893,15,1.227e-06,0.001494789907804973,983.9596371077041,-0.1134790310912845,48420,0,2,1,1,0,3.404370932738536,0.9840618221230893,0.9840618221230893,15,0.1134790310912845,1,0
48480,0.1796448177108276,4.221201690437503e-06,3.413259305820528,0.0001227,3.413259305820528,0.9855432176367547,15,1.227e-06,0.00149704014759023,985.4408787932053,-0.1137753101940176,48480,0,2,1,1,0,3.413259305820528,0.9855432176367547,0.9855432176367547,15,0.1137753101940176,1,0
48540,0.1798831348245546,3.722432890443045e-06,3.421103845442877,0.0001227,3.421103845442877,0.9868506409071462,15,1.227e-06,0.001499026123537955,986.7481663007171,-0.1140367948480959,48540,0,2,1,1,0,3.421103845442877,0.9868506409071462,0.9868506409071462,15,0.1140367948480959,1,0
48600,0.1800931915186872,3.281948554107559e-06,3.428018154005504,0.0001227,3.428018154005504,0.988003025667584,15,1.227e-06,0.00150077659598906,987.9004313974795,-0.1142672718001835,48600,0,2,1,1,0,3.428018154005504,0.988003025667584,0.988003025667584,15,0.1142672718001835,1,0
48660,0.1802785000308993,2.892690728965926e-06,3.434117841701754,0.0001227,3.434117841701754,0.9890196402836257,15,1.227e-06,0.001502320833590827,988.9169404482224,-0.1144705947233918,48660,0,2,1,1,0,3.434117841701754,0.9890196402836257,0.9890196402836257,15,0.1144705947233918,1,0
48720,0.1804417338890766,2.549282568660777e-06,3.43949091142451,0.0001227,3.43949091142451,0.9899151519040851,15,1.227e-06,0.001503681115742305,989.8123590787226,-0.1146496970474837,48720,0,2,1,1,0,3.43949091142451,0.9899151519040851,0.9899151519040851,15,0.1146496970474837,1,0
48780,0.180585635352848,2.246141402349484e-06,3.444227628467677,0.0001227,3.444227628467677,0.9907046047446127,15,1.227e-06,0.001504880294607067,990.6017299424386,-0.1148075876155892,48780,0,2,1,1,0,3.444227628467677,0.9907046047446127,0.9907046047446127,15,0.1148075876155892,1,0
48840,0.1807123815158953,1.978825742456441e-06,3.448399654901095,0.0001227,3.448399654901095,0.9913999424835159,15,1.227e-06,0.001505936512632461,991.2969954774456,-0.1149466551633698,48840,0,2,1,1,0,3.448399654901095,0.9913999424835159,0.9913999424835159,15,0.1149466551633698,1,0
48900,0.1808240484818228,1.743069636619713e-06,3.452075328565598,0.0001227,3.452075328565598,0.992012554760933,15,1.227e-06,0.001506867070681857,991.9095441411815,-0.1150691776188533,48900,0,2,1,1,0,3.452075328565598,0.992012554760933,0.992012554760933,15,0.1150691776188533,1,0
48960,0.1809224046804696,1.53522691888729e-06,3.455312859791625,0.0001227,3.455312859791625,0.9925521432986042,15,1.227e-06,0.00150768670567058,992.4490766479595,-0.1151770953263875,48960,0,2,1,1,0,3.455312859791625,0.9925521432986042,0.9925521432986042,15,0.1151770953263875,1,0
49020,0.1810089885416557,1.35211466130314e-06,3.458162888138767,0.0001227,3.458162888138767,0.9930271480231277,15,1.227e-06,0.001508408237847131,992.9240320479752,-0.1152720962712922,49020,0,2,1,1,0,3.458162888138767,0.9930271480231277,0.9930271480231277,15,0.1152720962712922,1,0
49080,0.1810852282297185,1.190765320311214e-06,3.460672423624706,0.0001227,3.460672423624706,0.993445403937451,15,1.227e-06,0.001509043568580988,993.3422445305889,-0.1153557474541569,49080,0,2,1,1,0,3.460672423624706,0.993445403937451,0.993445403937451,15,0.1153557474541569,1,0
49140,0.1811523264425044,1.048674538790595e-06,3.462881054723646,0.0001227,3.462881054723646,0.9938135091206077,15,1.227e-06,0.001509602720354203,993.7103114896901,-0.1154293684907882,49140,0,2,1,1,0,3.462881054723646,0.9938135091206077,0.9938135091206077,15,0.1154293684907882,1,0
49200,0.1812113922601229,9.235254522050533e-07,3.464825288351643,0.0001227,3.464825288351643,0.9941375480586072,15,1.227e-06,0.001510094935501024,994.0343167794746,-0.1154941762783881,49200,0,2,1,1,0,3.464825288351643,0.9941375480586072,0.9941375480586072,15,0.1154941762783881,1,0
49260,0.1812634012540582,8.132755946248601e-07,3.466537236802442,0.0001227,3.466537236802442,0.9944228728004071,15,1.227e-06,0.001510528343783818,994.3196118931429,-0.1155512412267481,49260,0,2,1,1,0,3.466537236802442,0.9944228728004071,0.9944228728004071,15,0.1155512412267481,1,0
49320,0.181309178311102,7.161954104081895e-07,3.468044052373338,0.0001227,3.468044052373338,0.9946740087288896,15,1.227e-06,0.001510909819259183,994.5707217436614,-0.1156014684124446,49320,0,2,1,1,0,3.468044052373338,0.9946740087288896,0.9946740087288896,15,0.1156014684124446,1,0
49380,0.1813494949025447,6.306635916442121e-07,3.46937112911602,0.0001227,3.46937112911602,0.9948951881860033,15,1.227e-06,0.001511245790854539,994.7918782334923,-0.1156457043038673,49380,0,2,1,1,0,3.46937112911602,0.9948951881860033,0.9948951881860033,15,0.1156457043038673,1,0
49440,0.1813849933105676,5.553289614698914e-07,3.470539608642778,0.0001227,3.470539608642778,0.9950899347737963,15,1.227e-06,0.001511541610921397,994.9866045987925,-0.1156846536214259,49440,0,2,1,1,0,3.470539608642778,0.9950899347737963,0.9950899347737963,15,0.1156846536214259,1,0
49500,0.1814162609199943,4.889538332152239e-07,3.471568825542933,0.0001227,3.471568825542933,0.9952614709238222,15,1.227e-06,0.001511802174333286,995.1581229364983,-0.1157189608514311,49500,0,2,1,1,0,3.471568825542933,0.9952614709238222,0.9952614709238222,15,0.1157189608514311,1,0
49560,0.1814437941179047,4.304913402254716e-07,3.47247511908837,0.0001227,3.47247511908837,0.9954125198480617,15,1.227e-06,0.001512031617649206,995.3091561758121,-0.115749170636279,49560,0,2,1,1,0,3.47247511908837,0.9954125198480617,0.9954125198480617,15,0.115749170636279,1,0
49620,0.1814680392058253,3.78999162523215e-07,3.47327317991525,0.0001227,3.47327317991525,0.995545529985875,15,1.227e-06,0.001512233660048544,995.4421525018478,-0.1157757726638416,49620,0,2,1,1,0,3.47327317991525,0.995545529985875,0.995545529985875,15,0.1157757726638416,1,0
49680,0.1814893834969192,3.336588549185241e-07,3.473975756975617,0.0001227,3.473975756975617,0.9956626261626028,15,1.227e-06,0.001512411529140994,995.5592365193044,-0.1157991918991872,49680,0,2,1,1,0,3.473975756975617,0.9956626261626028,0.9956626261626028,15,0.1157991918991872,1,0
49740,0.1815081752247531,2.937338973988584e-07,3.474594312862183,0.0001227,3.474594312862183,0.9957657188103639,15,1.227e-06,0.001512568126872943,995.6623184619211,-0.1158198104287394,49740,0,2,1,1,0,3.474594312862183,0.9957657188103639,0.9957657188103639,15,0.1158198104287394,1,0
49800,0.1815247014545622,2.586168865421434e-07,3.475138296726866,0.0001227,3.475138296726866,0.9958563827878111,15,1.227e-06,0.001512705845454685,995.7529730248176,-0.1158379432242289,49800,0,2,1,1,0,3.475138296726866,0.9958563827878111,0.9958563827878111,15,0.1158379432242289,1,0
49860,0.1815392276307867,2.277457166410216e-07,3.475616446043013,0.0001227,3.475616446043013,0.9959360743405021,15,1.227e-06,0.001512826896923223,995.832656302335,-0.1158538815347671,49860,0,2,1,1,0,3.475616446043013,0.9959360743405021,0.9959360743405021,15,0.1158538815347671,1,0
49920,0.1815519879927179,2.006240886979615e-07,3.47603647112304,0.0001227,3.47603647112304,0.9960060785205066,15,1.227e-06,0.001512933233272649,995.9026532131028,-0.115867882370768,49920,0,2,1,1,0,3.47603647112304,0.9960060785205066,0.9960060785205066,15,0.115867882370768,1,0
49980,0.1815631955146977,1.768005025115605e-07,3.476405382313946,0.0001227,3.476405382313946,0.996067563718991,15,1.227e-06,0.001513026629289147,995.9641320269619,-0.1158801794104649,49980,0,2,1,1,0,3.476405382313946,0.996067563718991,0.996067563718991,15,0.1158801794104649,1,0
50040,0.1815730303664988,1.55892879303833e-07,3.476729110154669,0.0001227,3.476729110154669,0.9961215183591114,15,1.227e-06,0.00151310858638749,996.0180810644306,-0.115890970338489,50040,0,2,1,1,0,3.476729110154669,0.9961215183591114,0.9961215183591114,15,0.115890970338489,1,0
50100,0.1815816687071261,1.375274250439219e-07,3.477013453164126,0.0001227,3.477013453164126,0.9961689088606877,15,1.227e-06,0.001513180572559384,996.0654666449755,-0.1159004484388042,50100,0,2,1,1,0,3.477013453164126,0.9961689088606877,0.9961689088606877,15,0.1159004484388042,1,0
50160,0.1815892857907531,1.213320714783686e-07,3.477264180077454,0.0001227,3.477264180077454,0.9962106966795757,15,1.227e-06,0.001513244048256275,996.1072501246149,-0.1159088060025818,50160,0,2,1,1,0,3.477264180077454,0.9962106966795757,0.9962106966795757,15,0.1159088060025818,1,0
50220,0.1815960541261398,1.069404261781629e-07,3.477486969260691,0.0001227,3.477486969260691,0.9962478282101151,15,1.227e-06,0.001513300451051165,996.1443777994149,-0.1159162323086897,50220,0,2,1,1,0,3.477486969260691,0.9962478282101151,0.9962478282101151,15,0.1159162323086897,1,0
50280,0.1816019590036649,9.438408415609776e-08,3.477681336526164,0.0001227,3.477681336526164,0.9962802227543607,15,1.227e-06,0.001513349658363874,996.1767689798097,-0.1159227112175388,50280,0,2,1,1,0,3.477681336526164,0.9962802227543607,0.9962802227543607,15,0.1159227112175388,1,0
50340,0.1816071594594611,8.332512154476382e-08,3.477852516769622,0.0001227,3.477852516769622,0.996308752794937,15,1.227e-06,0.001513392995495509,996.2052960578255,-0.1159284172256541,50340,0,2,1,1,0,3.477852516769622,0.996308752794937,0.996308752794937,15,0.1159284172256541,1,0
50400,0.1816117470291506,7.356907345715084e-08,3.478003523013517,0.0001227,3.478003523013517,0.9963339205022528,15,1.227e-06,0.001513431225242922,996.2304611517256,-0.1159334507671172,50400,0,2,1,1,0,3.478003523013517,0.9963339205022528,0.9963339205022528,15,0.1159334507671172,1,0
50460,0.1816158009039417,6.494767487125294e-08,3.478136961946733,0.0001227,3.478136961946733,0.9963561603244555,15,1.227e-06,0.001513465007532848,996.2526986645445,-0.1159378987315578,50460,0,2,1,1,0,3.478136961946733,0.9963561603244555,0.9963561603244555,15,0.1159378987315578,1,0
50520,0.18161937811291,5.733975460566441e-08,3.478254710760698,0.0001227,3.478254710760698,0.996375785126783,15,1.227e-06,0.001513494817607583,996.2723214290319,-0.1159418236920233,50520,0,2,1,1,0,3.478254710760698,0.996375785126783,0.996375785126783,15,0.1159418236920233,1,0
50580,0.1816225489060044,5.059599401117032e-08,3.478359081830297,0.0001227,3.478359081830297,0.9963931803050495,15,1.227e-06,0.00151352124088337,996.2897148009823,-0.1159453027276766,50580,0,2,1,1,0,3.478359081830297,0.9963931803050495,0.9963931803050495,15,0.1159453027276766,1,0
50640,0.1816253734769464,4.458843671966751e-08,3.478452056515681,0.0001227,3.478452056515681,0.9964086760859469,15,1.227e-06,0.001513544778974553,996.3052089727972,-0.115948401883856,50640,0,2,1,1,0,3.478452056515681,0.9964086760859469,0.9964086760859469,15,0.115948401883856,1,0
50700,0.1816278672626185,3.928430269856142e-08,3.478534142943335,0.0001227,3.478534142943335,0.9964223571572225,15,1.227e-06,0.001513565560521821,996.31888862343,-0.1159511380981112,50700,0,2,1,1,0,3.478534142943335,0.9964223571572225,0.9964223571572225,15,0.1159511380981112,1,0
50760,0.1816300657823812,3.460808740640372e-08,3.478606510282463,0.0001227,3.478606510282463,0.9964344183804105,15,1.227e-06,0.001513583881519843,996.3309485941801,-0.1159535503427487,50760,0,2,1,1,0,3.478606510282463,0.9964344183804105,0.9964344183804105,15,0.1159535503427487,1,0
50820,0.1816320023806264,3.048890164286861e-08,3.478670256110151,0.0001227,3.478670256110151,0.9964450426850252,15,1.227e-06,0.001513600019838553,996.3415717955667,-0.1159556752036717,50820,0,2,1,1,0,3.478670256110151,0.9964450426850252,0.9964450426850252,15,0.1159556752036717,1,0
50880,0.1816337055085041,2.686625564997814e-08,3.47872631693562,0.0001227,3.47872631693562,0.9964543861559366,15,1.227e-06,0.001513614212570868,996.3509142962517,-0.115957543897854,50880,0,2,1,1,0,3.47872631693562,0.9964543861559366,0.9964543861559366,15,0.115957543897854,1,0
50940,0.181635207597668,2.367118595757102e-08,3.478775760291903,0.0001227,3.478775760291903,0.9964626267153172,15,1.227e-06,0.001513626729980567,996.3591539999322,-0.1159591920097301,50940,0,2,1,1,0,3.478775760291903,0.9964626267153172,0.9964626267153172,15,0.1159591920097301,1,0
51000,0.1816365317759824,2.085451335137102e-08,3.47881934746486,0.0001227,3.47881934746486,0.9964698912441433,15,1.227e-06,0.001513637764799854,996.3664177744095,-0.1159606449154953,51000,0,2,1,1,0,3.47881934746486,0.9964698912441433,0.9964698912441433,15,0.1159606449154953,1,0
51060,0.1816377050785389,1.835874324825483e-08,3.47885796835217,0.0001227,3.47885796835217,0.9964763280586949,15,1.227e-06,0.001513647542321158,996.372853920562,-0.1159619322784056,51060,0,2,1,1,0,3.47885796835217,0.9964763280586949,0.9964763280586949,15,0.1159619322784056,1,0
51120,0.1816387256634391,1.618780337588597e-08,3.478891562325185,0.0001227,3.478891562325185,0.9964819270541975,15,1.227e-06,0.001513656047195326,996.3784523346646,-0.1159630520775062,51120,0,2,1,1,0,3.478891562325185,0.9964819270541975,0.9964819270541975,15,0.1159630520775062,1,0
51180,0.1816396205360328,1.428425709638047e-08,3.478921018302595,0.0001227,3.478921018302595,0.9964868363837658,15,1.227e-06,0.00151366350446694,996.383361154448,-0.1159640339434198,51180,0,2,1,1,0,3.478921018302595,0.9964868363837658,0.9964868363837658,15,0.1159640339434198,1,0
51240,0.1816404074095914,1.261043104213897e-08,3.478946919341389,0.0001227,3.478946919341389,0.9964911532235649,15,1.227e-06,0.001513670061746595,996.3876775459863,-0.1159648973113796,51240,0,2,1,1,0,3.478946919341389,0.9964911532235649,0.9964911532235649,15,0.1159648973113796,1,0
51300,0.1816410978606278,1.114170425622267e-08,3.47896964649861,0.0001227,3.47896964649861,0.9964949410831017,15,1.227e-06,0.001513675815505231,996.3914650121916,-0.115965654883287,51300,0,2,1,1,0,3.47896964649861,0.9964949410831017,0.9964949410831017,15,0.115965654883287,1,0
51360,0.1816417033353899,9.853731745460654e-09,3.478989576543446,0.0001227,3.478989576543446,0.996498262757241,15,1.227e-06,0.001513680861128249,996.3947863414081,-0.1159663192181149,51360,0,2,1,1,0,3.478989576543446,0.996498262757241,0.996498262757241,15,0.1159663192181149,1,0
51420,0.1816422398124885,8.712526214696946e-09,3.479007235434117,0.0001227,3.479007235434117,0.9965012059056861,15,1.227e-06,0.001513685331770737,996.3977291842367,-0.1159669078478039,51420,0,2,1,1,0,3.479007235434117,0.9965012059056861,0.9965012059056861,15,0.1159669078478039,1,0
51480,0.1816427186425873,7.693944166590203e-09,3.479022996793526,0.0001227,3.479022996793526,0.9965038327989211,15,1.227e-06,0.001513689322021561,996.4003558046949,-0.1159674332264509,51480,0,2,1,1,0,3.479022996793526,0.9965038327989211,0.9965038327989211,15,0.1159674332264509,1,0
51540,0.181643138582868,6.800630892054909e-09,3.479036819712572,0.0001227,3.479036819712572,0.9965061366187621,15,1.227e-06,0.0015136928215239,996.4026593853072,-0.1159678939904191,51540,0,2,1,1,0,3.479036819712572,0.9965061366187621,0.9965061366187621,15,0.1159678939904191,1,0
51600,0.1816435107955601,6.008842901413436e-09,3.47904907161159,0.0001227,3.47904907161159,0.9965081786019316,15,1.227e-06,0.001513695923296334,996.4047011564371,-0.115968302387053,51600,0,2,1,1,0,3.47904907161159,0.9965081786019316,0.9965081786019316,15,0.115968302387053,1,0
51660,0.1816438403715858,5.307751477565256e-09,3.479059920065365,0.0001227,3.479059920065365,0.9965099866775609,15,1.227e-06,0.001513698669763215,996.4065090443157,-0.1159686640021788,51660,0,2,1,1,0,3.479059920065365,0.9965099866775609,0.9965099866775609,15,0.1159686640021788,1,0
51720,0.1816441339964483,4.683135582182318e-09,3.479069585136549,0.0001227,3.479069585136549,0.9965115975227581,15,1.227e-06,0.001513701116637069,996.4081197222428,-0.1159689861712183,51720,0,2,1,1,0,3.479069585136549,0.9965115975227581,0.9965115975227581,15,0.1159689861712183,1,0
51780,0.1816443955280687,4.126788971691494e-09,3.479078193813981,0.0001227,3.479078193813981,0.9965130323023301,15,1.227e-06,0.001513703296067239,996.4095543528272,-0.1159692731271327,51780,0,2,1,1,0,3.479078193813981,0.9965130323023301,0.9965130323023301,15,0.1159692731271327,1,0
51840,0.1816446280643528,3.632122024611927e-09,3.479085848069547,0.0001227,3.479085848069547,0.9965143080115912,15,1.227e-06,0.001513705233869607,996.4108299296186,-0.1159695282689849,51840,0,2,1,1,0,3.479085848069547,0.9965143080115912,0.9965143080115912,15,0.1159695282689849,1,0
51900,0.1816448345725384,3.192822984162324e-09,3.479092645574011,0.0001227,3.479092645574011,0.9965154409290018,15,1.227e-06,0.001513706954771154,996.411962729387,-0.115969754852467,51900,0,2,1,1,0,3.479092645574011,0.9965154409290018,0.9965154409290018,15,0.115969754852467,1,0
51960,0.1816450177833143,2.803083213730618e-09,3.479098676211793,0.0001227,3.479098676211793,0.9965164460352989,15,1.227e-06,0.001513708481527619,996.4129677313138,-0.1159699558737264,51960,0,2,1,1,0,3.479098676211793,0.9965164460352989,0.9965164460352989,15,0.1159699558737264,1,0
52020,0.1816451797115916,2.458616667189422e-09,3.479104006306503,0.0001227,3.479104006306503,0.9965173343844173,15,1.227e-06,0.00151370983092993,996.4138559881859,-0.1159701335435501,52020,0,2,1,1,0,3.479104006306503,0.9965173343844173,0.9965173343844173,15,0.1159701335435501,1,0
52080,0.1816453223107772,2.155268085258632e-09,3.479108700157247,0.0001227,3.479108700157247,0.9965181166928745,15,1.227e-06,0.001513711019256476,996.4146382154082,-0.1159702900052416,52080,0,2,1,1,0,3.479108700157247,0.9965181166928745,0.9965181166928745,15,0.1159702900052416,1,0
52140,0.1816454474492915,1.889062956571524e-09,3.479112819265684,0.0001227,3.479112819265684,0.9965188032109473,15,1.227e-06,0.001513712062077429,996.415324662193,-0.1159704273088561,52140,0,2,1,1,0,3.479112819265684,0.9965188032109473,0.9965188032109473,15,0.1159704273088561,1,0
52200,0.1816455570312156,1.655950874362468e-09,3.479116426307293,0.0001227,3.479116426307293,0.9965194043845489,15,1.227e-06,0.00151371297526013,996.4159257733687,-0.1159705475435764,52200,0,2,1,1,0,3.479116426307293,0.9965194043845489,0.9965194043845489,15,0.1159705475435764,1,0
52260,0.1816456531169386,1.451548889793612e-09,3.479119589102652,0.0001227,3.479119589102652,0.9965199315171087,15,1.227e-06,0.001513713775974488,996.416452851191,-0.1159706529700884,52260,0,2,1,1,0,3.479119589102652,0.9965199315171087,0.9965199315171087,15,0.1159706529700884,1,0
52320,0.1816457348032482,1.277778468537077e-09,3.479122277921271,0.0001227,3.479122277921271,0.9965203796535452,15,1.227e-06,0.001513714456693735,996.4169009410931,-0.1159707425973757,52320,0,2,1,1,0,3.479122277921271,0.9965203796535452,0.9965203796535452,15,0.1159707425973757,1,0
52380,0.1816458033221358,1.132018870596318e-09,3.47912453331586,0.0001227,3.47912453331586,0.9965207555526434,15,1.227e-06,0.001513715027684465,996.4172768011579,-0.1159708177771954,52380,0,2,1,1,0,3.47912453331586,0.9965207555526434,0.9965207555526434,15,0.1159708177771954,1,0
52440,0.1816458614983104,1.008261163307819e-09,3.47912644826565,0.0001227,3.47912644826565,0.9965210747109416,15,1.227e-06,0.00151371551248592,996.4175959263148,-0.115970881608855,52440,0,2,1,1,0,3.47912644826565,0.9965210747109416,0.9965210747109416,15,0.115970881608855,1,0
52500,0.181645911422938,9.020568562403096e-10,3.479128091604278,0.0001227,3.479128091604278,0.9965213486007131,15,1.227e-06,0.001513715928524483,996.4178697876454,-0.1159709363868093,52500,0,2,1,1,0,3.479128091604278,0.9965213486007131,0.9965213486007131,15,0.1159709363868093,1,0
52560,0.1816459556043981,8.080699106540173e-10,3.479129545898553,0.0001227,3.479129545898553,0.9965215909830922,15,1.227e-06,0.001513716296703317,996.4181121448556,-0.1159709848632851,52560,0,2,1,1,0,3.479129545898553,0.9965215909830922,0.9965215909830922,15,0.1159709848632851,1,0
52620,0.1816459970608256,7.198798773614453e-10,3.479130910494589,0.0001227,3.479130910494589,0.9965218184157648,15,1.227e-06,0.001513716642173547,996.4183395539116,-0.1159710303498196,52620,0,2,1,1,0,3.479130910494589,0.9965218184157648,0.9965218184157648,15,0.1159710303498196,1,0
52680,0.1816460394126526,6.297850333142167e-10,3.479132304563943,0.0001227,3.479132304563943,0.9965220507606571,15,1.227e-06,0.001513716995105438,996.4185718746772,-0.1159710768187981,52680,0,2,1,1,0,3.479132304563943,0.9965220507606571,0.9965220507606571,15,0.1159710768187981,1,0
52740,0.1816460695767537,5.656170616239169e-10,3.479133297457331,0.0001227,3.479133297457331,0.9965222162428885,15,1.227e-06,0.001513717246472948,996.4187373397249,-0.1159711099152444,52740,0,2,1,1,0,3.479133297457331,0.9965222162428885,0.9965222162428885,15,0.1159711099152444,1,0
52800,0.1816460955432505,5.10378623559812e-10,3.479134152180727,0.0001227,3.479134152180727,0.9965223586967878,15,1.227e-06,0.001513717462860421,996.4188797788318,-0.1159711384060242,52800,0,2,1,1,0,3.479134152180727,0.9965223586967878,0.9965223586967878,15,0.1159711384060242,1,0
52860,0.1816461205530844,4.571752794044204e-10,3.479134975414233,0.0001227,3.479134975414233,0.9965224959023722,15,1.227e-06,0.001513717671275703,996.4190169701687,-0.1159711658471411,52860,0,2,1,1,0,3.479134975414233,0.9965224959023722,0.9965224959023722,15,0.1159711658471411,1,0
52920,0.1816461465384334,4.018967126868771e-10,3.479135830758179,0.0001227,3.479135830758179,0.9965226384596965,15,1.227e-06,0.001513717887820279,996.4191595126898,-0.115971194358606,52920,0,2,1,1,0,3.479135830758179,0.9965226384596965,0.9965226384596965,15,0.115971194358606,1,0
52980,0.1816461756952802,3.398714123721905e-10,3.479136790496386,0.0001227,3.479136790496386,0.9965227984160644,15,1.227e-06,0.001513718130794002,996.4193194524479,-0.1159712263498795,52980,0,2,1,1,0,3.479136790496386,0.9965227984160644,0.9965227984160644,15,0.1159712263498795,1,0
53040,0.1816462105204278,2.65787926850879e-10,3.47913793681461,0.0001227,3.47913793681461,0.9965229894691016,15,1.227e-06,0.001513718421003565,996.419510485646,-0.115971264560487,53040,0,2,1,1,0,3.47913793681461,0.9965229894691016,0.9965229894691016,15,0.115971264560487,1,0
53100,0.1816462515035273,1.786046110541315e-10,3.47913928583039,0.0001227,3.47913928583039,0.9965232143050651,15,1.227e-06,0.001513718762529394,996.4197352982626,-0.1159713095276797,53100,0,2,1,1,0,3.47913928583039,0.9965232143050651,0.9965232143050651,15,0.1159713095276797,1,0
53160,0.1816462762823014,1.258927289943691e-10,3.479140101458243,0.0001227,3.479140101458243,0.9965233502430405,15,1.227e-06,0.001513718969019179,996.4198712221223,-0.1159713367152748,53160,0,2,1,1,0,3.479140101458243,0.9965233502430405,0.9965233502430405,15,0.1159713367152748,1,0
53220,0.1816462989991793,7.756710871482594e-11,3.479140849215908,0.0001227,3.479140849215908,0.996523474869318,15,1.227e-06,0.001513719158326494,996.4199958354585,-0.1159713616405303,53220,0,2,1,1,0,3.479140849215908,0.996523474869318,0.996523474869318,15,0.1159713616405303,1,0
53280,0.1816463189909106,3.503868565733412e-11,3.47914150727158,0.0001227,3.47914150727158,0.9965235845452632,15,1.227e-06,0.001513719324924255,996.420105500015,-0.1159713835757193,53280,0,2,1,1,0,3.47914150727158,0.9965235845452632,0.9965235845452632,15,0.1159713835757193,1,0
53340,0.18164633542418,8.017536829753313e-14,3.479142048195524,0.0001227,3.479142048195524,0.996523674699254,15,1.227e-06,0.001513719461868167,996.4201956446442,-0.1159714016065174,53340,0,2,1,1,0,3.479142048195524,0.996523674699254,0.996523674699254,15,0.1159714016065174,1,0
53400,0.1816463472956078,-2.517392782945549e-11,3.4791424389601,0.0001227,3.4791424389601,0.9965237398266833,15,1.227e-06,0.001513719560796732,996.4202607653107,-0.1159714146320033,53400,0,2,1,1,0,3.4791424389601,0.9965237398266833,0.9965237398266833,15,0.1159714146320033,1,0
53460,0.1816463534317493,-3.822735018615096e-11,3.479142640939739,0.0001227,3.479142640939739,0.9965237734899566,15,1.227e-06,0.001513719611931244,996.4202944250883,-0.115971421364658,53460,0,2,1,1,0,3.479142640939739,0.9965237734899566,0.9965237734899566,15,0.115971421364658,1,0
53520,0.1816463565186135,-4.47940411163212e-11,3.479142742548174,0.0001227,3.479142742548174,0.9965237904246956,15,1.227e-06,0.001513719637655113,996.4203113580689,-0.1159714247516058,53520,0,2,1,1,0,3.479142742548174,0.9965237904246956,0.9965237904246956,15,0.1159714247516058,1,0
53580,0.1816463643427699,-6.143838142771453e-11,3.479143000091175,0.0001227,3.479143000091175,0.9965238333485291,15,1.227e-06,0.001513719702856416,996.4203542774451,-0.1159714333363725,53580,0,2,1,1,0,3.479143000091175,0.9965238333485291,0.9965238333485291,15,0.1159714333363725,1,0
53640,0.1816463703121924,-7.413714412339567e-11,3.479143196583027,0.0001227,3.479143196583027,0.9965238660971711,15,1.227e-06,0.001513719752601603,996.4203870226866,-0.1159714398861009,53640,0,2,1,1,0,3.479143196583027,0.9965238660971711,0.9965238660971711,15,0.1159714398861009,1,0
53700,0.1816463743585227,-8.274490990935364e-11,3.479143329773623,0.0001227,3.479143329773623,0.9965238882956038,15,1.227e-06,0.001513719786321022,996.4204092188141,-0.1159714443257874,53700,0,2,1,1,0,3.479143329773623,0.9965238882956038,0.9965238882956038,15,0.1159714443257874,1,0
53760,0.1816463763921343,-8.70710158162348e-11,3.479143396712782,0.0001227,3.479143396712782,0.9965238994521304,15,1.227e-06,0.001513719803267786,996.4204203741822,-0.1159714465570927,53760,0,2,1,1,0,3.479143396712782,0.9965238994521304,0.9965238994521304,15,0.1159714465570927,1,0
53820,0.1816463763021331,-8.687955595828439e-11,3.479143393750265,0.0001227,3.479143393750265,0.9965238989583776,15,1.227e-06,0.001513719802517775,996.4204198804807,-0.1159714464583422,53820,0,2,1,1,0,3.479143393750265,0.9965238989583776,0.9965238989583776,15,0.1159714464583422,1,0
53880,0.1816463739563565,-8.188938120808585e-11,3.479143316535765,0.0001227,3.479143316535765,0.9965238860892942,15,1.227e-06,0.001513719782969638,996.4204070127337,-0.1159714438845255,53880,0,2,1,1,0,3.479143316535765,0.9965238860892942,0.9965238860892942,15,0.1159714438845255,1,0
53940,0.1816463712649811,-7.616401327442852e-11,3.479143227945394,0.0001227,3.479143227945394,0.9965238713242324,15,1.227e-06,0.001513719760541509,996.420392249205,-0.1159714409315131,53940,0,2,1,1,0,3.479143227945394,0.9965238713242324,0.9965238713242324,15,0.1159714409315131,1,0
54000,0.1816463692692994,-7.191859615978367e-11,3.479143162254754,0.0001227,3.479143162254754,0.9965238603757923,15,1.227e-06,0.001513719743910829,996.4203813019019,-0.1159714387418251,54000,0,2,1,1,0,3.479143162254754,0.9965238603757923,0.9965238603757923,15,0.1159714387418251,1,0
54000.00001080056,0.181646369269299,-7.191859529242194e-11,3.479143162254741,0.0001227,3.479143162254741,0.9965238603757901,15,1.227e-06,0.001513719743910825,996.4203813018996,-0.1159714387418247,54000.00001080056,0,2,1,1,0,3.479143162254741,0.9965238603757901,0.9965238603757901,15,0.1159714387418247,1,0
54000.00001080056,0.181646369269299,-4.09000719185953e-05,3.479143162254741,8.18e-05,3.479143162254741,0.9965238603757901,10,8.179999999999999e-07,0.001513719743910825,996.4203813018996,-0.1159714387418247,54000.00001080056,0,2,1,1,0,3.479143162254741,0.9965238603757901,0.9965238603757901,10,0.1159714387418247,1,0
54060,0.1793410036107204,-3.604445825486042e-05,3.403258841695865,8.18e-05,3.403258841695865,0.9838764736159775,10,8.179999999999999e-07,0.00149450836342267,983.7743078471881,-0.1134419613898622,54060,0,2,1,1,0,3.403258841695865,0.9838764736159775,0.9838764736159775,10,0.1134419613898622,1,0
54120,0.177307127628042,-3.184135759221293e-05,3.336310981831535,8.18e-05,3.336310981831535,0.9727184969719226,10,8.179999999999999e-07,0.00147755939690035,972.6174898478334,-0.1112103660610512,54120,0,2,1,1,0,3.336310981831535,0.9727184969719226,0.9727184969719226,10,0.1112103660610512,1,0
54180,0.1755089000315561,-2.818824284584578e-05,3.277119816706917,8.18e-05,3.277119816706917,0.9628533027844862,10,8.179999999999999e-07,0.001462574166929635,962.7533200625202,-0.1092373272235639,54180,0,2,1,1,0,3.277119816706917,0.9628533027844862,0.9628533027844862,10,0.1092373272235639,1,0
54240,0.1739150401047273,-2.499973690282306e-05,3.224655697983123,8.18e-05,3.224655697983123,0.9541092829971872,10,8.179999999999999e-07,0.001449292000872727,954.0102082545537,-0.1074885232661041,54240,0,2,1,1,0,3.224655697983123,0.9541092829971872,0.9541092829971872,10,0.1074885232661041,1,0
54300,0.1725001128882763,-2.220811022804647e-05,3.178081398560774,8.18e-05,3.178081398560774,0.9463468997601291,10,8.179999999999999e-07,0.001437500940735636,946.2486310636532,-0.1059360466186925,54300,0,2,1,1,0,3.178081398560774,0.9463468997601291,0.9463468997601291,10,0.1059360466186925,1,0
54360,0.1712424956439649,-1.975758483669479e-05,3.136685175904047,8.18e-05,3.136685175904047,0.9394475293173411,10,8.179999999999999e-07,0.001427020797033041,939.3499770517428,-0.1045561725301349,54360,0,2,1,1,0,3.136685175904047,0.9394475293173411,0.9394475293173411,10,0.1045561725301349,1,0
54420,0.1701230207613117,-1.76005677969835e-05,3.099836101425664,8.18e-05,3.099836101425664,0.9333060169042773,10,8.179999999999999e-07,0.001417691839677597,933.2091023735512,-0.1033278700475221,54420,0,2,1,1,0,3.099836101425664,0.9333060169042773,0.9333060169042773,10,0.1033278700475221,1,0
54480,0.1691252034215944,-1.569727899037312e-05,3.06699155436453,8.18e-05,3.06699155436453,0.9278319257274217,10,8.179999999999999e-07,0.001409376695179953,927.7355796265224,-0.102233051812151,54480,0,2,1,1,0,3.06699155436453,0.9278319257274217,0.9278319257274217,10,0.102233051812151,1,0
54540,0.1682347481894973,-1.401415225108607e-05,3.037680980562782,8.18e-05,3.037680980562782,0.9229468300937971,10,8.179999999999999e-07,0.001401956234912478,922.850991261406,-0.1012560326854261,54540,0,2,1,1,0,3.037680980562782,0.9229468300937971,0.9229468300937971,10,0.1012560326854261,1,0
54600,0.1674392237339871,-1.252272594702767e-05,3.011495185450531,8.18e-05,3.011495185450531,0.9185825309084218,10,8.179999999999999e-07,0.001395326864449893,918.4871452650168,-0.100383172848351,54600,0,2,1,1,0,3.011495185450531,0.9185825309084218,0.9185825309084218,10,0.100383172848351,1,0
54660,0.1667279409929426,-1.119903320965994e-05,2.988082323664997,8.18e-05,2.988082323664997,0.9146803872774996,10,8.179999999999999e-07,0.001389399508274522,914.585406832831,-0.09960274412216658,54660,0,2,1,1,0,2.988082323664997,0.9146803872774996,0.9146803872774996,10,0.09960274412216658,1,0
54720,0.1660915719645694,-1.002259587486442e-05,2.96713535103915,8.18e-05,2.96713535103915,0.9111892251731917,10,8.179999999999999e-07,0.001384096433038078,911.094607250923,-0.098904511701305,54720,0,2,1,1,0,2.96713535103915,0.9111892251731917,0.9111892251731917,10,0.098904511701305,1,0
54780,0.1655218253843672,-8.975604759267107e-06,2.948381349057512,8.18e-05,2.948381349057512,0.9080635581762521,10,8.179999999999999e-07,0.001379348544869727,907.969264823358,-0.09827937830191708,54780,0,2,1,1,0,2.948381349057512,0.9080635581762521,0.9080635581762521,10,0.09827937830191708,1,0
54840,0.1650114248999945,-8.042711461676507e-06,2.931580806451431,8.18e-05,2.931580806451431,0.9052634677419051,10,8.179999999999999e-07,0.001375095207499954,905.1694651505036,-0.09771936021504769,54840,0,2,1,1,0,2.931580806451431,0.9052634677419051,0.9052634677419051,10,0.09771936021504769,1,0
54900,0.164554013314069,-7.210717234444437e-06,2.916524467217546,8.18e-05,2.916524467217546,0.9027540778695911,10,8.179999999999999e-07,0.001371283444283909,902.660335853325,-0.09721748224058488,54900,0,2,1,1,0,2.916524467217546,0.9027540778695911,0.9027540778695911,10,0.09721748224058488,1,0
54960,0.1641438575067138,-6.467930982118333e-06,2.903023617732515,8.18e-05,2.903023617732515,0.9005039362887526,10,8.179999999999999e-07,0.001367865479222615,900.4104279272702,-0.09676745392441718,54960,0,2,1,1,0,2.903023617732515,0.9005039362887526,0.9005039362887526,10,0.09676745392441718,1,0
55020,0.163775946573733,-5.804266983114016e-06,2.890913317107736,8.18e-05,2.890913317107736,0.8984855528512894,10,8.179999999999999e-07,0.001364799554781109,898.3922540788164,-0.09636377723692455,55020,0,2,1,1,0,2.890913317107736,0.8984855528512894,0.8984855528512894,10,0.09636377723692455,1,0
55080,0.1634457955166627,-5.210824194929142e-06,2.880045935374021,8.18e-05,2.880045935374021,0.8966743225623368,10,8.179999999999999e-07,0.001362048295972189,896.581211868083,-0.09600153117913403,55080,0,2,1,1,0,2.880045935374021,0.8966743225623368,0.8966743225623368,10,0.09600153117913403,1,0
55140,0.1631493660707592,-4.67969389586568e-06,2.870288547424595,8.18e-05,2.870288547424595,0.8950480912374326,10,8.179999999999999e-07,0.00135957805058966,894.9551494110987,-0.09567628491415318,55140,0,2,1,1,0,2.870288547424595,0.8950480912374326,0.8950480912374326,10,0.09567628491415318,1,0
55200,0.1628831797318554,-4.204121301191519e-06,2.861526653451462,8.18e-05,2.861526653451462,0.8935877755752437,10,8.179999999999999e-07,0.001357359831098795,893.4949853881411,-0.09538422178171541,55200,0,2,1,1,0,2.861526653451462,0.8935877755752437,0.8935877755752437,10,0.09538422178171541,1,0
55260,0.1626439930013479,-3.777891866765608e-06,2.853653489181958,8.18e-05,2.853653489181958,0.8922755815303264,10,8.179999999999999e-07,0.001355366608344566,892.1829276015012,-0.09512178297273195,55260,0,2,1,1,0,2.853653489181958,0.8922755815303264,0.8922755815303264,10,0.09512178297273195,1,0
55320,0.1624289932827314,-3.39565641088137e-06,2.846576474085959,8.18e-05,2.846576474085959,0.8910960790143264,10,8.179999999999999e-07,0.001353574944022762,891.0035475650855,-0.09488588246953196,55320,0,2,1,1,0,2.846576474085959,0.8910960790143264,0.8910960790143264,10,0.09488588246953196,1,0
55380,0.1622357824142552,-3.052879230320966e-06,2.840216669330323,8.18e-05,2.840216669330323,0.8900361115550538,10,8.179999999999999e-07,0.001351964853452127,889.9436901728723,-0.09467388897767742,55380,0,2,1,1,0,2.840216669330323,0.8900361115550538,0.8900361115550538,10,0.09467388897767742,1,0
55440,0.1620619697089489,-2.745099800539796e-06,2.834495382124716,8.18e-05,2.834495382124716,0.8890825636874528,10,8.179999999999999e-07,0.001350516414241241,888.9902413217164,-0.09448317940415721,55440,0,2,1,1,0,2.834495382124716,0.8890825636874528,0.8890825636874528,10,0.09448317940415721,1,0
55500,0.1619056929299683,-2.468843838414377e-06,2.829351314350503,8.18e-05,2.829351314350503,0.8882252190584171,10,8.179999999999999e-07,0.001349214107749736,888.1329857193783,-0.0943117104783501,55500,0,2,1,1,0,2.829351314350503,0.8882252190584171,0.8882252190584171,10,0.0943117104783501,1,0
55560,0.1617652107551177,-2.220889737981929e-06,2.824727147963059,8.18e-05,2.824727147963059,0.8874545246605099,10,8.179999999999999e-07,0.001348043422959314,887.3623713504053,-0.09415757159876864,55560,0,2,1,1,0,2.824727147963059,0.8874545246605099,0.8874545246605099,10,0.09415757159876864,1,0
55620,0.1616386859245026,-1.997879547386137e-06,2.82056240699482,8.18e-05,2.82056240699482,0.8867604011658033,10,8.179999999999999e-07,0.001346989049370855,886.6683199335077,-0.09401874689982732,55620,0,2,1,1,0,2.82056240699482,0.8867604011658033,0.8867604011658033,10,0.09401874689982732,1,0
55680,0.1615248698639326,-1.797519701881624e-06,2.81681599288784,8.18e-05,2.81681599288784,0.8861359988146401,10,8.179999999999999e-07,0.001346040582199438,886.0439824203074,-0.09389386642959469,55680,0,2,1,1,0,2.81681599288784,0.8861359988146401,0.8861359988146401,10,0.09389386642959469,1,0
55740,0.1614224522288729,-1.617427941593303e-06,2.813444773827285,8.18e-05,2.813444773827285,0.8855741289712142,10,8.179999999999999e-07,0.001345187101907274,885.4821709214664,-0.09378149246090951,55740,0,2,1,1,0,2.813444773827285,0.8855741289712142,0.8855741289712142,10,0.09378149246090951,1,0
55800,0.1613302848341461,-1.455524245143639e-06,2.810410955699345,8.18e-05,2.810410955699345,0.8850684926165575,10,8.179999999999999e-07,0.001344419040284551,884.9765870721071,-0.09368036518997817,55800,0,2,1,1,0,2.810410955699345,0.8850684926165575,0.8850684926165575,10,0.09368036518997817,1,0
55860,0.1612473601069492,-1.309989222157825e-06,2.807681372842305,8.18e-05,2.807681372842305,0.8846135621403842,10,8.179999999999999e-07,0.001343728000891244,884.5217038359311,-0.09358937909474351,55860,0,2,1,1,0,2.807681372842305,0.8846135621403842,0.8846135621403842,10,0.09358937909474351,1,0
55920,0.161172713669166,-1.179090355726871e-06,2.805224281407702,8.18e-05,2.805224281407702,0.8842040469012837,10,8.179999999999999e-07,0.00134310594724305,884.1122311209078,-0.09350747604692342,55920,0,2,1,1,0,2.805224281407702,0.8842040469012837,0.8842040469012837,10,0.09350747604692342,1,0
55980,0.1611054926866129,-1.06129985163214e-06,2.803011609170933,8.18e-05,2.803011609170933,0.8838352681951556,10,8.179999999999999e-07,0.001342545772388441,883.7434907087739,-0.09343372030569778,55980,0,2,1,1,0,2.803011609170933,0.8838352681951556,0.8838352681951556,10,0.09343372030569778,1,0
56040,0.1610449404935397,-9.552657279521818e-07,2.801018449425269,8.18e-05,2.801018449425269,0.8835030749042115,10,8.179999999999999e-07,0.001342041170779497,883.4113319127933,-0.09336728164750899,56040,0,2,1,1,0,2.801018449425269,0.8835030749042115,0.8835030749042115,10,0.09336728164750899,1,0
56100,0.160990427082258,-8.598635859129986e-07,2.799224064590454,8.18e-05,2.799224064590454,0.8832040107650756,10,8.179999999999999e-07,0.00134158689235215,883.1122988284884,-0.09330746881968179,56100,0,2,1,1,0,2.799224064590454,0.8832040107650756,0.8832040107650756,10,0.09330746881968179,1,0
56160,0.1609413910975853,-7.740937365952576e-07,2.797609976879042,8.18e-05,2.797609976879042,0.8829349961465071,10,8.179999999999999e-07,0.001341178259146544,882.8433121444077,-0.09325366589596806,56160,0,2,1,1,0,2.797609976879042,0.8829349961465071,0.8829349961465071,10,0.09325366589596806,1,0
56220,0.1608972349655056,-6.968969631085322e-07,2.796156516310256,8.18e-05,2.796156516310256,0.882692752718376,10,8.179999999999999e-07,0.001340810291379213,882.6010938708431,-0.09320521721034186,56220,0,2,1,1,0,2.796156516310256,0.882692752718376,0.882692752718376,10,0.09320521721034186,1,0
56280,0.1608575126019789,-6.274820719853367e-07,2.794848999406811,8.18e-05,2.794848999406811,0.8824748332344685,10,8.179999999999999e-07,0.001340479271683158,882.3831970157026,-0.09316163331356037,56280,0,2,1,1,0,2.794848999406811,0.8824748332344685,0.8824748332344685,10,0.09316163331356037,1,0
56340,0.1608218021047634,-5.651025534893201e-07,2.793673538668973,8.18e-05,2.793673538668973,0.8822789231114956,10,8.179999999999999e-07,0.001340181684206362,882.187307236044,-0.09312245128896578,56340,0,2,1,1,0,2.793673538668973,0.8822789231114956,0.8822789231114956,10,0.09312245128896578,1,0
56400,0.160789638229811,-5.089382777445785e-07,2.792614819941113,8.18e-05,2.792614819941113,0.8821024699901855,10,8.179999999999999e-07,0.001339913651915092,882.0108724376324,-0.09308716066470375,56400,0,2,1,1,0,2.792614819941113,0.8821024699901855,0.8821024699901855,10,0.09308716066470375,1,0
56460,0.1607607114878061,-4.584428129578117e-07,2.791662655951485,8.18e-05,2.791662655951485,0.8819437759919141,10,8.179999999999999e-07,0.001339672595731718,881.8521949181517,-0.09305542186504949,56460,0,2,1,1,0,2.791662655951485,0.8819437759919141,0.8819437759919141,10,0.09305542186504949,1,0
56520,0.1607346505764752,-4.129631385259736e-07,2.790804824768768,8.18e-05,2.790804824768768,0.8818008041281279,10,8.179999999999999e-07,0.001339455421470626,881.709237900569,-0.09302682749229226,56520,0,2,1,1,0,2.790804824768768,0.8818008041281279,0.8818008041281279,10,0.09302682749229226,1,0
56580,0.1607111735878068,-3.720033785075322e-07,2.790032046998248,8.18e-05,2.790032046998248,0.8816720078330413,10,8.179999999999999e-07,0.00133925977989839,881.5804549796944,-0.09300106823327493,56580,0,2,1,1,0,2.790032046998248,0.8816720078330413,0.8816720078330413,10,0.09300106823327493,1,0
56640,0.1606900196014461,-3.351051395090131e-07,2.78933573408315,8.18e-05,2.78933573408315,0.881555955680525,10,8.179999999999999e-07,0.001339083496678717,881.4644148780378,-0.09297785780277167,56640,0,2,1,1,0,2.78933573408315,0.881555955680525,0.881555955680525,10,0.09297785780277167,1,0
56700,0.1606709462663119,-3.018431310684031e-07,2.788707908700193,8.18e-05,2.788707908700193,0.8814513181166989,10,8.179999999999999e-07,0.001338924552219266,881.3597881797801,-0.09295693029000643,56700,0,2,1,1,0,2.788707908700193,0.8814513181166989,0.8814513181166989,10,0.09295693029000643,1,0
56760,0.1606537625066721,-2.718820519127493e-07,2.788142281325611,8.18e-05,2.788142281325611,0.8813570468876019,10,8.179999999999999e-07,0.001338781354222267,881.265526739811,-0.09293807604418705,56760,0,2,1,1,0,2.788142281325611,0.8813570468876019,0.8813570468876019,10,0.09293807604418705,1,0
56820,0.1606382649316317,-2.448655837750726e-07,2.7876321570649,8.18e-05,2.7876321570649,0.8812720261774833,10,8.179999999999999e-07,0.001338652207763597,881.1805148582461,-0.09292107190216334,56820,0,2,1,1,0,2.7876321570649,0.8812720261774833,0.8812720261774833,10,0.09292107190216334,1,0
56880,0.1606243087482889,-2.205399371082967e-07,2.787172769858093,8.18e-05,2.787172769858093,0.8811954616430155,10,8.179999999999999e-07,0.001338535906235741,881.1039582742424,-0.09290575899526977,56880,0,2,1,1,0,2.787172769858093,0.8811954616430155,0.8811954616430155,10,0.09290575899526977,1,0
56940,0.1606117494847266,-1.986521684295986e-07,2.786759364210884,8.18e-05,2.786759364210884,0.8811265607018139,10,8.179999999999999e-07,0.001338431245706055,881.0350644877169,-0.09289197880702946,56940,0,2,1,1,0,2.786759364210884,0.8811265607018139,0.8811265607018139,10,0.09289197880702946,1,0
57000,0.160600433272016,-1.789332080931011e-07,2.786386875313233,8.18e-05,2.786386875313233,0.8810644792188721,10,8.179999999999999e-07,0.001338336943933467,880.9729894513185,-0.09287956251044109,57000,0,2,1,1,0,2.786386875313233,0.8810644792188721,0.8810644792188721,10,0.09287956251044109,1,0
57060,0.1605902419108557,-1.61176351441331e-07,2.786051412470564,8.18e-05,2.786051412470564,0.881008568745094,10,8.179999999999999e-07,0.001338252015923798,880.9170847832861,-0.09286838041568546,57060,0,2,1,1,0,2.786051412470564,0.881008568745094,0.881008568745094,10,0.09286838041568546,1,0
57120,0.1605810690002083,-1.451956100180442e-07,2.78574947334458,8.18e-05,2.78574947334458,0.88095824555743,10,8.179999999999999e-07,0.001338175575001736,880.8667668211838,-0.09285831577815265,57120,0,2,1,1,0,2.78574947334458,0.88095824555743,0.88095824555743,10,0.09285831577815265,1,0
57180,0.1605728042263353,-1.307983121746399e-07,2.78547742680498,8.18e-05,2.78547742680498,0.8809129044674967,10,8.179999999999999e-07,0.001338106701886127,880.8214304394709,-0.09284924756016599,57180,0,2,1,1,0,2.78547742680498,0.8809129044674967,0.8809129044674967,10,0.09284924756016599,1,0
57240,0.1605653544356848,-1.178217916194537e-07,2.785232206572903,8.18e-05,2.785232206572903,0.8808720344288172,10,8.179999999999999e-07,0.001338044620297373,880.7805646447378,-0.09284107355243011,57240,0,2,1,1,0,2.785232206572903,0.8808720344288172,0.8808720344288172,10,0.09284107355243011,1,0
57300,0.1605586431568372,-1.061325270126001e-07,2.785011295485095,8.18e-05,2.785011295485095,0.8808352159141826,10,8.179999999999999e-07,0.001337988692973643,880.7437499533389,-0.09283370984950318,57300,0,2,1,1,0,2.785011295485095,0.8808352159141826,0.8808352159141826,10,0.09283370984950318,1,0
57360,0.1605525902317404,-9.559064614854558e-08,2.784812055027664,8.18e-05,2.784812055027664,0.8808020091712774,10,8.179999999999999e-07,0.00133793825193117,880.7105466586231,-0.09282706850092214,57360,0,2,1,1,0,2.784812055027664,0.8808020091712774,0.8808020091712774,10,0.09282706850092214,1,0
57420,0.1605471356734253,-8.609146531878399e-08,2.784632510645993,8.18e-05,2.784632510645993,0.8807720851076656,10,8.179999999999999e-07,0.001337892797278544,880.6806257023272,-0.09282108368819977,57420,0,2,1,1,0,2.784632510645993,0.8807720851076656,0.8807720851076656,10,0.09282108368819977,1,0
57480,0.1605422220198391,-7.753474259057311e-08,2.784470770896613,8.18e-05,2.784470770896613,0.8807451284827688,10,8.179999999999999e-07,0.001337851850165326,880.6536718766072,-0.09281569236322042,57480,0,2,1,1,0,2.784470770896613,0.8807451284827688,0.8807451284827688,10,0.09281569236322042,1,0
57540,0.1605377977665819,-6.98306479436189e-08,2.784325140440486,8.18e-05,2.784325140440486,0.8807208567400809,10,8.179999999999999e-07,0.001337814981388183,880.629402654298,-0.09281083801468286,57540,0,2,1,1,0,2.784325140440486,0.8807208567400809,0.8807208567400809,10,0.09281083801468286,1,0
57600,0.1605338146417365,-6.289501059555751e-08,2.784194030340242,8.18e-05,2.784194030340242,0.880699005056707,10,8.179999999999999e-07,0.001337781788681138,880.6075532400038,-0.09280646767800806,57600,0,2,1,1,0,2.784194030340242,0.880699005056707,0.880699005056707,10,0.09280646767800806,1,0
57660,0.1605302323480298,-5.665757040363307e-08,2.784076114155029,8.18e-05,2.784076114155029,0.8806793523591715,10,8.179999999999999e-07,0.001337751936233581,880.5879025832051,-0.09280253713850098,57660,0,2,1,1,0,2.784076114155029,0.8806793523591715,0.8806793523591715,10,0.09280253713850098,1,0
57720,0.1605270088819183,-5.104511644146996e-08,2.783970009279735,8.18e-05,2.783970009279735,0.8806616682132892,10,8.179999999999999e-07,0.001337725074015986,880.5702202736451,-0.0927990003093245,57720,0,2,1,1,0,2.783970009279735,0.8806616682132892,0.8806616682132892,10,0.0927990003093245,1,0
57780,0.1605241062351942,-4.599141137770675e-08,2.783874464621271,8.18e-05,2.783874464621271,0.8806457441035452,10,8.179999999999999e-07,0.001337700885293285,880.5542978174612,-0.0927958154873757,57780,0,2,1,1,0,2.783874464621271,0.8806457441035452,0.8806457441035452,10,0.0927958154873757,1,0
57840,0.1605214941502018,-4.144372573150045e-08,2.783788484206773,8.18e-05,2.783788484206773,0.8806314140344622,10,8.179999999999999e-07,0.001337679117918348,880.5399692364132,-0.09279294947355911,57840,0,2,1,1,0,2.783788484206773,0.8806314140344622,0.8806314140344622,10,0.09279294947355911,1,0
57900,0.1605191487511359,-3.73604512600667e-08,2.783711282130873,8.18e-05,2.783711282130873,0.8806185470218122,10,8.179999999999999e-07,0.001337659572926133,880.5271035598741,-0.09279037607102911,57900,0,2,1,1,0,2.783711282130873,0.8806185470218122,0.8806185470218122,10,0.09279037607102911,1,0
57960,0.16051704409454,-3.369638836180273e-08,2.78364200442857,8.18e-05,2.78364200442857,0.8806070007380951,10,8.179999999999999e-07,0.001337642034121166,880.5155584751236,-0.09278806681428568,57960,0,2,1,1,0,2.78364200442857,0.8806070007380951,0.8806070007380951,10,0.09278806681428568,1,0
58020,0.1605151597682699,-3.04159741883474e-08,2.783579979205722,8.18e-05,2.783579979205722,0.8805966632009538,10,8.179999999999999e-07,0.001337626331402249,880.5052220114325,-0.09278599930685741,58020,0,2,1,1,0,2.783579979205722,0.8805966632009538,0.8805966632009538,10,0.09278599930685741,1,0
58080,0.1605134787072023,-2.748947819117904e-08,2.783524644740035,8.18e-05,2.783524644740035,0.8805874407900058,10,8.179999999999999e-07,0.001337612322560019,880.4960005581401,-0.09278415482466783,58080,0,2,1,1,0,2.783524644740035,0.8805874407900058,0.8805874407900058,10,0.09278415482466783,1,0
58140,0.1605119600933023,-2.484582478809677e-08,2.783474657449057,8.18e-05,2.783474657449057,0.8805791095748428,10,8.179999999999999e-07,0.001337599667444186,880.4876702080907,-0.09278248858163522,58140,0,2,1,1,0,2.783474657449057,0.8805791095748428,0.8805791095748428,10,0.09278248858163522,1,0
58200,0.1605105799010634,-2.244317698171956e-08,2.783429226499782,8.18e-05,2.783429226499782,0.8805715377499637,10,8.179999999999999e-07,0.001337588165842195,880.4800991694702,-0.0927809742166594,58200,0,2,1,1,0,2.783429226499782,0.8805715377499637,0.8805715377499637,10,0.0927809742166594,1,0
58260,0.1605093270897982,-2.026230498064995e-08,2.78338798847262,8.18e-05,2.78338798847262,0.8805646647454366,10,8.179999999999999e-07,0.001337577725748318,880.4732268786362,-0.09277959961575398,58260,0,2,1,1,0,2.78338798847262,0.8805646647454366,0.8805646647454366,10,0.09277959961575398,1,0
58320,0.1605081843047885,-1.827298979792077e-08,2.783350372112855,8.18e-05,2.783350372112855,0.8805583953521425,10,8.179999999999999e-07,0.001337568202539904,880.4669581363561,-0.09277834573709517,58320,0,2,1,1,0,2.783350372112855,0.8805583953521425,0.8805583953521425,10,0.09277834573709517,1,0
58380,0.1605071358934488,-1.64479775917705e-08,2.783315862193839,8.18e-05,2.783315862193839,0.8805526436989732,10,8.179999999999999e-07,0.00133755946577874,880.4612070804387,-0.09277719540646132,58380,0,2,1,1,0,2.783315862193839,0.8805526436989732,0.8805526436989732,10,0.09277719540646132,1,0
58440,0.1605061849691642,-1.479268244608035e-08,2.78328456119698,8.18e-05,2.78328456119698,0.8805474268661633,10,8.179999999999999e-07,0.001337551541409702,880.4559907893448,-0.09277615203989932,58440,0,2,1,1,0,2.78328456119698,0.8805474268661633,0.8805474268661633,10,0.09277615203989932,1,0
58500,0.1605053237704928,-1.329358894901103e-08,2.78325621364361,8.18e-05,2.78325621364361,0.8805427022739349,10,8.179999999999999e-07,0.001337544364754107,880.4512666877183,-0.09277520712145365,58500,0,2,1,1,0,2.78325621364361,0.8805427022739349,0.8805427022739349,10,0.09277520712145365,1,0
58560,0.1605045431746307,-1.19348129452027e-08,2.783230519243935,8.18e-05,2.783230519243935,0.8805384198739892,10,8.179999999999999e-07,0.001337537859788589,880.4469847324571,-0.0927743506414645,58560,0,2,1,1,0,2.783230519243935,0.8805384198739892,0.8805384198739892,10,0.0927743506414645,1,0
58620,0.1605038406659146,-1.071197204136271e-08,2.783207395191397,8.18e-05,2.783207395191397,0.8805345658652328,10,8.179999999999999e-07,0.001337532005549289,880.4431311239013,-0.09277357983971322,58620,0,2,1,1,0,2.783207395191397,0.8805345658652328,0.8805345658652328,10,0.09277357983971322,1,0
58680,0.1605032161302411,-9.624864612763399e-09,2.783186837730121,8.18e-05,2.783186837730121,0.8805311396216869,10,8.179999999999999e-07,0.001337526801085342,880.4397052361365,-0.09277289459100405,58680,0,2,1,1,0,2.783186837730121,0.8805311396216869,0.8805311396216869,10,0.09277289459100405,1,0
58740,0.1605026410640723,-8.623873330428295e-09,2.783167908626474,8.18e-05,2.783167908626474,0.880527984771079,10,8.179999999999999e-07,0.001337522008867269,880.4365507131284,-0.09277226362088246,58740,0,2,1,1,0,2.783167908626474,0.880527984771079,0.880527984771079,10,0.09277226362088246,1,0
58800,0.1605021167486485,-7.711226810900012e-09,2.783150650054265,8.18e-05,2.783150650054265,0.8805251083423774,10,8.179999999999999e-07,0.001337517639572071,880.4336745831152,-0.09277168833514216,58800,0,2,1,1,0,2.783150650054265,0.8805251083423774,0.8805251083423774,10,0.09277168833514216,1,0
58860,0.1605016476764758,-6.894743387832647e-09,2.783135209890581,8.18e-05,2.783135209890581,0.8805225349817635,10,8.179999999999999e-07,0.001337513730637299,880.4311014897193,-0.09277117366301937,58860,0,2,1,1,0,2.783135209890581,0.8805225349817635,0.8805225349817635,10,0.09277117366301937,1,0
58920,0.1605012337869234,-6.174316104166889e-09,2.783121586139676,8.18e-05,2.783121586139676,0.8805202643566127,10,8.179999999999999e-07,0.001337510281557695,880.4288311003502,-0.0927707195379892,58920,0,2,1,1,0,2.783121586139676,0.8805202643566127,0.8805202643566127,10,0.0927707195379892,1,0
58980,0.1605008764374755,-5.552306566770915e-09,2.783109823485038,8.18e-05,2.783109823485038,0.880518303914173,10,8.179999999999999e-07,0.001337507303645629,880.4268708614829,-0.09277032744950127,58980,0,2,1,1,0,2.783109823485038,0.880518303914173,0.880518303914173,10,0.09277032744950127,1,0
59040,0.1605005469898201,-4.97886551184914e-09,2.783098979256753,8.18e-05,2.783098979256753,0.8805164965427922,10,8.179999999999999e-07,0.001337504558248501,880.4250636777796,-0.09276996597522509,59040,0,2,1,1,0,2.783098979256753,0.8805164965427922,0.8805164965427922,10,0.09276996597522509,1,0
59100,0.1605002493915398,-4.460863616998845e-09,2.783089183394991,8.18e-05,2.783089183394991,0.8805148638991651,10,8.179999999999999e-07,0.001337502078262832,880.4234312036863,-0.09276963944649969,59100,0,2,1,1,0,2.783089183394991,0.8805148638991651,0.8805148638991651,10,0.09276963944649969,1,0
59160,0.1604999856137863,-4.001731349596665e-09,2.783080500782958,8.18e-05,2.783080500782958,0.8805134167971597,10,8.179999999999999e-07,0.001337499880114886,880.4219842519481,-0.09276935002609861,59160,0,2,1,1,0,2.783080500782958,0.8805134167971597,0.8805134167971597,10,0.09276935002609861,1,0
59220,0.1604997535826708,-3.597858417686258e-09,2.78307286315572,8.18e-05,2.78307286315572,0.8805121438592867,10,8.179999999999999e-07,0.001337497946522256,880.420711446257,-0.092769095438524,59220,0,2,1,1,0,2.78307286315572,0.8805121438592867,0.8805121438592867,10,0.092769095438524,1,0
59280,0.1604995517096498,-3.246479410388275e-09,2.783066218224154,8.18e-05,2.783066218224154,0.8805110363706923,10,8.179999999999999e-07,0.001337496264247082,880.4196040726642,-0.09276887394080512,59280,0,2,1,1,0,2.783066218224154,0.8805110363706923,0.8805110363706923,10,0.09276887394080512,1,0
59340,0.1604993708337931,-2.931648578302463e-09,2.783060264443487,8.18e-05,2.783060264443487,0.8805100440739144,10,8.179999999999999e-07,0.001337494756948276,880.4186118789265,-0.09276867548144956,59340,0,2,1,1,0,2.783060264443487,0.8805100440739144,0.8805100440739144,10,0.09276867548144956,1,0
59400,0.1604992093670223,-2.65060152580994e-09,2.783054949539906,8.18e-05,2.783054949539906,0.880509158256651,10,8.179999999999999e-07,0.001337493411391853,880.4177261536463,-0.09276849831799687,59400,0,2,1,1,0,2.783054949539906,0.880509158256651,0.880509158256651,10,0.09276849831799687,1,0
59460,0.1604990646727324,-2.39874884992925e-09,2.783050186725887,8.18e-05,2.783050186725887,0.8805083644543145,10,8.179999999999999e-07,0.001337492205606104,880.4169324337382,-0.09276833955752956,59460,0,2,1,1,0,2.783050186725887,0.8805083644543145,0.8805083644543145,10,0.09276833955752956,1,0
59520,0.1604989333757978,-2.17021573779006e-09,2.78304586490447,8.18e-05,2.78304586490447,0.880507644150745,10,8.179999999999999e-07,0.001337491111464982,880.4162122049652,-0.09276819549681567,59520,0,2,1,1,0,2.78304586490447,0.880507644150745,0.880507644150745,10,0.09276819549681567,1,0
59580,0.1604988121010929,-1.959127420771037e-09,2.7830418729787,8.18e-05,2.7830418729787,0.8805069788297833,10,8.179999999999999e-07,0.001337490100842441,880.4155469530905,-0.09276806243262332,59580,0,2,1,1,0,2.7830418729787,0.8805069788297833,0.8805069788297833,10,0.09276806243262332,1,0
59640,0.160498714711593,-1.789613406888413e-09,2.78303866726771,8.18e-05,2.78303866726771,0.8805064445446183,10,8.179999999999999e-07,0.001337489289263275,880.4150127234057,-0.09276795557559032,59640,0,2,1,1,0,2.78303866726771,0.8805064445446183,0.8805064445446183,10,0.09276795557559032,1,0
59700,0.1604986320387173,-1.645714960249629e-09,2.783035945974894,8.18e-05,2.783035945974894,0.8805059909958157,10,8.179999999999999e-07,0.001337488600322644,880.4145592216995,-0.09276786486582982,59700,0,2,1,1,0,2.783035945974894,0.8805059909958157,0.8805059909958157,10,0.09276786486582982,1,0
59760,0.1604985613779452,-1.522724595300431e-09,2.783033620077194,8.18e-05,2.783033620077194,0.880505603346199,10,8.179999999999999e-07,0.001337488011482876,880.4141716123364,-0.09276778733590646,59760,0,2,1,1,0,2.783033620077194,0.880505603346199,0.880505603346199,10,0.09276778733590646,1,0
59820,0.160498501116102,-1.417834417024601e-09,2.783031636474719,8.18e-05,2.783031636474719,0.8805052727457866,10,8.179999999999999e-07,0.00133748750930085,880.4138410462535,-0.09276772121582398,59820,0,2,1,1,0,2.783031636474719,0.8805052727457866,0.8805052727457866,10,0.09276772121582398,1,0
59880,0.1604984496400129,-1.328236543646742e-09,2.783029942067573,8.18e-05,2.783029942067573,0.8805049903445955,10,8.179999999999999e-07,0.00133748708033344,880.413558674387,-0.09276766473558577,59880,0,2,1,1,0,2.783029942067573,0.8805049903445955,0.8805049903445955,10,0.09276766473558577,1,0
59940,0.160498405336503,-1.251123104450318e-09,2.78302848375586,8.18e-05,2.78302848375586,0.8805047472926434,10,8.179999999999999e-07,0.001337486711137525,880.4133156476735,-0.09276761612519534,59940,0,2,1,1,0,2.78302848375586,0.8805047472926434,0.8805047472926434,10,0.09276761612519534,1,0
60000,0.1604983665923978,-1.183686237419515e-09,2.78302720843969,8.18e-05,2.78302720843969,0.8805045347399483,10,8.179999999999999e-07,0.001337486388269981,880.4131031170498,-0.09276757361465632,60000,0,2,1,1,0,2.78302720843969,0.8805045347399483,0.8805045347399483,10,0.09276757361465632,1,0
60060,0.1604983317945222,-1.123118086908208e-09,2.783026063019165,8.18e-05,2.783026063019165,0.8805043438365275,10,8.179999999999999e-07,0.001337486098287685,880.4129122334524,-0.09276753543397218,60060,0,2,1,1,0,2.783026063019165,0.8805043438365275,0.8805043438365275,10,0.09276753543397218,1,0
60120,0.1604982993297016,-1.066610802515099e-09,2.783024994394391,8.18e-05,2.783024994394391,0.8805041657323984,10,8.179999999999999e-07,0.001337485827747513,880.4127341478177,-0.09276749981314635,60120,0,2,1,1,0,2.783024994394391,0.8805041657323984,0.8805041657323984,10,0.09276749981314635,1,0
60180,0.1604982673960922,-1.011028147242547e-09,2.783023943255175,8.18e-05,2.783023943255175,0.8805039905425293,10,8.179999999999999e-07,0.001337485561634102,880.4125589761402,-0.0927674647751725,60180,0,2,1,1,0,2.783023943255175,0.8805039905425293,0.8805039905425293,10,0.0927674647751725,1,0
60240,0.1604982241446085,-9.357459786820147e-10,2.783022519572365,8.18e-05,2.783022519572365,0.8805037532620609,10,8.179999999999999e-07,0.00133748520120507,880.4123217203111,-0.09276741731907885,60240,0,2,1,1,0,2.783022519572365,0.8805037532620609,0.8805037532620609,10,0.09276741731907885,1,0
60300,0.1604981828577616,-8.638834270467211e-10,2.783021160558315,8.18e-05,2.783021160558315,0.8805035267597191,10,8.179999999999999e-07,0.001337484857148013,880.4120952414893,-0.09276737201861049,60300,0,2,1,1,0,2.783021160558315,0.8805035267597191,0.8805035267597191,10,0.09276737201861049,1,0
60360,0.1604981435355517,-7.954404880405148e-10,2.783019866213025,8.18e-05,2.783019866213025,0.8805033110355042,10,8.179999999999999e-07,0.001337484529462931,880.4118795396752,-0.09276732887376751,60360,0,2,1,1,0,2.783019866213025,0.8805033110355042,0.8805033110355042,10,0.09276732887376751,1,0
60420,0.1604981061779787,-7.304171572588246e-10,2.783018636536494,8.18e-05,2.783018636536494,0.8805031060894157,10,8.179999999999999e-07,0.001337484218149823,880.4116746148684,-0.09276728788454981,60420,0,2,1,1,0,2.783018636536494,0.8805031060894157,0.8805031060894157,10,0.09276728788454981,1,0
60480,0.1604980707850427,-6.688134308798378e-10,2.783017471528726,8.18e-05,2.783017471528726,0.8805029119214544,10,8.179999999999999e-07,0.001337483923208689,880.4114804670694,-0.09276724905095754,60480,0,2,1,1,0,2.783017471528726,0.8805029119214544,0.8805029119214544,10,0.09276724905095754,1,0
60540,0.1604980373567436,-6.106293049191113e-10,2.783016371189717,8.18e-05,2.783016371189717,0.8805027285316195,10,8.179999999999999e-07,0.00133748364463953,880.4112970962776,-0.09276721237299057,60540,0,2,1,1,0,2.783016371189717,0.8805027285316195,0.8805027285316195,10,0.09276721237299057,1,0
60600,0.1604980058930814,-5.558647757852257e-10,2.783015335519467,8.18e-05,2.783015335519467,0.8805025559199112,10,8.179999999999999e-07,0.001337483382442345,880.4111245024935,-0.0927671778506489,60600,0,2,1,1,0,2.783015335519467,0.8805025559199112,0.8805025559199112,10,0.0927671778506489,1,0
60660,0.1604979763940562,-5.045198401984691e-10,2.783014364517979,8.18e-05,2.783014364517979,0.8805023940863298,10,8.179999999999999e-07,0.001337483136617135,880.4109626857169,-0.09276714548393264,60660,0,2,1,1,0,2.783014364517979,0.8805023940863298,0.8805023940863298,10,0.09276714548393264,1,0
60720,0.1604979488596679,-4.565944948926827e-10,2.783013458185251,8.18e-05,2.783013458185251,0.8805022430308751,10,8.179999999999999e-07,0.001337482907163899,880.4108116459478,-0.09276711527284169,60720,0,2,1,1,0,2.783013458185251,0.8805022430308751,0.8805022430308751,10,0.09276711527284169,1,0
60780,0.1604979250792206,-4.152031325634249e-10,2.783012675418716,8.18e-05,2.783012675418716,0.8805021125697859,10,8.179999999999999e-07,0.001337482708993505,880.4106811984057,-0.09276708918062386,60780,0,2,1,1,0,2.783012675418716,0.8805021125697859,0.8805021125697859,10,0.09276708918062386,1,0
60840,0.1604979169326317,-4.010234851847426e-10,2.783012407262398,8.18e-05,2.783012407262398,0.8805020678770664,10,8.179999999999999e-07,0.001337482641105264,880.410636510327,-0.09276708024207994,60840,0,2,1,1,0,2.783012407262398,0.8805020678770664,0.8805020678770664,10,0.09276708024207994,1,0
60900,0.1604979087860428,-3.868438390799978e-10,2.783012139106082,8.18e-05,2.783012139106082,0.880502023184347,10,8.179999999999999e-07,0.001337482573217023,880.4105918222484,-0.09276707130353606,60900,0,2,1,1,0,2.783012139106082,0.880502023184347,0.880502023184347,10,0.09276707130353606,1,0
60960,0.1604979006394538,-3.726641941136652e-10,2.783011870949764,8.18e-05,2.783011870949764,0.8805019784916274,10,8.179999999999999e-07,0.001337482505328782,880.4105471341697,-0.09276706236499213,60960,0,2,1,1,0,2.783011870949764,0.8805019784916274,0.8805019784916274,10,0.09276706236499213,1,0
61020,0.1604978924928649,-3.584845503399551e-10,2.783011602793446,8.18e-05,2.783011602793446,0.8805019337989076,10,8.179999999999999e-07,0.001337482437440541,880.410502446091,-0.09276705342644818,61020,0,2,1,1,0,2.783011602793446,0.8805019337989076,0.8805019337989076,10,0.09276705342644818,1,0
61080,0.160497884346276,-3.443049078401825e-10,2.783011334637129,8.18e-05,2.783011334637129,0.8805018891061881,10,8.179999999999999e-07,0.0013374823695523,880.4104577580123,-0.09276704448790429,61080,0,2,1,1,0,2.783011334637129,0.8805018891061881,0.8805018891061881,10,0.09276704448790429,1,0
61140,0.160497876199687,-3.301252665194798e-10,2.783011066480811,8.18e-05,2.783011066480811,0.8805018444134685,10,8.179999999999999e-07,0.001337482301664059,880.4104130699336,-0.09276703554936036,61140,0,2,1,1,0,2.783011066480811,0.8805018444134685,0.8805018444134685,10,0.09276703554936036,1,0
61200,0.1604978680530981,-3.159456264456096e-10,2.783010798324494,8.18e-05,2.783010798324494,0.8805017997207489,10,8.179999999999999e-07,0.001337482233775818,880.4103683818549,-0.09276702661081646,61200,0,2,1,1,0,2.783010798324494,0.8805017997207489,0.8805017997207489,10,0.09276702661081646,1,0
61200.00001224023,0.1604978680530964,-3.159456235589213e-10,2.783010798324439,8.18e-05,2.783010798324439,0.8805017997207398,10,8.179999999999999e-07,0.001337482233775804,880.4103683818457,-0.09276702661081464,61200.00001224023,0,2,1,1,0,2.783010798324439,0.8805017997207398,0.8805017997207398,10,0.09276702661081464,1,0
61200.00001224023,0.1604978680530964,-5.726031594562356e-05,2.783010798324439,2.454e-05,2.783010798324439,0.8805017997207398,3,2.454e-07,0.001337482233775804,880.4103683818457,-0.09276702661081464,61200.00001224023,0,2,1,1,0,2.783010798324439,0.8805017997207398,0.8805017997207398,3,0.09276702661081464,1,0
61260,0.1572327833228832,-5.167471120308697e-05,2.675535988245004,2.454e-05,2.675535988245004,0.8625893313741673,3,2.454e-07,0.00131027319435736,862.4997600666376,-0.08918453294150012,61260,0,2,1,1,0,2.675535988245004,0.8625893313741673,0.8625893313741673,3,0.08918453294150012,1,0
61320,0.1542805301378399,-4.679209901969818e-05,2.57835846405003,2.454e-05,2.57835846405003,0.8463930773416717,3,2.454e-07,0.001285671084481999,846.3051878537495,-0.08594528213500101,61320,0,2,1,1,0,2.57835846405003,0.8463930773416717,0.8463930773416717,3,0.08594528213500101,1,0
61380,0.1516040118238597,-4.250326421339788e-05,2.490257137059239,2.454e-05,2.490257137059239,0.8317095228432065,3,2.454e-07,0.001263366765198831,831.6231580961173,-0.08300857123530797,61380,0,2,1,1,0,2.490257137059239,0.8317095228432065,0.8317095228432065,3,0.08300857123530797,1,0
61440,0.1491698649904716,-3.871654924758851e-05,2.410133804821317,2.454e-05,2.410133804821317,0.8183556341368862,3,2.454e-07,0.00124308220825393,818.2706560580858,-0.08033779349404391,61440,0,2,1,1,0,2.410133804821317,0.8183556341368862,0.8183556341368862,3,0.08033779349404391,1,0
61500,0.1469495355294898,-3.535695494087314e-05,2.33704856910763,2.454e-05,2.33704856910763,0.8061747615179383,3,2.454e-07,0.001224579462745748,806.0910483013936,-0.07790161897025433,61500,0,2,1,1,0,2.33704856910763,0.8061747615179383,0.8061747615179383,3,0.07790161897025433,1,0
61560,0.1449195344524779,-3.236423892050628e-05,2.270228257158588,2.454e-05,2.270228257158588,0.7950380428597646,3,2.454e-07,0.001207662787103982,794.9554860804901,-0.07567427523861961,61560,0,2,1,1,0,2.270228257158588,0.7950380428597646,0.7950380428597646,3,0.07567427523861961,1,0
61620,0.1430594182078456,-2.968813711326501e-05,2.208999941008744,2.454e-05,2.208999941008744,0.7848333235014573,3,2.454e-07,0.001192161818398714,784.751826380612,-0.07363333136695813,61620,0,2,1,1,0,2.208999941008744,0.7848333235014573,0.7848333235014573,3,0.07363333136695813,1,0
61680,0.1413513860427469,-2.728655961430644e-05,2.152777684093052,2.454e-05,2.152777684093052,0.775462947348842,3,2.454e-07,0.001177928217022891,775.382423248197,-0.07175925613643507,61680,0,2,1,1,0,2.152777684093052,0.775462947348842,0.775462947348842,3,0.07175925613643507,1,0
61740,0.1397800793526431,-2.512433963936462e-05,2.101055936558366,2.454e-05,2.101055936558366,0.7668426560930609,3,2.454e-07,0.00116483399460536,766.7630271237733,-0.07003519788527886,61740,0,2,1,1,0,2.101055936558366,0.7668426560930609,0.7668426560930609,3,0.07003519788527886,1,0
61800,0.1383320642585368,-2.317175224634498e-05,2.05339250357264,2.454e-05,2.05339250357264,0.75889875059544,3,2.454e-07,0.001152767202154473,758.8199465215881,-0.06844641678575467,61800,0,2,1,1,0,2.05339250357264,0.75889875059544,0.75889875059544,3,0.06844641678575467,1,0
61860,0.1369955754829078,-2.140358033665158e-05,2.009400114644759,2.454e-05,2.009400114644759,0.7515666857741266,3,2.454e-07,0.001141629795690898,751.4886430621523,-0.06698000382149198,61860,0,2,1,1,0,2.009400114644759,0.7515666857741266,0.7515666857741266,3,0.06698000382149198,1,0
61920,0.1357602153548267,-1.979825159577295e-05,1.968736515958747,2.454e-05,1.968736515958747,0.7447894193264578,3,2.454e-07,0.001131335127956889,744.7120803660779,-0.06562455053195823,61920,0,2,1,1,0,1.968736515958747,0.7447894193264578,0.7447894193264578,3,0.06562455053195823,1,0
61980,0.1346167827813377,-1.83372511570166e-05,1.931098840728694,2.454e-05,1.931098840728694,0.7385164734547823,3,2.454e-07,0.001121806523177814,738.4397858773298,-0.06436996135762313,61980,0,2,1,1,0,1.931098840728694,0.7385164734547823,0.7385164734547823,3,0.06436996135762313,1,0
62040,0.1335571153404491,-1.70046259662589e-05,1.896218411469689,2.454e-05,1.896218411469689,0.7327030685782815,3,2.454e-07,0.00111297596117041,732.6269846650026,-0.06320728038232297,62040,0,2,1,1,0,1.896218411469689,0.7327030685782815,0.7327030685782815,3,0.06320728038232297,1,0
62100,0.1325739274165132,-1.578654520984309e-05,1.863855411998458,2.454e-05,1.863855411998458,0.7273092353330763,3,2.454e-07,0.001104782728470943,727.2337115156378,-0.06212851373328193,62100,0,2,1,1,0,1.863855411998458,0.7273092353330763,0.7273092353330763,3,0.06212851373328193,1,0
62160,0.1316607315256918,-1.467101257911889e-05,1.833796297751541,2.454e-05,1.833796297751541,0.7222993829585902,3,2.454e-07,0.001097172762714098,722.2243793644043,-0.06112654325838471,62160,0,2,1,1,0,1.833796297751541,0.7222993829585902,0.7222993829585902,3,0.06112654325838471,1,0
62220,0.1308117328402186,-1.364758083545105e-05,1.805850323904497,2.454e-05,1.805850323904497,0.7176417206507495,3,2.454e-07,0.001090097773668488,717.567200708387,-0.06019501079681656,62220,0,2,1,1,0,1.805850323904497,0.7176417206507495,0.7176417206507495,3,0.06019501079681656,1,0
62280,0.1300216690572434,-1.270703303349595e-05,1.779844274431974,2.454e-05,1.779844274431974,0.7133073790719956,3,2.454e-07,0.001083513908810361,713.2333092078202,-0.05932814248106578,62280,0,2,1,1,0,1.779844274431974,0.7133073790719956,0.7133073790719956,3,0.05932814248106578,1,0
62340,0.1292857040023961,-1.184115721916983e-05,1.755618959920872,2.454e-05,1.755618959920872,0.7092698266534787,3,2.454e-07,0.001077380866686634,709.1961760488932,-0.0585206319973624,62340,0,2,1,1,0,1.755618959920872,0.7092698266534787,0.7092698266534787,3,0.0585206319973624,1,0
62400,0.1285996072949583,-1.10428733911922e-05,1.733035131499615,2.454e-05,1.733035131499615,0.7055058552499358,3,2.454e-07,0.001071663394124652,705.4325954962777,-0.05776783771665383,62400,0,2,1,1,0,1.733035131499615,0.7055058552499358,0.7055058552499358,3,0.05776783771665383,1,0
62460,0.1279595590447853,-1.030592855935388e-05,1.711967052165416,2.454e-05,1.711967052165416,0.701994508694236,3,2.454e-07,0.001066329658706544,701.9216135589319,-0.05706556840551386,62460,0,2,1,1,0,1.711967052165416,0.701994508694236,0.701994508694236,3,0.05706556840551386,1,0
62520,0.1273620174700532,-9.624687146690149e-06,1.692298139238091,2.454e-05,1.692298139238091,0.6987163565396819,3,2.454e-07,0.001061350145583777,698.6438018078167,-0.05640993797460304,62520,0,2,1,1,0,1.692298139238091,0.6987163565396819,0.6987163565396819,3,0.05640993797460304,1,0
62580,0.1268037571308953,-8.994128936011467e-06,1.673922222873446,2.454e-05,1.673922222873446,0.695653703812241,3,2.454e-07,0.001056697976090794,695.5814671063463,-0.05579740742911487,62580,0,2,1,1,0,1.673922222873446,0.695653703812241,0.695653703812241,3,0.05579740742911487,1,0
62640,0.1262819026847439,-8.409845204815757e-06,1.656744657167343,2.454e-05,1.656744657167343,0.6927907761945571,3,2.454e-07,0.001052349189039532,692.7188367751704,-0.05522482190557809,62640,0,2,1,1,0,1.656744657167343,0.6927907761945571,0.6927907761945571,3,0.05522482190557809,1,0
62700,0.1257938142705326,-7.867874106799974e-06,1.640678547417137,2.454e-05,1.640678547417137,0.6901130912361896,3,2.454e-07,0.001048281785587772,690.0414298677063,-0.05468928491390458,62700,0,2,1,1,0,1.640678547417137,0.6901130912361896,0.6901130912361896,3,0.05468928491390458,1,0
62760,0.1253370651810821,-7.364647934874434e-06,1.62564401517716,2.454e-05,1.62564401517716,0.68760733586286,3,2.454e-07,0.001044475543175684,687.5359346921058,-0.05418813383923868,62760,0,2,1,1,0,1.62564401517716,0.68760733586286,0.68760733586286,3,0.05418813383923868,1,0
62820,0.1249094183580019,-6.896943500430883e-06,1.611567424555692,2.454e-05,1.611567424555692,0.6852612374259487,3,2.454e-07,0.001040911819650016,685.1900798741415,-0.0537189141518564,62820,0,2,1,1,0,1.611567424555692,0.6852612374259487,0.6852612374259487,3,0.0537189141518564,1,0
62880,0.1245088451254955,-6.461882089465311e-06,1.598381998864236,2.454e-05,1.598381998864236,0.6830636664773726,3,2.454e-07,0.001037573709379129,682.9927371214126,-0.05327939996214118,62880,0,2,1,1,0,1.598381998864236,0.6830636664773726,0.6830636664773726,3,0.05327939996214118,1,0
62940,0.1241334594161294,-6.056840110902649e-06,1.586025655567131,2.454e-05,1.586025655567131,0.6810042759278552,3,2.454e-07,0.001034445495134412,680.9335604190846,-0.0528675218522377,62940,0,2,1,1,0,1.586025655567131,0.6810042759278552,0.6810042759278552,3,0.0528675218522377,1,0
63000,0.1237815367663169,-5.67945514501517e-06,1.574441631544335,2.454e-05,1.574441631544335,0.6790736052573891,3,2.454e-07,0.001031512806385974,679.0030902295313,-0.05248138771814449,63000,0,2,1,1,0,1.574441631544335,0.6790736052573891,0.6790736052573891,3,0.05248138771814449,1,0
63060,0.1234514737684977,-5.327569593849668e-06,1.56357714840348,2.454e-05,1.56357714840348,0.6772628580672467,3,2.454e-07,0.001028762281404148,677.1925310674428,-0.05211923828011601,63060,0,2,1,1,0,1.56357714840348,0.6772628580672467,0.6772628580672467,3,0.05211923828011601,1,0
63120,0.1231418054775364,-4.999238529688078e-06,1.553383985435695,2.454e-05,1.553383985435695,0.6755639975726159,3,2.454e-07,0.001026181712312804,675.4938469825476,-0.05177946618118984,63120,0,2,1,1,0,1.553383985435695,0.6755639975726159,0.6755639975726159,3,0.05177946618118984,1,0
63180,0.1228511687326606,-4.692681248246798e-06,1.543817272306141,2.454e-05,1.543817272306141,0.6739695453843568,3,2.454e-07,0.001023759739438838,673.8995603622617,-0.05146057574353803,63180,0,2,1,1,0,1.543817272306141,0.6739695453843568,0.6739695453843568,3,0.05146057574353803,1,0
63240,0.1225783102980603,-4.406281984225258e-06,1.534835757013177,2.454e-05,1.534835757013177,0.6724726261688628,3,2.454e-07,0.001021485919150503,672.4027965869134,-0.05116119190043923,63240,0,2,1,1,0,1.534835757013177,0.6724726261688628,0.6724726261688628,3,0.05116119190043923,1,0
63300,0.1223220637940747,-4.138558711565741e-06,1.526401046546237,2.454e-05,1.526401046546237,0.6710668410910394,3,2.454e-07,0.001019350531617289,670.9971574858636,-0.05088003488487455,63300,0,2,1,1,0,1.526401046546237,0.6710668410910394,0.6710668410910394,3,0.05088003488487455,1,0
63360,0.1220813542633798,-3.888162039522365e-06,1.518477757188275,2.454e-05,1.518477757188275,0.6697462928647124,3,2.454e-07,0.001017344618861498,669.6767463853124,-0.05061592523960915,63360,0,2,1,1,0,1.518477757188275,0.6697462928647124,0.6697462928647124,3,0.05061592523960915,1,0
63420,0.1218551777771225,-3.653848816450064e-06,1.511032843223256,2.454e-05,1.511032843223256,0.6685054738705427,3,2.454e-07,0.001015459814809354,668.4360562378322,-0.05036776144077521,63420,0,2,1,1,0,1.511032843223256,0.6685054738705427,0.6685054738705427,3,0.05036776144077521,1,0
63480,0.1216426078102812,-3.434484366520493e-06,1.504035806790034,2.454e-05,1.504035806790034,0.6673393011316723,3,2.454e-07,0.00101368839841901,667.2700045943815,-0.05013452689300112,63480,0,2,1,1,0,1.504035806790034,0.6673393011316723,0.6673393011316723,3,0.05013452689300112,1,0
63540,0.1214427758406297,-3.229018585990486e-06,1.497458059270232,2.454e-05,1.497458059270232,0.666243009878372,3,2.454e-07,0.001012023132005247,666.1738271800048,-0.04991526864234107,63540,0,2,1,1,0,1.497458059270232,0.666243009878372,0.666243009878372,3,0.04991526864234107,1,0
63600,0.1212548866426051,-3.036498363698189e-06,1.491273424707214,2.454e-05,1.491273424707214,0.6652122374512023,3,2.454e-07,0.001010457388688376,665.1431617882812,-0.04970911415690713,63600,0,2,1,1,0,1.491273424707214,0.6652122374512023,0.6652122374512023,3,0.04970911415690713,1,0
63660,0.121078194025189,-2.856039701876028e-06,1.485457341184629,2.454e-05,1.485457341184629,0.6642428901974382,3,2.454e-07,0.001008984950209909,664.1739151915714,-0.04951524470615431,63660,0,2,1,1,0,1.485457341184629,0.6642428901974382,0.6642428901974382,3,0.04951524470615431,1,0
63720,0.1209120040003546,-2.686828512905412e-06,1.479986965120295,2.454e-05,1.479986965120295,0.6633311608533825,3,2.454e-07,0.001007600033336288,663.2622805215237,-0.04933289883734317,63720,0,2,1,1,0,1.479986965120295,0.6633311608533825,0.6633311608533825,3,0.04933289883734317,1,0
63780,0.1207556680793629,-2.528111599496866e-06,1.474840950604441,2.454e-05,1.474840950604441,0.6624734917674069,3,2.454e-07,0.001006297233994691,662.4047004959373,-0.04916136502014804,63780,0,2,1,1,0,1.474840950604441,0.6624734917674069,0.6624734917674069,3,0.04916136502014804,1,0
63840,0.1206085698285666,-2.379181160003474e-06,1.469999006865261,2.454e-05,1.469999006865261,0.6616665011442102,3,2.454e-07,0.001005071415238055,661.5977936706762,-0.04899996689550871,63840,0,2,1,1,0,1.469999006865261,0.6616665011442102,0.6616665011442102,3,0.04899996689550871,1,0
63900,0.12047013269264,-2.239381142673907e-06,1.465442155781437,2.454e-05,1.465442155781437,0.6609070259635728,3,2.454e-07,0.001003917772438667,660.8383973539692,-0.04884807185938122,63900,0,2,1,1,0,1.465442155781437,0.6609070259635728,0.6609070259635728,3,0.04884807185938122,1,0
63960,0.1203398052915721,-2.108090969518066e-06,1.461152247912182,2.454e-05,1.461152247912182,0.6601920413186969,3,2.454e-07,0.001002831710763101,660.1234869531248,-0.04870507493040606,63960,0,2,1,1,0,1.461152247912182,0.6601920413186969,0.6601920413186969,3,0.04870507493040606,1,0
64020,0.1202170962099022,-1.984759297568915e-06,1.457113107633384,2.454e-05,1.457113107633384,0.6595188512722306,3,2.454e-07,0.001001809135082518,659.4503668107375,-0.04857043692111278,64020,0,2,1,1,0,1.457113107633384,0.6595188512722306,0.6595188512722306,3,0.04857043692111278,1,0
64080,0.1201015860206022,-1.868914640925684e-06,1.453310928920414,2.454e-05,1.453310928920414,0.658885154820069,3,2.454e-07,0.001000846550171685,658.8167361616385,-0.04844369763068048,64080,0,2,1,1,0,1.453310928920414,0.658885154820069,0.658885154820069,3,0.04844369763068048,1,0
64140,0.1199928136094497,-1.760050333326804e-06,1.449730533556607,2.454e-05,1.449730533556607,0.6582884222594344,3,2.454e-07,0.0009999401134120809,658.2200655657347,-0.04832435111855356,64140,0,2,1,1,0,1.449730533556607,0.6582884222594344,0.6582884222594344,3,0.04832435111855356,1,0
64200,0.1198903700059026,-1.657718023564059e-06,1.446358459707131,2.454e-05,1.446358459707131,0.6577264099511885,3,2.454e-07,0.0009990864167158553,657.6581116168672,-0.04821194865690437,64200,0,2,1,1,0,1.446358459707131,0.6577264099511885,0.6577264099511885,3,0.04821194865690437,1,0
64260,0.119793880304862,-1.561508656556424e-06,1.443182366848651,2.454e-05,1.443182366848651,0.6571970611414418,3,2.454e-07,0.0009982823358738501,657.1288177747202,-0.04810607889495504,64260,0,2,1,1,0,1.443182366848651,0.6571970611414418,0.6571970611414418,3,0.04810607889495504,1,0
64320,0.1197029835043961,-1.471031679654373e-06,1.440190372099936,2.454e-05,1.440190372099936,0.6566983953499893,3,2.454e-07,0.0009975248625366338,656.6302037647416,-0.04800634573666453,64320,0,2,1,1,0,1.440190372099936,0.6566983953499893,0.6566983953499893,3,0.04800634573666453,1,0
64380,0.119617338262135,-1.385920254391463e-06,1.437371239701614,2.454e-05,1.437371239701614,0.656228539950269,3,2.454e-07,0.0009968111521844586,656.1603971548232,-0.04791237465672046,64380,0,2,1,1,0,1.437371239701614,0.656228539950269,0.656228539950269,3,0.04791237465672046,1,0
64440,0.1195366307008113,-1.305838493273697e-06,1.434714637946389,2.454e-05,1.434714637946389,0.6557857729910648,3,2.454e-07,0.0009961385891734274,655.717676172556,-0.04782382126487962,64440,0,2,1,1,0,1.434714637946389,0.6557857729910648,0.6557857729910648,3,0.04782382126487962,1,0
64500,0.1194605922707835,-1.230498637488508e-06,1.432211727148896,2.454e-05,1.432211727148896,0.6553686211914828,3,2.454e-07,0.0009955049355898622,655.300567690032,-0.04774039090496321,64500,0,2,1,1,0,1.432211727148896,0.6553686211914828,0.6553686211914828,3,0.04774039090496321,1,0
64560,0.1193889355123099,-1.159596966639292e-06,1.429853045171493,2.454e-05,1.429853045171493,0.6549755075285821,3,2.454e-07,0.0009949077959359163,654.9074948480685,-0.04766176817238309,64560,0,2,1,1,0,1.429853045171493,0.6549755075285821,0.6549755075285821,3,0.04766176817238309,1,0
64620,0.1193214010625867,-1.092860115652837e-06,1.427630054726357,2.454e-05,1.427630054726357,0.6546050091210596,3,2.454e-07,0.0009943450088548895,654.537034913114,-0.04758766849087858,64620,0,2,1,1,0,1.427630054726357,0.6546050091210596,0.6546050091210596,3,0.04758766849087858,1,0
64680,0.1192577520227606,-1.030039131930313e-06,1.425534957957888,2.454e-05,1.425534957957888,0.6542558263263146,3,2.454e-07,0.0009938146001896718,654.1878883775231,-0.0475178319319296,64680,0,2,1,1,0,1.425534957957888,0.6542558263263146,0.6542558263263146,3,0.0475178319319296,1,0
64740,0.1191977615442351,-9.708969313393666e-07,1.423560287828673,2.454e-05,1.423560287828673,0.6539267146381122,3,2.454e-07,0.0009933146795352925,653.8588108642905,-0.04745200959428911,64740,0,2,1,1,0,1.423560287828673,0.6539267146381122,0.6539267146381122,3,0.04745200959428911,1,0
64800,0.1191412116750686,-9.152069475768735e-07,1.421698870147089,2.454e-05,1.421698870147089,0.6536164783578482,3,2.454e-07,0.0009928434306255714,653.5486067989731,-0.04738996233823631,64800,0,2,1,1,0,1.421698870147089,0.6536164783578482,0.6536164783578482,3,0.04738996233823631,1,0
64800.00001296064,0.1191412116632098,-9.152069359045867e-07,1.421698869756742,2.454e-05,1.421698869756742,0.6536164782927903,3,2.454e-07,0.0009928434305267486,653.5486067339219,-0.04738996232522474,64800.00001296064,0,2,1,1,0,1.421698869756742,0.6536164782927903,0.6536164782927903,3,0.04738996232522474,1,0
64800.00001296064,0.1191412116632098,-2.545520693590459e-05,1.421698869756742,0,1.421698869756742,0.6536164782927903,0,0,0.0009928434305267486,653.5486067339219,-0.04738996232522474,64800.00001296064,0,2,1,1,0,1.421698869756742,0.6536164782927903,0.6536164782927903,0,0.04738996232522474,1,0
64860,0.1176575272023934,-2.40149778621213e-05,1.372861329901033,0,1.372861329901033,0.6454768883168389,0,0,0.0009804793933532784,645.4098619732896,-0.04576204433003445,64860,0,2,1,1,0,1.372861329901033,0.6454768883168389,0.6454768883168389,0,0.04576204433003445,1,0
64920,0.1162565876386758,-2.269202051604059e-05,1.326747453544297,0,1.326747453544297,0.6377912422573829,0,0,0.0009688048969889646,637.7250139915998,-0.04422491511814324,64920,0,2,1,1,0,1.326747453544297,0.6377912422573829,0.6377912422573829,0,0.04422491511814324,1,0
64980,0.1149320536010308,-2.147422330876639e-05,1.283148571462503,0,1.283148571462503,0.6305247619104172,0,0,0.0009577671133419236,630.4592881962174,-0.04277161904875009,64980,0,2,1,1,0,1.283148571462503,0.6305247619104172,0.6305247619104172,0,0.04277161904875009,1,0
65040,0.1136778432722454,-2.035065533796619e-05,1.241864492173978,0,1.241864492173978,0.6236440820289962,0,0,0.0009473153606020452,623.5793228048454,-0.04139548307246592,65040,0,2,1,1,0,1.241864492173978,0.6236440820289962,0.6236440820289962,0,0.04139548307246592,1,0
65100,0.1124884843754099,-1.93117570878094e-05,1.202715088064841,0,1.202715088064841,0.6171191813441402,0,0,0.0009374040364617491,617.0550996659139,-0.0400905029354947,65100,0,2,1,1,0,1.202715088064841,0.6171191813441402,0.6171191813441402,0,0.0400905029354947,1,0
65160,0.111359208932279,-1.834928237111065e-05,1.165543414492396,0,1.165543414492396,0.6109239024153993,0,0,0.0009279934077689914,610.8604640551621,-0.03885144714974652,65160,0,2,1,1,0,1.165543414492396,0.6109239024153993,0.6109239024153993,0,0.03885144714974652,1,0
65220,0.1102856154831947,-1.745588919496943e-05,1.130204591283564,0,1.130204591283564,0.6050340985472608,0,0,0.0009190467956932891,604.9712717844714,-0.03767348637611881,65220,0,2,1,1,0,1.130204591283564,0.6050340985472608,0.6050340985472608,0,0.03767348637611881,1,0
65280,0.1092637218988308,-1.662509762136253e-05,1.096567541107006,0,1.096567541107006,0.5994279235178342,0,0,0.0009105310158235902,599.3656789004636,-0.03655225137023353,65280,0,2,1,1,0,1.096567541107006,0.5994279235178342,0.5994279235178342,0,0.03655225137023353,1,0
65340,0.108289930992409,-1.585118233009974e-05,1.064513857551318,0,1.064513857551318,0.5940856429252196,0,0,0.0009024160916034085,594.02395305046,-0.0354837952517106,65340,0,2,1,1,0,1.064513857551318,0.5940856429252196,0.5940856429252196,0,0.0354837952517106,1,0
65400,0.1073609343197539,-1.512902973524043e-05,1.033934638569909,0,1.033934638569909,0.5889891064283183,0,0,0.0008946744526646155,588.9279457780939,-0.03446448795233031,65400,0,2,1,1,0,1.033934638569909,0.5889891064283183,0.5889891064283183,0,0.03446448795233031,1,0
65460,0.1064737231172441,-1.445409231904667e-05,1.004730846518898,0,1.004730846518898,0.5841218077531497,0,0,0.0008872810259770343,584.0611525233966,-0.0334910282172966,65460,0,2,1,1,0,1.004730846518898,0.5841218077531497,0.5841218077531497,0,0.0334910282172966,1,0
65520,0.1056255534219927,-1.382231356496997e-05,0.9768121600392581,0,0.9768121600392581,0.5794686933398764,0,0,0.0008802129451832722,579.4085212896931,-0.03256040533464193,65520,0,2,1,1,0,0.9768121600392581,0.5794686933398764,0.5794686933398764,0,0.03256040533464193,1,0
65580,0.1048140323946702,-1.323014848022844e-05,0.9500998154927638,0,0.9500998154927638,0.5750166359154606,0,0,0.0008734502699555847,574.9569261670822,-0.03166999384975879,65580,0,2,1,1,0,0.9500998154927638,0.5750166359154606,0.5750166359154606,0,0.03166999384975879,1,0
65640,0.1040369613340432,-1.267440857206682e-05,0.9245214395669272,0,0.9245214395669272,0.5707535732611545,0,0,0.0008669746777836937,570.6943061893571,-0.03081738131889757,65640,0,2,1,1,0,0.9245214395669272,0.5707535732611545,0.5707535732611545,0,0.03081738131889757,1,0
65700,0.1032922105889904,-1.215214624275992e-05,0.9000069318298349,0,0.9000069318298349,0.5666678219716391,0,0,0.0008607684215749199,566.6089791644042,-0.0300002310609945,65700,0,2,1,1,0,0.9000069318298349,0.5666678219716391,0.5666678219716391,0,0.0300002310609945,1,0
65760,0.102577984779926,-1.166081758622152e-05,0.8764971948626061,0,0.8764971948626061,0.562749532477101,0,0,0.0008548165398327165,562.6910965451897,-0.02921657316208687,65760,0,2,1,1,0,0.8764971948626061,0.562749532477101,0.562749532477101,0,0.02921657316208687,1,0
65820,0.1018923770929469,-1.119795114193607e-05,0.8539294632306413,0,0.8539294632306413,0.5589882438717736,0,0,0.0008491031424412241,558.9301985122078,-0.02846431544102138,65820,0,2,1,1,0,0.8539294632306413,0.5589882438717736,0.5589882438717736,0,0.02846431544102138,1,0
65880,0.1012338277314512,-1.076144599234456e-05,0.8322523940569839,0,0.8322523940569839,0.5553753990094973,0,0,0.0008436152310954264,555.3177288078732,-0.02774174646856613,65880,0,2,1,1,0,0.8322523940569839,0.5553753990094973,0.5553753990094973,0,0.02774174646856613,1,0
65940,0.1006007123582913,-1.034927646827808e-05,0.8114125200227549,0,0.8114125200227549,0.5519020866704591,0,0,0.0008383392696524274,551.8447771377146,-0.0270470840007585,65940,0,2,1,1,0,0.8114125200227549,0.5519020866704591,0.5519020866704591,0,0.0270470840007585,1,0
66000,0.09999164014282194,-9.959677236798681e-06,0.7913640600007219,0,0.7913640600007219,0.548560676666787,0,0,0.0008332636678568495,548.5037141061788,-0.02637880200002406,66000,0,2,1,1,0,0.7913640600007219,0.548560676666787,0.548560676666787,0,0.02637880200002406,1,0
66060,0.09940527054855872,-9.591009253088064e-06,0.7720628883659879,0,0.7720628883659879,0.5453438147276647,0,0,0.0008283772545713226,545.2871862061171,-0.0257354296121996,66060,0,2,1,1,0,0.7720628883659879,0.5453438147276647,0.5453438147276647,0,0.0257354296121996,1,0
66120,0.09884040508610117,-9.241807471717818e-06,0.7534695551712041,0,0.7534695551712041,0.5422449258618673,0,0,0.0008236700423841764,542.1886191290523,-0.02511565183904014,66120,0,2,1,1,0,0.7534695551712041,0.5422449258618673,0.5422449258618673,0,0.02511565183904014,1,0
66180,0.09829590451348869,-8.910718436012409e-06,0.7355465606809974,0,0.7355465606809974,0.5392577601134996,0,0,0.0008191325376124057,539.2017635680844,-0.02451821868936658,66180,0,2,1,1,0,0.7355465606809974,0.5392577601134996,0.5392577601134996,0,0.02451821868936658,1,0
66240,0.0977707603400126,-8.596535286436384e-06,0.7182607090195061,0,0.7182607090195061,0.5363767848365844,0,0,0.0008147563361667716,536.3210874517467,-0.02394202363398354,66240,0,2,1,1,0,0.7182607090195061,0.5363767848365844,0.5363767848365844,0,0.02394202363398354,1,0
66300,0.09726398355733019,-8.298122571614416e-06,0.7015794456000721,0,0.7015794456000721,0.5335965742666787,0,0,0.0008105331963110849,533.5411655790077,-0.0233859815200024,66300,0,2,1,1,0,0.7015794456000721,0.5335965742666787,0.5335965742666787,0,0.0233859815200024,1,0
66360,0.09677465856130427,-8.014442918948866e-06,0.6854726320376652,0,0.6854726320376652,0.5309121053396109,0,0,0.0008064554880108689,530.8569754072909,-0.02284908773458884,66360,0,2,1,1,0,0.6854726320376652,0.5309121053396109,0.5309121053396109,0,0.02284908773458884,1,0
66420,0.09630192710184222,-7.744541534145974e-06,0.6699120178354914,0,0.6699120178354914,0.5283186696392486,0,0,0.0008025160591820185,528.2638090093859,-0.02233040059451638,66420,0,2,1,1,0,0.6699120178354914,0.5283186696392486,0.5283186696392486,0,0.02233040059451638,1,0
66480,0.09584503198622663,-7.487565356887533e-06,0.6548726789409685,0,0.6548726789409685,0.5258121131568281,0,0,0.0007987085998852219,525.7575128078818,-0.02182908929803228,66480,0,2,1,1,0,0.6548726789409685,0.5258121131568281,0.5258121131568281,0,0.02182908929803228,1,0
66540,0.09540322403893077,-7.242705251268518e-06,0.6403299551985109,0,0.6403299551985109,0.5233883258664185,0,0,0.0007950268669910897,523.3339772036326,-0.02134433183995036,66540,0,2,1,1,0,0.6403299551985109,0.5233883258664185,0.5233883258664185,0,0.02134433183995036,1,0
66600,0.09497580169176201,-7.009215024424556e-06,0.6262607535142202,0,0.6262607535142202,0.5210434589190367,0,0,0.0007914650140980167,520.9893537473198,-0.02087535845047401,66600,0,2,1,1,0,0.6262607535142202,0.5210434589190367,0.5210434589190367,0,0.02087535845047401,1,0
66660,0.09456207979526522,-6.786390929992598e-06,0.6126425212398035,0,0.6126425212398035,0.5187737535399672,0,0,0.0007880173316272102,518.7198840545394,-0.02042141737466012,66660,0,2,1,1,0,0.6126425212398035,0.5187737535399672,0.5187737535399672,0,0.02042141737466012,1,0
66720,0.09416141290056791,-6.57358154650765e-06,0.5994540125269228,0,0.5994540125269228,0.5165756687544871,0,0,0.0007846784408380659,516.5220275182634,-0.01998180041756409,66720,0,2,1,1,0,0.5994540125269228,0.5165756687544871,0.5165756687544871,0,0.01998180041756409,1,0
66780,0.09377317606867597,-6.370174707880613e-06,0.5866746566384453,0,0.5866746566384453,0.5144457761064075,0,0,0.000781443133905633,514.3923560383138,-0.01955582188794818,66780,0,2,1,1,0,0.5866746566384453,0.5144457761064075,0.5144457761064075,0,0.01955582188794818,1,0
66840,0.09339691665389351,-6.175673234306253e-06,0.574289554111044,0,0.574289554111044,0.5123815923518407,0,0,0.0007783076387824459,512.328386628663,-0.0191429851370348,66840,0,2,1,1,0,0.574289554111044,0.5123815923518407,0.5123815923518407,0,0.0191429851370348,1,0
66900,0.09303209118038121,-5.989554441306819e-06,0.5622808156807508,0,0.5622808156807508,0.5103801359467918,0,0,0.0007752674265031767,510.32713805492,-0.01874269385602503,66900,0,2,1,1,0,0.5622808156807508,0.5103801359467918,0.5103801359467918,0,0.01874269385602503,1,0
66960,0.09267822368846061,-5.811351334302341e-06,0.5506327744720414,0,0.5506327744720414,0.5084387957453402,0,0,0.0007723185307371718,508.3859994423055,-0.01835442581573471,66960,0,2,1,1,0,0.5506327744720414,0.5084387957453402,0.5084387957453402,0,0.01835442581573471,1,0
67020,0.09233478078273391,-5.640587643770264e-06,0.5393278730327165,0,0.5393278730327165,0.5065546455054527,0,0,0.0007694565065227826,506.5020448526474,-0.01797759576775721,67020,0,2,1,1,0,0.5393278730327165,0.5065546455054527,0.5065546455054527,0,0.01797759576775721,1,0
67080,0.09200132318167425,-5.476852595494465e-06,0.5283516517996798,0,0.5283516517996798,0.5047252752999466,0,0,0.0007666776931806188,504.6728646090099,-0.01761172172665599,67080,0,2,1,1,0,0.5283516517996798,0.5047252752999466,0.5047252752999466,0,0.01761172172665599,1,0
67140,0.09167742204905491,-5.31975679910303e-06,0.5176899950314322,0,0.5176899950314322,0.5029483325052387,0,0,0.0007639785170754575,502.8961063321065,-0.01725633316771441,67140,0,2,1,1,0,0.5176899950314322,0.5029483325052387,0.5029483325052387,0,0.01725633316771441,1,0
67200,0.09136278594596277,-5.168991629570916e-06,0.5073333096103614,0,0.5073333096103614,0.5012222182683935,0,0,0.0007613565495496898,501.1701713350264,-0.01691111032034538,67200,0,2,1,1,0,0.5073333096103614,0.5012222182683935,0.5012222182683935,0,0.01691111032034538,1,0
67260,0.09105704618640011,-5.024223618224805e-06,0.4972694597235057,0,0.4972694597235057,0.4995449099539176,0,0,0.0007588087182200009,499.4930371923069,-0.01657564865745019,67260,0,2,1,1,0,0.4972694597235057,0.4995449099539176,0.4995449099539176,0,0.01657564865745019,1,0
67320,0.09075986772518736,-4.885147658194181e-06,0.4874874168922769,0,0.4874874168922769,0.4979145694820461,0,0,0.000756332231043228,497.8628660150492,-0.0162495805630759,67320,0,2,1,1,0,0.4874874168922769,0.4979145694820461,0.4979145694820461,0,0.0162495805630759,1,0
67380,0.09047082036476245,-4.751426285044418e-06,0.4779730205649257,0,0.4779730205649257,0.496328836760821,0,0,0.000753923503039687,496.2772979563675,-0.01593243401883086,67380,0,2,1,1,0,0.4779730205649257,0.496328836760821,0.496328836760821,0,0.01593243401883086,1,0
67440,0.09018959178328013,-4.622788503197411e-06,0.4687159902330524,0,0.4687159902330524,0.4947859983721755,0,0,0.0007515799315273345,494.7346197761163,-0.01562386634110175,67440,0,2,1,1,0,0.4687159902330524,0.4947859983721755,0.4947859983721755,0,0.01562386634110175,1,0
67500,0.08991587986315634,-4.498977777064578e-06,0.4597063812757192,0,0.4597063812757192,0.4932843968792865,0,0,0.0007492989988596362,493.233174209581,-0.01532354604252397,67500,0,2,1,1,0,0.4597063812757192,0.4932843968792865,0.4932843968792865,0,0.01532354604252397,1,0
67560,0.08964948926847555,-4.379794318269306e-06,0.4509377639392871,0,0.4509377639392871,0.4918229606565478,0,0,0.0007470790772372962,491.7718897424328,-0.01503125879797624,67560,0,2,1,1,0,0.4509377639392871,0.4918229606565478,0.4918229606565478,0,0.01503125879797624,1,0
67620,0.08939012811997712,-4.265002637707859e-06,0.4424005306114918,0,0.4424005306114918,0.4904000884352487,0,0,0.0007449177343331427,490.3491652722369,-0.01474668435371639,67620,0,2,1,1,0,0.4424005306114918,0.4904000884352487,0.4904000884352487,0,0.01474668435371639,1,0
67680,0.08913753633300762,-4.154389420965337e-06,0.4340861202438329,0,0.4340861202438329,0.4890143533739721,0,0,0.0007428128027750636,488.9635741057394,-0.01446953734146109,67680,0,2,1,1,0,0.4340861202438329,0.4890143533739721,0.4890143533739721,0,0.01446953734146109,1,0
67740,0.08889144364890138,-4.047744352600642e-06,0.42598563689603,0,0.42598563689603,0.487664272816005,0,0,0.0007407620304075115,487.6136337401865,-0.01419952122986767,67740,0,2,1,1,0,0.42598563689603,0.487664272816005,0.487664272816005,0,0.01419952122986767,1,0
67800,0.088651637622288,-3.944889034850215e-06,0.4180920876329162,0,0.4180920876329162,0.4863486812721527,0,0,0.0007387636468524,486.298178807408,-0.01393640292109721,67800,0,2,1,1,0,0.4180920876329162,0.4863486812721527,0.4863486812721527,0,0.01393640292109721,1,0
67860,0.08841789678820143,-3.8456472041103e-06,0.4103981826267753,0,0.4103981826267753,0.4850663637711292,0,0,0.0007368158065683452,485.0159944622804,-0.01367993942089251,67860,0,2,1,1,0,0.4103981826267753,0.4850663637711292,0.4850663637711292,0,0.01367993942089251,1,0
67920,0.0881900093687014,-3.749852503298064e-06,0.4028969509118308,0,0.4028969509118308,0.4838161584853051,0,0,0.0007349167447391784,483.7659189978186,-0.01342989836372769,67920,0,2,1,1,0,0.4028969509118308,0.4838161584853051,0.4838161584853051,0,0.01342989836372769,1,0
67980,0.08796778314854717,-3.657352134468114e-06,0.3955820654557991,0,0.3955820654557991,0.4825970109092999,0,0,0.0007330648595712264,482.546898018142,-0.01318606884852664,67980,0,2,1,1,0,0.3955820654557991,0.4825970109092999,0.4825970109092999,0,0.01318606884852664,1,0
68040,0.08775101725917639,-3.567994672893569e-06,0.3884469143902693,0,0.3884469143902693,0.4814078190650449,0,0,0.0007312584771598032,481.3578296596115,-0.01294823047967564,68040,0,2,1,1,0,0.3884469143902693,0.4814078190650449,0.4814078190650449,0,0.01294823047967564,1,0
68100,0.08753951954413471,-3.481637095763375e-06,0.3814851726179955,0,0.3814851726179955,0.4802475287696659,0,0,0.0007294959962011225,480.1976598488189,-0.01271617242059985,68100,0,2,1,1,0,0.3814851726179955,0.4802475287696659,0.4802475287696659,0,0.01271617242059985,1,0
68160,0.08733311995713158,-3.398149814998971e-06,0.3746912428285576,0,0.3746912428285576,0.479115207138093,0,0,0.0007277759996427632,479.0654557975653,-0.01248970809428525,68160,0,2,1,1,0,0.3746912428285576,0.479115207138093,0.479115207138093,0,0.01248970809428525,1,0
68220,0.08713164844005912,-3.31740726321569e-06,0.3680595273225515,0,0.3680595273225515,0.4780099212204253,0,0,0.000726097070333826,477.9602846528275,-0.01226865091075172,68220,0,2,1,1,0,0.3680595273225515,0.4780099212204253,0.4780099212204253,0,0.01226865091075172,1,0
68280,0.086934944442145,-3.239291501203897e-06,0.3615847413477615,0,0.3615847413477615,0.476930790224627,0,0,0.0007244578703512084,476.881265714031,-0.01205282471159205,68280,0,2,1,1,0,0.3615847413477615,0.476930790224627,0.476930790224627,0,0.01205282471159205,1,0
68340,0.08674285751404635,-3.163692133093929e-06,0.3552619326545874,0,0.3552619326545874,0.4758769887757645,0,0,0.0007228571459503863,475.8275736919493,-0.01184206442181958,68340,0,2,1,1,0,0.3552619326545874,0.4758769887757645,0.4758769887757645,0,0.01184206442181958,1,0
68400,0.08655522916588279,-3.090498949441835e-06,0.3490858843279394,0,0.3490858843279394,0.4748476473879898,0,0,0.0007212935763823566,474.7983391910218,-0.01163619614426465,68400,0,2,1,1,0,0.3490858843279394,0.4748476473879898,0.4748476473879898,0,0.01163619614426465,1,0
68460,0.08637191517638007,-3.019610526703968e-06,0.3430518491237677,0,0.3430518491237677,0.4738419748539613,0,0,0.0007197659598031672,473.7927710860657,-0.01143506163745892,68460,0,2,1,1,0,0.3430518491237677,0.4738419748539613,0.4738419748539613,0,0.01143506163745892,1,0
68520,0.08619278082205757,-2.950932045301976e-06,0.3371553924311246,0,0.3371553924311246,0.4728592320718542,0,0,0.0007182731735171465,472.8101303520048,-0.01123851308103749,68520,0,2,1,1,0,0.3371553924311246,0.4728592320718542,0.4728592320718542,0,0.01123851308103749,1,0
68580,0.08601769566513874,-2.884373052636e-06,0.3313922207089779,0,0.3313922207089779,0.4718987034514963,0,0,0.0007168141305428228,471.8497014729738,-0.01104640735696593,68580,0,2,1,1,0,0.3313922207089779,0.4718987034514963,0.4718987034514963,0,0.01104640735696593,1,0
68640,0.08584653582149951,-2.819848146132615e-06,0.3257582561388914,0,0.3257582561388914,0.4709597093564818,0,0,0.0007153877985124959,470.9108048831403,-0.01085860853796305,68640,0,2,1,1,0,0.3257582561388914,0.4709597093564818,0.4709597093564818,0,0.01085860853796305,1,0
68700,0.08567918396066831,-2.757276777924974e-06,0.3202496366250274,0,0.3202496366250274,0.4700416061041712,0,0,0.000713993199672236,469.9927969667048,-0.01067498788750091,68700,0,2,1,1,0,0.3202496366250274,0.4700416061041712,0.4700416061041712,0,0.01067498788750091,1,0
68760,0.0855155182906697,-2.696579000608209e-06,0.3148623532149344,0,0.3148623532149344,0.4691437255358223,0,0,0.0007126293190889141,469.0950096343068,-0.01049541177383115,68760,0,2,1,1,0,0.3148623532149344,0.4691437255358223,0.4691437255358223,0,0.01049541177383115,1,0
68820,0.08535543678798294,-2.637684330937645e-06,0.3095930476623749,0,0.3095930476623749,0.4682655079437291,0,0,0.0007112953065665245,468.2168832363602,-0.0103197682554125,68820,0,2,1,1,0,0.3095930476623749,0.4682655079437291,0.4682655079437291,0,0.0103197682554125,1,0
68880,0.08519883950706618,-2.580524954143242e-06,0.3044384301206779,0,0.3044384301206779,0.4674064050201129,0,0,0.0007099903292255515,467.3578695220229,-0.01014794767068927,68880,0,2,1,1,0,0.3044384301206779,0.4674064050201129,0.4674064050201129,0,0.01014794767068927,1,0
68940,0.08504563232710564,-2.52503698063527e-06,0.2993954024722072,0,0.2993954024722072,0.4665659004120345,0,0,0.0007087136027258804,466.5174521919735,-0.009979846749073573,68940,0,2,1,1,0,0.2993954024722072,0.4665659004120345,0.4665659004120345,0,0.009979846749073573,1,0
69000,0.08489572734800854,-2.471160445172791e-06,0.29446107136302,0,0.29446107136302,0.4657435118938367,0,0,0.0007074643945667379,465.6951490706293,-0.009815369045434001,69000,0,2,1,1,0,0.29446107136302,0.4657435118938367,0.4657435118938367,0,0.009815369045434001,1,0
69060,0.08474900154716079,-2.418824474515941e-06,0.2896313873324816,0,0.2896313873324816,0.4649385645554137,0,0,0.0007062416795596733,464.8902853179672,-0.009654379577749388,69060,0,2,1,1,0,0.2896313873324816,0.4649385645554137,0.4649385645554137,0,0.009654379577749388,1,0
69120,0.08460536671213539,-2.367972363230676e-06,0.2849034467457336,0,0.2849034467457336,0.4641505744576223,0,0,0.0007050447226011283,464.1023770450963,-0.009496781558191121,69120,0,2,1,1,0,0.2849034467457336,0.4641505744576223,0.4641505744576223,0,0.009496781558191121,1,0
69180,0.0844647544652076,-2.318555812119432e-06,0.2802749988547601,0,0.2802749988547601,0.4633791664757933,0,0,0.00070387295387673,463.3310491663001,-0.009342499961825339,69180,0,2,1,1,0,0.2802749988547601,0.4633791664757933,0.4633791664757933,0,0.009342499961825339,1,0
69240,0.08432708820363569,-2.270524874826354e-06,0.2757435221736566,0,0.2757435221736566,0.4626239203622761,0,0,0.0007027257350302973,462.5758814775668,-0.009191450739121887,69240,0,2,1,1,0,0.2757435221736566,0.4626239203622761,0.4626239203622761,0,0.009191450739121887,1,0
69300,0.08419229615755854,-2.223832529035405e-06,0.2713066542975162,0,0.2713066542975162,0.4618844423829193,0,0,0.0007016024679796544,461.8364802856303,-0.00904355514325054,69300,0,2,1,1,0,0.2713066542975162,0.4618844423829193,0.4618844423829193,0,0.00904355514325054,1,0
69360,0.08406028163698526,-2.178424379373751e-06,0.26696121254066,0,0.26696121254066,0.46116020209011,0,0,0.0007005023469748771,461.1123151979593,-0.008898707084688665,69360,0,2,1,1,0,0.26696121254066,0.46116020209011,0.46116020209011,0,0.008898707084688665,1,0
69420,0.08393093785158438,-2.134243959317585e-06,0.2627036817506379,0,0.2627036817506379,0.4604506136251064,0,0,0.0006994244820965366,460.4028004166477,-0.008756789391687928,69420,0,2,1,1,0,0.2627036817506379,0.4604506136251064,0.4604506136251064,0,0.008756789391687928,1,0
69480,0.08380422088169841,-2.091257469540499e-06,0.2585326162507702,0,0.2585326162507702,0.4597554360417951,0,0,0.0006983685073474867,459.7076950206019,-0.008617753875025672,69480,0,2,1,1,0,0.2585326162507702,0.4597554360417951,0.4597554360417951,0,0.008617753875025672,1,0
69540,0.08368006257334355,-2.049423762641088e-06,0.2544457726577862,0,0.2544457726577862,0.4590742954429644,0,0,0.0006973338547778629,459.0266251514358,-0.008481525755259541,69540,0,2,1,1,0,0.2544457726577862,0.4590742954429644,0.4590742954429644,0,0.008481525755259541,1,0
69600,0.08355839802878053,-2.008703762018126e-06,0.2504410147722362,0,0.2504410147722362,0.4584068357953727,0,0,0.0006963199835731711,458.3592348128781,-0.008348033825741208,69600,0,2,1,1,0,0.2504410147722362,0.4584068357953727,0.4584068357953727,0,0.008348033825741208,1,0
69660,0.08343915954132328,-1.969058384913089e-06,0.2465161139342755,0,0.2465161139342755,0.4577526856557125,0,0,0.0006953263295110273,457.7051526001923,-0.008217203797809184,69660,0,2,1,1,0,0.2465161139342755,0.4577526856557125,0.4577526856557125,0,0.008217203797809184,1,0
69720,0.08332225038310334,-1.930439912572625e-06,0.2426678862114331,0,0.2426678862114331,0.4571113143685722,0,0,0.0006943520865258612,457.0638479130697,-0.008088929540381103,69720,0,2,1,1,0,0.2426678862114331,0.4571113143685722,0.4571113143685722,0,0.008088929540381103,1,0
69780,0.08320762773286422,-1.892819395764119e-06,0.2388949220824297,0,0.2388949220824297,0.4564824870137383,0,0,0.0006933968977738685,456.4350858556912,-0.007963164069414323,69780,0,2,1,1,0,0.2388949220824297,0.4564824870137383,0.4564824870137383,0,0.007963164069414323,1,0
69840,0.08309523104281574,-1.856162771667554e-06,0.2351952285324468,0,0.2351952285324468,0.4558658714220745,0,0,0.0006924602586901312,455.8185342934128,-0.00783984095108156,69840,0,2,1,1,0,0.2351952285324468,0.4558658714220745,0.4558658714220745,0,0.00783984095108156,1,0
69900,0.08298500211420184,-1.820437511040171e-06,0.2315668898683958,0,0.2315668898683958,0.4552611483113992,0,0,0.0006915416842850154,455.2138739772074,-0.007718896328946527,69900,0,2,1,1,0,0.2315668898683958,0.4552611483113992,0.4552611483113992,0,0.007718896328946527,1,0
69960,0.08287688509730065,-1.785612570682476e-06,0.2280080677189149,0,0.2280080677189149,0.4546680112864859,0,0,0.0006906407091441721,454.6207985436643,-0.00760026892396383,69960,0,2,1,1,0,0.2280080677189149,0.4546680112864859,0.4546680112864859,0,0.00760026892396383,1,0
70020,0.08277082074913375,-1.751656515094838e-06,0.2245168120188863,0,0.2245168120188863,0.454086135336481,0,0,0.0006897568395761146,454.0389830156792,-0.007483893733962876,70020,0,2,1,1,0,0.2245168120188863,0.454086135336481,0.454086135336481,0,0.007483893733962876,1,0
70080,0.08266675903727169,-1.718541526327541e-06,0.2210914758812272,0,0.2210914758812272,0.4535152459802046,0,0,0.0006888896586439308,453.4681529405743,-0.007369715862707574,70080,0,2,1,1,0,0.2210914758812272,0.4535152459802046,0.4535152459802046,0,0.007369715862707574,1,0
70140,0.08256465035773006,-1.686240526136587e-06,0.2177304265217272,0,0.2177304265217272,0.4529550710869545,0,0,0.0006880387529810838,452.9080362159054,-0.007257680884057575,70140,0,2,1,1,0,0.2177304265217272,0.4529550710869545,0.4529550710869545,0,0.007257680884057575,1,0
70200,0.08246444693785604,-1.654727593871959e-06,0.2144320914369993,0,0.2144320914369993,0.4524053485728332,0,0,0.0006872037244821336,452.35837078499,-0.007147736381233309,70200,0,2,1,1,0,0.2144320914369993,0.4524053485728332,0.4524053485728332,0,0.007147736381233309,1,0
70260,0.08236610322600207,-1.623978054009164e-06,0.2111949712311412,0,0.2111949712311412,0.4518658285385236,0,0,0.0006863841935500173,451.8189067744604,-0.007039832374371373,70260,0,2,1,1,0,0.2111949712311412,0.4518658285385236,0.4518658285385236,0,0.007039832374371373,1,0
70320,0.08226957306412823,-1.593967563589042e-06,0.2080175465480001,0,0.2080175465480001,0.451336257758,0,0,0.000685579775534402,451.2893909845859,-0.006933918218266669,70320,0,2,1,1,0,0.2080175465480001,0.451336257758,0.451336257758,0,0.006933918218266669,1,0
70380,0.08217481416539638,-1.564673482508946e-06,0.2048984254574182,0,0.2048984254574182,0.4508164042429031,0,0,0.0006847901180449697,450.7695914510969,-0.006829947515247274,70380,0,2,1,1,0,0.2048984254574182,0.4508164042429031,0.4508164042429031,0,0.006829947515247274,1,0
70440,0.08208178783869385,-1.536074741024956e-06,0.2018363343875529,0,0.2018363343875529,0.4503060557312588,0,0,0.0006840148986557821,450.2592959340606,-0.00672787781291843,70440,0,2,1,1,0,0.2018363343875529,0.4503060557312588,0.4503060557312588,0,0.00672787781291843,1,0
70476.51863628908,0.08202599999635334,-1.518999998885742e-06,0.1999999998799651,0,0.1999999998799651,0.4499999999799942,0,0,0.0006835499999696111,449.9532719636363,-0.006666666662665503,70476.51863628908,0,2,1,1,0,0.1999999998799651,0.4499999999799942,0.4499999999799942,0,0.006666666662665503,1,0
70476.51863628908,0.08202599999635334,-1.518999999797407e-06,0.2,0,0.1999999998799651,0.4499999999799942,0,0,0.0006835499999696111,449.9532719636363,-0.006666666666666667,70476.51863628908,0,1,0,1,0,0.2,0.4499999999799942,0.4499999999799942,0,0.006666666666666667,0,0
70500,0.08199035505806822,-1.517019725448234e-06,0.2,0,0.198826697105603,0.4498044495176005,0,0,0.0006832529588172351,449.7577418072098,-0.006666666666666667,70500,0,1,0,1,0,0.2,0.4498044495176005,0.4498044495176005,0,0.006666666666666667,0,0
70560,0.08189948529828828,-1.51197140546046e-06,0.2,0,0.1958355924387192,0.4493059320731198,0,0,0.0006824957108190689,449.2592761287986,-0.006666666666666667,70560,0,1,0,1,0,0.2,0.4493059320731198,0.4493059320731198,0,0.006666666666666667,0,0
70620,0.08180891750999526,-1.506939861666404e-06,0.2,0,0.1928544275837814,0.4488090712639635,0,0,0.0006817409792499605,448.7624669136868,-0.006666666666666667,70620,0,1,0,1,0,0.2,0.4488090712639635,0.4488090712639635,0,0.006666666666666667,0,0
70680,0.08171865083471812,-1.501925046373229e-06,0.2,0,0.1898831742830192,0.4483138623805032,0,0,0.0006809887569559843,448.2673094527349,-0.006666666666666667,70680,0,1,0,1,0,0.2,0.4483138623805032,0.4483138623805032,0,0.006666666666666667,0,0
70740,0.08162868277130318,-1.496926820627954e-06,0.2,0,0.1869217502074783,0.4478202917012463,0,0,0.0006802390230941931,447.7737900258754,-0.006666666666666667,70740,0,1,0,1,0,0.2,0.4478202917012463,0.4478202917012463,0,0.006666666666666667,0,0
70800,0.08153901403457425,-1.491945224143014e-06,0.2,0,0.1839701788865789,0.4473283631477631,0,0,0.0006794917836214521,447.281912554271,-0.006666666666666667,70800,0,1,0,1,0,0.2,0.4473283631477631,0.4473283631477631,0,0.006666666666666667,0,0
70860,0.08144964462453133,-1.486980256918408e-06,0.2,0,0.1810284603203209,0.4468380767200534,0,0,0.0006787470385377611,446.7916770379218,-0.006666666666666667,70860,0,1,0,1,0,0.2,0.4468380767200534,0.4468380767200534,0,0.006666666666666667,0,0
70920,0.08136056554243365,-1.482031419024092e-06,0.2,0,0.1780962983026222,0.446349383050437,0,0,0.0006780047128536138,446.3030341142738,-0.006666666666666667,70920,0,1,0,1,0,0.2,0.446349383050437,0.446349383050437,0,0.006666666666666667,0,0
70980,0.08127178125713166,-1.477098958729537e-06,0.2,0,0.1751738399319178,0.4458623066553197,0,0,0.0006772648438094305,445.8160082971871,-0.006666666666666667,70980,0,1,0,1,0,0.2,0.4458623066553197,0.4458623066553197,0,0.006666666666666667,0,0
71040,0.08118329191004141,-1.472182883891189e-06,0.2,0,0.1722610898631141,0.445376848310519,0,0,0.0006765274325836784,445.3306003623986,-0.006666666666666667,71040,0,1,0,1,0,0.2,0.445376848310519,0.445376848310519,0,0.006666666666666667,0,0
71100,0.08109509750116288,-1.467283194509049e-06,0.2,0,0.1693580480962109,0.4448930080160352,0,0,0.0006757924791763574,444.8468103099085,-0.006666666666666667,71100,0,1,0,1,0,0.2,0.4448930080160352,0.4448930080160352,0,0.006666666666666667,0,0
71160,0.08100719803049607,-1.462399890583115e-06,0.2,0,0.1664647146312066,0.4444107857718678,0,0,0.0006750599835874672,444.3646381397165,-0.006666666666666667,71160,0,1,0,1,0,0.2,0.4444107857718678,0.4444107857718678,0,0.006666666666666667,0,0
71220,0.080919593498041,-1.457532972113388e-06,0.2,0,0.1635810894681033,0.4439301815780173,0,0,0.0006743299458170083,443.884083851823,-0.006666666666666667,71220,0,1,0,1,0,0.2,0.4439301815780173,0.4439301815780173,0,0.006666666666666667,0,0
71280,0.08083227551215004,-1.452681972897224e-06,0.2,0,0.1607068963841352,0.4434511493973559,0,0,0.0006736022959345836,443.4051014138806,-0.006666666666666667,71280,0,1,0,1,0,0.2,0.4434511493973559,0.4434511493973559,0,0.006666666666666667,0,0
71340,0.08074524275692868,-1.447846819829371e-06,0.2,0,0.157842092064802,0.4429736820108003,0,0,0.0006728770229744057,442.9276836075558,-0.006666666666666667,71340,0,1,0,1,0,0.2,0.4429736820108003,0.4429736820108003,0,0.006666666666666667,0,0
71400,0.08065850070498273,-1.443027816943485e-06,0.2,0,0.1549868566485428,0.4424978094414238,0,0,0.0006721541725415227,442.4518604528042,-0.006666666666666667,71400,0,1,0,1,0,0.2,0.4424978094414238,0.4424978094414238,0,0.006666666666666667,0,0
71460,0.08057204935631217,-1.438224964239565e-06,0.2,0,0.1521411901353575,0.4420235316892263,0,0,0.0006714337446359348,441.9776319496258,-0.006666666666666667,71460,0,1,0,1,0,0.2,0.4420235316892263,0.4420235316892263,0,0.006666666666666667,0,0
71520,0.08048588871091703,-1.433438261717612e-06,0.2,0,0.1493050925252475,0.441550848754208,0,0,0.0006707157392576419,441.5049980980206,-0.006666666666666667,71520,0,1,0,1,0,0.2,0.441550848754208,0.441550848754208,0,0.006666666666666667,0,0
71580,0.08040001876879727,-1.428667709377626e-06,0.2,0,0.1464785638182113,0.4410797606363686,0,0,0.0006700001564066438,441.0339588979884,-0.006666666666666667,71580,0,1,0,1,0,0.2,0.4410797606363686,0.4410797606363686,0,0.006666666666666667,0,0
71640,0.08031443654360948,-1.423913141311638e-06,0.2,0,0.143661505714598,0.440610250952433,0,0,0.0006692869711967457,440.5644979679555,-0.006666666666666667,71640,0,1,0,1,0,0.2,0.440610250952433,0.440610250952433,0,0.006666666666666667,0,0
71700,0.08022912546911184,-1.41917363717288e-06,0.2,0,0.1408533729134911,0.4401422288189151,0,0,0.0006685760455759321,440.096524433873,-0.006666666666666667,71700,0,1,0,1,0,0.2,0.4401422288189151,0.4401422288189151,0,0.006666666666666667,0,0
71760,0.08014409926151526,-1.41444995897307e-06,0.2,0,0.1380546169030694,0.439675769483845,0,0,0.0006678674938459605,439.6301135359572,-0.006666666666666667,71760,0,1,0,1,0,0.2,0.439675769483845,0.439675769483845,0,0.006666666666666667,0,0
71820,0.08005935792081972,-1.409742106712207e-06,0.2,0,0.1352652376833356,0.4392108729472226,0,0,0.000667161316006831,439.165265274208,-0.006666666666666667,71820,0,1,0,1,0,0.2,0.4392108729472226,0.4392108729472226,0,0.006666666666666667,0,0
71880,0.07997490144702525,-1.405050080390292e-06,0.2,0,0.1324852352542871,0.4387475392090479,0,0,0.0006664575120585438,438.7019796486256,-0.006666666666666667,71880,0,1,0,1,0,0.2,0.4387475392090479,0.4387475392090479,0,0.006666666666666667,0,0
71940,0.07989072984013182,-1.400373880007323e-06,0.2,0,0.1297146096159256,0.438285768269321,0,0,0.0006657560820010985,438.2402566592098,-0.006666666666666667,71940,0,1,0,1,0,0.2,0.438285768269321,0.438285768269321,0,0.006666666666666667,0,0
72000,0.07980684310013945,-1.395713505563303e-06,0.2,0,0.1269533607682511,0.4378255601280418,0,0,0.0006650570258344955,437.7800963059608,-0.006666666666666667,72000,0,1,0,1,0,0.2,0.4378255601280418,0.4378255601280418,0,0.006666666666666667,0,0
72060,0.07972322547135476,-1.391068081741931e-06,0.2,0,0.1242009700906763,0.4373668283484461,0,0,0.0006643602122612896,437.3214121610898,-0.006666666666666667,72060,0,1,0,1,0,0.2,0.4373668283484461,0.4373668283484461,0,0.006666666666666667,0,0
72120,0.07963988212163782,-1.386437895646546e-06,0.2,0,0.1214576076905143,0.4369096012817524,0,0,0.0006636656843469819,436.8642325728713,-0.006666666666666667,72120,0,1,0,1,0,0.2,0.4369096012817524,0.4369096012817524,0,0.006666666666666667,0,0
72180,0.07955681771869602,-1.381823206594223e-06,0.2,0,0.1187234272118505,0.4364539045353084,0,0,0.0006629734809891335,436.408583145994,-0.006666666666666667,72180,0,1,0,1,0,0.2,0.4364539045353084,0.4364539045353084,0,0.006666666666666667,0,0
72240,0.07947403226252939,-1.377224014584966e-06,0.2,0,0.1159984286546871,0.4359997381091145,0,0,0.0006622836021877449,435.9544638804583,-0.006666666666666667,72240,0,1,0,1,0,0.2,0.4359997381091145,0.4359997381091145,0,0.006666666666666667,0,0
72300,0.07939152575313789,-1.372640319618771e-06,0.2,0,0.1132826120190216,0.4355471020031703,0,0,0.0006615960479428157,435.5018747762638,-0.006666666666666667,72300,0,1,0,1,0,0.2,0.4355471020031703,0.4355471020031703,0,0.006666666666666667,0,0
72360,0.07930929819052152,-1.368072121695639e-06,0.2,0,0.1105759773048551,0.4350959962174759,0,0,0.0006609108182543459,435.0508158334106,-0.006666666666666667,72360,0,1,0,1,0,0.2,0.4350959962174759,0.4350959962174759,0,0.006666666666666667,0,0
72420,0.07922734549765806,-1.363519194314336e-06,0.2,0,0.1078783903113254,0.4346463983852208,0,0,0.0006602278791471505,434.6012646874108,-0.006666666666666667,72420,0,1,0,1,0,0.2,0.4346463983852208,0.4346463983852208,0,0.006666666666666667,0,0
72480,0.07914565968873291,-1.358981093818495e-06,0.2,0,0.1051895881742233,0.4341982646957039,0,0,0.0006595471640727743,434.1531775321125,-0.006666666666666667,72480,0,1,0,1,0,0.2,0.4341982646957039,0.4341982646957039,0,0.006666666666666667,0,0
72540,0.07906424639271173,-1.354458132928429e-06,0.2,0,0.1025097561787933,0.4337516260297988,0,0,0.0006588687199392644,433.7065852451827,-0.006666666666666667,72540,0,1,0,1,0,0.2,0.4337516260297988,0.4337516260297988,0,0.006666666666666667,0,0
72600,0.07898310477875681,-1.349950265486489e-06,0.2,0,0.09983886697685307,0.4333064778294756,0,0,0.0006581925398229734,433.2614832690647,-0.006666666666666667,72600,0,1,0,1,0,0.2,0.4333064778294756,0.4333064778294756,0,0.006666666666666667,0,0
72660,0.07890223401603047,-1.345457445335026e-06,0.2,0,0.09717689322022594,0.4328628155367044,0,0,0.0006575186168002539,432.8178670462021,-0.006666666666666667,72660,0,1,0,1,0,0.2,0.4328628155367044,0.4328628155367044,0,0.006666666666666667,0,0
72720,0.07882163327369505,-1.340979626316392e-06,0.2,0,0.09452380756073264,0.4324206345934555,0,0,0.0006568469439474588,432.3757320190384,-0.006666666666666667,72720,0,1,0,1,0,0.2,0.4324206345934555,0.4324206345934555,0,0.006666666666666667,0,0
72780,0.07874130172091287,-1.336516762272937e-06,0.2,0,0.09187958265019347,0.4319799304416989,0,0,0.0006561775143409406,431.935073630017,-0.006666666666666667,72780,0,1,0,1,0,0.2,0.4319799304416989,0.4319799304416989,0,0.006666666666666667,0,0
72840,0.07866123852684626,-1.332068807047014e-06,0.2,0,0.08924419114042959,0.431540698523405,0,0,0.0006555103210570521,431.4958873215814,-0.006666666666666667,72840,0,1,0,1,0,0.2,0.431540698523405,0.431540698523405,0,0.006666666666666667,0,0
72900,0.0785814428606575,-1.327635714480972e-06,0.2,0,0.08661760568326216,0.4311029342805437,0,0,0.0006548453571721458,431.0581685361751,-0.006666666666666667,72900,0,1,0,1,0,0.2,0.4311029342805437,0.4311029342805437,0,0.006666666666666667,0,0
72960,0.07850191389150893,-1.323217438417163e-06,0.2,0,0.08399979893051146,0.4306666331550852,0,0,0.0006541826157625744,430.6219127162413,-0.006666666666666667,72960,0,1,0,1,0,0.2,0.4306666331550852,0.4306666331550852,0,0.006666666666666667,0,0
73020,0.07842265078856289,-1.318813932697939e-06,0.2,0,0.08139074353399911,0.4302317905889999,0,0,0.0006535220899046908,430.1871153042239,-0.006666666666666667,73020,0,1,0,1,0,0.2,0.4302317905889999,0.4302317905889999,0,0.006666666666666667,0,0
73080,0.07834365272098168,-1.314425151165649e-06,0.2,0,0.07879041214554539,0.4297984020242576,0,0,0.0006528637726748473,429.753771742566,-0.006666666666666667,73080,0,1,0,1,0,0.2,0.4297984020242576,0.4297984020242576,0,0.006666666666666667,0,0
73140,0.07826491885792762,-1.310051047662646e-06,0.2,0,0.07619877741697234,0.4293664629028288,0,0,0.0006522076571493969,429.3218774737111,-0.006666666666666667,73140,0,1,0,1,0,0.2,0.4293664629028288,0.4293664629028288,0,0.006666666666666667,0,0
73200,0.07818644688864539,-1.305691493813632e-06,0.2,0,0.07361576328654973,0.4289359605477583,0,0,0.0006515537240720449,428.8914198220209,-0.006666666666666667,73200,0,1,0,1,0,0.2,0.4289359605477583,0.4289359605477583,0,0.006666666666666667,0,0
73260,0.0781082354595642,-1.301346414420234e-06,0.2,0,0.07104132519961226,0.4285068875332687,0,0,0.0006509019621630351,428.4623913624886,-0.006666666666666667,73260,0,1,0,1,0,0.2,0.4285068875332687,0.4285068875332687,0,0.006666666666666667,0,0
73320,0.07803028493256137,-1.297015829586742e-06,0.2,0,0.06847547506785245,0.4280792458446421,0,0,0.0006502523744380113,428.0347940801906,-0.006666666666666667,73320,0,1,0,1,0,0.2,0.4280792458446421,0.4280792458446421,0,0.006666666666666667,0,0
73380,0.0779525944103812,-1.292699689465622e-06,0.2,0,0.06591818335685273,0.4276530305594755,0,0,0.0006496049534198433,427.6086230532347,-0.006666666666666667,73380,0,1,0,1,0,0.2,0.4276530305594755,0.4276530305594755,0,0.006666666666666667,0,0
73440,0.0778751629957681,-1.288397944209339e-06,0.2,0,0.06336942053219552,0.427228236755366,0,0,0.0006489596916314009,427.1838733597292,-0.006666666666666667,73440,0,1,0,1,0,0.2,0.427228236755366,0.427228236755366,0,0.006666666666666667,0,0
73500,0.07779798979146647,-1.28411054397036e-06,0.2,0,0.06082915705946235,0.4268048595099104,0,0,0.000648316581595554,426.7605400777823,-0.006666666666666667,73500,0,1,0,1,0,0.2,0.4268048595099104,0.4268048595099104,0,0.006666666666666667,0,0
73560,0.07772107390022066,-1.279837438901148e-06,0.2,0,0.05829736340423519,0.4263828939007058,0,0,0.0006476756158351721,426.3386182855019,-0.006666666666666667,73560,0,1,0,1,0,0.2,0.4263828939007058,0.4263828939007058,0,0.006666666666666667,0,0
73620,0.07764441442477504,-1.275578579154169e-06,0.2,0,0.05577401003209514,0.4259623350053492,0,0,0.0006470367868731254,425.9181030609962,-0.006666666666666667,73620,0,1,0,1,0,0.2,0.4259623350053492,0.4259623350053492,0,0.006666666666666667,0,0
73680,0.07756801046787402,-1.27133391488189e-06,0.2,0,0.05325906740862552,0.4255431779014375,0,0,0.0006464000872322836,425.4989894823734,-0.006666666666666667,73680,0,1,0,1,0,0.2,0.4255431779014375,0.4255431779014375,0,0.006666666666666667,0,0
73740,0.07749186113226193,-1.267103396236774e-06,0.2,0,0.05075250599940517,0.4251254176665675,0,0,0.0006457655094355161,425.0812726277414,-0.006666666666666667,73740,0,1,0,1,0,0.2,0.4251254176665675,0.4251254176665675,0,0.006666666666666667,0,0
73800,0.07741596552068319,-1.262886973371289e-06,0.2,0,0.0482542962700192,0.4247090493783366,0,0,0.0006451330460056933,424.6649475752087,-0.006666666666666667,73800,0,1,0,1,0,0.2,0.4247090493783366,0.4247090493783366,0,0.006666666666666667,0,0
73860,0.07734032273588218,-1.258684596437898e-06,0.2,0,0.04576440868604958,0.4242940681143416,0,0,0.0006445026894656848,424.2500094028832,-0.006666666666666667,73860,0,1,0,1,0,0.2,0.4242940681143416,0.4242940681143416,0,0.006666666666666667,0,0
73920,0.07726493188060322,-1.254496215589068e-06,0.2,0,0.04328281371307519,0.4238804689521792,0,0,0.0006438744323383602,423.8364531888729,-0.006666666666666667,73920,0,1,0,1,0,0.2,0.4238804689521792,0.4238804689521792,0,0.006666666666666667,0,0
73980,0.07718979203951143,-1.250321779972857e-06,0.2,0,0.04080948122157446,0.4234682468702624,0,0,0.0006432482669959285,423.424273912112,-0.006666666666666667,73980,0,1,0,1,0,0.2,0.4234682468702624,0.4234682468702624,0,0.006666666666666667,0,0
74040,0.0771149023199651,-1.246161239998061e-06,0.2,0,0.03834438182900213,0.4230573969715004,0,0,0.0006426241859997091,423.0134666760184,-0.006666666666666667,74040,0,1,0,1,0,0.2,0.4230573969715004,0.4230573969715004,0,0.006666666666666667,0,0
74100,0.07704026183170488,-1.242014546205827e-06,0.2,0,0.03588748623123372,0.4226479143718723,0,0,0.000642002181930874,422.6040265970784,-0.006666666666666667,74100,0,1,0,1,0,0.2,0.4226479143718723,0.4226479143718723,0,0.006666666666666667,0,0
74160,0.07696586967702923,-1.237881648723846e-06,0.2,0,0.03343876487917141,0.4222397941465286,0,0,0.000641382247308577,422.1959487509537,-0.006666666666666667,74160,0,1,0,1,0,0.2,0.4222397941465286,0.4222397941465286,0,0.006666666666666667,0,0
74220,0.07689172495823664,-1.233762497679813e-06,0.2,0,0.03099818822372047,0.4218330313706201,0,0,0.0006407643746519719,421.7892282133067,-0.006666666666666667,74220,0,1,0,1,0,0.2,0.4218330313706201,0.4218330313706201,0,0.006666666666666667,0,0
74280,0.07681782677762555,-1.22965704320142e-06,0.2,0,0.02856572671578528,0.4214276211192975,0,0,0.0006401485564802129,421.3838600597993,-0.006666666666666667,74280,0,1,0,1,0,0.2,0.4214276211192975,0.4214276211192975,0,0.006666666666666667,0,0
74340,0.07674417423749447,-1.225565235416359e-06,0.2,0,0.02614135080626934,0.4210235584677116,0,0,0.0006395347853124539,420.9798393660939,-0.006666666666666667,74340,0,1,0,1,0,0.2,0.4210235584677116,0.4210235584677116,0,0.006666666666666667,0,0
74400,0.07667076644014187,-1.221487024452326e-06,0.2,0,0.02372503094607836,0.4206208384910131,0,0,0.0006389230536678489,420.5771612078524,-0.006666666666666667,74400,0,1,0,1,0,0.2,0.4206208384910131,0.4206208384910131,0,0.006666666666666667,0,0
74460,0.07659760248786619,-1.21742236043701e-06,0.2,0,0.02131673758611585,0.4202194562643526,0,0,0.0006383133540655516,420.1758206607369,-0.006666666666666667,74460,0,1,0,1,0,0.2,0.4202194562643526,0.4202194562643526,0,0.006666666666666667,0,0
74520,0.07652468148296594,-1.213371193498108e-06,0.2,0,0.0189164411772853,0.4198194068628809,0,0,0.0006377056790247161,419.7758128004096,-0.006666666666666667,74520,0,1,0,1,0,0.2,0.4198194068628809,0.4198194068628809,0,0.006666666666666667,0,0
74580,0.07645200252773958,-1.20933347376331e-06,0.2,0,0.01652411217049288,0.4194206853617489,0,0,0.0006371000210644965,419.3771327025327,-0.006666666666666667,74580,0,1,0,1,0,0.2,0.4194206853617489,0.4194206853617489,0,0.006666666666666667,0,0
74640,0.07637956472448559,-1.205309151360311e-06,0.2,0,0.01413972101664207,0.4190232868361071,0,0,0.0006364963727040466,418.9797754427682,-0.006666666666666667,74640,0,1,0,1,0,0.2,0.4190232868361071,0.4190232868361071,0,0.006666666666666667,0,0
74700,0.07630736717550243,-1.201298176416802e-06,0.2,0,0.01176323816663682,0.4186272063611062,0,0,0.0006358947264625203,418.5837360967783,-0.006666666666666667,74700,0,1,0,1,0,0.2,0.4186272063611062,0.4186272063611062,0,0.006666666666666667,0,0
74760,0.07623541432596383,-1.197300795886879e-06,0.2,0,0.009394809939560211,0.41823246832326,0,0,0.0006352951193830319,418.1890390485443,-0.006666666666666667,74760,0,1,0,1,0,0.2,0.41823246832326,0.41823246832326,0,0.006666666666666667,0,0
74820,0.07616370211736584,-1.193316784298102e-06,0.2,0,0.007034302744102661,0.4178390504573505,0,0,0.0006346975176447153,417.7956620351603,-0.006666666666666667,74820,0,1,0,1,0,0.2,0.4178390504573505,0.4178390504573505,0,0.006666666666666667,0,0
74880,0.07609222897892859,-1.189346054384921e-06,0.2,0,0.004681664875858971,0.4174469441459764,0,0,0.0006341019081577382,417.4035964401199,-0.006666666666666667,74880,0,1,0,1,0,0.2,0.4174469441459764,0.4174469441459764,0,0.006666666666666667,0,0
74940,0.07602099411571543,-1.18538856198419e-06,0.2,0,0.00233687016838191,0.4170561450280636,0,0,0.0006335082842976286,417.0128379028017,-0.006666666666666667,74940,0,1,0,1,0,0.2,0.4170561450280636,0.4170561450280636,0,0.006666666666666667,0,0
75000,0.07594999673278977,-1.181444262932765e-06,0.2,0,-1.075447739751212e-07,0.4166666487425377,0,0,0.0006329166394399147,416.6233820625841,-0.006666666666666667,75000,0,1,0,1,0,0.2,0.4166666487425377,0.4166666487425377,0,0.006666666666666667,0,0
75060,0.07587923603521496,-1.177513113067497e-06,0.2,0,-0.002329294430053697,0.4162784509283243,0,0,0.0006323269669601246,416.2352245588459,-0.006666666666666667,75060,0,1,0,1,0,0.2,0.4162784509283243,0.4162784509283243,0,0.006666666666666667,0,0
75120,0.07580871122805438,-1.173595068225244e-06,0.2,0,-0.004650716653904041,0.4158915472243493,0,0,0.0006317392602337865,415.8483610309656,-0.006666666666666667,75120,0,1,0,1,0,0.2,0.4158915472243493,0.4158915472243493,0,0.006666666666666667,0,0
75180,0.07573842151637143,-1.169690084242857e-06,0.2,0,-0.00696440038277002,0.4155059332695383,0,0,0.0006311535126364286,415.4627871183217,-0.006666666666666667,75180,0,1,0,1,0,0.2,0.4155059332695383,0.4155059332695383,0,0.006666666666666667,0,0
75240,0.07566836610522948,-1.165798116957193e-06,0.2,0,-0.009270371783097975,0.415121604702817,0,0,0.000630569717543579,415.0784984602927,-0.006666666666666667,75240,0,1,0,1,0,0.2,0.415121604702817,0.415121604702817,0,0.006666666666666667,0,0
75300,0.07559854419969186,-1.161919122205103e-06,0.2,0,-0.01156865702133469,0.4147385571631109,0,0,0.0006299878683307655,414.6954906962571,-0.006666666666666667,75300,0,1,0,1,0,0.2,0.4147385571631109,0.4147385571631109,0,0.006666666666666667,0,0
75360,0.075528955004822,-1.158053055823444e-06,0.2,0,-0.01385928226392386,0.414356786289346,0,0,0.0006294079583735166,414.3137594655936,-0.006666666666666667,75360,0,1,0,1,0,0.2,0.414356786289346,0.414356786289346,0,0.006666666666666667,0,0
75420,0.07545959772568327,-1.15419987364907e-06,0.2,0,-0.0161422736773118,0.413976287720448,0,0,0.0006288299810473606,413.9333004076809,-0.006666666666666667,75420,0,1,0,1,0,0.2,0.413976287720448,0.413976287720448,0,0.006666666666666667,0,0
75480,0.07539047156733901,-1.150359531518834e-06,0.2,0,-0.01841765742794532,0.4135970570953424,0,0,0.0006282539297278251,413.5541091618971,-0.006666666666666667,75480,0,1,0,1,0,0.2,0.4135970570953424,0.4135970570953424,0,0.006666666666666667,0,0
75540,0.07532157573485262,-1.14653198526959e-06,0.2,0,-0.02068545968227076,0.4132190900529549,0,0,0.0006276797977904385,413.1761813676211,-0.006666666666666667,75540,0,1,0,1,0,0.2,0.4132190900529549,0.4132190900529549,0,0.006666666666666667,0,0
75600,0.07525290943328748,-1.142717190738193e-06,0.2,0,-0.02294570660673179,0.4128423822322113,0,0,0.000627107578610729,412.7995126642313,-0.006666666666666667,75600,0,1,0,1,0,0.2,0.4128423822322113,0.4128423822322113,0,0.006666666666666667,0,0
75660,0.07518447186770698,-1.138915103761499e-06,0.2,0,-0.0251984243677752,0.4124669292720374,0,0,0.0006265372655642248,412.4240986911064,-0.006666666666666667,75660,0,1,0,1,0,0.2,0.4124669292720374,0.4124669292720374,0,0.006666666666666667,0,0
75720,0.07511626224317444,-1.135125680176358e-06,0.2,0,-0.02744363913184866,0.4120927268113586,0,0,0.0006259688520264537,412.0499350876247,-0.006666666666666667,75720,0,1,0,1,0,0.2,0.4120927268113586,0.4120927268113586,0,0.006666666666666667,0,0
75780,0.07504827976475328,-1.131348875819627e-06,0.2,0,-0.02968137706539586,0.4117197704891007,0,0,0.000625402331372944,411.6770174931649,-0.006666666666666667,75780,0,1,0,1,0,0.2,0.4117197704891007,0.4117197704891007,0,0.006666666666666667,0,0
75840,0.07498052363750686,-1.127584646528159e-06,0.2,0,-0.0319116643348627,0.4113480559441895,0,0,0.0006248376969792238,411.3053415471055,-0.006666666666666667,75840,0,1,0,1,0,0.2,0.4113480559441895,0.4113480559441895,0,0.006666666666666667,0,0
75900,0.07491299306649858,-1.12383294813881e-06,0.2,0,-0.03413452710669551,0.4109775788155507,0,0,0.0006242749422208215,410.9349028888253,-0.006666666666666667,75900,0,1,0,1,0,0.2,0.4109775788155507,0.4109775788155507,0,0.006666666666666667,0,0
75960,0.0748456872567918,-1.120093736488433e-06,0.2,0,-0.03634999154734064,0.4106083347421099,0,0,0.000623714060473265,410.5656971577025,-0.006666666666666667,75960,0,1,0,1,0,0.2,0.4106083347421099,0.4106083347421099,0,0.006666666666666667,0,0
76020,0.07477860541344988,-1.116366967413882e-06,0.2,0,-0.03855808382324311,0.4102403193627929,0,0,0.0006231550451120824,410.1977199931158,-0.006666666666666667,76020,0,1,0,1,0,0.2,0.4102403193627929,0.4102403193627929,0,0.006666666666666667,0,0
76080,0.07471174674153622,-1.112652596752012e-06,0.2,0,-0.04075883010084924,0.4098735283165252,0,0,0.0006225978895128018,409.8309670344437,-0.006666666666666667,76080,0,1,0,1,0,0.2,0.4098735283165252,0.4098735283165252,0,0.006666666666666667,0,0
76140,0.07464511044611417,-1.108950580339676e-06,0.2,0,-0.04295225654660406,0.4095079572422327,0,0,0.0006220425870509514,409.4654339210648,-0.006666666666666667,76140,0,1,0,1,0,0.2,0.4095079572422327,0.4095079572422327,0,0.006666666666666667,0,0
76200,0.07457869573224714,-1.10526087401373e-06,0.2,0,-0.04513838932695391,0.409143601778841,0,0,0.0006214891311020595,409.1011162923577,-0.006666666666666667,76200,0,1,0,1,0,0.2,0.409143601778841,0.409143601778841,0,0.006666666666666667,0,0
76260,0.07451250242464133,-1.101583468035629e-06,0.2,0,-0.0473172342119379,0.4087804609646771,0,0,0.0006209375202053444,408.7380131867491,-0.006666666666666667,76260,0,1,0,1,0,0.2,0.4087804609646771,0.4087804609646771,0,0.006666666666666667,0,0
76320,0.07444653164282233,-1.097918424601241e-06,0.2,0,-0.04948875435081224,0.4084185409415313,0,0,0.0006203877636901861,408.3761307453917,-0.006666666666666667,76320,0,1,0,1,0,0.2,0.4084185409415313,0.4084185409415313,0,0.006666666666666667,0,0
76380,0.07438078045353139,-1.094265580751744e-06,0.2,0,-0.05165304629587242,0.4080578256173545,0,0,0.0006198398371127616,408.0154528779074,-0.006666666666666667,76380,0,1,0,1,0,0.2,0.4080578256173545,0.4080578256173545,0,0.006666666666666667,0,0
76440,0.07431524807935574,-1.090624893297541e-06,0.2,0,-0.05381013563674353,0.4076983107272095,0,0,0.0006192937339946312,407.6559753198015,-0.006666666666666667,76440,0,1,0,1,0,0.2,0.4076983107272095,0.4076983107272095,0,0.006666666666666667,0,0
76500,0.07424993374288263,-1.086996319049035e-06,0.2,0,-0.05596004796304666,0.4073399920061589,0,0,0.0006187494478573553,407.2976938065799,-0.006666666666666667,76500,0,1,0,1,0,0.2,0.4073399920061589,0.4073399920061589,0,0.006666666666666667,0,0
76560,0.07418483666669938,-1.083379814816632e-06,0.2,0,-0.05810280886440466,0.4069828651892659,0,0,0.0006182069722224948,406.9406040737486,-0.006666666666666667,76560,0,1,0,1,0,0.2,0.4069828651892659,0.4069828651892659,0,0.006666666666666667,0,0
76620,0.07411995607339321,-1.079775337410733e-06,0.2,0,-0.06023844393044131,0.4066269260115932,0,0,0.00061766630061161,406.5847018568131,-0.006666666666666667,76620,0,1,0,1,0,0.2,0.4066269260115932,0.4066269260115932,0,0.006666666666666667,0,0
76680,0.07405529118555138,-1.076182843641743e-06,0.2,0,-0.06236697875077768,0.4062721702082038,0,0,0.0006171274265462615,406.2299828912792,-0.006666666666666667,76680,0,1,0,1,0,0.2,0.4062721702082038,0.4062721702082038,0,0.006666666666666667,0,0
76740,0.07399084122576116,-1.072602290320064e-06,0.2,0,-0.06448843891503708,0.4059185935141604,0,0,0.0006165903435480097,405.8764429126526,-0.006666666666666667,76740,0,1,0,1,0,0.2,0.4059185935141604,0.4059185935141604,0,0.006666666666666667,0,0
76800,0.07392660541660979,-1.069033634256099e-06,0.2,0,-0.06660285001284461,0.405566191664526,0,0,0.0006160550451384149,405.524077656439,-0.006666666666666667,76800,0,1,0,1,0,0.2,0.405566191664526,0.405566191664526,0,0.006666666666666667,0,0
76860,0.07386258298068456,-1.065476832260253e-06,0.2,0,-0.06871023763382,0.4052149603943634,0,0,0.000615521524839038,405.1728828581442,-0.006666666666666667,76860,0,1,0,1,0,0.2,0.4052149603943634,0.4052149603943634,0,0.006666666666666667,0,0
76920,0.07379877314057272,-1.061931841142929e-06,0.2,0,-0.07081062736758614,0.4048648954387356,0,0,0.0006149897761714393,404.8228542532742,-0.006666666666666667,76920,0,1,0,1,0,0.2,0.4048648954387356,0.4048648954387356,0,0.006666666666666667,0,0
76980,0.07373517511886152,-1.058398617714528e-06,0.2,0,-0.07290404480376811,0.4045159925327053,0,0,0.0006144597926571793,404.4739875773344,-0.006666666666666667,76980,0,1,0,1,0,0.2,0.4045159925327053,0.4045159925327053,0,0.006666666666666667,0,0
77040,0.07367178813813823,-1.054877118785457e-06,0.2,0,-0.07499051553198699,0.4041682474113354,0,0,0.0006139315678178185,404.1262785658305,-0.006666666666666667,77040,0,1,0,1,0,0.2,0.4041682474113354,0.4041682474113354,0,0.006666666666666667,0,0
77100,0.07360861142099012,-1.051367301166118e-06,0.2,0,-0.0770700651418661,0.403821655809689,0,0,0.0006134050951749177,403.7797229542687,-0.006666666666666667,77100,0,1,0,1,0,0.2,0.403821655809689,0.403821655809689,0,0.006666666666666667,0,0
77160,0.07354564419000446,-1.047869121666915e-06,0.2,0,-0.07914271922302607,0.403476213462829,0,0,0.0006128803682500372,403.4343164781545,-0.006666666666666667,77160,0,1,0,1,0,0.2,0.403476213462829,0.403476213462829,0,0.006666666666666667,0,0
77220,0.07348288566776845,-1.044382537098247e-06,0.2,0,-0.08120850336509333,0.4031319161058177,0,0,0.0006123573805647371,403.0900548729932,-0.006666666666666667,77220,0,1,0,1,0,0.2,0.4031319161058177,0.4031319161058177,0,0.006666666666666667,0,0
77280,0.07342033507686943,-1.040907504270524e-06,0.2,0,-0.08326744315768764,0.4027887594737187,0,0,0.0006118361256405786,402.7469338742914,-0.006666666666666667,77280,0,1,0,1,0,0.2,0.4027887594737187,0.4027887594737187,0,0.006666666666666667,0,0
77340,0.07335799163989461,-1.037443979994144e-06,0.2,0,-0.08531956419043452,0.4024467393015942,0,0,0.0006113165969991217,402.4049492175541,-0.006666666666666667,77340,0,1,0,1,0,0.2,0.4024467393015942,0.4024467393015942,0,0.006666666666666667,0,0
77400,0.07329585457943126,-1.033991921079515e-06,0.2,0,-0.08736489205295372,0.4021058513245077,0,0,0.0006107987881619272,402.0640966382874,-0.006666666666666667,77400,0,1,0,1,0,0.2,0.4021058513245077,0.4021058513245077,0,0.006666666666666667,0,0
77460,0.07323392311806666,-1.030551284337037e-06,0.2,0,-0.0894034523348699,0.4017660912775217,0,0,0.0006102826926505555,401.7243718719971,-0.006666666666666667,77460,0,1,0,1,0,0.2,0.4017660912775217,0.4017660912775217,0,0.006666666666666667,0,0
77520,0.07317219647838805,-1.027122026577114e-06,0.2,0,-0.09143527062580503,0.4014274548956992,0,0,0.000609768303986567,401.3857706541888,-0.006666666666666667,77520,0,1,0,1,0,0.2,0.4014274548956992,0.4014274548956992,0,0.006666666666666667,0,0
77580,0.07311067388298269,-1.023704104610149e-06,0.2,0,-0.09346037251538242,0.401089937914103,0,0,0.0006092556156915223,401.0482887203681,-0.006666666666666667,77580,0,1,0,1,0,0.2,0.401089937914103,0.401089937914103,0,0.006666666666666667,0,0
77640,0.07304935620897049,-1.020297567165027e-06,0.2,0,-0.09547872913197875,0.4007535451446703,0,0,0.0006087446350747541,400.7119308819729,-0.006666666666666667,77640,0,1,0,1,0,0.2,0.4007535451446703,0.4007535451446703,0,0.006666666666666667,0,0
77700,0.07298825313270471,-1.016902951816929e-06,0.2,0,-0.09749002196495304,0.4004183296725078,0,0,0.0006082354427725393,400.3767502185972,-0.006666666666666667,77700,0,1,0,1,0,0.2,0.4004183296725078,0.4004183296725078,0,0.006666666666666667,0,0
77760,0.07292735346985005,-1.013519637213892e-06,0.2,0,-0.09949461916227653,0.4000842301396206,0,0,0.0006077279455820837,400.0426853786177,-0.006666666666666667,77760,0,1,0,1,0,0.2,0.4000842301396206,0.4000842301396206,0,0.006666666666666667,0,0
77820,0.07286665651086691,-1.010147583937051e-06,0.2,0,-0.1014925440794299,0.3997512426534283,0,0,0.0006072221375905576,399.7097324698581,-0.006666666666666667,77820,0,1,0,1,0,0.2,0.3997512426534283,0.3997512426534283,0,0.006666666666666667,0,0
77880,0.07280616154621566,-1.006786752567537e-06,0.2,0,-0.1034838200718999,0.39941936332135,0,0,0.0006067180128851306,399.3778876001416,-0.006666666666666667,77880,0,1,0,1,0,0.2,0.39941936332135,0.39941936332135,0,0.006666666666666667,0,0
77940,0.07274586786635666,-1.003437103686481e-06,0.2,0,-0.1054684704951723,0.3990885882508046,0,0,0.0006062155655529722,399.0471468772916,-0.006666666666666667,77940,0,1,0,1,0,0.2,0.3990885882508046,0.3990885882508046,0,0.006666666666666667,0,0
78000,0.07268577476175028,-1.000098597875016e-06,0.2,0,-0.1074465187047307,0.3987589135492116,0,0,0.0006057147896812524,398.7175064091316,-0.006666666666666667,78000,0,1,0,1,0,0.2,0.3987589135492116,0.3987589135492116,0,0.006666666666666667,0,0
78060,0.07262588152285691,-9.96771195714273e-07,0.2,0,-0.1094179880560597,0.3984303353239901,0,0,0.0006052156793571409,398.388962303485,-0.006666666666666667,78060,0,1,0,1,0,0.2,0.3984303353239901,0.3984303353239901,0,0.006666666666666667,0,0
78120,0.0725661874401369,-9.934548577853835e-07,0.2,0,-0.1113829019046442,0.3981028496825593,0,0,0.0006047182286678075,398.0615106681751,-0.006666666666666667,78120,0,1,0,1,0,0.2,0.3981028496825593,0.3981028496825593,0,0.006666666666666667,0,0
78180,0.07250669180405066,-9.901495446694806e-07,0.2,0,-0.1133412836059695,0.3977764527323385,0,0,0.0006042224317004221,397.7351476110254,-0.006666666666666667,78180,0,1,0,1,0,0.2,0.3977764527323385,0.3977764527323385,0,0.006666666666666667,0,0
78240,0.0724473939050585,-9.868552169476943e-07,0.2,0,-0.1152931565155204,0.3974511405807467,0,0,0.0006037282825421542,397.4098692398592,-0.006666666666666667,78240,0,1,0,1,0,0.2,0.3974511405807467,0.3974511405807467,0,0.006666666666666667,0,0
78300,0.07238829303362085,-9.835718352011583e-07,0.2,0,-0.1172385439887806,0.3971269093352033,0,0,0.0006032357752801738,397.0856716625002,-0.006666666666666667,78300,0,1,0,1,0,0.2,0.3971269093352033,0.3971269093352033,0,0.006666666666666667,0,0
78360,0.07232938848019804,-9.802993600110023e-07,0.2,0,-0.1191774693812357,0.3968037551031273,0,0,0.0006027449040016503,396.7625509867714,-0.006666666666666667,78360,0,1,0,1,0,0.2,0.3968037551031273,0.3968037551031273,0,0.006666666666666667,0,0
78420,0.07227067953525049,-9.770377519583601e-07,0.2,0,-0.1211099560483713,0.3964816739919381,0,0,0.000602255662793754,396.4405033204965,-0.006666666666666667,78420,0,1,0,1,0,0.2,0.3964816739919381,0.3964816739919381,0,0.006666666666666667,0,0
78480,0.07221216548923853,-9.73786971624363e-07,0.2,0,-0.1230360273456701,0.3961606621090549,0,0,0.0006017680457436544,396.119524771499,-0.006666666666666667,78480,0,1,0,1,0,0.2,0.3961606621090549,0.3961606621090549,0,0.006666666666666667,0,0
78540,0.07215384563262255,-9.705469795901411e-07,0.2,0,-0.1249557066286191,0.3958407155618968,0,0,0.0006012820469385212,395.7996114476019,-0.006666666666666667,78540,0,1,0,1,0,0.2,0.3958407155618968,0.3958407155618968,0,0.006666666666666667,0,0
78600,0.07209571925586292,-9.673177364368287e-07,0.2,0,-0.1268690172527016,0.395521830457883,0,0,0.0006007976604655243,395.4807594566289,-0.006666666666666667,78600,0,1,0,1,0,0.2,0.395521830457883,0.395521830457883,0,0.006666666666666667,0,0
78660,0.07203778564942001,-9.640992027455559e-07,0.2,0,-0.1287759825734032,0.3952040029044328,0,0,0.0006003148804118334,395.1629649064034,-0.006666666666666667,78660,0,1,0,1,0,0.2,0.3952040029044328,0.3952040029044328,0,0.006666666666666667,0,0
78720,0.07198004410375418,-9.608913390974539e-07,0.2,0,-0.1306766259462093,0.3948872290089652,0,0,0.0005998337008646181,394.8462239047486,-0.006666666666666667,78720,0,1,0,1,0,0.2,0.3948872290089652,0.3948872290089652,0,0.006666666666666667,0,0
78780,0.07192249390932584,-9.576941060736575e-07,0.2,0,-0.1325709707266016,0.3945715048788997,0,0,0.0005993541159110486,394.5305325594883,-0.006666666666666667,78780,0,1,0,1,0,0.2,0.3945715048788997,0.3945715048788997,0,0.006666666666666667,0,0
78840,0.07186513435659533,-9.54507464255296e-07,0.2,0,-0.1344590402700683,0.3942568266216553,0,0,0.0005988761196382944,394.2158869784456,-0.006666666666666667,78840,0,1,0,1,0,0.2,0.3942568266216553,0.3942568266216553,0,0.006666666666666667,0,0
78900,0.07180796473602302,-9.513313742235009e-07,0.2,0,-0.1363408579320931,0.3939431903446512,0,0,0.0005983997061335251,393.9022832694438,-0.006666666666666667,78900,0,1,0,1,0,0.2,0.3939431903446512,0.3939431903446512,0,0.006666666666666667,0,0
78960,0.07175098433806928,-9.481657965594043e-07,0.2,0,-0.1382164470681611,0.3936305921553065,0,0,0.0005979248694839107,393.5897175403065,-0.006666666666666667,78960,0,1,0,1,0,0.2,0.3936305921553065,0.3936305921553065,0,0.006666666666666667,0,0
79020,0.07169419288708845,-9.450107159493584e-07,0.2,0,-0.1400858167515318,0.3933190305414113,0,0,0.0005974516073924038,393.2781882789806,-0.006666666666666667,79020,0,1,0,1,0,0.2,0.3933190305414113,0.3933190305414113,0,0.006666666666666667,0,0
79080,0.07163759892217295,-9.418666067873854e-07,0.2,0,-0.1419486859060912,0.3930085523489847,0,0,0.0005969799910181078,392.9677423266209,-0.006666666666666667,79080,0,1,0,1,0,0.2,0.3930085523489847,0.3930085523489847,0,0.006666666666666667,0,0
79140,0.07158119333328472,-9.38732962960262e-07,0.2,0,-0.1438053544014246,0.3926991075997626,0,0,0.0005965099444440393,392.6583297101527,-0.006666666666666667,79140,0,1,0,1,0,0.2,0.3926991075997626,0.3926991075997626,0,0.006666666666666667,0,0
79200,0.07152497546401644,-9.356097480009136e-07,0.2,0,-0.1456558438440929,0.3923906926926511,0,0,0.0005960414622001371,392.3499468288564,-0.006666666666666667,79200,0,1,0,1,0,0.2,0.3923906926926511,0.3923906926926511,0,0.006666666666666667,0,0
79260,0.07146894465796079,-9.324969254422662e-07,0.2,0,-0.1475001758406584,0.3920833040265569,0,0,0.0005955745388163399,392.0425900820125,-0.006666666666666667,79260,0,1,0,1,0,0.2,0.3920833040265569,0.3920833040265569,0,0.006666666666666667,0,0
79320,0.07141310025871049,-9.293944588172495e-07,0.2,0,-0.1493383719976791,0.3917769380003868,0,0,0.0005951091688225874,391.7362558689016,-0.006666666666666667,79320,0,1,0,1,0,0.2,0.3917769380003868,0.3917769380003868,0,0.006666666666666667,0,0
79380,0.07135744160985819,-9.263023116587881e-07,0.2,0,-0.1511704539217189,0.3914715910130469,0,0,0.0005946453467488182,391.430940588804,-0.006666666666666667,79380,0,1,0,1,0,0.2,0.3914715910130469,0.3914715910130469,0,0.006666666666666667,0,0
79440,0.07130196805499657,-9.232204474998096e-07,0.2,0,-0.1529964432193354,0.3911672594634441,0,0,0.0005941830671249715,391.1266406410003,-0.006666666666666667,79440,0,1,0,1,0,0.2,0.3911672594634441,0.3911672594634441,0,0.006666666666666667,0,0
79500,0.07124667893771833,-9.201488298732407e-07,0.2,0,-0.1548163614970921,0.3908639397504846,0,0,0.0005937223244809861,390.8233524247709,-0.006666666666666667,79500,0,1,0,1,0,0.2,0.3908639397504846,0.3908639397504846,0,0.006666666666666667,0,0
79560,0.07119157360161617,-9.17087422312009e-07,0.2,0,-0.1566302303615483,0.3905616282730753,0,0,0.0005932631133468014,390.5210723393964,-0.006666666666666667,79560,0,1,0,1,0,0.2,0.3905616282730753,0.3905616282730753,0,0.006666666666666667,0,0
79620,0.07113665139028275,-9.14036188349041e-07,0.2,0,-0.1584380714192646,0.3902603214301226,0,0,0.0005928054282523562,390.2197967841572,-0.006666666666666667,79620,0,1,0,1,0,0.2,0.3902603214301226,0.3902603214301226,0,0.006666666666666667,0,0
79680,0.07108191164731079,-9.109950915172655e-07,0.2,0,-0.160239906276801,0.3899600156205332,0,0,0.0005923492637275898,389.919522158334,-0.006666666666666667,79680,0,1,0,1,0,0.2,0.3899600156205332,0.3899600156205332,0,0.006666666666666667,0,0
79740,0.07102735371629293,-9.079640953496073e-07,0.2,0,-0.1620357565407193,0.3896607072432134,0,0,0.0005918946143024411,389.620244861207,-0.006666666666666667,79740,0,1,0,1,0,0.2,0.3896607072432134,0.3896607072432134,0,0.006666666666666667,0,0
79800,0.07097297694082189,-9.049431633789934e-07,0.2,0,-0.1638256438175816,0.3893623926970698,0,0,0.000591441474506849,389.3219612920567,-0.006666666666666667,79800,0,1,0,1,0,0.2,0.3893623926970698,0.3893623926970698,0,0.006666666666666667,0,0
79860,0.07091878066449035,-9.019322591383527e-07,0.2,0,-0.1656095897139451,0.3890650683810092,0,0,0.0005909898388707529,389.0246678501638,-0.006666666666666667,79860,0,1,0,1,0,0.2,0.3890650683810092,0.3890650683810092,0,0.006666666666666667,0,0
79920,0.07086476423089098,-8.989313461606099e-07,0.2,0,-0.1673876158363732,0.3887687306939378,0,0,0.0005905397019240915,388.7283609348087,-0.006666666666666667,79920,0,1,0,1,0,0.2,0.3887687306939378,0.3887687306939378,0,0.006666666666666667,0,0
79980,0.07081092698361649,-8.959403879786939e-07,0.2,0,-0.1691597437914254,0.3884733760347624,0,0,0.0005900910581968041,388.4330369452719,-0.006666666666666667,79980,0,1,0,1,0,0.2,0.3884733760347624,0.3884733760347624,0,0.006666666666666667,0,0
80040,0.07075726826625954,-8.929593481255302e-07,0.2,0,-0.1709259951856632,0.3881790008023894,0,0,0.0005896439022188295,388.1386922808337,-0.006666666666666667,80040,0,1,0,1,0,0.2,0.3881790008023894,0.3881790008023894,0,0.006666666666666667,0,0
80100,0.07070378742241284,-8.899881901340467e-07,0.2,0,-0.1726863916256471,0.3878856013957255,0,0,0.000589198228520107,387.8453233407748,-0.006666666666666667,80100,0,1,0,1,0,0.2,0.3878856013957255,0.3878856013957255,0,0.006666666666666667,0,0
80160,0.07065048379566907,-8.870268775371705e-07,0.2,0,-0.1744409547179373,0.3875931742136772,0,0,0.0005887540316305756,387.5529265243757,-0.006666666666666667,80160,0,1,0,1,0,0.2,0.3875931742136772,0.3875931742136772,0,0.006666666666666667,0,0
80220,0.07059735672962091,-8.840753738678281e-07,0.2,0,-0.1761897060690947,0.3873017156551509,0,0,0.0005883113060801742,387.2614982309167,-0.006666666666666667,80220,0,1,0,1,0,0.2,0.3873017156551509,0.3873017156551509,0,0.006666666666666667,0,0
80280,0.07054440556786101,-8.811336426589452e-07,0.2,0,-0.1779326672856811,0.3870112221190532,0,0,0.0005878700463988418,386.9710348596784,-0.006666666666666667,80280,0,1,0,1,0,0.2,0.3870112221190532,0.3870112221190532,0,0.006666666666666667,0,0
80340,0.07049162965398213,-8.782016474434519e-07,0.2,0,-0.1796698599742546,0.3867216900042909,0,0,0.0005874302471165178,386.6815328099414,-0.006666666666666667,80340,0,1,0,1,0,0.2,0.3867216900042909,0.3867216900042909,0,0.006666666666666667,0,0
80400,0.07043902833157691,-8.752793517542723e-07,0.2,0,-0.1814013057413786,0.3864331157097702,0,0,0.0005869919027631409,386.3929884809859,-0.006666666666666667,80400,0,1,0,1,0,0.2,0.3864331157097702,0.3864331157097702,0,0.006666666666666667,0,0
80460,0.07038660996601397,-8.723672203341091e-07,0.2,0,-0.1831267292292966,0.3861455451284506,0,0,0.0005865550830501164,386.1054477610059,-0.006666666666666667,80460,0,1,0,1,0,0.2,0.3861455451284506,0.3861455451284506,0,0.006666666666666667,0,0
80520,0.07033436639984984,-8.694647999916582e-07,0.2,0,-0.1848463989516174,0.3858589335080637,0,0,0.0005861197199987487,385.8188659023801,-0.006666666666666667,80520,0,1,0,1,0,0.2,0.3858589335080637,0.3858589335080637,0,0.006666666666666667,0,0
80580,0.07028229669859086,-8.665720388106033e-07,0.2,0,-0.1865603456685032,0.3855732757219161,0,0,0.0005856858058215905,385.5332377789475,-0.006666666666666667,80580,0,1,0,1,0,0.2,0.3855732757219161,0.3855732757219161,0,0.006666666666666667,0,0
80640,0.07023040025544489,-8.636889030802715e-07,0.2,0,-0.1882685893533611,0.3852885684411065,0,0,0.0005852533354620407,385.2485600621523,-0.006666666666666667,80640,0,1,0,1,0,0.2,0.3852885684411065,0.3852885684411065,0,0.006666666666666667,0,0
80700,0.07017867646361976,-8.608153590899865e-07,0.2,0,-0.1899711499795993,0.3850048083367334,0,0,0.000584822303863498,384.9648294234387,-0.006666666666666667,80700,0,1,0,1,0,0.2,0.3850048083367334,0.3850048083367334,0,0.006666666666666667,0,0
80760,0.07012712471632333,-8.579513731290738e-07,0.2,0,-0.1916680475206274,0.3847219920798954,0,0,0.0005843927059693611,384.6820425342511,-0.006666666666666667,80760,0,1,0,1,0,0.2,0.3847219920798954,0.3847219920798954,0,0.006666666666666667,0,0
80820,0.07007574440676345,-8.550969114868581e-07,0.2,0,-0.1933593019498536,0.3844401163416911,0,0,0.0005839645367230287,384.4001960660337,-0.006666666666666667,80820,0,1,0,1,0,0.2,0.3844401163416911,0.3844401163416911,0,0.006666666666666667,0,0
80880,0.07002453492814796,-8.522519404526642e-07,0.2,0,-0.1950449332406863,0.384159177793219,0,0,0.0005835377910678996,384.1192866902307,-0.006666666666666667,80880,0,1,0,1,0,0.2,0.384159177793219,0.384159177793219,0,0.006666666666666667,0,0
80940,0.06997349567368469,-8.494164263158158e-07,0.2,0,-0.1967249613665345,0.3838791731055776,0,0,0.0005831124639473724,383.8393110782862,-0.006666666666666667,80940,0,1,0,1,0,0.2,0.3838791731055776,0.3838791731055776,0,0.006666666666666667,0,0
81000,0.06992262603658149,-8.465903353656386e-07,0.2,0,-0.1983994063008065,0.3836000989498656,0,0,0.0005826885503048458,383.5602659016447,-0.006666666666666667,81000,0,1,0,1,0,0.2,0.3836000989498656,0.3836000989498656,0,0.006666666666666667,0,0
81060,0.06987192541004622,-8.437736338914563e-07,0.2,0,-0.200068288016912,0.3833219519971813,0,0,0.0005822660450837185,383.2821478317501,-0.006666666666666667,81060,0,1,0,1,0,0.2,0.3833219519971813,0.3833219519971813,0,0.006666666666666667,0,0
81120,0.0698213931872867,-8.409662881825938e-07,0.2,0,-0.2017316264882592,0.3830447289186235,0,0,0.0005818449432273891,383.0049535400468,-0.006666666666666667,81120,0,1,0,1,0,0.2,0.3830447289186235,0.3830447289186235,0,0.006666666666666667,0,0
81180,0.06977102876151078,-8.381682645283772e-07,0.2,0,-0.2033894416882553,0.3827684263852907,0,0,0.0005814252396792566,382.7286796979791,-0.006666666666666667,81180,0,1,0,1,0,0.2,0.3827684263852907,0.3827684263852907,0,0.006666666666666667,0,0
81240,0.06972083152592633,-8.353795292181289e-07,0.2,0,-0.2050417535903115,0.3824930410682814,0,0,0.0005810069293827193,382.4533229769911,-0.006666666666666667,81240,0,1,0,1,0,0.2,0.3824930410682814,0.3824930410682814,0,0.006666666666666667,0,0
81300,0.06967080087374118,-8.326000485411766e-07,0.2,0,-0.206688582167835,0.3822185696386942,0,0,0.0005805900072811765,382.1788800485272,-0.006666666666666667,81300,0,1,0,1,0,0.2,0.3822185696386942,0.3822185696386942,0,0.006666666666666667,0,0
81360,0.06962093619816316,-8.298297887868421e-07,0.2,0,-0.2083299473942342,0.3819450087676276,0,0,0.0005801744683180263,381.9053475840314,-0.006666666666666667,81360,0,1,0,1,0,0.2,0.3819450087676276,0.3819450087676276,0,0.006666666666666667,0,0
81420,0.06957123689240015,-8.270687162444529e-07,0.2,0,-0.209965869242918,0.3816723551261804,0,0,0.0005797603074366679,381.6327222549482,-0.006666666666666667,81420,0,1,0,1,0,0.2,0.3816723551261804,0.3816723551261804,0,0.006666666666666667,0,0
81480,0.06952170234965996,-8.243167972033308e-07,0.2,0,-0.2115963676872958,0.3814006053854507,0,0,0.0005793475195804996,381.3610007327215,-0.006666666666666667,81480,0,1,0,1,0,0.2,0.3814006053854507,0.3814006053854507,0,0.006666666666666667,0,0
81540,0.06947233196315042,-8.215739979528013e-07,0.2,0,-0.2132214627007762,0.3811297562165373,0,0,0.0005789360996929202,381.0901796887957,-0.006666666666666667,81540,0,1,0,1,0,0.2,0.3811297562165373,0.3811297562165373,0,0.006666666666666667,0,0
81600,0.06942312512607943,-8.188402847821905e-07,0.2,0,-0.2148411742567666,0.3808598042905389,0,0,0.0005785260427173286,380.820255794615,-0.006666666666666667,81600,0,1,0,1,0,0.2,0.3808598042905389,0.3808598042905389,0,0.006666666666666667,0,0
81660,0.0693740812316548,-8.161156239808216e-07,0.2,0,-0.216455522328677,0.3805907462785538,0,0,0.0005781173435971233,380.5512257216237,-0.006666666666666667,81660,0,1,0,1,0,0.2,0.3805907462785538,0.3805907462785538,0,0.006666666666666667,0,0
81720,0.06932519967308437,-8.133999818380208e-07,0.2,0,-0.2180645268899148,0.3803225788516808,0,0,0.0005777099972757031,380.283086141266,-0.006666666666666667,81720,0,1,0,1,0,0.2,0.3803225788516808,0.3803225788516808,0,0.006666666666666667,0,0
81780,0.069276479843576,-8.106933246431113e-07,0.2,0,-0.219668207913891,0.3800552986810182,0,0,0.0005773039986964667,380.0158337249861,-0.006666666666666667,81780,0,1,0,1,0,0.2,0.3800552986810182,0.3800552986810182,0,0.006666666666666667,0,0
81840,0.06922792861348281,-8.079960340823788e-07,0.2,0,-0.2212663392533631,0.3797889434577728,0,0,0.0005768994051123568,379.7495061600767,-0.006666666666666667,81840,0,1,0,1,0,0.2,0.3797889434577728,0.3797889434577728,0,0.006666666666666667,0,0
81900,0.06917953994288598,-8.053077746047764e-07,0.2,0,-0.2228591197206726,0.3795234800465546,0,0,0.0005764961661907165,379.4840703145888,-0.006666666666666667,81900,0,1,0,1,0,0.2,0.3795234800465546,0.3795234800465546,0,0.006666666666666667,0,0
81960,0.06913131231034188,-8.026284616856596e-07,0.2,0,-0.2244465993962512,0.3792589001006247,0,0,0.0005760942692528489,379.2195178426502,-0.006666666666666667,81960,0,1,0,1,0,0.2,0.3792589001006247,0.3792589001006247,0,0.006666666666666667,0,0
82020,0.06908324515430046,-7.999580641278037e-07,0.2,0,-0.2260287967643029,0.3789952005392828,0,0,0.0005756937096191706,378.9558456638803,-0.006666666666666667,82020,0,1,0,1,0,0.2,0.3789952005392828,0.3789952005392828,0,0.006666666666666667,0,0
82080,0.06903533791321179,-7.972965507339881e-07,0.2,0,-0.2276057303090258,0.378732378281829,0,0,0.0005752944826100982,378.6930506978993,-0.006666666666666667,82080,0,1,0,1,0,0.2,0.378732378281829,0.378732378281829,0,0.006666666666666667,0,0
82140,0.06898759002552578,-7.946438903069877e-07,0.2,0,-0.229177418514622,0.378470430247563,0,0,0.0005748965835460482,378.4311298643266,-0.006666666666666667,82140,0,1,0,1,0,0.2,0.378470430247563,0.378470430247563,0,0.006666666666666667,0,0
82200,0.06894000092969245,-7.920000516495803e-07,0.2,0,-0.2307438798652912,0.3782093533557848,0,0,0.0005745000077474371,378.1700800827824,-0.006666666666666667,82200,0,1,0,1,0,0.2,0.3782093533557848,0.3782093533557848,0,0.006666666666666667,0,0
82260,0.06889257006416181,-7.893650035645452e-07,0.2,0,-0.2323051328452328,0.3779491445257945,0,0,0.0005741047505346818,377.9098982728864,-0.006666666666666667,82260,0,1,0,1,0,0.2,0.3779491445257945,0.3779491445257945,0,0.006666666666666667,0,0
82320,0.06884529686738385,-7.867387148546582e-07,0.2,0,-0.233861195938649,0.3776898006768919,0,0,0.0005737108072281987,377.6505813542585,-0.006666666666666667,82320,0,1,0,1,0,0.2,0.3776898006768919,0.3776898006768919,0,0.006666666666666667,0,0
82380,0.06879818077780853,-7.841211543226962e-07,0.2,0,-0.2354120876297388,0.3774313187283769,0,0,0.0005733181731484044,377.3921262465184,-0.006666666666666667,82380,0,1,0,1,0,0.2,0.3774313187283769,0.3774313187283769,0,0.006666666666666667,0,0
82440,0.06875122123388586,-7.815122907714363e-07,0.2,0,-0.2369578264027044,0.3771736955995493,0,0,0.0005729268436157154,377.134529869286,-0.006666666666666667,82440,0,1,0,1,0,0.2,0.3771736955995493,0.3771736955995493,0,0.006666666666666667,0,0
82500,0.06870441767406582,-7.789120930036563e-07,0.2,0,-0.2384984307417439,0.3769169282097093,0,0,0.0005725368139505485,376.8777891421811,-0.006666666666666667,82500,0,1,0,1,0,0.2,0.3769169282097093,0.3769169282097093,0,0.006666666666666667,0,0
82560,0.06865776953679842,-7.763205298221342e-07,0.2,0,-0.2400339191310596,0.3766610134781568,0,0,0.0005721480794733201,376.6219009848235,-0.006666666666666667,82560,0,1,0,1,0,0.2,0.3766610134781568,0.3766610134781568,0,0.006666666666666667,0,0
82620,0.06861127626053364,-7.737375700296463e-07,0.2,0,-0.241564310054851,0.3764059483241916,0,0,0.000571760635504447,376.3668623168332,-0.006666666666666667,82620,0,1,0,1,0,0.2,0.3764059483241916,0.3764059483241916,0,0.006666666666666667,0,0
82680,0.06856493728372146,-7.711631824289697e-07,0.2,0,-0.2430896219973189,0.3761517296671135,0,0,0.0005713744773643455,376.1126700578297,-0.006666666666666667,82680,0,1,0,1,0,0.2,0.3761517296671135,0.3761517296671135,0,0.006666666666666667,0,0
82740,0.06851875204481191,-7.685973358228836e-07,0.2,0,-0.2446098734426627,0.3758983544262229,0,0,0.0005709896003734325,375.8593211274333,-0.006666666666666667,82740,0,1,0,1,0,0.2,0.3758983544262229,0.3758983544262229,0,0.006666666666666667,0,0
82800,0.06847271998225493,-7.660399990141629e-07,0.2,0,-0.2461250828750847,0.3756458195208193,0,0,0.0005706059998521245,375.6068124452635,-0.006666666666666667,82800,0,1,0,1,0,0.2,0.3756458195208193,0.3756458195208193,0,0.006666666666666667,0,0
82860,0.06842684053450054,-7.634911408055856e-07,0.2,0,-0.2476352687787844,0.3753941218702027,0,0,0.0005702236711208378,375.3551409309401,-0.006666666666666667,82860,0,1,0,1,0,0.2,0.3753941218702027,0.3753941218702027,0,0.006666666666666667,0,0
82920,0.06838111313999871,-7.609507299999286e-07,0.2,0,-0.2491404496379621,0.375143258393673,0,0,0.0005698426094999893,375.104303504083,-0.006666666666666667,82920,0,1,0,1,0,0.2,0.375143258393673,0.375143258393673,0,0.006666666666666667,0,0
82980,0.06833553723719946,-7.584187353999699e-07,0.2,0,-0.2506406439368187,0.3748932260105303,0,0,0.0005694628103099955,374.854297084312,-0.006666666666666667,82980,0,1,0,1,0,0.2,0.3748932260105303,0.3748932260105303,0,0.006666666666666667,0,0
83040,0.06829011226455278,-7.558951258084879e-07,0.2,0,-0.2521358701595524,0.3746440216400745,0,0,0.0005690842688712732,374.6051185912471,-0.006666666666666667,83040,0,1,0,1,0,0.2,0.3746440216400745,0.3746440216400745,0,0.006666666666666667,0,0
83100,0.06824483766050864,-7.533798700282576e-07,0.2,0,-0.2536261467903671,0.3743956422016054,0,0,0.0005687069805042387,374.3567649445079,-0.006666666666666667,83100,0,1,0,1,0,0.2,0.3743956422016054,0.3743956422016054,0,0.006666666666666667,0,0
83160,0.06819971286351702,-7.508729368620562e-07,0.2,0,-0.2551114923134623,0.3741480846144229,0,0,0.0005683309405293084,374.1092330637143,-0.006666666666666667,83160,0,1,0,1,0,0.2,0.3741480846144229,0.3741480846144229,0,0.006666666666666667,0,0
83220,0.06815474156699459,-7.483745314996997e-07,0.2,0,-0.2565917851548845,0.3739013691408525,0,0,0.000567956179724955,373.8625432090876,-0.006666666666666667,83220,0,1,0,1,0,0.2,0.3739013691408525,0.3739013691408525,0,0.006666666666666667,0,0
83280,0.06810992080225629,-7.458844890142381e-07,0.2,0,-0.2580671230330389,0.3736554794944936,0,0,0.0005675826733521357,373.6166790959185,-0.006666666666666667,83280,0,1,0,1,0,0.2,0.3736554794944936,0.3736554794944936,0,0.006666666666666667,0,0
83340,0.06806524906141899,-7.43402725634388e-07,0.2,0,-0.2595375555819954,0.3734104074030008,0,0,0.0005672104088451582,373.3716324527206,-0.006666666666666667,83340,0,1,0,1,0,0.2,0.3734104074030008,0.3734104074030008,0,0.006666666666666667,0,0
83400,0.06802072584319471,-7.409292135108177e-07,0.2,0,-0.2610030993023464,0.3731661501162756,0,0,0.0005668393820266227,373.1274005296809,-0.006666666666666667,83400,0,1,0,1,0,0.2,0.3731661501162756,0.3731661501162756,0,0.006666666666666667,0,0
83460,0.06797635064792762,-7.38463924884868e-07,0.2,0,-0.2624637706409598,0.3729227048931733,0,0,0.0005664695887327302,372.8839805859394,-0.006666666666666667,83460,0,1,0,1,0,0.2,0.3729227048931733,0.3729227048931733,0,0.006666666666666667,0,0
83520,0.06793212297759411,-7.360068320885619e-07,0.2,0,-0.2639195859909771,0.3726800690015039,0,0,0.0005661010248132843,372.6413698895898,-0.006666666666666667,83520,0,1,0,1,0,0.2,0.3726800690015039,0.3726800690015039,0,0.006666666666666667,0,0
83580,0.06788804233580273,-7.335579075445963e-07,0.2,0,-0.2653705616918125,0.3724382397180312,0,0,0.0005657336861316895,372.3995657176788,-0.006666666666666667,83580,0,1,0,1,0,0.2,0.3724382397180312,0.3724382397180312,0,0.006666666666666667,0,0
83640,0.0678441082277942,-7.311171237663441e-07,0.2,0,-0.2668167140291575,0.3721972143284737,0,0,0.0005653675685649516,372.1585653562065,-0.006666666666666667,83640,0,1,0,1,0,0.2,0.3721972143284737,0.3721972143284737,0,0.006666666666666667,0,0
83700,0.06780032016044145,-7.286844533578581e-07,0.2,0,-0.268258059234975,0.3719569901275041,0,0,0.0005650026680036787,371.9183661001266,-0.006666666666666667,83700,0,1,0,1,0,0.2,0.3719569901275041,0.3719569901275041,0,0.006666666666666667,0,0
83760,0.06775667764224957,-7.262598690138652e-07,0.2,0,-0.2696946134875056,0.371717564418749,0,0,0.0005646389803520798,371.6789652533459,-0.006666666666666667,83760,0,1,0,1,0,0.2,0.371717564418749,0.371717564418749,0,0.006666666666666667,0,0
83820,0.06771318018335584,-7.238433435197691e-07,0.2,0,-0.2711263929112628,0.3714789345147896,0,0,0.0005642765015279654,371.4403601287243,-0.006666666666666667,83820,0,1,0,1,0,0.2,0.3714789345147896,0.3714789345147896,0,0.006666666666666667,0,0
83880,0.06766982729552969,-7.214348497516495e-07,0.2,0,-0.2725534135770342,0.3712410977371609,0,0,0.0005639152274627474,371.2025480480753,-0.006666666666666667,83880,0,1,0,1,0,0.2,0.3712410977371609,0.3712410977371609,0,0.006666666666666667,0,0
83940,0.06762661849217282,-7.190343606762675e-07,0.2,0,-0.2739756915018825,0.371004051416353,0,0,0.0005635551541014401,370.9655263421659,-0.006666666666666667,83940,0,1,0,1,0,0.2,0.371004051416353,0.371004051416353,0,0.006666666666666667,0,0
84000,0.06758355328831898,-7.166418493510546e-07,0.2,0,-0.275393242649145,0.3707677928918092,0,0,0.0005631962774026582,370.7292923507159,-0.006666666666666667,84000,0,1,0,1,0,0.2,0.3707677928918092,0.3707677928918092,0,0.006666666666666667,0,0
84060,0.06754063120063422,-7.142572889241236e-07,0.2,0,-0.2768060829284327,0.3705323195119279,0,0,0.0005628385933386185,370.493843422399,-0.006666666666666667,84060,0,1,0,1,0,0.2,0.3705323195119279,0.3705323195119279,0,0.006666666666666667,0,0
84120,0.0674978517474167,-7.118806526342609e-07,0.2,0,-0.2782142281956319,0.3702976286340613,0,0,0.0005624820978951392,370.2591769148416,-0.006666666666666667,84120,0,1,0,1,0,0.2,0.3702976286340613,0.3702976286340613,0,0.006666666666666667,0,0
84180,0.06745521444859681,-7.095119138109339e-07,0.2,0,-0.2796176942529023,0.3700637176245162,0,0,0.0005621267870716401,370.0252901946242,-0.006666666666666667,84180,0,1,0,1,0,0.2,0.3700637176245162,0.3700637176245162,0,0.006666666666666667,0,0
84240,0.06741271882573704,-7.0715104587428e-07,0.2,0,-0.2810164968486824,0.369830583858553,0,0,0.000561772656881142,369.7921806372798,-0.006666666666666667,84240,0,1,0,1,0,0.2,0.369830583858553,0.369830583858553,0,0.006666666666666667,0,0
84300,0.06737036440203215,-7.04798022335119e-07,0.2,0,-0.2824106516776776,0.369598224720387,0,0,0.0005614197033502679,369.5598456272951,-0.006666666666666667,84300,0,1,0,1,0,0.2,0.369598224720387,0.369598224720387,0,0.006666666666666667,0,0
84360,0.06732815070230903,-7.024528167949461e-07,0.2,0,-0.283800174380874,0.3693666376031876,0,0,0.0005610679225192419,369.3282825581104,-0.006666666666666667,84360,0,1,0,1,0,0.2,0.3693666376031876,0.3693666376031876,0,0.006666666666666667,0,0
84420,0.06728607725302681,-7.001154029459335e-07,0.2,0,-0.2851850805455296,0.3691358199090784,0,0,0.00056071731044189,369.0974888321189,-0.006666666666666667,84420,0,1,0,1,0,0.2,0.3691358199090784,0.3691358199090784,0,0.006666666666666667,0,0
84480,0.06724414358227669,-6.977857545709269e-07,0.2,0,-0.2865653857051784,0.368905769049137,0,0,0.0005603678631856391,368.8674618606672,-0.006666666666666667,84480,0,1,0,1,0,0.2,0.368905769049137,0.368905769049137,0,0.006666666666666667,0,0
84540,0.06720234921978216,-6.954638455434535e-07,0.2,0,-0.2879411053396259,0.3686764824433957,0,0,0.000560019576831518,368.6381990640554,-0.006666666666666667,84540,0,1,0,1,0,0.2,0.3686764824433957,0.3686764824433957,0,0.006666666666666667,0,0
84600,0.06716069369689885,-6.93149649827714e-07,0.2,0,-0.2893122548749552,0.3684479575208408,0,0,0.0005596724474741571,368.4096978715367,-0.006666666666666667,84600,0,1,0,1,0,0.2,0.3684479575208408,0.3684479575208408,0,0.006666666666666667,0,0
84660,0.06711917654661456,-6.908431414785867e-07,0.2,0,-0.2906788496835233,0.3682201917194128,0,0,0.000559326471221788,368.1819557213178,-0.006666666666666667,84660,0,1,0,1,0,0.2,0.3682201917194128,0.3682201917194128,0,0.006666666666666667,0,0
84720,0.06707779730354928,-6.885442946416262e-07,0.2,0,-0.2920409050839607,0.3679931824860065,0,0,0.0005589816441962439,367.9549700605587,-0.006666666666666667,84720,0,1,0,1,0,0.2,0.3679931824860065,0.3679931824860065,0,0.006666666666666667,0,0
84780,0.06703655550395518,-6.862530835530657e-07,0.2,0,-0.2933984363411719,0.3677669272764713,0,0,0.0005586379625329599,367.7287383453726,-0.006666666666666667,84780,0,1,0,1,0,0.2,0.3677669272764713,0.3677669272764713,0,0.006666666666666667,0,0
84840,0.06699545068571662,-6.839694825398125e-07,0.2,0,-0.2947514586663385,0.3675414235556102,0,0,0.0005582954223809719,367.503258040826,-0.006666666666666667,84840,0,1,0,1,0,0.2,0.3675414235556102,0.3675414235556102,0,0.006666666666666667,0,0
84900,0.06695448238835014,-6.816934660194519e-07,0.2,0,-0.2960999872169143,0.3673166687971809,0,0,0.0005579540199029178,367.2785266209391,-0.006666666666666667,84900,0,1,0,1,0,0.2,0.3673166687971809,0.3673166687971809,0,0.006666666666666667,0,0
84960,0.06691365015300445,-6.794250085002471e-07,0.2,0,-0.297444037096628,0.3670926604838954,0,0,0.0005576137512750371,367.054541568685,-0.006666666666666667,84960,0,1,0,1,0,0.2,0.3670926604838954,0.3670926604838954,0,0.006666666666666667,0,0
85020,0.06687295352246043,-6.771640845811351e-07,0.2,0,-0.298783623355483,0.3668693961074195,0,0,0.0005572746126871703,366.8313003759901,-0.006666666666666667,85020,0,1,0,1,0,0.2,0.3668693961074195,0.3668693961074195,0,0.006666666666666667,0,0
85080,0.06683239204113119,-6.749106689517322e-07,0.2,0,-0.3001187609897569,0.3666468731683739,0,0,0.0005569366003427598,366.6088005437344,-0.006666666666666667,85080,0,1,0,1,0,0.2,0.3666468731683739,0.3666468731683739,0,0.006666666666666667,0,0
85140,0.06679196525506194,-6.726647363923298e-07,0.2,0,-0.3014494649420034,0.3664250891763328,0,0,0.0005565997104588495,366.3870395817512,-0.006666666666666667,85140,0,1,0,1,0,0.2,0.3664250891763328,0.3664250891763328,0,0.006666666666666667,0,0
85200,0.06675167271193017,-6.704262617738979e-07,0.2,0,-0.302775750101048,0.3662040416498253,0,0,0.0005562639392660847,366.1660150088269,-0.006666666666666667,85200,0,1,0,1,0,0.2,0.3662040416498253,0.3662040416498253,0,0.006666666666666667,0,0
85260,0.06671151396104545,-6.681952200580806e-07,0.2,0,-0.304097631301993,0.3659837281163345,0,0,0.0005559292830087121,365.9457243527014,-0.006666666666666667,85260,0,1,0,1,0,0.2,0.3659837281163345,0.3659837281163345,0,0.006666666666666667,0,0
85320,0.06667148855334964,-6.659715862972028e-07,0.2,0,-0.3054151233262132,0.3657641461122978,0,0,0.0005555957379445804,365.726165150068,-0.006666666666666667,85320,0,1,0,1,0,0.2,0.3657641461122978,0.3657641461122978,0,0.006666666666666667,0,0
85380,0.06663159604141668,-6.6375533563426e-07,0.2,0,-0.3067282409013599,0.3655452931831067,0,0,0.000555263300345139,365.507334946573,-0.006666666666666667,85380,0,1,0,1,0,0.2,0.3655452931831067,0.3655452931831067,0,0.006666666666666667,0,0
85440,0.06659183597945274,-6.6154644330293e-07,0.2,0,-0.3080369987013576,0.365327166883107,0,0,0.0005549319664954395,365.2892312968162,-0.006666666666666667,85440,0,1,0,1,0,0.2,0.365327166883107,0.365327166883107,0,0.006666666666666667,0,0
85500,0.06655220792329618,-6.593448846275653e-07,0.2,0,-0.3093414113464061,0.365109764775599,0,0,0.0005546017326941348,365.0718517643509,-0.006666666666666667,85500,0,1,0,1,0,0.2,0.365109764775599,0.365109764775599,0,0.006666666666666667,0,0
85560,0.0665127114304175,-6.571506350231944e-07,0.2,0,-0.3106414934029789,0.3648930844328369,0,0,0.0005542725952534792,364.8551939216835,-0.006666666666666667,85560,0,1,0,1,0,0.2,0.3648930844328369,0.3648930844328369,0,0.006666666666666667,0,0
85620,0.06647334605991941,-6.549636699955227e-07,0.2,0,-0.3119372593838241,0.3646771234360293,0,0,0.0005539445504993284,364.6392553502737,-0.006666666666666667,85620,0,1,0,1,0,0.2,0.3646771234360293,0.3646771234360293,0,0.006666666666666667,0,0
85680,0.06643411137253681,-6.527839651409337e-07,0.2,0,-0.3132287237479652,0.3644618793753391,0,0,0.0005536175947711401,364.4240336405346,-0.006666666666666667,85680,0,1,0,1,0,0.2,0.3644618793753391,0.3644618793753391,0,0.006666666666666667,0,0
85740,0.06639500693063677,-6.50611496146487e-07,0.2,0,-0.314515900900699,0.3642473498498836,0,0,0.0005532917244219731,364.2095263918328,-0.006666666666666667,85740,0,1,0,1,0,0.2,0.3642473498498836,0.3642473498498836,0,0.006666666666666667,0,0
85800,0.06635603229821853,-6.48446238789918e-07,0.2,0,-0.3157988051935972,0.3640335324677338,0,0,0.0005529669358184877,363.9957312124878,-0.006666666666666667,85800,0,1,0,1,0,0.2,0.3640335324677338,0.3640335324677338,0,0.006666666666666667,0,0
85860,0.06631718704091352,-6.462881689396399e-07,0.2,0,-0.3170774509245051,0.3638204248459158,0,0,0.000552643225340946,363.7826457197729,-0.006666666666666667,85860,0,1,0,1,0,0.2,0.3638204248459158,0.3638204248459158,0,0.006666666666666667,0,0
85920,0.06627847072598535,-6.441372625547413e-07,0.2,0,-0.3183518523375461,0.363608024610409,0,0,0.0005523205893832112,363.5702675399143,-0.006666666666666667,85920,0,1,0,1,0,0.2,0.363608024610409,0.363608024610409,0,0.006666666666666667,0,0
85980,0.06623988369384377,-6.419935385468759e-07,0.2,0,-0.3196219982276571,0.3633963336287238,0,0,0.0005519990307820314,363.3585985402283,-0.006666666666666667,85980,0,1,0,1,0,0.2,0.3633963336287238,0.3633963336287238,0,0.006666666666666667,0,0
86040,0.06620142529019614,-6.398569605664522e-07,0.2,0,-0.320887910131793,0.3631853483113679,0,0,0.0005516785440849678,363.1476351315955,-0.006666666666666667,86040,0,1,0,1,0,0.2,0.3631853483113679,0.3631853483113679,0,0.006666666666666667,0,0
86100,0.06616309466040066,-6.377274811333701e-07,0.2,0,-0.3221496161816768,0.3629750639697206,0,0,0.0005513591221700055,362.9373726258818,-0.006666666666666667,86100,0,1,0,1,0,0.2,0.3629750639697206,0.3629750639697206,0,0.006666666666666667,0,0
86160,0.06612489138347494,-6.356050768597184e-07,0.2,0,-0.3234071302345312,0.3627654782942448,0,0,0.0005510407615289578,362.7278087137902,-0.006666666666666667,86160,0,1,0,1,0,0.2,0.3627654782942448,0.3627654782942448,0,0.006666666666666667,0,0
86220,0.06608681504016538,-6.334897244536317e-07,0.2,0,-0.3246604660906725,0.362556588984888,0,0,0.0005507234586680448,362.5189410955069,-0.006666666666666667,86220,0,1,0,1,0,0.2,0.362556588984888,0.362556588984888,0,0.006666666666666667,0,0
86280,0.06604886521294728,-6.313814007192934e-07,0.2,0,-0.3259096374935062,0.3623483937510823,0,0,0.000550407210107894,362.3107674807019,-0.006666666666666667,86280,0,1,0,1,0,0.2,0.3623483937510823,0.3623483937510823,0,0.006666666666666667,0,0
86340,0.06601104148602471,-6.292800825569283e-07,0.2,0,-0.3271546581295359,0.3621408903117441,0,0,0.0005500920123835393,362.1032855885283,-0.006666666666666667,86340,0,1,0,1,0,0.2,0.3621408903117441,0.3621408903117441,0,0.006666666666666667,0,0
86400,0.06597334344533057,-6.271857469628093e-07,0.2,0,-0.3283955416283555,0.3619340763952741,0,0,0.0005497778620444214,361.896493147623,-0.006666666666666667,86400,0,1,0,1,0,0.2,0.3619340763952741,0.3619340763952741,0,0.006666666666666667,0,0
86400,0.06597334344533057,-6.271857469628093e-07,0.2,0,-0.3283955416283555,0.3619340763952741,0,0,0.0005497778620444214,361.896493147623,-0.006666666666666667,86400,0,1,0,1,0,0.2,0.3619340763952741,0.3619340763952741,0,0.006666666666666667,0,0
